dataset_scale,world_model_architecture,world_model_checkpoint,strategy,seed,step,reward,cumulative_reward,action_0,action_1,action_2,action_clipped,planner_latency_seconds,effective_sample_size,effective_sample_fraction,predicted_best_total_cost,predicted_mean_total_cost,importance_weight_max,sample_at_bound_fraction,model_evaluations
M-1000,Transformer-2L,G:/PAI/outputs/checkpoints/world_model_ib_m1000_transformer2_fair_epoch_020.pt,reference_MPPI,42,0,-182.74588494727246,-182.74588494727246,-0.03170864284038544,-0.10908068716526031,0.0015845894813537598,False,0.32503430009819567,2.258593797683716,0.0044113160111010075,273.4571533203125,2059.611083984375,0.5982425808906555,0.0,5120
M-1000,Transformer-2L,G:/PAI/outputs/checkpoints/world_model_ib_m1000_transformer2_fair_epoch_020.pt,reference_MPPI,42,1,-184.2573899922445,-367.0032749395169,0.0422811433672905,-0.15961050987243652,-0.014417067170143127,False,0.03075979999266565,1.8095614910125732,0.003534299787133932,464.113037109375,2060.330810546875,0.7233598232269287,0.0,5120
M-1000,Transformer-2L,G:/PAI/outputs/checkpoints/world_model_ib_m1000_transformer2_fair_epoch_020.pt,reference_MPPI,42,2,-190.3803610116064,-557.3836359511233,-0.07664994895458221,0.03857550770044327,0.09805195033550262,False,0.02834920003078878,9.296486854553223,0.018157200887799263,942.322021484375,2043.453125,0.2255585938692093,0.0,5120
M-1000,Transformer-2L,G:/PAI/outputs/checkpoints/world_model_ib_m1000_transformer2_fair_epoch_020.pt,reference_MPPI,42,3,-183.49998003208225,-740.8836159832056,-0.07070566713809967,0.028234556317329407,0.009607374668121338,False,0.030053999973461032,12.912087440490723,0.025218920782208443,1293.0191650390625,2036.51708984375,0.2163616418838501,0.0,5120
M-1000,Transformer-2L,G:/PAI/outputs/checkpoints/world_model_ib_m1000_transformer2_fair_epoch_020.pt,reference_MPPI,42,4,-207.17884764994318,-948.0624636331488,-0.033795326948165894,0.030660927295684814,-0.019237928092479706,False,0.029593300074338913,78.7706298828125,0.15384888648986816,1581.519287109375,2031.77197265625,0.047822561115026474,0.0,5120
M-1000,Transformer-2L,G:/PAI/outputs/checkpoints/world_model_ib_m1000_transformer2_fair_epoch_020.pt,reference_MPPI,42,5,-199.2866241286188,-1147.3490877617676,0.009072702378034592,0.013249242678284645,0.006534661632031202,False,0.02899660007096827,408.5680847167969,0.7979845404624939,1912.8050537109375,2045.1038818359375,0.006477306596934795,0.0,5120
M-1000,Transformer-2L,G:/PAI/outputs/checkpoints/world_model_ib_m1000_transformer2_fair_epoch_020.pt,reference_MPPI,42,6,-183.9460033746246,-1331.295091136392,-0.0023016557097434998,-0.0019491761922836304,0.016691060736775398,False,0.028405999997630715,463.2822265625,0.9048480987548828,1958.53515625,2045.6712646484375,0.004434671718627214,0.0,5120
M-1000,Transformer-2L,G:/PAI/outputs/checkpoints/world_model_ib_m1000_transformer2_fair_epoch_020.pt,reference_MPPI,42,7,-186.21816645369285,-1517.513257590085,0.006621639244258404,0.0037380484864115715,0.009603669866919518,False,0.024460299871861935,482.2010192871094,0.9417988657951355,1977.3524169921875,2041.3221435546875,0.003591855987906456,0.0,5120
M-1000,Transformer-2L,G:/PAI/outputs/checkpoints/world_model_ib_m1000_transformer2_fair_epoch_020.pt,reference_MPPI,42,8,-194.87806006415053,-1712.3913176542355,-0.0006066341884434223,-0.017050595954060555,0.009924660436809063,False,0.024585400009527802,496.8591613769531,0.9704280495643616,1975.2666015625,2034.807861328125,0.003491113893687725,0.0,5120
M-1000,Transformer-2L,G:/PAI/outputs/checkpoints/world_model_ib_m1000_transformer2_fair_epoch_020.pt,reference_MPPI,42,9,-189.27954387821256,-1901.670861532448,-0.0070997681468725204,0.0031584175303578377,-0.003691154532134533,False,0.02490730001591146,495.6885986328125,0.9681417942047119,1974.9627685546875,2028.189453125,0.0032720963936299086,0.0,5120
M-1000,Transformer-2L,G:/PAI/outputs/checkpoints/world_model_ib_m1000_transformer2_fair_epoch_020.pt,reference_MPPI,42,10,-207.70525004315542,-2109.3761115756033,0.0025860751047730446,-0.007794939912855625,0.01085095014423132,False,0.024948300095275044,487.2935485839844,0.9517452120780945,1967.6409912109375,2030.297607421875,0.0035644404124468565,0.0,5120
M-1000,Transformer-2L,G:/PAI/outputs/checkpoints/world_model_ib_m1000_transformer2_fair_epoch_020.pt,reference_MPPI,42,11,-188.78972599736665,-2298.16583757297,-0.011717870831489563,-0.0005604438483715057,0.008615527302026749,False,0.024565599858760834,490.6216125488281,0.9582453370094299,1977.3175048828125,2035.392822265625,0.003418083069846034,0.0,5120
M-1000,Transformer-2L,G:/PAI/outputs/checkpoints/world_model_ib_m1000_transformer2_fair_epoch_020.pt,reference_MPPI,42,12,-205.49283299719258,-2503.6586705701625,0.004973047878593206,-0.003752589225769043,0.009414596483111382,False,0.024761199951171875,491.1585998535156,0.9592941403388977,1994.8001708984375,2041.82421875,0.003058617003262043,0.0,5120
M-1000,Transformer-2L,G:/PAI/outputs/checkpoints/world_model_ib_m1000_transformer2_fair_epoch_020.pt,reference_MPPI,42,13,-210.68257390370871,-2714.341244473871,-0.0007066633552312851,0.006894610356539488,-0.0017051910981535912,False,0.025229700142517686,485.27862548828125,0.9478098154067993,1977.75244140625,2046.825439453125,0.0037959108594805002,0.0,5120
M-1000,Transformer-2L,G:/PAI/outputs/checkpoints/world_model_ib_m1000_transformer2_fair_epoch_020.pt,reference_MPPI,42,14,-204.0098614782687,-2918.3511059521397,-0.0016246950253844261,0.012308504432439804,0.010608180426061153,False,0.024485999951139092,473.9440002441406,0.9256718754768372,1953.466064453125,2046.216552734375,0.004755884874612093,0.0,5120
M-1000,Transformer-2L,G:/PAI/outputs/checkpoints/world_model_ib_m1000_transformer2_fair_epoch_020.pt,reference_MPPI,42,15,-197.2187672562082,-3115.569873208348,0.011498014442622662,-0.004171058535575867,0.007270241156220436,False,0.024695299798622727,491.3431701660156,0.9596546292304993,1985.0830078125,2048.83935546875,0.0036195660941302776,0.0,5120
M-1000,Transformer-2L,G:/PAI/outputs/checkpoints/world_model_ib_m1000_transformer2_fair_epoch_020.pt,reference_MPPI,42,16,-194.72867927553241,-3310.2985524838805,-0.0009515639394521713,-0.00032560713589191437,0.0022463342174887657,False,0.025422999868169427,485.964111328125,0.9491486549377441,1993.2764892578125,2051.51611328125,0.0034025409258902073,0.0,5120
M-1000,Transformer-2L,G:/PAI/outputs/checkpoints/world_model_ib_m1000_transformer2_fair_epoch_020.pt,reference_MPPI,42,17,-213.04052081660052,-3523.339073300481,0.01705009490251541,0.018917141482234,0.005716403014957905,False,0.025124700041487813,483.8966979980469,0.9451107382774353,1974.89501953125,2049.50341796875,0.004004833288490772,0.0,5120
M-1000,Transformer-2L,G:/PAI/outputs/checkpoints/world_model_ib_m1000_transformer2_fair_epoch_020.pt,reference_MPPI,42,18,-189.08423189709444,-3712.4233051975752,0.008521514013409615,-0.008809120394289494,0.027083780616521835,False,0.024688799865543842,485.4971923828125,0.9482367038726807,1977.109375,2049.6796875,0.003930131439119577,0.0,5120
M-1000,Transformer-2L,G:/PAI/outputs/checkpoints/world_model_ib_m1000_transformer2_fair_epoch_020.pt,reference_MPPI,42,19,-215.06845533436825,-3927.4917605319433,-0.004570445045828819,-0.012217327952384949,0.005889280699193478,False,0.025083799846470356,479.65191650390625,0.9368201494216919,1964.3699951171875,2038.763916015625,0.003973688464611769,0.0,5120
M-1000,Transformer-2L,G:/PAI/outputs/checkpoints/world_model_ib_m1000_transformer2_fair_epoch_020.pt,reference_MPPI,42,20,-199.81340049770762,-4127.305161029651,0.006541871000081301,0.00542365200817585,0.004441004246473312,False,0.024673999985679984,484.365234375,0.9460258483886719,1950.6904296875,2042.011962890625,0.004734517075121403,0.0,5120
M-1000,Transformer-2L,G:/PAI/outputs/checkpoints/world_model_ib_m1000_transformer2_fair_epoch_020.pt,reference_MPPI,42,21,-198.64658412115404,-4325.9517451508045,0.006770930252969265,0.0007559224031865597,0.010139035061001778,False,0.02506549982354045,480.1257019042969,0.9377455115318298,1970.518310546875,2045.760009765625,0.004017006605863571,0.0,5120
M-1000,Transformer-2L,G:/PAI/outputs/checkpoints/world_model_ib_m1000_transformer2_fair_epoch_020.pt,reference_MPPI,42,22,-198.06989410771186,-4524.021639258516,0.007047193590551615,-0.009497290477156639,0.0070930528454482555,False,0.024988600052893162,492.8096618652344,0.9625188708305359,1980.2791748046875,2044.50390625,0.003642289899289608,0.0,5120
M-1000,Transformer-2L,G:/PAI/outputs/checkpoints/world_model_ib_m1000_transformer2_fair_epoch_020.pt,reference_MPPI,42,23,-218.89179722748483,-4742.913436486001,0.008580980822443962,0.006704091094434261,0.004262614529579878,False,0.02489130012691021,478.6612854003906,0.9348853230476379,1969.0369873046875,2040.5699462890625,0.003861017059534788,0.0,5120
M-1000,Transformer-2L,G:/PAI/outputs/checkpoints/world_model_ib_m1000_transformer2_fair_epoch_020.pt,reference_MPPI,42,24,-205.42951277503715,-4948.3429492610385,0.015045949257910252,0.00122783612459898,0.01015074085444212,False,0.024941700045019388,487.6524658203125,0.9524462223052979,1967.7884521484375,2042.8822021484375,0.004040595144033432,0.0,5120
M-1000,Transformer-2L,G:/PAI/outputs/checkpoints/world_model_ib_m1000_transformer2_fair_epoch_020.pt,reference_MPPI,42,25,-205.2797836918,-5153.622732952838,0.00550738163292408,-0.0032301777973771095,-0.0010524531826376915,False,0.025101299863308668,480.6681823730469,0.9388050436973572,1970.5526123046875,2038.3331298828125,0.003724313573911786,0.0,5120
M-1000,Transformer-2L,G:/PAI/outputs/checkpoints/world_model_ib_m1000_transformer2_fair_epoch_020.pt,reference_MPPI,42,26,-193.745380217331,-5347.36811317017,0.007650037296116352,0.005660506896674633,0.012561994604766369,False,0.024099400034174323,485.3542175292969,0.947957456111908,1965.5533447265625,2037.3282470703125,0.003898194059729576,0.0,5120
M-1000,Transformer-2L,G:/PAI/outputs/checkpoints/world_model_ib_m1000_transformer2_fair_epoch_020.pt,reference_MPPI,42,27,-208.949110110945,-5556.317223281115,0.004926219116896391,0.004744544625282288,0.0015363856218755245,False,0.02418399997986853,487.6401062011719,0.9524220824241638,1970.82373046875,2036.4974365234375,0.0036778524518013,0.0,5120
M-1000,Transformer-2L,G:/PAI/outputs/checkpoints/world_model_ib_m1000_transformer2_fair_epoch_020.pt,reference_MPPI,42,28,-199.01576826517757,-5755.332991546293,0.008109644055366516,-0.00657416507601738,0.005689103156328201,False,0.02493440010584891,487.2871398925781,0.9517326951026917,1976.135498046875,2035.955810546875,0.0034631523303687572,0.0,5120
M-1000,Transformer-2L,G:/PAI/outputs/checkpoints/world_model_ib_m1000_transformer2_fair_epoch_020.pt,reference_MPPI,42,29,-204.16367883239275,-5959.496670378686,0.0022653667256236076,0.005254791118204594,-0.0029345443472266197,False,0.025789899984374642,489.15203857421875,0.955375075340271,1975.8472900390625,2031.818603515625,0.003339644754305482,0.0,5120
M-1000,Transformer-2L,G:/PAI/outputs/checkpoints/world_model_ib_m1000_transformer2_fair_epoch_020.pt,reference_MPPI,42,30,-219.03377726984417,-6178.53044764853,-0.013344943523406982,0.006274214014410973,0.010471303015947342,False,0.02458689990453422,481.69769287109375,0.940815806388855,1961.216064453125,2035.344482421875,0.0039754388853907585,0.0,5120
M-1000,Transformer-2L,G:/PAI/outputs/checkpoints/world_model_ib_m1000_transformer2_fair_epoch_020.pt,reference_MPPI,42,31,-216.72964346715997,-6395.26009111569,0.0041312361136078835,0.01388095784932375,0.009691046550869942,False,0.024218800012022257,491.1416931152344,0.9592611193656921,1974.5828857421875,2037.9837646484375,0.0036062162835150957,0.0,5120
M-1000,Transformer-2L,G:/PAI/outputs/checkpoints/world_model_ib_m1000_transformer2_fair_epoch_020.pt,reference_MPPI,42,32,-211.54898078052975,-6606.809071896219,0.0012849676422774792,-0.00949808582663536,0.007495345547795296,False,0.025277300039306283,484.3981628417969,0.9460901618003845,1955.0155029296875,2035.5050048828125,0.004248566459864378,0.0,5120
M-1000,Transformer-2L,G:/PAI/outputs/checkpoints/world_model_ib_m1000_transformer2_fair_epoch_020.pt,reference_MPPI,42,33,-196.1116203167328,-6802.920692212952,0.005129069089889526,-0.00199215323664248,0.0115902628749609,False,0.02490920014679432,480.3038024902344,0.938093364238739,1969.81787109375,2036.642822265625,0.003689211793243885,0.0,5120
M-1000,Transformer-2L,G:/PAI/outputs/checkpoints/world_model_ib_m1000_transformer2_fair_epoch_020.pt,reference_MPPI,42,34,-210.8408328107688,-7013.761525023721,-0.0004887999966740608,0.0023582628928124905,0.010372676886618137,False,0.02390430006198585,496.7491760253906,0.9702132344245911,1981.5252685546875,2030.159423828125,0.0031281644478440285,0.0,5120
M-1000,Transformer-2L,G:/PAI/outputs/checkpoints/world_model_ib_m1000_transformer2_fair_epoch_020.pt,reference_MPPI,42,35,-219.7763361759201,-7233.537861199641,0.003958207555115223,0.009776728227734566,0.003106343559920788,False,0.024916599970310926,497.4664611816406,0.9716141819953918,1976.265380859375,2028.5389404296875,0.003246663138270378,0.0,5120
M-1000,Transformer-2L,G:/PAI/outputs/checkpoints/world_model_ib_m1000_transformer2_fair_epoch_020.pt,reference_MPPI,42,36,-204.07701347879444,-7437.614874678436,-0.004548502620309591,0.0014814448077231646,0.0037487060762941837,False,0.025444500148296356,484.9980773925781,0.9472618699073792,1965.83154296875,2031.6136474609375,0.0036688027903437614,0.0,5120
M-1000,Transformer-2L,G:/PAI/outputs/checkpoints/world_model_ib_m1000_transformer2_fair_epoch_020.pt,reference_MPPI,42,37,-197.1399309525363,-7634.7548056309715,-0.0035904981195926666,0.005786591675132513,0.014856498688459396,False,0.024807499954476953,480.4093017578125,0.9382994174957275,1959.672607421875,2029.48828125,0.003802430583164096,0.0,5120
M-1000,Transformer-2L,G:/PAI/outputs/checkpoints/world_model_ib_m1000_transformer2_fair_epoch_020.pt,reference_MPPI,42,38,-194.33148975845336,-7829.086295389425,0.0171126127243042,0.003183191642165184,0.00697807502001524,False,0.024088999954983592,483.0412902832031,0.9434400200843811,1966.5701904296875,2032.26611328125,0.0036597512662410736,0.0,5120
M-1000,Transformer-2L,G:/PAI/outputs/checkpoints/world_model_ib_m1000_transformer2_fair_epoch_020.pt,reference_MPPI,42,39,-215.31648378465383,-8044.402779174078,-6.804615259170532e-05,0.01280736643821001,0.00765604805201292,False,0.024495499907061458,483.5918884277344,0.9445154070854187,1951.1209716796875,2028.6944580078125,0.004122632090002298,0.0,5120
M-1000,Transformer-2L,G:/PAI/outputs/checkpoints/world_model_ib_m1000_transformer2_fair_epoch_020.pt,reference_MPPI,42,40,-200.86538476628613,-8245.268163940364,0.0061941626481711864,0.0037218756042420864,0.005195620469748974,False,0.02603599987924099,481.15087890625,0.9397478103637695,1955.884033203125,2035.138916015625,0.00418202206492424,0.0,5120
M-1000,Transformer-2L,G:/PAI/outputs/checkpoints/world_model_ib_m1000_transformer2_fair_epoch_020.pt,reference_MPPI,42,41,-199.52189975409937,-8444.790063694463,0.006689780857414007,0.010326367802917957,0.010423295199871063,False,0.025051499949768186,485.2958068847656,0.9478433728218079,1951.83984375,2029.826904296875,0.004148354288190603,0.0,5120
M-1000,Transformer-2L,G:/PAI/outputs/checkpoints/world_model_ib_m1000_transformer2_fair_epoch_020.pt,reference_MPPI,42,42,-197.4235588473982,-8642.213622541862,0.013824839144945145,-0.005334372166544199,0.008105901069939137,False,0.025013099890202284,490.7669677734375,0.9585292339324951,1948.5191650390625,2027.224853515625,0.00420177448540926,0.0,5120
M-1000,Transformer-2L,G:/PAI/outputs/checkpoints/world_model_ib_m1000_transformer2_fair_epoch_020.pt,reference_MPPI,42,43,-194.25408775114425,-8836.467710293005,0.0021183383651077747,-0.009281213395297527,0.004982995335012674,False,0.02518529980443418,487.8604431152344,0.9528524279594421,1964.5968017578125,2029.92822265625,0.0036644176580011845,0.0,5120
M-1000,Transformer-2L,G:/PAI/outputs/checkpoints/world_model_ib_m1000_transformer2_fair_epoch_020.pt,reference_MPPI,42,44,-194.53361066664667,-9031.001320959653,-0.005222600884735584,-0.006779270246624947,0.003678112756460905,False,0.026256700046360493,487.40081787109375,0.95195472240448,1961.87646484375,2026.892578125,0.0036497211549431086,0.0,5120
M-1000,Transformer-2L,G:/PAI/outputs/checkpoints/world_model_ib_m1000_transformer2_fair_epoch_020.pt,reference_MPPI,42,45,-195.97108466487822,-9226.97240562453,0.000593000091612339,0.0034305406734347343,-0.0034553376026451588,False,0.02511739986948669,472.2055358886719,0.9222764372825623,1929.681396484375,2025.768310546875,0.004906767047941685,0.0,5120
M-1000,Transformer-2L,G:/PAI/outputs/checkpoints/world_model_ib_m1000_transformer2_fair_epoch_020.pt,reference_MPPI,42,46,-198.7235339417296,-9425.69593956626,0.00942493136972189,0.0076284147799015045,-0.00010973960161209106,False,0.02508649998344481,479.9804382324219,0.937461793422699,1943.31494140625,2025.912353515625,0.0043237050995230675,0.0,5120
M-1000,Transformer-2L,G:/PAI/outputs/checkpoints/world_model_ib_m1000_transformer2_fair_epoch_020.pt,reference_MPPI,42,47,-209.9485860505163,-9635.644525616775,0.0030605855863541365,-0.0074531883001327515,-0.007537133060395718,False,0.025087299989536405,488.9217529296875,0.9549252986907959,1962.36572265625,2028.7037353515625,0.0037061467301100492,0.0,5120
M-1000,Transformer-2L,G:/PAI/outputs/checkpoints/world_model_ib_m1000_transformer2_fair_epoch_020.pt,reference_MPPI,42,48,-211.34197580864117,-9846.986501425417,0.012902144342660904,0.006464183796197176,0.003498694859445095,False,0.02528090006671846,476.728515625,0.9311103820800781,1941.92724609375,2028.8843994140625,0.004497685935348272,0.0,5120
M-1000,Transformer-2L,G:/PAI/outputs/checkpoints/world_model_ib_m1000_transformer2_fair_epoch_020.pt,reference_MPPI,42,49,-200.2734389624898,-10047.259940387907,0.0016816165298223495,0.014674823731184006,0.005107746925204992,False,0.02531050005927682,476.90679931640625,0.931458592414856,1942.9774169921875,2025.9259033203125,0.004320651292800903,0.0,5120
M-1000,Transformer-2L,G:/PAI/outputs/checkpoints/world_model_ib_m1000_transformer2_fair_epoch_020.pt,reference_MPPI,42,50,-214.64341198746558,-10261.903352375371,0.0032629407942295074,0.004998549818992615,0.0004315897822380066,False,0.02546259993687272,491.2384338378906,0.9594500660896301,1968.443603515625,2029.218505859375,0.0035125436261296272,0.0,5120
M-1000,Transformer-2L,G:/PAI/outputs/checkpoints/world_model_ib_m1000_transformer2_fair_epoch_020.pt,reference_MPPI,42,51,-219.18189408324514,-10481.085246458617,-0.0029595866799354553,0.00748919602483511,-0.0064011067152023315,False,0.02513379999436438,478.8016052246094,0.9351593852043152,1955.010498046875,2024.8955078125,0.0037970461416989565,0.0,5120
M-1000,Transformer-2L,G:/PAI/outputs/checkpoints/world_model_ib_m1000_transformer2_fair_epoch_020.pt,reference_MPPI,42,52,-226.49420437376273,-10707.57945083238,-0.002741056028753519,0.0035294238477945328,0.0009946487843990326,False,0.02501989994198084,485.4630432128906,0.948170006275177,1957.6583251953125,2027.530029296875,0.0038235464598983526,0.0,5120
M-1000,Transformer-2L,G:/PAI/outputs/checkpoints/world_model_ib_m1000_transformer2_fair_epoch_020.pt,reference_MPPI,42,53,-222.601025079595,-10930.180475911975,0.01637233980000019,0.003166927956044674,0.016778845340013504,False,0.024881700053811073,490.821533203125,0.9586358070373535,1972.5933837890625,2030.927001953125,0.0034268235322088003,0.0,5120
M-1000,Transformer-2L,G:/PAI/outputs/checkpoints/world_model_ib_m1000_transformer2_fair_epoch_020.pt,reference_MPPI,42,54,-210.4881409375239,-11140.6686168495,-0.010220430791378021,0.004829635377973318,-0.0007948596030473709,False,0.02524260012432933,492.88079833984375,0.9626578092575073,1968.960693359375,2029.37744140625,0.0035065358970314264,0.0,5120
M-1000,Transformer-2L,G:/PAI/outputs/checkpoints/world_model_ib_m1000_transformer2_fair_epoch_020.pt,reference_MPPI,42,55,-200.5911491578359,-11341.259766007335,-0.005805338732898235,-0.005823247134685516,0.002873190212994814,False,0.02472179988399148,470.07708740234375,0.9181193113327026,1948.5487060546875,2031.3515625,0.004287076648324728,0.0,5120
M-1000,Transformer-2L,G:/PAI/outputs/checkpoints/world_model_ib_m1000_transformer2_fair_epoch_020.pt,reference_MPPI,42,56,-206.73653461611337,-11547.996300623448,0.005830034613609314,0.009346893057227135,0.004437441937625408,False,0.02495039999485016,479.9273986816406,0.9373582005500793,1936.4239501953125,2031.22607421875,0.00488697923719883,0.0,5120
M-1000,Transformer-2L,G:/PAI/outputs/checkpoints/world_model_ib_m1000_transformer2_fair_epoch_020.pt,reference_MPPI,42,57,-210.01927114156416,-11758.015571765012,0.012323576025664806,0.005800306797027588,0.006857371423393488,False,0.025424000108614564,483.3104553222656,0.9439657330513,1961.1142578125,2034.232177734375,0.003943281713873148,0.0,5120
M-1000,Transformer-2L,G:/PAI/outputs/checkpoints/world_model_ib_m1000_transformer2_fair_epoch_020.pt,reference_MPPI,42,58,-224.89090781597724,-11982.90647958099,-0.002435455098748207,0.006590954959392548,0.008948437869548798,False,0.024758199928328395,486.4112854003906,0.9500220417976379,1963.51171875,2035.59912109375,0.003912706859409809,0.0,5120
M-1000,Transformer-2L,G:/PAI/outputs/checkpoints/world_model_ib_m1000_transformer2_fair_epoch_020.pt,reference_MPPI,42,59,-227.68162859462748,-12210.588108175618,0.01702958717942238,0.003060649149119854,-0.00046482961624860764,False,0.024699200177565217,490.3747863769531,0.9577632546424866,1977.0679931640625,2034.93896484375,0.0034104969818145037,0.0,5120
M-1000,Transformer-2L,G:/PAI/outputs/checkpoints/world_model_ib_m1000_transformer2_fair_epoch_020.pt,reference_MPPI,42,60,-196.90851863994493,-12407.496626815562,0.007131682243198156,0.009166458621621132,0.0010063720401376486,False,0.024333400186151266,491.6392517089844,0.9602329134941101,1972.4661865234375,2032.5006103515625,0.0034886307548731565,0.0,5120
M-1000,Transformer-2L,G:/PAI/outputs/checkpoints/world_model_ib_m1000_transformer2_fair_epoch_020.pt,reference_MPPI,42,61,-219.0651240070373,-12626.561750822599,0.006925666704773903,0.0015466390177607536,0.001030229963362217,False,0.02502300008200109,475.40423583984375,0.9285238981246948,1973.1820068359375,2033.6949462890625,0.0034389588981866837,0.0,5120
M-1000,Transformer-2L,G:/PAI/outputs/checkpoints/world_model_ib_m1000_transformer2_fair_epoch_020.pt,reference_MPPI,42,62,-232.0651801667283,-12858.626930989327,0.0026546313893049955,0.0014539873227477074,0.004446136765182018,False,0.025003300048410892,476.7540283203125,0.9311602115631104,1944.638671875,2029.9749755859375,0.004421638324856758,0.0,5120
M-1000,Transformer-2L,G:/PAI/outputs/checkpoints/world_model_ib_m1000_transformer2_fair_epoch_020.pt,reference_MPPI,42,63,-219.9343875147016,-13078.56131850403,-0.0002032914198935032,0.0007463842630386353,0.001992202131077647,False,0.02423009998165071,488.3725280761719,0.9538525938987732,1953.605224609375,2031.478759765625,0.004155955743044615,0.0,5120
M-1000,Transformer-2L,G:/PAI/outputs/checkpoints/world_model_ib_m1000_transformer2_fair_epoch_020.pt,reference_MPPI,42,64,-197.26409569672796,-13275.825414200757,0.0032577654346823692,-0.002540445886552334,0.009229043498635292,False,0.024597799871116877,486.1393127441406,0.9494908452033997,1956.4490966796875,2027.6787109375,0.003880383213981986,0.0,5120
M-1000,Transformer-2L,G:/PAI/outputs/checkpoints/world_model_ib_m1000_transformer2_fair_epoch_020.pt,reference_MPPI,42,65,-214.75959373414946,-13490.585007934907,0.007996871136128902,-0.003760969266295433,0.01336735486984253,False,0.025378999998793006,483.41229248046875,0.9441646337509155,1952.7630615234375,2023.9525146484375,0.00386517820879817,0.0,5120
M-1000,Transformer-2L,G:/PAI/outputs/checkpoints/world_model_ib_m1000_transformer2_fair_epoch_020.pt,reference_MPPI,42,66,-199.3928384101856,-13689.977846345093,-0.00028029363602399826,0.001002290053293109,0.0022946763783693314,False,0.02441229997202754,487.6009216308594,0.9523455500602722,1974.10302734375,2029.9615478515625,0.00333051523193717,0.0,5120
M-1000,Transformer-2L,G:/PAI/outputs/checkpoints/world_model_ib_m1000_transformer2_fair_epoch_020.pt,reference_MPPI,42,67,-222.18639592814728,-13912.16424227324,0.013956672511994839,-0.0004639076068997383,0.002946955617517233,False,0.025190100073814392,493.2162780761719,0.9633130431175232,1963.114990234375,2025.911865234375,0.003593581495806575,0.0,5120
M-1000,Transformer-2L,G:/PAI/outputs/checkpoints/world_model_ib_m1000_transformer2_fair_epoch_020.pt,reference_MPPI,42,68,-206.68732376399896,-14118.85156603724,-0.0013650255277752876,0.003435320220887661,0.01655634120106697,False,0.023254199884831905,485.0669250488281,0.9473963379859924,1964.2154541015625,2028.600830078125,0.0036219453904777765,0.0,5120
M-1000,Transformer-2L,G:/PAI/outputs/checkpoints/world_model_ib_m1000_transformer2_fair_epoch_020.pt,reference_MPPI,42,69,-236.65673293535266,-14355.508298972592,-0.002193461637943983,0.003565840423107147,0.012416251935064793,False,0.023513799998909235,498.4422607421875,0.973520040512085,1970.78076171875,2019.362060546875,0.003132691141217947,0.0,5120
M-1000,Transformer-2L,G:/PAI/outputs/checkpoints/world_model_ib_m1000_transformer2_fair_epoch_020.pt,reference_MPPI,42,70,-213.0692407606364,-14568.577539733229,-0.002199990674853325,-0.00771334208548069,0.0032893626485019922,False,0.02484759991057217,488.13470458984375,0.9533880949020386,1964.1124267578125,2022.673583984375,0.003425747388973832,0.0,5120
M-1000,Transformer-2L,G:/PAI/outputs/checkpoints/world_model_ib_m1000_transformer2_fair_epoch_020.pt,reference_MPPI,42,71,-248.9857995066965,-14817.563339239925,-0.003225141204893589,0.011008610017597675,0.00953490287065506,False,0.02379460004158318,481.7249755859375,0.9408690929412842,1940.956787109375,2018.5517578125,0.004119176883250475,0.0,5120
M-1000,Transformer-2L,G:/PAI/outputs/checkpoints/world_model_ib_m1000_transformer2_fair_epoch_020.pt,reference_MPPI,42,72,-212.13715334958465,-15029.700492589509,-0.0009618911426514387,-0.00022743875160813332,-0.0011285212822258472,False,0.025251599960029125,493.9881591796875,0.9648206233978271,1967.7305908203125,2023.1875,0.0033404165878891945,0.0,5120
M-1000,Transformer-2L,G:/PAI/outputs/checkpoints/world_model_ib_m1000_transformer2_fair_epoch_020.pt,reference_MPPI,42,73,-213.50347680812968,-15243.203969397639,0.0017200587317347527,0.0008565895259380341,0.014987190254032612,False,0.024611900094896555,491.68878173828125,0.9603296518325806,1942.5435791015625,2019.6343994140625,0.0041403030045330524,0.0,5120
M-1000,Transformer-2L,G:/PAI/outputs/checkpoints/world_model_ib_m1000_transformer2_fair_epoch_020.pt,reference_MPPI,42,74,-207.3590118886169,-15450.562981286255,-0.00035867374390363693,-0.0010997988283634186,0.0206849817186594,False,0.025061100022867322,466.4612731933594,0.91105717420578,1921.22216796875,2014.4700927734375,0.0047367531806230545,0.0,5120
M-1000,Transformer-2L,G:/PAI/outputs/checkpoints/world_model_ib_m1000_transformer2_fair_epoch_020.pt,reference_MPPI,42,75,-202.6539525213775,-15653.216933807633,0.008284984156489372,-0.004628440365195274,0.0056673744693398476,False,0.024887700099498034,485.98223876953125,0.9491840600967407,1948.983154296875,2013.5228271484375,0.0036250546108931303,0.0,5120
M-1000,Transformer-2L,G:/PAI/outputs/checkpoints/world_model_ib_m1000_transformer2_fair_epoch_020.pt,reference_MPPI,42,76,-210.9450345582356,-15864.161968365868,0.010878579691052437,-0.005005521699786186,0.013791988603770733,False,0.024675300111994147,484.7785339355469,0.946833074092865,1951.3447265625,2017.5419921875,0.0036834871862083673,0.0,5120
M-1000,Transformer-2L,G:/PAI/outputs/checkpoints/world_model_ib_m1000_transformer2_fair_epoch_020.pt,reference_MPPI,42,77,-210.81256493294103,-16074.97453329881,0.000559493899345398,-0.0047105662524700165,0.011518268845975399,False,0.02504199999384582,486.1639099121094,0.9495388865470886,1950.6044921875,2017.9130859375,0.0037292581982910633,0.0,5120
M-1000,Transformer-2L,G:/PAI/outputs/checkpoints/world_model_ib_m1000_transformer2_fair_epoch_020.pt,reference_MPPI,42,78,-197.52613661328957,-16272.500669912099,-0.0004830397665500641,0.006217343267053366,-0.002809089608490467,False,0.024981800001114607,490.401611328125,0.9578156471252441,1949.5035400390625,2013.49267578125,0.0036247798707336187,0.0,5120
M-1000,Transformer-2L,G:/PAI/outputs/checkpoints/world_model_ib_m1000_transformer2_fair_epoch_020.pt,reference_MPPI,42,79,-194.43208400826188,-16466.93275392036,0.006276621017605066,0.0013474272564053535,0.008360481821000576,False,0.024240999948233366,487.55303955078125,0.9522520303726196,1952.3319091796875,2014.549072265625,0.0035491203889250755,0.0,5120
M-1000,Transformer-2L,G:/PAI/outputs/checkpoints/world_model_ib_m1000_transformer2_fair_epoch_020.pt,reference_MPPI,42,80,-198.5169168132707,-16665.44967073363,-0.00042319484055042267,-0.0029330067336559296,-0.0036063995212316513,False,0.0246288999915123,480.06097412109375,0.9376190900802612,1924.5875244140625,2013.2901611328125,0.004593158606439829,0.0,5120
M-1000,Transformer-2L,G:/PAI/outputs/checkpoints/world_model_ib_m1000_transformer2_fair_epoch_020.pt,reference_MPPI,42,81,-191.26306638060902,-16856.712737114238,0.019609373062849045,-0.0007204222492873669,-0.0014187325723469257,False,0.025790699990466237,483.4144592285156,0.9441688656806946,1938.73779296875,2013.8095703125,0.004020242486149073,0.0,5120
M-1000,Transformer-2L,G:/PAI/outputs/checkpoints/world_model_ib_m1000_transformer2_fair_epoch_020.pt,reference_MPPI,42,82,-216.2546785753454,-17072.96741568958,0.009637918323278427,-0.0037725232541561127,0.009257318452000618,False,0.02509710006415844,479.9496154785156,0.9374015927314758,1929.856689453125,2012.4603271484375,0.004316379316151142,0.0,5120
M-1000,Transformer-2L,G:/PAI/outputs/checkpoints/world_model_ib_m1000_transformer2_fair_epoch_020.pt,reference_MPPI,42,83,-195.580797342086,-17268.548213031667,3.052130341529846e-05,0.006374623626470566,0.001586675294674933,False,0.025210399879142642,488.6863098144531,0.9544654488563538,1949.2216796875,2012.44384765625,0.003591052955016494,0.0,5120
M-1000,Transformer-2L,G:/PAI/outputs/checkpoints/world_model_ib_m1000_transformer2_fair_epoch_020.pt,reference_MPPI,42,84,-202.79865299703198,-17471.3468660287,0.009220331907272339,-0.002357681281864643,0.010156906209886074,False,0.02500629983842373,476.18035888671875,0.9300397634506226,1927.501953125,2013.73486328125,0.004465408157557249,0.0,5120
M-1000,Transformer-2L,G:/PAI/outputs/checkpoints/world_model_ib_m1000_transformer2_fair_epoch_020.pt,reference_MPPI,42,85,-209.46655945819086,-17680.81342548689,0.0022331885993480682,0.0016524586826562881,0.004861804656684399,False,0.024130200035870075,482.06591796875,0.9415349960327148,1953.3616943359375,2014.521484375,0.0034908598754554987,0.0,5120
M-1000,Transformer-2L,G:/PAI/outputs/checkpoints/world_model_ib_m1000_transformer2_fair_epoch_020.pt,reference_MPPI,42,86,-195.66670658875648,-17876.480132075645,-0.004483642056584358,-0.0031737268436700106,0.01654566079378128,False,0.02508339984342456,468.4339904785156,0.9149101376533508,1920.2537841796875,2015.4150390625,0.004841400310397148,0.0,5120
M-1000,Transformer-2L,G:/PAI/outputs/checkpoints/world_model_ib_m1000_transformer2_fair_epoch_020.pt,reference_MPPI,42,87,-215.26787612148576,-18091.74800819713,0.00030435528606176376,-0.004947812296450138,0.011232897639274597,False,0.024303799960762262,487.70794677734375,0.9525545835494995,1958.2950439453125,2010.010498046875,0.003193851560354233,0.0,5120
M-1000,Transformer-2L,G:/PAI/outputs/checkpoints/world_model_ib_m1000_transformer2_fair_epoch_020.pt,reference_MPPI,42,88,-202.87481867403818,-18294.622826871167,0.0064690797589719296,0.0016751657240092754,0.010958550497889519,False,0.02474429993890226,481.1986389160156,0.939841091632843,1925.7154541015625,2011.961181640625,0.004488375037908554,0.0,5120
M-1000,Transformer-2L,G:/PAI/outputs/checkpoints/world_model_ib_m1000_transformer2_fair_epoch_020.pt,reference_MPPI,42,89,-200.71635952949615,-18495.339186400663,0.003235138487070799,-0.016526062041521072,-0.0011860595550388098,False,0.024825999978929758,484.7584228515625,0.946793794631958,1929.1121826171875,2014.350341796875,0.004459945019334555,0.0,5120
M-1000,Transformer-2L,G:/PAI/outputs/checkpoints/world_model_ib_m1000_transformer2_fair_epoch_020.pt,reference_MPPI,42,90,-196.05354005137855,-18691.392726452043,0.008391154929995537,0.008500272408127785,0.015493040904402733,False,0.02447910001501441,481.2253723144531,0.9398933053016663,1944.288330078125,2011.986328125,0.00372649310156703,0.0,5120
M-1000,Transformer-2L,G:/PAI/outputs/checkpoints/world_model_ib_m1000_transformer2_fair_epoch_020.pt,reference_MPPI,42,91,-225.76480744643266,-18917.157533898477,-0.0017908697482198477,0.008701070211827755,0.011211559176445007,False,0.024432600010186434,493.0303039550781,0.962949812412262,1945.7889404296875,2013.419189453125,0.0037709767930209637,0.0,5120
M-1000,Transformer-2L,G:/PAI/outputs/checkpoints/world_model_ib_m1000_transformer2_fair_epoch_020.pt,reference_MPPI,42,92,-198.67509929751762,-19115.832633195994,-0.0028658434748649597,-0.009945636615157127,0.004726026207208633,False,0.024546199943870306,484.8177795410156,0.9469097256660461,1935.28564453125,2017.08154296875,0.004307208117097616,0.0,5120
M-1000,Transformer-2L,G:/PAI/outputs/checkpoints/world_model_ib_m1000_transformer2_fair_epoch_020.pt,reference_MPPI,42,93,-201.70043624082228,-19317.533069436817,-0.00045114709064364433,-0.005665861535817385,0.009102841839194298,False,0.02579189999960363,466.477783203125,0.9110894203186035,1894.3782958984375,2013.7308349609375,0.006159689277410507,0.0,5120
M-1000,Transformer-2L,G:/PAI/outputs/checkpoints/world_model_ib_m1000_transformer2_fair_epoch_020.pt,reference_MPPI,42,94,-199.88055646414318,-19517.41362590096,0.005482949782162905,0.0010527926497161388,0.0002928306348621845,False,0.02509809983894229,494.8547668457031,0.9665132164955139,1964.6641845703125,2018.193115234375,0.0032800405751913786,0.0,5120
M-1000,Transformer-2L,G:/PAI/outputs/checkpoints/world_model_ib_m1000_transformer2_fair_epoch_020.pt,reference_MPPI,42,95,-194.05952598803617,-19711.473151888997,0.007038543466478586,0.002045095432549715,0.003742147469893098,False,0.023935900069773197,469.8091735839844,0.9175960421562195,1934.0755615234375,2020.416015625,0.004440067335963249,0.0,5120
M-1000,Transformer-2L,G:/PAI/outputs/checkpoints/world_model_ib_m1000_transformer2_fair_epoch_020.pt,reference_MPPI,42,96,-209.31882575372543,-19920.791977642722,0.0008768234401941299,0.0019377729622647166,0.016436932608485222,False,0.02495190012268722,473.13970947265625,0.9241009950637817,1930.6051025390625,2019.3240966796875,0.004553586710244417,0.0,5120
M-1000,Transformer-2L,G:/PAI/outputs/checkpoints/world_model_ib_m1000_transformer2_fair_epoch_020.pt,reference_MPPI,42,97,-213.15821093621918,-20133.950188578943,0.001353967934846878,-0.01266492623835802,0.0023066438734531403,False,0.02489849994890392,476.0801696777344,0.929844081401825,1951.1778564453125,2021.5101318359375,0.0038041502702981234,0.0,5120
M-1000,Transformer-2L,G:/PAI/outputs/checkpoints/world_model_ib_m1000_transformer2_fair_epoch_020.pt,reference_MPPI,42,98,-204.6100319253523,-20338.560220504296,-0.006141308695077896,-0.010940739884972572,0.0010967245325446129,False,0.024483499815687537,478.81976318359375,0.9351948499679565,1942.1143798828125,2018.46044921875,0.004057484213262796,0.0,5120
M-1000,Transformer-2L,G:/PAI/outputs/checkpoints/world_model_ib_m1000_transformer2_fair_epoch_020.pt,reference_MPPI,42,99,-212.19284703112925,-20550.753067535425,0.008023787289857864,0.018027331680059433,0.010169494897127151,False,0.02396700019016862,480.3266906738281,0.9381380677223206,1937.63037109375,2021.0718994140625,0.004359228070825338,0.0,5120
M-1000,Transformer-2L,G:/PAI/outputs/checkpoints/world_model_ib_m1000_transformer2_fair_epoch_020.pt,reference_MPPI,42,100,-213.37905347825057,-20764.132121013674,0.0028848666697740555,-0.0012129582464694977,0.012380559928715229,False,0.023849300108850002,475.0982666015625,0.9279263019561768,1939.2607421875,2019.669921875,0.004207190591841936,0.0,5120
M-1000,Transformer-2L,G:/PAI/outputs/checkpoints/world_model_ib_m1000_transformer2_fair_epoch_020.pt,reference_MPPI,42,101,-210.51746509334498,-20974.649586107018,0.0036788806319236755,0.0075644226744771,-0.005684207193553448,False,0.02404520008713007,483.23223876953125,0.9438129663467407,1932.6822509765625,2019.8436279296875,0.004537736065685749,0.0,5120
M-1000,Transformer-2L,G:/PAI/outputs/checkpoints/world_model_ib_m1000_transformer2_fair_epoch_020.pt,reference_MPPI,42,102,-214.10214322034625,-21188.751729327363,0.0034200618974864483,-8.163973689079285e-06,7.980223745107651e-05,False,0.024042600067332387,483.6019287109375,0.9445350170135498,1958.7889404296875,2022.196044921875,0.003576783463358879,0.0,5120
M-1000,Transformer-2L,G:/PAI/outputs/checkpoints/world_model_ib_m1000_transformer2_fair_epoch_020.pt,reference_MPPI,42,103,-193.97894156063862,-21382.730670888002,-0.008460940793156624,0.005547185428440571,0.005334330722689629,False,0.024147899821400642,487.2806701660156,0.9517200589179993,1945.0521240234375,2019.56103515625,0.004017574246972799,0.0,5120
M-1000,Transformer-2L,G:/PAI/outputs/checkpoints/world_model_ib_m1000_transformer2_fair_epoch_020.pt,reference_MPPI,42,104,-202.3903739022287,-21585.12104479023,0.0012631095014512539,-0.006448972038924694,0.004394994117319584,False,0.024835200048983097,484.24072265625,0.9457826614379883,1946.8760986328125,2018.604736328125,0.0038902065716683865,0.0,5120
M-1000,Transformer-2L,G:/PAI/outputs/checkpoints/world_model_ib_m1000_transformer2_fair_epoch_020.pt,reference_MPPI,42,105,-209.15159210046596,-21794.272636890695,0.000738212838768959,-0.0012990692630410194,0.0023331460542976856,False,0.02532509993761778,481.6988220214844,0.9408180117607117,1947.868896484375,2018.8883056640625,0.0038533788174390793,0.0,5120
M-1000,Transformer-2L,G:/PAI/outputs/checkpoints/world_model_ib_m1000_transformer2_fair_epoch_020.pt,reference_MPPI,42,106,-191.91748491448715,-21986.190121805183,0.0049600014463067055,0.0021213807631284,0.0016522463411092758,False,0.02492970018647611,483.6798095703125,0.9446871280670166,1948.10693359375,2016.9718017578125,0.0037751079071313143,0.0,5120
M-1000,Transformer-2L,G:/PAI/outputs/checkpoints/world_model_ib_m1000_transformer2_fair_epoch_020.pt,reference_MPPI,42,107,-210.21842455238567,-22196.40854635757,-0.005975539796054363,0.0012306409189477563,0.0027658790349960327,False,0.024079800117760897,485.31646728515625,0.9478837251663208,1942.212158203125,2014.439697265625,0.00391536857932806,0.0,5120
M-1000,Transformer-2L,G:/PAI/outputs/checkpoints/world_model_ib_m1000_transformer2_fair_epoch_020.pt,reference_MPPI,42,108,-206.91760551626544,-22403.326151873833,0.008290611207485199,0.0029882988892495632,0.0165705606341362,False,0.023819699883461,483.3503723144531,0.9440436959266663,1952.297607421875,2019.985107421875,0.0037306940648704767,0.0,5120
M-1000,Transformer-2L,G:/PAI/outputs/checkpoints/world_model_ib_m1000_transformer2_fair_epoch_020.pt,reference_MPPI,42,109,-200.68420563718348,-22604.010357511015,-6.771646440029144e-05,-0.0005124723538756371,5.324464291334152e-05,False,0.024725900031626225,488.9818115234375,0.9550426006317139,1954.2969970703125,2015.75732421875,0.0035271523520350456,0.0,5120
M-1000,Transformer-2L,G:/PAI/outputs/checkpoints/world_model_ib_m1000_transformer2_fair_epoch_020.pt,reference_MPPI,42,110,-198.17292831405805,-22802.183285825075,0.010222786106169224,0.000648881308734417,0.007781055755913258,False,0.02431620005518198,489.4668884277344,0.9559900164604187,1950.8563232421875,2019.278564453125,0.0037867543287575245,0.0,5120
M-1000,Transformer-2L,G:/PAI/outputs/checkpoints/world_model_ib_m1000_transformer2_fair_epoch_020.pt,reference_MPPI,42,111,-196.2140287584165,-22998.39731458349,0.0009112567640841007,-0.0012510690139606595,0.014485428109765053,False,0.024382299976423383,480.4786376953125,0.9384348392486572,1940.230712890625,2015.080078125,0.003995189443230629,0.0,5120
M-1000,Transformer-2L,G:/PAI/outputs/checkpoints/world_model_ib_m1000_transformer2_fair_epoch_020.pt,reference_MPPI,42,112,-193.4947691211811,-23191.89208370467,0.0024927430786192417,-0.0035493606701493263,-0.0026698093861341476,False,0.024971799924969673,495.4639892578125,0.967703104019165,1968.053955078125,2016.978271484375,0.003132812213152647,0.0,5120
M-1000,Transformer-2L,G:/PAI/outputs/checkpoints/world_model_ib_m1000_transformer2_fair_epoch_020.pt,reference_MPPI,42,113,-208.09693384681015,-23399.98901755148,0.0002172337844967842,-0.005853444337844849,-0.0011899429373443127,False,0.02513540000654757,480.0103759765625,0.9375202655792236,1930.5814208984375,2011.7900390625,0.004257980268448591,0.0,5120
M-1000,Transformer-2L,G:/PAI/outputs/checkpoints/world_model_ib_m1000_transformer2_fair_epoch_020.pt,reference_MPPI,42,114,-228.87984001583783,-23628.86885756732,0.012864435091614723,-0.001608036458492279,-0.002183052711188793,False,0.02417939994484186,480.6577453613281,0.938784658908844,1922.2667236328125,2015.5362548828125,0.004808168392628431,0.0,5120
M-1000,Transformer-2L,G:/PAI/outputs/checkpoints/world_model_ib_m1000_transformer2_fair_epoch_020.pt,reference_MPPI,42,115,-207.90653864818222,-23836.7753962155,-0.011259254068136215,-0.005499659106135368,0.00641649030148983,False,0.024459399981424212,474.7393493652344,0.9272252917289734,1908.1927490234375,2015.24609375,0.005490788724273443,0.0,5120
M-1000,Transformer-2L,G:/PAI/outputs/checkpoints/world_model_ib_m1000_transformer2_fair_epoch_020.pt,reference_MPPI,42,116,-201.62454585707735,-24038.399942072578,0.007019625045359135,0.008817648515105247,0.01600583642721176,False,0.024926699930801988,483.1919250488281,0.9437342286109924,1943.2412109375,2015.88232421875,0.003921592608094215,0.0,5120
M-1000,Transformer-2L,G:/PAI/outputs/checkpoints/world_model_ib_m1000_transformer2_fair_epoch_020.pt,reference_MPPI,42,117,-195.87289323849114,-24234.27283531107,0.01676587015390396,-0.011938739567995071,-0.0027373647317290306,False,0.02449710015207529,479.7973937988281,0.9371042847633362,1934.749267578125,2013.443115234375,0.0041527156718075275,0.0,5120
M-1000,Transformer-2L,G:/PAI/outputs/checkpoints/world_model_ib_m1000_transformer2_fair_epoch_020.pt,reference_MPPI,42,118,-190.96908196688858,-24425.24191727796,0.0012920661829411983,-0.004854617640376091,-0.005231518764048815,False,0.025197699898853898,490.0483703613281,0.957125723361969,1946.6282958984375,2015.3309326171875,0.003799593774601817,0.0,5120
M-1000,Transformer-2L,G:/PAI/outputs/checkpoints/world_model_ib_m1000_transformer2_fair_epoch_020.pt,reference_MPPI,42,119,-201.54971461870036,-24626.79163189666,-0.002246974967420101,0.007960289716720581,-0.0030525163747370243,False,0.02339310012757778,491.2942810058594,0.9595591425895691,1943.374267578125,2009.93505859375,0.003721723798662424,0.0,5120
M-1000,Transformer-2L,G:/PAI/outputs/checkpoints/world_model_ib_m1000_transformer2_fair_epoch_020.pt,reference_MPPI,42,120,-218.27553519574997,-24845.06716709241,-0.0020696790888905525,0.007445464842021465,0.002624189481139183,False,0.024696300039067864,475.64398193359375,0.9289921522140503,1926.8115234375,2016.3382568359375,0.004614526405930519,0.0,5120
M-1000,Transformer-2L,G:/PAI/outputs/checkpoints/world_model_ib_m1000_transformer2_fair_epoch_020.pt,reference_MPPI,42,121,-198.75774957421763,-25043.82491666663,0.0035965521819889545,-0.00795062817633152,0.0024157194420695305,False,0.024770099902525544,473.8968811035156,0.925579845905304,1940.795166015625,2015.8782958984375,0.003981236834079027,0.0,5120
M-1000,Transformer-2L,G:/PAI/outputs/checkpoints/world_model_ib_m1000_transformer2_fair_epoch_020.pt,reference_MPPI,42,122,-208.23207998531245,-25252.05699665194,0.0054438067600131035,-0.0031585106626152992,-0.004641805309802294,False,0.024505900219082832,485.6234436035156,0.9484832882881165,1934.9385986328125,2013.50732421875,0.004172923509031534,0.0,5120
M-1000,Transformer-2L,G:/PAI/outputs/checkpoints/world_model_ib_m1000_transformer2_fair_epoch_020.pt,reference_MPPI,42,123,-197.4784096242952,-25449.535406276234,0.014071397483348846,0.009222082793712616,0.012043515220284462,False,0.025847200071439147,479.0296325683594,0.9356047511100769,1941.6566162109375,2017.55078125,0.0040326230227947235,0.0,5120
M-1000,Transformer-2L,G:/PAI/outputs/checkpoints/world_model_ib_m1000_transformer2_fair_epoch_020.pt,reference_MPPI,42,124,-230.92233425910115,-25680.457740535334,-0.004418736323714256,-0.00691261887550354,0.009349524043500423,False,0.025337599916383624,489.05535888671875,0.9551862478256226,1952.1771240234375,2015.098876953125,0.003580254502594471,0.0,5120
M-1000,Transformer-2L,G:/PAI/outputs/checkpoints/world_model_ib_m1000_transformer2_fair_epoch_020.pt,reference_MPPI,42,125,-195.4412276886415,-25875.898968223977,0.0014446681598201394,-0.0013522114604711533,0.013022255152463913,False,0.024345400044694543,491.9057312011719,0.9607533812522888,1959.83642578125,2014.25439453125,0.0032971964683383703,0.0,5120
M-1000,Transformer-2L,G:/PAI/outputs/checkpoints/world_model_ib_m1000_transformer2_fair_epoch_020.pt,reference_MPPI,42,126,-217.65223955883903,-26093.551207782817,-0.00112138781696558,0.005972177721560001,0.014303400181233883,False,0.02502320008352399,464.87884521484375,0.9079664945602417,1920.095703125,2015.444580078125,0.004831009544432163,0.0,5120
M-1000,Transformer-2L,G:/PAI/outputs/checkpoints/world_model_ib_m1000_transformer2_fair_epoch_020.pt,reference_MPPI,42,127,-209.3231976512651,-26302.874405434082,0.005536485929042101,0.0014026463031768799,0.00876817386597395,False,0.025240799877792597,485.8298645019531,0.9488864541053772,1937.8040771484375,2013.993896484375,0.004075344651937485,0.0,5120
M-1000,Transformer-2L,G:/PAI/outputs/checkpoints/world_model_ib_m1000_transformer2_fair_epoch_020.pt,reference_MPPI,42,128,-197.24127531925666,-26500.11568075334,0.002408906351774931,0.0025238902308046818,0.014315707609057426,False,0.02503500017337501,498.6647033691406,0.9739544987678528,1952.5267333984375,2012.26611328125,0.003503612708300352,0.0,5120
M-1000,Transformer-2L,G:/PAI/outputs/checkpoints/world_model_ib_m1000_transformer2_fair_epoch_020.pt,reference_MPPI,42,129,-197.55541899012218,-26697.671099743464,0.0037605389952659607,0.00895266979932785,0.0053831227123737335,False,0.025007599964737892,475.0067443847656,0.9277475476264954,1891.9617919921875,2009.512939453125,0.006101415492594242,0.0,5120
M-1000,Transformer-2L,G:/PAI/outputs/checkpoints/world_model_ib_m1000_transformer2_fair_epoch_020.pt,reference_MPPI,42,130,-197.14653819327418,-26894.81763793674,0.007203956600278616,-0.005294338334351778,0.0018459060229361057,False,0.025280000176280737,467.87176513671875,0.9138120412826538,1896.35986328125,2012.577392578125,0.005978598725050688,0.0,5120
M-1000,Transformer-2L,G:/PAI/outputs/checkpoints/world_model_ib_m1000_transformer2_fair_epoch_020.pt,reference_MPPI,42,131,-209.80390334238157,-27104.62154127912,0.0072762686759233475,0.005358724854886532,-0.008562825620174408,False,0.024802299914881587,482.9190673828125,0.9432013034820557,1934.5208740234375,2015.2882080078125,0.004251051694154739,0.0,5120
M-1000,Transformer-2L,G:/PAI/outputs/checkpoints/world_model_ib_m1000_transformer2_fair_epoch_020.pt,reference_MPPI,42,132,-197.43795115545777,-27302.05949243458,-0.0014544976875185966,0.005455495789647102,-0.00891084037721157,False,0.02443170011974871,486.6020202636719,0.9503945708274841,1954.921142578125,2014.6429443359375,0.003457028651610017,0.0,5120
M-1000,Transformer-2L,G:/PAI/outputs/checkpoints/world_model_ib_m1000_transformer2_fair_epoch_020.pt,reference_MPPI,42,133,-204.7958424247197,-27506.855334859298,-0.004413269460201263,0.014391829259693623,0.0027926182374358177,False,0.02580800000578165,495.8905334472656,0.9685361981391907,1960.5078125,2012.8326416015625,0.0032434130553156137,0.0,5120
M-1000,Transformer-2L,G:/PAI/outputs/checkpoints/world_model_ib_m1000_transformer2_fair_epoch_020.pt,reference_MPPI,42,134,-205.10412388081232,-27711.95945874011,0.01109903585165739,0.005378821864724159,0.008231190964579582,False,0.02601890009827912,488.78369140625,0.954655647277832,1949.1435546875,2013.8466796875,0.0036451707128435373,0.0,5120
M-1000,Transformer-2L,G:/PAI/outputs/checkpoints/world_model_ib_m1000_transformer2_fair_epoch_020.pt,reference_MPPI,42,135,-214.87518303024984,-27926.83464177036,0.006013886071741581,0.0004196781665086746,0.011857650242745876,False,0.025196600006893277,483.3199157714844,0.9439842104911804,1951.6876220703125,2012.333251953125,0.003479843959212303,0.0,5120
M-1000,Transformer-2L,G:/PAI/outputs/checkpoints/world_model_ib_m1000_transformer2_fair_epoch_020.pt,reference_MPPI,42,136,-212.0920180447677,-28138.92665981513,-0.009990636259317398,-0.004188138991594315,-0.0006747059524059296,False,0.024267900036647916,477.14849853515625,0.931930661201477,1936.9295654296875,2013.17333984375,0.004040713422000408,0.0,5120
M-1000,Transformer-2L,G:/PAI/outputs/checkpoints/world_model_ib_m1000_transformer2_fair_epoch_020.pt,reference_MPPI,42,137,-211.333777808479,-28350.26043762361,0.012585831806063652,0.007784147746860981,0.008053194731473923,False,0.024291699985042214,480.1872253417969,0.937865674495697,1925.7015380859375,2011.07080078125,0.004436109215021133,0.0,5120
M-1000,Transformer-2L,G:/PAI/outputs/checkpoints/world_model_ib_m1000_transformer2_fair_epoch_020.pt,reference_MPPI,42,138,-235.73098068493275,-28585.991418308542,0.00047422200441360474,-0.0017007160931825638,0.001628541387617588,False,0.02485710009932518,481.7120056152344,0.9408437609672546,1940.845947265625,2013.2322998046875,0.003909135702997446,0.0,5120
M-1000,Transformer-2L,G:/PAI/outputs/checkpoints/world_model_ib_m1000_transformer2_fair_epoch_020.pt,reference_MPPI,42,139,-202.80196534248705,-28788.793383651027,-0.008249804377555847,-0.003843204351142049,0.013488802127540112,False,0.024949399987235665,482.7062072753906,0.9427855610847473,1939.6119384765625,2009.458740234375,0.0038134774658828974,0.0,5120
M-1000,Transformer-2L,G:/PAI/outputs/checkpoints/world_model_ib_m1000_transformer2_fair_epoch_020.pt,reference_MPPI,42,140,-201.30310764760722,-28990.096491298635,-0.0012473119422793388,0.0002105478197336197,0.0006837127730250359,False,0.024540800135582685,491.2479248046875,0.9594686031341553,1958.9703369140625,2008.9871826171875,0.003153659403324127,0.0,5120
M-1000,Transformer-2L,G:/PAI/outputs/checkpoints/world_model_ib_m1000_transformer2_fair_epoch_020.pt,reference_MPPI,42,141,-198.59349204215724,-29188.68998334079,0.01350395753979683,0.0028002741746604443,0.005089177750051022,False,0.02531940001063049,488.51055908203125,0.9541221857070923,1941.7244873046875,2012.846435546875,0.0038846805691719055,0.0,5120
M-1000,Transformer-2L,G:/PAI/outputs/checkpoints/world_model_ib_m1000_transformer2_fair_epoch_020.pt,reference_MPPI,42,142,-238.87135576462154,-29427.561339105414,0.0038575036451220512,-0.0027469806373119354,0.01383274607360363,False,0.025040999986231327,480.6065979003906,0.9386847615242004,1941.6591796875,2010.7940673828125,0.0037771943025290966,0.0,5120
M-1000,Transformer-2L,G:/PAI/outputs/checkpoints/world_model_ib_m1000_transformer2_fair_epoch_020.pt,reference_MPPI,42,143,-224.6715831140461,-29652.23292221946,-0.011986440047621727,-0.000957447336986661,-0.0004619462415575981,False,0.024416400119662285,480.391845703125,0.938265323638916,1935.713134765625,2008.682373046875,0.003919139038771391,0.0,5120
M-1000,Transformer-2L,G:/PAI/outputs/checkpoints/world_model_ib_m1000_transformer2_fair_epoch_020.pt,reference_MPPI,42,144,-195.35878965737763,-29847.591711876838,0.009563932195305824,0.005023159086704254,0.004115708637982607,False,0.024505700217559934,491.2420654296875,0.9594571590423584,1938.7806396484375,2007.51318359375,0.003805143292993307,0.0,5120
M-1000,Transformer-2L,G:/PAI/outputs/checkpoints/world_model_ib_m1000_transformer2_fair_epoch_020.pt,reference_MPPI,42,145,-191.37281343741466,-30038.96452531425,0.004169650375843048,0.005004055332392454,0.007657831534743309,False,0.02459210017696023,489.40008544921875,0.9558595418930054,1921.3377685546875,2009.516357421875,0.004613210912793875,0.0,5120
M-1000,Transformer-2L,G:/PAI/outputs/checkpoints/world_model_ib_m1000_transformer2_fair_epoch_020.pt,reference_MPPI,42,146,-229.4510799023684,-30268.41560521662,0.012756286188960075,-0.005400952883064747,-0.00015741214156150818,False,0.02485090005211532,484.98480224609375,0.9472359418869019,1939.4327392578125,2007.6778564453125,0.0037607166450470686,0.0,5120
M-1000,Transformer-2L,G:/PAI/outputs/checkpoints/world_model_ib_m1000_transformer2_fair_epoch_020.pt,reference_MPPI,42,147,-211.05192189289556,-30479.46752710952,0.0046900976449251175,-0.000947871245443821,-0.0028196722269058228,False,0.024905199883505702,481.5682678222656,0.9405630230903625,1938.842041015625,2009.8858642578125,0.003851145040243864,0.0,5120
M-1000,Transformer-2L,G:/PAI/outputs/checkpoints/world_model_ib_m1000_transformer2_fair_epoch_020.pt,reference_MPPI,42,148,-218.0232382394204,-30697.49076534894,0.01064485963433981,0.0055929794907569885,0.007090787403285503,False,0.02417499991133809,484.5213928222656,0.9463308453559875,1941.5518798828125,2008.9853515625,0.0037276996299624443,0.0,5120
M-1000,Transformer-2L,G:/PAI/outputs/checkpoints/world_model_ib_m1000_transformer2_fair_epoch_020.pt,reference_MPPI,42,149,-224.77825417331775,-30922.269019522257,0.0016472917050123215,0.0070126475766301155,0.004564840346574783,False,0.024226299952715635,478.67193603515625,0.9349061250686646,1924.489013671875,2007.21923828125,0.004320419393479824,0.0,5120
M-1000,Transformer-2L,G:/PAI/outputs/checkpoints/world_model_ib_m1000_transformer2_fair_epoch_020.pt,reference_MPPI,42,150,-208.94027592428134,-31131.209295446537,0.007362952455878258,0.008115743286907673,0.007154945749789476,False,0.024729899829253554,479.598876953125,0.9367165565490723,1929.509033203125,2008.646728515625,0.004170298110693693,0.0,5120
M-1000,Transformer-2L,G:/PAI/outputs/checkpoints/world_model_ib_m1000_transformer2_fair_epoch_020.pt,reference_MPPI,42,151,-224.24877202289866,-31355.458067469437,0.00015979353338479996,0.009614072740077972,0.005700396373867989,False,0.024768600007519126,488.01043701171875,0.9531453847885132,1920.867431640625,2005.1446533203125,0.0044339559972286224,0.0,5120
M-1000,Transformer-2L,G:/PAI/outputs/checkpoints/world_model_ib_m1000_transformer2_fair_epoch_020.pt,reference_MPPI,42,152,-202.83089812778564,-31558.28896559722,-0.009024950675666332,0.0034168781712651253,0.0031675896607339382,False,0.024558000033721328,483.2190856933594,0.9437872767448425,1922.3201904296875,2004.013671875,0.004294561222195625,0.0,5120
M-1000,Transformer-2L,G:/PAI/outputs/checkpoints/world_model_ib_m1000_transformer2_fair_epoch_020.pt,reference_MPPI,42,153,-212.94036683025496,-31771.229332427476,0.0012516125570982695,-0.0031637614592909813,0.012970760464668274,False,0.02478109998628497,487.39154052734375,0.9519366025924683,1935.4127197265625,2001.70751953125,0.003695409744977951,0.0,5120
M-1000,Transformer-2L,G:/PAI/outputs/checkpoints/world_model_ib_m1000_transformer2_fair_epoch_020.pt,reference_MPPI,42,154,-208.75431605092223,-31979.9836484784,0.010969328694045544,-0.006375519558787346,0.011202873662114143,False,0.024493400007486343,473.475341796875,0.9247565269470215,1893.0023193359375,1999.501708984375,0.005451621953397989,0.0,5120
M-1000,Transformer-2L,G:/PAI/outputs/checkpoints/world_model_ib_m1000_transformer2_fair_epoch_020.pt,reference_MPPI,42,155,-228.3929693202731,-32208.376617798673,0.0009352420456707478,-0.0027137575671076775,0.002970464527606964,False,0.02483210014179349,478.8616027832031,0.9352765679359436,1936.2091064453125,2005.1376953125,0.003764132969081402,0.0,5120
M-1000,Transformer-2L,G:/PAI/outputs/checkpoints/world_model_ib_m1000_transformer2_fair_epoch_020.pt,reference_MPPI,42,156,-201.93733753776652,-32410.313955336438,0.007344772107899189,0.003115394152700901,0.005658783484250307,False,0.024173100013285875,482.2881774902344,0.941969096660614,1912.5860595703125,2001.427001953125,0.004606143571436405,0.0,5120
M-1000,Transformer-2L,G:/PAI/outputs/checkpoints/world_model_ib_m1000_transformer2_fair_epoch_020.pt,reference_MPPI,42,157,-210.39918141924403,-32620.713136755683,-0.008685074746608734,2.1955464035272598e-05,0.007460766471922398,False,0.024499200051650405,479.9076232910156,0.9373195767402649,1906.81396484375,1999.7264404296875,0.0047914269380271435,0.0,5120
M-1000,Transformer-2L,G:/PAI/outputs/checkpoints/world_model_ib_m1000_transformer2_fair_epoch_020.pt,reference_MPPI,42,158,-192.16548088311993,-32812.8786176388,0.0010474314913153648,-0.0005555460229516029,0.013611169531941414,False,0.02462249994277954,487.13458251953125,0.9514347314834595,1918.46142578125,2001.9111328125,0.004392314236611128,0.0,5120
M-1000,Transformer-2L,G:/PAI/outputs/checkpoints/world_model_ib_m1000_transformer2_fair_epoch_020.pt,reference_MPPI,42,159,-222.67928311588634,-33035.55790075469,-0.0018292292952537537,0.0010449651163071394,0.0118416678160429,False,0.02485679998062551,478.0360412597656,0.9336641430854797,1910.527587890625,1997.622314453125,0.004514007363468409,0.0,5120
M-1000,Transformer-2L,G:/PAI/outputs/checkpoints/world_model_ib_m1000_transformer2_fair_epoch_020.pt,reference_MPPI,42,160,-204.15622356500998,-33239.714124319704,-0.0068929241970181465,0.0037564593367278576,0.0059317322447896,False,0.02588019985705614,485.2229309082031,0.9477010369300842,1921.3736572265625,1997.437744140625,0.004068773705512285,0.0,5120
M-1000,Transformer-2L,G:/PAI/outputs/checkpoints/world_model_ib_m1000_transformer2_fair_epoch_020.pt,reference_MPPI,42,161,-196.63575905528774,-33436.34988337499,0.007374362554401159,0.00019999220967292786,-0.009917276911437511,False,0.02554289996623993,484.7901611328125,0.9468557834625244,1931.2420654296875,1992.266357421875,0.0034966408275067806,0.0,5120
M-1000,Transformer-2L,G:/PAI/outputs/checkpoints/world_model_ib_m1000_transformer2_fair_epoch_020.pt,reference_MPPI,42,162,-196.1302925696594,-33632.48017594465,0.0019669746980071068,0.010019936598837376,0.004407454282045364,False,0.025159999961033463,482.94476318359375,0.9432514905929565,1928.909912109375,1995.615966796875,0.003694061189889908,0.0,5120
M-1000,Transformer-2L,G:/PAI/outputs/checkpoints/world_model_ib_m1000_transformer2_fair_epoch_020.pt,reference_MPPI,42,163,-194.4080829788153,-33826.88825892346,0.0027505860198289156,-0.0007615499198436737,-0.0002219807356595993,False,0.02520680008456111,492.6650695800781,0.9622364640235901,1934.934326171875,1995.891845703125,0.003524334169924259,0.0,5120
M-1000,Transformer-2L,G:/PAI/outputs/checkpoints/world_model_ib_m1000_transformer2_fair_epoch_020.pt,reference_MPPI,42,164,-196.1450620607737,-34023.033320984236,0.0074212197214365005,0.002445555292069912,0.002033584751188755,False,0.025303799891844392,491.9512023925781,0.9608421921730042,1940.4156494140625,1993.81005859375,0.003265846287831664,0.0,5120
M-1000,Transformer-2L,G:/PAI/outputs/checkpoints/world_model_ib_m1000_transformer2_fair_epoch_020.pt,reference_MPPI,42,165,-209.01921618309328,-34232.05253716733,0.00783689133822918,-0.0031258976086974144,0.022082466632127762,False,0.02477880008518696,489.2159118652344,0.9554998278617859,1932.2547607421875,1996.2528076171875,0.0036203989293426275,0.0,5120
M-1000,Transformer-2L,G:/PAI/outputs/checkpoints/world_model_ib_m1000_transformer2_fair_epoch_020.pt,reference_MPPI,42,166,-214.32540067888368,-34446.37793784621,0.011088288389146328,-0.005256985779851675,0.005112743005156517,False,0.02450280007906258,487.5511474609375,0.9522483348846436,1917.24462890625,1997.174560546875,0.004240013659000397,0.0,5120
M-1000,Transformer-2L,G:/PAI/outputs/checkpoints/world_model_ib_m1000_transformer2_fair_epoch_020.pt,reference_MPPI,42,167,-223.6839209894902,-34670.0618588357,-0.009754245169460773,-0.009286507964134216,5.9573911130428314e-05,False,0.024351899977773428,476.96844482421875,0.9315789937973022,1914.7637939453125,1992.386962890625,0.004098379984498024,0.0,5120
M-1000,Transformer-2L,G:/PAI/outputs/checkpoints/world_model_ib_m1000_transformer2_fair_epoch_020.pt,reference_MPPI,42,168,-199.44069678743304,-34869.502555623134,0.007967347279191017,0.0009638993069529533,0.010941625572741032,False,0.024392800172790885,469.574951171875,0.9171385765075684,1882.769775390625,1992.422119140625,0.005614780355244875,0.0,5120
M-1000,Transformer-2L,G:/PAI/outputs/checkpoints/world_model_ib_m1000_transformer2_fair_epoch_020.pt,reference_MPPI,42,169,-205.50231476739793,-35075.004870390534,-0.0036955969408154488,-0.0012047924101352692,0.0040595028549432755,False,0.025049000047147274,472.07598876953125,0.9220234155654907,1910.1060791015625,1991.9619140625,0.004250792786478996,0.0,5120
M-1000,Transformer-2L,G:/PAI/outputs/checkpoints/world_model_ib_m1000_transformer2_fair_epoch_020.pt,reference_MPPI,42,170,-190.39627832071005,-35265.401148711244,-0.005007311701774597,0.012863704934716225,0.01621263287961483,False,0.02489959984086454,490.9183654785156,0.9588249325752258,1934.9796142578125,1996.8408203125,0.003550977446138859,0.0,5120
M-1000,Transformer-2L,G:/PAI/outputs/checkpoints/world_model_ib_m1000_transformer2_fair_epoch_020.pt,reference_MPPI,42,171,-195.8184851530362,-35461.21963386428,-0.002429514192044735,-0.002576512284576893,0.018864210695028305,False,0.02521570003591478,469.99127197265625,0.9179517030715942,1913.4901123046875,1993.8427734375,0.004178098402917385,0.0,5120
M-1000,Transformer-2L,G:/PAI/outputs/checkpoints/world_model_ib_m1000_transformer2_fair_epoch_020.pt,reference_MPPI,42,172,-200.28385237946048,-35661.503486243746,0.005911035463213921,-0.011015060357749462,0.008465361781418324,False,0.024651800049468875,480.5118713378906,0.9384997487068176,1922.2799072265625,1999.4736328125,0.004096271935850382,0.0,5120
M-1000,Transformer-2L,G:/PAI/outputs/checkpoints/world_model_ib_m1000_transformer2_fair_epoch_020.pt,reference_MPPI,42,173,-215.78584553801892,-35877.289331781765,-0.002932286821305752,-0.006066448986530304,0.004328183829784393,False,0.024659800110384822,489.61968994140625,0.9562884569168091,1926.179443359375,1997.06005859375,0.0038803338538855314,0.0,5120
M-1000,Transformer-2L,G:/PAI/outputs/checkpoints/world_model_ib_m1000_transformer2_fair_epoch_020.pt,reference_MPPI,42,174,-194.0094207544053,-36071.29875253617,0.007762488443404436,-0.0011876379139721394,0.0047063096426427364,False,0.024322800105437636,490.0979309082031,0.9572225213050842,1943.8681640625,1997.4990234375,0.003265178529545665,0.0,5120
M-1000,Transformer-2L,G:/PAI/outputs/checkpoints/world_model_ib_m1000_transformer2_fair_epoch_020.pt,reference_MPPI,42,175,-210.29395075516953,-36281.59270329134,0.0042842840775847435,-0.008611982688307762,0.0034296344965696335,False,0.024860500125214458,479.8269348144531,0.9371619820594788,1916.2252197265625,1996.795166015625,0.00423410115763545,0.0,5120
M-1000,Transformer-2L,G:/PAI/outputs/checkpoints/world_model_ib_m1000_transformer2_fair_epoch_020.pt,reference_MPPI,42,176,-215.70562576668124,-36497.29832905802,-0.018668172881007195,-0.0013227412709966302,0.013234720565378666,False,0.02465720009058714,479.03802490234375,0.9356211423873901,1913.9791259765625,1996.0068359375,0.004291487857699394,0.0,5120
M-1000,Transformer-2L,G:/PAI/outputs/checkpoints/world_model_ib_m1000_transformer2_fair_epoch_020.pt,reference_MPPI,42,177,-214.7126220571294,-36712.01095111515,-0.002800222020596266,0.007684511132538319,0.0004257909022271633,False,0.024282800033688545,500.3901672363281,0.9773245453834534,1955.5003662109375,1997.97802734375,0.0029530650936067104,0.0,5120
M-1000,Transformer-2L,G:/PAI/outputs/checkpoints/world_model_ib_m1000_transformer2_fair_epoch_020.pt,reference_MPPI,42,178,-195.71241555308984,-36907.723366668244,0.0026021767407655716,0.00687775481492281,0.0009030704386532307,False,0.02479900000616908,494.53192138671875,0.9658826589584351,1950.9957275390625,1998.85009765625,0.0030969176441431046,0.0,5120
M-1000,Transformer-2L,G:/PAI/outputs/checkpoints/world_model_ib_m1000_transformer2_fair_epoch_020.pt,reference_MPPI,42,179,-221.21624205856966,-37128.93960872681,0.0004141656681895256,-0.0017177769914269447,0.002693985588848591,False,0.025259300135076046,488.744384765625,0.9545788764953613,1937.7376708984375,1999.3701171875,0.0035322518087923527,0.0,5120
M-1000,Transformer-2L,G:/PAI/outputs/checkpoints/world_model_ib_m1000_transformer2_fair_epoch_020.pt,reference_MPPI,42,180,-210.76907019330065,-37339.70867892011,0.0023999009281396866,0.003311974462121725,0.017873715609312057,False,0.024633700028061867,477.5736999511719,0.9327611327171326,1908.26123046875,2000.4815673828125,0.004747226368635893,0.0,5120
M-1000,Transformer-2L,G:/PAI/outputs/checkpoints/world_model_ib_m1000_transformer2_fair_epoch_020.pt,reference_MPPI,42,181,-211.86632453490282,-37551.575003455015,0.0038815804291516542,0.01115978229790926,0.0012007588520646095,False,0.02433960000053048,494.15252685546875,0.9651416540145874,1942.98046875,1999.6697998046875,0.0033818392548710108,0.0,5120
M-1000,Transformer-2L,G:/PAI/outputs/checkpoints/world_model_ib_m1000_transformer2_fair_epoch_020.pt,reference_MPPI,42,182,-204.28034362779516,-37755.85534708281,0.0044647520408034325,0.00381598062813282,0.0006691701710224152,False,0.024182899855077267,487.5909423828125,0.9523260593414307,1932.06884765625,2000.351318359375,0.0037748534232378006,0.0,5120
M-1000,Transformer-2L,G:/PAI/outputs/checkpoints/world_model_ib_m1000_transformer2_fair_epoch_020.pt,reference_MPPI,42,183,-213.58358043703038,-37969.43892751984,-0.012102472595870495,0.001851939596235752,-0.004660923033952713,False,0.024717599852010608,489.8429260253906,0.9567244648933411,1941.53515625,2002.968505859375,0.003530805464833975,0.0,5120
M-1000,Transformer-2L,G:/PAI/outputs/checkpoints/world_model_ib_m1000_transformer2_fair_epoch_020.pt,reference_MPPI,42,184,-211.98872949604646,-38181.42765701589,0.006499399896711111,-0.003612985834479332,0.0024522722233086824,False,0.02450460009276867,492.14068603515625,0.9612122774124146,1941.8858642578125,2001.97021484375,0.0034910368267446756,0.0,5120
M-1000,Transformer-2L,G:/PAI/outputs/checkpoints/world_model_ib_m1000_transformer2_fair_epoch_020.pt,reference_MPPI,42,185,-220.6937140134196,-38402.12137102931,0.007026044651865959,0.011361921206116676,0.0023478197399526834,False,0.024835099931806326,487.3805847167969,0.9519152045249939,1945.2847900390625,2000.7401123046875,0.003314454108476639,0.0,5120
M-1000,Transformer-2L,G:/PAI/outputs/checkpoints/world_model_ib_m1000_transformer2_fair_epoch_020.pt,reference_MPPI,42,186,-211.76836551869462,-38613.889736548,0.0026483037509024143,0.004426414612680674,0.007401416543871164,False,0.02463640016503632,492.19049072265625,0.961309552192688,1937.7301025390625,1999.94384765625,0.003568066516891122,0.0,5120
M-1000,Transformer-2L,G:/PAI/outputs/checkpoints/world_model_ib_m1000_transformer2_fair_epoch_020.pt,reference_MPPI,42,187,-196.08447055703147,-38809.974207105035,-0.004653175827115774,-0.0017660772427916527,-0.006780271418392658,False,0.025257200002670288,493.69091796875,0.9642400741577148,1934.677734375,2001.11669921875,0.0037296037189662457,0.0,5120
M-1000,Transformer-2L,G:/PAI/outputs/checkpoints/world_model_ib_m1000_transformer2_fair_epoch_020.pt,reference_MPPI,42,188,-196.77296302150313,-39006.74717012654,-0.0026018237695097923,0.0027384599670767784,0.005422576796263456,False,0.02476009982638061,485.5431823730469,0.9483265280723572,1927.72412109375,2003.8236083984375,0.004074671771377325,0.0,5120
M-1000,Transformer-2L,G:/PAI/outputs/checkpoints/world_model_ib_m1000_transformer2_fair_epoch_020.pt,reference_MPPI,42,189,-191.92871620192113,-39198.67588632846,0.001664983108639717,-0.008357103914022446,0.0023886156268417835,False,0.024583300109952688,476.8673095703125,0.9313814640045166,1918.4478759765625,1997.0355224609375,0.004141314420849085,0.0,5120
M-1000,Transformer-2L,G:/PAI/outputs/checkpoints/world_model_ib_m1000_transformer2_fair_epoch_020.pt,reference_MPPI,42,190,-189.78380844215894,-39388.45969477062,0.012652456760406494,0.006508225575089455,0.010830181650817394,False,0.0242510000243783,484.8396301269531,0.9469524025917053,1913.4755859375,1998.006103515625,0.004431290086358786,0.0,5120
M-1000,Transformer-2L,G:/PAI/outputs/checkpoints/world_model_ib_m1000_transformer2_fair_epoch_020.pt,reference_MPPI,42,191,-201.5159251432974,-39589.97561991392,0.011455628089606762,-0.007214260753244162,0.0024916594848036766,False,0.02496629999950528,495.2908020019531,0.9673648476600647,1938.469970703125,1998.603271484375,0.0035049442667514086,0.0,5120
M-1000,Transformer-2L,G:/PAI/outputs/checkpoints/world_model_ib_m1000_transformer2_fair_epoch_020.pt,reference_MPPI,42,192,-209.4509698506941,-39799.42658976462,-0.0018801656551659107,0.0014115122612565756,0.016696900129318237,False,0.02461590012535453,492.64630126953125,0.9621998071670532,1940.2320556640625,1999.8809814453125,0.0034779906272888184,0.0,5120
M-1000,Transformer-2L,G:/PAI/outputs/checkpoints/world_model_ib_m1000_transformer2_fair_epoch_020.pt,reference_MPPI,42,193,-196.64237097059691,-39996.06896073522,0.002223524497821927,0.005093689076602459,0.0127224987372756,False,0.024595199851319194,490.877197265625,0.9587445259094238,1931.486572265625,1998.03564453125,0.0037200432270765305,0.0,5120
M-1000,Transformer-2L,G:/PAI/outputs/checkpoints/world_model_ib_m1000_transformer2_fair_epoch_020.pt,reference_MPPI,42,194,-194.46272316687381,-40190.53168390209,-0.0027488002087920904,0.0032385485246777534,0.006919528357684612,False,0.02419670019298792,460.836669921875,0.9000716209411621,1908.611572265625,1995.48974609375,0.004418261349201202,0.0,5120
M-1000,Transformer-2L,G:/PAI/outputs/checkpoints/world_model_ib_m1000_transformer2_fair_epoch_020.pt,reference_MPPI,42,195,-200.8383113810681,-40391.36999528316,0.009373328648507595,0.0037019632291048765,0.004296440631151199,False,0.02516820002347231,486.2911071777344,0.9497873187065125,1921.4366455078125,1996.682373046875,0.004040575120598078,0.0,5120
M-1000,Transformer-2L,G:/PAI/outputs/checkpoints/world_model_ib_m1000_transformer2_fair_epoch_020.pt,reference_MPPI,42,196,-221.10195225195582,-40612.471947535116,-0.004646870773285627,0.013594010844826698,0.0003695450723171234,False,0.024722199887037277,485.2120666503906,0.9476798176765442,1914.299560546875,1997.6064453125,0.0043745883740484715,0.0,5120
M-1000,Transformer-2L,G:/PAI/outputs/checkpoints/world_model_ib_m1000_transformer2_fair_epoch_020.pt,reference_MPPI,42,197,-206.9915681809206,-40819.46351571604,-0.006832428742200136,0.0005020406097173691,0.016908571124076843,False,0.024981800001114607,482.66156005859375,0.9426983594894409,1905.5284423828125,1994.3740234375,0.004612285178154707,0.0,5120
M-1000,Transformer-2L,G:/PAI/outputs/checkpoints/world_model_ib_m1000_transformer2_fair_epoch_020.pt,reference_MPPI,42,198,-194.87519158245715,-41014.33870729849,-0.001971653662621975,0.01893036812543869,-0.0031914329156279564,False,0.024411899968981743,480.93304443359375,0.9393223524093628,1889.015625,1996.03759765625,0.005523530766367912,0.0,5120
M-1000,Transformer-2L,G:/PAI/outputs/checkpoints/world_model_ib_m1000_transformer2_fair_epoch_020.pt,reference_MPPI,42,199,-251.84440786467815,-41266.18311516317,0.01394180953502655,0.0028321417048573494,-0.00844236183911562,False,0.025114299962297082,482.0476379394531,0.9414992928504944,1931.228515625,1995.769775390625,0.0036111746449023485,0.0,5120
M-1000,Transformer-2L,G:/PAI/outputs/checkpoints/world_model_ib_m1000_transformer2_fair_epoch_020.pt,reference_MPPI,42,200,-212.2479243405739,-41478.43103950375,0.0015066019259393215,0.004530315287411213,0.004390790592879057,False,0.024961099959909916,491.0134582519531,0.959010660648346,1942.7054443359375,1995.265625,0.0032344914507120848,0.0,5120
M-1000,Transformer-2L,G:/PAI/outputs/checkpoints/world_model_ib_m1000_transformer2_fair_epoch_020.pt,reference_MPPI,42,201,-201.86979000023308,-41680.300829503976,0.008117715828120708,0.006955321878194809,0.013877063989639282,False,0.02466839994303882,491.13775634765625,0.9592534303665161,1923.6168212890625,1995.8134765625,0.003940216265618801,0.0,5120
M-1000,Transformer-2L,G:/PAI/outputs/checkpoints/world_model_ib_m1000_transformer2_fair_epoch_020.pt,reference_MPPI,42,202,-200.31567468230912,-41880.616504186284,0.009177228435873985,-0.00799390859901905,0.011346695013344288,False,0.024619000032544136,486.0589294433594,0.9493338465690613,1929.0736083984375,2000.198486328125,0.0038771573454141617,0.0,5120
M-1000,Transformer-2L,G:/PAI/outputs/checkpoints/world_model_ib_m1000_transformer2_fair_epoch_020.pt,reference_MPPI,42,203,-191.01149028589668,-42071.62799447218,0.0070464881137013435,-0.0035286201164126396,0.003000317607074976,False,0.02506010001525283,480.4753112792969,0.9384283423423767,1917.3843994140625,2000.50927734375,0.00434462446719408,0.0,5120
M-1000,Transformer-2L,G:/PAI/outputs/checkpoints/world_model_ib_m1000_transformer2_fair_epoch_020.pt,reference_MPPI,42,204,-196.21411555219703,-42267.84211002438,-0.005843230057507753,0.009437029249966145,0.01607915386557579,False,0.025087199872359633,473.48077392578125,0.9247671365737915,1922.527587890625,1996.7349853515625,0.0039438894018530846,0.0,5120
M-1000,Transformer-2L,G:/PAI/outputs/checkpoints/world_model_ib_m1000_transformer2_fair_epoch_020.pt,reference_MPPI,42,205,-215.3995112053866,-42483.24162122977,0.0003023253520950675,0.000571404118090868,0.0013565676053985953,False,0.025310700060799718,483.47039794921875,0.9442781209945679,1924.7994384765625,1999.828369140625,0.0040202694945037365,0.0,5120
M-1000,Transformer-2L,G:/PAI/outputs/checkpoints/world_model_ib_m1000_transformer2_fair_epoch_020.pt,reference_MPPI,42,206,-206.81180322410393,-42690.05342445387,0.008131052367389202,-0.0010618362575769424,0.0006836038082838058,False,0.02485519996844232,481.75823974609375,0.9409340620040894,1924.65380859375,2001.420654296875,0.004079350735992193,0.0,5120
M-1000,Transformer-2L,G:/PAI/outputs/checkpoints/world_model_ib_m1000_transformer2_fair_epoch_020.pt,reference_MPPI,42,207,-204.0298881780172,-42894.08331263189,-0.008889700286090374,-0.01140380185097456,0.006430943496525288,False,0.024591000052168965,482.3369445800781,0.9420643448829651,1931.5977783203125,2002.345458984375,0.003845451632514596,0.0,5120
M-1000,Transformer-2L,G:/PAI/outputs/checkpoints/world_model_ib_m1000_transformer2_fair_epoch_020.pt,reference_MPPI,42,208,-202.1941803239904,-43096.27749295588,0.012610968202352524,0.004105431959033012,-0.004804798401892185,False,0.02480509993620217,493.24908447265625,0.9633771181106567,1939.269775390625,1999.973388671875,0.0035173925571143627,0.0,5120
M-1000,Transformer-2L,G:/PAI/outputs/checkpoints/world_model_ib_m1000_transformer2_fair_epoch_020.pt,reference_MPPI,42,209,-196.67455818506528,-43292.95205114094,0.002410182263702154,-0.007518906611949205,0.004510816186666489,False,0.02481839992105961,485.3975830078125,0.9480421543121338,1927.23095703125,2004.8790283203125,0.0041361721232533455,0.0,5120
M-1000,Transformer-2L,G:/PAI/outputs/checkpoints/world_model_ib_m1000_transformer2_fair_epoch_020.pt,reference_MPPI,42,210,-202.45514397482387,-43495.40719511577,0.0028725177980959415,0.0007590726017951965,0.0056934719905257225,False,0.02420049998909235,481.7554931640625,0.9409286975860596,1917.49267578125,2002.28759765625,0.00442539295181632,0.0,5120
M-1000,Transformer-2L,G:/PAI/outputs/checkpoints/world_model_ib_m1000_transformer2_fair_epoch_020.pt,reference_MPPI,42,211,-207.1499290764262,-43702.55712419219,0.004288756754249334,0.0015033078379929066,0.001537152100354433,False,0.0242937000002712,489.80169677734375,0.9566439390182495,1935.79443359375,2002.713623046875,0.0037300619296729565,0.0,5120
M-1000,Transformer-2L,G:/PAI/outputs/checkpoints/world_model_ib_m1000_transformer2_fair_epoch_020.pt,reference_MPPI,42,212,-202.38424306809623,-43904.94136726029,-0.0017621638253331184,0.005976508371531963,-0.002299579791724682,False,0.02452059998176992,481.1864013671875,0.9398171901702881,1930.30859375,2004.6893310546875,0.003984022885560989,0.0,5120
M-1000,Transformer-2L,G:/PAI/outputs/checkpoints/world_model_ib_m1000_transformer2_fair_epoch_020.pt,reference_MPPI,42,213,-217.51533814505453,-44122.45670540534,-0.01018874067813158,0.0007865815423429012,0.0038186097517609596,False,0.025077000027522445,479.5849609375,0.9366893768310547,1915.0078125,1999.9862060546875,0.004418825730681419,0.0,5120
M-1000,Transformer-2L,G:/PAI/outputs/checkpoints/world_model_ib_m1000_transformer2_fair_epoch_020.pt,reference_MPPI,42,214,-198.42522262925286,-44320.88192803459,0.001946454867720604,0.0037428676150739193,0.005656215362250805,False,0.023899300023913383,490.1944580078125,0.9574110507965088,1936.8302001953125,2000.5283203125,0.0036130098160356283,0.0,5120
M-1000,Transformer-2L,G:/PAI/outputs/checkpoints/world_model_ib_m1000_transformer2_fair_epoch_020.pt,reference_MPPI,42,215,-194.64553210614733,-44515.52746014074,0.011573366820812225,-0.00130472332239151,0.005773027427494526,False,0.025290500139817595,483.9276428222656,0.9451711773872375,1934.854736328125,1997.486572265625,0.0035483925603330135,0.0,5120
M-1000,Transformer-2L,G:/PAI/outputs/checkpoints/world_model_ib_m1000_transformer2_fair_epoch_020.pt,reference_MPPI,42,216,-220.40582064374954,-44735.933280784484,0.017236990854144096,0.01772477850317955,0.012155108153820038,False,0.024128099903464317,493.8307800292969,0.9645132422447205,1934.0582275390625,1995.2567138671875,0.003538390388712287,0.0,5120
M-1000,Transformer-2L,G:/PAI/outputs/checkpoints/world_model_ib_m1000_transformer2_fair_epoch_020.pt,reference_MPPI,42,217,-194.78111545541321,-44930.7143962399,-0.0008172701927833259,0.00464139087125659,-0.007211607880890369,False,0.02462269994430244,486.74029541015625,0.9506646394729614,1926.767578125,1997.688232421875,0.003872757311910391,0.0,5120
M-1000,Transformer-2L,G:/PAI/outputs/checkpoints/world_model_ib_m1000_transformer2_fair_epoch_020.pt,reference_MPPI,42,218,-198.23484219319636,-45128.949238433095,0.009200423024594784,-0.001595931127667427,0.0035793352872133255,False,0.024920199997723103,490.295654296875,0.957608699798584,1935.0299072265625,1998.56884765625,0.003607632825151086,0.0,5120
M-1000,Transformer-2L,G:/PAI/outputs/checkpoints/world_model_ib_m1000_transformer2_fair_epoch_020.pt,reference_MPPI,42,219,-201.8114827738287,-45330.76072120693,0.018487518653273582,-0.009863651357591152,0.00684501463547349,False,0.024922100128605962,475.2310791015625,0.9281857013702393,1913.5240478515625,2001.7138671875,0.004545359406620264,0.0,5120
M-1000,Transformer-2L,G:/PAI/outputs/checkpoints/world_model_ib_m1000_transformer2_fair_epoch_020.pt,reference_MPPI,42,220,-195.07761565729533,-45525.838336864224,0.0037279725074768066,0.0026786222588270903,-0.001863876124843955,False,0.024343299912288785,485.59405517578125,0.9484258890151978,1922.453125,1995.759521484375,0.00395656144246459,0.0,5120
M-1000,Transformer-2L,G:/PAI/outputs/checkpoints/world_model_ib_m1000_transformer2_fair_epoch_020.pt,reference_MPPI,42,221,-194.86941311721762,-45720.70774998144,-0.0005657980218529701,0.0030812560580670834,-0.009789292700588703,False,0.024069999810308218,502.5953063964844,0.9816314578056335,1957.963134765625,1997.213623046875,0.0028654104098677635,0.0,5120
M-1000,Transformer-2L,G:/PAI/outputs/checkpoints/world_model_ib_m1000_transformer2_fair_epoch_020.pt,reference_MPPI,42,222,-218.31559989592887,-45939.02334987737,0.0008154325187206268,0.013780537992715836,0.009211386553943157,False,0.024532799841836095,486.6470947265625,0.9504826068878174,1920.672607421875,1999.3497314453125,0.004182672593742609,0.0,5120
M-1000,Transformer-2L,G:/PAI/outputs/checkpoints/world_model_ib_m1000_transformer2_fair_epoch_020.pt,reference_MPPI,42,223,-203.02702999789366,-46142.05037987526,-0.0023761549964547157,0.0028707440942525864,-0.0008793333545327187,False,0.024555200012400746,491.8699035644531,0.9606834053993225,1936.780517578125,2000.7587890625,0.0036310190334916115,0.0,5120
M-1000,Transformer-2L,G:/PAI/outputs/checkpoints/world_model_ib_m1000_transformer2_fair_epoch_020.pt,reference_MPPI,42,224,-201.72141142892914,-46343.77179130419,-0.006261223461478949,0.005562799982726574,0.005568035878241062,False,0.02423470001667738,475.2918701171875,0.9283044338226318,1915.850341796875,2000.3944091796875,0.0043892692774534225,0.0,5120
M-1000,Transformer-2L,G:/PAI/outputs/checkpoints/world_model_ib_m1000_transformer2_fair_epoch_020.pt,reference_MPPI,42,225,-208.19555379101132,-46551.9673450952,-0.0013912883587181568,-0.0031614224426448345,0.007135437335819006,False,0.02420970005914569,481.917236328125,0.9412446022033691,1921.626953125,2001.6915283203125,0.004218779504299164,0.0,5120
M-1000,Transformer-2L,G:/PAI/outputs/checkpoints/world_model_ib_m1000_transformer2_fair_epoch_020.pt,reference_MPPI,42,226,-211.01017468425272,-46762.97751977946,7.549114525318146e-05,0.015525931492447853,0.004069145303219557,False,0.02479759999550879,476.63604736328125,0.9309297800064087,1920.5716552734375,2001.5902099609375,0.004230822902172804,0.0,5120
M-1000,Transformer-2L,G:/PAI/outputs/checkpoints/world_model_ib_m1000_transformer2_fair_epoch_020.pt,reference_MPPI,42,227,-207.12108073404147,-46970.0986005135,-0.004065647721290588,-0.0072875842452049255,0.001116591040045023,False,0.02466450002975762,483.1546325683594,0.9436613917350769,1928.427490234375,1998.973388671875,0.0038416311144828796,0.0,5120
M-1000,Transformer-2L,G:/PAI/outputs/checkpoints/world_model_ib_m1000_transformer2_fair_epoch_020.pt,reference_MPPI,42,228,-209.43160893381264,-47179.53020944731,0.0006849328055977821,0.004041099920868874,0.004626426845788956,False,0.02521830005571246,482.3369445800781,0.9420643448829651,1939.94287109375,2003.302734375,0.0035709314979612827,0.0,5120
M-1000,Transformer-2L,G:/PAI/outputs/checkpoints/world_model_ib_m1000_transformer2_fair_epoch_020.pt,reference_MPPI,42,229,-200.87002062752595,-47380.40023007483,0.012789459899067879,-0.006995371542870998,0.006155204493552446,False,0.024902099976316094,485.452880859375,0.9481501579284668,1926.3092041015625,2000.78076171875,0.004005158320069313,0.0,5120
M-1000,Transformer-2L,G:/PAI/outputs/checkpoints/world_model_ib_m1000_transformer2_fair_epoch_020.pt,reference_MPPI,42,230,-196.22072225493815,-47576.62095232977,-0.0011451644822955132,0.00010298937559127808,-0.0051925634033977985,False,0.02410880010575056,486.9716491699219,0.9511165022850037,1924.6614990234375,1999.894287109375,0.004041530191898346,0.0,5120
M-1000,Transformer-2L,G:/PAI/outputs/checkpoints/world_model_ib_m1000_transformer2_fair_epoch_020.pt,reference_MPPI,42,231,-225.28494131027946,-47801.905893640054,0.00935235247015953,0.011253917589783669,0.005106273107230663,False,0.02475060010328889,473.8627014160156,0.9255130887031555,1921.89892578125,2003.365966796875,0.004244559444487095,0.0,5120
M-1000,Transformer-2L,G:/PAI/outputs/checkpoints/world_model_ib_m1000_transformer2_fair_epoch_020.pt,reference_MPPI,42,232,-199.9451707252178,-48001.85106436527,0.0032243954483419657,-0.011057334020733833,-0.0002808738499879837,False,0.025380699895322323,479.2425842285156,0.9360206723213196,1924.53173828125,2003.9375,0.004177998285740614,0.0,5120
M-1000,Transformer-2L,G:/PAI/outputs/checkpoints/world_model_ib_m1000_transformer2_fair_epoch_020.pt,reference_MPPI,42,233,-203.7789686748486,-48205.63003304012,0.004238796420395374,0.007612509652972221,0.001764998072758317,False,0.024527200032025576,477.701904296875,0.933011531829834,1915.2088623046875,2006.251708984375,0.004692097660154104,0.0,5120
M-1000,Transformer-2L,G:/PAI/outputs/checkpoints/world_model_ib_m1000_transformer2_fair_epoch_020.pt,reference_MPPI,42,234,-217.80459958906678,-48423.434632629185,0.005220762453973293,-0.0031930506229400635,-0.0026171933859586716,False,0.024348000064492226,488.43756103515625,0.9539796113967896,1933.8426513671875,2001.6187744140625,0.0037579904310405254,0.0,5120
M-1000,Transformer-2L,G:/PAI/outputs/checkpoints/world_model_ib_m1000_transformer2_fair_epoch_020.pt,reference_MPPI,42,235,-214.59649694540735,-48638.03112957459,-0.006044693291187286,0.009412397630512714,0.00565760675817728,False,0.025746499886736274,479.43695068359375,0.936400294303894,1932.1397705078125,2001.791748046875,0.003791381372138858,0.0,5120
M-1000,Transformer-2L,G:/PAI/outputs/checkpoints/world_model_ib_m1000_transformer2_fair_epoch_020.pt,reference_MPPI,42,236,-199.98824826772352,-48838.01937784231,8.871965110301971e-05,0.01523207500576973,0.017811693251132965,False,0.02469230000860989,492.0782470703125,0.9610903263092041,1945.2874755859375,2000.309814453125,0.003320020390674472,0.0,5120
M-1000,Transformer-2L,G:/PAI/outputs/checkpoints/world_model_ib_m1000_transformer2_fair_epoch_020.pt,reference_MPPI,42,237,-223.49295522944584,-49061.51233307176,-0.004186153411865234,0.006529649253934622,0.0026428699493408203,False,0.024337399983778596,491.59912109375,0.9601545333862305,1943.1519775390625,2005.10205078125,0.0035576007794588804,0.0,5120
M-1000,Transformer-2L,G:/PAI/outputs/checkpoints/world_model_ib_m1000_transformer2_fair_epoch_020.pt,reference_MPPI,42,238,-199.2378088179617,-49260.75014188972,0.004640509374439716,0.0026427805423736572,0.016589561477303505,False,0.024136600084602833,475.658203125,0.9290199279785156,1905.7237548828125,2002.5799560546875,0.0049626450054347515,0.0,5120
M-1000,Transformer-2L,G:/PAI/outputs/checkpoints/world_model_ib_m1000_transformer2_fair_epoch_020.pt,reference_MPPI,42,239,-225.3364941569473,-49486.08663604667,-0.006423973478376865,-0.00195216853171587,0.0037845391780138016,False,0.02427650010213256,476.5358581542969,0.9307340979576111,1924.3941650390625,2004.891357421875,0.0042176623828709126,0.0,5120
M-1000,Transformer-2L,G:/PAI/outputs/checkpoints/world_model_ib_m1000_transformer2_fair_epoch_020.pt,reference_MPPI,42,240,-205.81808915792664,-49691.90472520459,0.015645645558834076,-0.005106188356876373,0.00044375378638505936,False,0.02420490002259612,483.58258056640625,0.9444972276687622,1922.74072265625,2001.13720703125,0.004155443515628576,0.0,5120
M-1000,Transformer-2L,G:/PAI/outputs/checkpoints/world_model_ib_m1000_transformer2_fair_epoch_020.pt,reference_MPPI,42,241,-202.22321225928368,-49894.127937463876,0.01316660363227129,0.009594005532562733,0.0016800533048808575,False,0.02506099990569055,487.33685302734375,0.9518297910690308,1937.94580078125,2003.7666015625,0.0036803351249545813,0.0,5120
M-1000,Transformer-2L,G:/PAI/outputs/checkpoints/world_model_ib_m1000_transformer2_fair_epoch_020.pt,reference_MPPI,42,242,-213.5531740411103,-50107.681111504986,0.012338943779468536,0.0029183232691138983,0.004668300040066242,False,0.024239800171926618,487.54180908203125,0.9522300958633423,1921.6712646484375,1998.9473876953125,0.0041283778846263885,0.0,5120
M-1000,Transformer-2L,G:/PAI/outputs/checkpoints/world_model_ib_m1000_transformer2_fair_epoch_020.pt,reference_MPPI,42,243,-199.3691997045327,-50307.05031120952,0.00425109826028347,0.016122251749038696,0.008299259468913078,False,0.024022300029173493,486.0022277832031,0.9492231011390686,1931.838623046875,1999.1348876953125,0.0037311487831175327,0.0,5120
M-1000,Transformer-2L,G:/PAI/outputs/checkpoints/world_model_ib_m1000_transformer2_fair_epoch_020.pt,reference_MPPI,42,244,-202.74932724799402,-50509.79963845751,-0.0003082682378590107,0.0002726903185248375,-0.0004413193091750145,False,0.02473049983382225,493.9051208496094,0.9646584391593933,1945.202392578125,1998.88671875,0.0032802526839077473,0.0,5120
M-1000,Transformer-2L,G:/PAI/outputs/checkpoints/world_model_ib_m1000_transformer2_fair_epoch_020.pt,reference_MPPI,42,245,-205.60550236097984,-50715.40514081849,-0.014519553631544113,-0.0010852543637156487,0.006601425353437662,False,0.02398160006850958,491.8782958984375,0.9606997966766357,1944.09814453125,2000.972412109375,0.0033813987392932177,0.0,5120
M-1000,Transformer-2L,G:/PAI/outputs/checkpoints/world_model_ib_m1000_transformer2_fair_epoch_020.pt,reference_MPPI,42,246,-204.06158303575307,-50919.466723854246,0.0027581052854657173,0.007971820421516895,-0.0018729977309703827,False,0.0248581999912858,482.7652893066406,0.9429009556770325,1923.7508544921875,2001.967529296875,0.004146784543991089,0.0,5120
M-1000,Transformer-2L,G:/PAI/outputs/checkpoints/world_model_ib_m1000_transformer2_fair_epoch_020.pt,reference_MPPI,42,247,-200.8088130043576,-51120.2755368586,0.0069339703768491745,0.015598335303366184,0.010759910568594933,False,0.024692100007086992,479.3205261230469,0.9361729025840759,1937.94287109375,2001.171630859375,0.003553621703758836,0.0,5120
M-1000,Transformer-2L,G:/PAI/outputs/checkpoints/world_model_ib_m1000_transformer2_fair_epoch_020.pt,reference_MPPI,42,248,-200.77164726862821,-51321.04718412723,-0.006701669655740261,0.0013575395569205284,0.008924419060349464,False,0.024792299838736653,483.310546875,0.9439659118652344,1896.5635986328125,1995.896484375,0.005128706805408001,0.0,5120
M-1000,Transformer-2L,G:/PAI/outputs/checkpoints/world_model_ib_m1000_transformer2_fair_epoch_020.pt,reference_MPPI,42,249,-201.18310607242068,-51522.23029019965,0.0017679855227470398,0.002136398106813431,0.0006175581365823746,False,0.024793999968096614,492.6683349609375,0.962242841720581,1949.5185546875,2000.2467041015625,0.003181072883307934,0.0,5120
M-1000,Transformer-2L,G:/PAI/outputs/checkpoints/world_model_ib_m1000_transformer2_fair_epoch_020.pt,reference_MPPI,42,250,-201.7112639835574,-51723.941554183206,0.009181289002299309,0.00298788258805871,-0.0039479490369558334,False,0.02409329987131059,474.1147155761719,0.9260053038597107,1921.604736328125,1996.944580078125,0.003989992663264275,0.0,5120
M-1000,Transformer-2L,G:/PAI/outputs/checkpoints/world_model_ib_m1000_transformer2_fair_epoch_020.pt,reference_MPPI,42,251,-209.7548776439835,-51933.69643182719,0.014573873952031136,0.007089590188115835,-0.0021929945796728134,False,0.024622900178655982,494.12603759765625,0.9650899171829224,1942.9378662109375,2000.925048828125,0.0034249250311404467,0.0,5120
M-1000,Transformer-2L,G:/PAI/outputs/checkpoints/world_model_ib_m1000_transformer2_fair_epoch_020.pt,reference_MPPI,42,252,-218.14392690234786,-52151.84035872954,0.0005796117475256324,0.009168708696961403,0.005240648984909058,False,0.024758199928328395,487.6687927246094,0.9524781107902527,1931.01611328125,1999.65087890625,0.003784926375374198,0.0,5120
M-1000,Transformer-2L,G:/PAI/outputs/checkpoints/world_model_ib_m1000_transformer2_fair_epoch_020.pt,reference_MPPI,42,253,-229.02979011982305,-52380.87014884936,0.0077086337842047215,-0.006619730964303017,0.004373390693217516,False,0.024872800102457404,491.7693786621094,0.9604870676994324,1936.9923095703125,1998.6209716796875,0.0035465299151837826,0.0,5120
M-1000,Transformer-2L,G:/PAI/outputs/checkpoints/world_model_ib_m1000_transformer2_fair_epoch_020.pt,reference_MPPI,42,254,-197.13564987448217,-52578.00579872384,-0.003093123435974121,0.010034408420324326,-0.0028418335132300854,False,0.024663199903443456,487.3089294433594,0.9517752528190613,1926.889892578125,1997.680419921875,0.003867723047733307,0.0,5120
M-1000,Transformer-2L,G:/PAI/outputs/checkpoints/world_model_ib_m1000_transformer2_fair_epoch_020.pt,reference_MPPI,42,255,-205.9999863996723,-52784.00578512351,0.0004900048952549696,0.014826813712716103,0.00966282095760107,False,0.02455869992263615,492.7757263183594,0.9624525904655457,1931.33056640625,1998.0223388671875,0.003733602585271001,0.0,5120
M-1000,Transformer-2L,G:/PAI/outputs/checkpoints/world_model_ib_m1000_transformer2_fair_epoch_020.pt,reference_MPPI,42,256,-207.99094646601495,-52991.99673158953,0.007096436340361834,0.015154650434851646,0.017987556755542755,False,0.025236499961465597,485.1712951660156,0.9476001858711243,1932.029296875,2000.0723876953125,0.003754447679966688,0.0,5120
M-1000,Transformer-2L,G:/PAI/outputs/checkpoints/world_model_ib_m1000_transformer2_fair_epoch_020.pt,reference_MPPI,42,257,-203.11502445924384,-53195.11175604877,0.00039489613845944405,0.010250060819089413,0.0009585889056324959,False,0.024302300065755844,495.61846923828125,0.9680048227310181,1926.9073486328125,1996.66357421875,0.0038607451133430004,0.0,5120
M-1000,Transformer-2L,G:/PAI/outputs/checkpoints/world_model_ib_m1000_transformer2_fair_epoch_020.pt,reference_MPPI,42,258,-205.46560404275826,-53400.57736009153,0.0024398677051067352,-0.006790384650230408,-0.010318632237613201,False,0.024573700036853552,481.76202392578125,0.9409414529800415,1935.679931640625,2000.87353515625,0.0036365727428346872,0.0,5120
M-1000,Transformer-2L,G:/PAI/outputs/checkpoints/world_model_ib_m1000_transformer2_fair_epoch_020.pt,reference_MPPI,42,259,-215.83496305328526,-53616.41232314481,0.0014939780812710524,-0.00019337376579642296,0.004148472100496292,False,0.02447930001653731,481.5309753417969,0.940490186214447,1903.314697265625,2003.1524658203125,0.005147380754351616,0.0,5120
M-1000,Transformer-2L,G:/PAI/outputs/checkpoints/world_model_ib_m1000_transformer2_fair_epoch_020.pt,reference_MPPI,42,260,-212.10307531235233,-53828.515398457166,0.004147176165133715,-0.0013613521587103605,-0.005407784134149551,False,0.024905000114813447,492.3562316894531,0.9616332650184631,1955.580322265625,2003.707275390625,0.003098854562267661,0.0,5120
M-1000,Transformer-2L,G:/PAI/outputs/checkpoints/world_model_ib_m1000_transformer2_fair_epoch_020.pt,reference_MPPI,42,261,-239.64286937058554,-54068.15826782775,0.0004227040335536003,-0.010305967181921005,0.003461891785264015,False,0.024790399940684438,487.2503662109375,0.9516608715057373,1933.207275390625,2001.04931640625,0.003755046520382166,0.0,5120
M-1000,Transformer-2L,G:/PAI/outputs/checkpoints/world_model_ib_m1000_transformer2_fair_epoch_020.pt,reference_MPPI,42,262,-224.07064425585548,-54292.22891208361,0.00015734229236841202,-0.003916530404239893,0.009518586099147797,False,0.024571399902924895,481.8676452636719,0.9411477446556091,1927.253173828125,2004.3463134765625,0.004094205796718597,0.0,5120
M-1000,Transformer-2L,G:/PAI/outputs/checkpoints/world_model_ib_m1000_transformer2_fair_epoch_020.pt,reference_MPPI,42,263,-197.539326129364,-54489.76823821297,0.004600015468895435,0.016123853623867035,0.004041001200675964,False,0.02505100006237626,470.9106750488281,0.9197474122047424,1889.260009765625,2002.4296875,0.005821334198117256,0.0,5120
M-1000,Transformer-2L,G:/PAI/outputs/checkpoints/world_model_ib_m1000_transformer2_fair_epoch_020.pt,reference_MPPI,42,264,-203.408980157599,-54693.17721837057,0.007790921255946159,0.002808152697980404,0.011168543249368668,False,0.024503299966454506,482.11993408203125,0.9416404962539673,1928.1009521484375,1997.4029541015625,0.0037921094335615635,0.0,5120
M-1000,Transformer-2L,G:/PAI/outputs/checkpoints/world_model_ib_m1000_transformer2_fair_epoch_020.pt,reference_MPPI,42,265,-222.99210113836472,-54916.16931950893,0.0028498098254203796,-0.0011112624779343605,-0.0025713914074003696,False,0.024497900158166885,489.2240295410156,0.9555156826972961,1942.235107421875,1999.3428955078125,0.0033777349162846804,0.0,5120
M-1000,Transformer-2L,G:/PAI/outputs/checkpoints/world_model_ib_m1000_transformer2_fair_epoch_020.pt,reference_MPPI,42,266,-199.55324017575168,-55115.722559684684,-0.0009720264934003353,0.013282952830195427,0.0013995778281241655,False,0.024409500183537602,498.1180725097656,0.972886860370636,1948.22802734375,2005.402099609375,0.003413086524233222,0.0,5120
M-1000,Transformer-2L,G:/PAI/outputs/checkpoints/world_model_ib_m1000_transformer2_fair_epoch_020.pt,reference_MPPI,42,267,-231.82933757734438,-55347.55189726203,-0.0173150934278965,-0.0038187759928405285,0.018209800124168396,False,0.024101999821141362,484.4197082519531,0.946132242679596,1919.9080810546875,2002.65380859375,0.004349051974713802,0.0,5120
M-1000,Transformer-2L,G:/PAI/outputs/checkpoints/world_model_ib_m1000_transformer2_fair_epoch_020.pt,reference_MPPI,42,268,-207.75045517596874,-55555.302352438,0.007302538491785526,0.012625016272068024,0.0008587809279561043,False,0.02409969992004335,497.5802307128906,0.9718363881111145,1947.06005859375,2000.88134765625,0.003297668881714344,0.0,5120
M-1000,Transformer-2L,G:/PAI/outputs/checkpoints/world_model_ib_m1000_transformer2_fair_epoch_020.pt,reference_MPPI,42,269,-197.47488444438056,-55752.77723688238,0.00108119728974998,-0.002284723799675703,0.008207994513213634,False,0.024902400095015764,488.2888488769531,0.9536891579627991,1932.1331787109375,2001.228759765625,0.003807900007814169,0.0,5120
M-1000,Transformer-2L,G:/PAI/outputs/checkpoints/world_model_ib_m1000_transformer2_fair_epoch_020.pt,reference_MPPI,42,270,-199.20020709565136,-55951.97744397803,0.0025130626745522022,0.008065752685070038,-0.005071332678198814,False,0.024070299929007888,473.04339599609375,0.9239128828048706,1919.289306640625,1999.221435546875,0.0041753435507416725,0.0,5120
M-1000,Transformer-2L,G:/PAI/outputs/checkpoints/world_model_ib_m1000_transformer2_fair_epoch_020.pt,reference_MPPI,42,271,-196.8906852228717,-56148.8681292009,0.003499856684356928,-0.00330073363147676,0.003995528910309076,False,0.023584699956700206,482.28759765625,0.9419679641723633,1924.31005859375,2000.9234619140625,0.004078892525285482,0.0,5120
M-1000,Transformer-2L,G:/PAI/outputs/checkpoints/world_model_ib_m1000_transformer2_fair_epoch_020.pt,reference_MPPI,42,272,-222.7096073864093,-56371.57773658731,-0.0003433041274547577,-0.0010702176950871944,0.0007914723828434944,False,0.025256199995055795,482.23614501953125,0.941867470741272,1918.9605712890625,1996.2713623046875,0.0041062915697693825,0.0,5120
M-1000,Transformer-2L,G:/PAI/outputs/checkpoints/world_model_ib_m1000_transformer2_fair_epoch_020.pt,reference_MPPI,42,273,-214.38046051712615,-56585.95819710443,-0.014823812991380692,0.004651691764593124,-0.006081328261643648,False,0.02463589981198311,479.39031982421875,0.9363092184066772,1911.865966796875,2001.094970703125,0.00461466982960701,0.0,5120
M-1000,Transformer-2L,G:/PAI/outputs/checkpoints/world_model_ib_m1000_transformer2_fair_epoch_020.pt,reference_MPPI,42,274,-203.9196737283941,-56789.877870832825,0.006074029952287674,-0.010708983987569809,0.0029561640694737434,False,0.024639900075271726,492.8634338378906,0.9626238942146301,1940.2686767578125,1998.906494140625,0.0034438965376466513,0.0,5120
M-1000,Transformer-2L,G:/PAI/outputs/checkpoints/world_model_ib_m1000_transformer2_fair_epoch_020.pt,reference_MPPI,42,275,-195.6161790350871,-56985.49404986791,0.0032906513661146164,0.0029823591466993093,0.002375759882852435,False,0.025112199829891324,483.4806213378906,0.9442980885505676,1933.591796875,1998.42822265625,0.0036269163247197866,0.0,5120
M-1000,Transformer-2L,G:/PAI/outputs/checkpoints/world_model_ib_m1000_transformer2_fair_epoch_020.pt,reference_MPPI,42,276,-226.949590343757,-57212.44364021167,0.009458990767598152,0.005164451897144318,0.007268283050507307,False,0.02452489989809692,483.7124938964844,0.944750964641571,1925.013916015625,1995.025390625,0.0038221452850848436,0.0,5120
M-1000,Transformer-2L,G:/PAI/outputs/checkpoints/world_model_ib_m1000_transformer2_fair_epoch_020.pt,reference_MPPI,42,277,-199.2288210711415,-57411.67246128281,-0.0034825988113880157,-0.0028409501537680626,0.0018342742696404457,False,0.025012100115418434,495.19549560546875,0.9671787023544312,1938.8714599609375,1996.1962890625,0.0034084273502230644,0.0,5120
M-1000,Transformer-2L,G:/PAI/outputs/checkpoints/world_model_ib_m1000_transformer2_fair_epoch_020.pt,reference_MPPI,42,278,-219.3599630867421,-57631.03242436955,-0.008317478001117706,-0.00919358804821968,-0.00652982946485281,False,0.02489209990017116,474.4696044921875,0.9266984462738037,1918.4117431640625,1995.761474609375,0.0040757074020802975,0.0,5120
M-1000,Transformer-2L,G:/PAI/outputs/checkpoints/world_model_ib_m1000_transformer2_fair_epoch_020.pt,reference_MPPI,42,279,-197.57699007256429,-57828.609414442115,-0.008936832658946514,0.009889154694974422,0.002127049956470728,False,0.02519630012102425,487.9483642578125,0.95302414894104,1938.329345703125,2000.738525390625,0.0035608322359621525,0.0,5120
M-1000,Transformer-2L,G:/PAI/outputs/checkpoints/world_model_ib_m1000_transformer2_fair_epoch_020.pt,reference_MPPI,42,280,-202.47625920400836,-58031.08567364612,0.009213749319314957,-0.0025177127681672573,0.002445010468363762,False,0.02414679992944002,491.08160400390625,0.9591437578201294,1925.5870361328125,1996.4327392578125,0.0038834179285913706,0.0,5120
M-1000,Transformer-2L,G:/PAI/outputs/checkpoints/world_model_ib_m1000_transformer2_fair_epoch_020.pt,reference_MPPI,42,281,-212.1137595646022,-58243.19943321072,0.006135777570307255,-0.003646782599389553,0.006693649105727673,False,0.024388799909502268,480.9700012207031,0.9393945336341858,1920.3250732421875,1997.4083251953125,0.004088288173079491,0.0,5120
M-1000,Transformer-2L,G:/PAI/outputs/checkpoints/world_model_ib_m1000_transformer2_fair_epoch_020.pt,reference_MPPI,42,282,-197.2510066499443,-58440.450439860666,0.01112595945596695,-0.00391940213739872,0.0006656789919361472,False,0.024842800106853247,487.2507629394531,0.9516616463661194,1920.74951171875,1998.372802734375,0.004139939323067665,0.0,5120
M-1000,Transformer-2L,G:/PAI/outputs/checkpoints/world_model_ib_m1000_transformer2_fair_epoch_020.pt,reference_MPPI,42,283,-202.24878813053854,-58642.6992279912,0.0059925466775894165,0.01385396346449852,0.0016616201028227806,False,0.025095999939367175,473.36212158203125,0.9245353937149048,1915.3697509765625,1994.3077392578125,0.004129659850150347,0.0,5120
M-1000,Transformer-2L,G:/PAI/outputs/checkpoints/world_model_ib_m1000_transformer2_fair_epoch_020.pt,reference_MPPI,42,284,-215.4216825203335,-58858.120910511534,0.009745612740516663,0.006900000385940075,0.001314343884587288,False,0.025406999979168177,496.6786804199219,0.9700755476951599,1954.18212890625,1998.049072265625,0.002982431324198842,0.0,5120
M-1000,Transformer-2L,G:/PAI/outputs/checkpoints/world_model_ib_m1000_transformer2_fair_epoch_020.pt,reference_MPPI,42,285,-196.0919093719807,-59054.21281988351,0.004557119682431221,0.00857364758849144,-0.0006999801844358444,False,0.025532500119879842,495.9488220214844,0.9686500430107117,1951.58642578125,2000.0399169921875,0.0031207420397549868,0.0,5120
M-1000,Transformer-2L,G:/PAI/outputs/checkpoints/world_model_ib_m1000_transformer2_fair_epoch_020.pt,reference_MPPI,42,286,-207.3100638842891,-59261.5228837678,0.0006149820983409882,-0.003517144825309515,0.008139149285852909,False,0.02455330011434853,480.6446838378906,0.9387591481208801,1921.0604248046875,1999.19140625,0.0041352808475494385,0.0,5120
M-1000,Transformer-2L,G:/PAI/outputs/checkpoints/world_model_ib_m1000_transformer2_fair_epoch_020.pt,reference_MPPI,42,287,-215.55023896595185,-59477.07312273375,-0.0060239192098379135,-0.001656707376241684,-0.002652254421263933,False,0.025197400012984872,477.5797424316406,0.9327729344367981,1913.33740234375,2001.68212890625,0.004561243578791618,0.0,5120
M-1000,Transformer-2L,G:/PAI/outputs/checkpoints/world_model_ib_m1000_transformer2_fair_epoch_020.pt,reference_MPPI,42,288,-219.69331585821206,-59696.76643859196,0.004397284239530563,0.013894977048039436,0.007230154704302549,False,0.0253369000274688,472.45123291015625,0.9227563142776489,1914.0260009765625,2000.43896484375,0.004457646515220404,0.0,5120
M-1000,Transformer-2L,G:/PAI/outputs/checkpoints/world_model_ib_m1000_transformer2_fair_epoch_020.pt,reference_MPPI,42,289,-224.54860124399016,-59921.31503983595,-7.606274448335171e-05,-0.007408111356198788,-0.0016962592490017414,False,0.0246010001283139,464.8184814453125,0.907848596572876,1908.6279296875,1997.6602783203125,0.004531947895884514,0.0,5120
M-1000,Transformer-2L,G:/PAI/outputs/checkpoints/world_model_ib_m1000_transformer2_fair_epoch_020.pt,reference_MPPI,42,290,-201.30463119842662,-60122.61967103438,0.01041797548532486,0.013502540998160839,0.011920822784304619,False,0.024496000027284026,490.30157470703125,0.9576202630996704,1944.9625244140625,2003.119140625,0.0034189268480986357,0.0,5120
M-1000,Transformer-2L,G:/PAI/outputs/checkpoints/world_model_ib_m1000_transformer2_fair_epoch_020.pt,reference_MPPI,42,291,-216.0406113819032,-60338.660282416284,0.002317029982805252,-0.006636147387325764,0.014147141017019749,False,0.024893000023439527,476.939208984375,0.9315218925476074,1930.099853515625,1999.693359375,0.003776199882850051,0.0,5120
M-1000,Transformer-2L,G:/PAI/outputs/checkpoints/world_model_ib_m1000_transformer2_fair_epoch_020.pt,reference_MPPI,42,292,-206.58021859235993,-60545.240501008644,-0.003893902525305748,0.012052937410771847,0.02412813901901245,False,0.02495050011202693,495.28265380859375,0.9673489332199097,1947.0765380859375,2001.970703125,0.003326039994135499,0.0,5120
M-1000,Transformer-2L,G:/PAI/outputs/checkpoints/world_model_ib_m1000_transformer2_fair_epoch_020.pt,reference_MPPI,42,293,-205.65448098365982,-60750.89498199231,0.009142158553004265,0.0009619146585464478,-0.0058471388183534145,False,0.025338599923998117,487.6199645996094,0.9523827433586121,1931.3658447265625,1999.48193359375,0.0037678000517189503,0.0,5120
M-1000,Transformer-2L,G:/PAI/outputs/checkpoints/world_model_ib_m1000_transformer2_fair_epoch_020.pt,reference_MPPI,42,294,-211.60096349922102,-60962.49594549153,-0.0006412169896066189,0.0006304428679868579,0.013004492036998272,False,0.0253094001673162,488.6208190917969,0.9543375372886658,1935.781494140625,2001.6368408203125,0.0036845747381448746,0.0,5120
M-1000,Transformer-2L,G:/PAI/outputs/checkpoints/world_model_ib_m1000_transformer2_fair_epoch_020.pt,reference_MPPI,42,295,-199.5901079662318,-61162.08605345776,0.0038830600678920746,-0.003077256493270397,0.0013233833014965057,False,0.024913999950513244,468.8031005859375,0.9156310558319092,1912.5797119140625,1996.5137939453125,0.004317200277000666,0.0,5120
M-1000,Transformer-2L,G:/PAI/outputs/checkpoints/world_model_ib_m1000_transformer2_fair_epoch_020.pt,reference_MPPI,42,296,-218.8981573506172,-61380.984210808376,0.003925376106053591,-0.0003905985504388809,0.019480757415294647,False,0.025890900054946542,484.12506103515625,0.9455567598342896,1929.2838134765625,2000.0462646484375,0.0038549096789211035,0.0,5120
M-1000,Transformer-2L,G:/PAI/outputs/checkpoints/world_model_ib_m1000_transformer2_fair_epoch_020.pt,reference_MPPI,42,297,-219.07195708838543,-61600.056167896764,0.0042015258222818375,0.0115581676363945,-0.0069154310040175915,False,0.02422429993748665,493.07574462890625,0.9630385637283325,1937.426513671875,2003.7982177734375,0.0037239885423332453,0.0,5120
M-1000,Transformer-2L,G:/PAI/outputs/checkpoints/world_model_ib_m1000_transformer2_fair_epoch_020.pt,reference_MPPI,42,298,-207.33319151804193,-61807.3893594148,0.0038197459653019905,-0.0013470780104398727,0.0006068078801035881,False,0.025016200030222535,486.78460693359375,0.9507511854171753,1925.40966796875,2001.6815185546875,0.004086600616574287,0.0,5120
M-1000,Transformer-2L,G:/PAI/outputs/checkpoints/world_model_ib_m1000_transformer2_fair_epoch_020.pt,reference_MPPI,42,299,-202.49785897793745,-62009.88721839274,-0.001429462805390358,0.013576364144682884,0.00804929155856371,False,0.025123000144958496,488.1855163574219,0.9534873366355896,1922.642822265625,1998.8114013671875,0.0040838029235601425,0.0,5120
M-1000,Transformer-2L,G:/PAI/outputs/checkpoints/world_model_ib_m1000_transformer2_fair_epoch_020.pt,reference_MPPI,42,300,-218.32223633258945,-62228.20945472533,0.001788020133972168,-0.0009630750864744186,0.01382693275809288,False,0.024952099891379476,489.56927490234375,0.9561899900436401,1928.467041015625,1998.7576904296875,0.003857275238260627,0.0,5120
M-1000,Transformer-2L,G:/PAI/outputs/checkpoints/world_model_ib_m1000_transformer2_fair_epoch_020.pt,reference_MPPI,42,301,-214.36784783668492,-62442.577302562015,-0.008054336532950401,0.01155967265367508,0.017885731533169746,False,0.0245746998116374,486.6222839355469,0.950434148311615,1928.529296875,1996.961669921875,0.0037714671343564987,0.0,5120
M-1000,Transformer-2L,G:/PAI/outputs/checkpoints/world_model_ib_m1000_transformer2_fair_epoch_020.pt,reference_MPPI,42,302,-226.23042609201488,-62668.80772865403,-0.00876043364405632,0.00622685719281435,0.002839019987732172,False,0.026232699863612652,472.713623046875,0.9232687950134277,1916.104248046875,2004.291015625,0.004536016378551722,0.0,5120
M-1000,Transformer-2L,G:/PAI/outputs/checkpoints/world_model_ib_m1000_transformer2_fair_epoch_020.pt,reference_MPPI,42,303,-227.08912440109293,-62895.89685305512,-0.00999387539923191,0.022324539721012115,0.0015497300773859024,False,0.024897600058466196,481.2666931152344,0.9399740099906921,1910.3272705078125,1998.1160888671875,0.004552862606942654,0.0,5120
M-1000,Transformer-2L,G:/PAI/outputs/checkpoints/world_model_ib_m1000_transformer2_fair_epoch_020.pt,reference_MPPI,42,304,-204.26022534521053,-63100.157078400334,0.0018162801861763,0.009995749220252037,0.010070604272186756,False,0.024670799961313605,488.5570068359375,0.9542129039764404,1937.773681640625,1999.4134521484375,0.003533119335770607,0.0,5120
M-1000,Transformer-2L,G:/PAI/outputs/checkpoints/world_model_ib_m1000_transformer2_fair_epoch_020.pt,reference_MPPI,42,305,-199.43266877273047,-63299.589747173064,0.0029620821587741375,0.018029693514108658,0.011942386627197266,False,0.02457979996688664,474.8576965332031,0.9274564385414124,1921.9810791015625,1996.990966796875,0.003979845438152552,0.0,5120
M-1000,Transformer-2L,G:/PAI/outputs/checkpoints/world_model_ib_m1000_transformer2_fair_epoch_020.pt,reference_MPPI,42,306,-205.6550769234526,-63505.24482409652,0.0068173701874911785,0.00048081495333462954,0.0013474212028086185,False,0.025122000137344003,491.15179443359375,0.9592808485031128,1940.273681640625,1999.889892578125,0.0034719915129244328,0.0,5120
M-1000,Transformer-2L,G:/PAI/outputs/checkpoints/world_model_ib_m1000_transformer2_fair_epoch_020.pt,reference_MPPI,42,307,-210.67176296179355,-63715.91658705831,-0.005929835140705109,0.005172477103769779,-0.00043979682959616184,False,0.024845500010997057,485.39666748046875,0.9480403661727905,1927.6912841796875,2001.184326171875,0.003962438553571701,0.0,5120
M-1000,Transformer-2L,G:/PAI/outputs/checkpoints/world_model_ib_m1000_transformer2_fair_epoch_020.pt,reference_MPPI,42,308,-206.6143540936221,-63922.530941151934,0.004284484311938286,0.00848248042166233,0.015853630378842354,False,0.024406000040471554,478.7445068359375,0.9350478649139404,1922.073974609375,1996.967529296875,0.003989442251622677,0.0,5120
M-1000,Transformer-2L,G:/PAI/outputs/checkpoints/world_model_ib_m1000_transformer2_fair_epoch_020.pt,reference_MPPI,42,309,-207.54777519128936,-64130.078716343225,0.00813145749270916,0.006113814655691385,-0.004813512787222862,False,0.024752299999818206,480.6079406738281,0.9386873841285706,1925.558837890625,1997.786865234375,0.0038962189573794603,0.0,5120
M-1000,Transformer-2L,G:/PAI/outputs/checkpoints/world_model_ib_m1000_transformer2_fair_epoch_020.pt,reference_MPPI,42,310,-208.35962078890353,-64338.43833713213,-0.0034667467698454857,-0.001922832801938057,0.008316866122186184,False,0.02425819984637201,494.23101806640625,0.9652949571609497,1938.2410888671875,2000.62744140625,0.0035808703396469355,0.0,5120
M-1000,Transformer-2L,G:/PAI/outputs/checkpoints/world_model_ib_m1000_transformer2_fair_epoch_020.pt,reference_MPPI,42,311,-200.17535787734602,-64538.61369500948,0.0035140973050147295,0.010219446383416653,0.009758302010595798,False,0.024491199990734458,486.41827392578125,0.9500356912612915,1939.3521728515625,2000.4085693359375,0.0035061112139374018,0.0,5120
M-1000,Transformer-2L,G:/PAI/outputs/checkpoints/world_model_ib_m1000_transformer2_fair_epoch_020.pt,reference_MPPI,42,312,-214.20111508745208,-64752.814810096934,0.01143837720155716,0.002625314984470606,0.01196393370628357,False,0.024444299982860684,484.0981750488281,0.9455042481422424,1925.2325439453125,1993.8529052734375,0.003770747222006321,0.0,5120
M-1000,Transformer-2L,G:/PAI/outputs/checkpoints/world_model_ib_m1000_transformer2_fair_epoch_020.pt,reference_MPPI,42,313,-202.50912774773857,-64955.323937844674,-0.010770076885819435,-0.004510462284088135,0.0038752276450395584,False,0.02473969990387559,494.5028381347656,0.9658258557319641,1948.585205078125,1998.517822265625,0.0031625223346054554,0.0,5120
M-1000,Transformer-2L,G:/PAI/outputs/checkpoints/world_model_ib_m1000_transformer2_fair_epoch_020.pt,reference_MPPI,42,314,-203.1705638589557,-65158.49450170363,-0.00977090373635292,-0.00345601886510849,0.007356181275099516,False,0.024678600020706654,482.9302673339844,0.9432231783866882,1931.620361328125,2001.808349609375,0.0038279094733297825,0.0,5120
M-1000,Transformer-2L,G:/PAI/outputs/checkpoints/world_model_ib_m1000_transformer2_fair_epoch_020.pt,reference_MPPI,42,315,-205.60966332907014,-65364.1041650327,0.004565889947116375,-0.005403985269367695,0.006858764216303825,False,0.024873600108549,480.4919128417969,0.9384607672691345,1926.8973388671875,1997.61865234375,0.003837226890027523,0.0,5120
M-1000,Transformer-2L,G:/PAI/outputs/checkpoints/world_model_ib_m1000_transformer2_fair_epoch_020.pt,reference_MPPI,42,316,-212.76976205438854,-65576.87392708709,0.0063886698335409164,-0.0021834038197994232,0.00041640037670731544,False,0.024918199982494116,475.7423095703125,0.9291841983795166,1913.94189453125,2002.04736328125,0.004542054142802954,0.0,5120
M-1000,Transformer-2L,G:/PAI/outputs/checkpoints/world_model_ib_m1000_transformer2_fair_epoch_020.pt,reference_MPPI,42,317,-217.00978692585915,-65793.88371401295,-0.005794736556708813,0.0035047014243900776,0.011890207417309284,False,0.02382280002348125,482.94775390625,0.9432573318481445,1927.259521484375,1999.65966796875,0.003914221655577421,0.0,5120
M-1000,Transformer-2L,G:/PAI/outputs/checkpoints/world_model_ib_m1000_transformer2_fair_epoch_020.pt,reference_MPPI,42,318,-203.82081693831196,-65997.70453095126,0.010430402122437954,0.000492963008582592,0.00403239019215107,False,0.024295700015500188,483.223876953125,0.9437966346740723,1924.979736328125,2000.15185546875,0.004024605266749859,0.0,5120
M-1000,Transformer-2L,G:/PAI/outputs/checkpoints/world_model_ib_m1000_transformer2_fair_epoch_020.pt,reference_MPPI,42,319,-212.58366162029472,-66210.28819257156,0.0002597547136247158,-0.004693378694355488,0.0059871980920434,False,0.024933999869972467,480.1803894042969,0.9378523230552673,1927.8470458984375,2000.979248046875,0.003928010817617178,0.0,5120
M-1000,Transformer-2L,G:/PAI/outputs/checkpoints/world_model_ib_m1000_transformer2_fair_epoch_020.pt,reference_MPPI,42,320,-199.29620922155266,-66409.58440179311,0.0029208147898316383,-0.0007255570963025093,0.004398405086249113,False,0.02394560002721846,485.52252197265625,0.9482861757278442,1908.0750732421875,1994.804443359375,0.004533730912953615,0.0,5120
M-1000,Transformer-2L,G:/PAI/outputs/checkpoints/world_model_ib_m1000_transformer2_fair_epoch_020.pt,reference_MPPI,42,321,-209.7497919639316,-66619.33419375704,-0.0016947067342698574,0.007262257393449545,-0.006504672579467297,False,0.024560099933296442,486.1777648925781,0.9495659470558167,1929.0650634765625,1998.310791015625,0.0038025276735424995,0.0,5120
M-1000,Transformer-2L,G:/PAI/outputs/checkpoints/world_model_ib_m1000_transformer2_fair_epoch_020.pt,reference_MPPI,42,322,-215.73811895907727,-66835.07231271612,0.001222918275743723,0.0009026890620589256,0.003837063442915678,False,0.024546799948439002,474.7018127441406,0.9271519780158997,1910.596435546875,2001.678466796875,0.004682466853410006,0.0,5120
M-1000,Transformer-2L,G:/PAI/outputs/checkpoints/world_model_ib_m1000_transformer2_fair_epoch_020.pt,reference_MPPI,42,323,-204.94154774982303,-67040.01386046594,0.006655114237219095,0.0031520314514636993,0.003959584049880505,False,0.025096700061112642,475.1927490234375,0.9281108379364014,1915.28759765625,1997.074951171875,0.004260524641722441,0.0,5120
M-1000,Transformer-2L,G:/PAI/outputs/checkpoints/world_model_ib_m1000_transformer2_fair_epoch_020.pt,reference_MPPI,42,324,-201.6667577003015,-67241.68061816624,-0.0006924020126461983,0.008921694941818714,0.0030077798292040825,False,0.024411900201812387,486.94781494140625,0.9510699510574341,1922.8463134765625,1999.18798828125,0.004088147077709436,0.0,5120
M-1000,Transformer-2L,G:/PAI/outputs/checkpoints/world_model_ib_m1000_transformer2_fair_epoch_020.pt,reference_MPPI,42,325,-206.88525876434488,-67448.56587693059,-0.0026560742408037186,-0.0014745015650987625,0.0032806633971631527,False,0.02451869985088706,482.6565856933594,0.9426886439323425,1919.275390625,1999.92431640625,0.004253434017300606,0.0,5120
M-1000,Transformer-2L,G:/PAI/outputs/checkpoints/world_model_ib_m1000_transformer2_fair_epoch_020.pt,reference_MPPI,42,326,-220.67264386235013,-67669.23852079293,0.005337672308087349,0.002373612020164728,0.0222670529037714,False,0.024074099957942963,487.9321594238281,0.9529924988746643,1941.8721923828125,2003.65234375,0.0035362879280000925,0.0,5120
M-1000,Transformer-2L,G:/PAI/outputs/checkpoints/world_model_ib_m1000_transformer2_fair_epoch_020.pt,reference_MPPI,42,327,-209.20772245571868,-67878.44624324865,-0.002106170170009136,0.0066172461956739426,8.127628825604916e-05,False,0.023959399899467826,490.635498046875,0.9582724571228027,1937.2158203125,1997.627197265625,0.0034975868184119463,0.0,5120
M-1000,Transformer-2L,G:/PAI/outputs/checkpoints/world_model_ib_m1000_transformer2_fair_epoch_020.pt,reference_MPPI,42,328,-210.08050860802228,-68088.52675185667,0.003941911272704601,-0.0033617187291383743,0.0008138073608279228,False,0.024547599954530597,480.05755615234375,0.9376124143600464,1924.8228759765625,1996.654541015625,0.003876742208376527,0.0,5120
M-1000,Transformer-2L,G:/PAI/outputs/checkpoints/world_model_ib_m1000_transformer2_fair_epoch_020.pt,reference_MPPI,42,329,-201.21837621052288,-68289.7451280672,0.014812501147389412,-0.005961617920547724,0.013309497386217117,False,0.02495950018055737,487.3039855957031,0.9517655968666077,1941.1248779296875,2000.1793212890625,0.0034371200017631054,0.0,5120
M-1000,Transformer-2L,G:/PAI/outputs/checkpoints/world_model_ib_m1000_transformer2_fair_epoch_020.pt,reference_MPPI,42,330,-215.05011825459778,-68504.7952463218,0.009786734357476234,-0.004754273220896721,0.0038153063505887985,False,0.024987899931147695,493.31988525390625,0.9635154008865356,1938.90771484375,2003.9052734375,0.0036745902616530657,0.0,5120
M-1000,Transformer-2L,G:/PAI/outputs/checkpoints/world_model_ib_m1000_transformer2_fair_epoch_020.pt,reference_MPPI,42,331,-204.73022605496755,-68709.52547237676,0.011436150409281254,0.0021062756422907114,0.007204839959740639,False,0.02438140008598566,495.5523681640625,0.9678757190704346,1948.925537109375,2001.5096435546875,0.0032502610702067614,0.0,5120
M-1000,Transformer-2L,G:/PAI/outputs/checkpoints/world_model_ib_m1000_transformer2_fair_epoch_020.pt,reference_MPPI,42,332,-202.34938374463954,-68911.8748561214,-0.0018398757092654705,0.0028223968110978603,0.01657388173043728,False,0.02483780006878078,490.41461181640625,0.9578410387039185,1940.3992919921875,2001.19091796875,0.0035110844764858484,0.0,5120
M-1000,Transformer-2L,G:/PAI/outputs/checkpoints/world_model_ib_m1000_transformer2_fair_epoch_020.pt,reference_MPPI,42,333,-226.83844801216998,-69138.71330413358,-0.0022440003231167793,0.0013049400877207518,0.003579285927116871,False,0.024873800110071898,483.93212890625,0.9451799392700195,1919.00341796875,1998.79443359375,0.004219919443130493,0.0,5120
M-1000,Transformer-2L,G:/PAI/outputs/checkpoints/world_model_ib_m1000_transformer2_fair_epoch_020.pt,reference_MPPI,42,334,-219.30829290214393,-69358.02159703572,0.006374582182615995,0.0021202396601438522,0.007180945016443729,False,0.024205799913033843,475.9178466796875,0.9295270442962646,1921.0369873046875,1996.6282958984375,0.004008918069303036,0.0,5120
M-1000,Transformer-2L,G:/PAI/outputs/checkpoints/world_model_ib_m1000_transformer2_fair_epoch_020.pt,reference_MPPI,42,335,-220.00028699198106,-69578.02188402771,0.0013270704075694084,-0.0006951477844268084,-0.001611761748790741,False,0.024848799919709563,491.87548828125,0.9606943130493164,1929.8768310546875,1997.5338134765625,0.003766425419598818,0.0,5120
M-1000,Transformer-2L,G:/PAI/outputs/checkpoints/world_model_ib_m1000_transformer2_fair_epoch_020.pt,reference_MPPI,42,336,-206.86742442063817,-69784.88930844834,0.002046794630587101,0.003263985039666295,0.004311077296733856,False,0.02420960017479956,489.69415283203125,0.956433892250061,1925.4879150390625,1999.0389404296875,0.00398782454431057,0.0,5120
M-1000,Transformer-2L,G:/PAI/outputs/checkpoints/world_model_ib_m1000_transformer2_fair_epoch_020.pt,reference_MPPI,42,337,-206.0425290133373,-69990.93183746169,-0.0004468923434615135,0.0029753074049949646,-0.0009898105636239052,False,0.024434300139546394,478.32672119140625,0.9342318773269653,1900.691650390625,1997.862060546875,0.004995365627110004,0.0,5120
M-1000,Transformer-2L,G:/PAI/outputs/checkpoints/world_model_ib_m1000_transformer2_fair_epoch_020.pt,reference_MPPI,42,338,-225.08059831789075,-70216.01243577957,0.005428040400147438,0.006327905226498842,0.006662699859589338,False,0.024603300029411912,467.3199157714844,0.9127342104911804,1895.3150634765625,2001.8330078125,0.005421795882284641,0.0,5120
M-1000,Transformer-2L,G:/PAI/outputs/checkpoints/world_model_ib_m1000_transformer2_fair_epoch_020.pt,reference_MPPI,42,339,-208.76463788920466,-70424.77707366878,0.00983007438480854,0.0034094741567969322,0.005619717761874199,False,0.025222199968993664,492.0722961425781,0.9610787034034729,1931.540771484375,1996.8056640625,0.003677080385386944,0.0,5120
M-1000,Transformer-2L,G:/PAI/outputs/checkpoints/world_model_ib_m1000_transformer2_fair_epoch_020.pt,reference_MPPI,42,340,-207.4360942016926,-70632.21316787048,-0.00022541778162121773,0.0011999194975942373,0.003670251462608576,False,0.02458930015563965,493.57257080078125,0.9640089273452759,1942.916748046875,1994.824951171875,0.0032214256934821606,0.0,5120
M-1000,Transformer-2L,G:/PAI/outputs/checkpoints/world_model_ib_m1000_transformer2_fair_epoch_020.pt,reference_MPPI,42,341,-209.62104568983483,-70841.83421356032,0.008792748674750328,-0.009569425135850906,0.008788137696683407,False,0.02446560002863407,481.1034851074219,0.9396552443504333,1928.3555908203125,1997.1531982421875,0.0037667397409677505,0.0,5120
M-1000,Transformer-2L,G:/PAI/outputs/checkpoints/world_model_ib_m1000_transformer2_fair_epoch_020.pt,reference_MPPI,42,342,-209.81294778668502,-71051.647161347,0.005849106702953577,0.01132756657898426,-0.009069225750863552,False,0.024899900192394853,484.8687438964844,0.947009265422821,1921.302490234375,1993.487548828125,0.003910154569894075,0.0,5120
M-1000,Transformer-2L,G:/PAI/outputs/checkpoints/world_model_ib_m1000_transformer2_fair_epoch_020.pt,reference_MPPI,42,343,-215.93871199205591,-71267.58587333906,-0.0019158092327415943,0.002552070887759328,0.0010455921292304993,False,0.02413260005414486,483.2367248535156,0.9438217282295227,1930.82763671875,1998.447509765625,0.003726096823811531,0.0,5120
M-1000,Transformer-2L,G:/PAI/outputs/checkpoints/world_model_ib_m1000_transformer2_fair_epoch_020.pt,reference_MPPI,42,344,-213.14045513659747,-71480.72632847566,0.008923090994358063,0.00014144228771328926,0.0062872134149074554,False,0.024613399989902973,462.15521240234375,0.9026468992233276,1912.062744140625,1997.4345703125,0.004355819430202246,0.0,5120
M-1000,Transformer-2L,G:/PAI/outputs/checkpoints/world_model_ib_m1000_transformer2_fair_epoch_020.pt,reference_MPPI,42,345,-208.52559495247291,-71689.25192342814,-0.0014731476549059153,-4.624761641025543e-05,-0.005640819668769836,False,0.024198499973863363,490.7816162109375,0.9585578441619873,1931.981689453125,1994.14404296875,0.0035597437527030706,0.0,5120
M-1000,Transformer-2L,G:/PAI/outputs/checkpoints/world_model_ib_m1000_transformer2_fair_epoch_020.pt,reference_MPPI,42,346,-200.6710517603999,-71889.92297518853,0.0012171128764748573,0.0018677208572626114,0.001272810623049736,False,0.024696300039067864,496.08624267578125,0.9689184427261353,1945.442626953125,1995.5264892578125,0.0031729727052152157,0.0,5120
M-1000,Transformer-2L,G:/PAI/outputs/checkpoints/world_model_ib_m1000_transformer2_fair_epoch_020.pt,reference_MPPI,42,347,-204.1279642739844,-72094.05093946251,-0.002783527597784996,0.008070576936006546,0.0076514435932040215,False,0.024784200126305223,480.0531921386719,0.9376038908958435,1900.7701416015625,1994.960693359375,0.004855374339967966,0.0,5120
M-1000,Transformer-2L,G:/PAI/outputs/checkpoints/world_model_ib_m1000_transformer2_fair_epoch_020.pt,reference_MPPI,42,348,-198.1978864299662,-72292.24882589247,0.0030307616107165813,0.009123070165514946,0.007112034596502781,False,0.025203799828886986,482.3865051269531,0.9421611428260803,1920.7109375,1992.629638671875,0.0038935800548642874,0.0,5120
M-1000,Transformer-2L,G:/PAI/outputs/checkpoints/world_model_ib_m1000_transformer2_fair_epoch_020.pt,reference_MPPI,42,349,-222.24269243951477,-72514.49151833198,-0.007781048305332661,-0.004722651094198227,-0.0009246054105460644,False,0.024061100091785192,477.9385681152344,0.9334737658500671,1913.7216796875,1996.0556640625,0.0042968085035681725,0.0,5120
M-1000,Transformer-2L,G:/PAI/outputs/checkpoints/world_model_ib_m1000_transformer2_fair_epoch_020.pt,reference_MPPI,42,350,-201.99499362352776,-72716.4865119555,0.006433617323637009,-0.0027535525150597095,-0.014429084956645966,False,0.02452149987220764,481.5335693359375,0.9404952526092529,1905.059326171875,1998.0009765625,0.004795611836016178,0.0,5120
M-1000,Transformer-2L,G:/PAI/outputs/checkpoints/world_model_ib_m1000_transformer2_fair_epoch_020.pt,reference_MPPI,42,351,-213.6798574877119,-72930.16636944322,0.008913559839129448,0.00503705395385623,0.0009279819205403328,False,0.024813299998641014,474.348876953125,0.9264626502990723,1905.4505615234375,1998.116455078125,0.00475020008161664,0.0,5120
M-1000,Transformer-2L,G:/PAI/outputs/checkpoints/world_model_ib_m1000_transformer2_fair_epoch_020.pt,reference_MPPI,42,352,-207.71215453420913,-73137.87852397743,0.005848853383213282,0.00421810382977128,-0.0038017951883375645,False,0.024568599881604314,485.2843322753906,0.9478209614753723,1931.954833984375,1996.655029296875,0.0036315880715847015,0.0,5120
M-1000,Transformer-2L,G:/PAI/outputs/checkpoints/world_model_ib_m1000_transformer2_fair_epoch_020.pt,reference_MPPI,42,353,-220.04027518171972,-73357.91879915915,-0.0004374450072646141,-0.0016611898317933083,0.007748783566057682,False,0.024679600028321147,480.79656982421875,0.9390558004379272,1916.5736083984375,1999.450927734375,0.004339225124567747,0.0,5120
M-1000,Transformer-2L,G:/PAI/outputs/checkpoints/world_model_ib_m1000_transformer2_fair_epoch_020.pt,reference_MPPI,42,354,-206.82815036151388,-73564.74694952066,-0.0004548216238617897,0.005595546681433916,-0.0025159697979688644,False,0.024237100034952164,477.910400390625,0.9334187507629395,1910.3961181640625,1995.6688232421875,0.004423126112669706,0.0,5120
M-1000,Transformer-2L,G:/PAI/outputs/checkpoints/world_model_ib_m1000_transformer2_fair_epoch_020.pt,reference_MPPI,42,355,-209.50851722014156,-73774.2554667408,-1.4533288776874542e-05,-0.004244472365826368,0.005550163798034191,False,0.024203999899327755,492.0212097167969,0.9609789252281189,1921.12744140625,1998.70263671875,0.00415722094476223,0.0,5120
M-1000,Transformer-2L,G:/PAI/outputs/checkpoints/world_model_ib_m1000_transformer2_fair_epoch_020.pt,reference_MPPI,42,356,-205.6673156129323,-73979.92278235372,0.004375581629574299,-0.00530277518555522,0.0008526071906089783,False,0.02469039987772703,486.39404296875,0.9499883651733398,1908.7198486328125,1995.6187744140625,0.00454068323597312,0.0,5120
M-1000,Transformer-2L,G:/PAI/outputs/checkpoints/world_model_ib_m1000_transformer2_fair_epoch_020.pt,reference_MPPI,42,357,-206.9863689966018,-74186.90915135032,0.0009719850495457649,-0.0017142891883850098,0.009267987683415413,False,0.0239824999589473,483.8103332519531,0.944942057132721,1924.7843017578125,1997.51708984375,0.003931941464543343,0.0,5120
M-1000,Transformer-2L,G:/PAI/outputs/checkpoints/world_model_ib_m1000_transformer2_fair_epoch_020.pt,reference_MPPI,42,358,-205.20243577455514,-74392.11158712488,-0.0009992469567805529,-0.00035376520827412605,0.006485790014266968,False,0.02434659982100129,491.9901123046875,0.9609181880950928,1930.755126953125,1998.079833984375,0.0037548511754721403,0.0,5120
M-1000,Transformer-2L,G:/PAI/outputs/checkpoints/world_model_ib_m1000_transformer2_fair_epoch_020.pt,reference_MPPI,42,359,-205.7776517424717,-74597.88923886734,0.0006670377915725112,0.006211929954588413,-0.00032443110831081867,False,0.02480830019339919,487.6051330566406,0.9523537755012512,1933.060302734375,1995.8935546875,0.0035728358197957277,0.0,5120
M-1000,Transformer-2L,G:/PAI/outputs/checkpoints/world_model_ib_m1000_transformer2_fair_epoch_020.pt,reference_MPPI,42,360,-220.93632195896862,-74818.82556082631,-0.005517515353858471,0.007176009472459555,0.021349988877773285,False,0.023999499855563045,489.31939697265625,0.9557019472122192,1924.772216796875,1999.513916015625,0.004030694719403982,0.0,5120
M-1000,Transformer-2L,G:/PAI/outputs/checkpoints/world_model_ib_m1000_transformer2_fair_epoch_020.pt,reference_MPPI,42,361,-214.7045421914408,-75033.53010301775,0.0023052627220749855,-0.007969718426465988,0.01373598724603653,False,0.024666399927809834,474.9493713378906,0.9276354908943176,1907.8408203125,1994.8671875,0.004497604910284281,0.0,5120
M-1000,Transformer-2L,G:/PAI/outputs/checkpoints/world_model_ib_m1000_transformer2_fair_epoch_020.pt,reference_MPPI,42,362,-204.6914504430815,-75238.22155346083,-0.004504028707742691,0.001317618414759636,0.006223136559128761,False,0.024474200094118714,487.25494384765625,0.9516698122024536,1936.1351318359375,2001.624267578125,0.0036682861391454935,0.0,5120
M-1000,Transformer-2L,G:/PAI/outputs/checkpoints/world_model_ib_m1000_transformer2_fair_epoch_020.pt,reference_MPPI,42,363,-215.0825561074763,-75453.3041095683,0.008275414817035198,0.003102055285125971,0.008379930630326271,False,0.02444360009394586,489.040771484375,0.9551577568054199,1930.13671875,1997.29248046875,0.0037351802457123995,0.0,5120
M-1000,Transformer-2L,G:/PAI/outputs/checkpoints/world_model_ib_m1000_transformer2_fair_epoch_020.pt,reference_MPPI,42,364,-198.1408857749871,-75651.44499534329,-0.011229464784264565,0.0009004119783639908,0.004859535489231348,False,0.0243518000934273,488.0048522949219,0.9531344771385193,1931.5836181640625,1994.29443359375,0.0035702541936188936,0.0,5120
M-1000,Transformer-2L,G:/PAI/outputs/checkpoints/world_model_ib_m1000_transformer2_fair_epoch_020.pt,reference_MPPI,42,365,-208.54237766783552,-75859.98737301113,-0.00011645583435893059,0.011334462091326714,0.0013978732749819756,False,0.02538869995623827,495.1001892089844,0.9669925570487976,1947.7169189453125,1995.54541015625,0.0030977886635810137,0.0,5120
M-1000,Transformer-2L,G:/PAI/outputs/checkpoints/world_model_ib_m1000_transformer2_fair_epoch_020.pt,reference_MPPI,42,366,-203.04074180731715,-76063.02811481844,0.004005046095699072,0.004763283766806126,-0.005460330285131931,False,0.02458930015563965,490.32586669921875,0.9576677083969116,1936.3001708984375,1996.557373046875,0.0034916785079985857,0.0,5120
M-1000,Transformer-2L,G:/PAI/outputs/checkpoints/world_model_ib_m1000_transformer2_fair_epoch_020.pt,reference_MPPI,42,367,-204.77092413844633,-76267.79903895689,0.010122084058821201,-0.0025175465270876884,0.013866337947547436,False,0.0249636999797076,496.2864074707031,0.969309389591217,1936.431396484375,1997.9306640625,0.0035563725978136063,0.0,5120
M-1000,Transformer-2L,G:/PAI/outputs/checkpoints/world_model_ib_m1000_transformer2_fair_epoch_020.pt,reference_MPPI,42,368,-201.3813046019913,-76469.18034355888,0.00904908124357462,0.001141274580731988,0.005099679343402386,False,0.02480530017055571,495.4916076660156,0.9677570462226868,1945.061767578125,2000.6146240234375,0.0033484078012406826,0.0,5120
M-1000,Transformer-2L,G:/PAI/outputs/checkpoints/world_model_ib_m1000_transformer2_fair_epoch_020.pt,reference_MPPI,42,369,-201.03296101043827,-76670.21330456932,-0.0008668433874845505,0.007579456083476543,0.0025162515230476856,False,0.0265947999432683,478.1276550292969,0.9338430762290955,1911.2855224609375,1994.8592529296875,0.004356646444648504,0.0,5120
M-1000,Transformer-2L,G:/PAI/outputs/checkpoints/world_model_ib_m1000_transformer2_fair_epoch_020.pt,reference_MPPI,42,370,-199.33845493413344,-76869.55175950345,0.00136809260584414,-0.0138583704829216,0.0072913337498903275,False,0.025522699812427163,478.56365966796875,0.9346946477890015,1909.5902099609375,1995.6898193359375,0.0044679720886051655,0.0,5120
M-1000,Transformer-2L,G:/PAI/outputs/checkpoints/world_model_ib_m1000_transformer2_fair_epoch_020.pt,reference_MPPI,42,371,-229.80169776214944,-77099.35345726559,0.008174428716301918,0.0021711736917495728,0.0087443757802248,False,0.029368799878284335,460.0224304199219,0.8984813094139099,1908.0167236328125,1995.5513916015625,0.0044435784220695496,0.0,5120
M-1000,Transformer-2L,G:/PAI/outputs/checkpoints/world_model_ib_m1000_transformer2_fair_epoch_020.pt,reference_MPPI,42,372,-199.90840815139347,-77299.26186541698,0.006178809329867363,0.007314239162951708,-0.00654948316514492,False,0.025161900091916323,484.153564453125,0.9456124305725098,1933.2413330078125,1995.941162109375,0.003554931376129389,0.0,5120
M-1000,Transformer-2L,G:/PAI/outputs/checkpoints/world_model_ib_m1000_transformer2_fair_epoch_020.pt,reference_MPPI,42,373,-204.00890894852574,-77503.2707743655,-0.0013123205862939358,0.006583067588508129,0.010526446625590324,False,0.02452660002745688,486.59375,0.95037841796875,1927.1539306640625,1997.6407470703125,0.00385076180100441,0.0,5120
M-1000,Transformer-2L,G:/PAI/outputs/checkpoints/world_model_ib_m1000_transformer2_fair_epoch_020.pt,reference_MPPI,42,374,-235.6640491007238,-77738.93482346623,-0.009049450978636742,0.01110944151878357,0.0038896051701158285,False,0.024009599816054106,485.09063720703125,0.9474426507949829,1935.1087646484375,2002.2242431640625,0.0037199680227786303,0.0,5120
M-1000,Transformer-2L,G:/PAI/outputs/checkpoints/world_model_ib_m1000_transformer2_fair_epoch_020.pt,reference_MPPI,42,375,-206.65799049996536,-77945.5928139662,0.004904302768409252,0.004498149733990431,0.007487775292247534,False,0.024493400007486343,490.6371765136719,0.9582757353782654,1940.654052734375,2002.7513427734375,0.003556872485205531,0.0,5120
M-1000,Transformer-2L,G:/PAI/outputs/checkpoints/world_model_ib_m1000_transformer2_fair_epoch_020.pt,reference_MPPI,42,376,-226.68125194852675,-78172.27406591472,0.0016715433448553085,0.00832640565931797,-0.0011845962144434452,False,0.0243754000402987,488.5477294921875,0.9541947841644287,1935.286376953125,2001.300537109375,0.0036935165990144014,0.0,5120
M-1000,Transformer-2L,G:/PAI/outputs/checkpoints/world_model_ib_m1000_transformer2_fair_epoch_020.pt,reference_MPPI,42,377,-219.00785888302877,-78391.28192479775,0.006550692021846771,0.009542163461446762,0.010099362581968307,False,0.025313599966466427,477.2763977050781,0.9321804642677307,1924.0457763671875,2002.54150390625,0.004133523441851139,0.0,5120
M-1000,Transformer-2L,G:/PAI/outputs/checkpoints/world_model_ib_m1000_transformer2_fair_epoch_020.pt,reference_MPPI,42,378,-207.36427539911733,-78598.64620019686,0.007657740730792284,0.0002596387639641762,0.009443070739507675,False,0.024144900031387806,467.5263366699219,0.9131373763084412,1909.7117919921875,1999.78369140625,0.004600184503942728,0.0,5120
M-1000,Transformer-2L,G:/PAI/outputs/checkpoints/world_model_ib_m1000_transformer2_fair_epoch_020.pt,reference_MPPI,42,379,-212.76435896575964,-78811.41055916261,-0.008174478076398373,0.011410079896450043,0.006508279591798782,False,0.024614199995994568,481.7249755859375,0.9408690929412842,1919.806640625,2000.470703125,0.004248064011335373,0.0,5120
M-1000,Transformer-2L,G:/PAI/outputs/checkpoints/world_model_ib_m1000_transformer2_fair_epoch_020.pt,reference_MPPI,42,380,-213.53900182886156,-79024.94956099147,-0.004590194672346115,-0.0015760951209813356,0.011154334992170334,False,0.02429379988461733,475.96832275390625,0.9296256303787231,1926.5732421875,2003.0450439453125,0.004043585620820522,0.0,5120
M-1000,Transformer-2L,G:/PAI/outputs/checkpoints/world_model_ib_m1000_transformer2_fair_epoch_020.pt,reference_MPPI,42,381,-208.5165072003494,-79233.46606819182,0.004413317888975143,0.011436017230153084,0.011701744049787521,False,0.024066700134426355,471.5229187011719,0.9209432005882263,1926.828125,2003.187255859375,0.004017506260424852,0.0,5120
M-1000,Transformer-2L,G:/PAI/outputs/checkpoints/world_model_ib_m1000_transformer2_fair_epoch_020.pt,reference_MPPI,42,382,-206.22174348305867,-79439.68781167487,-0.0056489091366529465,0.003406197763979435,0.007903704419732094,False,0.025326400063931942,479.66156005859375,0.9368389844894409,1932.7379150390625,2004.7320556640625,0.003882564837113023,0.0,5120
M-1000,Transformer-2L,G:/PAI/outputs/checkpoints/world_model_ib_m1000_transformer2_fair_epoch_020.pt,reference_MPPI,42,383,-233.86653578070985,-79673.55434745557,1.632492057979107e-06,0.002010046038776636,0.01133018359541893,False,0.025907300179824233,466.8738098144531,0.9118629097938538,1913.8031005859375,1998.91943359375,0.004364425782114267,0.0,5120
M-1000,Transformer-2L,G:/PAI/outputs/checkpoints/world_model_ib_m1000_transformer2_fair_epoch_020.pt,reference_MPPI,42,384,-209.13900216726307,-79882.69334962283,-0.006670987233519554,-0.007971973158419132,-0.000605050241574645,False,0.027909599943086505,495.6297912597656,0.9680269360542297,1964.882568359375,2007.9033203125,0.0029536564834415913,0.0,5120
M-1000,Transformer-2L,G:/PAI/outputs/checkpoints/world_model_ib_m1000_transformer2_fair_epoch_020.pt,reference_MPPI,42,385,-237.39179826962632,-80120.08514789246,0.002110389992594719,0.007516251411288977,0.0006492100656032562,False,0.024551500100642443,480.0466613769531,0.9375911355018616,1929.033203125,2000.6163330078125,0.00386760663241148,0.0,5120
M-1000,Transformer-2L,G:/PAI/outputs/checkpoints/world_model_ib_m1000_transformer2_fair_epoch_020.pt,reference_MPPI,42,386,-211.04097527163464,-80331.1261231641,0.015472039580345154,0.008996913209557533,0.0006647249683737755,False,0.024509599898010492,478.0036926269531,0.9336009621620178,1918.5335693359375,2004.8896484375,0.004479126539081335,0.0,5120
M-1000,Transformer-2L,G:/PAI/outputs/checkpoints/world_model_ib_m1000_transformer2_fair_epoch_020.pt,reference_MPPI,42,387,-215.36551551166636,-80546.49163867577,0.002567591145634651,-0.0014023194089531898,-0.0025525642558932304,False,0.024506099987775087,473.0589904785156,0.9239433407783508,1908.216796875,1999.35205078125,0.004674402065575123,0.0,5120
M-1000,Transformer-2L,G:/PAI/outputs/checkpoints/world_model_ib_m1000_transformer2_fair_epoch_020.pt,reference_MPPI,42,388,-214.57694380290934,-80761.06858247868,0.009558457881212234,-0.01355389691889286,-0.009985797107219696,False,0.02475480013526976,477.72332763671875,0.9330533742904663,1909.9180908203125,2005.3798828125,0.004896865226328373,0.0,5120
M-1000,Transformer-2L,G:/PAI/outputs/checkpoints/world_model_ib_m1000_transformer2_fair_epoch_020.pt,reference_MPPI,42,389,-218.53744466123578,-80979.60602713992,-0.008590295910835266,0.0013048835098743439,-0.0010170545428991318,False,0.028767900075763464,485.8822937011719,0.9489888548851013,1933.9844970703125,2000.30029296875,0.003692568512633443,0.0,5120
M-1000,Transformer-2L,G:/PAI/outputs/checkpoints/world_model_ib_m1000_transformer2_fair_epoch_020.pt,reference_MPPI,42,390,-210.91102322935052,-81190.51705036926,0.01171201653778553,-0.0038353404961526394,0.0038222605362534523,False,0.024659800110384822,478.1426696777344,0.933872401714325,1880.701171875,2003.129638671875,0.0064372532069683075,0.0,5120
M-1000,Transformer-2L,G:/PAI/outputs/checkpoints/world_model_ib_m1000_transformer2_fair_epoch_020.pt,reference_MPPI,42,391,-213.90083321176158,-81404.41788358103,0.02985956519842148,0.005876573733985424,0.0013721287250518799,False,0.02472830004990101,483.50958251953125,0.9443546533584595,1913.1192626953125,1998.58984375,0.004461182281374931,0.0,5120
M-1000,Transformer-2L,G:/PAI/outputs/checkpoints/world_model_ib_m1000_transformer2_fair_epoch_020.pt,reference_MPPI,42,392,-209.61510986814304,-81614.03299344917,0.002785175107419491,0.002760455710813403,-0.009745227172970772,False,0.024323100224137306,475.08123779296875,0.9278930425643921,1922.0263671875,2002.7178955078125,0.004211005289107561,0.0,5120
M-1000,Transformer-2L,G:/PAI/outputs/checkpoints/world_model_ib_m1000_transformer2_fair_epoch_020.pt,reference_MPPI,42,393,-223.4028272472728,-81837.43582069645,0.004804495256394148,-0.004074902273714542,0.0002783536911010742,False,0.02410089992918074,486.4455871582031,0.9500890374183655,1933.8277587890625,2001.741455078125,0.003753349184989929,0.0,5120
M-1000,Transformer-2L,G:/PAI/outputs/checkpoints/world_model_ib_m1000_transformer2_fair_epoch_020.pt,reference_MPPI,42,394,-241.42768523930448,-82078.86350593576,0.00627752672880888,-0.0008704320061951876,0.01373954489827156,False,0.02459760010242462,496.8350830078125,0.9703810214996338,1946.4241943359375,2003.0672607421875,0.003390820696949959,0.0,5120
M-1000,Transformer-2L,G:/PAI/outputs/checkpoints/world_model_ib_m1000_transformer2_fair_epoch_020.pt,reference_MPPI,42,395,-215.62007926058277,-82294.48358519634,0.012511469423770905,-0.003036090172827244,0.0124100586399436,False,0.024547399953007698,496.7548522949219,0.9702243208885193,1949.3905029296875,2002.2305908203125,0.003262708429247141,0.0,5120
M-1000,Transformer-2L,G:/PAI/outputs/checkpoints/world_model_ib_m1000_transformer2_fair_epoch_020.pt,reference_MPPI,42,396,-222.46590780870022,-82516.94949300504,0.015565209090709686,0.0015144883655011654,0.0068146889097988605,False,0.024775699945166707,496.4112243652344,0.9695531725883484,1957.1468505859375,2004.15673828125,0.0030767261050641537,0.0,5120
M-1000,Transformer-2L,G:/PAI/outputs/checkpoints/world_model_ib_m1000_transformer2_fair_epoch_020.pt,reference_MPPI,42,397,-216.26169860989026,-82733.21119161493,0.016043923795223236,0.003520586062222719,0.004269350320100784,False,0.024717099964618683,486.30670166015625,0.9498177766799927,1925.8492431640625,1995.96142578125,0.003841202473267913,0.0,5120
M-1000,Transformer-2L,G:/PAI/outputs/checkpoints/world_model_ib_m1000_transformer2_fair_epoch_020.pt,reference_MPPI,42,398,-220.48491847674333,-82953.69611009167,0.015129143372178078,0.006458272226154804,-0.0008966391906142235,False,0.024339300114661455,468.3025817871094,0.914653480052948,1916.198974609375,1999.049560546875,0.004280861001461744,0.0,5120
M-1000,Transformer-2L,G:/PAI/outputs/checkpoints/world_model_ib_m1000_transformer2_fair_epoch_020.pt,reference_MPPI,42,399,-206.57663012212043,-83160.27274021378,0.012554900720715523,-8.223485201597214e-05,0.00433875247836113,False,0.024560400051996112,477.9134216308594,0.9334246516227722,1914.09716796875,1999.5389404296875,0.004432350397109985,0.0,5120
M-1000,Transformer-2L,G:/PAI/outputs/checkpoints/world_model_ib_m1000_transformer2_fair_epoch_020.pt,reference_MPPI,42,400,-217.84231768175317,-83378.11505789554,-0.004859670531004667,0.005928248632699251,-0.004319918807595968,False,0.024161500157788396,490.5472412109375,0.9581000804901123,1931.97314453125,1995.5439453125,0.003610890358686447,0.0,5120
M-1000,Transformer-2L,G:/PAI/outputs/checkpoints/world_model_ib_m1000_transformer2_fair_epoch_020.pt,reference_MPPI,42,401,-227.35399404386692,-83605.4690519394,0.0017572552897036076,-0.011643161065876484,0.00026361318305134773,False,0.024603300029411912,485.5315246582031,0.948303759098053,1920.38720703125,2001.41552734375,0.004278083797544241,0.0,5120
M-1000,Transformer-2L,G:/PAI/outputs/checkpoints/world_model_ib_m1000_transformer2_fair_epoch_020.pt,reference_MPPI,42,402,-209.12362313163754,-83814.59267507105,0.005380973685532808,0.00509653752669692,-0.00035877618938684464,False,0.024202900007367134,484.8755798339844,0.9470226168632507,1928.7926025390625,1999.251220703125,0.003841469995677471,0.0,5120
M-1000,Transformer-2L,G:/PAI/outputs/checkpoints/world_model_ib_m1000_transformer2_fair_epoch_020.pt,reference_MPPI,42,403,-212.27090474570798,-84026.86357981675,-0.001310787396505475,-0.004775593057274818,0.00043051131069660187,False,0.02427139994688332,471.9524230957031,0.9217820763587952,1909.221923828125,1994.552001953125,0.004401776008307934,0.0,5120
M-1000,Transformer-2L,G:/PAI/outputs/checkpoints/world_model_ib_m1000_transformer2_fair_epoch_020.pt,reference_MPPI,42,404,-219.4936135801172,-84246.35719339686,0.0004835706204175949,-0.0019489984260872006,0.0023981351405382156,False,0.02449079998768866,474.68341064453125,0.9271160364151001,1898.7884521484375,1993.5152587890625,0.004846679046750069,0.0,5120
M-1000,Transformer-2L,G:/PAI/outputs/checkpoints/world_model_ib_m1000_transformer2_fair_epoch_020.pt,reference_MPPI,42,405,-232.05726628489185,-84478.41445968175,-0.002432454377412796,-0.001692689023911953,0.0033678244799375534,False,0.024312099907547235,477.60052490234375,0.9328135251998901,1932.607177734375,2000.416259765625,0.003714760532602668,0.0,5120
M-1000,Transformer-2L,G:/PAI/outputs/checkpoints/world_model_ib_m1000_transformer2_fair_epoch_020.pt,reference_MPPI,42,406,-221.50143513693547,-84699.91589481868,-0.0010618045926094055,-0.0006254361942410469,0.014912212267518044,False,0.025171099929139018,480.8338317871094,0.939128577709198,1918.745849609375,1996.372314453125,0.004112312104552984,0.0,5120
M-1000,Transformer-2L,G:/PAI/outputs/checkpoints/world_model_ib_m1000_transformer2_fair_epoch_020.pt,reference_MPPI,42,407,-236.1281041428844,-84936.04399896157,-0.005958264693617821,0.016131196171045303,-3.419676795601845e-05,False,0.024684400064870715,487.39373779296875,0.9519408941268921,1925.74853515625,1994.983642578125,0.0038097656797617674,0.0,5120
M-1000,Transformer-2L,G:/PAI/outputs/checkpoints/world_model_ib_m1000_transformer2_fair_epoch_020.pt,reference_MPPI,42,408,-224.7621562779779,-85160.80615523955,0.0055902027525007725,-0.0018252450972795486,0.010187221691012383,False,0.024390000151470304,464.852783203125,0.9079155921936035,1906.277099609375,1999.765625,0.004742702003568411,0.0,5120
M-1000,Transformer-2L,G:/PAI/outputs/checkpoints/world_model_ib_m1000_transformer2_fair_epoch_020.pt,reference_MPPI,42,409,-228.3758732037885,-85389.18202844333,-0.00023697968572378159,-0.00045232148841023445,0.011566344648599625,False,0.02529580006375909,482.7669677734375,0.9429042339324951,1912.872802734375,1997.489990234375,0.00441640755161643,0.0,5120
M-1000,Transformer-2L,G:/PAI/outputs/checkpoints/world_model_ib_m1000_transformer2_fair_epoch_020.pt,reference_MPPI,42,410,-228.06130005467378,-85617.243328498,0.006239285692572594,-0.002963034203276038,-0.004815632477402687,False,0.024752299999818206,487.2791748046875,0.9517171382904053,1923.614990234375,1995.217041015625,0.003899685340002179,0.0,5120
M-1000,Transformer-2L,G:/PAI/outputs/checkpoints/world_model_ib_m1000_transformer2_fair_epoch_020.pt,reference_MPPI,42,411,-209.22565758431955,-85826.46898608233,0.005746806971728802,0.011229520663619041,-0.007812956348061562,False,0.025736200157552958,482.1051940917969,0.9416117072105408,1912.616455078125,1994.959228515625,0.004318712744861841,0.0,5120
M-1000,Transformer-2L,G:/PAI/outputs/checkpoints/world_model_ib_m1000_transformer2_fair_epoch_020.pt,reference_MPPI,42,412,-227.83606453846286,-86054.3050506208,0.0005198381841182709,-0.00418535340577364,0.0006021717563271523,False,0.024621800053864717,484.21331787109375,0.94572913646698,1919.0614013671875,1993.341552734375,0.003994927741587162,0.0,5120
M-1000,Transformer-2L,G:/PAI/outputs/checkpoints/world_model_ib_m1000_transformer2_fair_epoch_020.pt,reference_MPPI,42,413,-220.58221430390003,-86274.88726492469,0.006868436466902494,0.005025760270655155,-0.005148721858859062,False,0.029920200118795037,488.1122741699219,0.9533442854881287,1940.394287109375,1996.69921875,0.0033482075668871403,0.0,5120
M-1000,Transformer-2L,G:/PAI/outputs/checkpoints/world_model_ib_m1000_transformer2_fair_epoch_020.pt,reference_MPPI,42,414,-213.80643198881165,-86488.6936969135,0.002443623263388872,0.009366522543132305,0.009323328733444214,False,0.024690000107511878,480.00164794921875,0.9375032186508179,1920.4837646484375,1999.3427734375,0.004161129239946604,0.0,5120
M-1000,Transformer-2L,G:/PAI/outputs/checkpoints/world_model_ib_m1000_transformer2_fair_epoch_020.pt,reference_MPPI,42,415,-209.06210645254424,-86697.75580336605,-0.0010266518220305443,-0.0025142566300928593,-0.011312481947243214,False,0.024481700034812093,469.749267578125,0.9174790382385254,1898.33642578125,1999.37353515625,0.005136358551681042,0.0,5120
M-1000,Transformer-2L,G:/PAI/outputs/checkpoints/world_model_ib_m1000_transformer2_fair_epoch_020.pt,reference_MPPI,42,416,-211.4653886199438,-86909.22119198598,0.011851105839014053,-0.0023966552689671516,0.004175913520157337,False,0.028925499878823757,481.3759765625,0.9401874542236328,1923.8299560546875,1996.86328125,0.003933510277420282,0.0,5120
M-1000,Transformer-2L,G:/PAI/outputs/checkpoints/world_model_ib_m1000_transformer2_fair_epoch_020.pt,reference_MPPI,42,417,-208.49363011468796,-87117.71482210066,0.0009985999204218388,0.00753171369433403,-0.006432742811739445,False,0.02402849984355271,479.25830078125,0.9360513687133789,1926.909912109375,1995.4434814453125,0.0037473083939403296,0.0,5120
M-1000,Transformer-2L,G:/PAI/outputs/checkpoints/world_model_ib_m1000_transformer2_fair_epoch_020.pt,reference_MPPI,42,418,-215.1161163717611,-87332.83093847243,-0.009405073709785938,0.009505225345492363,0.0033170271199196577,False,0.02488359995186329,472.05194091796875,0.9219764471054077,1917.370361328125,1997.1844482421875,0.004163489211350679,0.0,5120
M-1000,Transformer-2L,G:/PAI/outputs/checkpoints/world_model_ib_m1000_transformer2_fair_epoch_020.pt,reference_MPPI,42,419,-217.2689850713272,-87550.09992354375,0.004468641243875027,-0.0023408271372318268,-0.0055491989478468895,False,0.024560200050473213,494.3804016113281,0.9655867218971252,1945.746337890625,1998.884033203125,0.0032646239269524813,0.0,5120
M-1000,Transformer-2L,G:/PAI/outputs/checkpoints/world_model_ib_m1000_transformer2_fair_epoch_020.pt,reference_MPPI,42,420,-222.20401134388214,-87772.30393488763,0.0018257435876876116,0.004945648834109306,-0.0014194437535479665,False,0.025338100036606193,487.4624938964844,0.952075183391571,1938.138427734375,1998.132080078125,0.0034718106035143137,0.0,5120
M-1000,Transformer-2L,G:/PAI/outputs/checkpoints/world_model_ib_m1000_transformer2_fair_epoch_020.pt,reference_MPPI,42,421,-210.57941819041145,-87982.88335307804,-0.003977400716394186,0.011070647276937962,-0.01925196498632431,False,0.024687299970537424,495.9287109375,0.9686107635498047,1941.8677978515625,1997.52783203125,0.0033538753632456064,0.0,5120
M-1000,Transformer-2L,G:/PAI/outputs/checkpoints/world_model_ib_m1000_transformer2_fair_epoch_020.pt,reference_MPPI,42,422,-221.16010256057945,-88204.04345563862,-0.0018108165822923183,-0.004941201768815517,0.0022476455196738243,False,0.024266400141641498,490.2569274902344,0.957533061504364,1930.58154296875,1997.728271484375,0.0037410638760775328,0.0,5120
M-1000,Transformer-2L,G:/PAI/outputs/checkpoints/world_model_ib_m1000_transformer2_fair_epoch_020.pt,reference_MPPI,42,423,-220.22318225541278,-88424.26663789403,-0.0007308805361390114,-0.004659164696931839,0.003260879311710596,False,0.025184599915519357,490.2353210449219,0.957490861415863,1935.791015625,1994.4183349609375,0.0034345462918281555,0.0,5120
M-1000,Transformer-2L,G:/PAI/outputs/checkpoints/world_model_ib_m1000_transformer2_fair_epoch_020.pt,reference_MPPI,42,424,-210.39384159758563,-88634.66047949162,-0.0006748293526470661,0.0016644084826111794,0.009998881258070469,False,0.02437649993225932,477.9754943847656,0.9335458874702454,1909.979248046875,1996.0408935546875,0.00446390500292182,0.0,5120
M-1000,Transformer-2L,G:/PAI/outputs/checkpoints/world_model_ib_m1000_transformer2_fair_epoch_020.pt,reference_MPPI,42,425,-216.64469004908855,-88851.3051695407,0.012512220069766045,0.011897219344973564,0.002068481408059597,False,0.025064400164410472,485.9894104003906,0.9491980671882629,1938.0069580078125,1995.7318115234375,0.003389843739569187,0.0,5120
M-1000,Transformer-2L,G:/PAI/outputs/checkpoints/world_model_ib_m1000_transformer2_fair_epoch_020.pt,reference_MPPI,42,426,-214.64608262431727,-89065.95125216502,0.0005541760474443436,0.00370981777086854,0.005996605847030878,False,0.024861000012606382,482.8514709472656,0.9430692791938782,1933.6656494140625,1999.1419677734375,0.003647252218797803,0.0,5120
M-1000,Transformer-2L,G:/PAI/outputs/checkpoints/world_model_ib_m1000_transformer2_fair_epoch_020.pt,reference_MPPI,42,427,-214.9508741481101,-89280.90212631313,-0.0023437426425516605,-0.008313661441206932,-0.00437875185161829,False,0.025281299836933613,487.76165771484375,0.9526594877243042,1933.11328125,1997.3095703125,0.0036218592431396246,0.0,5120
M-1000,Transformer-2L,G:/PAI/outputs/checkpoints/world_model_ib_m1000_transformer2_fair_epoch_020.pt,reference_MPPI,42,428,-218.01758499482816,-89498.91971130796,-0.000685051316395402,-0.0009217235492542386,0.011307095177471638,False,0.027141200145706534,479.1878356933594,0.9359137415885925,1918.7066650390625,2000.369873046875,0.004274750128388405,0.0,5120
M-1000,Transformer-2L,G:/PAI/outputs/checkpoints/world_model_ib_m1000_transformer2_fair_epoch_020.pt,reference_MPPI,42,429,-210.089614470822,-89709.00932577878,0.01360786147415638,-0.003798011690378189,-0.011331448331475258,False,0.02481410000473261,494.9093933105469,0.9666199088096619,1940.7237548828125,2000.1380615234375,0.003477978054434061,0.0,5120
M-1000,Transformer-2L,G:/PAI/outputs/checkpoints/world_model_ib_m1000_transformer2_fair_epoch_020.pt,reference_MPPI,42,430,-240.63492048368113,-89949.64424626247,0.007315785624086857,0.0005454158526845276,-0.010205088183283806,False,0.024298599921166897,493.4347229003906,0.9637396931648254,1941.6082763671875,2002.072021484375,0.003509200643748045,0.0,5120
M-1000,Transformer-2L,G:/PAI/outputs/checkpoints/world_model_ib_m1000_transformer2_fair_epoch_020.pt,reference_MPPI,42,431,-211.22084960985129,-90160.86509587232,0.002992189023643732,0.0007055960595607758,-0.018596045672893524,False,0.02489069988951087,491.8122863769531,0.9605708718299866,1947.210693359375,2000.615478515625,0.0032642732840031385,0.0,5120
M-1000,Transformer-2L,G:/PAI/outputs/checkpoints/world_model_ib_m1000_transformer2_fair_epoch_020.pt,reference_MPPI,42,432,-219.04311778776054,-90379.90821366008,0.004204689525067806,0.0076718805357813835,-0.005150759592652321,False,0.025145600084215403,494.6372985839844,0.9660884737968445,1932.2591552734375,2000.7835693359375,0.003809399902820587,0.0,5120
M-1000,Transformer-2L,G:/PAI/outputs/checkpoints/world_model_ib_m1000_transformer2_fair_epoch_020.pt,reference_MPPI,42,433,-212.07270995154167,-90591.98092361161,0.0015770015306770802,0.0018829298205673695,-0.0015770718455314636,False,0.025050500174984336,477.5702819824219,0.9327544569969177,1916.5084228515625,2002.341796875,0.004450386390089989,0.0,5120
M-1000,Transformer-2L,G:/PAI/outputs/checkpoints/world_model_ib_m1000_transformer2_fair_epoch_020.pt,reference_MPPI,42,434,-223.23514796375503,-90815.21607157537,0.006840551272034645,0.0012396022211760283,0.007599485106766224,False,0.02476749988272786,488.4476623535156,0.9539993405342102,1942.7337646484375,1999.4610595703125,0.0033633760176599026,0.0,5120
M-1000,Transformer-2L,G:/PAI/outputs/checkpoints/world_model_ib_m1000_transformer2_fair_epoch_020.pt,reference_MPPI,42,435,-211.8207497031824,-91027.03682127855,0.011400737799704075,0.006700584199279547,0.0035185138694941998,False,0.02523650019429624,480.5565490722656,0.9385870099067688,1935.798095703125,2006.080322265625,0.0038181529380381107,0.0,5120
M-1000,Transformer-2L,G:/PAI/outputs/checkpoints/world_model_ib_m1000_transformer2_fair_epoch_020.pt,reference_MPPI,42,436,-210.2290078278442,-91237.2658291064,0.016032733023166656,0.0010969685390591621,-0.005052261985838413,False,0.02522450010292232,488.6166076660156,0.9543293118476868,1941.84228515625,2004.232421875,0.0035606531891971827,0.0,5120
M-1000,Transformer-2L,G:/PAI/outputs/checkpoints/world_model_ib_m1000_transformer2_fair_epoch_020.pt,reference_MPPI,42,437,-220.3977522144067,-91457.66358132081,0.001979420892894268,0.0005704630166292191,0.013997090980410576,False,0.024763199966400862,479.99005126953125,0.9374805688858032,1926.3350830078125,2002.00341796875,0.00402754545211792,0.0,5120
M-1000,Transformer-2L,G:/PAI/outputs/checkpoints/world_model_ib_m1000_transformer2_fair_epoch_020.pt,reference_MPPI,42,438,-221.37455149134212,-91679.03813281216,0.0016509955748915672,0.0062387604266405106,0.0077189733274281025,False,0.024984000017866492,481.2583923339844,0.9399577975273132,1931.721435546875,2007.186279296875,0.004024161957204342,0.0,5120
M-1000,Transformer-2L,G:/PAI/outputs/checkpoints/world_model_ib_m1000_transformer2_fair_epoch_020.pt,reference_MPPI,42,439,-220.65933883823786,-91899.69747165039,0.008455298840999603,0.0012029008939862251,0.0032657748088240623,False,0.025863599963486195,481.00640869140625,0.9394656419754028,1933.6907958984375,2006.075439453125,0.003902109107002616,0.0,5120
M-1000,Transformer-2L,G:/PAI/outputs/checkpoints/world_model_ib_m1000_transformer2_fair_epoch_020.pt,reference_MPPI,42,440,-230.53715500653033,-92130.23462665692,-0.0027879083063453436,-0.005098999477922916,-0.008434880524873734,False,0.025189199950546026,472.3085632324219,0.922477662563324,1928.3553466796875,2006.03564453125,0.004076454322785139,0.0,5120
M-1000,Transformer-2L,G:/PAI/outputs/checkpoints/world_model_ib_m1000_transformer2_fair_epoch_020.pt,reference_MPPI,42,441,-217.17508688352413,-92347.40971354044,-0.0032476410269737244,-0.007120134308934212,0.01770453155040741,False,0.024306300096213818,482.8946533203125,0.9431536197662354,1930.316162109375,2006.4091796875,0.004060130100697279,0.0,5120
M-1000,Transformer-2L,G:/PAI/outputs/checkpoints/world_model_ib_m1000_transformer2_fair_epoch_020.pt,reference_MPPI,42,442,-211.09770386251842,-92558.50741740296,0.011245697736740112,-0.0064727868884801865,0.009071968495845795,False,0.024918599985539913,470.5455322265625,0.9190342426300049,1926.780517578125,2002.911376953125,0.004009406082332134,0.0,5120
M-1000,Transformer-2L,G:/PAI/outputs/checkpoints/world_model_ib_m1000_transformer2_fair_epoch_020.pt,reference_MPPI,42,443,-213.39260464940674,-92771.90002205236,0.0010181097313761711,-0.007560583762824535,-0.0017730798572301865,False,0.024418200133368373,493.4131774902344,0.963697612285614,1942.33837890625,2004.057373046875,0.0035536016803234816,0.0,5120
M-1000,Transformer-2L,G:/PAI/outputs/checkpoints/world_model_ib_m1000_transformer2_fair_epoch_020.pt,reference_MPPI,42,444,-211.9951204003248,-92983.89514245269,0.007096225395798683,0.0005448614247143269,0.005849823355674744,False,0.025379200000315905,496.8739318847656,0.9704568982124329,1946.21875,2005.6461181640625,0.0034869539085775614,0.0,5120
M-1000,Transformer-2L,G:/PAI/outputs/checkpoints/world_model_ib_m1000_transformer2_fair_epoch_020.pt,reference_MPPI,42,445,-213.87736406292544,-93197.77250651561,-0.0008141137659549713,0.005125779192894697,-0.006696872878819704,False,0.024759000167250633,482.6220703125,0.9426212310791016,1942.97119140625,2005.316650390625,0.003535726573318243,0.0,5120
M-1000,Transformer-2L,G:/PAI/outputs/checkpoints/world_model_ib_m1000_transformer2_fair_epoch_020.pt,reference_MPPI,42,446,-218.08843891653055,-93415.86094543214,-0.004318320192396641,-0.00010069413110613823,-0.0013175345957279205,False,0.02472759992815554,461.8455505371094,0.9020420908927917,1876.5245361328125,2007.3189697265625,0.006884792819619179,0.0,5120
M-1000,Transformer-2L,G:/PAI/outputs/checkpoints/world_model_ib_m1000_transformer2_fair_epoch_020.pt,reference_MPPI,42,447,-220.7040128446135,-93636.56495827675,0.0031384744215756655,0.002752675674855709,0.005458067636936903,False,0.025052000069990754,483.5954895019531,0.9445224404335022,1935.427490234375,2008.2222900390625,0.003931378945708275,0.0,5120
M-1000,Transformer-2L,G:/PAI/outputs/checkpoints/world_model_ib_m1000_transformer2_fair_epoch_020.pt,reference_MPPI,42,448,-215.19991280527506,-93851.76487108202,0.0002545807510614395,-0.003783000633120537,0.01101246103644371,False,0.024894400034099817,484.2762145996094,0.9458519816398621,1937.045166015625,2002.65283203125,0.0036596939899027348,0.0,5120
M-1000,Transformer-2L,G:/PAI/outputs/checkpoints/world_model_ib_m1000_transformer2_fair_epoch_020.pt,reference_MPPI,42,449,-208.36020039437193,-94060.12507147639,0.012517877854406834,0.0006241290830075741,0.00892296340316534,False,0.024927300168201327,488.7137756347656,0.9545190930366516,1927.35791015625,2002.52001953125,0.004044677130877972,0.0,5120
M-1000,Transformer-2L,G:/PAI/outputs/checkpoints/world_model_ib_m1000_transformer2_fair_epoch_020.pt,reference_MPPI,42,450,-226.29948734096894,-94286.42455881735,-0.006420535501092672,-0.003556312993168831,0.009238658472895622,False,0.024921500124037266,496.5018310546875,0.9697301387786865,1953.773193359375,1999.042236328125,0.0030236837919801474,0.0,5120
M-1000,Transformer-2L,G:/PAI/outputs/checkpoints/world_model_ib_m1000_transformer2_fair_epoch_020.pt,reference_MPPI,42,451,-219.30558821051716,-94505.73014702786,0.0051359450444579124,-0.006868841126561165,-0.006361130625009537,False,0.02449400001205504,485.1236267089844,0.9475070834159851,1925.11083984375,1999.8060302734375,0.004012026358395815,0.0,5120
M-1000,Transformer-2L,G:/PAI/outputs/checkpoints/world_model_ib_m1000_transformer2_fair_epoch_020.pt,reference_MPPI,42,452,-220.9576130986797,-94726.68776012654,-0.003580894321203232,-0.005218512378633022,0.004966525826603174,False,0.024297199910506606,500.0881652832031,0.9767346978187561,1960.7763671875,2003.72509765625,0.0029654637910425663,0.0,5120
M-1000,Transformer-2L,G:/PAI/outputs/checkpoints/world_model_ib_m1000_transformer2_fair_epoch_020.pt,reference_MPPI,42,453,-210.21065901109347,-94936.89841913764,-0.002553083933889866,0.0032464503310620785,-0.00463559664785862,False,0.02513680001720786,493.7797546386719,0.964413583278656,1938.60693359375,2001.0584716796875,0.003581448458135128,0.0,5120
M-1000,Transformer-2L,G:/PAI/outputs/checkpoints/world_model_ib_m1000_transformer2_fair_epoch_020.pt,reference_MPPI,42,454,-239.4308682585543,-95176.32928739619,0.004153688438236713,-0.0010413075797259808,0.010216739028692245,False,0.024513799929991364,490.1493225097656,0.957322895526886,1947.9783935546875,1998.329833984375,0.0031594678293913603,0.0,5120
M-1000,Transformer-2L,G:/PAI/outputs/checkpoints/world_model_ib_m1000_transformer2_fair_epoch_020.pt,reference_MPPI,42,455,-209.6372879503341,-95385.96657534652,-0.0002039782702922821,-0.003382190130650997,0.00820224266499281,False,0.024868600070476532,482.74493408203125,0.9428611993789673,1927.509765625,2002.895263671875,0.004030624404549599,0.0,5120
M-1000,Transformer-2L,G:/PAI/outputs/checkpoints/world_model_ib_m1000_transformer2_fair_epoch_020.pt,reference_MPPI,42,456,-213.7522727202185,-95599.71884806674,-0.011290231719613075,0.008029446937143803,0.007065017707645893,False,0.024389599915593863,481.0777893066406,0.9396050572395325,1921.23291015625,1998.35595703125,0.00409407913684845,0.0,5120
M-1000,Transformer-2L,G:/PAI/outputs/checkpoints/world_model_ib_m1000_transformer2_fair_epoch_020.pt,reference_MPPI,42,457,-233.9923222582213,-95833.71117032495,0.002334943739697337,-0.0010710032656788826,0.013212007470428944,False,0.026724800001829863,494.5916748046875,0.9659993648529053,1939.6851806640625,2003.901611328125,0.003648952580988407,0.0,5120
M-1000,Transformer-2L,G:/PAI/outputs/checkpoints/world_model_ib_m1000_transformer2_fair_epoch_020.pt,reference_MPPI,42,458,-219.03719297162843,-96052.74836329659,-0.011066431179642677,-0.004773429594933987,0.01190192997455597,False,0.026207000017166138,485.75799560546875,0.9487460851669312,1939.43798828125,1999.1085205078125,0.003454260528087616,0.0,5120
M-1000,Transformer-2L,G:/PAI/outputs/checkpoints/world_model_ib_m1000_transformer2_fair_epoch_020.pt,reference_MPPI,42,459,-236.19758211098844,-96288.94594540758,0.009745147079229355,0.0010484446538612247,0.005051732994616032,False,0.02463439991697669,480.8541564941406,0.9391682744026184,1921.090576171875,2002.44091796875,0.004270931705832481,0.0,5120
M-1000,Transformer-2L,G:/PAI/outputs/checkpoints/world_model_ib_m1000_transformer2_fair_epoch_020.pt,reference_MPPI,42,460,-213.9520842184985,-96502.89802962609,-0.002942744642496109,0.0006262520328164101,-0.004982018377631903,False,0.02484400011599064,490.49359130859375,0.9579952955245972,1936.9852294921875,2003.7630615234375,0.00372719275765121,0.0,5120
M-1000,Transformer-2L,G:/PAI/outputs/checkpoints/world_model_ib_m1000_transformer2_fair_epoch_020.pt,reference_MPPI,42,461,-212.58451620429034,-96715.48254583038,0.0017096255905926228,-0.005922481417655945,-0.0008433833718299866,False,0.02499739988707006,482.409912109375,0.942206859588623,1931.296875,1998.874755859375,0.0037265014834702015,0.0,5120
M-1000,Transformer-2L,G:/PAI/outputs/checkpoints/world_model_ib_m1000_transformer2_fair_epoch_020.pt,reference_MPPI,42,462,-214.42917730128974,-96929.91172313168,-0.0011127474717795849,0.0020586680620908737,-0.012669023126363754,False,0.024667299818247557,480.6894836425781,0.9388466477394104,1922.2099609375,2000.1373291015625,0.004124315921217203,0.0,5120
M-1000,Transformer-2L,G:/PAI/outputs/checkpoints/world_model_ib_m1000_transformer2_fair_epoch_020.pt,reference_MPPI,42,463,-222.00237984281944,-97151.9141029745,0.0023431628942489624,-0.0022300800774246454,0.01113173458725214,False,0.025245700031518936,475.1088562011719,0.9279469847679138,1913.5201416015625,1999.2608642578125,0.004437792114913464,0.0,5120
M-1000,Transformer-2L,G:/PAI/outputs/checkpoints/world_model_ib_m1000_transformer2_fair_epoch_020.pt,reference_MPPI,42,464,-233.1043828929155,-97385.0184858674,-0.002777209971100092,-0.0021577952429652214,-0.00350518012419343,False,0.0251736999489367,496.2610778808594,0.9692599177360535,1940.989501953125,2000.3458251953125,0.0034812341909855604,0.0,5120
M-1000,Transformer-2L,G:/PAI/outputs/checkpoints/world_model_ib_m1000_transformer2_fair_epoch_020.pt,reference_MPPI,42,465,-213.72987122723816,-97598.74835709464,0.0030295811593532562,0.002250968012958765,-0.005861261393874884,False,0.02436690009199083,495.46844482421875,0.9677118062973022,1941.79345703125,2004.173828125,0.0035848519764840603,0.0,5120
M-1000,Transformer-2L,G:/PAI/outputs/checkpoints/world_model_ib_m1000_transformer2_fair_epoch_020.pt,reference_MPPI,42,466,-219.4265136827419,-97818.17487077738,1.560244709253311e-05,-0.0026093015912920237,0.011964386329054832,False,0.024756599916145205,477.4692077636719,0.9325570464134216,1905.4227294921875,1997.80517578125,0.004752073436975479,0.0,5120
M-1000,Transformer-2L,G:/PAI/outputs/checkpoints/world_model_ib_m1000_transformer2_fair_epoch_020.pt,reference_MPPI,42,467,-235.42972648197224,-98053.60459725936,0.005409922916442156,0.0012101661413908005,0.00344004575163126,False,0.023966300068423152,484.1292724609375,0.9455649852752686,1930.8726806640625,2004.1181640625,0.003946204669773579,0.0,5120
M-1000,Transformer-2L,G:/PAI/outputs/checkpoints/world_model_ib_m1000_transformer2_fair_epoch_020.pt,reference_MPPI,42,468,-238.177909170212,-98291.78250642958,0.002679250668734312,-0.009935621172189713,0.0013776961714029312,False,0.024231099989265203,478.6349182128906,0.934833824634552,1909.1248779296875,1998.25244140625,0.00460942555218935,0.0,5120
M-1000,Transformer-2L,G:/PAI/outputs/checkpoints/world_model_ib_m1000_transformer2_fair_epoch_020.pt,reference_MPPI,42,469,-209.38968106892224,-98501.1721874985,0.004871885757893324,-0.010547393932938576,0.0023745158687233925,False,0.024592200061306357,482.368896484375,0.9421267509460449,1927.618408203125,1998.21630859375,0.003838545409962535,0.0,5120
M-1000,Transformer-2L,G:/PAI/outputs/checkpoints/world_model_ib_m1000_transformer2_fair_epoch_020.pt,reference_MPPI,42,470,-213.24026000687527,-98714.41244750537,-0.0024427324533462524,0.012457922101020813,0.008922594599425793,False,0.0245900999289006,487.9745788574219,0.9530753493309021,1936.697998046875,1995.5316162109375,0.003434360260143876,0.0,5120
M-1000,Transformer-2L,G:/PAI/outputs/checkpoints/world_model_ib_m1000_transformer2_fair_epoch_020.pt,reference_MPPI,42,471,-233.7049575882134,-98948.11740509358,-0.0057184998877346516,0.0017731559928506613,0.004665117710828781,False,0.024928899947553873,493.2000732421875,0.9632813930511475,1940.2275390625,1995.08349609375,0.003317393595352769,0.0,5120
M-1000,Transformer-2L,G:/PAI/outputs/checkpoints/world_model_ib_m1000_transformer2_fair_epoch_020.pt,reference_MPPI,42,472,-210.01506899406064,-99158.13247408764,0.013559991493821144,0.003905773162841797,0.011158108711242676,False,0.025112600065767765,470.9191589355469,0.91976398229599,1910.9127197265625,1997.270263671875,0.004438601899892092,0.0,5120
M-1000,Transformer-2L,G:/PAI/outputs/checkpoints/world_model_ib_m1000_transformer2_fair_epoch_020.pt,reference_MPPI,42,473,-236.9671910028543,-99395.0996650905,-0.0024995533749461174,0.006424165330827236,-0.011219250038266182,False,0.024194700177758932,479.5318603515625,0.9365856647491455,1921.7579345703125,1989.649169921875,0.003723057685419917,0.0,5120
M-1000,Transformer-2L,G:/PAI/outputs/checkpoints/world_model_ib_m1000_transformer2_fair_epoch_020.pt,reference_MPPI,42,474,-227.70029388067888,-99622.79995897118,0.0032155527733266354,0.005740591324865818,0.004567347466945648,False,0.024670399958267808,493.8071594238281,0.9644671082496643,1938.173583984375,1998.6845703125,0.0035122749395668507,0.0,5120
M-1000,Transformer-2L,G:/PAI/outputs/checkpoints/world_model_ib_m1000_transformer2_fair_epoch_020.pt,reference_MPPI,42,475,-211.3939373594217,-99834.1938963306,0.010637829080224037,0.012596729211509228,0.008457817137241364,False,0.024671500083059072,484.4040832519531,0.946101725101471,1926.5247802734375,1997.3974609375,0.003856522962450981,0.0,5120
M-1000,Transformer-2L,G:/PAI/outputs/checkpoints/world_model_ib_m1000_transformer2_fair_epoch_020.pt,reference_MPPI,42,476,-217.13367796953804,-100051.32757430014,0.006307334639132023,-0.008813098073005676,-0.0030022915452718735,False,0.02451220015063882,472.7643127441406,0.9233677983283997,1910.9124755859375,1990.29541015625,0.004150277469307184,0.0,5120
M-1000,Transformer-2L,G:/PAI/outputs/checkpoints/world_model_ib_m1000_transformer2_fair_epoch_020.pt,reference_MPPI,42,477,-229.1898683033432,-100280.51744260348,0.00042500393465161324,0.0034256409853696823,0.008908269926905632,False,0.024855799973011017,493.30877685546875,0.9634937047958374,1935.6435546875,1992.59130859375,0.0033876022789627314,0.0,5120
M-1000,Transformer-2L,G:/PAI/outputs/checkpoints/world_model_ib_m1000_transformer2_fair_epoch_020.pt,reference_MPPI,42,478,-221.33546962411214,-100501.8529122276,0.006753096356987953,-0.007783960551023483,0.0032345394138246775,False,0.024981100112199783,479.8765563964844,0.9372588992118835,1925.4801025390625,1995.7357177734375,0.0038163254503160715,0.0,5120
M-1000,Transformer-2L,G:/PAI/outputs/checkpoints/world_model_ib_m1000_transformer2_fair_epoch_020.pt,reference_MPPI,42,479,-212.20396603102682,-100714.05687825862,-0.0011901860125362873,-0.0012606908567249775,-0.013281097635626793,False,0.02551469998434186,490.4544372558594,0.9579188227653503,1910.3446044921875,1994.4736328125,0.004436067771166563,0.0,5120
M-1000,Transformer-2L,G:/PAI/outputs/checkpoints/world_model_ib_m1000_transformer2_fair_epoch_020.pt,reference_MPPI,42,480,-235.85156555312864,-100949.90844381174,-0.0010890373960137367,0.005214173346757889,0.02081446163356304,False,0.02427319996058941,481.5271301269531,0.9404826760292053,1919.5302734375,1994.9658203125,0.0040290821343660355,0.0,5120
M-1000,Transformer-2L,G:/PAI/outputs/checkpoints/world_model_ib_m1000_transformer2_fair_epoch_020.pt,reference_MPPI,42,481,-216.33506715118332,-101166.24351096293,0.005532309878617525,-0.005141844041645527,0.0008141659200191498,False,0.024429399985820055,490.23443603515625,0.9574891328811646,1923.8865966796875,1997.04443359375,0.003972682170569897,0.0,5120
M-1000,Transformer-2L,G:/PAI/outputs/checkpoints/world_model_ib_m1000_transformer2_fair_epoch_020.pt,reference_MPPI,42,482,-226.04664294127087,-101392.2901539042,-0.009252260439097881,-0.0004550786688923836,0.015407484956085682,False,0.024603100027889013,479.175537109375,0.935889720916748,1917.41650390625,1995.565673828125,0.004128426779061556,0.0,5120
M-1000,Transformer-2L,G:/PAI/outputs/checkpoints/world_model_ib_m1000_transformer2_fair_epoch_020.pt,reference_MPPI,42,483,-228.2283363977681,-101620.51849030197,0.0028978432528674603,0.002538444474339485,0.006733653135597706,False,0.02432189998216927,491.81005859375,0.960566520690918,1933.0443115234375,1994.242431640625,0.0035312771797180176,0.0,5120
M-1000,Transformer-2L,G:/PAI/outputs/checkpoints/world_model_ib_m1000_transformer2_fair_epoch_020.pt,reference_MPPI,42,484,-217.37189008931074,-101837.89038039128,-0.003007248044013977,-0.013326802290976048,-0.002713887020945549,False,0.024004200007766485,466.90234375,0.9119186401367188,1903.357177734375,1992.93505859375,0.004570732358843088,0.0,5120
M-1000,Transformer-2L,G:/PAI/outputs/checkpoints/world_model_ib_m1000_transformer2_fair_epoch_020.pt,reference_MPPI,42,485,-227.46714132347296,-102065.35752171476,0.0014009545557200909,0.0031931577250361443,0.0009244754910469055,False,0.024374499917030334,472.58843994140625,0.9230242967605591,1917.11572265625,1997.0384521484375,0.004171240143477917,0.0,5120
M-1000,Transformer-2L,G:/PAI/outputs/checkpoints/world_model_ib_m1000_transformer2_fair_epoch_020.pt,reference_MPPI,42,486,-212.84730040505352,-102278.2048221198,0.007429938763380051,-0.002144542522728443,0.016873527318239212,False,0.024371200008317828,485.3363342285156,0.9479225277900696,1923.5960693359375,1996.718505859375,0.003951629623770714,0.0,5120
M-1000,Transformer-2L,G:/PAI/outputs/checkpoints/world_model_ib_m1000_transformer2_fair_epoch_020.pt,reference_MPPI,42,487,-209.7104756867589,-102487.91529780657,0.009229473769664764,0.002052387222647667,-0.008134741336107254,False,0.02395620010793209,486.2157897949219,0.9496402144432068,1925.0830078125,1994.1627197265625,0.0037956307642161846,0.0,5120
M-1000,Transformer-2L,G:/PAI/outputs/checkpoints/world_model_ib_m1000_transformer2_fair_epoch_020.pt,reference_MPPI,42,488,-220.20773872637682,-102708.12303653294,0.006370083428919315,0.007522831670939922,0.010906720533967018,False,0.024159400025382638,482.90081787109375,0.94316565990448,1923.8551025390625,1992.4373779296875,0.003762652166187763,0.0,5120
M-1000,Transformer-2L,G:/PAI/outputs/checkpoints/world_model_ib_m1000_transformer2_fair_epoch_020.pt,reference_MPPI,42,489,-221.63411265325794,-102929.7571491862,0.004630571231245995,0.001400838140398264,0.008456572890281677,False,0.024899199837818742,481.8397521972656,0.9410932660102844,1936.307373046875,1998.7801513671875,0.003536785254254937,0.0,5120
M-1000,Transformer-2L,G:/PAI/outputs/checkpoints/world_model_ib_m1000_transformer2_fair_epoch_020.pt,reference_MPPI,42,490,-229.60689388219424,-103159.3640430684,0.006135726347565651,0.00010940036736428738,0.0016288356855511665,False,0.024916599970310926,485.013671875,0.9472923278808594,1927.0533447265625,1994.114990234375,0.0037170452997088432,0.0,5120
M-1000,Transformer-2L,G:/PAI/outputs/checkpoints/world_model_ib_m1000_transformer2_fair_epoch_020.pt,reference_MPPI,42,491,-231.6795284413287,-103391.04357150973,-0.001978379674255848,-0.0010703876614570618,-0.0033789779990911484,False,0.024487300077453256,481.4669494628906,0.9403651356697083,1903.9598388671875,1993.20849609375,0.004628901835530996,0.0,5120
M-1000,Transformer-2L,G:/PAI/outputs/checkpoints/world_model_ib_m1000_transformer2_fair_epoch_020.pt,reference_MPPI,42,492,-231.5425776921027,-103622.58614920183,0.017541900277137756,-0.0003032991662621498,0.0024716071784496307,False,0.025343700079247355,481.4808654785156,0.9403923153877258,1921.701171875,1995.3349609375,0.00395621731877327,0.0,5120
M-1000,Transformer-2L,G:/PAI/outputs/checkpoints/world_model_ib_m1000_transformer2_fair_epoch_020.pt,reference_MPPI,42,493,-207.4527844178855,-103830.03893361971,-0.003126113675534725,0.006743729114532471,0.0022827903740108013,False,0.025099899852648377,483.69537353515625,0.944717526435852,1918.2630615234375,1997.2591552734375,0.004183639772236347,0.0,5120
M-1000,Transformer-2L,G:/PAI/outputs/checkpoints/world_model_ib_m1000_transformer2_fair_epoch_020.pt,reference_MPPI,42,494,-210.8088515751925,-104040.8477851949,-0.010970601812005043,-0.001101161353290081,0.006476163864135742,False,0.026038500014692545,474.846923828125,0.9274353981018066,1891.508544921875,1986.73681640625,0.004875958431512117,0.0,5120
M-1000,Transformer-2L,G:/PAI/outputs/checkpoints/world_model_ib_m1000_transformer2_fair_epoch_020.pt,reference_MPPI,42,495,-213.75198643792353,-104254.59977163283,0.0034260046668350697,0.005461418069899082,0.006205025129020214,False,0.025589599972590804,473.9926452636719,0.9257668852806091,1888.3551025390625,1990.408935546875,0.005215848330408335,0.0,5120
M-1000,Transformer-2L,G:/PAI/outputs/checkpoints/world_model_ib_m1000_transformer2_fair_epoch_020.pt,reference_MPPI,42,496,-227.68994460285484,-104482.28971623568,0.0074570574797689915,0.005867051426321268,0.003581743687391281,False,0.02424920001067221,494.490478515625,0.9658017158508301,1926.7783203125,1994.927490234375,0.003794532036408782,0.0,5120
M-1000,Transformer-2L,G:/PAI/outputs/checkpoints/world_model_ib_m1000_transformer2_fair_epoch_020.pt,reference_MPPI,42,497,-226.74790745400009,-104709.03762368968,0.0044789910316467285,0.0025641953106969595,0.005670951213687658,False,0.02439299994148314,484.98272705078125,0.9472318887710571,1919.876708984375,1991.196044921875,0.0038776518777012825,0.0,5120
M-1000,Transformer-2L,G:/PAI/outputs/checkpoints/world_model_ib_m1000_transformer2_fair_epoch_020.pt,reference_MPPI,42,498,-223.22945353633943,-104932.26707722602,-0.00927483756095171,-0.0026312661357223988,0.013619402423501015,False,0.024971199920400977,496.359375,0.969451904296875,1943.3125,1998.234619140625,0.0033300379291176796,0.0,5120
M-1000,Transformer-2L,G:/PAI/outputs/checkpoints/world_model_ib_m1000_transformer2_fair_epoch_020.pt,reference_MPPI,42,499,-216.76590604937522,-105149.03298327539,0.002233515027910471,0.011306209489703178,0.00890683475881815,False,0.025095499819144607,485.1686706542969,0.9475950598716736,1904.8009033203125,1993.598876953125,0.004625556990504265,0.0,5120
M-1000,Transformer-2L,G:/PAI/outputs/checkpoints/world_model_ib_m1000_transformer2_fair_epoch_020.pt,reference_MPPI,42,500,-223.42519808151593,-105372.45818135691,0.0018721786327660084,0.00048085208982229233,0.005907491315156221,False,0.024401200003921986,486.6976318359375,0.9505813121795654,1924.2838134765625,1994.55615234375,0.0038441279903054237,0.0,5120
M-1000,Transformer-2L,G:/PAI/outputs/checkpoints/world_model_ib_m1000_transformer2_fair_epoch_020.pt,reference_MPPI,42,501,-212.85020350690755,-105585.30838486382,-0.001490505412220955,0.00468264939263463,0.007794462144374847,False,0.024343499913811684,494.4130554199219,0.9656504988670349,1938.5587158203125,1996.5482177734375,0.003427336923778057,0.0,5120
M-1000,Transformer-2L,G:/PAI/outputs/checkpoints/world_model_ib_m1000_transformer2_fair_epoch_020.pt,reference_MPPI,42,502,-215.5864258151895,-105800.894810679,0.005916984751820564,-0.007754845544695854,0.008916798047721386,False,0.024202300002798438,480.8867492675781,0.9392319321632385,1926.61279296875,1996.493408203125,0.003803930478170514,0.0,5120
M-1000,Transformer-2L,G:/PAI/outputs/checkpoints/world_model_ib_m1000_transformer2_fair_epoch_020.pt,reference_MPPI,42,503,-225.2852386336399,-106026.18004931265,0.011404085904359818,0.0030582258477807045,0.013210929930210114,False,0.02438219985924661,493.232421875,0.9633445739746094,1927.134765625,1990.612548828125,0.003616492496803403,0.0,5120
M-1000,Transformer-2L,G:/PAI/outputs/checkpoints/world_model_ib_m1000_transformer2_fair_epoch_020.pt,reference_MPPI,42,504,-215.5702960851267,-106241.75034539777,-0.0016999122453853488,0.0004964936524629593,0.004811862483620644,False,0.02476659999229014,484.19000244140625,0.9456835985183716,1928.37353515625,2000.58154296875,0.003911308944225311,0.0,5120
M-1000,Transformer-2L,G:/PAI/outputs/checkpoints/world_model_ib_m1000_transformer2_fair_epoch_020.pt,reference_MPPI,42,505,-216.61652041737327,-106458.36686581514,0.006687377579510212,0.006509578786790371,-0.005926869809627533,False,0.026333600049838424,480.4326171875,0.9383449554443359,1887.830810546875,1991.453857421875,0.005334941670298576,0.0,5120
M-1000,Transformer-2L,G:/PAI/outputs/checkpoints/world_model_ib_m1000_transformer2_fair_epoch_020.pt,reference_MPPI,42,506,-214.2645440256794,-106672.63140984082,0.005030550993978977,-0.002649935893714428,0.005649760365486145,False,0.027239900082349777,468.2359924316406,0.9145234227180481,1908.0899658203125,1997.8338623046875,0.004583233967423439,0.0,5120
M-1000,Transformer-2L,G:/PAI/outputs/checkpoints/world_model_ib_m1000_transformer2_fair_epoch_020.pt,reference_MPPI,42,507,-225.79482043058394,-106898.4262302714,0.009762373752892017,0.004419006407260895,-0.001480461796745658,False,0.02374140010215342,488.3793640136719,0.9538659453392029,1931.53857421875,1991.392822265625,0.0034701144322752953,0.0,5120
M-1000,Transformer-2L,G:/PAI/outputs/checkpoints/world_model_ib_m1000_transformer2_fair_epoch_020.pt,reference_MPPI,42,508,-233.95078429439826,-107132.3770145658,0.015664611011743546,0.00707342941313982,-0.0022885343059897423,False,0.024907799903303385,470.125244140625,0.9182133674621582,1909.431884765625,1999.444580078125,0.004603810142725706,0.0,5120
M-1000,Transformer-2L,G:/PAI/outputs/checkpoints/world_model_ib_m1000_transformer2_fair_epoch_020.pt,reference_MPPI,42,509,-233.55493987936262,-107365.93195444517,-0.0022664363496005535,0.012209184467792511,-0.0063240863382816315,False,0.024805699940770864,488.886474609375,0.9548563957214355,1907.574951171875,1994.979248046875,0.004576665814965963,0.0,5120
M-1000,Transformer-2L,G:/PAI/outputs/checkpoints/world_model_ib_m1000_transformer2_fair_epoch_020.pt,reference_MPPI,42,510,-224.49782555952925,-107590.4297800047,0.009326387196779251,0.0022405958734452724,0.015370604582130909,False,0.024918300099670887,500.6001892089844,0.9777347445487976,1953.1231689453125,1998.249755859375,0.0030329390428960323,0.0,5120
M-1000,Transformer-2L,G:/PAI/outputs/checkpoints/world_model_ib_m1000_transformer2_fair_epoch_020.pt,reference_MPPI,42,511,-231.15291991641382,-107821.58269992111,-0.004463156219571829,-0.0047697098925709724,0.0031180502846837044,False,0.024242999963462353,489.0144958496094,0.9551064372062683,1927.4775390625,1993.85888671875,0.003708961419761181,0.0,5120
M-1000,Transformer-2L,G:/PAI/outputs/checkpoints/world_model_ib_m1000_transformer2_fair_epoch_020.pt,reference_MPPI,42,512,-224.4601952941194,-108046.04289521523,0.002023405395448208,-0.0016942238435149193,0.015370678156614304,False,0.024977399967610836,478.8692932128906,0.935291588306427,1918.1287841796875,1992.673583984375,0.003981691785156727,0.0,5120
M-1000,Transformer-2L,G:/PAI/outputs/checkpoints/world_model_ib_m1000_transformer2_fair_epoch_020.pt,reference_MPPI,42,513,-214.54544593614543,-108260.58834115138,-0.008212294429540634,0.001973056932911277,0.0015409141778945923,False,0.02458440000191331,482.8667907714844,0.9430992007255554,1931.177734375,1997.5159912109375,0.003681462723761797,0.0,5120
M-1000,Transformer-2L,G:/PAI/outputs/checkpoints/world_model_ib_m1000_transformer2_fair_epoch_020.pt,reference_MPPI,42,514,-236.1074313285759,-108496.69577247996,0.016903024166822433,0.005398496054112911,0.0047229621559381485,False,0.025156599935144186,491.7446594238281,0.9604387879371643,1944.1505126953125,1997.374755859375,0.0032571388874202967,0.0,5120
M-1000,Transformer-2L,G:/PAI/outputs/checkpoints/world_model_ib_m1000_transformer2_fair_epoch_020.pt,reference_MPPI,42,515,-215.40605737839667,-108712.10182985835,0.003259980119764805,0.009937681257724762,-0.0042524635791778564,False,0.023765900172293186,482.4856262207031,0.9423547387123108,1940.4412841796875,2000.989013671875,0.0034711328335106373,0.0,5120
M-1000,Transformer-2L,G:/PAI/outputs/checkpoints/world_model_ib_m1000_transformer2_fair_epoch_020.pt,reference_MPPI,42,516,-222.85962653737457,-108934.96145639573,0.004850221797823906,-0.0036096815019845963,0.007143204100430012,False,0.025131199974566698,483.0960388183594,0.9435469508171082,1929.088134765625,1994.798583984375,0.0036607913207262754,0.0,5120
M-1000,Transformer-2L,G:/PAI/outputs/checkpoints/world_model_ib_m1000_transformer2_fair_epoch_020.pt,reference_MPPI,42,517,-215.57758877786486,-109150.53904517359,0.001523560960777104,-0.0031576319597661495,-0.002835784573107958,False,0.024450500030070543,495.9996643066406,0.9687493443489075,1947.4884033203125,1998.88720703125,0.0032135294750332832,0.0,5120
M-1000,Transformer-2L,G:/PAI/outputs/checkpoints/world_model_ib_m1000_transformer2_fair_epoch_020.pt,reference_MPPI,42,518,-213.20123100332208,-109363.7402761769,0.01803361251950264,-0.0005247192457318306,0.009445280767977238,False,0.024968500016257167,479.0467224121094,0.9356381297111511,1925.160400390625,1998.664306640625,0.003935015294700861,0.0,5120
M-1000,Transformer-2L,G:/PAI/outputs/checkpoints/world_model_ib_m1000_transformer2_fair_epoch_020.pt,reference_MPPI,42,519,-235.60765236881633,-109599.34792854571,0.008995117619633675,-0.008112707175314426,0.005432737525552511,False,0.025585700059309602,492.4054260253906,0.9617293477058411,1945.5560302734375,1998.9112548828125,0.003265299368649721,0.0,5120
M-1000,Transformer-2L,G:/PAI/outputs/checkpoints/world_model_ib_m1000_transformer2_fair_epoch_020.pt,reference_MPPI,42,520,-225.97470553417662,-109825.32263407989,0.001902553252875805,0.006226634606719017,0.002634497359395027,False,0.02426450001075864,472.7594299316406,0.9233582615852356,1916.371826171875,1996.3836669921875,0.004173230845481157,0.0,5120
M-1000,Transformer-2L,G:/PAI/outputs/checkpoints/world_model_ib_m1000_transformer2_fair_epoch_020.pt,reference_MPPI,42,521,-217.882428601989,-110043.20506268188,0.001777465920895338,0.011538625694811344,-0.0024713920429348946,False,0.026081199990585446,488.2539978027344,0.9536210894584656,1941.9085693359375,1993.590576171875,0.0031971847638487816,0.0,5120
M-1000,Transformer-2L,G:/PAI/outputs/checkpoints/world_model_ib_m1000_transformer2_fair_epoch_020.pt,reference_MPPI,42,522,-214.8461480507783,-110258.05121073266,0.0004790457896888256,0.007709421683102846,0.01606442593038082,False,0.02489209990017116,480.1199035644531,0.9377341866493225,1923.71533203125,1991.3212890625,0.003718138672411442,0.0,5120
M-1000,Transformer-2L,G:/PAI/outputs/checkpoints/world_model_ib_m1000_transformer2_fair_epoch_020.pt,reference_MPPI,42,523,-246.3205637561704,-110504.37177448884,-0.0024445457383990288,-0.011985648423433304,-0.0046920510940253735,False,0.02592609985731542,479.93878173828125,0.9373804330825806,1907.0831298828125,1994.099609375,0.004520197864621878,0.0,5120
M-1000,Transformer-2L,G:/PAI/outputs/checkpoints/world_model_ib_m1000_transformer2_fair_epoch_020.pt,reference_MPPI,42,524,-212.38367950774767,-110716.7554539966,0.008827632293105125,-0.004285416565835476,0.002024266868829727,False,0.024634200148284435,485.3243713378906,0.9478991627693176,1929.30712890625,2003.47265625,0.003994291182607412,0.0,5120
M-1000,Transformer-2L,G:/PAI/outputs/checkpoints/world_model_ib_m1000_transformer2_fair_epoch_020.pt,reference_MPPI,42,525,-223.29670645813235,-110940.05216045472,-0.003564637154340744,-0.0033479612320661545,0.0029646530747413635,False,0.025122700026258826,485.6446838378906,0.9485247731208801,1925.439208984375,1996.36767578125,0.0038644508458673954,0.0,5120
M-1000,Transformer-2L,G:/PAI/outputs/checkpoints/world_model_ib_m1000_transformer2_fair_epoch_020.pt,reference_MPPI,42,526,-221.70718685024735,-111161.75934730498,-0.008934090845286846,-0.007009947672486305,-0.0115353399887681,False,0.025456100003793836,479.0439453125,0.9356327056884766,1925.4964599609375,1995.3370361328125,0.003796770703047514,0.0,5120
M-1000,Transformer-2L,G:/PAI/outputs/checkpoints/world_model_ib_m1000_transformer2_fair_epoch_020.pt,reference_MPPI,42,527,-232.25473198799142,-111394.01407929297,0.010010520927608013,0.011053379625082016,0.002662091050297022,False,0.025335999904200435,487.33502197265625,0.9518262147903442,1936.5919189453125,1999.8037109375,0.0035841905046254396,0.0,5120
M-1000,Transformer-2L,G:/PAI/outputs/checkpoints/world_model_ib_m1000_transformer2_fair_epoch_020.pt,reference_MPPI,42,528,-225.55866848007997,-111619.57274777305,0.005579793825745583,-0.0037781400606036186,0.0048928698524832726,False,0.024885999970138073,479.1891784667969,0.9359163641929626,1910.49072265625,2001.377685546875,0.004691141191869974,0.0,5120
M-1000,Transformer-2L,G:/PAI/outputs/checkpoints/world_model_ib_m1000_transformer2_fair_epoch_020.pt,reference_MPPI,42,529,-218.9185576929603,-111838.49130546601,-0.004591319710016251,-0.0042316485196352005,-0.01061255857348442,False,0.024237999925389886,484.0472106933594,0.9454047083854675,1928.4332275390625,1996.7137451171875,0.0037563766818493605,0.0,5120
M-1000,Transformer-2L,G:/PAI/outputs/checkpoints/world_model_ib_m1000_transformer2_fair_epoch_020.pt,reference_MPPI,42,530,-213.5208302243455,-112052.01213569035,0.0021032863296568394,-0.006167785730212927,-0.001984130358323455,False,0.024776000063866377,488.6544189453125,0.9544031620025635,1936.3612060546875,1996.430419921875,0.003479585750028491,0.0,5120
M-1000,Transformer-2L,G:/PAI/outputs/checkpoints/world_model_ib_m1000_transformer2_fair_epoch_020.pt,reference_MPPI,42,531,-225.521258056078,-112277.53339374643,0.0037450026720762253,0.0020104432478547096,0.0015653297305107117,False,0.025180700002238154,490.9657287597656,0.9589174389839172,1918.948486328125,1995.701171875,0.004120994824916124,0.0,5120
M-1000,Transformer-2L,G:/PAI/outputs/checkpoints/world_model_ib_m1000_transformer2_fair_epoch_020.pt,reference_MPPI,42,532,-214.1495105687004,-112491.68290431514,-0.0027684266678988934,0.009788855910301208,-0.0013221190311014652,False,0.02497969986870885,482.41558837890625,0.9422179460525513,1933.4500732421875,1999.482177734375,0.0036676134914159775,0.0,5120
M-1000,Transformer-2L,G:/PAI/outputs/checkpoints/world_model_ib_m1000_transformer2_fair_epoch_020.pt,reference_MPPI,42,533,-215.9753611010474,-112707.65826541619,2.577807754278183e-05,-0.009078387171030045,-0.004902243614196777,False,0.024483799934387207,486.4819641113281,0.9501600861549377,1919.90478515625,1996.150146484375,0.004082473926246166,0.0,5120
M-1000,Transformer-2L,G:/PAI/outputs/checkpoints/world_model_ib_m1000_transformer2_fair_epoch_020.pt,reference_MPPI,42,534,-237.2461537693555,-112944.90441918555,0.000882348045706749,-0.006767116952687502,0.0167317483574152,False,0.024298599921166897,492.6776123046875,0.9622609615325928,1948.5067138671875,2000.54931640625,0.003223499981686473,0.0,5120
M-1000,Transformer-2L,G:/PAI/outputs/checkpoints/world_model_ib_m1000_transformer2_fair_epoch_020.pt,reference_MPPI,42,535,-225.10829592609855,-113170.01271511165,0.007575146853923798,-0.009168671444058418,0.005890185944736004,False,0.025591999990865588,492.8112487792969,0.9625219702720642,1940.041259765625,1995.411376953125,0.003333940403535962,0.0,5120
M-1000,Transformer-2L,G:/PAI/outputs/checkpoints/world_model_ib_m1000_transformer2_fair_epoch_020.pt,reference_MPPI,42,536,-232.57755605459528,-113402.59027116623,-0.004431402310729027,0.014898826368153095,0.0033949948847293854,False,0.02453830000013113,480.8986511230469,0.9392551779747009,1930.3099365234375,1996.956787109375,0.0036845002323389053,0.0,5120
M-1000,Transformer-2L,G:/PAI/outputs/checkpoints/world_model_ib_m1000_transformer2_fair_epoch_020.pt,reference_MPPI,42,537,-239.32042502096175,-113641.9106961872,-0.0008947830647230148,0.006113051436841488,0.0019411984831094742,False,0.024748799856752157,483.5343017578125,0.9444029331207275,1923.698486328125,1991.5718994140625,0.0037415348924696445,0.0,5120
M-1000,Transformer-2L,G:/PAI/outputs/checkpoints/world_model_ib_m1000_transformer2_fair_epoch_020.pt,reference_MPPI,42,538,-217.87945025412768,-113859.79014644133,0.01187833584845066,0.005005926825106144,-0.004364604130387306,False,0.0246006001252681,486.7417907714844,0.9506675601005554,1936.255615234375,2000.587646484375,0.003623135620728135,0.0,5120
M-1000,Transformer-2L,G:/PAI/outputs/checkpoints/world_model_ib_m1000_transformer2_fair_epoch_020.pt,reference_MPPI,42,539,-227.9826500014696,-114087.7727964428,0.008140455931425095,0.007172420620918274,0.004046870395541191,False,0.024383899988606572,482.168212890625,0.941734790802002,1910.642822265625,1995.02734375,0.004408339969813824,0.0,5120
M-1000,Transformer-2L,G:/PAI/outputs/checkpoints/world_model_ib_m1000_transformer2_fair_epoch_020.pt,reference_MPPI,42,540,-217.2552370171025,-114305.02803345991,0.0065503050573170185,-0.0073787192814052105,-0.0013244086876511574,False,0.02486989996396005,495.7611083984375,0.9682834148406982,1938.458251953125,1996.079833984375,0.0034195054322481155,0.0,5120
M-1000,Transformer-2L,G:/PAI/outputs/checkpoints/world_model_ib_m1000_transformer2_fair_epoch_020.pt,reference_MPPI,42,541,-215.54322468932295,-114520.57125814923,-0.0026435195468366146,-0.005527152214199305,-0.007947651669383049,False,0.024184999987483025,488.04449462890625,0.9532119035720825,1933.86083984375,1994.044921875,0.003479097969830036,0.0,5120
M-1000,Transformer-2L,G:/PAI/outputs/checkpoints/world_model_ib_m1000_transformer2_fair_epoch_020.pt,reference_MPPI,42,542,-223.20952179295818,-114743.78077994219,-0.001069699414074421,0.005367756821215153,-0.00046208687126636505,False,0.02441209997050464,482.9580078125,0.9432773590087891,1911.4261474609375,1992.486083984375,0.00426445109769702,0.0,5120
M-1000,Transformer-2L,G:/PAI/outputs/checkpoints/world_model_ib_m1000_transformer2_fair_epoch_020.pt,reference_MPPI,42,543,-213.76132530725897,-114957.54210524945,0.0064443680457770824,0.005058635957539082,0.017854340374469757,False,0.02380490000359714,470.384521484375,0.9187197685241699,1915.8602294921875,2000.636962890625,0.004364486318081617,0.0,5120
M-1000,Transformer-2L,G:/PAI/outputs/checkpoints/world_model_ib_m1000_transformer2_fair_epoch_020.pt,reference_MPPI,42,544,-223.58718754943982,-115181.12929279888,0.006495819892734289,-0.0028184372931718826,-0.003174327313899994,False,0.024511100025847554,485.86883544921875,0.9489625692367554,1932.2197265625,1996.223876953125,0.003607821883633733,0.0,5120
M-1000,Transformer-2L,G:/PAI/outputs/checkpoints/world_model_ib_m1000_transformer2_fair_epoch_020.pt,reference_MPPI,42,545,-223.86270471663494,-115404.99199751552,-0.008366833440959454,0.01753256469964981,-0.005791523959487677,False,0.024817700032144785,476.5724182128906,0.930805504322052,1911.6212158203125,1998.69384765625,0.00450072530657053,0.0,5120
M-1000,Transformer-2L,G:/PAI/outputs/checkpoints/world_model_ib_m1000_transformer2_fair_epoch_020.pt,reference_MPPI,42,546,-219.5174429379843,-115624.5094404535,0.011814754456281662,-0.011461605317890644,0.00046518933959305286,False,0.024852799950167537,487.9999084472656,0.9531248211860657,1924.48095703125,1996.1427001953125,0.0039041622076183558,0.0,5120
M-1000,Transformer-2L,G:/PAI/outputs/checkpoints/world_model_ib_m1000_transformer2_fair_epoch_020.pt,reference_MPPI,42,547,-227.9167488661097,-115852.42618931961,0.007850507274270058,0.0019802628085017204,0.0065512144938111305,False,0.024739700136706233,499.6732482910156,0.9759243130683899,1950.525146484375,1996.31494140625,0.003050255123525858,0.0,5120
M-1000,Transformer-2L,G:/PAI/outputs/checkpoints/world_model_ib_m1000_transformer2_fair_epoch_020.pt,reference_MPPI,42,548,-217.41280150730918,-116069.83899082692,0.0030629844404757023,-0.0006657356861978769,0.0009424462914466858,False,0.02521420014090836,492.11468505859375,0.9611614942550659,1939.4814453125,1993.91259765625,0.003297528950497508,0.0,5120
M-1000,Transformer-2L,G:/PAI/outputs/checkpoints/world_model_ib_m1000_transformer2_fair_epoch_020.pt,reference_MPPI,42,549,-237.89452952720785,-116307.73352035413,0.0022098468616604805,0.004421410616487265,0.0011475970968604088,False,0.025587100069969893,482.76837158203125,0.9429069757461548,1943.3685302734375,2002.9716796875,0.003439744934439659,0.0,5120
M-1000,Transformer-2L,G:/PAI/outputs/checkpoints/world_model_ib_m1000_transformer2_fair_epoch_020.pt,reference_MPPI,42,550,-217.36395633332648,-116525.09747668746,0.00600577425211668,0.003121716435998678,-0.0020743305794894695,False,0.02456049993634224,479.680419921875,0.9368758201599121,1932.8521728515625,2004.666259765625,0.0038739610463380814,0.0,5120
M-1000,Transformer-2L,G:/PAI/outputs/checkpoints/world_model_ib_m1000_transformer2_fair_epoch_020.pt,reference_MPPI,42,551,-218.92936547096164,-116744.02684215842,0.0031290841288864613,0.004431741312146187,0.0017642243765294552,False,0.026006100000813603,478.9786071777344,0.9355050921440125,1924.473876953125,1996.1982421875,0.0038697931449860334,0.0,5120
M-1000,Transformer-2L,G:/PAI/outputs/checkpoints/world_model_ib_m1000_transformer2_fair_epoch_020.pt,reference_MPPI,42,552,-213.13034713465484,-116957.15718929308,0.010464812628924847,0.010471410118043423,0.0008668294176459312,False,0.02463119989261031,474.60626220703125,0.9269653558731079,1918.695068359375,1997.4385986328125,0.004128405824303627,0.0,5120
M-1000,Transformer-2L,G:/PAI/outputs/checkpoints/world_model_ib_m1000_transformer2_fair_epoch_020.pt,reference_MPPI,42,553,-220.69460384859633,-117177.85179314167,0.0019275443628430367,0.003879256546497345,0.0005471501499414444,False,0.024445599876344204,468.2828063964844,0.9146148562431335,1886.00048828125,1996.51416015625,0.005648290738463402,0.0,5120
M-1000,Transformer-2L,G:/PAI/outputs/checkpoints/world_model_ib_m1000_transformer2_fair_epoch_020.pt,reference_MPPI,42,554,-218.80329960735457,-117396.65509274903,0.008270866237580776,0.005995729938149452,-0.0011218697763979435,False,0.024270700057968497,490.8746643066406,0.9587395787239075,1941.265869140625,1994.8177490234375,0.003265055362135172,0.0,5120
M-1000,Transformer-2L,G:/PAI/outputs/checkpoints/world_model_ib_m1000_transformer2_fair_epoch_020.pt,reference_MPPI,42,555,-231.41596244268104,-117628.07105519171,0.0052314866334199905,-0.00396067276597023,-0.005674515385180712,False,0.024617800023406744,482.601318359375,0.9425806999206543,1932.499755859375,1995.1806640625,0.003546151565387845,0.0,5120
M-1000,Transformer-2L,G:/PAI/outputs/checkpoints/world_model_ib_m1000_transformer2_fair_epoch_020.pt,reference_MPPI,42,556,-217.91088969926602,-117845.98194489098,0.009548276662826538,0.007703330367803574,0.009430157952010632,False,0.024740099906921387,482.46588134765625,0.9423161745071411,1910.76416015625,1996.0780029296875,0.004450242966413498,0.0,5120
M-1000,Transformer-2L,G:/PAI/outputs/checkpoints/world_model_ib_m1000_transformer2_fair_epoch_020.pt,reference_MPPI,42,557,-233.1965420432425,-118079.17848693422,0.006516163237392902,-0.006159561220556498,-0.0005393503233790398,False,0.024165299953892827,486.2635803222656,0.949733555316925,1934.8475341796875,1993.4757080078125,0.0034210660960525274,0.0,5120
M-1000,Transformer-2L,G:/PAI/outputs/checkpoints/world_model_ib_m1000_transformer2_fair_epoch_020.pt,reference_MPPI,42,558,-235.02279806498422,-118314.2012849992,0.008421427570283413,0.01155942864716053,-0.009591322392225266,False,0.02414710004813969,491.6392517089844,0.9602329134941101,1942.5484619140625,1997.5301513671875,0.0033179116435348988,0.0,5120
M-1000,Transformer-2L,G:/PAI/outputs/checkpoints/world_model_ib_m1000_transformer2_fair_epoch_020.pt,reference_MPPI,42,559,-229.81966118628497,-118544.02094618548,0.007661612704396248,0.0021835239604115486,0.006027271039783955,False,0.024681700160726905,478.44500732421875,0.9344629049301147,1913.8291015625,1996.283447265625,0.0043062870390713215,0.0,5120
M-1000,Transformer-2L,G:/PAI/outputs/checkpoints/world_model_ib_m1000_transformer2_fair_epoch_020.pt,reference_MPPI,42,560,-216.5562933256303,-118760.57723951111,-0.008720350451767445,-0.0029063429683446884,-0.011303093284368515,False,0.024821299826726317,471.3399353027344,0.9205858111381531,1908.6663818359375,1993.9072265625,0.0043977475725114346,0.0,5120
M-1000,Transformer-2L,G:/PAI/outputs/checkpoints/world_model_ib_m1000_transformer2_fair_epoch_020.pt,reference_MPPI,42,561,-212.12454423912658,-118972.70178375024,0.0011895708739757538,0.0010009821271523833,-0.00529222097247839,False,0.024639099836349487,461.38507080078125,0.9011427164077759,1897.4764404296875,1997.4302978515625,0.005041861906647682,0.0,5120
M-1000,Transformer-2L,G:/PAI/outputs/checkpoints/world_model_ib_m1000_transformer2_fair_epoch_020.pt,reference_MPPI,42,562,-214.84601135842075,-119187.54779510865,0.0047106388956308365,0.007880899123847485,-0.0019223750568926334,False,0.025248500052839518,486.56793212890625,0.95032799243927,1927.7193603515625,1996.4605712890625,0.003786509158089757,0.0,5120
M-1000,Transformer-2L,G:/PAI/outputs/checkpoints/world_model_ib_m1000_transformer2_fair_epoch_020.pt,reference_MPPI,42,563,-220.61192961045103,-119408.1597247191,0.00457561481744051,-0.00870206393301487,-0.009200746193528175,False,0.024855100084096193,472.34686279296875,0.9225524663925171,1907.384765625,1998.297607421875,0.004657207056879997,0.0,5120
M-1000,Transformer-2L,G:/PAI/outputs/checkpoints/world_model_ib_m1000_transformer2_fair_epoch_020.pt,reference_MPPI,42,564,-219.65319979039103,-119627.81292450949,0.014074080623686314,-0.007410906720906496,0.0038619590923190117,False,0.024789900053292513,485.6495666503906,0.9485343098640442,1935.4315185546875,2003.154052734375,0.003744390094652772,0.0,5120
M-1000,Transformer-2L,G:/PAI/outputs/checkpoints/world_model_ib_m1000_transformer2_fair_epoch_020.pt,reference_MPPI,42,565,-226.5076093984557,-119854.32053390794,0.007569076027721167,0.0024030786007642746,-0.0013080388307571411,False,0.02439340017735958,478.2182922363281,0.9340201020240784,1920.67236328125,1998.446044921875,0.004108378663659096,0.0,5120
M-1000,Transformer-2L,G:/PAI/outputs/checkpoints/world_model_ib_m1000_transformer2_fair_epoch_020.pt,reference_MPPI,42,566,-223.15345740778614,-120077.47399131572,-0.0031203054822981358,-0.0051836492493748665,-0.010501598939299583,False,0.024679399793967605,465.06011962890625,0.9083205461502075,1922.37890625,2005.9412841796875,0.004288056865334511,0.0,5120
M-1000,Transformer-2L,G:/PAI/outputs/checkpoints/world_model_ib_m1000_transformer2_fair_epoch_020.pt,reference_MPPI,42,567,-238.237704239557,-120315.71169555528,-0.018267713487148285,0.007662275340408087,-0.004130340181291103,False,0.024217600002884865,472.9827575683594,0.9237944483757019,1911.6314697265625,2000.9228515625,0.004585623275488615,0.0,5120
M-1000,Transformer-2L,G:/PAI/outputs/checkpoints/world_model_ib_m1000_transformer2_fair_epoch_020.pt,reference_MPPI,42,568,-219.08609181842968,-120534.79778737371,0.015526932664215565,0.002933238632977009,-0.010750405490398407,False,0.024305999977514148,485.16558837890625,0.9475890398025513,1939.9403076171875,2003.061767578125,0.003571798326447606,0.0,5120
M-1000,Transformer-2L,G:/PAI/outputs/checkpoints/world_model_ib_m1000_transformer2_fair_epoch_020.pt,reference_MPPI,42,569,-218.62854126379094,-120753.4263286375,-0.0028756950050592422,0.0069115557707846165,0.0005214270204305649,False,0.024942199932411313,495.2146911621094,0.9672161936759949,1955.6624755859375,2004.684814453125,0.0031349053606390953,0.0,5120
M-1000,Transformer-2L,G:/PAI/outputs/checkpoints/world_model_ib_m1000_transformer2_fair_epoch_020.pt,reference_MPPI,42,570,-213.45629748040267,-120966.8826261179,0.0006629249546676874,0.010739123448729515,-0.00500901835039258,False,0.025581200141459703,482.2407531738281,0.9418764710426331,1927.334228515625,2002.453369140625,0.004020866937935352,0.0,5120
M-1000,Transformer-2L,G:/PAI/outputs/checkpoints/world_model_ib_m1000_transformer2_fair_epoch_020.pt,reference_MPPI,42,571,-218.0751032980781,-121184.95772941598,0.0005283057689666748,0.005375748500227928,0.00438722874969244,False,0.02386519988067448,482.4344482421875,0.9422547817230225,1938.4732666015625,2000.2615966796875,0.0035145259462296963,0.0,5120
M-1000,Transformer-2L,G:/PAI/outputs/checkpoints/world_model_ib_m1000_transformer2_fair_epoch_020.pt,reference_MPPI,42,572,-214.55528080339687,-121399.51301021938,8.620694279670715e-05,-0.00670771487057209,-0.011840945109724998,False,0.024232600117102265,494.6083679199219,0.9660319685935974,1935.0452880859375,2000.30615234375,0.0036867030430585146,0.0,5120
M-1000,Transformer-2L,G:/PAI/outputs/checkpoints/world_model_ib_m1000_transformer2_fair_epoch_020.pt,reference_MPPI,42,573,-211.76220970556255,-121611.27521992494,0.009140364825725555,0.005270891822874546,0.005425884388387203,False,0.023841300047934055,489.48602294921875,0.9560273885726929,1940.62841796875,2001.5478515625,0.00351125979796052,0.0,5120
M-1000,Transformer-2L,G:/PAI/outputs/checkpoints/world_model_ib_m1000_transformer2_fair_epoch_020.pt,reference_MPPI,42,574,-243.53222436094399,-121854.80744428588,0.006496879272162914,-0.006648230366408825,0.005212173331528902,False,0.02458430011756718,486.3051452636719,0.9498147368431091,1941.244873046875,1997.266845703125,0.0033305620308965445,0.0,5120
M-1000,Transformer-2L,G:/PAI/outputs/checkpoints/world_model_ib_m1000_transformer2_fair_epoch_020.pt,reference_MPPI,42,575,-217.42820141705926,-122072.23564570294,0.01102698314934969,0.0021274471655488014,0.009254908189177513,False,0.02479439997114241,499.9336853027344,0.9764329791069031,1949.329345703125,2009.38134765625,0.003518889658153057,0.0,5120
M-1000,Transformer-2L,G:/PAI/outputs/checkpoints/world_model_ib_m1000_transformer2_fair_epoch_020.pt,reference_MPPI,42,576,-220.37799599700725,-122292.61364169995,0.001542818732559681,-0.001037086360156536,0.0037518308963626623,False,0.02511329995468259,479.0117492675781,0.9355698227882385,1922.7677001953125,2001.063720703125,0.004134505521506071,0.0,5120
M-1000,Transformer-2L,G:/PAI/outputs/checkpoints/world_model_ib_m1000_transformer2_fair_epoch_020.pt,reference_MPPI,42,577,-218.1301766279291,-122510.74381832789,0.0051171546801924706,0.002111939713358879,0.0036649596877396107,False,0.024103600066155195,479.9434814453125,0.937389612197876,1934.8531494140625,2008.05517578125,0.003931806422770023,0.0,5120
M-1000,Transformer-2L,G:/PAI/outputs/checkpoints/world_model_ib_m1000_transformer2_fair_epoch_020.pt,reference_MPPI,42,578,-228.72185241983172,-122739.46567074771,-0.0014503230340778828,-0.0013645985163748264,-0.00041459756903350353,False,0.02536510000936687,477.4631652832031,0.9325452446937561,1924.9183349609375,2003.5633544921875,0.004139244090765715,0.0,5120
M-1000,Transformer-2L,G:/PAI/outputs/checkpoints/world_model_ib_m1000_transformer2_fair_epoch_020.pt,reference_MPPI,42,579,-211.25544209912334,-122950.72111284683,0.002807110082358122,-0.0035630296915769577,0.006817176938056946,False,0.024978700093925,479.2997131347656,0.9361322522163391,1923.49609375,2003.0020751953125,0.004184642340987921,0.0,5120
M-1000,Transformer-2L,G:/PAI/outputs/checkpoints/world_model_ib_m1000_transformer2_fair_epoch_020.pt,reference_MPPI,42,580,-215.40248685367925,-123166.12359970051,0.0059184059500694275,0.007315656170248985,0.009326026774942875,False,0.024923699907958508,482.6054992675781,0.9425888657569885,1931.20654296875,1998.2470703125,0.003705756040289998,0.0,5120
M-1000,Transformer-2L,G:/PAI/outputs/checkpoints/world_model_ib_m1000_transformer2_fair_epoch_020.pt,reference_MPPI,42,581,-226.79377268912808,-123392.91737238964,0.00903191789984703,0.0007082177326083183,0.0037059690803289413,False,0.02455940004438162,485.115966796875,0.9474921226501465,1934.870361328125,2001.184326171875,0.0036884236615151167,0.0,5120
M-1000,Transformer-2L,G:/PAI/outputs/checkpoints/world_model_ib_m1000_transformer2_fair_epoch_020.pt,reference_MPPI,42,582,-219.22545556406396,-123612.1428279537,-0.002904107328504324,4.8862770199775696e-05,0.012626254931092262,False,0.02414290001615882,460.3164978027344,0.8990556597709656,1904.2635498046875,2007.6956787109375,0.005213825032114983,0.0,5120
M-1000,Transformer-2L,G:/PAI/outputs/checkpoints/world_model_ib_m1000_transformer2_fair_epoch_020.pt,reference_MPPI,42,583,-220.7217184968631,-123832.86454645057,0.015300601720809937,-0.001292291097342968,-0.002151740714907646,False,0.024485599948093295,482.01727294921875,0.9414399862289429,1920.867919921875,2003.707275390625,0.004342119675129652,0.0,5120
M-1000,Transformer-2L,G:/PAI/outputs/checkpoints/world_model_ib_m1000_transformer2_fair_epoch_020.pt,reference_MPPI,42,584,-226.03761931279467,-124058.90216576336,0.008604371920228004,-0.006819556467235088,-0.0022330088540911674,False,0.024695999920368195,481.0967712402344,0.9396421313285828,1928.4439697265625,2003.635986328125,0.004015916958451271,0.0,5120
M-1000,Transformer-2L,G:/PAI/outputs/checkpoints/world_model_ib_m1000_transformer2_fair_epoch_020.pt,reference_MPPI,42,585,-217.2841449857544,-124276.18631074911,0.004319816827774048,0.009874719195067883,0.0061873095110058784,False,0.02478730003349483,478.9029541015625,0.9353573322296143,1923.806884765625,2000.84326171875,0.004082383122295141,0.0,5120
M-1000,Transformer-2L,G:/PAI/outputs/checkpoints/world_model_ib_m1000_transformer2_fair_epoch_020.pt,reference_MPPI,42,586,-226.93467414222843,-124503.12098489134,0.00434452760964632,-0.010314933955669403,0.0074103111401200294,False,0.024900699965655804,485.8927001953125,0.9490091800689697,1935.276123046875,2005.800537109375,0.0038489513099193573,0.0,5120
M-1000,Transformer-2L,G:/PAI/outputs/checkpoints/world_model_ib_m1000_transformer2_fair_epoch_020.pt,reference_MPPI,42,587,-233.02706338841838,-124736.14804827976,0.0006275377236306667,0.001291576772928238,0.0022042440250515938,False,0.024840099969878793,485.0241394042969,0.9473127722740173,1906.1773681640625,2008.489990234375,0.0052934312261641026,0.0,5120
M-1000,Transformer-2L,G:/PAI/outputs/checkpoints/world_model_ib_m1000_transformer2_fair_epoch_020.pt,reference_MPPI,42,588,-219.96870805821646,-124956.11675633799,-0.0001225629821419716,0.00011371448636054993,0.008318868465721607,False,0.024162299931049347,472.81719970703125,0.9234710931777954,1900.300537109375,2004.4227294921875,0.005322490818798542,0.0,5120
M-1000,Transformer-2L,G:/PAI/outputs/checkpoints/world_model_ib_m1000_transformer2_fair_epoch_020.pt,reference_MPPI,42,589,-219.60682998733597,-125175.72358632532,0.005890169180929661,-0.006471126340329647,0.0073610516265034676,False,0.024711300153285265,476.86358642578125,0.931374192237854,1914.65478515625,2008.122802734375,0.004801046568900347,0.0,5120
M-1000,Transformer-2L,G:/PAI/outputs/checkpoints/world_model_ib_m1000_transformer2_fair_epoch_020.pt,reference_MPPI,42,590,-221.17519331080223,-125396.89877963612,0.0008112769573926926,0.0014226981438696384,0.0019068224355578423,False,0.024739899905398488,493.65032958984375,0.9641607999801636,1945.72900390625,2002.79931640625,0.0033916907850652933,0.0,5120
M-1000,Transformer-2L,G:/PAI/outputs/checkpoints/world_model_ib_m1000_transformer2_fair_epoch_020.pt,reference_MPPI,42,591,-214.87548031373677,-125611.77425994986,0.0012612235732376575,-0.001376267522573471,-0.006769427098333836,False,0.025241800118237734,490.2933044433594,0.9576041102409363,1941.1307373046875,2000.6507568359375,0.0034683558624237776,0.0,5120
M-1000,Transformer-2L,G:/PAI/outputs/checkpoints/world_model_ib_m1000_transformer2_fair_epoch_020.pt,reference_MPPI,42,592,-229.84915885380795,-125841.62341880366,0.004353748168796301,0.010596422478556633,0.00503558712080121,False,0.02497730008326471,485.9140319824219,0.9490508437156677,1935.932373046875,2001.252197265625,0.0036566401831805706,0.0,5120
M-1000,Transformer-2L,G:/PAI/outputs/checkpoints/world_model_ib_m1000_transformer2_fair_epoch_020.pt,reference_MPPI,42,593,-226.58111008010923,-126068.20452888377,-0.013757049106061459,0.0038323625922203064,-0.003065218450501561,False,0.024997400119900703,490.2761535644531,0.9575706124305725,1943.4635009765625,1999.9063720703125,0.0033602677285671234,0.0,5120
M-1000,Transformer-2L,G:/PAI/outputs/checkpoints/world_model_ib_m1000_transformer2_fair_epoch_020.pt,reference_MPPI,42,594,-240.21924041017812,-126308.42376929395,0.00030752975726500154,-0.003378064837306738,-0.0035063764080405235,False,0.02526249992661178,491.15252685546875,0.9592822790145874,1942.9100341796875,2005.344970703125,0.0035718069411814213,0.0,5120
M-1000,Transformer-2L,G:/PAI/outputs/checkpoints/world_model_ib_m1000_transformer2_fair_epoch_020.pt,reference_MPPI,42,595,-229.78729012777995,-126538.21105942172,-0.006310188677161932,-0.0005785403773188591,0.006752975285053253,False,0.024765399983152747,488.3533630371094,0.9538151621818542,1938.397705078125,2010.2265625,0.003913410007953644,0.0,5120
M-1000,Transformer-2L,G:/PAI/outputs/checkpoints/world_model_ib_m1000_transformer2_fair_epoch_020.pt,reference_MPPI,42,596,-216.79603443553862,-126755.00709385726,-0.0018496636766940355,0.007844374515116215,-0.007621429860591888,False,0.025420699967071414,487.8055419921875,0.9527451992034912,1938.2802734375,1998.1920166015625,0.003468799404799938,0.0,5120
M-1000,Transformer-2L,G:/PAI/outputs/checkpoints/world_model_ib_m1000_transformer2_fair_epoch_020.pt,reference_MPPI,42,597,-215.41213164771253,-126970.41922550497,-0.0010789049556478858,-0.0020726099610328674,0.003354462096467614,False,0.02561110001988709,483.1969299316406,0.9437440037727356,1928.6900634765625,2005.71435546875,0.004098373930901289,0.0,5120
M-1000,Transformer-2L,G:/PAI/outputs/checkpoints/world_model_ib_m1000_transformer2_fair_epoch_020.pt,reference_MPPI,42,598,-227.27552169746426,-127197.69474720243,0.0025357871782034636,0.006456054747104645,-0.00972015131264925,False,0.02514020004309714,477.7980041503906,0.9331992268562317,1923.283203125,2001.9111328125,0.004142256919294596,0.0,5120
M-1000,Transformer-2L,G:/PAI/outputs/checkpoints/world_model_ib_m1000_transformer2_fair_epoch_020.pt,reference_MPPI,42,599,-217.38697786679938,-127415.08172506923,0.010092522948980331,0.004098030738532543,0.0033767493441700935,False,0.024150700075551867,474.2869567871094,0.926341712474823,1919.1121826171875,2000.49658203125,0.004244989715516567,0.0,5120
M-1000,Transformer-2L,G:/PAI/outputs/checkpoints/world_model_ib_m1000_transformer2_fair_epoch_020.pt,reference_MPPI,42,600,-221.3572440214752,-127636.43896909071,0.0010321475565433502,0.008781910873949528,0.01775851845741272,False,0.024460399989038706,489.7272033691406,0.9564984440803528,1943.895263671875,2003.4140625,0.0034646475687623024,0.0,5120
M-1000,Transformer-2L,G:/PAI/outputs/checkpoints/world_model_ib_m1000_transformer2_fair_epoch_020.pt,reference_MPPI,42,601,-219.22544884330097,-127855.66441793401,-0.0021369983442127705,0.007888708263635635,0.0038276445120573044,False,0.02473390009254217,493.3799133300781,0.9636326432228088,1940.879638671875,2006.7427978515625,0.003705038223415613,0.0,5120
M-1000,Transformer-2L,G:/PAI/outputs/checkpoints/world_model_ib_m1000_transformer2_fair_epoch_020.pt,reference_MPPI,42,602,-218.25649384864124,-128073.92091178265,0.0053909714333713055,0.011320337653160095,0.0012801578268408775,False,0.02505069994367659,481.8923034667969,0.9411959052085876,1948.275390625,2011.756103515625,0.0035741967149078846,0.0,5120
M-1000,Transformer-2L,G:/PAI/outputs/checkpoints/world_model_ib_m1000_transformer2_fair_epoch_020.pt,reference_MPPI,42,603,-236.30880107399605,-128310.22971285666,0.004018012899905443,0.010610189288854599,-0.0016779606230556965,False,0.024196299957111478,489.1543884277344,0.9553796648979187,1946.6434326171875,1997.900146484375,0.003185656387358904,0.0,5120
M-1000,Transformer-2L,G:/PAI/outputs/checkpoints/world_model_ib_m1000_transformer2_fair_epoch_020.pt,reference_MPPI,42,604,-220.51728827814998,-128530.7470011348,0.0017149108462035656,-0.004597446881234646,0.006632433272898197,False,0.025607499992474914,487.9455261230469,0.9530186057090759,1941.1817626953125,2004.8466796875,0.003604659577831626,0.0,5120
M-1000,Transformer-2L,G:/PAI/outputs/checkpoints/world_model_ib_m1000_transformer2_fair_epoch_020.pt,reference_MPPI,42,605,-212.06937762146308,-128742.81637875627,-0.010275078937411308,0.014018739573657513,0.011949197389185429,False,0.024697300046682358,476.2585144042969,0.9301924109458923,1924.0797119140625,2007.637939453125,0.004341835621744394,0.0,5120
M-1000,Transformer-2L,G:/PAI/outputs/checkpoints/world_model_ib_m1000_transformer2_fair_epoch_020.pt,reference_MPPI,42,606,-217.18344753656882,-128959.99982629284,-0.00428909482434392,0.011445688083767891,-0.006437850184738636,False,0.02538120001554489,490.18865966796875,0.9573997259140015,1935.712890625,2000.3074951171875,0.003649032674729824,0.0,5120
M-1000,Transformer-2L,G:/PAI/outputs/checkpoints/world_model_ib_m1000_transformer2_fair_epoch_020.pt,reference_MPPI,42,607,-214.1263915014666,-129174.12621779431,0.005220628809183836,0.008438360877335072,0.000525190494954586,False,0.026401200098916888,488.9269714355469,0.9549354910850525,1945.27734375,2010.451416015625,0.0036616127472370863,0.0,5120
M-1000,Transformer-2L,G:/PAI/outputs/checkpoints/world_model_ib_m1000_transformer2_fair_epoch_020.pt,reference_MPPI,42,608,-216.4722097668514,-129390.59842756117,0.0019121025688946247,0.01799105294048786,0.00806267000734806,False,0.02490300009958446,483.4421081542969,0.9442228674888611,1930.550537109375,2002.843505859375,0.003909725695848465,0.0,5120
M-1000,Transformer-2L,G:/PAI/outputs/checkpoints/world_model_ib_m1000_transformer2_fair_epoch_020.pt,reference_MPPI,42,609,-217.0249680066231,-129607.62339556779,0.011502375826239586,-0.0008326619863510132,0.0006958860903978348,False,0.024814700009301305,479.52874755859375,0.9365795850753784,1940.08203125,2005.078369140625,0.0036156540736556053,0.0,5120
M-1000,Transformer-2L,G:/PAI/outputs/checkpoints/world_model_ib_m1000_transformer2_fair_epoch_020.pt,reference_MPPI,42,610,-238.93421179048153,-129846.55760735826,-0.001835524570196867,-0.0018958840519189835,0.012436374090611935,False,0.02521830005571246,478.286865234375,0.9341540336608887,1940.02587890625,2005.4742431640625,0.0036273340228945017,0.0,5120
M-1000,Transformer-2L,G:/PAI/outputs/checkpoints/world_model_ib_m1000_transformer2_fair_epoch_020.pt,reference_MPPI,42,611,-229.87605676038805,-130076.43366411865,-0.003036527894437313,-0.0038470998406410217,0.0007579829543828964,False,0.02490719989873469,484.9861145019531,0.9472385048866272,1928.3214111328125,2008.740966796875,0.004249452613294125,0.0,5120
M-1000,Transformer-2L,G:/PAI/outputs/checkpoints/world_model_ib_m1000_transformer2_fair_epoch_020.pt,reference_MPPI,42,612,-226.38924639311278,-130302.82291051176,0.005203493870794773,0.004873745609074831,-3.711972385644913e-05,False,0.024688799865543842,480.8611755371094,0.9391819834709167,1930.16015625,2003.88427734375,0.003956993110477924,0.0,5120
M-1000,Transformer-2L,G:/PAI/outputs/checkpoints/world_model_ib_m1000_transformer2_fair_epoch_020.pt,reference_MPPI,42,613,-227.94857405452348,-130530.77148456628,0.008129244670271873,0.003181867767125368,-4.8240646719932556e-05,False,0.025413400027900934,476.35076904296875,0.9303725957870483,1932.294677734375,2012.5419921875,0.004200896713882685,0.0,5120
M-1000,Transformer-2L,G:/PAI/outputs/checkpoints/world_model_ib_m1000_transformer2_fair_epoch_020.pt,reference_MPPI,42,614,-234.35282664243317,-130765.12431120872,-0.0008002649992704391,-0.009187402203679085,0.0005489587783813477,False,0.02494579995982349,490.7655029296875,0.9585263729095459,1944.6500244140625,2010.66357421875,0.0037005373742431402,0.0,5120
M-1000,Transformer-2L,G:/PAI/outputs/checkpoints/world_model_ib_m1000_transformer2_fair_epoch_020.pt,reference_MPPI,42,615,-214.91511685448828,-130980.03942806322,0.009246498346328735,-0.005856644362211227,-0.0030209915712475777,False,0.025077099911868572,495.50811767578125,0.9677892923355103,1947.466552734375,2005.231689453125,0.003423199290409684,0.0,5120
M-1000,Transformer-2L,G:/PAI/outputs/checkpoints/world_model_ib_m1000_transformer2_fair_epoch_020.pt,reference_MPPI,42,616,-215.36930528111534,-131195.40873334435,0.0004788219230249524,0.003526093903928995,0.005380040034651756,False,0.02441389998421073,486.4847106933594,0.9501654505729675,1936.7559814453125,2004.6943359375,0.00375611730851233,0.0,5120
M-1000,Transformer-2L,G:/PAI/outputs/checkpoints/world_model_ib_m1000_transformer2_fair_epoch_020.pt,reference_MPPI,42,617,-215.4548356965701,-131410.86356904093,0.0020851637236773968,-0.014124631881713867,-0.002591189928352833,False,0.024740200024098158,484.7575988769531,0.9467921853065491,1933.84765625,2005.734375,0.0038975465577095747,0.0,5120
M-1000,Transformer-2L,G:/PAI/outputs/checkpoints/world_model_ib_m1000_transformer2_fair_epoch_020.pt,reference_MPPI,42,618,-221.90440718518292,-131632.7679762261,0.0011162408627569675,-0.004615589044988155,-0.0012623858638107777,False,0.025235099950805306,491.6167297363281,0.9601889252662659,1943.244140625,2004.5528564453125,0.003530979622155428,0.0,5120
M-1000,Transformer-2L,G:/PAI/outputs/checkpoints/world_model_ib_m1000_transformer2_fair_epoch_020.pt,reference_MPPI,42,619,-219.39654814555286,-131852.16452437168,-0.009357087314128876,-0.00776210380718112,0.011775722727179527,False,0.024814799893647432,486.98199462890625,0.9511367082595825,1942.4056396484375,2008.4979248046875,0.003691835328936577,0.0,5120
M-1000,Transformer-2L,G:/PAI/outputs/checkpoints/world_model_ib_m1000_transformer2_fair_epoch_020.pt,reference_MPPI,42,620,-218.9352309924151,-132071.0997553641,0.010160587728023529,-0.0036989643704146147,-0.019002243876457214,False,0.02507429989054799,494.2049560546875,0.9652440547943115,1963.967041015625,2009.50048828125,0.003025695448741317,0.0,5120
M-1000,Transformer-2L,G:/PAI/outputs/checkpoints/world_model_ib_m1000_transformer2_fair_epoch_020.pt,reference_MPPI,42,621,-226.81546312946745,-132297.91521849355,-0.010674395598471165,0.0009346115402877331,-0.010369827039539814,False,0.025191300082951784,496.4046936035156,0.9695404171943665,1959.4212646484375,2010.5753173828125,0.0032070947345346212,0.0,5120
M-1000,Transformer-2L,G:/PAI/outputs/checkpoints/world_model_ib_m1000_transformer2_fair_epoch_020.pt,reference_MPPI,42,622,-222.22729661680722,-132520.14251511035,0.004397118464112282,0.012674376368522644,-0.006381288170814514,False,0.024465200025588274,491.2898864746094,0.9595505595207214,1947.0499267578125,2012.23291015625,0.0036710472777485847,0.0,5120
M-1000,Transformer-2L,G:/PAI/outputs/checkpoints/world_model_ib_m1000_transformer2_fair_epoch_020.pt,reference_MPPI,42,623,-213.51813901312914,-132733.66065412347,-0.003093134146183729,-0.0033001238480210304,-0.0016449461691081524,False,0.02446420001797378,474.638671875,0.9270286560058594,1921.3914794921875,2008.00439453125,0.004473916254937649,0.0,5120
M-1000,Transformer-2L,G:/PAI/outputs/checkpoints/world_model_ib_m1000_transformer2_fair_epoch_020.pt,reference_MPPI,42,624,-217.86244969087056,-132951.52310381434,0.0012467149645090103,0.0025587708223611116,-0.01659223437309265,False,0.024501799838617444,482.1066589355469,0.94161456823349,1925.29443359375,2005.927001953125,0.00424278574064374,0.0,5120
M-1000,Transformer-2L,G:/PAI/outputs/checkpoints/world_model_ib_m1000_transformer2_fair_epoch_020.pt,reference_MPPI,42,625,-231.36395016188357,-133182.8870539762,0.0005207285284996033,0.0029866090044379234,0.002500266535207629,False,0.024886699859052896,483.311767578125,0.9439682960510254,1936.628173828125,2014.2835693359375,0.004125614184886217,0.0,5120
M-1000,Transformer-2L,G:/PAI/outputs/checkpoints/world_model_ib_m1000_transformer2_fair_epoch_020.pt,reference_MPPI,42,626,-223.14607129971046,-133406.03312527592,-0.003718055784702301,-0.0010534911416471004,0.01131492480635643,False,0.02428640006110072,479.6044616699219,0.9367274641990662,1900.0731201171875,2005.5379638671875,0.005433274898678064,0.0,5120
M-1000,Transformer-2L,G:/PAI/outputs/checkpoints/world_model_ib_m1000_transformer2_fair_epoch_020.pt,reference_MPPI,42,627,-221.3970021966337,-133627.43012747256,-0.00400356762111187,0.01104018371552229,0.004426112398505211,False,0.024839800084009767,475.52117919921875,0.9287523031234741,1931.038330078125,2013.924072265625,0.004315622616559267,0.0,5120
M-1000,Transformer-2L,G:/PAI/outputs/checkpoints/world_model_ib_m1000_transformer2_fair_epoch_020.pt,reference_MPPI,42,628,-221.79904954907283,-133849.22917702163,0.00818162877112627,-0.011257825419306755,-0.012390654534101486,False,0.024813199881464243,485.6536865234375,0.9485423564910889,1935.59716796875,2005.3841552734375,0.0038231422659009695,0.0,5120
M-1000,Transformer-2L,G:/PAI/outputs/checkpoints/world_model_ib_m1000_transformer2_fair_epoch_020.pt,reference_MPPI,42,629,-253.1197196051164,-134102.34889662673,0.006976250093430281,-0.013535872101783752,0.0064999754540622234,False,0.024384200107306242,482.2072448730469,0.9418110251426697,1932.0655517578125,2006.571044921875,0.003993554972112179,0.0,5120
M-1000,Transformer-2L,G:/PAI/outputs/checkpoints/world_model_ib_m1000_transformer2_fair_epoch_020.pt,reference_MPPI,42,630,-222.25960892428304,-134324.608505551,-0.006173943169414997,-0.006685996428132057,0.006364195607602596,False,0.02444329997524619,458.59088134765625,0.8956853151321411,1914.7379150390625,2010.4443359375,0.004819382913410664,0.0,5120
M-1000,Transformer-2L,G:/PAI/outputs/checkpoints/world_model_ib_m1000_transformer2_fair_epoch_020.pt,reference_MPPI,42,631,-219.36541989108187,-134543.9739254421,0.008452896028757095,-0.00044300127774477005,0.0024834293872117996,False,0.024939099792391062,485.4119567871094,0.948070228099823,1920.5640869140625,2008.5166015625,0.004585227929055691,0.0,5120
M-1000,Transformer-2L,G:/PAI/outputs/checkpoints/world_model_ib_m1000_transformer2_fair_epoch_020.pt,reference_MPPI,42,632,-243.73830215397794,-134787.71222759606,0.006274810992181301,0.007670196238905191,0.0009801983833312988,False,0.024423800176009536,492.24078369140625,0.9614077806472778,1951.172119140625,2005.2587890625,0.0032869656570255756,0.0,5120
M-1000,Transformer-2L,G:/PAI/outputs/checkpoints/world_model_ib_m1000_transformer2_fair_epoch_020.pt,reference_MPPI,42,633,-232.29200884916918,-135020.00423644524,0.006346737500280142,0.0033789484295994043,-0.002475528046488762,False,0.024299000157043338,477.7035217285156,0.9330146908760071,1935.0928955078125,2010.172607421875,0.0039951554499566555,0.0,5120
M-1000,Transformer-2L,G:/PAI/outputs/checkpoints/world_model_ib_m1000_transformer2_fair_epoch_020.pt,reference_MPPI,42,634,-231.98225568587173,-135251.9864921311,0.0018570099491626024,-0.0014491784386336803,-0.0026572830975055695,False,0.024527000030502677,482.3397521972656,0.9420698285102844,1941.4866943359375,2013.01513671875,0.0038759515155106783,0.0,5120
M-1000,Transformer-2L,G:/PAI/outputs/checkpoints/world_model_ib_m1000_transformer2_fair_epoch_020.pt,reference_MPPI,42,635,-220.72940353364447,-135472.71589566476,0.01182605791836977,-0.006004311144351959,0.008804338984191418,False,0.023977200035005808,490.34063720703125,0.9576965570449829,1946.0177001953125,2012.205078125,0.0037054342683404684,0.0,5120
M-1000,Transformer-2L,G:/PAI/outputs/checkpoints/world_model_ib_m1000_transformer2_fair_epoch_020.pt,reference_MPPI,42,636,-230.2854058634359,-135703.0013015282,0.013901667669415474,-0.009072433225810528,-0.01074246596544981,False,0.02503889985382557,491.5920715332031,0.9601407647132874,1948.0570068359375,2006.213134765625,0.0034237350337207317,0.0,5120
M-1000,Transformer-2L,G:/PAI/outputs/checkpoints/world_model_ib_m1000_transformer2_fair_epoch_020.pt,reference_MPPI,42,637,-232.39339206035308,-135935.39469358855,0.0041574533097445965,-0.012464765459299088,-0.0027297968044877052,False,0.02434000000357628,470.3173522949219,0.9185885787010193,1928.114013671875,2003.903564453125,0.003989737015217543,0.0,5120
M-1000,Transformer-2L,G:/PAI/outputs/checkpoints/world_model_ib_m1000_transformer2_fair_epoch_020.pt,reference_MPPI,42,638,-218.96262649702317,-136154.35732008558,0.0017804052913561463,0.005074787884950638,-0.0017448621802031994,False,0.024819999933242798,484.04339599609375,0.9453972578048706,1943.462890625,2005.362060546875,0.0035228619817644358,0.0,5120
M-1000,Transformer-2L,G:/PAI/outputs/checkpoints/world_model_ib_m1000_transformer2_fair_epoch_020.pt,reference_MPPI,42,639,-225.81216471616284,-136380.16948480174,0.006221586838364601,-0.001419413834810257,-0.004844066686928272,False,0.02512230002321303,487.9189758300781,0.9529667496681213,1934.4908447265625,2004.954833984375,0.003855982329696417,0.0,5120
M-1000,Transformer-2L,G:/PAI/outputs/checkpoints/world_model_ib_m1000_transformer2_fair_epoch_020.pt,reference_MPPI,42,640,-230.60679427112981,-136610.77627907286,-0.0040577370673418045,0.0008610747754573822,-0.00712925847619772,False,0.02473130007274449,488.76861572265625,0.954626202583313,1941.75,2006.7283935546875,0.0036556145641952753,0.0,5120
M-1000,Transformer-2L,G:/PAI/outputs/checkpoints/world_model_ib_m1000_transformer2_fair_epoch_020.pt,reference_MPPI,42,641,-238.50239768325707,-136849.2786767561,0.0006454344838857651,-0.010177718475461006,0.0025728633627295494,False,0.02485690009780228,481.8524169921875,0.9411180019378662,1940.3868408203125,2010.49658203125,0.003819376463070512,0.0,5120
M-1000,Transformer-2L,G:/PAI/outputs/checkpoints/world_model_ib_m1000_transformer2_fair_epoch_020.pt,reference_MPPI,42,642,-225.36974930503516,-137074.64842606115,-0.002785258926451206,0.0006081601604819298,0.0079093212261796,False,0.024804400047287345,484.5617370605469,0.9464096426963806,1954.043701171875,2008.8623046875,0.0032844122033566236,0.0,5120
M-1000,Transformer-2L,G:/PAI/outputs/checkpoints/world_model_ib_m1000_transformer2_fair_epoch_020.pt,reference_MPPI,42,643,-237.746327973442,-137312.39475403458,-0.00803456176072359,-0.008198187686502934,0.0029280148446559906,False,0.024670700076967478,480.77423095703125,0.9390121698379517,1929.5870361328125,2006.41015625,0.004080015234649181,0.0,5120
M-1000,Transformer-2L,G:/PAI/outputs/checkpoints/world_model_ib_m1000_transformer2_fair_epoch_020.pt,reference_MPPI,42,644,-227.32023126621147,-137539.7149853008,0.006638465449213982,0.012188184075057507,-0.004819536581635475,False,0.024572200141847134,498.7585144042969,0.9741377234458923,1948.0225830078125,2004.007568359375,0.0033741698134690523,0.0,5120
M-1000,Transformer-2L,G:/PAI/outputs/checkpoints/world_model_ib_m1000_transformer2_fair_epoch_020.pt,reference_MPPI,42,645,-216.25501803641868,-137755.9700033372,0.0014795842580497265,0.0064773233607411385,-0.00048197992146015167,False,0.024467499926686287,481.7763977050781,0.9409695267677307,1935.203857421875,2006.02001953125,0.0038495308253914118,0.0,5120
M-1000,Transformer-2L,G:/PAI/outputs/checkpoints/world_model_ib_m1000_transformer2_fair_epoch_020.pt,reference_MPPI,42,646,-232.13373266749022,-137988.10373600468,-0.0006988600362092257,-0.006073871627449989,0.011362641118466854,False,0.024967700010165572,484.614501953125,0.9465126991271973,1922.6666259765625,2001.448486328125,0.004177282098680735,0.0,5120
M-1000,Transformer-2L,G:/PAI/outputs/checkpoints/world_model_ib_m1000_transformer2_fair_epoch_020.pt,reference_MPPI,42,647,-216.20360090260974,-138204.30733690728,0.009936602786183357,-0.005164744332432747,0.005623938515782356,False,0.02455460000783205,471.5771484375,0.9210491180419922,1914.00927734375,1997.61279296875,0.004320181906223297,0.0,5120
M-1000,Transformer-2L,G:/PAI/outputs/checkpoints/world_model_ib_m1000_transformer2_fair_epoch_020.pt,reference_MPPI,42,648,-216.80697226197825,-138421.11430916926,0.0020528584718704224,-0.0033593301195651293,0.0021222641225904226,False,0.02478239987976849,480.42291259765625,0.9383260011672974,1933.9620361328125,2002.81640625,0.0037679162342101336,0.0,5120
M-1000,Transformer-2L,G:/PAI/outputs/checkpoints/world_model_ib_m1000_transformer2_fair_epoch_020.pt,reference_MPPI,42,649,-226.17957014034573,-138647.2938793096,0.0051845982670784,0.0017756083980202675,0.014471050351858139,False,0.02531790011562407,478.10595703125,0.9338006973266602,1929.6026611328125,2003.6103515625,0.003958591725677252,0.0,5120
M-1000,Transformer-2L,G:/PAI/outputs/checkpoints/world_model_ib_m1000_transformer2_fair_epoch_020.pt,reference_MPPI,42,650,-217.02084245101724,-138864.31472176063,0.010666300542652607,-0.01156148873269558,0.006223112344741821,False,0.024901899974793196,489.19708251953125,0.9554630517959595,1939.018798828125,2002.417236328125,0.003599045565351844,0.0,5120
M-1000,Transformer-2L,G:/PAI/outputs/checkpoints/world_model_ib_m1000_transformer2_fair_epoch_020.pt,reference_MPPI,42,651,-218.8249390050665,-139083.1396607657,-0.0013563195243477821,-0.009269500151276588,-0.008443309925496578,False,0.024755900027230382,485.21087646484375,0.947677493095398,1932.3330078125,2000.3521728515625,0.003752540796995163,0.0,5120
M-1000,Transformer-2L,G:/PAI/outputs/checkpoints/world_model_ib_m1000_transformer2_fair_epoch_020.pt,reference_MPPI,42,652,-233.36981693405426,-139316.50947769976,0.0035864952951669693,0.0041967472061514854,-0.005279517732560635,False,0.025074099889025092,476.1849365234375,0.9300487041473389,1905.509033203125,1997.9638671875,0.004748823121190071,0.0,5120
M-1000,Transformer-2L,G:/PAI/outputs/checkpoints/world_model_ib_m1000_transformer2_fair_epoch_020.pt,reference_MPPI,42,653,-242.73988972893608,-139559.24936742868,-0.008871432393789291,0.0009098164737224579,0.0031458577141165733,False,0.024764300091192126,484.0657043457031,0.9454408288002014,1935.6180419921875,2005.958251953125,0.0038355570286512375,0.0,5120
M-1000,Transformer-2L,G:/PAI/outputs/checkpoints/world_model_ib_m1000_transformer2_fair_epoch_020.pt,reference_MPPI,42,654,-237.21504793551418,-139796.4644153642,0.0005399365909397602,0.0013621440157294273,0.0002490384504199028,False,0.02424019994214177,486.9346618652344,0.9510442614555359,1931.937255859375,2004.58984375,0.003938539419323206,0.0,5120
M-1000,Transformer-2L,G:/PAI/outputs/checkpoints/world_model_ib_m1000_transformer2_fair_epoch_020.pt,reference_MPPI,42,655,-234.96431084370678,-140031.4287262079,0.011483779177069664,0.006094558164477348,0.0044162943959236145,False,0.024146700045093894,478.3046569824219,0.9341887831687927,1905.817138671875,1997.81884765625,0.004737416747957468,0.0,5120
M-1000,Transformer-2L,G:/PAI/outputs/checkpoints/world_model_ib_m1000_transformer2_fair_epoch_020.pt,reference_MPPI,42,656,-216.73793441641618,-140248.16666062432,0.008369135670363903,-0.001459494698792696,3.799097612500191e-05,False,0.0238456001970917,487.41253662109375,0.9519776105880737,1945.2764892578125,2002.658203125,0.0033820243552327156,0.0,5120
M-1000,Transformer-2L,G:/PAI/outputs/checkpoints/world_model_ib_m1000_transformer2_fair_epoch_020.pt,reference_MPPI,42,657,-232.5247254850907,-140480.69138610942,-0.007569400127977133,-0.010117022320628166,0.007549221161752939,False,0.02416629996150732,468.67791748046875,0.9153865575790405,1929.8209228515625,2004.3720703125,0.003935463260859251,0.0,5120
M-1000,Transformer-2L,G:/PAI/outputs/checkpoints/world_model_ib_m1000_transformer2_fair_epoch_020.pt,reference_MPPI,42,658,-216.6075351762222,-140697.29892128563,0.015846189111471176,0.007242933847010136,0.0001922808587551117,False,0.024820700054988265,480.9054260253906,0.9392684102058411,1928.5068359375,2001.367431640625,0.003920399583876133,0.0,5120
M-1000,Transformer-2L,G:/PAI/outputs/checkpoints/world_model_ib_m1000_transformer2_fair_epoch_020.pt,reference_MPPI,42,659,-234.93832076744397,-140932.2372420531,-0.0038465671241283417,0.0060644689947366714,0.0022109374403953552,False,0.02449400001205504,482.3483581542969,0.9420866370201111,1920.358154296875,2000.3349609375,0.004217505920678377,0.0,5120
M-1000,Transformer-2L,G:/PAI/outputs/checkpoints/world_model_ib_m1000_transformer2_fair_epoch_020.pt,reference_MPPI,42,660,-233.94903857458308,-141166.18628062768,0.01317022554576397,0.0038174698129296303,0.009880440309643745,False,0.02455760003067553,490.4249572753906,0.9578612446784973,1943.9940185546875,1999.64111328125,0.003333783010020852,0.0,5120
M-1000,Transformer-2L,G:/PAI/outputs/checkpoints/world_model_ib_m1000_transformer2_fair_epoch_020.pt,reference_MPPI,42,661,-228.54507482258043,-141394.73135545026,-0.005847944878041744,0.0059603978879749775,-0.003019515424966812,False,0.024424700066447258,488.6466064453125,0.954387903213501,1931.21435546875,2001.5384521484375,0.0038538763765245676,0.0,5120
M-1000,Transformer-2L,G:/PAI/outputs/checkpoints/world_model_ib_m1000_transformer2_fair_epoch_020.pt,reference_MPPI,42,662,-220.81045835384333,-141615.5418138041,-0.0037424378097057343,0.0038616005331277847,-0.01795649155974388,False,0.02424059994518757,488.6785888671875,0.9544503688812256,1952.031982421875,2007.2060546875,0.0033123153261840343,0.0,5120
M-1000,Transformer-2L,G:/PAI/outputs/checkpoints/world_model_ib_m1000_transformer2_fair_epoch_020.pt,reference_MPPI,42,663,-224.13357108291785,-141839.67538488703,0.004041213542222977,0.009665416553616524,0.0013973917812108994,False,0.02416550018824637,484.0876770019531,0.9454837441444397,1938.0069580078125,2005.22314453125,0.0037174932658672333,0.0,5120
M-1000,Transformer-2L,G:/PAI/outputs/checkpoints/world_model_ib_m1000_transformer2_fair_epoch_020.pt,reference_MPPI,42,664,-218.639209338613,-142058.31459422564,0.009197630919516087,0.005165107548236847,0.004074546042829752,False,0.024558499921113253,475.9841003417969,0.929656445980072,1934.22705078125,2007.068603515625,0.0039015873335301876,0.0,5120
M-1000,Transformer-2L,G:/PAI/outputs/checkpoints/world_model_ib_m1000_transformer2_fair_epoch_020.pt,reference_MPPI,42,665,-216.4653863759996,-142274.77998060163,-0.00029111653566360474,0.00023514358326792717,0.011152682825922966,False,0.024777700193226337,482.5752258300781,0.9425297379493713,1944.0042724609375,2005.9302978515625,0.00352024775929749,0.0,5120
M-1000,Transformer-2L,G:/PAI/outputs/checkpoints/world_model_ib_m1000_transformer2_fair_epoch_020.pt,reference_MPPI,42,666,-221.17875166775002,-142495.95873226938,-0.009244969114661217,0.0034259322565048933,0.007369332946836948,False,0.024432400008663535,482.7203063964844,0.9428130984306335,1943.71337890625,2002.8167724609375,0.003422122448682785,0.0,5120
M-1000,Transformer-2L,G:/PAI/outputs/checkpoints/world_model_ib_m1000_transformer2_fair_epoch_020.pt,reference_MPPI,42,667,-224.87898176031723,-142720.8377140297,0.002707536332309246,-0.004343882203102112,0.002820149064064026,False,0.024041000055149198,485.2510986328125,0.9477560520172119,1939.9024658203125,2002.40869140625,0.003550292458385229,0.0,5120
M-1000,Transformer-2L,G:/PAI/outputs/checkpoints/world_model_ib_m1000_transformer2_fair_epoch_020.pt,reference_MPPI,42,668,-219.1965368720039,-142940.03425090172,0.003012683242559433,0.00401308573782444,-0.004333986900746822,False,0.024608199950307608,475.45849609375,0.9286298751831055,1911.58447265625,2000.795166015625,0.004599039908498526,0.0,5120
M-1000,Transformer-2L,G:/PAI/outputs/checkpoints/world_model_ib_m1000_transformer2_fair_epoch_020.pt,reference_MPPI,42,669,-213.8730324489099,-143153.90728335062,0.0035854666493833065,0.009028702974319458,0.007077828980982304,False,0.024863200029358268,480.81610107421875,0.9390939474105835,1933.17236328125,2007.72705078125,0.003987882286310196,0.0,5120
M-1000,Transformer-2L,G:/PAI/outputs/checkpoints/world_model_ib_m1000_transformer2_fair_epoch_020.pt,reference_MPPI,42,670,-222.25663496408907,-143376.1639183147,0.008590662851929665,0.003939374350011349,0.0006164347287267447,False,0.02467409987002611,489.9673767089844,0.9569675326347351,1943.4776611328125,2002.0518798828125,0.0034328452311456203,0.0,5120
M-1000,Transformer-2L,G:/PAI/outputs/checkpoints/world_model_ib_m1000_transformer2_fair_epoch_020.pt,reference_MPPI,42,671,-223.0688568884214,-143599.23277520313,0.00018133153207600117,0.005568834021687508,0.0016512940637767315,False,0.024844399886205792,490.8185729980469,0.9586300253868103,1949.1937255859375,2005.996826171875,0.0033745698165148497,0.0,5120
M-1000,Transformer-2L,G:/PAI/outputs/checkpoints/world_model_ib_m1000_transformer2_fair_epoch_020.pt,reference_MPPI,42,672,-220.33760921612028,-143819.57038441926,0.009861049242317677,-0.004675529897212982,-0.0014764172956347466,False,0.02469720016233623,488.0149841308594,0.9531542658805847,1954.3040771484375,2008.5357666015625,0.0032785050570964813,0.0,5120
M-1000,Transformer-2L,G:/PAI/outputs/checkpoints/world_model_ib_m1000_transformer2_fair_epoch_020.pt,reference_MPPI,42,673,-217.6153700327454,-144037.18575445202,0.006896051578223705,0.0043140291236341,0.006824711337685585,False,0.024823899846524,495.3579406738281,0.9674959778785706,1950.1121826171875,2003.1917724609375,0.003265298204496503,0.0,5120
M-1000,Transformer-2L,G:/PAI/outputs/checkpoints/world_model_ib_m1000_transformer2_fair_epoch_020.pt,reference_MPPI,42,674,-222.77946351489587,-144259.9652179669,0.0032379310578107834,-0.007033843547105789,0.007914254441857338,False,0.024362499825656414,485.10626220703125,0.9474731683731079,1928.70166015625,2003.64453125,0.004022297449409962,0.0,5120
M-1000,Transformer-2L,G:/PAI/outputs/checkpoints/world_model_ib_m1000_transformer2_fair_epoch_020.pt,reference_MPPI,42,675,-232.63756665872046,-144492.60278462563,0.007329740095883608,-0.001992312492802739,-0.003023535944521427,False,0.024964199867099524,492.30352783203125,0.961530327796936,1942.3238525390625,2000.493896484375,0.0034270379692316055,0.0,5120
M-1000,Transformer-2L,G:/PAI/outputs/checkpoints/world_model_ib_m1000_transformer2_fair_epoch_020.pt,reference_MPPI,42,676,-221.02898717716528,-144713.6317718028,0.007332755718380213,-0.004414692055433989,-0.0005596359260380268,False,0.024178999941796064,496.138427734375,0.9690203666687012,1947.4482421875,2004.64599609375,0.0034065430518239737,0.0,5120
M-1000,Transformer-2L,G:/PAI/outputs/checkpoints/world_model_ib_m1000_transformer2_fair_epoch_020.pt,reference_MPPI,42,677,-218.0790299881146,-144931.7108017909,-0.0031216691713780165,0.00122333865147084,0.008589595556259155,False,0.024055200163275003,472.4073181152344,0.9226705431938171,1914.353271484375,2004.5516357421875,0.004625226370990276,0.0,5120
M-1000,Transformer-2L,G:/PAI/outputs/checkpoints/world_model_ib_m1000_transformer2_fair_epoch_020.pt,reference_MPPI,42,678,-228.75576177910477,-145160.46656357002,-0.0006540962494909763,-0.0044627198949456215,-0.010677371174097061,False,0.02481690002605319,482.51055908203125,0.9424034357070923,1931.3668212890625,2006.2373046875,0.004006503615528345,0.0,5120
M-1000,Transformer-2L,G:/PAI/outputs/checkpoints/world_model_ib_m1000_transformer2_fair_epoch_020.pt,reference_MPPI,42,679,-243.99376686387825,-145404.4603304339,0.007548022083938122,-0.0016829706728458405,-0.014936886727809906,False,0.023531799903139472,478.98248291015625,0.9355126619338989,1928.151611328125,2004.4346923828125,0.00404900498688221,0.0,5120
M-1000,Transformer-2L,G:/PAI/outputs/checkpoints/world_model_ib_m1000_transformer2_fair_epoch_020.pt,reference_MPPI,42,680,-221.74030036850908,-145626.20063080243,0.003113312879577279,-0.009934690780937672,-0.004579545930027962,False,0.024785400135442615,493.771728515625,0.9643979072570801,1949.53125,2010.75390625,0.0035390660632401705,0.0,5120
M-1000,Transformer-2L,G:/PAI/outputs/checkpoints/world_model_ib_m1000_transformer2_fair_epoch_020.pt,reference_MPPI,42,681,-225.5422121338069,-145851.74284293625,0.012234419584274292,-0.0059675537049770355,-0.008895693346858025,False,0.02474010013975203,485.501953125,0.9482460021972656,1934.7786865234375,2007.105712890625,0.0039198496378958225,0.0,5120
M-1000,Transformer-2L,G:/PAI/outputs/checkpoints/world_model_ib_m1000_transformer2_fair_epoch_020.pt,reference_MPPI,42,682,-233.04422298059487,-146084.78706591684,-0.0002523367293179035,-0.002304290421307087,4.962040111422539e-05,False,0.024304100079461932,499.6169128417969,0.9758142828941345,1948.443115234375,2012.112060546875,0.0036469311453402042,0.0,5120
M-1000,Transformer-2L,G:/PAI/outputs/checkpoints/world_model_ib_m1000_transformer2_fair_epoch_020.pt,reference_MPPI,42,683,-220.22360581460876,-146305.01067173146,0.011726382188498974,-0.005765657871961594,0.001447218470275402,False,0.023976000025868416,482.0059814453125,0.941417932510376,1943.0845947265625,2009.2080078125,0.0036704966332763433,0.0,5120
M-1000,Transformer-2L,G:/PAI/outputs/checkpoints/world_model_ib_m1000_transformer2_fair_epoch_020.pt,reference_MPPI,42,684,-218.89417915697322,-146523.90485088844,0.00800282135605812,0.0030441689305007458,0.009405789896845818,False,0.024503399850800633,496.8825378417969,0.9704737067222595,1951.93017578125,2007.4638671875,0.003352278843522072,0.0,5120
M-1000,Transformer-2L,G:/PAI/outputs/checkpoints/world_model_ib_m1000_transformer2_fair_epoch_020.pt,reference_MPPI,42,685,-234.62161327489747,-146758.52646416335,0.012853196822106838,0.004383767955005169,-0.0007422901690006256,False,0.025351400021463633,481.8052062988281,0.9410257935523987,1935.7977294921875,2008.611572265625,0.0039198813028633595,0.0,5120
M-1000,Transformer-2L,G:/PAI/outputs/checkpoints/world_model_ib_m1000_transformer2_fair_epoch_020.pt,reference_MPPI,42,686,-233.89544707252549,-146992.42191123587,-0.0043395813554525375,-0.00586208188906312,0.007208885159343481,False,0.024792399955913424,475.9394836425781,0.9295693039894104,1917.14404296875,2009.8544921875,0.004762239288538694,0.0,5120
M-1000,Transformer-2L,G:/PAI/outputs/checkpoints/world_model_ib_m1000_transformer2_fair_epoch_020.pt,reference_MPPI,42,687,-224.58513221621234,-147217.0070434521,0.008493892848491669,0.0015337825752794743,-0.008357275277376175,False,0.02446880005300045,478.8533020019531,0.9352603554725647,1924.074951171875,2011.156982421875,0.004516417160630226,0.0,5120
M-1000,Transformer-2L,G:/PAI/outputs/checkpoints/world_model_ib_m1000_transformer2_fair_epoch_020.pt,reference_MPPI,42,688,-221.74783637520846,-147438.7548798273,-0.0021616071462631226,0.0005964981392025948,0.003562074853107333,False,0.024766799993813038,470.860595703125,0.919649600982666,1922.44873046875,2006.7880859375,0.004353134892880917,0.0,5120
M-1000,Transformer-2L,G:/PAI/outputs/checkpoints/world_model_ib_m1000_transformer2_fair_epoch_020.pt,reference_MPPI,42,689,-234.2455899625175,-147673.0004697898,0.0033250320702791214,-0.006593694910407066,0.008611369878053665,False,0.02472830004990101,491.5216369628906,0.9600031971931458,1949.65625,2010.27392578125,0.003508307971060276,0.0,5120
M-1000,Transformer-2L,G:/PAI/outputs/checkpoints/world_model_ib_m1000_transformer2_fair_epoch_020.pt,reference_MPPI,42,690,-215.3682969570221,-147888.36876674683,-0.01273486576974392,-0.010640686377882957,0.0008442611433565617,False,0.024102899944409728,480.0715026855469,0.9376396536827087,1936.0380859375,2004.986328125,0.0037684969138354063,0.0,5120
M-1000,Transformer-2L,G:/PAI/outputs/checkpoints/world_model_ib_m1000_transformer2_fair_epoch_020.pt,reference_MPPI,42,691,-226.6260232222738,-148114.99478996912,-0.01071343757212162,0.009303959086537361,-0.005109109915792942,False,0.024671500083059072,489.9061279296875,0.9568479061126709,1943.6925048828125,2004.10107421875,0.0034940913319587708,0.0,5120
M-1000,Transformer-2L,G:/PAI/outputs/checkpoints/world_model_ib_m1000_transformer2_fair_epoch_020.pt,reference_MPPI,42,692,-221.98532054367865,-148336.98011051278,0.006037456914782524,0.011006519198417664,0.005994726903736591,False,0.024677899898961186,483.81829833984375,0.9449576139450073,1926.7520751953125,2007.2506103515625,0.004246694501489401,0.0,5120
M-1000,Transformer-2L,G:/PAI/outputs/checkpoints/world_model_ib_m1000_transformer2_fair_epoch_020.pt,reference_MPPI,42,693,-225.70778815577557,-148562.68789866855,0.005351255182176828,-0.002133691683411598,0.0025707967579364777,False,0.02469250001013279,485.2498474121094,0.9477536082267761,1932.3248291015625,2004.45361328125,0.003912343177944422,0.0,5120
M-1000,Transformer-2L,G:/PAI/outputs/checkpoints/world_model_ib_m1000_transformer2_fair_epoch_020.pt,reference_MPPI,42,694,-232.3228630179738,-148795.0107616865,0.005882261320948601,-0.007663788739591837,0.006726498249918222,False,0.024803799809888005,475.7814025878906,0.9292605519294739,1902.082275390625,2003.0162353515625,0.005174296908080578,0.0,5120
M-1000,Transformer-2L,G:/PAI/outputs/checkpoints/world_model_ib_m1000_transformer2_fair_epoch_020.pt,reference_MPPI,42,695,-215.56408295876003,-149010.57484464528,-0.003581652417778969,0.011154042556881905,0.015206018462777138,False,0.024784700013697147,475.53973388671875,0.9287885427474976,1927.8170166015625,2008.969482421875,0.004238279070705175,0.0,5120
M-1000,Transformer-2L,G:/PAI/outputs/checkpoints/world_model_ib_m1000_transformer2_fair_epoch_020.pt,reference_MPPI,42,696,-217.50689692662695,-149228.0817415719,0.018829094246029854,0.005751506425440311,-0.003452385775744915,False,0.024679299909621477,487.83251953125,0.9527978897094727,1937.201904296875,1999.92919921875,0.003570014610886574,0.0,5120
M-1000,Transformer-2L,G:/PAI/outputs/checkpoints/world_model_ib_m1000_transformer2_fair_epoch_020.pt,reference_MPPI,42,697,-219.66624081347516,-149447.74798238536,-0.0005334177985787392,0.003916078247129917,0.0022299475967884064,False,0.024374800035730004,500.2463684082031,0.9770436882972717,1959.42138671875,2003.983642578125,0.0030148227233439684,0.0,5120
M-1000,Transformer-2L,G:/PAI/outputs/checkpoints/world_model_ib_m1000_transformer2_fair_epoch_020.pt,reference_MPPI,42,698,-224.74681515980626,-149672.49479754517,0.00013065803796052933,-0.004185952246189117,0.015739839524030685,False,0.02492820005863905,486.4569396972656,0.9501112103462219,1938.2098388671875,2003.849853515625,0.003667401382699609,0.0,5120
M-1000,Transformer-2L,G:/PAI/outputs/checkpoints/world_model_ib_m1000_transformer2_fair_epoch_020.pt,reference_MPPI,42,699,-225.78429544022956,-149898.2790929854,0.0004271462094038725,0.005878983531147242,0.005269189830869436,False,0.02471149992197752,484.734130859375,0.9467463493347168,1922.8397216796875,2007.815185546875,0.004445030353963375,0.0,5120
M-1000,Transformer-2L,G:/PAI/outputs/checkpoints/world_model_ib_m1000_transformer2_fair_epoch_020.pt,reference_MPPI,42,700,-219.3674639268765,-150117.64655691228,0.003358805552124977,0.008115115575492382,0.002456796821206808,False,0.024517100071534514,492.05389404296875,0.9610427618026733,1951.9156494140625,2006.60302734375,0.0033073776867240667,0.0,5120
M-1000,Transformer-2L,G:/PAI/outputs/checkpoints/world_model_ib_m1000_transformer2_fair_epoch_020.pt,reference_MPPI,42,701,-232.2793359463647,-150349.92589285865,0.0008984999731183052,-0.0012421091087162495,-0.0020694262348115444,False,0.024173800135031343,488.0814514160156,0.9532840847969055,1948.2880859375,2003.4786376953125,0.00330910156480968,0.0,5120
M-1000,Transformer-2L,G:/PAI/outputs/checkpoints/world_model_ib_m1000_transformer2_fair_epoch_020.pt,reference_MPPI,42,702,-218.721282654759,-150568.6471755134,0.005389236845076084,-0.005508814938366413,0.007468814961612225,False,0.024340500123798847,484.8551025390625,0.9469826221466064,1927.705322265625,1999.7486572265625,0.00390638830140233,0.0,5120
M-1000,Transformer-2L,G:/PAI/outputs/checkpoints/world_model_ib_m1000_transformer2_fair_epoch_020.pt,reference_MPPI,42,703,-231.08262525474478,-150799.72980076817,0.008551277220249176,0.006943205371499062,-0.0038865511305630207,False,0.02417629980482161,466.43280029296875,0.9110015630722046,1902.420654296875,2004.3187255859375,0.005172236822545528,0.0,5120
M-1000,Transformer-2L,G:/PAI/outputs/checkpoints/world_model_ib_m1000_transformer2_fair_epoch_020.pt,reference_MPPI,42,704,-224.32034180665715,-151024.05014257482,0.00992413517087698,0.005500696133822203,0.009238407015800476,False,0.024653499945998192,484.2647399902344,0.9458295702934265,1935.918212890625,2011.33154296875,0.004037903621792793,0.0,5120
M-1000,Transformer-2L,G:/PAI/outputs/checkpoints/world_model_ib_m1000_transformer2_fair_epoch_020.pt,reference_MPPI,42,705,-233.66240975980617,-151257.71255233462,0.005232775118201971,0.003333820030093193,-0.0005478980019688606,False,0.0241459000390023,480.5785827636719,0.9386300444602966,1915.6856689453125,2002.0421142578125,0.004490818362683058,0.0,5120
M-1000,Transformer-2L,G:/PAI/outputs/checkpoints/world_model_ib_m1000_transformer2_fair_epoch_020.pt,reference_MPPI,42,706,-238.98828109072434,-151496.70083342533,0.002150319516658783,0.003970825579017401,-0.0009619267657399178,False,0.025219399947673082,485.4539489746094,0.9481522440910339,1935.951171875,2010.200927734375,0.003993705380707979,0.0,5120
M-1000,Transformer-2L,G:/PAI/outputs/checkpoints/world_model_ib_m1000_transformer2_fair_epoch_020.pt,reference_MPPI,42,707,-229.51889074534773,-151726.2197241707,0.00033929734490811825,-0.008491753600537777,0.005693007260560989,False,0.02514330018311739,475.8912353515625,0.9294750690460205,1926.240234375,2006.3759765625,0.004190209787338972,0.0,5120
M-1000,Transformer-2L,G:/PAI/outputs/checkpoints/world_model_ib_m1000_transformer2_fair_epoch_020.pt,reference_MPPI,42,708,-220.82847648318403,-151947.04820065387,0.010383759625256062,0.0023161452263593674,0.007001402787864208,False,0.024556699907407165,486.3682556152344,0.9499379992485046,1928.806884765625,2011.036865234375,0.004331506788730621,0.0,5120
M-1000,Transformer-2L,G:/PAI/outputs/checkpoints/world_model_ib_m1000_transformer2_fair_epoch_020.pt,reference_MPPI,42,709,-217.6388828240088,-152164.68708347788,0.012345032766461372,0.010203399695456028,0.004026153590530157,False,0.024316900176927447,481.0080871582031,0.9394689202308655,1934.02783203125,2005.606201171875,0.0038742872420698404,0.0,5120
M-1000,Transformer-2L,G:/PAI/outputs/checkpoints/world_model_ib_m1000_transformer2_fair_epoch_020.pt,reference_MPPI,42,710,-222.0350237255658,-152386.72210720344,0.01101224310696125,-0.013966696336865425,-0.0010592667385935783,False,0.024815700016915798,479.6558837890625,0.9368278980255127,1931.797607421875,2007.02001953125,0.004010975826531649,0.0,5120
M-1000,Transformer-2L,G:/PAI/outputs/checkpoints/world_model_ib_m1000_transformer2_fair_epoch_020.pt,reference_MPPI,42,711,-237.0875479664362,-152623.80965516987,-0.0028885460924357176,0.003633716842159629,0.0016791964881122112,False,0.024454799946397543,495.0107116699219,0.9668177962303162,1960.720458984375,2008.6845703125,0.0031021474860608578,0.0,5120
M-1000,Transformer-2L,G:/PAI/outputs/checkpoints/world_model_ib_m1000_transformer2_fair_epoch_020.pt,reference_MPPI,42,712,-229.24319719149617,-152853.05285236138,0.006816367618739605,0.0002846876159310341,-0.010873589664697647,False,0.024804600048810244,490.7370910644531,0.95847088098526,1947.15966796875,2011.3458251953125,0.0036328420974314213,0.0,5120
M-1000,Transformer-2L,G:/PAI/outputs/checkpoints/world_model_ib_m1000_transformer2_fair_epoch_020.pt,reference_MPPI,42,713,-221.66069417436273,-153074.71354653573,-0.0011345990933477879,0.002405079547315836,-0.009869630448520184,False,0.02380209998227656,491.8826904296875,0.9607083797454834,1939.705810546875,2006.17578125,0.0037241652607917786,0.0,5120
M-1000,Transformer-2L,G:/PAI/outputs/checkpoints/world_model_ib_m1000_transformer2_fair_epoch_020.pt,reference_MPPI,42,714,-247.92901935698347,-153322.64256589272,0.0017777602188289165,0.008081482723355293,0.004442707169800997,False,0.02448919997550547,483.43878173828125,0.9442163705825806,1936.4375,2003.5006103515625,0.0037077185697853565,0.0,5120
M-1000,Transformer-2L,G:/PAI/outputs/checkpoints/world_model_ib_m1000_transformer2_fair_epoch_020.pt,reference_MPPI,42,715,-227.7444963132935,-153550.38706220602,0.01292513683438301,-0.00023433961905539036,0.0007253475487232208,False,0.024750699987635016,482.9276428222656,0.9432180523872375,1938.315673828125,2008.899169921875,0.0038444034289568663,0.0,5120
M-1000,Transformer-2L,G:/PAI/outputs/checkpoints/world_model_ib_m1000_transformer2_fair_epoch_020.pt,reference_MPPI,42,716,-218.50770968919625,-153768.89477189523,0.003662434872239828,-0.0279029980301857,0.0010533093009144068,False,0.024250700138509274,483.1304931640625,0.9436142444610596,1923.610595703125,2003.3670654296875,0.004211063496768475,0.0,5120
M-1000,Transformer-2L,G:/PAI/outputs/checkpoints/world_model_ib_m1000_transformer2_fair_epoch_020.pt,reference_MPPI,42,717,-220.56039073652153,-153989.45516263176,0.005197318270802498,0.010332809761166573,-0.0017838631756603718,False,0.02424070006236434,487.9847717285156,0.9530952572822571,1939.353271484375,2008.2557373046875,0.0037991858553141356,0.0,5120
M-1000,Transformer-2L,G:/PAI/outputs/checkpoints/world_model_ib_m1000_transformer2_fair_epoch_020.pt,reference_MPPI,42,718,-218.96950388227128,-154208.42466651404,-0.002103948500007391,0.01236285362392664,-0.00369431683793664,False,0.02559630014002323,480.5315246582031,0.938538134098053,1931.9638671875,2011.928466796875,0.004208714235574007,0.0,5120
M-1000,Transformer-2L,G:/PAI/outputs/checkpoints/world_model_ib_m1000_transformer2_fair_epoch_020.pt,reference_MPPI,42,719,-225.71074894417296,-154434.1354154582,0.01883672922849655,0.00871644914150238,0.01199030689895153,False,0.02663780003786087,481.6561279296875,0.9407346248626709,1934.07666015625,2004.0479736328125,0.0038123514968901873,0.0,5120
M-1000,Transformer-2L,G:/PAI/outputs/checkpoints/world_model_ib_m1000_transformer2_fair_epoch_020.pt,reference_MPPI,42,720,-231.81027246507603,-154665.9456879233,-0.00599680095911026,0.006736530922353268,-0.0075160786509513855,False,0.024033900117501616,486.4751892089844,0.9501468539237976,1938.396728515625,2004.2618408203125,0.0036791255697607994,0.0,5120
M-1000,Transformer-2L,G:/PAI/outputs/checkpoints/world_model_ib_m1000_transformer2_fair_epoch_020.pt,reference_MPPI,42,721,-220.16029274283466,-154886.10598066612,0.009373817592859268,0.0159453097730875,0.007407140918076038,False,0.024289599852636456,472.4276428222656,0.9227102398872375,1926.6446533203125,2005.39794921875,0.00412338599562645,0.0,5120
M-1000,Transformer-2L,G:/PAI/outputs/checkpoints/world_model_ib_m1000_transformer2_fair_epoch_020.pt,reference_MPPI,42,722,-229.9987815027557,-155116.10476216886,-0.0011613648384809494,-0.001489562215283513,0.0027577588334679604,False,0.024687800090759993,458.941650390625,0.8963704109191895,1888.659423828125,2005.61865234375,0.005956795997917652,0.0,5120
M-1000,Transformer-2L,G:/PAI/outputs/checkpoints/world_model_ib_m1000_transformer2_fair_epoch_020.pt,reference_MPPI,42,723,-217.3082318194045,-155333.41299398826,0.010162115097045898,-0.00959542766213417,-0.008534745313227177,False,0.02462249994277954,486.23455810546875,0.9496768712997437,1941.1798095703125,2006.6915283203125,0.0036640879698097706,0.0,5120
M-1000,Transformer-2L,G:/PAI/outputs/checkpoints/world_model_ib_m1000_transformer2_fair_epoch_020.pt,reference_MPPI,42,724,-224.09331634340816,-155557.50631033166,0.00746025750413537,0.005811123177409172,0.01622026599943638,False,0.024923699907958508,493.73779296875,0.9643316268920898,1953.746826171875,2003.700927734375,0.0031591958831995726,0.0,5120
M-1000,Transformer-2L,G:/PAI/outputs/checkpoints/world_model_ib_m1000_transformer2_fair_epoch_020.pt,reference_MPPI,42,725,-237.33913890873163,-155794.84544924038,-0.004011273384094238,-0.001463205087929964,0.004044265951961279,False,0.02493690000846982,482.24615478515625,0.9418870210647583,1925.2337646484375,2007.70263671875,0.004325195215642452,0.0,5120
M-1000,Transformer-2L,G:/PAI/outputs/checkpoints/world_model_ib_m1000_transformer2_fair_epoch_020.pt,reference_MPPI,42,726,-220.03837538373685,-156014.88382462412,0.003818055149167776,0.003956926986575127,0.0035565542057156563,False,0.025605699978768826,472.260498046875,0.9223837852478027,1933.48779296875,2007.1326904296875,0.00391326704993844,0.0,5120
M-1000,Transformer-2L,G:/PAI/outputs/checkpoints/world_model_ib_m1000_transformer2_fair_epoch_020.pt,reference_MPPI,42,727,-228.50058131806486,-156243.3844059422,0.009669091552495956,0.008992831222712994,-0.002858946565538645,False,0.024266099790111184,490.9013671875,0.9587917327880859,1948.43212890625,2008.4228515625,0.0034840453881770372,0.0,5120
M-1000,Transformer-2L,G:/PAI/outputs/checkpoints/world_model_ib_m1000_transformer2_fair_epoch_020.pt,reference_MPPI,42,728,-229.7822631675715,-156473.16666910978,0.004009018652141094,-0.0010242760181427002,0.0003117397427558899,False,0.024228400085121393,477.2687072753906,0.9321654438972473,1928.8485107421875,2007.8089599609375,0.004149101674556732,0.0,5120
M-1000,Transformer-2L,G:/PAI/outputs/checkpoints/world_model_ib_m1000_transformer2_fair_epoch_020.pt,reference_MPPI,42,729,-221.37777226718273,-156694.54444137696,-0.010706364177167416,0.006161763332784176,0.01300830114632845,False,0.024382799863815308,482.896484375,0.9431571960449219,1934.8045654296875,2009.576416015625,0.004009195603430271,0.0,5120
M-1000,Transformer-2L,G:/PAI/outputs/checkpoints/world_model_ib_m1000_transformer2_fair_epoch_020.pt,reference_MPPI,42,730,-220.69165978420094,-156915.23610116116,0.003954633139073849,0.006331939250230789,-0.0003695329651236534,False,0.026653300039470196,488.1007385253906,0.9533217549324036,1943.392578125,2006.554443359375,0.0035851646680384874,0.0,5120
M-1000,Transformer-2L,G:/PAI/outputs/checkpoints/world_model_ib_m1000_transformer2_fair_epoch_020.pt,reference_MPPI,42,731,-218.4397424807762,-157133.67584364195,0.006368398666381836,-0.006419340148568153,0.0030543943867087364,False,0.027909700060263276,492.0198059082031,0.9609761834144592,1959.8585205078125,2012.2744140625,0.003233138471841812,0.0,5120
M-1000,Transformer-2L,G:/PAI/outputs/checkpoints/world_model_ib_m1000_transformer2_fair_epoch_020.pt,reference_MPPI,42,732,-241.0045322579436,-157374.6803758999,-0.00442481879144907,0.0016821702010929585,0.001052402425557375,False,0.024894899921491742,486.64898681640625,0.9504863023757935,1942.0352783203125,2011.2840576171875,0.003806886961683631,0.0,5120
M-1000,Transformer-2L,G:/PAI/outputs/checkpoints/world_model_ib_m1000_transformer2_fair_epoch_020.pt,reference_MPPI,42,733,-228.52010215624125,-157603.20047805613,0.004234925843775272,-0.006997176446020603,-0.0009872501250356436,False,0.024429599987342954,484.8676452636719,0.9470071196556091,1952.2440185546875,2014.7904052734375,0.0035518845543265343,0.0,5120
M-1000,Transformer-2L,G:/PAI/outputs/checkpoints/world_model_ib_m1000_transformer2_fair_epoch_020.pt,reference_MPPI,42,734,-244.44285098070395,-157847.64332903683,0.008112629875540733,-0.0023702019825577736,-0.0034449584782123566,False,0.02491289982572198,490.3370056152344,0.9576894640922546,1944.6925048828125,2005.8328857421875,0.003522224258631468,0.0,5120
M-1000,Transformer-2L,G:/PAI/outputs/checkpoints/world_model_ib_m1000_transformer2_fair_epoch_020.pt,reference_MPPI,42,735,-232.81628867632895,-158080.45961771315,0.005451997742056847,-0.0017399364151060581,-0.004130244255065918,False,0.024466299917548895,481.46435546875,0.9403600692749023,1930.204833984375,2009.4281005859375,0.004184677731245756,0.0,5120
M-1000,Transformer-2L,G:/PAI/outputs/checkpoints/world_model_ib_m1000_transformer2_fair_epoch_020.pt,reference_MPPI,42,736,-239.36367689590833,-158319.82329460906,-0.0024241048377007246,0.014041038230061531,0.007429843302816153,False,0.024883999954909086,478.046875,0.933685302734375,1918.2557373046875,2004.7886962890625,0.004481142852455378,0.0,5120
M-1000,Transformer-2L,G:/PAI/outputs/checkpoints/world_model_ib_m1000_transformer2_fair_epoch_020.pt,reference_MPPI,42,737,-223.46609213133416,-158543.2893867404,0.009364815428853035,0.009365985170006752,0.0004008794203400612,False,0.02461489988490939,481.1200866699219,0.9396876692771912,1936.8447265625,2009.419189453125,0.003911945968866348,0.0,5120
M-1000,Transformer-2L,G:/PAI/outputs/checkpoints/world_model_ib_m1000_transformer2_fair_epoch_020.pt,reference_MPPI,42,738,-224.1526781270914,-158767.44206486747,-0.01085567008703947,0.002470648381859064,0.0010831896215677261,False,0.025782600045204163,479.6452331542969,0.9368070960044861,1939.87890625,2016.6187744140625,0.004075263626873493,0.0,5120
M-1000,Transformer-2L,G:/PAI/outputs/checkpoints/world_model_ib_m1000_transformer2_fair_epoch_020.pt,reference_MPPI,42,739,-239.57913193502176,-159007.0211968025,0.0001364261843264103,-0.0018842273857444525,-0.003076257649809122,False,0.024919699877500534,497.0955505371094,0.9708897471427917,1955.4656982421875,2010.21875,0.003327040933072567,0.0,5120
M-1000,Transformer-2L,G:/PAI/outputs/checkpoints/world_model_ib_m1000_transformer2_fair_epoch_020.pt,reference_MPPI,42,740,-229.34936260503326,-159236.37055940754,0.005038032773882151,0.008108677342534065,0.012794604524970055,False,0.02470849989913404,481.8138122558594,0.9410426020622253,1938.836669921875,2014.462646484375,0.004037239123135805,0.0,5120
M-1000,Transformer-2L,G:/PAI/outputs/checkpoints/world_model_ib_m1000_transformer2_fair_epoch_020.pt,reference_MPPI,42,741,-225.87311712832587,-159462.24367653587,0.0052475533448159695,3.558723255991936e-05,-0.0064948974177241325,False,0.02426140010356903,481.7365417480469,0.940891683101654,1937.939697265625,2015.115234375,0.004100618418306112,0.0,5120
M-1000,Transformer-2L,G:/PAI/outputs/checkpoints/world_model_ib_m1000_transformer2_fair_epoch_020.pt,reference_MPPI,42,742,-234.62678609988188,-159696.87046263576,0.0014378288760781288,-0.003126077353954315,0.01024181954562664,False,0.024663099786266685,487.22509765625,0.9516115188598633,1946.9918212890625,2010.734130859375,0.003602903801947832,0.0,5120
M-1000,Transformer-2L,G:/PAI/outputs/checkpoints/world_model_ib_m1000_transformer2_fair_epoch_020.pt,reference_MPPI,42,743,-228.10924175940306,-159924.97970439517,-0.0030481452122330666,-0.00396269466727972,-0.009845109656453133,False,0.02496810001321137,480.70733642578125,0.938881516456604,1936.2088623046875,2014.4796142578125,0.004139429423958063,0.0,5120
M-1000,Transformer-2L,G:/PAI/outputs/checkpoints/world_model_ib_m1000_transformer2_fair_epoch_020.pt,reference_MPPI,42,744,-220.1537363564833,-160145.13344075164,0.008736412972211838,-0.007336374372243881,-0.0014538229443132877,False,0.024509900016710162,476.34295654296875,0.9303573369979858,1941.014404296875,2018.894775390625,0.004109693691134453,0.0,5120
M-1000,Transformer-2L,G:/PAI/outputs/checkpoints/world_model_ib_m1000_transformer2_fair_epoch_020.pt,reference_MPPI,42,745,-239.13755805851895,-160384.27099881016,-0.008243391290307045,-0.007141419220715761,0.0007709255442023277,False,0.02412950014695525,474.0130920410156,0.9258068203926086,1927.2598876953125,2012.97265625,0.004426479805260897,0.0,5120
M-1000,Transformer-2L,G:/PAI/outputs/checkpoints/world_model_ib_m1000_transformer2_fair_epoch_020.pt,reference_MPPI,42,746,-240.76468130570345,-160625.03568011586,0.004981683567166328,-0.007336056791245937,0.005682104267179966,False,0.024421000154688954,498.000244140625,0.9726567268371582,1960.1890869140625,2013.50830078125,0.00328241428360343,0.0,5120
M-1000,Transformer-2L,G:/PAI/outputs/checkpoints/world_model_ib_m1000_transformer2_fair_epoch_020.pt,reference_MPPI,42,747,-219.47353533763436,-160844.5092154535,0.003351247403770685,0.00195294339209795,0.001584255020134151,False,0.024187800008803606,494.1449279785156,0.9651268124580383,1946.976806640625,2012.73779296875,0.0037043539341539145,0.0,5120
M-1000,Transformer-2L,G:/PAI/outputs/checkpoints/world_model_ib_m1000_transformer2_fair_epoch_020.pt,reference_MPPI,42,748,-225.48180455442906,-161069.99102000793,-0.00802379846572876,-0.007225175388157368,-0.0061901649460196495,False,0.023866700008511543,482.1484069824219,0.9416961073875427,1935.5941162109375,2005.9456787109375,0.003829001681879163,0.0,5120
M-1000,Transformer-2L,G:/PAI/outputs/checkpoints/world_model_ib_m1000_transformer2_fair_epoch_020.pt,reference_MPPI,42,749,-233.6350943552088,-161303.62611436314,0.013234077021479607,0.0005758926272392273,0.005600022152066231,False,0.024504799861460924,477.8604736328125,0.9333212375640869,1935.0582275390625,2015.9224853515625,0.004237158689647913,0.0,5120
M-1000,Transformer-2L,G:/PAI/outputs/checkpoints/world_model_ib_m1000_transformer2_fair_epoch_020.pt,reference_MPPI,42,750,-229.17752648795695,-161532.8036408511,0.00780995050445199,-0.004719007760286331,-0.0054116761311888695,False,0.024992600083351135,491.9459228515625,0.960831880569458,1953.2445068359375,2012.850341796875,0.003474853001534939,0.0,5120
M-1000,Transformer-2L,G:/PAI/outputs/checkpoints/world_model_ib_m1000_transformer2_fair_epoch_020.pt,reference_MPPI,42,751,-227.61394025626393,-161760.41758110738,-0.012246442027390003,0.0017030853778123856,0.004223809111863375,False,0.02499459986574948,482.0008850097656,0.9414079785346985,1929.9029541015625,2011.628173828125,0.004291747231036425,0.0,5120
M-1000,Transformer-2L,G:/PAI/outputs/checkpoints/world_model_ib_m1000_transformer2_fair_epoch_020.pt,reference_MPPI,42,752,-237.45120609628742,-161997.86878720365,0.013289564289152622,-0.007583958096802235,0.0031532677821815014,False,0.024895200040191412,488.4676818847656,0.9540384411811829,1944.8857421875,2011.5439453125,0.0037154429592192173,0.0,5120
M-1000,Transformer-2L,G:/PAI/outputs/checkpoints/world_model_ib_m1000_transformer2_fair_epoch_020.pt,reference_MPPI,42,753,-223.03587733632165,-162220.90466453996,0.0011423658579587936,0.0050995200872421265,-0.007636650465428829,False,0.02577969990670681,479.7570495605469,0.9370254874229431,1941.5614013671875,2013.57861328125,0.003882946679368615,0.0,5120
M-1000,Transformer-2L,G:/PAI/outputs/checkpoints/world_model_ib_m1000_transformer2_fair_epoch_020.pt,reference_MPPI,42,754,-224.3715199515814,-162445.27618449155,0.009652059525251389,0.00023853895254433155,-0.014912456274032593,False,0.024223299929872155,483.5818176269531,0.9444957375526428,1942.4478759765625,2007.970947265625,0.0036504946183413267,0.0,5120
M-1000,Transformer-2L,G:/PAI/outputs/checkpoints/world_model_ib_m1000_transformer2_fair_epoch_020.pt,reference_MPPI,42,755,-228.55668387432848,-162673.8328683659,-0.005970977246761322,0.008310992270708084,-0.0026134143117815256,False,0.02419999986886978,490.53094482421875,0.9580682516098022,1943.8475341796875,2008.021240234375,0.0036326395347714424,0.0,5120
M-1000,Transformer-2L,G:/PAI/outputs/checkpoints/world_model_ib_m1000_transformer2_fair_epoch_020.pt,reference_MPPI,42,756,-222.37347258659264,-162896.20634095249,-0.007854190655052662,-0.0002789841964840889,-0.002231665886938572,False,0.02522849990054965,476.3370056152344,0.9303457140922546,1930.292724609375,2010.6693115234375,0.004206543788313866,0.0,5120
M-1000,Transformer-2L,G:/PAI/outputs/checkpoints/world_model_ib_m1000_transformer2_fair_epoch_020.pt,reference_MPPI,42,757,-229.19186020007453,-163125.39820115257,0.010081639513373375,0.010570375248789787,0.006169766187667847,False,0.024971199920400977,491.5299072265625,0.9600193500518799,1958.72802734375,2014.11376953125,0.0033284369856119156,0.0,5120
M-1000,Transformer-2L,G:/PAI/outputs/checkpoints/world_model_ib_m1000_transformer2_fair_epoch_020.pt,reference_MPPI,42,758,-221.25525749634556,-163346.6534586489,0.005738614127039909,-0.0030466001480817795,0.005931364372372627,False,0.025292000034824014,480.4469909667969,0.9383730292320251,1935.506591796875,2006.0968017578125,0.0038321870379149914,0.0,5120
M-1000,Transformer-2L,G:/PAI/outputs/checkpoints/world_model_ib_m1000_transformer2_fair_epoch_020.pt,reference_MPPI,42,759,-223.02075375397237,-163569.6742124029,0.00369410403072834,0.009082280099391937,0.014469744637608528,False,0.025380800012499094,493.33807373046875,0.9635509252548218,1950.656982421875,2004.54541015625,0.0032857174519449472,0.0,5120
M-1000,Transformer-2L,G:/PAI/outputs/checkpoints/world_model_ib_m1000_transformer2_fair_epoch_020.pt,reference_MPPI,42,760,-226.84378128276626,-163796.51799368567,0.006924591958522797,-0.002251608297228813,-0.0048119500279426575,False,0.025475499918684363,491.006591796875,0.9589972496032715,1943.8370361328125,2011.593505859375,0.003767009126022458,0.0,5120
M-1000,Transformer-2L,G:/PAI/outputs/checkpoints/world_model_ib_m1000_transformer2_fair_epoch_020.pt,reference_MPPI,42,761,-234.4538172595294,-164030.9718109452,-0.011472473852336407,0.003136949148029089,-0.00403585797175765,False,0.024792199954390526,498.9620361328125,0.9745352268218994,1965.97412109375,2009.570068359375,0.0029809544794261456,0.0,5120
M-1000,Transformer-2L,G:/PAI/outputs/checkpoints/world_model_ib_m1000_transformer2_fair_epoch_020.pt,reference_MPPI,42,762,-217.76679336773887,-164248.73860431294,-0.0023912081960588694,0.005999444983899593,0.006721334531903267,False,0.024330099811777472,478.49127197265625,0.9345532655715942,1905.978515625,2012.54345703125,0.005483174230903387,0.0,5120
M-1000,Transformer-2L,G:/PAI/outputs/checkpoints/world_model_ib_m1000_transformer2_fair_epoch_020.pt,reference_MPPI,42,763,-230.04024800254,-164478.77885231547,-0.0011150529608130455,0.001676882617175579,-0.008669333532452583,False,0.024867000058293343,490.2662658691406,0.9575513005256653,1945.76318359375,2009.7774658203125,0.0036256061866879463,0.0,5120
M-1000,Transformer-2L,G:/PAI/outputs/checkpoints/world_model_ib_m1000_transformer2_fair_epoch_020.pt,reference_MPPI,42,764,-249.07279914534845,-164727.85165146083,0.005097533576190472,0.004524684511125088,0.000828571617603302,False,0.024215999990701675,484.7085876464844,0.9466964602470398,1939.7496337890625,2008.492431640625,0.0037797188851982355,0.0,5120
M-1000,Transformer-2L,G:/PAI/outputs/checkpoints/world_model_ib_m1000_transformer2_fair_epoch_020.pt,reference_MPPI,42,765,-240.1511344067061,-164968.00278586755,-0.007015872746706009,0.0024277805350720882,-0.010200068354606628,False,0.024507999885827303,494.1789855957031,0.9651933312416077,1961.6083984375,2015.3555908203125,0.0032838245388120413,0.0,5120
M-1000,Transformer-2L,G:/PAI/outputs/checkpoints/world_model_ib_m1000_transformer2_fair_epoch_020.pt,reference_MPPI,42,766,-234.5621263134332,-165202.56491218097,0.0014927203301340342,0.006992149632424116,-0.005191587843000889,False,0.024907700018957257,476.6996154785156,0.9310539364814758,1940.3818359375,2011.7763671875,0.0038433298468589783,0.0,5120
M-1000,Transformer-2L,G:/PAI/outputs/checkpoints/world_model_ib_m1000_transformer2_fair_epoch_020.pt,reference_MPPI,42,767,-222.1957311823627,-165424.76064336332,0.006454262416809797,-0.004045756068080664,0.007147219963371754,False,0.024593000067397952,486.4552307128906,0.9501078724861145,1924.1529541015625,2009.0751953125,0.004453700035810471,0.0,5120
M-1000,Transformer-2L,G:/PAI/outputs/checkpoints/world_model_ib_m1000_transformer2_fair_epoch_020.pt,reference_MPPI,42,768,-237.7226487776623,-165662.48329214097,0.009216401726007462,0.0033920423593372107,0.0013454761356115341,False,0.024522700114175677,487.8516540527344,0.9528352618217468,1938.3492431640625,2010.959228515625,0.00394083559513092,0.0,5120
M-1000,Transformer-2L,G:/PAI/outputs/checkpoints/world_model_ib_m1000_transformer2_fair_epoch_020.pt,reference_MPPI,42,769,-223.0995710276385,-165885.58286316862,0.0035104171838611364,-0.005221734754741192,0.005157921463251114,False,0.025578700006008148,467.5526123046875,0.9131886959075928,1925.265869140625,2019.567138671875,0.004799348767846823,0.0,5120
M-1000,Transformer-2L,G:/PAI/outputs/checkpoints/world_model_ib_m1000_transformer2_fair_epoch_020.pt,reference_MPPI,42,770,-237.08669115934794,-166122.66955432796,0.000759622547775507,-0.0034279145766049623,-0.008108161389827728,False,0.02436359995044768,492.60894775390625,0.9621268510818481,1962.0738525390625,2015.394287109375,0.0032645417377352715,0.0,5120
M-1000,Transformer-2L,G:/PAI/outputs/checkpoints/world_model_ib_m1000_transformer2_fair_epoch_020.pt,reference_MPPI,42,771,-220.72940917555903,-166343.3989635035,0.012300683185458183,0.013252915814518929,-0.002456977963447571,False,0.024726100033149123,486.9305725097656,0.951036274433136,1952.177490234375,2015.8797607421875,0.0036000676918774843,0.0,5120
M-1000,Transformer-2L,G:/PAI/outputs/checkpoints/world_model_ib_m1000_transformer2_fair_epoch_020.pt,reference_MPPI,42,772,-229.1710269656714,-166572.56999046917,0.008441897109150887,-0.0030362370889633894,-0.006619843188673258,False,0.024438199819996953,473.92041015625,0.9256258010864258,1904.8675537109375,2010.54150390625,0.005410540383309126,0.0,5120
M-1000,Transformer-2L,G:/PAI/outputs/checkpoints/world_model_ib_m1000_transformer2_fair_epoch_020.pt,reference_MPPI,42,773,-228.61578591754352,-166801.1857763867,0.009033129550516605,-0.005002335179597139,-0.005284540355205536,False,0.024156899889931083,496.970703125,0.9706459045410156,1967.5369873046875,2015.782958984375,0.003117614658549428,0.0,5120
M-1000,Transformer-2L,G:/PAI/outputs/checkpoints/world_model_ib_m1000_transformer2_fair_epoch_020.pt,reference_MPPI,42,774,-225.2158397515579,-167026.40161613826,-0.002137926407158375,0.013963810168206692,0.012150745838880539,False,0.024541299790143967,485.532958984375,0.9483065605163574,1944.89599609375,2016.4390869140625,0.0038916424382478,0.0,5120
M-1000,Transformer-2L,G:/PAI/outputs/checkpoints/world_model_ib_m1000_transformer2_fair_epoch_020.pt,reference_MPPI,42,775,-230.39674726963975,-167256.7983634079,0.005521726794540882,0.005954911932349205,0.0020359372720122337,False,0.02435469999909401,477.3414306640625,0.9323074817657471,1936.31640625,2011.4693603515625,0.003997954539954662,0.0,5120
M-1000,Transformer-2L,G:/PAI/outputs/checkpoints/world_model_ib_m1000_transformer2_fair_epoch_020.pt,reference_MPPI,42,776,-225.21400660124442,-167482.01237000915,0.0027850456535816193,0.009542114101350307,-0.004278039559721947,False,0.02534590009599924,482.7124938964844,0.942797839641571,1939.72265625,2019.935302734375,0.0042310780845582485,0.0,5120
M-1000,Transformer-2L,G:/PAI/outputs/checkpoints/world_model_ib_m1000_transformer2_fair_epoch_020.pt,reference_MPPI,42,777,-223.5932060970893,-167705.60557610623,-0.005669001489877701,-0.015270154923200607,-0.004340112209320068,False,0.024745899951085448,469.485595703125,0.916964054107666,1920.697998046875,2020.117431640625,0.005055603571236134,0.0,5120
M-1000,Transformer-2L,G:/PAI/outputs/checkpoints/world_model_ib_m1000_transformer2_fair_epoch_020.pt,reference_MPPI,42,778,-237.20685662949833,-167942.81243273572,0.00523647153750062,-0.0038642361760139465,-0.0038636564277112484,False,0.024026100058108568,499.0354309082031,0.9746785759925842,1966.9373779296875,2011.3497314453125,0.0030062447767704725,0.0,5120
M-1000,Transformer-2L,G:/PAI/outputs/checkpoints/world_model_ib_m1000_transformer2_fair_epoch_020.pt,reference_MPPI,42,779,-226.99064121212825,-168169.80307394784,-0.008493337780237198,0.007748641073703766,-0.00038414972368627787,False,0.025203400058671832,489.85638427734375,0.956750750541687,1949.490234375,2014.7987060546875,0.0036698849871754646,0.0,5120
M-1000,Transformer-2L,G:/PAI/outputs/checkpoints/world_model_ib_m1000_transformer2_fair_epoch_020.pt,reference_MPPI,42,780,-222.31121058023342,-168392.11428452807,0.006231609731912613,0.010364800691604614,-0.004389109089970589,False,0.02561959996819496,489.6919250488281,0.9564295411109924,1952.7259521484375,2013.988037109375,0.003523803548887372,0.0,5120
M-1000,Transformer-2L,G:/PAI/outputs/checkpoints/world_model_ib_m1000_transformer2_fair_epoch_020.pt,reference_MPPI,42,781,-228.89406475645757,-168621.00834928453,0.004310731776058674,0.007372099906206131,0.004604374058544636,False,0.023993000155314803,474.8242492675781,0.9273911118507385,1926.826904296875,2013.483642578125,0.004475800320506096,0.0,5120
M-1000,Transformer-2L,G:/PAI/outputs/checkpoints/world_model_ib_m1000_transformer2_fair_epoch_020.pt,reference_MPPI,42,782,-231.7042335255761,-168852.7125828101,0.0007074130699038506,0.00967975240200758,0.0003606937825679779,False,0.025633800076320767,484.5660705566406,0.9464181065559387,1936.8271484375,2014.4278564453125,0.004131772555410862,0.0,5120
M-1000,Transformer-2L,G:/PAI/outputs/checkpoints/world_model_ib_m1000_transformer2_fair_epoch_020.pt,reference_MPPI,42,783,-226.56759037184264,-169079.28017318196,-0.0046535274013876915,-0.015190721489489079,-0.00738845020532608,False,0.025246000150218606,485.4401550292969,0.9481253027915955,1947.66455078125,2016.527099609375,0.003786618122830987,0.0,5120
M-1000,Transformer-2L,G:/PAI/outputs/checkpoints/world_model_ib_m1000_transformer2_fair_epoch_020.pt,reference_MPPI,42,784,-244.95329561579803,-169324.23346879776,-0.006774161010980606,-0.012611128389835358,-0.0031101014465093613,False,0.025058000115677714,480.2438049316406,0.9379761815071106,1939.5579833984375,2016.369384765625,0.004076232202351093,0.0,5120
M-1000,Transformer-2L,G:/PAI/outputs/checkpoints/world_model_ib_m1000_transformer2_fair_epoch_020.pt,reference_MPPI,42,785,-249.84366455931888,-169574.0771333571,0.004707817919552326,0.01383922714740038,0.007195616140961647,False,0.02487480011768639,481.21966552734375,0.9398821592330933,1952.513916015625,2019.15234375,0.0036843044217675924,0.0,5120
M-1000,Transformer-2L,G:/PAI/outputs/checkpoints/world_model_ib_m1000_transformer2_fair_epoch_020.pt,reference_MPPI,42,786,-218.99707864415421,-169793.07421200123,0.00742567703127861,0.0025171153247356415,0.014941518194973469,False,0.024604700040072203,484.7286071777344,0.9467355608940125,1945.37841796875,2017.98876953125,0.003928658552467823,0.0,5120
M-1000,Transformer-2L,G:/PAI/outputs/checkpoints/world_model_ib_m1000_transformer2_fair_epoch_020.pt,reference_MPPI,42,787,-227.88110585084846,-170020.9553178521,-0.008977276273071766,0.01218344271183014,-0.010135175660252571,False,0.024460500106215477,487.5537414550781,0.9522534012794495,1949.70458984375,2009.4970703125,0.003464306006208062,0.0,5120
M-1000,Transformer-2L,G:/PAI/outputs/checkpoints/world_model_ib_m1000_transformer2_fair_epoch_020.pt,reference_MPPI,42,788,-222.60218551650408,-170243.5575033686,0.002391119720414281,0.007600873708724976,0.0017774575389921665,False,0.025090100010856986,487.78497314453125,0.9527050256729126,1958.7322998046875,2015.260498046875,0.003353938926011324,0.0,5120
M-1000,Transformer-2L,G:/PAI/outputs/checkpoints/world_model_ib_m1000_transformer2_fair_epoch_020.pt,reference_MPPI,42,789,-237.66219829384005,-170481.21970166243,0.008161247707903385,0.0036605726927518845,0.003991402685642242,False,0.025522099807858467,479.0938720703125,0.9357302188873291,1930.096435546875,2013.1572265625,0.004330798517912626,0.0,5120
M-1000,Transformer-2L,G:/PAI/outputs/checkpoints/world_model_ib_m1000_transformer2_fair_epoch_020.pt,reference_MPPI,42,790,-250.58726788306825,-170731.8069695455,-0.012049979530274868,0.0022368691861629486,0.003680051304399967,False,0.025719600031152368,485.33270263671875,0.9479154348373413,1949.546142578125,2016.60205078125,0.003718499792739749,0.0,5120
M-1000,Transformer-2L,G:/PAI/outputs/checkpoints/world_model_ib_m1000_transformer2_fair_epoch_020.pt,reference_MPPI,42,791,-229.75140191644755,-170961.55837146193,-0.008636214770376682,0.010917553678154945,0.00731243472546339,False,0.025154799921438098,485.6556091308594,0.9485461115837097,1948.6524658203125,2017.487548828125,0.0037864912301301956,0.0,5120
M-1000,Transformer-2L,G:/PAI/outputs/checkpoints/world_model_ib_m1000_transformer2_fair_epoch_020.pt,reference_MPPI,42,792,-245.67548626794724,-171207.23385772988,-0.0010405471548438072,-0.0011802110821008682,0.0029317080043256283,False,0.024372599786147475,474.40545654296875,0.9265731573104858,1950.4376220703125,2021.19287109375,0.0038127086590975523,0.0,5120
M-1000,Transformer-2L,G:/PAI/outputs/checkpoints/world_model_ib_m1000_transformer2_fair_epoch_020.pt,reference_MPPI,42,793,-219.2137566811701,-171426.44761441104,0.0026473747566342354,-0.001046094112098217,0.004285943228751421,False,0.024270700057968497,490.7075500488281,0.9584131836891174,1946.2894287109375,2019.3406982421875,0.003968598786741495,0.0,5120
M-1000,Transformer-2L,G:/PAI/outputs/checkpoints/world_model_ib_m1000_transformer2_fair_epoch_020.pt,reference_MPPI,42,794,-234.58367445208114,-171661.03128886313,0.0006339289247989655,0.016666771844029427,-0.004275283310562372,False,0.02440180000849068,487.06365966796875,0.9512962102890015,1940.798095703125,2011.7294921875,0.0038703298196196556,0.0,5120
M-1000,Transformer-2L,G:/PAI/outputs/checkpoints/world_model_ib_m1000_transformer2_fair_epoch_020.pt,reference_MPPI,42,795,-223.31252030773697,-171884.34380917088,0.005482006352394819,0.0033631008118391037,0.01443539559841156,False,0.024218800012022257,474.25433349609375,0.9262779951095581,1932.458740234375,2021.82861328125,0.004597759339958429,0.0,5120
M-1000,Transformer-2L,G:/PAI/outputs/checkpoints/world_model_ib_m1000_transformer2_fair_epoch_020.pt,reference_MPPI,42,796,-258.35259415893154,-172142.6964033298,0.013886651024222374,-0.009740835055708885,-0.014627305790781975,False,0.02404789999127388,475.3281555175781,0.9283753037452698,1936.06494140625,2016.69287109375,0.0042152078822255135,0.0,5120
M-1000,Transformer-2L,G:/PAI/outputs/checkpoints/world_model_ib_m1000_transformer2_fair_epoch_020.pt,reference_MPPI,42,797,-228.84670349044654,-172371.54310682026,-0.008938831277191639,0.0005924436263740063,-0.002971639856696129,False,0.02478590002283454,490.3509521484375,0.957716703414917,1962.335693359375,2023.00927734375,0.0035060651134699583,0.0,5120
M-1000,Transformer-2L,G:/PAI/outputs/checkpoints/world_model_ib_m1000_transformer2_fair_epoch_020.pt,reference_MPPI,42,798,-230.7102639375825,-172602.25337075786,0.0017652269452810287,-0.011030210182070732,0.010391649790108204,False,0.02480820007622242,472.2790832519531,0.922420084476471,1944.9564208984375,2019.910888671875,0.003968100529164076,0.0,5120
M-1000,Transformer-2L,G:/PAI/outputs/checkpoints/world_model_ib_m1000_transformer2_fair_epoch_020.pt,reference_MPPI,42,799,-228.267388085413,-172830.52075884328,-0.0003771912306547165,0.0009676655754446983,-0.0007737423293292522,False,0.024227499961853027,489.7191162109375,0.9564826488494873,1956.353271484375,2018.435546875,0.003553014947101474,0.0,5120
M-1000,Transformer-2L,G:/PAI/outputs/checkpoints/world_model_ib_m1000_transformer2_fair_epoch_020.pt,reference_MPPI,42,800,-235.3731389699079,-173065.8938978132,0.005406660959124565,-0.015151824802160263,-0.0026219338178634644,False,0.024207300040870905,479.5729064941406,0.9366658329963684,1937.356689453125,2015.3134765625,0.004121869802474976,0.0,5120
M-1000,Transformer-2L,G:/PAI/outputs/checkpoints/world_model_ib_m1000_transformer2_fair_epoch_020.pt,reference_MPPI,42,801,-223.0284290240381,-173288.92232683723,-0.005000004544854164,0.01898995414376259,0.0043753040954470634,False,0.025109499925747514,466.9002990722656,0.9119146466255188,1908.939208984375,2021.40234375,0.005756659433245659,0.0,5120
M-1000,Transformer-2L,G:/PAI/outputs/checkpoints/world_model_ib_m1000_transformer2_fair_epoch_020.pt,reference_MPPI,42,802,-243.98505512994353,-173532.90738196718,0.011531739495694637,0.007975708693265915,4.2312778532505035e-05,False,0.024569400120526552,480.61944580078125,0.9387098550796509,1927.8392333984375,2016.568115234375,0.0045949360355734825,0.0,5120
M-1000,Transformer-2L,G:/PAI/outputs/checkpoints/world_model_ib_m1000_transformer2_fair_epoch_020.pt,reference_MPPI,42,803,-226.12263134038744,-173759.03001330755,-0.0034152762964367867,0.009297029115259647,0.0031710288021713495,False,0.024742400040850043,486.9745178222656,0.9511221051216125,1959.71337890625,2019.690185546875,0.003466903930529952,0.0,5120
M-1000,Transformer-2L,G:/PAI/outputs/checkpoints/world_model_ib_m1000_transformer2_fair_epoch_020.pt,reference_MPPI,42,804,-235.30090391097878,-173994.33091721853,0.005210932344198227,0.005552302114665508,-0.010382231324911118,False,0.02466839994303882,485.44879150390625,0.9481421709060669,1938.4847412109375,2017.6878662109375,0.0041996268555521965,0.0,5120
M-1000,Transformer-2L,G:/PAI/outputs/checkpoints/world_model_ib_m1000_transformer2_fair_epoch_020.pt,reference_MPPI,42,805,-229.48460107990124,-174223.81551829842,0.0044573331251740456,0.011789646930992603,-0.0010760140139609575,False,0.0245860000140965,478.2303161621094,0.9340435862541199,1946.0596923828125,2016.84228515625,0.0038274212274700403,0.0,5120
M-1000,Transformer-2L,G:/PAI/outputs/checkpoints/world_model_ib_m1000_transformer2_fair_epoch_020.pt,reference_MPPI,42,806,-223.79569778832945,-174447.61121608675,0.008035456761717796,0.019294820725917816,-0.006992975249886513,False,0.024734699865803123,477.8436584472656,0.9332883954048157,1953.9580078125,2015.73974609375,0.00349400844424963,0.0,5120
M-1000,Transformer-2L,G:/PAI/outputs/checkpoints/world_model_ib_m1000_transformer2_fair_epoch_020.pt,reference_MPPI,42,807,-223.7976900967068,-174671.40890618347,-0.0021184999495744705,0.009160339832305908,-0.004269931465387344,False,0.023971900111064315,489.2210388183594,0.9555098414421082,1952.6300048828125,2018.614013671875,0.003694248618558049,0.0,5120
M-1000,Transformer-2L,G:/PAI/outputs/checkpoints/world_model_ib_m1000_transformer2_fair_epoch_020.pt,reference_MPPI,42,808,-221.5706975759089,-174892.97960375936,-0.010094576515257359,0.003105372190475464,0.002661735052242875,False,0.024323099991306663,475.8746643066406,0.9294427037239075,1928.709716796875,2013.1239013671875,0.004383176565170288,0.0,5120
M-1000,Transformer-2L,G:/PAI/outputs/checkpoints/world_model_ib_m1000_transformer2_fair_epoch_020.pt,reference_MPPI,42,809,-223.28829869862176,-175116.26790245797,-0.002219212707132101,-0.0022342195734381676,-0.000988805666565895,False,0.0241973998490721,474.66510009765625,0.9270802736282349,1935.2996826171875,2016.400146484375,0.00423290953040123,0.0,5120
M-1000,Transformer-2L,G:/PAI/outputs/checkpoints/world_model_ib_m1000_transformer2_fair_epoch_020.pt,reference_MPPI,42,810,-227.77067429871505,-175344.0385767567,-0.004536088090389967,0.007686753757297993,-0.0007308311760425568,False,0.024005099898204207,496.7657775878906,0.9702456593513489,1964.3143310546875,2016.20263671875,0.0032332190312445164,0.0,5120
M-1000,Transformer-2L,G:/PAI/outputs/checkpoints/world_model_ib_m1000_transformer2_fair_epoch_020.pt,reference_MPPI,42,811,-240.41564959810896,-175584.4542263548,-0.0032520326785743237,-0.0015997590962797403,0.0010991962626576424,False,0.024581799982115626,477.7522888183594,0.9331099390983582,1942.70263671875,2018.9580078125,0.004046422429382801,0.0,5120
M-1000,Transformer-2L,G:/PAI/outputs/checkpoints/world_model_ib_m1000_transformer2_fair_epoch_020.pt,reference_MPPI,42,812,-219.54644218858226,-175804.0006685434,0.0002279231557622552,-0.007966216653585434,-0.0012552631087601185,False,0.02583909989334643,476.47259521484375,0.9306105375289917,1909.576171875,2016.0386962890625,0.005465682130306959,0.0,5120
M-1000,Transformer-2L,G:/PAI/outputs/checkpoints/world_model_ib_m1000_transformer2_fair_epoch_020.pt,reference_MPPI,42,813,-224.65907427641872,-176028.65974281981,0.013148621656000614,-0.00763307698071003,-0.0016289388295263052,False,0.026506000198423862,487.51788330078125,0.9521833658218384,1945.8956298828125,2011.881591796875,0.0036853181663900614,0.0,5120
M-1000,Transformer-2L,G:/PAI/outputs/checkpoints/world_model_ib_m1000_transformer2_fair_epoch_020.pt,reference_MPPI,42,814,-241.60691682197748,-176270.26665964178,0.011247883550822735,-0.0022747269831597805,-0.0004968345165252686,False,0.024235500022768974,483.8627624511719,0.9450444579124451,1953.716796875,2022.2821044921875,0.0037676007486879826,0.0,5120
M-1000,Transformer-2L,G:/PAI/outputs/checkpoints/world_model_ib_m1000_transformer2_fair_epoch_020.pt,reference_MPPI,42,815,-225.68198940678838,-176495.94864904857,0.001550762914121151,0.0021169744431972504,-0.0019071334972977638,False,0.02471169992350042,476.4482116699219,0.9305629134178162,1937.5198974609375,2021.918701171875,0.004384418483823538,0.0,5120
M-1000,Transformer-2L,G:/PAI/outputs/checkpoints/world_model_ib_m1000_transformer2_fair_epoch_020.pt,reference_MPPI,42,816,-223.92646854169925,-176719.87511759027,0.0025109266862273216,-0.0051786033436656,0.003931229002773762,False,0.024870499968528748,484.83929443359375,0.9469517469406128,1946.8455810546875,2019.585205078125,0.003933665808290243,0.0,5120
M-1000,Transformer-2L,G:/PAI/outputs/checkpoints/world_model_ib_m1000_transformer2_fair_epoch_020.pt,reference_MPPI,42,817,-228.0965947909386,-176947.9717123812,0.01012361142784357,0.0009063947945833206,-0.0042003458365798,False,0.024622799828648567,478.7595520019531,0.9350772500038147,1942.51708984375,2020.0955810546875,0.00410535279661417,0.0,5120
M-1000,Transformer-2L,G:/PAI/outputs/checkpoints/world_model_ib_m1000_transformer2_fair_epoch_020.pt,reference_MPPI,42,818,-223.9014601735024,-177171.8731725547,0.006134286522865295,0.0003563871141523123,-0.0021820906549692154,False,0.024359999923035502,471.3517150878906,0.9206088185310364,1944.0181884765625,2026.827880859375,0.004286736249923706,0.0,5120
M-1000,Transformer-2L,G:/PAI/outputs/checkpoints/world_model_ib_m1000_transformer2_fair_epoch_020.pt,reference_MPPI,42,819,-228.37933935157608,-177400.2525119063,0.0012834994122385979,0.0021074237301945686,0.00883981492370367,False,0.02424909989349544,470.59991455078125,0.9191404581069946,1927.3419189453125,2024.0146484375,0.004926021210849285,0.0,5120
M-1000,Transformer-2L,G:/PAI/outputs/checkpoints/world_model_ib_m1000_transformer2_fair_epoch_020.pt,reference_MPPI,42,820,-247.8298128362326,-177648.0823247425,-0.004041435196995735,0.0017233174294233322,0.0036582238972187042,False,0.02557199983857572,478.67742919921875,0.9349168539047241,1942.08837890625,2020.5377197265625,0.004136587493121624,0.0,5120
M-1000,Transformer-2L,G:/PAI/outputs/checkpoints/world_model_ib_m1000_transformer2_fair_epoch_020.pt,reference_MPPI,42,821,-249.15011530434214,-177897.23244004685,0.010525910183787346,0.007494738325476646,-0.0008811755105853081,False,0.02490440011024475,472.9989013671875,0.9238259792327881,1945.598388671875,2022.94482421875,0.0040710559114813805,0.0,5120
M-1000,Transformer-2L,G:/PAI/outputs/checkpoints/world_model_ib_m1000_transformer2_fair_epoch_020.pt,reference_MPPI,42,822,-235.568407439593,-178132.80084748645,-0.003988870419561863,-0.004567503929138184,0.007123264484107494,False,0.024368399986997247,491.3597106933594,0.9596869349479675,1968.6458740234375,2023.1531982421875,0.0032990651670843363,0.0,5120
M-1000,Transformer-2L,G:/PAI/outputs/checkpoints/world_model_ib_m1000_transformer2_fair_epoch_020.pt,reference_MPPI,42,823,-225.51619568616275,-178358.3170431726,-0.00045549217611551285,-0.0010709953494369984,0.0008336501196026802,False,0.025002599926665425,472.1130676269531,0.9220958352088928,1937.4439697265625,2025.23046875,0.004508704878389835,0.0,5120
M-1000,Transformer-2L,G:/PAI/outputs/checkpoints/world_model_ib_m1000_transformer2_fair_epoch_020.pt,reference_MPPI,42,824,-230.13448443635332,-178588.45152760897,0.008938062936067581,-0.014492703601717949,-0.0004969155415892601,False,0.02451150002889335,474.6575012207031,0.9270654320716858,1943.363037109375,2022.2296142578125,0.004140512086451054,0.0,5120
M-1000,Transformer-2L,G:/PAI/outputs/checkpoints/world_model_ib_m1000_transformer2_fair_epoch_020.pt,reference_MPPI,42,825,-229.76511867179585,-178818.21664628075,0.007100176997482777,-0.012329081073403358,-0.008646201342344284,False,0.024569900007918477,481.0533447265625,0.9395573139190674,1952.5692138671875,2023.29052734375,0.003837586147710681,0.0,5120
M-1000,Transformer-2L,G:/PAI/outputs/checkpoints/world_model_ib_m1000_transformer2_fair_epoch_020.pt,reference_MPPI,42,826,-231.16800255741254,-179049.38464883817,0.004556877538561821,0.00929336715489626,0.00971831101924181,False,0.024618800031021237,485.6036682128906,0.948444664478302,1937.7857666015625,2029.6446533203125,0.004772917367517948,0.0,5120
M-1000,Transformer-2L,G:/PAI/outputs/checkpoints/world_model_ib_m1000_transformer2_fair_epoch_020.pt,reference_MPPI,42,827,-239.7684212768258,-179289.153070115,0.006079551763832569,0.0016005635261535645,-0.008891293779015541,False,0.02384210005402565,482.28753662109375,0.9419678449630737,1943.894287109375,2024.3515625,0.004237418062984943,0.0,5120
M-1000,Transformer-2L,G:/PAI/outputs/checkpoints/world_model_ib_m1000_transformer2_fair_epoch_020.pt,reference_MPPI,42,828,-228.53992430966082,-179517.69299442464,0.0016421861946582794,-0.008682815358042717,-0.003155783750116825,False,0.024025599937886,485.4869079589844,0.9482166171073914,1944.3858642578125,2020.8719482421875,0.004085807129740715,0.0,5120
M-1000,Transformer-2L,G:/PAI/outputs/checkpoints/world_model_ib_m1000_transformer2_fair_epoch_020.pt,reference_MPPI,42,829,-234.35650367212565,-179752.04949809675,0.00704442523419857,0.0023377155885100365,0.008785748854279518,False,0.024001700105145574,484.21136474609375,0.9457253217697144,1966.42236328125,2027.0001220703125,0.003478787373751402,0.0,5120
M-1000,Transformer-2L,G:/PAI/outputs/checkpoints/world_model_ib_m1000_transformer2_fair_epoch_020.pt,reference_MPPI,42,830,-226.31808308529386,-179978.36758118204,-0.005332884378731251,0.005040229298174381,-0.006636573001742363,False,0.02413209993392229,489.5148620605469,0.9560837149620056,1961.0106201171875,2026.0255126953125,0.003659768495708704,0.0,5120
M-1000,Transformer-2L,G:/PAI/outputs/checkpoints/world_model_ib_m1000_transformer2_fair_epoch_020.pt,reference_MPPI,42,831,-234.06172919544838,-180212.42931037748,0.0017778745386749506,-0.0034613984171301126,0.007123379968106747,False,0.024665800156071782,479.7845764160156,0.9370792508125305,1944.0185546875,2025.25244140625,0.004261107183992863,0.0,5120
M-1000,Transformer-2L,G:/PAI/outputs/checkpoints/world_model_ib_m1000_transformer2_fair_epoch_020.pt,reference_MPPI,42,832,-238.23465801870574,-180450.6639683962,0.0025337114930152893,0.010538145899772644,-0.0007278071716427803,False,0.023727899882942438,493.5024108886719,0.9638718962669373,1970.3408203125,2028.046875,0.0034142860677093267,0.0,5120
M-1000,Transformer-2L,G:/PAI/outputs/checkpoints/world_model_ib_m1000_transformer2_fair_epoch_020.pt,reference_MPPI,42,833,-237.93615830692616,-180688.60012670312,0.0040932996198534966,-0.003399339970201254,-0.0008765149395912886,False,0.024682800052687526,496.45269775390625,0.9696341753005981,1966.858154296875,2023.697021484375,0.0033955657854676247,0.0,5120
M-1000,Transformer-2L,G:/PAI/outputs/checkpoints/world_model_ib_m1000_transformer2_fair_epoch_020.pt,reference_MPPI,42,834,-236.4079881031775,-180925.0081148063,0.012608163990080357,0.011969039216637611,0.00012122560292482376,False,0.023740199860185385,480.37646484375,0.9382352828979492,1954.96337890625,2025.86865234375,0.003843351500108838,0.0,5120
M-1000,Transformer-2L,G:/PAI/outputs/checkpoints/world_model_ib_m1000_transformer2_fair_epoch_020.pt,reference_MPPI,42,835,-229.36417362395554,-181154.37228843026,0.019327670335769653,-0.005894375964999199,0.008219127543270588,False,0.024402800016105175,484.86322021484375,0.9469984769821167,1966.1900634765625,2032.041015625,0.003672604216262698,0.0,5120
M-1000,Transformer-2L,G:/PAI/outputs/checkpoints/world_model_ib_m1000_transformer2_fair_epoch_020.pt,reference_MPPI,42,836,-224.16701287458596,-181378.53930130485,0.0026871294248849154,-0.0022562567610293627,0.006740761920809746,False,0.024771800031885505,484.5108947753906,0.9463103413581848,1942.1141357421875,2022.900634765625,0.004262554459273815,0.0,5120
M-1000,Transformer-2L,G:/PAI/outputs/checkpoints/world_model_ib_m1000_transformer2_fair_epoch_020.pt,reference_MPPI,42,837,-226.3201709644461,-181604.85947226928,0.01621510460972786,-0.019814174622297287,-0.0029796031303703785,False,0.024542800150811672,477.6443786621094,0.9328991770744324,1948.696533203125,2020.400390625,0.0038624675944447517,0.0,5120
M-1000,Transformer-2L,G:/PAI/outputs/checkpoints/world_model_ib_m1000_transformer2_fair_epoch_020.pt,reference_MPPI,42,838,-231.82946658195488,-181836.68893885124,0.01146817859262228,0.0023113861680030823,0.011831886135041714,False,0.02487200009636581,479.6721496582031,0.936859667301178,1954.6060791015625,2023.0784912109375,0.0037481668405234814,0.0,5120
M-1000,Transformer-2L,G:/PAI/outputs/checkpoints/world_model_ib_m1000_transformer2_fair_epoch_020.pt,reference_MPPI,42,839,-239.73864396955724,-182076.4275828208,0.010650251060724258,-0.010500033386051655,-0.003898245980963111,False,0.024043000070378184,492.25213623046875,0.9614299535751343,1972.90185546875,2029.6566162109375,0.0033795293420553207,0.0,5120
M-1000,Transformer-2L,G:/PAI/outputs/checkpoints/world_model_ib_m1000_transformer2_fair_epoch_020.pt,reference_MPPI,42,840,-229.13185940629316,-182305.5594422271,0.01890202984213829,-0.006743676029145718,0.006058738566935062,False,0.024311899906024337,479.28076171875,0.9360952377319336,1931.2933349609375,2022.173828125,0.004689191933721304,0.0,5120
M-1000,Transformer-2L,G:/PAI/outputs/checkpoints/world_model_ib_m1000_transformer2_fair_epoch_020.pt,reference_MPPI,42,841,-229.67852116853828,-182535.23796339563,0.0033321166411042213,0.0036458084359765053,-0.01038888655602932,False,0.025087600108236074,474.78955078125,0.9273233413696289,1942.2984619140625,2022.942138671875,0.004211401101201773,0.0,5120
M-1000,Transformer-2L,G:/PAI/outputs/checkpoints/world_model_ib_m1000_transformer2_fair_epoch_020.pt,reference_MPPI,42,842,-227.0739668140296,-182762.31193020966,0.006574767641723156,-0.011826377362012863,0.00845490861684084,False,0.024109699996188283,488.65185546875,0.9543981552124023,1963.558349609375,2020.902587890625,0.003383931238204241,0.0,5120
M-1000,Transformer-2L,G:/PAI/outputs/checkpoints/world_model_ib_m1000_transformer2_fair_epoch_020.pt,reference_MPPI,42,843,-226.92833298669154,-182989.24026319635,-0.004080621991306543,-0.00763726606965065,-0.0059252651408314705,False,0.02449489990249276,493.3680725097656,0.963609516620636,1964.9925537109375,2018.48828125,0.0032729513477534056,0.0,5120
M-1000,Transformer-2L,G:/PAI/outputs/checkpoints/world_model_ib_m1000_transformer2_fair_epoch_020.pt,reference_MPPI,42,844,-224.13332344895446,-183213.3735866453,-0.001982441172003746,-0.013816829770803452,0.0013265805318951607,False,0.024158299900591373,484.5540771484375,0.946394681930542,1952.329345703125,2027.04736328125,0.004012998193502426,0.0,5120
M-1000,Transformer-2L,G:/PAI/outputs/checkpoints/world_model_ib_m1000_transformer2_fair_epoch_020.pt,reference_MPPI,42,845,-245.42564207726636,-183458.79922872255,0.007101417984813452,0.0026424459647387266,-0.0013226717710494995,False,0.02418290008790791,486.9251708984375,0.9510257244110107,1953.0084228515625,2022.236328125,0.003806048072874546,0.0,5120
M-1000,Transformer-2L,G:/PAI/outputs/checkpoints/world_model_ib_m1000_transformer2_fair_epoch_020.pt,reference_MPPI,42,846,-233.2671467213637,-183692.06637544392,-0.0018349161837249994,0.0028071217238903046,0.013169605284929276,False,0.024561999831348658,483.4349060058594,0.9442088007926941,1942.562744140625,2027.2666015625,0.00442612636834383,0.0,5120
M-1000,Transformer-2L,G:/PAI/outputs/checkpoints/world_model_ib_m1000_transformer2_fair_epoch_020.pt,reference_MPPI,42,847,-234.41030627217387,-183926.4766817161,-0.0038570608012378216,0.0044164275750517845,-0.0019456772133708,False,0.02363409986719489,472.45263671875,0.9227590560913086,1945.1827392578125,2022.9483642578125,0.004080354701727629,0.0,5120
M-1000,Transformer-2L,G:/PAI/outputs/checkpoints/world_model_ib_m1000_transformer2_fair_epoch_020.pt,reference_MPPI,42,848,-228.84426300830268,-184155.3209447244,0.0005376194603741169,0.0026616277173161507,0.00380665622651577,False,0.025029199896380305,479.6348876953125,0.9367868900299072,1950.681884765625,2017.479736328125,0.0036867745220661163,0.0,5120
M-1000,Transformer-2L,G:/PAI/outputs/checkpoints/world_model_ib_m1000_transformer2_fair_epoch_020.pt,reference_MPPI,42,849,-224.62514772218321,-184379.9460924466,0.001503864536061883,0.006079632788896561,0.004765796475112438,False,0.025240200106054544,492.7293701171875,0.9623620510101318,1966.599609375,2017.571044921875,0.003189073409885168,0.0,5120
M-1000,Transformer-2L,G:/PAI/outputs/checkpoints/world_model_ib_m1000_transformer2_fair_epoch_020.pt,reference_MPPI,42,850,-231.02526114136617,-184610.97135358796,0.012039471417665482,-0.001472866628319025,-0.002159034600481391,False,0.024561099940910935,475.5586242675781,0.9288254380226135,1948.73828125,2019.0860595703125,0.0038037586491554976,0.0,5120
M-1000,Transformer-2L,G:/PAI/outputs/checkpoints/world_model_ib_m1000_transformer2_fair_epoch_020.pt,reference_MPPI,42,851,-228.24896273028028,-184839.22031631824,-0.003691988531500101,0.008085031993687153,-0.0056403763592243195,False,0.02442369982600212,483.30523681640625,0.9439555406570435,1948.68212890625,2021.7462158203125,0.00394023722037673,0.0,5120
M-1000,Transformer-2L,G:/PAI/outputs/checkpoints/world_model_ib_m1000_transformer2_fair_epoch_020.pt,reference_MPPI,42,852,-234.331741116775,-185073.552057435,0.004708819556981325,0.002647725399583578,-0.002136210910975933,False,0.02491409983485937,480.3471374511719,0.9381780028343201,1957.608642578125,2022.1787109375,0.00360841560177505,0.0,5120
M-1000,Transformer-2L,G:/PAI/outputs/checkpoints/world_model_ib_m1000_transformer2_fair_epoch_020.pt,reference_MPPI,42,853,-228.06841111947182,-185301.6204685545,-0.004187102895230055,-0.0002654651179909706,-0.0027340573724359274,False,0.024843899998813868,482.1764221191406,0.9417508244514465,1938.89404296875,2014.85498046875,0.004053415264934301,0.0,5120
M-1000,Transformer-2L,G:/PAI/outputs/checkpoints/world_model_ib_m1000_transformer2_fair_epoch_020.pt,reference_MPPI,42,854,-230.07168825457637,-185531.69215680906,-0.011908980086445808,0.004103230312466621,-0.0006146843079477549,False,0.02528179995715618,480.1841125488281,0.9378595948219299,1938.9180908203125,2023.3995361328125,0.004401356913149357,0.0,5120
M-1000,Transformer-2L,G:/PAI/outputs/checkpoints/world_model_ib_m1000_transformer2_fair_epoch_020.pt,reference_MPPI,42,855,-222.42713585192826,-185754.119292661,0.009267645888030529,0.0008445647545158863,0.005073421634733677,False,0.024365799967199564,475.65093994140625,0.9290057420730591,1936.955322265625,2016.997802734375,0.004191101528704166,0.0,5120
M-1000,Transformer-2L,G:/PAI/outputs/checkpoints/world_model_ib_m1000_transformer2_fair_epoch_020.pt,reference_MPPI,42,856,-228.87710080625695,-185982.99639346724,0.004436173476278782,-0.007141712121665478,0.002285345923155546,False,0.02365959994494915,484.65771484375,0.9465970993041992,1935.2183837890625,2018.397216796875,0.0043655503541231155,0.0,5120
M-1000,Transformer-2L,G:/PAI/outputs/checkpoints/world_model_ib_m1000_transformer2_fair_epoch_020.pt,reference_MPPI,42,857,-236.68174986219128,-186219.67814332942,0.0055324723944067955,0.011196382343769073,-8.632801473140717e-05,False,0.024904799880459905,476.8286437988281,0.9313059449195862,1944.802734375,2017.563232421875,0.0039009603206068277,0.0,5120
M-1000,Transformer-2L,G:/PAI/outputs/checkpoints/world_model_ib_m1000_transformer2_fair_epoch_020.pt,reference_MPPI,42,858,-233.55957051312242,-186453.23771384254,0.011430013924837112,0.0027518821880221367,0.007266907021403313,False,0.024404099909588695,496.0192565917969,0.9687876105308533,1964.2220458984375,2024.079345703125,0.0034972631838172674,0.0,5120
M-1000,Transformer-2L,G:/PAI/outputs/checkpoints/world_model_ib_m1000_transformer2_fair_epoch_020.pt,reference_MPPI,42,859,-240.6700813795053,-186693.90779522204,0.0008630643133074045,-0.005947192199528217,0.004146070219576359,False,0.02438699989579618,485.1311950683594,0.9475218653678894,1948.6591796875,2016.162109375,0.0037351269274950027,0.0,5120
M-1000,Transformer-2L,G:/PAI/outputs/checkpoints/world_model_ib_m1000_transformer2_fair_epoch_020.pt,reference_MPPI,42,860,-228.16872257337712,-186922.07651779542,0.009616621769964695,-0.012991566210985184,0.01590479537844658,False,0.02491899998858571,477.1673583984375,0.9319674968719482,1929.819580078125,2015.28173828125,0.004436763934791088,0.0,5120
M-1000,Transformer-2L,G:/PAI/outputs/checkpoints/world_model_ib_m1000_transformer2_fair_epoch_020.pt,reference_MPPI,42,861,-222.1737485852086,-187144.25026638064,0.015152014791965485,-0.004689144901931286,0.0008076955564320087,False,0.02410580008290708,479.0437316894531,0.9356322884559631,1941.760498046875,2021.40869140625,0.004193211905658245,0.0,5120
M-1000,Transformer-2L,G:/PAI/outputs/checkpoints/world_model_ib_m1000_transformer2_fair_epoch_020.pt,reference_MPPI,42,862,-237.8646965697538,-187382.11496295038,-0.003650862257927656,-0.007161625660955906,0.008574176579713821,False,0.024193800054490566,480.1442565917969,0.9377817511558533,1941.561767578125,2017.135009765625,0.004029226489365101,0.0,5120
M-1000,Transformer-2L,G:/PAI/outputs/checkpoints/world_model_ib_m1000_transformer2_fair_epoch_020.pt,reference_MPPI,42,863,-230.03092269784543,-187612.14588564823,0.005830039270222187,-0.0035891421139240265,-0.0042528025805950165,False,0.02445839997380972,488.43829345703125,0.9539810419082642,1947.8662109375,2020.112060546875,0.003927629441022873,0.0,5120
M-1000,Transformer-2L,G:/PAI/outputs/checkpoints/world_model_ib_m1000_transformer2_fair_epoch_020.pt,reference_MPPI,42,864,-226.6499849074967,-187838.79587055574,0.00043607689440250397,-0.0028937836177647114,-0.0062485625967383385,False,0.02443480002693832,482.8352966308594,0.9430376887321472,1939.135009765625,2020.6578369140625,0.004287614021450281,0.0,5120
M-1000,Transformer-2L,G:/PAI/outputs/checkpoints/world_model_ib_m1000_transformer2_fair_epoch_020.pt,reference_MPPI,42,865,-230.50395276702352,-188069.29982332277,-0.009335111826658249,0.01580449752509594,-0.00929221324622631,False,0.023716900032013655,482.25531005859375,0.9419049024581909,1959.49560546875,2025.3349609375,0.0036602457985281944,0.0,5120
M-1000,Transformer-2L,G:/PAI/outputs/checkpoints/world_model_ib_m1000_transformer2_fair_epoch_020.pt,reference_MPPI,42,866,-234.29531406915194,-188303.5951373919,0.007021566387265921,0.008459629490971565,0.0027582556940615177,False,0.024199800100177526,486.3564758300781,0.9499149918556213,1955.630126953125,2021.6513671875,0.0036851931363344193,0.0,5120
M-1000,Transformer-2L,G:/PAI/outputs/checkpoints/world_model_ib_m1000_transformer2_fair_epoch_020.pt,reference_MPPI,42,867,-237.88034353287853,-188541.4754809248,0.0006277315551415086,0.0043716514483094215,-0.0026599238626658916,False,0.024213700089603662,482.3208923339844,0.9420329928398132,1955.504638671875,2027.094482421875,0.0038754725828766823,0.0,5120
M-1000,Transformer-2L,G:/PAI/outputs/checkpoints/world_model_ib_m1000_transformer2_fair_epoch_020.pt,reference_MPPI,42,868,-226.8301309476933,-188768.3056118725,0.0016541415825486183,-0.0032929028384387493,0.012249305844306946,False,0.025102399988099933,482.55755615234375,0.9424952268600464,1944.254638671875,2025.806640625,0.004288747441023588,0.0,5120
M-1000,Transformer-2L,G:/PAI/outputs/checkpoints/world_model_ib_m1000_transformer2_fair_epoch_020.pt,reference_MPPI,42,869,-225.98540321181582,-188994.2910150843,-0.0036156196147203445,-0.003548934357240796,-0.014186268672347069,False,0.02395609999075532,482.47943115234375,0.9423426389694214,1949.993408203125,2018.6771240234375,0.0037676242645829916,0.0,5120
M-1000,Transformer-2L,G:/PAI/outputs/checkpoints/world_model_ib_m1000_transformer2_fair_epoch_020.pt,reference_MPPI,42,870,-232.51440334959867,-189226.8054184339,0.0032074968330562115,0.0047321561723947525,-0.003089458215981722,False,0.024665999924764037,490.9526062011719,0.9588918089866638,1959.074462890625,2024.439453125,0.0036769388243556023,0.0,5120
M-1000,Transformer-2L,G:/PAI/outputs/checkpoints/world_model_ib_m1000_transformer2_fair_epoch_020.pt,reference_MPPI,42,871,-226.17452981533052,-189452.97994824924,0.0004671132192015648,0.005246298853307962,0.011685460805892944,False,0.024076899979263544,491.48858642578125,0.959938645362854,1951.7509765625,2018.597412109375,0.0037344812881201506,0.0,5120
M-1000,Transformer-2L,G:/PAI/outputs/checkpoints/world_model_ib_m1000_transformer2_fair_epoch_020.pt,reference_MPPI,42,872,-223.52684093513568,-189676.50678918438,0.009737499058246613,-0.000502399168908596,-0.009119046851992607,False,0.0247142999432981,482.7204284667969,0.9428133368492126,1947.2838134765625,2021.450927734375,0.003980939742177725,0.0,5120
M-1000,Transformer-2L,G:/PAI/outputs/checkpoints/world_model_ib_m1000_transformer2_fair_epoch_020.pt,reference_MPPI,42,873,-226.7497928599838,-189903.25658204436,-0.008108727633953094,0.015506487339735031,0.0003127455711364746,False,0.02510440000332892,479.4261779785156,0.9363792538642883,1947.9322509765625,2022.9368896484375,0.004000961780548096,0.0,5120
M-1000,Transformer-2L,G:/PAI/outputs/checkpoints/world_model_ib_m1000_transformer2_fair_epoch_020.pt,reference_MPPI,42,874,-233.75187262568667,-190137.00845467005,0.007051597815006971,-0.0031448681838810444,-0.004542993847280741,False,0.02310160011984408,484.69244384765625,0.9466649293899536,1949.17724609375,2017.39697265625,0.003757697297260165,0.0,5120
M-1000,Transformer-2L,G:/PAI/outputs/checkpoints/world_model_ib_m1000_transformer2_fair_epoch_020.pt,reference_MPPI,42,875,-231.7576394142971,-190368.76609408436,-0.002826232463121414,-0.006913652643561363,0.0031821895390748978,False,0.024485599948093295,480.5644836425781,0.9386025071144104,1964.650634765625,2029.7353515625,0.0036199239548295736,0.0,5120
M-1000,Transformer-2L,G:/PAI/outputs/checkpoints/world_model_ib_m1000_transformer2_fair_epoch_020.pt,reference_MPPI,42,876,-231.69398181189635,-190600.46007589626,-0.006763102486729622,0.008783534169197083,0.008252906613051891,False,0.02424499997869134,486.3717956542969,0.9499449133872986,1962.256591796875,2029.7857666015625,0.0037380571011453867,0.0,5120
M-1000,Transformer-2L,G:/PAI/outputs/checkpoints/world_model_ib_m1000_transformer2_fair_epoch_020.pt,reference_MPPI,42,877,-231.36231561704457,-190831.8223915133,0.0036415192298591137,0.007248362526297569,-0.003856140188872814,False,0.024399799993261695,491.4466857910156,0.9598568081855774,1942.3333740234375,2015.46142578125,0.003975619096308947,0.0,5120
M-1000,Transformer-2L,G:/PAI/outputs/checkpoints/world_model_ib_m1000_transformer2_fair_epoch_020.pt,reference_MPPI,42,878,-232.53573915866647,-191064.35813067196,0.0025978549383580685,-0.0011646798811852932,-0.002579544670879841,False,0.024291299981996417,484.05767822265625,0.9454251527786255,1963.8134765625,2028.4705810546875,0.0036225756630301476,0.0,5120
M-1000,Transformer-2L,G:/PAI/outputs/checkpoints/world_model_ib_m1000_transformer2_fair_epoch_020.pt,reference_MPPI,42,879,-234.146919703079,-191298.50505037504,0.0014213146641850471,0.0025101313367486,0.0014791593421250582,False,0.024830600013956428,480.5994567871094,0.938670814037323,1944.919189453125,2021.68701171875,0.004075481556355953,0.0,5120
M-1000,Transformer-2L,G:/PAI/outputs/checkpoints/world_model_ib_m1000_transformer2_fair_epoch_020.pt,reference_MPPI,42,880,-229.98541578136297,-191528.4904661564,0.005071606952697039,0.001470545306801796,0.0009479746222496033,False,0.025163999991491437,473.7999572753906,0.9253905415534973,1935.0963134765625,2015.6285400390625,0.004201303701847792,0.0,5120
M-1000,Transformer-2L,G:/PAI/outputs/checkpoints/world_model_ib_m1000_transformer2_fair_epoch_020.pt,reference_MPPI,42,881,-226.76462298609306,-191755.25508914248,-0.00857617612928152,0.003653634339570999,0.0023234959226101637,False,0.024937300011515617,489.89813232421875,0.9568322896957397,1965.291748046875,2027.720458984375,0.003566352417692542,0.0,5120
M-1000,Transformer-2L,G:/PAI/outputs/checkpoints/world_model_ib_m1000_transformer2_fair_epoch_020.pt,reference_MPPI,42,882,-248.1592811545817,-192003.41437029705,-0.003984507173299789,-0.005213337950408459,0.0004229210317134857,False,0.025401300052180886,483.1898498535156,0.9437301754951477,1943.220703125,2020.3319091796875,0.004103512037545443,0.0,5120
M-1000,Transformer-2L,G:/PAI/outputs/checkpoints/world_model_ib_m1000_transformer2_fair_epoch_020.pt,reference_MPPI,42,883,-224.92323947294875,-192228.33760977,0.004533866886049509,0.004712343215942383,-0.003914946224540472,False,0.024504499975591898,490.96759033203125,0.9589210748672485,1971.2474365234375,2024.987548828125,0.0032721064053475857,0.0,5120
M-1000,Transformer-2L,G:/PAI/outputs/checkpoints/world_model_ib_m1000_transformer2_fair_epoch_020.pt,reference_MPPI,42,884,-223.1837657705221,-192451.52137554053,0.014023908413946629,0.002199402078986168,-0.007874896749854088,False,0.024158200016245246,482.5602722167969,0.9425005316734314,1955.7867431640625,2023.666259765625,0.0037364729214459658,0.0,5120
M-1000,Transformer-2L,G:/PAI/outputs/checkpoints/world_model_ib_m1000_transformer2_fair_epoch_020.pt,reference_MPPI,42,885,-242.12176672242498,-192693.64314226294,0.006422836799174547,0.002333986107259989,0.002037128433585167,False,0.02575469994917512,466.7670593261719,0.9116544127464294,1935.7603759765625,2022.6517333984375,0.0044448343105614185,0.0,5120
M-1000,Transformer-2L,G:/PAI/outputs/checkpoints/world_model_ib_m1000_transformer2_fair_epoch_020.pt,reference_MPPI,42,886,-238.84505616856063,-192932.4881984315,0.0063817864283919334,0.00434773787856102,0.011135801672935486,False,0.025804399978369474,493.7940368652344,0.9644414782524109,1962.670654296875,2023.94287109375,0.0035392192658036947,0.0,5120
M-1000,Transformer-2L,G:/PAI/outputs/checkpoints/world_model_ib_m1000_transformer2_fair_epoch_020.pt,reference_MPPI,42,887,-224.74946891914254,-193157.23766735065,0.008163521066308022,-0.004455212503671646,-0.001820588018745184,False,0.024711799807846546,488.3349304199219,0.9537791609764099,1960.9747314453125,2031.0264892578125,0.0038422492798417807,0.0,5120
M-1000,Transformer-2L,G:/PAI/outputs/checkpoints/world_model_ib_m1000_transformer2_fair_epoch_020.pt,reference_MPPI,42,888,-235.49411477953518,-193392.7317821302,-0.006655571982264519,0.009824752807617188,-0.00873470026999712,False,0.02454229979775846,470.1888427734375,0.9183375835418701,1935.1551513671875,2021.8955078125,0.004460252821445465,0.0,5120
M-1000,Transformer-2L,G:/PAI/outputs/checkpoints/world_model_ib_m1000_transformer2_fair_epoch_020.pt,reference_MPPI,42,889,-225.57264744799,-193618.3044295782,0.0064677344635128975,-0.001995977247133851,0.0067046936601400375,False,0.024266700027510524,481.2945556640625,0.9400284290313721,1950.943603515625,2019.010498046875,0.003738973755389452,0.0,5120
M-1000,Transformer-2L,G:/PAI/outputs/checkpoints/world_model_ib_m1000_transformer2_fair_epoch_020.pt,reference_MPPI,42,890,-243.89017609361463,-193862.1946056718,0.00506221316754818,-0.0013354127295315266,0.00045505398884415627,False,0.024591899942606688,483.3929138183594,0.9441267848014832,1945.744873046875,2025.327392578125,0.004206227138638496,0.0,5120
M-1000,Transformer-2L,G:/PAI/outputs/checkpoints/world_model_ib_m1000_transformer2_fair_epoch_020.pt,reference_MPPI,42,891,-237.62512109400737,-194099.8197267658,-0.0027185017243027687,0.005223373882472515,-0.0025532650761306286,False,0.025307999923825264,483.5636291503906,0.9444602131843567,1956.2889404296875,2028.575439453125,0.00391102721914649,0.0,5120
M-1000,Transformer-2L,G:/PAI/outputs/checkpoints/world_model_ib_m1000_transformer2_fair_epoch_020.pt,reference_MPPI,42,892,-234.94512448330929,-194334.7648512491,-0.004460521973669529,0.000733859371393919,0.018402952700853348,False,0.024790599942207336,492.2004089355469,0.96132892370224,1963.521240234375,2026.271728515625,0.0035845579113811255,0.0,5120
M-1000,Transformer-2L,G:/PAI/outputs/checkpoints/world_model_ib_m1000_transformer2_fair_epoch_020.pt,reference_MPPI,42,893,-227.65208926334867,-194562.41694051246,-0.004291214980185032,-0.003701441455632448,-0.004762511234730482,False,0.0250214000698179,484.00421142578125,0.945320725440979,1951.3563232421875,2026.619384765625,0.0040304032154381275,0.0,5120
M-1000,Transformer-2L,G:/PAI/outputs/checkpoints/world_model_ib_m1000_transformer2_fair_epoch_020.pt,reference_MPPI,42,894,-228.1712673687464,-194790.5882078812,-0.008283665403723717,-0.0006068572402000427,-0.01386518869549036,False,0.02539060008712113,476.67803955078125,0.9310117959976196,1946.49365234375,2025.5126953125,0.004155545495450497,0.0,5120
M-1000,Transformer-2L,G:/PAI/outputs/checkpoints/world_model_ib_m1000_transformer2_fair_epoch_020.pt,reference_MPPI,42,895,-239.6312151712828,-195030.21942305248,0.010634821839630604,-0.002405577339231968,-0.003383527509868145,False,0.024064100114628673,464.38275146484375,0.906997561454773,1945.613525390625,2027.1328125,0.004202562849968672,0.0,5120
M-1000,Transformer-2L,G:/PAI/outputs/checkpoints/world_model_ib_m1000_transformer2_fair_epoch_020.pt,reference_MPPI,42,896,-239.48385894261983,-195269.70328199508,0.005816485732793808,-0.0002874581841751933,-0.0035689808428287506,False,0.024483699817210436,479.0349426269531,0.9356151223182678,1953.347900390625,2028.10302734375,0.00398671580478549,0.0,5120
M-1000,Transformer-2L,G:/PAI/outputs/checkpoints/world_model_ib_m1000_transformer2_fair_epoch_020.pt,reference_MPPI,42,897,-229.83479279668165,-195499.53807479175,0.002145619597285986,-0.006878804415464401,0.0009564924985170364,False,0.024357900023460388,485.11102294921875,0.9474824666976929,1956.5797119140625,2026.2730712890625,0.003817592980340123,0.0,5120
M-1000,Transformer-2L,G:/PAI/outputs/checkpoints/world_model_ib_m1000_transformer2_fair_epoch_020.pt,reference_MPPI,42,898,-244.3522127613119,-195743.89028755308,0.01186442468315363,-0.0035857465118169785,0.003806537017226219,False,0.023681199876591563,485.9515686035156,0.9491241574287415,1956.724609375,2024.758544921875,0.003756600897759199,0.0,5120
M-1000,Transformer-2L,G:/PAI/outputs/checkpoints/world_model_ib_m1000_transformer2_fair_epoch_020.pt,reference_MPPI,42,899,-262.44358322372346,-196006.3338707768,0.0009972453117370605,0.019067609682679176,-0.001620197668671608,False,0.024235799908638,481.43353271484375,0.9402998685836792,1947.632568359375,2023.0858154296875,0.004025623667985201,0.0,5120
M-1000,Transformer-2L,G:/PAI/outputs/checkpoints/world_model_ib_m1000_transformer2_fair_epoch_020.pt,reference_MPPI,42,900,-235.33960155295898,-196241.67347232977,-0.007338473107665777,-0.004950288683176041,-0.0014650917146354914,False,0.02461489988490939,490.1318054199219,0.9572886824607849,1957.999267578125,2023.8262939453125,0.0036917980760335922,0.0,5120
M-1000,Transformer-2L,G:/PAI/outputs/checkpoints/world_model_ib_m1000_transformer2_fair_epoch_020.pt,reference_MPPI,42,901,-231.56682685442598,-196473.2402991842,-0.003683198243379593,-0.0002506324090063572,-0.008402758277952671,False,0.024273699847981334,487.260498046875,0.9516806602478027,1946.89990234375,2023.141357421875,0.004081543069332838,0.0,5120
M-1000,Transformer-2L,G:/PAI/outputs/checkpoints/world_model_ib_m1000_transformer2_fair_epoch_020.pt,reference_MPPI,42,902,-227.1774168674658,-196700.41771605166,0.0007944963872432709,-0.0036274432204663754,0.00013811298413202167,False,0.02510279999114573,490.83355712890625,0.958659291267395,1969.11181640625,2027.2293701171875,0.003419836750254035,0.0,5120
M-1000,Transformer-2L,G:/PAI/outputs/checkpoints/world_model_ib_m1000_transformer2_fair_epoch_020.pt,reference_MPPI,42,903,-228.74972258054225,-196929.1674386322,-0.001255030743777752,0.005633141845464706,-0.0007660947740077972,False,0.02511320007033646,482.00726318359375,0.9414204359054565,1949.238037109375,2025.68408203125,0.004070990718901157,0.0,5120
M-1000,Transformer-2L,G:/PAI/outputs/checkpoints/world_model_ib_m1000_transformer2_fair_epoch_020.pt,reference_MPPI,42,904,-229.41785585829632,-197158.5852944905,0.006099965423345566,-0.00881978776305914,-0.004897863604128361,False,0.025808899896219373,485.9525451660156,0.9491260647773743,1963.465576171875,2029.30810546875,0.003676435211673379,0.0,5120
M-1000,Transformer-2L,G:/PAI/outputs/checkpoints/world_model_ib_m1000_transformer2_fair_epoch_020.pt,reference_MPPI,42,905,-225.61521749177024,-197384.2005119823,0.0035140085965394974,-0.0028990216087549925,0.0033292225562036037,False,0.024605199927464128,487.0394287109375,0.9512488842010498,1955.77490234375,2028.02099609375,0.003922866191715002,0.0,5120
M-1000,Transformer-2L,G:/PAI/outputs/checkpoints/world_model_ib_m1000_transformer2_fair_epoch_020.pt,reference_MPPI,42,906,-242.73159562703017,-197626.93210760932,0.0015089381486177444,0.0021648546680808067,0.0014418801292777061,False,0.024498800048604608,488.57275390625,0.9542436599731445,1963.6383056640625,2023.374267578125,0.0034658932127058506,0.0,5120
M-1000,Transformer-2L,G:/PAI/outputs/checkpoints/world_model_ib_m1000_transformer2_fair_epoch_020.pt,reference_MPPI,42,907,-228.79054774682902,-197855.72265535613,0.015709789469838142,-0.0011137980036437511,0.0011770706623792648,False,0.02399470005184412,482.7956237792969,0.9429602026939392,1968.824462890625,2029.31298828125,0.0034697791561484337,0.0,5120
M-1000,Transformer-2L,G:/PAI/outputs/checkpoints/world_model_ib_m1000_transformer2_fair_epoch_020.pt,reference_MPPI,42,908,-227.58703540153851,-198083.30969075768,0.005132307298481464,-0.008908508345484734,-0.004034748766571283,False,0.024770000018179417,480.93408203125,0.9393243789672852,1952.036376953125,2022.435791015625,0.0038287423085421324,0.0,5120
M-1000,Transformer-2L,G:/PAI/outputs/checkpoints/world_model_ib_m1000_transformer2_fair_epoch_020.pt,reference_MPPI,42,909,-222.72803614114736,-198306.03772689882,-0.003301256336271763,0.001453891396522522,-0.0018899105489253998,False,0.02456820011138916,470.3937072753906,0.9187377095222473,1941.9896240234375,2026.5081787109375,0.004352834075689316,0.0,5120
M-1000,Transformer-2L,G:/PAI/outputs/checkpoints/world_model_ib_m1000_transformer2_fair_epoch_020.pt,reference_MPPI,42,910,-230.52929114008697,-198536.5670180389,0.0025062598288059235,-0.003906437195837498,-0.007124141789972782,False,0.025019999826326966,482.04071044921875,0.9414857625961304,1946.075927734375,2020.441650390625,0.003989336546510458,0.0,5120
M-1000,Transformer-2L,G:/PAI/outputs/checkpoints/world_model_ib_m1000_transformer2_fair_epoch_020.pt,reference_MPPI,42,911,-233.93625654759464,-198770.50327458652,-0.0015136869624257088,0.004781306721270084,0.0017377468757331371,False,0.02441509999334812,492.9936218261719,0.9628781676292419,1965.1527099609375,2025.89892578125,0.003517613047733903,0.0,5120
M-1000,Transformer-2L,G:/PAI/outputs/checkpoints/world_model_ib_m1000_transformer2_fair_epoch_020.pt,reference_MPPI,42,912,-231.51539793495465,-199002.01867252146,-0.0014467490836977959,0.011426262557506561,-0.015112679451704025,False,0.024299199925735593,486.7839050292969,0.9507498145103455,1961.5792236328125,2025.8953857421875,0.0036229451652616262,0.0,5120
M-1000,Transformer-2L,G:/PAI/outputs/checkpoints/world_model_ib_m1000_transformer2_fair_epoch_020.pt,reference_MPPI,42,913,-233.14555345253513,-199235.164225974,-0.0023725945502519608,-0.002027885988354683,-0.009307599626481533,False,0.024525600019842386,473.3692626953125,0.9245493412017822,1955.5399169921875,2026.48876953125,0.0038139515090733767,0.0,5120
M-1000,Transformer-2L,G:/PAI/outputs/checkpoints/world_model_ib_m1000_transformer2_fair_epoch_020.pt,reference_MPPI,42,914,-240.84384852088442,-199476.0080744949,-0.0029381110798567533,0.01050037331879139,-0.0018613296560943127,False,0.024427700089290738,483.2227783203125,0.9437944889068604,1956.926513671875,2027.4129638671875,0.0038405172526836395,0.0,5120
M-1000,Transformer-2L,G:/PAI/outputs/checkpoints/world_model_ib_m1000_transformer2_fair_epoch_020.pt,reference_MPPI,42,915,-241.78419384801356,-199717.79226834292,0.019498856738209724,0.0004540409427136183,-0.007900307886302471,False,0.024933999869972467,482.2686462402344,0.9419309496879578,1945.0517578125,2025.4970703125,0.004237930756062269,0.0,5120
M-1000,Transformer-2L,G:/PAI/outputs/checkpoints/world_model_ib_m1000_transformer2_fair_epoch_020.pt,reference_MPPI,42,916,-251.16927154256382,-199968.9615398855,0.00624783243983984,-0.0012780320830643177,0.010635621845722198,False,0.024339399999007583,479.3945007324219,0.9363173842430115,1945.97216796875,2027.5048828125,0.004270821809768677,0.0,5120
M-1000,Transformer-2L,G:/PAI/outputs/checkpoints/world_model_ib_m1000_transformer2_fair_epoch_020.pt,reference_MPPI,42,917,-225.46751976463494,-200194.42905965014,0.008496833965182304,-0.004175222013145685,-0.008387833833694458,False,0.025311899837106466,486.4032897949219,0.9500064253807068,1969.9783935546875,2029.9293212890625,0.0034652086906135082,0.0,5120
M-1000,Transformer-2L,G:/PAI/outputs/checkpoints/world_model_ib_m1000_transformer2_fair_epoch_020.pt,reference_MPPI,42,918,-235.16055792893945,-200429.58961757907,0.0027680955827236176,-0.0033492031507194042,0.0070221684873104095,False,0.024641399970278144,470.8079528808594,0.9195467829704285,1930.1893310546875,2024.914306640625,0.004829515237361193,0.0,5120
M-1000,Transformer-2L,G:/PAI/outputs/checkpoints/world_model_ib_m1000_transformer2_fair_epoch_020.pt,reference_MPPI,42,919,-234.5369529110144,-200664.12657049007,0.011824429035186768,-0.003686150535941124,0.003335975343361497,False,0.02459160005673766,495.7952575683594,0.9683501124382019,1980.080078125,2026.489990234375,0.0030566644854843616,0.0,5120
M-1000,Transformer-2L,G:/PAI/outputs/checkpoints/world_model_ib_m1000_transformer2_fair_epoch_020.pt,reference_MPPI,42,920,-238.79498926500736,-200902.92155975508,0.008756103925406933,-0.006043580360710621,0.0032394519075751305,False,0.024505400098860264,488.7884216308594,0.9546648859977722,1968.459716796875,2029.828125,0.003524139989167452,0.0,5120
M-1000,Transformer-2L,G:/PAI/outputs/checkpoints/world_model_ib_m1000_transformer2_fair_epoch_020.pt,reference_MPPI,42,921,-230.48858599997175,-201133.41014575504,0.009449634701013565,-0.0033312151208519936,-0.0005477797240018845,False,0.02446600003167987,475.00238037109375,0.9277390241622925,1933.024169921875,2022.3094482421875,0.004595998674631119,0.0,5120
M-1000,Transformer-2L,G:/PAI/outputs/checkpoints/world_model_ib_m1000_transformer2_fair_epoch_020.pt,reference_MPPI,42,922,-230.20092601365764,-201363.6110717687,-0.003688509576022625,0.0003295585047453642,-0.0034521445631980896,False,0.024822699837386608,484.9853515625,0.9472370147705078,1958.5283203125,2028.65087890625,0.003834458300843835,0.0,5120
M-1000,Transformer-2L,G:/PAI/outputs/checkpoints/world_model_ib_m1000_transformer2_fair_epoch_020.pt,reference_MPPI,42,923,-229.1026672791045,-201592.71373904782,0.0012839254923164845,0.0013097245246171951,0.002065504901111126,False,0.024268499808385968,497.9395751953125,0.9725382328033447,1970.6607666015625,2026.246826171875,0.0033577734138816595,0.0,5120
M-1000,Transformer-2L,G:/PAI/outputs/checkpoints/world_model_ib_m1000_transformer2_fair_epoch_020.pt,reference_MPPI,42,924,-236.40823168250242,-201829.1219707303,0.0022092564031481743,0.008365821093320847,0.006467890460044146,False,0.02495070011354983,474.4331359863281,0.9266272187232971,1945.82421875,2025.0806884765625,0.004153145942837,0.0,5120
M-1000,Transformer-2L,G:/PAI/outputs/checkpoints/world_model_ib_m1000_transformer2_fair_epoch_020.pt,reference_MPPI,42,925,-233.09640250218652,-202062.2183732325,-0.004672608338296413,0.002816092222929001,-0.008996393531560898,False,0.023883800022304058,486.169677734375,0.9495501518249512,1966.55029296875,2027.36181640625,0.0034936219453811646,0.0,5120
M-1000,Transformer-2L,G:/PAI/outputs/checkpoints/world_model_ib_m1000_transformer2_fair_epoch_020.pt,reference_MPPI,42,926,-232.05537739987494,-202294.27375063236,0.0012228959240019321,0.011455981060862541,0.001230279915034771,False,0.02511650021187961,480.95458984375,0.9393644332885742,1954.7117919921875,2031.037109375,0.004062294960021973,0.0,5120
M-1000,Transformer-2L,G:/PAI/outputs/checkpoints/world_model_ib_m1000_transformer2_fair_epoch_020.pt,reference_MPPI,42,927,-225.47215348147392,-202519.74590411384,-0.003131129313260317,0.0024002897553145885,0.002231914084404707,False,0.025403799954801798,496.4667053222656,0.96966153383255,1976.7777099609375,2031.5472412109375,0.003325127763673663,0.0,5120
M-1000,Transformer-2L,G:/PAI/outputs/checkpoints/world_model_ib_m1000_transformer2_fair_epoch_020.pt,reference_MPPI,42,928,-226.13255055565799,-202745.8784546695,-0.008754082955420017,-0.00799537729471922,-0.013502860441803932,False,0.0250063999556005,474.2423095703125,0.9262545108795166,1953.1029052734375,2027.781494140625,0.003963505383580923,0.0,5120
M-1000,Transformer-2L,G:/PAI/outputs/checkpoints/world_model_ib_m1000_transformer2_fair_epoch_020.pt,reference_MPPI,42,929,-241.336205113612,-202987.21465978312,0.0017182137817144394,0.0036114701069891453,-0.0026214569807052612,False,0.025915100006386638,484.60870361328125,0.9465013742446899,1944.833740234375,2025.635009765625,0.004267521668225527,0.0,5120
M-1000,Transformer-2L,G:/PAI/outputs/checkpoints/world_model_ib_m1000_transformer2_fair_epoch_020.pt,reference_MPPI,42,930,-245.43387998687376,-203232.64853977,0.013705299235880375,0.00203760527074337,-0.0017819334752857685,False,0.02528659999370575,483.9564514160156,0.9452274441719055,1972.4720458984375,2030.43017578125,0.0033871044870465994,0.0,5120
M-1000,Transformer-2L,G:/PAI/outputs/checkpoints/world_model_ib_m1000_transformer2_fair_epoch_020.pt,reference_MPPI,42,931,-241.81262725196362,-203474.46116702195,-0.0011908533051609993,-0.0045699551701545715,-0.005561917554587126,False,0.0262595999520272,485.2847900390625,0.947821855545044,1955.6419677734375,2027.0400390625,0.0038833788130432367,0.0,5120
M-1000,Transformer-2L,G:/PAI/outputs/checkpoints/world_model_ib_m1000_transformer2_fair_epoch_020.pt,reference_MPPI,42,932,-241.07645584918913,-203715.53762287114,0.006012801080942154,0.010052083991467953,-0.000834427890367806,False,0.02674549981020391,486.20703125,0.9496231079101562,1963.87060546875,2028.574462890625,0.003633697284385562,0.0,5120
M-1000,Transformer-2L,G:/PAI/outputs/checkpoints/world_model_ib_m1000_transformer2_fair_epoch_020.pt,reference_MPPI,42,933,-236.7153929113888,-203952.25301578254,0.008150534704327583,0.005644475109875202,0.0019103302620351315,False,0.02477680006995797,488.46044921875,0.9540243148803711,1959.27978515625,2029.6221923828125,0.0038516742642968893,0.0,5120
M-1000,Transformer-2L,G:/PAI/outputs/checkpoints/world_model_ib_m1000_transformer2_fair_epoch_020.pt,reference_MPPI,42,934,-231.080248157757,-204183.3332639403,-0.007259119302034378,-0.00783870741724968,0.007987096905708313,False,0.02508950000628829,476.44329833984375,0.9305533170700073,1937.385986328125,2031.2421875,0.0048211682587862015,0.0,5120
M-1000,Transformer-2L,G:/PAI/outputs/checkpoints/world_model_ib_m1000_transformer2_fair_epoch_020.pt,reference_MPPI,42,935,-241.94916349637043,-204425.28242743667,0.003582763485610485,-0.004574134014546871,-0.0014922656118869781,False,0.024999399902299047,482.8554992675781,0.9430771470069885,1960.58447265625,2025.99072265625,0.0036491677165031433,0.0,5120
M-1000,Transformer-2L,G:/PAI/outputs/checkpoints/world_model_ib_m1000_transformer2_fair_epoch_020.pt,reference_MPPI,42,936,-229.81076413040162,-204655.09319156708,0.013380932621657848,-0.00135388458147645,0.0059125302359461784,False,0.02462269994430244,481.5184326171875,0.9404656887054443,1940.181884765625,2025.107421875,0.004435359500348568,0.0,5120
M-1000,Transformer-2L,G:/PAI/outputs/checkpoints/world_model_ib_m1000_transformer2_fair_epoch_020.pt,reference_MPPI,42,937,-239.3514085819575,-204894.44460014903,0.0008576917462050915,0.002248157514259219,0.007998008280992508,False,0.0245195000898093,489.8446044921875,0.9567277431488037,1946.6434326171875,2021.7642822265625,0.004050030838698149,0.0,5120
M-1000,Transformer-2L,G:/PAI/outputs/checkpoints/world_model_ib_m1000_transformer2_fair_epoch_020.pt,reference_MPPI,42,938,-234.32162185333917,-205128.76622200236,0.0030874358490109444,-0.001295015448704362,-0.006982613820582628,False,0.02496540010906756,478.6782531738281,0.9349184632301331,1955.2552490234375,2027.768798828125,0.0038991039618849754,0.0,5120
M-1000,Transformer-2L,G:/PAI/outputs/checkpoints/world_model_ib_m1000_transformer2_fair_epoch_020.pt,reference_MPPI,42,939,-230.32553945851055,-205359.09176146088,-0.0015066578052937984,-0.0049275923520326614,-0.0002239472232758999,False,0.02551800012588501,478.706787109375,0.934974193572998,1938.29931640625,2033.436279296875,0.004891382064670324,0.0,5120
M-1000,Transformer-2L,G:/PAI/outputs/checkpoints/world_model_ib_m1000_transformer2_fair_epoch_020.pt,reference_MPPI,42,940,-244.4777199680364,-205603.56948142892,0.00014778133481740952,-0.0073806047439575195,0.007087457925081253,False,0.025465300073847175,486.9150695800781,0.9510059952735901,1961.3726806640625,2027.121826171875,0.003677284112200141,0.0,5120
M-1000,Transformer-2L,G:/PAI/outputs/checkpoints/world_model_ib_m1000_transformer2_fair_epoch_020.pt,reference_MPPI,42,941,-237.49441357685163,-205841.06389500576,0.012350805103778839,-0.008139112964272499,0.0006255051121115685,False,0.024662300013005733,483.9808654785156,0.9452751278877258,1950.96875,2027.4796142578125,0.004081469960510731,0.0,5120
M-1000,Transformer-2L,G:/PAI/outputs/checkpoints/world_model_ib_m1000_transformer2_fair_epoch_020.pt,reference_MPPI,42,942,-236.97274079368796,-206078.03663579945,-0.011890907771885395,0.004425130784511566,0.0005198502913117409,False,0.02468349994160235,470.72802734375,0.9193906784057617,1927.88427734375,2025.9306640625,0.004999666474759579,0.0,5120
M-1000,Transformer-2L,G:/PAI/outputs/checkpoints/world_model_ib_m1000_transformer2_fair_epoch_020.pt,reference_MPPI,42,943,-240.45565228767532,-206318.49228808712,0.003684427123516798,-0.002326464280486107,0.0005110667552798986,False,0.02592639997601509,486.47833251953125,0.9501529932022095,1962.8062744140625,2029.44091796875,0.0037054887507110834,0.0,5120
M-1000,Transformer-2L,G:/PAI/outputs/checkpoints/world_model_ib_m1000_transformer2_fair_epoch_020.pt,reference_MPPI,42,944,-237.09939562641472,-206555.59168371354,-0.0008270472753793001,-0.0007450534030795097,0.0077409520745277405,False,0.025435199961066246,475.6731872558594,0.9290491938591003,1957.5059814453125,2033.26953125,0.0040112207643687725,0.0,5120
M-1000,Transformer-2L,G:/PAI/outputs/checkpoints/world_model_ib_m1000_transformer2_fair_epoch_020.pt,reference_MPPI,42,945,-240.564585876887,-206796.15626959043,-0.003369459416717291,0.006854495964944363,0.004389552399516106,False,0.025335100013762712,488.04083251953125,0.9532047510147095,1968.9239501953125,2034.5849609375,0.0036760515067726374,0.0,5120
M-1000,Transformer-2L,G:/PAI/outputs/checkpoints/world_model_ib_m1000_transformer2_fair_epoch_020.pt,reference_MPPI,42,946,-225.71124738500376,-207021.86751697544,-0.0005107740871608257,0.004124521743506193,-0.00020931614562869072,False,0.02461710013449192,487.978515625,0.9530830383300781,1955.781005859375,2036.340087890625,0.004270585253834724,0.0,5120
M-1000,Transformer-2L,G:/PAI/outputs/checkpoints/world_model_ib_m1000_transformer2_fair_epoch_020.pt,reference_MPPI,42,947,-229.7304707583906,-207251.59798773384,-0.0015826465096324682,0.0017072148621082306,-0.002208162099123001,False,0.02543170005083084,481.8842468261719,0.9411801695823669,1934.5848388671875,2024.691162109375,0.004668575711548328,0.0,5120
M-1000,Transformer-2L,G:/PAI/outputs/checkpoints/world_model_ib_m1000_transformer2_fair_epoch_020.pt,reference_MPPI,42,948,-234.82965829695604,-207486.4276460308,0.0008995840325951576,-0.00225382624194026,-0.01576368510723114,False,0.025481699965894222,480.8441467285156,0.9391487240791321,1952.0904541015625,2031.150146484375,0.004169700667262077,0.0,5120
M-1000,Transformer-2L,G:/PAI/outputs/checkpoints/world_model_ib_m1000_transformer2_fair_epoch_020.pt,reference_MPPI,42,949,-235.87632756933567,-207722.30397360012,-0.005533786956220865,-0.015411105006933212,0.007074231281876564,False,0.024976100074127316,487.1839904785156,0.9515312314033508,1953.49951171875,2023.210693359375,0.003826182335615158,0.0,5120
M-1000,Transformer-2L,G:/PAI/outputs/checkpoints/world_model_ib_m1000_transformer2_fair_epoch_020.pt,reference_MPPI,42,950,-233.16003570949184,-207955.46400930962,0.010009469464421272,-0.0033784862607717514,1.983647234737873e-05,False,0.02421519998461008,488.84100341796875,0.9547675848007202,1965.8770751953125,2026.85595703125,0.0035102753899991512,0.0,5120
M-1000,Transformer-2L,G:/PAI/outputs/checkpoints/world_model_ib_m1000_transformer2_fair_epoch_020.pt,reference_MPPI,42,951,-223.73800693265454,-208179.20201624229,0.01493119541555643,-0.0001447955146431923,-0.0022668885067105293,False,0.024549500085413456,485.4071960449219,0.948060929775238,1959.861328125,2024.4564208984375,0.0036280101630836725,0.0,5120
M-1000,Transformer-2L,G:/PAI/outputs/checkpoints/world_model_ib_m1000_transformer2_fair_epoch_020.pt,reference_MPPI,42,952,-233.8960469279144,-208413.0980631702,-0.004143218509852886,0.008851509541273117,0.0016435012221336365,False,0.02488990011624992,482.9825439453125,0.9433252811431885,1948.9530029296875,2023.052001953125,0.003977007698267698,0.0,5120
M-1000,Transformer-2L,G:/PAI/outputs/checkpoints/world_model_ib_m1000_transformer2_fair_epoch_020.pt,reference_MPPI,42,953,-224.9161572298827,-208638.0142204001,-0.0009423848241567612,0.0009996816515922546,-0.0006573733408004045,False,0.02460019988939166,492.6412048339844,0.9621898531913757,1965.8302001953125,2026.40380859375,0.0035117887891829014,0.0,5120
M-1000,Transformer-2L,G:/PAI/outputs/checkpoints/world_model_ib_m1000_transformer2_fair_epoch_020.pt,reference_MPPI,42,954,-231.10031623545092,-208869.11453663555,0.0015967896906659007,-0.006552578415721655,-0.0062791211530566216,False,0.024454299826174974,493.1236877441406,0.9631322026252747,1974.6282958984375,2025.1080322265625,0.0031740402337163687,0.0,5120
M-1000,Transformer-2L,G:/PAI/outputs/checkpoints/world_model_ib_m1000_transformer2_fair_epoch_020.pt,reference_MPPI,42,955,-232.08045060376486,-209101.19498723932,0.0001684154849499464,0.003846515901386738,-0.00042087503243237734,False,0.02426289999857545,490.27447509765625,0.9575673341751099,1968.1453857421875,2030.121337890625,0.003550170920789242,0.0,5120
M-1000,Transformer-2L,G:/PAI/outputs/checkpoints/world_model_ib_m1000_transformer2_fair_epoch_020.pt,reference_MPPI,42,956,-228.1095673387229,-209329.30455457803,-0.0012979600578546524,0.0042520323768258095,-0.017638105899095535,False,0.02515579992905259,478.94256591796875,0.9354346990585327,1948.8712158203125,2023.9744873046875,0.00399846863001585,0.0,5120
M-1000,Transformer-2L,G:/PAI/outputs/checkpoints/world_model_ib_m1000_transformer2_fair_epoch_020.pt,reference_MPPI,42,957,-230.45094642234608,-209559.75550100039,-0.003551139961928129,-0.002075031865388155,-0.004997776821255684,False,0.024878399912267923,486.8111572265625,0.9508030414581299,1953.2767333984375,2028.861083984375,0.004055040888488293,0.0,5120
M-1000,Transformer-2L,G:/PAI/outputs/checkpoints/world_model_ib_m1000_transformer2_fair_epoch_020.pt,reference_MPPI,42,958,-223.1357572162032,-209782.89125821658,-0.0009460160508751869,-0.002829423639923334,0.003957564011216164,False,0.024511300027370453,486.020751953125,0.9492592811584473,1948.997314453125,2023.9703369140625,0.004028292838484049,0.0,5120
M-1000,Transformer-2L,G:/PAI/outputs/checkpoints/world_model_ib_m1000_transformer2_fair_epoch_020.pt,reference_MPPI,42,959,-240.71365678936178,-210023.60491500594,0.001602628268301487,0.0015433542430400848,-0.0031767874024808407,False,0.025078700156882405,475.5387268066406,0.92878657579422,1936.8555908203125,2021.4610595703125,0.004389835987240076,0.0,5120
M-1000,Transformer-2L,G:/PAI/outputs/checkpoints/world_model_ib_m1000_transformer2_fair_epoch_020.pt,reference_MPPI,42,960,-232.89972458349277,-210256.50463958943,-0.004255133215337992,0.0011026691645383835,-0.013041049242019653,False,0.02481199987232685,491.1819152832031,0.9593396782875061,1958.0650634765625,2027.741455078125,0.003840459743514657,0.0,5120
M-1000,Transformer-2L,G:/PAI/outputs/checkpoints/world_model_ib_m1000_transformer2_fair_epoch_020.pt,reference_MPPI,42,961,-233.90916547809576,-210490.41380506754,0.0015356404474005103,0.004428021609783173,0.0015781596302986145,False,0.024576700059697032,490.53973388671875,0.9580854177474976,1963.0064697265625,2027.2421875,0.0036334923934191465,0.0,5120
M-1000,Transformer-2L,G:/PAI/outputs/checkpoints/world_model_ib_m1000_transformer2_fair_epoch_020.pt,reference_MPPI,42,962,-238.88277826249328,-210729.29658333003,-0.002091534435749054,-0.0023986436426639557,0.0044980645179748535,False,0.024412599857896566,480.2160949707031,0.9379220604896545,1949.7403564453125,2026.272705078125,0.0040603624656796455,0.0,5120
M-1000,Transformer-2L,G:/PAI/outputs/checkpoints/world_model_ib_m1000_transformer2_fair_epoch_020.pt,reference_MPPI,42,963,-224.2070015043602,-210953.5035848344,-0.010322772897779942,-0.005209006369113922,0.011249471455812454,False,0.02515759994275868,479.8489990234375,0.9372050762176514,1951.78466796875,2029.2418212890625,0.0041026282124221325,0.0,5120
M-1000,Transformer-2L,G:/PAI/outputs/checkpoints/world_model_ib_m1000_transformer2_fair_epoch_020.pt,reference_MPPI,42,964,-233.56272090478018,-211187.06630573916,0.0005814351607114077,0.005247194319963455,0.0023873895406723022,False,0.024348299950361252,481.8010559082031,0.9410176873207092,1955.1884765625,2026.430908203125,0.0038623351138085127,0.0,5120
M-1000,Transformer-2L,G:/PAI/outputs/checkpoints/world_model_ib_m1000_transformer2_fair_epoch_020.pt,reference_MPPI,42,965,-233.4034728803102,-211420.46977861947,0.000842975452542305,-0.006142159923911095,0.0028148675337433815,False,0.025207099970430136,497.4233703613281,0.971530020236969,1976.8021240234375,2024.5927734375,0.003104207804426551,0.0,5120
M-1000,Transformer-2L,G:/PAI/outputs/checkpoints/world_model_ib_m1000_transformer2_fair_epoch_020.pt,reference_MPPI,42,966,-235.94594065309747,-211656.41571927257,0.0027381181716918945,0.004054572433233261,-0.006524146534502506,False,0.024862600024789572,490.4188537597656,0.9578493237495422,1969.6827392578125,2030.1298828125,0.0034977146424353123,0.0,5120
M-1000,Transformer-2L,G:/PAI/outputs/checkpoints/world_model_ib_m1000_transformer2_fair_epoch_020.pt,reference_MPPI,42,967,-238.67624615647316,-211895.09196542905,-0.008280507288873196,0.010338855907320976,0.007376207038760185,False,0.02445629984140396,489.8433837890625,0.9567253589630127,1972.501708984375,2030.66796875,0.0034179920330643654,0.0,5120
M-1000,Transformer-2L,G:/PAI/outputs/checkpoints/world_model_ib_m1000_transformer2_fair_epoch_020.pt,reference_MPPI,42,968,-238.1574475510593,-212133.2494129801,-0.004253062419593334,-0.00643001776188612,0.0004102112725377083,False,0.025275099789723754,483.0704650878906,0.9434970021247864,1958.1534423828125,2029.5596923828125,0.003875598544254899,0.0,5120
M-1000,Transformer-2L,G:/PAI/outputs/checkpoints/world_model_ib_m1000_transformer2_fair_epoch_020.pt,reference_MPPI,42,969,-223.98024614710465,-212357.22965912722,0.007887989282608032,-0.0055907294154167175,0.00034071970731019974,False,0.024011699948459864,495.0147399902344,0.9668256640434265,1961.3702392578125,2020.90234375,0.0034831182565540075,0.0,5120
M-1000,Transformer-2L,G:/PAI/outputs/checkpoints/world_model_ib_m1000_transformer2_fair_epoch_020.pt,reference_MPPI,42,970,-242.34337480406026,-212599.5730339313,-0.008042141795158386,-0.011724190786480904,0.0021438212133944035,False,0.02525079995393753,483.2464294433594,0.9438406825065613,1953.2667236328125,2021.037109375,0.0037405146285891533,0.0,5120
M-1000,Transformer-2L,G:/PAI/outputs/checkpoints/world_model_ib_m1000_transformer2_fair_epoch_020.pt,reference_MPPI,42,971,-233.67888739258055,-212833.25192132386,0.004662994761019945,0.011222602799534798,-0.004039331804960966,False,0.024671100080013275,493.44537353515625,0.963760495185852,1974.9793701171875,2028.69873046875,0.0032806945964694023,0.0,5120
M-1000,Transformer-2L,G:/PAI/outputs/checkpoints/world_model_ib_m1000_transformer2_fair_epoch_020.pt,reference_MPPI,42,972,-240.9739266878711,-213074.22584801173,0.009075586684048176,0.006398314144462347,-0.001367888879030943,False,0.02555709984153509,481.88482666015625,0.9411813020706177,1952.744140625,2030.261474609375,0.004114072769880295,0.0,5120
M-1000,Transformer-2L,G:/PAI/outputs/checkpoints/world_model_ib_m1000_transformer2_fair_epoch_020.pt,reference_MPPI,42,973,-237.08824051903198,-213311.31408853075,-0.009296434931457043,-0.007349505554884672,0.005314605310559273,False,0.024355300003662705,485.3446044921875,0.9479386806488037,1950.1416015625,2026.5814208984375,0.004082530736923218,0.0,5120
M-1000,Transformer-2L,G:/PAI/outputs/checkpoints/world_model_ib_m1000_transformer2_fair_epoch_020.pt,reference_MPPI,42,974,-225.6776665423499,-213536.9917550731,0.008492805995047092,-0.00053044268861413,0.0023292414844036102,False,0.0252598999068141,472.4906921386719,0.9228333830833435,1941.29443359375,2027.3388671875,0.004433924797922373,0.0,5120
M-1000,Transformer-2L,G:/PAI/outputs/checkpoints/world_model_ib_m1000_transformer2_fair_epoch_020.pt,reference_MPPI,42,975,-224.61645959497946,-213761.6082146681,0.004591816570609808,0.008753105066716671,-0.0001728369388729334,False,0.02507920004427433,485.9576110839844,0.949135959148407,1966.354736328125,2028.592529296875,0.0035471811424940825,0.0,5120
M-1000,Transformer-2L,G:/PAI/outputs/checkpoints/world_model_ib_m1000_transformer2_fair_epoch_020.pt,reference_MPPI,42,976,-227.8547672919479,-213989.46298196004,0.0022707018069922924,-0.0005316901952028275,-0.007022156845778227,False,0.02463470003567636,486.63751220703125,0.9504638910293579,1955.706298828125,2024.781005859375,0.0038017581682652235,0.0,5120
M-1000,Transformer-2L,G:/PAI/outputs/checkpoints/world_model_ib_m1000_transformer2_fair_epoch_020.pt,reference_MPPI,42,977,-223.03524864946607,-214212.4982306095,0.00428298395127058,-0.010881127789616585,-0.005213052500039339,False,0.024248900124803185,486.0243225097656,0.949266254901886,1966.2257080078125,2029.246337890625,0.0035740251187235117,0.0,5120
M-1000,Transformer-2L,G:/PAI/outputs/checkpoints/world_model_ib_m1000_transformer2_fair_epoch_020.pt,reference_MPPI,42,978,-235.1725885640105,-214447.6708191735,-0.005004450678825378,0.0032066768035292625,0.0009813501965254545,False,0.02485359995625913,475.72955322265625,0.9291592836380005,1943.279296875,2023.642578125,0.004204325843602419,0.0,5120
M-1000,Transformer-2L,G:/PAI/outputs/checkpoints/world_model_ib_m1000_transformer2_fair_epoch_020.pt,reference_MPPI,42,979,-238.77527476535897,-214686.44609393887,0.008610183373093605,0.001535283401608467,0.007614661939442158,False,0.024657499976456165,486.32781982421875,0.9498590230941772,1964.0814208984375,2034.537841796875,0.0038497280329465866,0.0,5120
M-1000,Transformer-2L,G:/PAI/outputs/checkpoints/world_model_ib_m1000_transformer2_fair_epoch_020.pt,reference_MPPI,42,980,-236.74601422466,-214923.19210816352,0.0019998420029878616,-0.004878175910562277,0.0009984234347939491,False,0.02529120002873242,500.36334228515625,0.9772721529006958,1987.91455078125,2028.174560546875,0.0028872850816696882,0.0,5120
M-1000,Transformer-2L,G:/PAI/outputs/checkpoints/world_model_ib_m1000_transformer2_fair_epoch_020.pt,reference_MPPI,42,981,-242.29936573413815,-215165.49147389765,0.021290894597768784,0.0008460190147161484,-0.0046803709119558334,False,0.024502099957317114,488.80328369140625,0.9546939134597778,1955.670654296875,2024.395751953125,0.0037938549648970366,0.0,5120
M-1000,Transformer-2L,G:/PAI/outputs/checkpoints/world_model_ib_m1000_transformer2_fair_epoch_020.pt,reference_MPPI,42,982,-231.80193298070452,-215397.29340687837,-0.008186028338968754,0.0018856697715818882,0.015890344977378845,False,0.024629899999126792,492.4598388671875,0.9618356227874756,1963.201416015625,2025.0367431640625,0.0035558503586798906,0.0,5120
M-1000,Transformer-2L,G:/PAI/outputs/checkpoints/world_model_ib_m1000_transformer2_fair_epoch_020.pt,reference_MPPI,42,983,-225.7292068114194,-215623.0226136898,0.003139740787446499,0.017546407878398895,0.002302192384377122,False,0.025175200076773763,468.8622131347656,0.9157465100288391,1932.9293212890625,2028.8714599609375,0.004877464845776558,0.0,5120
M-1000,Transformer-2L,G:/PAI/outputs/checkpoints/world_model_ib_m1000_transformer2_fair_epoch_020.pt,reference_MPPI,42,984,-226.8156094560433,-215849.83822314584,0.008091457188129425,-0.004289543256163597,-0.0034309723414480686,False,0.024193499935790896,491.1656188964844,0.959307849407196,1947.1175537109375,2024.29736328125,0.004138742573559284,0.0,5120
M-1000,Transformer-2L,G:/PAI/outputs/checkpoints/world_model_ib_m1000_transformer2_fair_epoch_020.pt,reference_MPPI,42,985,-236.76076640251972,-216086.59898954837,0.00981147214770317,-0.006772181019186974,0.011549623683094978,False,0.02491459995508194,484.351318359375,0.9459986686706543,1955.563232421875,2025.629150390625,0.003825185587629676,0.0,5120
M-1000,Transformer-2L,G:/PAI/outputs/checkpoints/world_model_ib_m1000_transformer2_fair_epoch_020.pt,reference_MPPI,42,986,-238.26172461161858,-216324.86071416,0.00501566007733345,0.0008212355896830559,-0.00020807632245123386,False,0.025253300089389086,482.8039855957031,0.9429765343666077,1956.3602294921875,2027.794677734375,0.003875791560858488,0.0,5120
M-1000,Transformer-2L,G:/PAI/outputs/checkpoints/world_model_ib_m1000_transformer2_fair_epoch_020.pt,reference_MPPI,42,987,-227.93127169622753,-216552.79198585622,0.010564016178250313,-0.004997266922146082,-0.00027592340484261513,False,0.024272900074720383,497.538330078125,0.9717545509338379,1980.7239990234375,2027.1630859375,0.003062878269702196,0.0,5120
M-1000,Transformer-2L,G:/PAI/outputs/checkpoints/world_model_ib_m1000_transformer2_fair_epoch_020.pt,reference_MPPI,42,988,-232.74928212757027,-216785.5412679838,0.0005554384551942348,-0.009536017663776875,-0.02211977168917656,False,0.02464479999616742,493.40716552734375,0.9636858701705933,1976.13525390625,2027.3271484375,0.003197497921064496,0.0,5120
M-1000,Transformer-2L,G:/PAI/outputs/checkpoints/world_model_ib_m1000_transformer2_fair_epoch_020.pt,reference_MPPI,42,989,-230.31578370021955,-217015.857051684,0.004048613831400871,5.98271144554019e-05,-0.011526241898536682,False,0.02469370001927018,485.02642822265625,0.9473172426223755,1956.349853515625,2026.667236328125,0.0038383484352380037,0.0,5120
M-1000,Transformer-2L,G:/PAI/outputs/checkpoints/world_model_ib_m1000_transformer2_fair_epoch_020.pt,reference_MPPI,42,990,-243.70115710810333,-217259.5582087921,0.005389976315200329,0.009901076555252075,-0.0037486543878912926,False,0.02505389996804297,477.05072021484375,0.9317396879196167,1939.8763427734375,2027.58642578125,0.004533934872597456,0.0,5120
M-1000,Transformer-2L,G:/PAI/outputs/checkpoints/world_model_ib_m1000_transformer2_fair_epoch_020.pt,reference_MPPI,42,991,-230.5311149772665,-217490.08932376935,0.011288190260529518,0.008330520242452621,-0.0045157745480537415,False,0.025136000011116266,490.8831481933594,0.958756148815155,1970.6171875,2034.871826171875,0.0036380153615027666,0.0,5120
M-1000,Transformer-2L,G:/PAI/outputs/checkpoints/world_model_ib_m1000_transformer2_fair_epoch_020.pt,reference_MPPI,42,992,-241.74280099405152,-217731.8321247634,0.004716344643384218,-0.004818875342607498,-0.00431476067751646,False,0.024457099847495556,488.40289306640625,0.9539119005203247,1965.79345703125,2033.2119140625,0.003743847133591771,0.0,5120
M-1000,Transformer-2L,G:/PAI/outputs/checkpoints/world_model_ib_m1000_transformer2_fair_epoch_020.pt,reference_MPPI,42,993,-237.17900870495302,-217969.01113346836,0.011763830669224262,0.005784440785646439,0.009824777022004128,False,0.024560699937865138,487.0994567871094,0.951366126537323,1952.0869140625,2029.5697021484375,0.004134169314056635,0.0,5120
M-1000,Transformer-2L,G:/PAI/outputs/checkpoints/world_model_ib_m1000_transformer2_fair_epoch_020.pt,reference_MPPI,42,994,-233.74711125259495,-218202.75824472096,-0.012354454025626183,0.004964909516274929,0.0043317596428096294,False,0.024150200188159943,496.2725830078125,0.9692823886871338,1968.326171875,2028.4263916015625,0.003506489098072052,0.0,5120
M-1000,Transformer-2L,G:/PAI/outputs/checkpoints/world_model_ib_m1000_transformer2_fair_epoch_020.pt,reference_MPPI,42,995,-241.6523066252097,-218444.41055134617,0.0029255105182528496,0.008174708113074303,-0.0069720130413770676,False,0.02426450001075864,482.9859924316406,0.9433320164680481,1954.40380859375,2033.832275390625,0.004196289926767349,0.0,5120
M-1000,Transformer-2L,G:/PAI/outputs/checkpoints/world_model_ib_m1000_transformer2_fair_epoch_020.pt,reference_MPPI,42,996,-250.42067146572072,-218694.8312228119,-0.0035132495686411858,0.00825469195842743,0.008015330880880356,False,0.024072200059890747,481.8124694824219,0.9410399794578552,1963.6854248046875,2030.7171630859375,0.003700570436194539,0.0,5120
M-1000,Transformer-2L,G:/PAI/outputs/checkpoints/world_model_ib_m1000_transformer2_fair_epoch_020.pt,reference_MPPI,42,997,-224.28187826667357,-218919.11310107858,-0.0032678311690688133,0.006069691851735115,-0.004340054001659155,False,0.024421700043603778,484.4854431152344,0.9462606310844421,1961.2618408203125,2031.647216796875,0.0038410741835832596,0.0,5120
M-1000,Transformer-2L,G:/PAI/outputs/checkpoints/world_model_ib_m1000_transformer2_fair_epoch_020.pt,reference_MPPI,42,998,-228.08628267503354,-219147.1993837536,0.00435405969619751,-0.0003649424761533737,-0.000475393608212471,False,0.026973400032147765,491.6144104003906,0.9601843953132629,1962.0511474609375,2024.934814453125,0.003591216867789626,0.0,5120
M-1000,Transformer-2L,G:/PAI/outputs/checkpoints/world_model_ib_m1000_transformer2_fair_epoch_020.pt,reference_MPPI,42,999,-239.6580939286083,-219386.85747768224,0.008293439634144306,0.0034357833210378885,-0.001677398569881916,False,0.02633819985203445,484.9941101074219,0.9472541213035583,1957.67822265625,2028.800048828125,0.0038716704584658146,0.0,5120
M-10000,Transformer-2L,G:/PAI/outputs/checkpoints/world_model_ib_m10000_transformer2_fair_epoch_004.pt,reference_MPPI,42,0,-182.83114559921347,-182.83114559921347,-0.052133381366729736,-0.11473068594932556,0.001469738781452179,False,0.028499200008809566,1.858331561088562,0.0036295538302510977,58.0035400390625,1936.022705078125,0.703873336315155,0.0,5120
M-10000,Transformer-2L,G:/PAI/outputs/checkpoints/world_model_ib_m10000_transformer2_fair_epoch_004.pt,reference_MPPI,42,1,-183.9829964826235,-366.81414208183696,0.055106960237026215,-0.16458824276924133,-0.05174233019351959,False,0.024827999994158745,1.6012517213821411,0.0031274447683244944,104.527099609375,1848.48046875,0.7752426266670227,0.0,5120
M-10000,Transformer-2L,G:/PAI/outputs/checkpoints/world_model_ib_m10000_transformer2_fair_epoch_004.pt,reference_MPPI,42,2,-189.99136572098064,-556.8055078028176,-0.07586206495761871,0.06571711599826813,0.11410797387361526,False,0.023961300030350685,4.869274616241455,0.009510301984846592,619.253173828125,1873.105712890625,0.3830043077468872,0.0,5120
M-10000,Transformer-2L,G:/PAI/outputs/checkpoints/world_model_ib_m10000_transformer2_fair_epoch_004.pt,reference_MPPI,42,3,-182.8377352447768,-739.6432430475944,-0.0506163164973259,0.058568380773067474,0.01186417043209076,False,0.025368700036779046,6.966042995452881,0.013605552725493908,930.251220703125,1870.278564453125,0.3426303267478943,0.0,5120
M-10000,Transformer-2L,G:/PAI/outputs/checkpoints/world_model_ib_m10000_transformer2_fair_epoch_004.pt,reference_MPPI,42,4,-206.70058373167484,-946.3438267792692,-0.05748527869582176,-0.014279462397098541,-0.04973538964986801,False,0.02477540005929768,47.75936508178711,0.09328000992536545,1297.71533203125,1863.963134765625,0.06195356696844101,0.0,5120
M-10000,Transformer-2L,G:/PAI/outputs/checkpoints/world_model_ib_m10000_transformer2_fair_epoch_004.pt,reference_MPPI,42,5,-198.54474672804264,-1144.8885735073118,-0.0016734115779399872,0.009983948431909084,-0.025777127593755722,False,0.024609999964013696,323.9311828613281,0.6326780915260315,1687.77685546875,1865.955322265625,0.008886139839887619,0.0,5120
M-10000,Transformer-2L,G:/PAI/outputs/checkpoints/world_model_ib_m10000_transformer2_fair_epoch_004.pt,reference_MPPI,42,6,-182.81543412637302,-1327.7040076336848,-0.004219078458845615,-9.21180471777916e-05,-0.010821935720741749,False,0.02445999998599291,452.88726806640625,0.8845454454421997,1751.9385986328125,1853.602783203125,0.005064967554062605,0.0,5120
M-10000,Transformer-2L,G:/PAI/outputs/checkpoints/world_model_ib_m10000_transformer2_fair_epoch_004.pt,reference_MPPI,42,7,-184.7056754032742,-1512.409683036959,0.0042122844606637955,0.008384614251554012,-0.014578296802937984,False,0.02399640018120408,474.30670166015625,0.9263802766799927,1767.8740234375,1840.7412109375,0.0038881206419318914,0.0,5120
M-10000,Transformer-2L,G:/PAI/outputs/checkpoints/world_model_ib_m10000_transformer2_fair_epoch_004.pt,reference_MPPI,42,8,-193.36822572020128,-1705.7779087571603,-0.0007463931106030941,-0.011035927571356297,-0.015540793538093567,False,0.024623200064525008,490.77825927734375,0.958551287651062,1759.2987060546875,1821.5048828125,0.0035588082391768694,0.0,5120
M-10000,Transformer-2L,G:/PAI/outputs/checkpoints/world_model_ib_m10000_transformer2_fair_epoch_004.pt,reference_MPPI,42,9,-189.42542483548422,-1895.2033335926444,-0.006947733927518129,0.005543719045817852,-0.025701697915792465,False,0.024766699876636267,483.1040954589844,0.9435626864433289,1756.8402099609375,1818.4730224609375,0.0035071882884949446,0.0,5120
M-10000,Transformer-2L,G:/PAI/outputs/checkpoints/world_model_ib_m10000_transformer2_fair_epoch_004.pt,reference_MPPI,42,10,-207.78269772838507,-2102.9860313210293,0.002331014722585678,-0.0025511663407087326,-0.011290829628705978,False,0.0244611999951303,481.1204833984375,0.9396884441375732,1755.8013916015625,1820.2177734375,0.003597608767449856,0.0,5120
M-10000,Transformer-2L,G:/PAI/outputs/checkpoints/world_model_ib_m10000_transformer2_fair_epoch_004.pt,reference_MPPI,42,11,-188.97979742544624,-2291.9658287464754,-0.01403255295008421,-0.0009477881249040365,-0.016048364341259003,False,0.024839699966832995,481.81390380859375,0.9410427808761597,1786.272705078125,1848.0521240234375,0.003506152192130685,0.0,5120
M-10000,Transformer-2L,G:/PAI/outputs/checkpoints/world_model_ib_m10000_transformer2_fair_epoch_004.pt,reference_MPPI,42,12,-205.75812184032782,-2497.7239505868033,0.004078566562384367,-0.0015413546934723854,-0.014272930100560188,False,0.024986600037664175,479.6697082519531,0.936854898929596,1789.714599609375,1849.422119140625,0.003425123868510127,0.0,5120
M-10000,Transformer-2L,G:/PAI/outputs/checkpoints/world_model_ib_m10000_transformer2_fair_epoch_004.pt,reference_MPPI,42,13,-210.56595110587358,-2708.2899016926767,-0.004876242950558662,0.0059332698583602905,-0.021951928734779358,False,0.024966200115159154,469.4883117675781,0.916969358921051,1787.7294921875,1867.400146484375,0.004143062047660351,0.0,5120
M-10000,Transformer-2L,G:/PAI/outputs/checkpoints/world_model_ib_m10000_transformer2_fair_epoch_004.pt,reference_MPPI,42,14,-204.20528068459652,-2912.495182377273,-0.004272747784852982,0.009910248219966888,-0.010528689250349998,False,0.024571700021624565,469.9642333984375,0.9178988933563232,1772.372314453125,1865.7672119140625,0.004754405003041029,0.0,5120
M-10000,Transformer-2L,G:/PAI/outputs/checkpoints/world_model_ib_m10000_transformer2_fair_epoch_004.pt,reference_MPPI,42,15,-197.73121559759133,-3110.2263979748645,0.00922753568738699,-0.002658807672560215,-0.012690689414739609,False,0.023979400051757693,485.3888244628906,0.9480250477790833,1803.1220703125,1864.1044921875,0.003495661308988929,0.0,5120
M-10000,Transformer-2L,G:/PAI/outputs/checkpoints/world_model_ib_m10000_transformer2_fair_epoch_004.pt,reference_MPPI,42,16,-195.46074576914754,-3305.6871437440122,-0.0023375563323497772,-0.0036182282492518425,-0.01985197514295578,False,0.024578100070357323,476.9446716308594,0.9315325617790222,1801.287109375,1871.813232421875,0.0038093409966677427,0.0,5120
M-10000,Transformer-2L,G:/PAI/outputs/checkpoints/world_model_ib_m10000_transformer2_fair_epoch_004.pt,reference_MPPI,42,17,-213.8817982523532,-3519.5689419963655,0.013109870254993439,0.017240222543478012,-0.01786395162343979,False,0.024053899804130197,477.9266662597656,0.9334505200386047,1790.244384765625,1869.134033203125,0.0041520786471664906,0.0,5120
M-10000,Transformer-2L,G:/PAI/outputs/checkpoints/world_model_ib_m10000_transformer2_fair_epoch_004.pt,reference_MPPI,42,18,-190.0478369762361,-3709.6167789726014,0.00561174750328064,-0.010995750315487385,0.004601836204528809,False,0.02484840014949441,479.8710021972656,0.9372480511665344,1798.95703125,1876.2833251953125,0.004091445356607437,0.0,5120
M-10000,Transformer-2L,G:/PAI/outputs/checkpoints/world_model_ib_m10000_transformer2_fair_epoch_004.pt,reference_MPPI,42,19,-216.05664382176718,-3925.6734227943684,-0.007211135700345039,-0.01095825619995594,-0.018776286393404007,False,0.024195999838411808,470.5806884765625,0.9191029071807861,1772.912353515625,1857.157470703125,0.00433779414743185,0.0,5120
M-10000,Transformer-2L,G:/PAI/outputs/checkpoints/world_model_ib_m10000_transformer2_fair_epoch_004.pt,reference_MPPI,42,20,-200.90344020528278,-4126.576862999651,0.0038706082850694656,0.0020327847450971603,-0.02068312279880047,False,0.024450500030070543,467.9226379394531,0.9139114022254944,1762.639892578125,1867.01416015625,0.005284652579575777,0.0,5120
M-10000,Transformer-2L,G:/PAI/outputs/checkpoints/world_model_ib_m10000_transformer2_fair_epoch_004.pt,reference_MPPI,42,21,-199.76925467982514,-4326.346117679476,0.0034019751474261284,-0.001056460663676262,-0.011963168159127235,False,0.024391500046476722,464.92645263671875,0.9080594778060913,1777.6824951171875,1874.8460693359375,0.004915597382932901,0.0,5120
M-10000,Transformer-2L,G:/PAI/outputs/checkpoints/world_model_ib_m10000_transformer2_fair_epoch_004.pt,reference_MPPI,42,22,-199.2187257047413,-4525.564843384218,0.0025448394007980824,-0.01197514683008194,-0.01441506389528513,False,0.02513680001720786,482.2255859375,0.9418468475341797,1809.693359375,1879.6339111328125,0.0038057523779571056,0.0,5120
M-10000,Transformer-2L,G:/PAI/outputs/checkpoints/world_model_ib_m10000_transformer2_fair_epoch_004.pt,reference_MPPI,42,23,-220.02939166256618,-4745.594235046784,0.0040223123505711555,0.00750194676220417,-0.018507223576307297,False,0.02435149997472763,472.73236083984375,0.9233053922653198,1789.8985595703125,1870.5841064453125,0.004195780493319035,0.0,5120
M-10000,Transformer-2L,G:/PAI/outputs/checkpoints/world_model_ib_m10000_transformer2_fair_epoch_004.pt,reference_MPPI,42,24,-206.59587663162003,-4952.190111678404,0.013658822514116764,-0.0018635224550962448,-0.009674261324107647,False,0.024668199941515923,476.4790954589844,0.9306232333183289,1799.6324462890625,1876.4013671875,0.004056411795318127,0.0,5120
M-10000,Transformer-2L,G:/PAI/outputs/checkpoints/world_model_ib_m10000_transformer2_fair_epoch_004.pt,reference_MPPI,42,25,-206.43461683262996,-5158.624728511034,0.0036088312044739723,-0.0035023768432438374,-0.02213512733578682,False,0.02457769983448088,471.2818603515625,0.9204723834991455,1786.4195556640625,1865.0208740234375,0.004105623811483383,0.0,5120
M-10000,Transformer-2L,G:/PAI/outputs/checkpoints/world_model_ib_m10000_transformer2_fair_epoch_004.pt,reference_MPPI,42,26,-194.90656331366606,-5353.5312918247,0.003017787355929613,0.0044553703628480434,-0.006532325409352779,False,0.024234600132331252,480.53961181640625,0.9385539293289185,1791.633056640625,1861.6494140625,0.0038061689119786024,0.0,5120
M-10000,Transformer-2L,G:/PAI/outputs/checkpoints/world_model_ib_m10000_transformer2_fair_epoch_004.pt,reference_MPPI,42,27,-210.15816140273623,-5563.689453227436,0.0024693598970770836,0.0026497747749090195,-0.02094409242272377,False,0.02449349989183247,480.7259521484375,0.938917875289917,1783.1834716796875,1859.0843505859375,0.00404233206063509,0.0,5120
M-10000,Transformer-2L,G:/PAI/outputs/checkpoints/world_model_ib_m10000_transformer2_fair_epoch_004.pt,reference_MPPI,42,28,-200.17068890558122,-5763.860142133018,0.00530224246904254,-0.006413323804736137,-0.01730496808886528,False,0.02467319997958839,481.4066162109375,0.9402472972869873,1792.1824951171875,1858.94970703125,0.0036859766114503145,0.0,5120
M-10000,Transformer-2L,G:/PAI/outputs/checkpoints/world_model_ib_m10000_transformer2_fair_epoch_004.pt,reference_MPPI,42,29,-205.26744670172735,-5969.127588834745,-9.377067908644676e-05,0.008770544081926346,-0.025734713301062584,False,0.024510200135409832,484.1218566894531,0.9455505013465881,1793.6766357421875,1849.73193359375,0.0033177724108099937,0.0,5120
M-10000,Transformer-2L,G:/PAI/outputs/checkpoints/world_model_ib_m10000_transformer2_fair_epoch_004.pt,reference_MPPI,42,30,-220.09039547798426,-6189.21798431273,-0.015427539125084877,0.008563799783587456,-0.009930755943059921,False,0.02445819997228682,468.9708557128906,0.9159587025642395,1778.2515869140625,1859.456787109375,0.004198973532766104,0.0,5120
M-10000,Transformer-2L,G:/PAI/outputs/checkpoints/world_model_ib_m10000_transformer2_fair_epoch_004.pt,reference_MPPI,42,31,-217.87208872467315,-6407.090073037402,0.0028488789685070515,0.01310681737959385,-0.009810557588934898,False,0.025164299877360463,477.7790832519531,0.933162271976471,1780.703857421875,1865.500244140625,0.004395253024995327,0.0,5120
M-10000,Transformer-2L,G:/PAI/outputs/checkpoints/world_model_ib_m10000_transformer2_fair_epoch_004.pt,reference_MPPI,42,32,-212.66247243278843,-6619.752545470191,-0.00027353898622095585,-0.011749730445444584,-0.01111570280045271,False,0.025411600014194846,476.9679260253906,0.9315779805183411,1788.478515625,1860.5233154296875,0.0038707454223185778,0.0,5120
M-10000,Transformer-2L,G:/PAI/outputs/checkpoints/world_model_ib_m10000_transformer2_fair_epoch_004.pt,reference_MPPI,42,33,-197.21393043406317,-6816.966475904254,0.001735731028020382,-0.0032316159922629595,-0.006685761734843254,False,0.025169899920001626,474.19134521484375,0.9261549711227417,1785.54931640625,1861.548828125,0.0040120529010891914,0.0,5120
M-10000,Transformer-2L,G:/PAI/outputs/checkpoints/world_model_ib_m10000_transformer2_fair_epoch_004.pt,reference_MPPI,42,34,-211.97080535728037,-7028.937281261535,-0.0027222633361816406,0.003038935363292694,-0.01163606345653534,False,0.025411800015717745,483.3409118652344,0.9440252184867859,1791.3414306640625,1850.857177734375,0.0034291374031454325,0.0,5120
M-10000,Transformer-2L,G:/PAI/outputs/checkpoints/world_model_ib_m10000_transformer2_fair_epoch_004.pt,reference_MPPI,42,35,-220.946741538433,-7249.884022799968,0.0006776601076126099,0.010639508254826069,-0.019620589911937714,False,0.024307999992743134,489.6597595214844,0.9563667178153992,1787.2432861328125,1851.07568359375,0.003606025129556656,0.0,5120
M-10000,Transformer-2L,G:/PAI/outputs/checkpoints/world_model_ib_m10000_transformer2_fair_epoch_004.pt,reference_MPPI,42,36,-205.29000139906265,-7455.174024199031,-0.005961018614470959,0.0024248736444860697,-0.0162368081510067,False,0.02474770019762218,473.5213317871094,0.924846351146698,1782.117431640625,1859.4471435546875,0.0040657175704836845,0.0,5120
M-10000,Transformer-2L,G:/PAI/outputs/checkpoints/world_model_ib_m10000_transformer2_fair_epoch_004.pt,reference_MPPI,42,37,-198.42113937204044,-7653.595163571072,-0.004913933575153351,0.0048403325490653515,-0.004644203931093216,False,0.0247339999768883,469.91363525390625,0.9178000688552856,1773.5557861328125,1851.9705810546875,0.004093278665095568,0.0,5120
M-10000,Transformer-2L,G:/PAI/outputs/checkpoints/world_model_ib_m10000_transformer2_fair_epoch_004.pt,reference_MPPI,42,38,-195.620558841544,-7849.215722412616,0.014635102823376656,0.004583223722875118,-0.012266800738871098,False,0.02476530009880662,472.0621032714844,0.9219962954521179,1774.91650390625,1854.2220458984375,0.004143069498240948,0.0,5120
M-10000,Transformer-2L,G:/PAI/outputs/checkpoints/world_model_ib_m10000_transformer2_fair_epoch_004.pt,reference_MPPI,42,39,-216.6080857511343,-8065.82380816375,-0.0020813862793147564,0.014305981807410717,-0.01279659103602171,False,0.02472230000421405,480.5252380371094,0.9385258555412292,1781.426513671875,1847.058837890625,0.003642431693151593,0.0,5120
M-10000,Transformer-2L,G:/PAI/outputs/checkpoints/world_model_ib_m10000_transformer2_fair_epoch_004.pt,reference_MPPI,42,40,-202.18067791091835,-8268.004486074668,0.0021359287202358246,0.003167969873175025,-0.013554028235375881,False,0.02462900010868907,477.2311096191406,0.932092010974884,1784.6455078125,1859.379638671875,0.003975338768213987,0.0,5120
M-10000,Transformer-2L,G:/PAI/outputs/checkpoints/world_model_ib_m10000_transformer2_fair_epoch_004.pt,reference_MPPI,42,41,-200.84138580633777,-8468.845871881005,0.004113920032978058,0.012256794609129429,-0.009952212683856487,False,0.02517450018785894,480.2645263671875,0.9380166530609131,1776.1793212890625,1851.5279541015625,0.004017530009150505,0.0,5120
M-10000,Transformer-2L,G:/PAI/outputs/checkpoints/world_model_ib_m10000_transformer2_fair_epoch_004.pt,reference_MPPI,42,42,-198.7806640821006,-8667.626535963105,0.011958353221416473,-0.004353661090135574,-0.01305207796394825,False,0.024480799911543727,483.3933410644531,0.94412761926651,1776.2718505859375,1848.67529296875,0.003911758307367563,0.0,5120
M-10000,Transformer-2L,G:/PAI/outputs/checkpoints/world_model_ib_m10000_transformer2_fair_epoch_004.pt,reference_MPPI,42,43,-195.62225281744713,-8863.248788780553,-0.0014544827863574028,-0.006039388943463564,-0.015091920271515846,False,0.0245191000867635,476.1816711425781,0.9300423264503479,1785.36376953125,1857.55322265625,0.0038648108020424843,0.0,5120
M-10000,Transformer-2L,G:/PAI/outputs/checkpoints/world_model_ib_m10000_transformer2_fair_epoch_004.pt,reference_MPPI,42,44,-195.93423381733493,-9059.183022597888,-0.008389334194362164,-0.0055640628561377525,-0.01707150787115097,False,0.02531500020995736,473.4252014160156,0.9246585965156555,1767.1357421875,1856.656494140625,0.004588257987052202,0.0,5120
M-10000,Transformer-2L,G:/PAI/outputs/checkpoints/world_model_ib_m10000_transformer2_fair_epoch_004.pt,reference_MPPI,42,45,-197.384859411355,-9256.567882009243,-0.0015754597261548042,0.006369311362504959,-0.02522820606827736,False,0.026034799870103598,461.5673522949219,0.9014987349510193,1750.384765625,1857.552734375,0.005399778950959444,0.0,5120
M-10000,Transformer-2L,G:/PAI/outputs/checkpoints/world_model_ib_m10000_transformer2_fair_epoch_004.pt,reference_MPPI,42,46,-200.17211757157804,-9456.739999580821,0.007087421137839556,0.00985324289649725,-0.021189067512750626,False,0.024614699883386493,468.7013854980469,0.9154323935508728,1781.280029296875,1857.09423828125,0.003978053107857704,0.0,5120
M-10000,Transformer-2L,G:/PAI/outputs/checkpoints/world_model_ib_m10000_transformer2_fair_epoch_004.pt,reference_MPPI,42,47,-211.42702959253955,-9668.16702917336,-0.0014022160321474075,-0.006080588325858116,-0.02721748687326908,False,0.024745700182393193,482.6214904785156,0.9426200985908508,1795.1197509765625,1860.66552734375,0.003649553284049034,0.0,5120
M-10000,Transformer-2L,G:/PAI/outputs/checkpoints/world_model_ib_m10000_transformer2_fair_epoch_004.pt,reference_MPPI,42,48,-212.8839731919508,-9881.051002365311,0.009954240173101425,0.006077408790588379,-0.017027372494339943,False,0.024893600028008223,465.818603515625,0.9098019599914551,1770.9093017578125,1860.5775146484375,0.004541855305433273,0.0,5120
M-10000,Transformer-2L,G:/PAI/outputs/checkpoints/world_model_ib_m10000_transformer2_fair_epoch_004.pt,reference_MPPI,42,49,-201.87560821495765,-10082.926610580269,-0.0019023986533284187,0.017271805554628372,-0.01538887619972229,False,0.024888500105589628,469.8727111816406,0.9177201390266418,1791.703125,1864.1319580078125,0.0038505876436829567,0.0,5120
M-10000,Transformer-2L,G:/PAI/outputs/checkpoints/world_model_ib_m10000_transformer2_fair_epoch_004.pt,reference_MPPI,42,50,-216.15643943569148,-10299.08305001596,9.289011359214783e-05,0.005591431632637978,-0.017868462949991226,False,0.02498109987936914,483.1387023925781,0.9436302781105042,1802.1025390625,1866.171142578125,0.003592732595279813,0.0,5120
M-10000,Transformer-2L,G:/PAI/outputs/checkpoints/world_model_ib_m10000_transformer2_fair_epoch_004.pt,reference_MPPI,42,51,-220.7346571971671,-10519.817707213128,-0.005210026167333126,0.007708583027124405,-0.02311926893889904,False,0.024523200001567602,472.5640563964844,0.9229766726493835,1789.71435546875,1859.0758056640625,0.0037485493812710047,0.0,5120
M-10000,Transformer-2L,G:/PAI/outputs/checkpoints/world_model_ib_m10000_transformer2_fair_epoch_004.pt,reference_MPPI,42,52,-228.13011180032726,-10747.947819013454,-0.004664168693125248,0.0032145692966878414,-0.01619085855782032,False,0.024641900090500712,471.8535461425781,0.9215889573097229,1783.6033935546875,1863.4739990234375,0.004155365750193596,0.0,5120
M-10000,Transformer-2L,G:/PAI/outputs/checkpoints/world_model_ib_m10000_transformer2_fair_epoch_004.pt,reference_MPPI,42,53,-224.63144868070486,-10972.579267694158,0.014123891480267048,-0.0002989852800965309,0.0004672352224588394,False,0.025327200070023537,488.3990173339844,0.9539043307304382,1796.588623046875,1866.5057373046875,0.0038367589004337788,0.0,5120
M-10000,Transformer-2L,G:/PAI/outputs/checkpoints/world_model_ib_m10000_transformer2_fair_epoch_004.pt,reference_MPPI,42,54,-212.5237620958169,-11185.103029789974,-0.010742221027612686,0.0022190622985363007,-0.014518897980451584,False,0.02462859987281263,485.5644226074219,0.9483680129051208,1797.8785400390625,1864.38232421875,0.0036944644525647163,0.0,5120
M-10000,Transformer-2L,G:/PAI/outputs/checkpoints/world_model_ib_m10000_transformer2_fair_epoch_004.pt,reference_MPPI,42,55,-202.66198485235748,-11387.765014642331,-0.008598966524004936,-0.0049698734655976295,-0.01226209569722414,False,0.025399800157174468,451.1618957519531,0.8811755776405334,1760.87744140625,1862.3779296875,0.005058086011558771,0.0,5120
M-10000,Transformer-2L,G:/PAI/outputs/checkpoints/world_model_ib_m10000_transformer2_fair_epoch_004.pt,reference_MPPI,42,56,-208.86203611041054,-11596.627050752742,0.0020934799686074257,0.009905090555548668,-0.010333959013223648,False,0.024774800054728985,473.038818359375,0.9239039421081543,1759.9281005859375,1858.6470947265625,0.00503774918615818,0.0,5120
M-10000,Transformer-2L,G:/PAI/outputs/checkpoints/world_model_ib_m10000_transformer2_fair_epoch_004.pt,reference_MPPI,42,57,-212.26290667444738,-11808.889957427189,0.010781261138617992,0.006395893171429634,-0.007706673815846443,False,0.026395900174975395,474.6444396972656,0.9270399212837219,1780.853759765625,1863.74658203125,0.004309449810534716,0.0,5120
M-10000,Transformer-2L,G:/PAI/outputs/checkpoints/world_model_ib_m10000_transformer2_fair_epoch_004.pt,reference_MPPI,42,58,-227.070131242823,-12035.960088670012,-0.0017720302566885948,0.008941104635596275,-0.005690203048288822,False,0.024337199982255697,474.9762878417969,0.9276880621910095,1766.4007568359375,1860.3458251953125,0.004805217497050762,0.0,5120
M-10000,Transformer-2L,G:/PAI/outputs/checkpoints/world_model_ib_m10000_transformer2_fair_epoch_004.pt,reference_MPPI,42,59,-229.80775523293823,-12265.76784390295,0.016785474494099617,-7.017364259809256e-05,-0.013257155194878578,False,0.02431719982996583,483.04876708984375,0.9434546232223511,1789.56689453125,1861.0999755859375,0.0038794009014964104,0.0,5120
M-10000,Transformer-2L,G:/PAI/outputs/checkpoints/world_model_ib_m10000_transformer2_fair_epoch_004.pt,reference_MPPI,42,60,-199.08328609792915,-12464.85113000088,0.006422039121389389,0.007640577852725983,-0.012523067183792591,False,0.025410600006580353,478.6781311035156,0.934918224811554,1792.9173583984375,1862.9041748046875,0.0038001304492354393,0.0,5120
M-10000,Transformer-2L,G:/PAI/outputs/checkpoints/world_model_ib_m10000_transformer2_fair_epoch_004.pt,reference_MPPI,42,61,-221.13674850897695,-12685.987878509857,0.005078998859971762,0.0005703028291463852,-0.010974673554301262,False,0.025263900170102715,474.8161315917969,0.9273752570152283,1784.551025390625,1857.5205078125,0.0038908300921320915,0.0,5120
M-10000,Transformer-2L,G:/PAI/outputs/checkpoints/world_model_ib_m10000_transformer2_fair_epoch_004.pt,reference_MPPI,42,62,-234.35340362253513,-12920.341282132393,0.002494168933480978,0.0023754574358463287,-0.009866052307188511,False,0.024412399856373668,475.13623046875,0.9280004501342773,1783.7735595703125,1863.025634765625,0.004152781330049038,0.0,5120
M-10000,Transformer-2L,G:/PAI/outputs/checkpoints/world_model_ib_m10000_transformer2_fair_epoch_004.pt,reference_MPPI,42,63,-222.1762052921631,-13142.517487424557,-0.0003380579873919487,-0.002058718353509903,-0.009584754705429077,False,0.0246823001652956,478.6990051269531,0.9349589943885803,1798.655029296875,1870.573974609375,0.003870415734127164,0.0,5120
M-10000,Transformer-2L,G:/PAI/outputs/checkpoints/world_model_ib_m10000_transformer2_fair_epoch_004.pt,reference_MPPI,42,64,-199.53912025929344,-13342.05660768385,0.0028224533889442682,-0.003661012277007103,-0.0036749299615621567,False,0.02416599984280765,474.8200988769531,0.9273830056190491,1768.8460693359375,1862.766357421875,0.004811384715139866,0.0,5120
M-10000,Transformer-2L,G:/PAI/outputs/checkpoints/world_model_ib_m10000_transformer2_fair_epoch_004.pt,reference_MPPI,42,65,-217.090491881608,-13559.147099565458,0.006238065659999847,-0.0013657435774803162,-0.0004706587642431259,False,0.02527940017171204,477.6366271972656,0.9328840374946594,1768.6173095703125,1854.5126953125,0.0044500455260276794,0.0,5120
M-10000,Transformer-2L,G:/PAI/outputs/checkpoints/world_model_ib_m10000_transformer2_fair_epoch_004.pt,reference_MPPI,42,66,-201.70932619500462,-13760.856425760463,-0.0014105839654803276,0.0004216022789478302,-0.011426279321312904,False,0.024618000024929643,476.46942138671875,0.9306043386459351,1791.028564453125,1869.0078125,0.004092294257134199,0.0,5120
M-10000,Transformer-2L,G:/PAI/outputs/checkpoints/world_model_ib_m10000_transformer2_fair_epoch_004.pt,reference_MPPI,42,67,-224.466772728038,-13985.3231984885,0.012506937608122826,-0.0012200572527945042,-0.011288212612271309,False,0.029529700055718422,486.5584716796875,0.9503095149993896,1800.47021484375,1864.330322265625,0.003604446304962039,0.0,5120
M-10000,Transformer-2L,G:/PAI/outputs/checkpoints/world_model_ib_m10000_transformer2_fair_epoch_004.pt,reference_MPPI,42,68,-209.0584638572996,-14194.3816623458,-0.0035797366872429848,-0.0004960689693689346,0.0034902244806289673,False,0.026126599870622158,467.87982177734375,0.9138277769088745,1791.2882080078125,1872.567138671875,0.0042092399671673775,0.0,5120
M-10000,Transformer-2L,G:/PAI/outputs/checkpoints/world_model_ib_m10000_transformer2_fair_epoch_004.pt,reference_MPPI,42,69,-239.0480233590124,-14433.429685704814,-0.0044922418892383575,0.004872886463999748,-0.0016614045016467571,False,0.027076599886640906,491.2091064453125,0.959392786026001,1799.097900390625,1858.615966796875,0.003467950038611889,0.0,5120
M-10000,Transformer-2L,G:/PAI/outputs/checkpoints/world_model_ib_m10000_transformer2_fair_epoch_004.pt,reference_MPPI,42,70,-215.61478494123645,-14649.044470646051,-0.00025099096819758415,-0.014151711948215961,-0.008991904556751251,False,0.02461130009032786,477.2991027832031,0.9322248101234436,1802.6478271484375,1878.2919921875,0.004019903019070625,0.0,5120
M-10000,Transformer-2L,G:/PAI/outputs/checkpoints/world_model_ib_m10000_transformer2_fair_epoch_004.pt,reference_MPPI,42,71,-251.59219587748376,-14900.636666523535,-0.005456532351672649,0.010544603690505028,-0.003335215849801898,False,0.026638500159606338,474.77947998046875,0.927303671836853,1783.25244140625,1868.2740478515625,0.0044024428352713585,0.0,5120
M-10000,Transformer-2L,G:/PAI/outputs/checkpoints/world_model_ib_m10000_transformer2_fair_epoch_004.pt,reference_MPPI,42,72,-214.78039525899175,-15115.417061782526,0.001833536196500063,-0.009216688573360443,-0.01064889132976532,False,0.02816829993389547,479.68707275390625,0.9368888139724731,1816.69287109375,1886.714599609375,0.003808391746133566,0.0,5120
M-10000,Transformer-2L,G:/PAI/outputs/checkpoints/world_model_ib_m10000_transformer2_fair_epoch_004.pt,reference_MPPI,42,73,-216.19942419852168,-15331.616485981047,0.0017646225169301033,0.0005657258443534374,0.003672226332128048,False,0.025966500164940953,488.86676025390625,0.9548178911209106,1813.4871826171875,1872.34228515625,0.003437281120568514,0.0,5120
M-10000,Transformer-2L,G:/PAI/outputs/checkpoints/world_model_ib_m10000_transformer2_fair_epoch_004.pt,reference_MPPI,42,74,-210.0205920229011,-15541.637078003949,-0.0009536901488900185,-0.0016673952341079712,0.00624491460621357,False,0.02541669993661344,473.7396545410156,0.9252727627754211,1796.016357421875,1868.2938232421875,0.003861351404339075,0.0,5120
M-10000,Transformer-2L,G:/PAI/outputs/checkpoints/world_model_ib_m10000_transformer2_fair_epoch_004.pt,reference_MPPI,42,75,-205.26373457743912,-15746.900812581387,0.007470129057765007,-0.0034761843271553516,-0.007475735619664192,False,0.02645989996381104,483.0914306640625,0.9435379505157471,1802.761474609375,1866.6109619140625,0.0035855965688824654,0.0,5120
M-10000,Transformer-2L,G:/PAI/outputs/checkpoints/world_model_ib_m10000_transformer2_fair_epoch_004.pt,reference_MPPI,42,76,-213.5979654667118,-15960.498778048099,0.009311609901487827,-0.006912553682923317,0.0006657340563833714,False,0.029098200146108866,468.5630187988281,0.9151621460914612,1792.5155029296875,1873.6162109375,0.0041894917376339436,0.0,5120
M-10000,Transformer-2L,G:/PAI/outputs/checkpoints/world_model_ib_m10000_transformer2_fair_epoch_004.pt,reference_MPPI,42,77,-213.41591941556962,-16173.914697463668,0.000325947068631649,-0.0062114521861076355,0.0008508483879268169,False,0.028156300075352192,484.1685485839844,0.9456416964530945,1803.981689453125,1871.802978515625,0.003737162332981825,0.0,5120
M-10000,Transformer-2L,G:/PAI/outputs/checkpoints/world_model_ib_m10000_transformer2_fair_epoch_004.pt,reference_MPPI,42,78,-199.98641980010268,-16373.901117263771,-0.0004669227637350559,0.00826423428952694,-0.015300744213163853,False,0.026768899988383055,485.4869689941406,0.9482167363166809,1781.144775390625,1862.022705078125,0.004268983379006386,0.0,5120
M-10000,Transformer-2L,G:/PAI/outputs/checkpoints/world_model_ib_m10000_transformer2_fair_epoch_004.pt,reference_MPPI,42,79,-196.8403769779555,-16570.741494241727,0.0055405572056770325,-0.001697748200967908,-0.0024307239800691605,False,0.02764079999178648,479.29248046875,0.9361181259155273,1793.0179443359375,1861.361572265625,0.003738394472748041,0.0,5120
M-10000,Transformer-2L,G:/PAI/outputs/checkpoints/world_model_ib_m10000_transformer2_fair_epoch_004.pt,reference_MPPI,42,80,-200.96354142577212,-16771.7050356675,-0.002514011226594448,-0.00783947017043829,-0.0114444550126791,False,0.025972400093451142,469.0809326171875,0.9161736965179443,1759.9073486328125,1856.6142578125,0.004913573618978262,0.0,5120
M-10000,Transformer-2L,G:/PAI/outputs/checkpoints/world_model_ib_m10000_transformer2_fair_epoch_004.pt,reference_MPPI,42,81,-193.69099481463343,-16965.396030482134,0.018706226721405983,-0.0030514774844050407,-0.01369705144315958,False,0.027054599951952696,486.9115905761719,0.9509992003440857,1801.660400390625,1859.476318359375,0.003393488936126232,0.0,5120
M-10000,Transformer-2L,G:/PAI/outputs/checkpoints/world_model_ib_m10000_transformer2_fair_epoch_004.pt,reference_MPPI,42,82,-219.0069413244415,-17184.402971806576,0.008927438408136368,-0.005405310541391373,-0.0030799335800111294,False,0.025722600053995848,470.6514892578125,0.919241189956665,1771.94189453125,1860.921142578125,0.004550200421363115,0.0,5120
M-10000,Transformer-2L,G:/PAI/outputs/checkpoints/world_model_ib_m10000_transformer2_fair_epoch_004.pt,reference_MPPI,42,83,-198.10846439468236,-17382.511436201257,-0.0017216755077242851,0.005148571450263262,-0.011457309126853943,False,0.027073899982497096,483.2967834472656,0.9439390301704407,1809.18408203125,1878.103759765625,0.003777847159653902,0.0,5120
M-10000,Transformer-2L,G:/PAI/outputs/checkpoints/world_model_ib_m10000_transformer2_fair_epoch_004.pt,reference_MPPI,42,84,-205.43148914144635,-17587.942925342704,0.006986886728554964,-0.006263265386223793,-0.0012915190309286118,False,0.025695999851450324,467.4010009765625,0.9128925800323486,1788.6463623046875,1878.1348876953125,0.004567668307572603,0.0,5120
M-10000,Transformer-2L,G:/PAI/outputs/checkpoints/world_model_ib_m10000_transformer2_fair_epoch_004.pt,reference_MPPI,42,85,-212.19861630192705,-17800.141541644633,0.0006441967561841011,-0.002146228216588497,-0.006512594874948263,False,0.025866799987852573,470.7842102050781,0.9195004105567932,1809.626953125,1877.728515625,0.003695429302752018,0.0,5120
M-10000,Transformer-2L,G:/PAI/outputs/checkpoints/world_model_ib_m10000_transformer2_fair_epoch_004.pt,reference_MPPI,42,86,-198.27878810577369,-17998.420329750406,-0.006664389744400978,-0.003841638332232833,0.005504109431058168,False,0.026205699890851974,461.5538635253906,0.9014723896980286,1762.387451171875,1877.6160888671875,0.005868302192538977,0.0,5120
M-10000,Transformer-2L,G:/PAI/outputs/checkpoints/world_model_ib_m10000_transformer2_fair_epoch_004.pt,reference_MPPI,42,87,-218.18745567416494,-18216.60778542457,-0.0014525707811117172,-0.005325780715793371,-0.002183171920478344,False,0.027309900149703026,481.66888427734375,0.940759539604187,1798.0167236328125,1867.899658203125,0.003801295068114996,0.0,5120
M-10000,Transformer-2L,G:/PAI/outputs/checkpoints/world_model_ib_m10000_transformer2_fair_epoch_004.pt,reference_MPPI,42,88,-205.48300799860067,-18422.090793423173,0.005414139945060015,0.0007544364780187607,-0.0008808858692646027,False,0.029970699921250343,471.5867004394531,0.9210677742958069,1792.5941162109375,1873.7509765625,0.004219621419906616,0.0,5120
M-10000,Transformer-2L,G:/PAI/outputs/checkpoints/world_model_ib_m10000_transformer2_fair_epoch_004.pt,reference_MPPI,42,89,-203.27115473399314,-18625.361948157166,0.002000915352255106,-0.016389697790145874,-0.013177648186683655,False,0.027540800161659718,480.88177490234375,0.9392222166061401,1790.9527587890625,1875.560546875,0.004413214512169361,0.0,5120
M-10000,Transformer-2L,G:/PAI/outputs/checkpoints/world_model_ib_m10000_transformer2_fair_epoch_004.pt,reference_MPPI,42,90,-198.5416354095554,-18823.90358356672,0.006920859217643738,0.008435513824224472,0.0045049432665109634,False,0.025861200178042054,474.7357177734375,0.9272181987762451,1792.5145263671875,1868.8861083984375,0.004033205099403858,0.0,5120
M-10000,Transformer-2L,G:/PAI/outputs/checkpoints/world_model_ib_m10000_transformer2_fair_epoch_004.pt,reference_MPPI,42,91,-228.48164789432943,-19052.38523146105,-0.0031322501599788666,0.007708271965384483,-0.001974208280444145,False,0.026982199866324663,483.7406921386719,0.9448060393333435,1798.86474609375,1871.2330322265625,0.00391223281621933,0.0,5120
M-10000,Transformer-2L,G:/PAI/outputs/checkpoints/world_model_ib_m10000_transformer2_fair_epoch_004.pt,reference_MPPI,42,92,-201.12924127886265,-19253.514472739913,-0.003808978945016861,-0.010163556784391403,-0.005653358530253172,False,0.026707899989560246,479.61077880859375,0.9367398023605347,1794.001708984375,1877.953857421875,0.004375467076897621,0.0,5120
M-10000,Transformer-2L,G:/PAI/outputs/checkpoints/world_model_ib_m10000_transformer2_fair_epoch_004.pt,reference_MPPI,42,93,-204.13106379646084,-19457.645536536373,-0.001966316718608141,-0.0032357173040509224,-0.00012976489961147308,False,0.02508530020713806,454.8175048828125,0.8883154392242432,1740.792236328125,1866.0880126953125,0.006455043330788612,0.0,5120
M-10000,Transformer-2L,G:/PAI/outputs/checkpoints/world_model_ib_m10000_transformer2_fair_epoch_004.pt,reference_MPPI,42,94,-202.2697557476962,-19659.91529228407,0.00362198892980814,0.0034873210825026035,-0.01052057184278965,False,0.03607280016876757,488.5730895996094,0.9542443156242371,1809.031005859375,1868.7972412109375,0.0034689900930970907,0.0,5120
M-10000,Transformer-2L,G:/PAI/outputs/checkpoints/world_model_ib_m10000_transformer2_fair_epoch_004.pt,reference_MPPI,42,95,-196.3928722295853,-19856.308164513655,0.005702590569853783,0.005015685223042965,-0.0057036252692341805,False,0.04757739999331534,461.0626525878906,0.9005129933357239,1778.426513671875,1868.67236328125,0.004565081093460321,0.0,5120
M-10000,Transformer-2L,G:/PAI/outputs/checkpoints/world_model_ib_m10000_transformer2_fair_epoch_004.pt,reference_MPPI,42,96,-211.75056713537614,-20068.05873164903,0.00013935798779129982,0.00547835323959589,0.006288975477218628,False,0.03402759996242821,465.75732421875,0.9096822738647461,1769.328125,1865.111083984375,0.004846243187785149,0.0,5120
M-10000,Transformer-2L,G:/PAI/outputs/checkpoints/world_model_ib_m10000_transformer2_fair_epoch_004.pt,reference_MPPI,42,97,-215.60154463733488,-20283.660276286366,0.0006165746599435806,-0.010858044028282166,-0.008439114317297935,False,0.026779099833220243,467.58673095703125,0.9132553339004517,1791.068115234375,1867.9256591796875,0.004014015197753906,0.0,5120
M-10000,Transformer-2L,G:/PAI/outputs/checkpoints/world_model_ib_m10000_transformer2_fair_epoch_004.pt,reference_MPPI,42,98,-206.98124617762102,-20490.641522463986,-0.004743956029415131,-0.00807206705212593,-0.009524410590529442,False,0.026017799973487854,476.44268798828125,0.9305521249771118,1789.3701171875,1864.4263916015625,0.00399490213021636,0.0,5120
M-10000,Transformer-2L,G:/PAI/outputs/checkpoints/world_model_ib_m10000_transformer2_fair_epoch_004.pt,reference_MPPI,42,99,-214.64335387327748,-20705.284876337264,0.008174791932106018,0.020787928253412247,-0.001214670017361641,False,0.028754299972206354,475.63909912109375,0.9289826154708862,1775.94775390625,1857.8419189453125,0.004265602678060532,0.0,5120
M-10000,Transformer-2L,G:/PAI/outputs/checkpoints/world_model_ib_m10000_transformer2_fair_epoch_004.pt,reference_MPPI,42,100,-215.8879540570456,-20921.17283039431,0.002048792317509651,0.002058707643300295,0.0007878104224801064,False,0.03843010007403791,468.3034973144531,0.9146552681922913,1767.745361328125,1854.942138671875,0.0044712647795677185,0.0,5120
M-10000,Transformer-2L,G:/PAI/outputs/checkpoints/world_model_ib_m10000_transformer2_fair_epoch_004.pt,reference_MPPI,42,101,-213.04004444766332,-21134.21287484197,0.0032286455389112234,0.010929702781140804,-0.017499178647994995,False,0.05260549997910857,480.2648620605469,0.9380173087120056,1786.736572265625,1857.692626953125,0.003842606907710433,0.0,5120
M-10000,Transformer-2L,G:/PAI/outputs/checkpoints/world_model_ib_m10000_transformer2_fair_epoch_004.pt,reference_MPPI,42,102,-216.6830821857721,-21350.895957027744,0.004544381983578205,0.0031265942379832268,-0.01161867193877697,False,0.0509506999514997,475.4215087890625,0.9285576343536377,1789.4334716796875,1864.6689453125,0.003988476004451513,0.0,5120
M-10000,Transformer-2L,G:/PAI/outputs/checkpoints/world_model_ib_m10000_transformer2_fair_epoch_004.pt,reference_MPPI,42,103,-196.55170789959627,-21547.44766492734,-0.007772478740662336,0.00815461203455925,-0.010436839424073696,False,0.05129890004172921,485.68658447265625,0.9486066102981567,1766.9837646484375,1861.381591796875,0.004889162257313728,0.0,5120
M-10000,Transformer-2L,G:/PAI/outputs/checkpoints/world_model_ib_m10000_transformer2_fair_epoch_004.pt,reference_MPPI,42,104,-205.04653074978535,-21752.494195677125,-0.0007053767330944538,-0.00144228246062994,-0.008057428523898125,False,0.06447739992290735,474.8919372558594,0.9275233149528503,1768.468017578125,1852.584716796875,0.004355222452431917,0.0,5120
M-10000,Transformer-2L,G:/PAI/outputs/checkpoints/world_model_ib_m10000_transformer2_fair_epoch_004.pt,reference_MPPI,42,105,-211.87141094143692,-21964.36560661856,-2.0675361156463623e-07,0.002292831428349018,-0.00949840433895588,False,0.06545619992539287,478.4633483886719,0.9344987273216248,1778.6275634765625,1855.9271240234375,0.00408811355009675,0.0,5120
M-10000,Transformer-2L,G:/PAI/outputs/checkpoints/world_model_ib_m10000_transformer2_fair_epoch_004.pt,reference_MPPI,42,106,-194.66826634156234,-22159.033872960124,0.004962573759257793,0.006141991354525089,-0.01045842282474041,False,0.0736326000187546,478.7807922363281,0.9351187348365784,1783.7908935546875,1856.1806640625,0.0038893066812306643,0.0,5120
M-10000,Transformer-2L,G:/PAI/outputs/checkpoints/world_model_ib_m10000_transformer2_fair_epoch_004.pt,reference_MPPI,42,107,-213.07494236884918,-22372.108815328975,-0.006893577985465527,0.005797279998660088,-0.008199773728847504,False,0.04482730012387037,471.3942565917969,0.9206919074058533,1768.045166015625,1850.542724609375,0.004270543344318867,0.0,5120
M-10000,Transformer-2L,G:/PAI/outputs/checkpoints/world_model_ib_m10000_transformer2_fair_epoch_004.pt,reference_MPPI,42,108,-209.832124467955,-22581.94093979693,0.00817514955997467,0.007157366722822189,0.003962588496506214,False,0.046821200056001544,472.46728515625,0.9227876663208008,1788.8953857421875,1862.800537109375,0.003916359506547451,0.0,5120
M-10000,Transformer-2L,G:/PAI/outputs/checkpoints/world_model_ib_m10000_transformer2_fair_epoch_004.pt,reference_MPPI,42,109,-203.68615031728888,-22785.627090114216,-0.0015729819424450397,0.003168213414028287,-0.011300774291157722,False,0.04287739982828498,481.0824890136719,0.9396142363548279,1781.9796142578125,1859.430908203125,0.004103389102965593,0.0,5120
M-10000,Transformer-2L,G:/PAI/outputs/checkpoints/world_model_ib_m10000_transformer2_fair_epoch_004.pt,reference_MPPI,42,110,-201.23045858862002,-22986.857548702836,0.00982010830193758,0.004306639079004526,-0.004299274645745754,False,0.02759220008738339,481.864501953125,0.9411416053771973,1778.324951171875,1863.8353271484375,0.004454320762306452,0.0,5120
M-10000,Transformer-2L,G:/PAI/outputs/checkpoints/world_model_ib_m10000_transformer2_fair_epoch_004.pt,reference_MPPI,42,111,-199.41453068255987,-23186.272079385395,-0.0005566040053963661,0.002792750019580126,0.0010717054829001427,False,0.03055060002952814,476.4454650878906,0.9305575489997864,1780.4228515625,1860.0999755859375,0.004174216650426388,0.0,5120
M-10000,Transformer-2L,G:/PAI/outputs/checkpoints/world_model_ib_m10000_transformer2_fair_epoch_004.pt,reference_MPPI,42,112,-196.76371119053533,-23383.03579057593,0.0014614257961511612,-0.0004403702914714813,-0.013693675398826599,False,0.03510949993506074,489.9934387207031,0.9570184350013733,1814.5606689453125,1867.2275390625,0.003227192908525467,0.0,5120
M-10000,Transformer-2L,G:/PAI/outputs/checkpoints/world_model_ib_m10000_transformer2_fair_epoch_004.pt,reference_MPPI,42,113,-211.47111549460323,-23594.506906070532,-0.0011883992701768875,-0.0012534856796264648,-0.014489281922578812,False,0.03738159989006817,468.74114990234375,0.9155100584030151,1775.93994140625,1860.742431640625,0.004353263881057501,0.0,5120
M-10000,Transformer-2L,G:/PAI/outputs/checkpoints/world_model_ib_m10000_transformer2_fair_epoch_004.pt,reference_MPPI,42,114,-232.31327072600283,-23826.820176796533,0.012576816603541374,0.0015167305245995522,-0.013682967983186245,False,0.0358855000231415,467.48455810546875,0.9130557775497437,1756.126220703125,1870.1165771484375,0.005815948359668255,0.0,5120
M-10000,Transformer-2L,G:/PAI/outputs/checkpoints/world_model_ib_m10000_transformer2_fair_epoch_004.pt,reference_MPPI,42,115,-211.54208641022467,-24038.362263206756,-0.010224534198641777,-0.006219878792762756,-0.0039306869730353355,False,0.02818459994159639,466.6444396972656,0.9114149212837219,1779.3370361328125,1879.464111328125,0.005068655125796795,0.0,5120
M-10000,Transformer-2L,G:/PAI/outputs/checkpoints/world_model_ib_m10000_transformer2_fair_epoch_004.pt,reference_MPPI,42,116,-205.36184630214933,-24243.724109508905,0.00598924933001399,0.011504575610160828,0.005644954741001129,False,0.03510560002177954,471.5879821777344,0.9210702776908875,1780.7322998046875,1874.2802734375,0.0047656274400651455,0.0,5120
M-10000,Transformer-2L,G:/PAI/outputs/checkpoints/world_model_ib_m10000_transformer2_fair_epoch_004.pt,reference_MPPI,42,117,-199.76577582324592,-24443.48988533215,0.015561363659799099,-0.009005077183246613,-0.014050638303160667,False,0.03615579986944795,474.72760009765625,0.9272023439407349,1775.2078857421875,1868.3603515625,0.004770804196596146,0.0,5120
M-10000,Transformer-2L,G:/PAI/outputs/checkpoints/world_model_ib_m10000_transformer2_fair_epoch_004.pt,reference_MPPI,42,118,-194.90281453739067,-24638.392699869542,0.0013759364373981953,-0.0018735677003860474,-0.016050903126597404,False,0.045009900117293,482.1239318847656,0.9416483044624329,1785.09716796875,1872.7767333984375,0.004558267537504435,0.0,5120
M-10000,Transformer-2L,G:/PAI/outputs/checkpoints/world_model_ib_m10000_transformer2_fair_epoch_004.pt,reference_MPPI,42,119,-205.59737922041614,-24843.99007908996,-0.003448769450187683,0.012499917298555374,-0.012491907924413681,False,0.02918439987115562,485.5654602050781,0.9483700394630432,1783.24951171875,1859.48681640625,0.004071676172316074,0.0,5120
M-10000,Transformer-2L,G:/PAI/outputs/checkpoints/world_model_ib_m10000_transformer2_fair_epoch_004.pt,reference_MPPI,42,120,-221.80071382404418,-25065.790792914002,-0.0030555883422493935,0.01133660040795803,-0.006552091799676418,False,0.027210499858483672,463.9037780761719,0.9060620665550232,1785.20263671875,1871.2906494140625,0.004394975956529379,0.0,5120
M-10000,Transformer-2L,G:/PAI/outputs/checkpoints/world_model_ib_m10000_transformer2_fair_epoch_004.pt,reference_MPPI,42,121,-202.93974137555205,-25268.730534289552,0.0030083199962973595,-0.007429245859384537,-0.008053754456341267,False,0.03279560012742877,462.6643371582031,0.9036412835121155,1790.452392578125,1873.176025390625,0.004236017353832722,0.0,5120
M-10000,Transformer-2L,G:/PAI/outputs/checkpoints/world_model_ib_m10000_transformer2_fair_epoch_004.pt,reference_MPPI,42,122,-212.47250467717694,-25481.20303896673,0.0046777729876339436,-0.001518532633781433,-0.013260236009955406,False,0.041273900074884295,479.2167053222656,0.93597012758255,1790.5755615234375,1866.499755859375,0.004034622572362423,0.0,5120
M-10000,Transformer-2L,G:/PAI/outputs/checkpoints/world_model_ib_m10000_transformer2_fair_epoch_004.pt,reference_MPPI,42,123,-201.7752677253301,-25682.97830669206,0.01489782053977251,0.012516554445028305,0.00358141353353858,False,0.030211100121960044,471.2550048828125,0.9204199314117432,1801.306396484375,1876.042724609375,0.003949017263948917,0.0,5120
M-10000,Transformer-2L,G:/PAI/outputs/checkpoints/world_model_ib_m10000_transformer2_fair_epoch_004.pt,reference_MPPI,42,124,-234.4611359169876,-25917.439442609048,-0.004258651752024889,-0.0020404933020472527,-0.0012528449296951294,False,0.028591099893674254,485.8216857910156,0.9488704800605774,1800.05810546875,1868.107177734375,0.00375432544387877,0.0,5120
M-10000,Transformer-2L,G:/PAI/outputs/checkpoints/world_model_ib_m10000_transformer2_fair_epoch_004.pt,reference_MPPI,42,125,-199.913580799408,-26117.353023408454,0.0030962328892201185,-0.0013062451034784317,0.005272092297673225,False,0.03783239983022213,485.84454345703125,0.9489151239395142,1806.285400390625,1878.000244140625,0.0038968301378190517,0.0,5120
M-10000,Transformer-2L,G:/PAI/outputs/checkpoints/world_model_ib_m10000_transformer2_fair_epoch_004.pt,reference_MPPI,42,126,-222.04865805042627,-26339.40168145888,-0.002074833959341049,0.00895033311098814,0.005143078975379467,False,0.04205880011431873,459.8132629394531,0.8980727791786194,1782.6075439453125,1873.072021484375,0.00456731952726841,0.0,5120
M-10000,Transformer-2L,G:/PAI/outputs/checkpoints/world_model_ib_m10000_transformer2_fair_epoch_004.pt,reference_MPPI,42,127,-214.03449037788454,-26553.436171836765,0.005206354893743992,0.001181056722998619,0.0011888667941093445,False,0.038860899861902,476.60577392578125,0.9308706521987915,1801.46533203125,1878.030517578125,0.004048253875225782,0.0,5120
M-10000,Transformer-2L,G:/PAI/outputs/checkpoints/world_model_ib_m10000_transformer2_fair_epoch_004.pt,reference_MPPI,42,128,-201.92692307720773,-26755.363094913973,0.003165755420923233,0.004262062255293131,0.004386956803500652,False,0.029970599804073572,492.77313232421875,0.9624475240707397,1821.024658203125,1872.0673828125,0.0031885700300335884,0.0,5120
M-10000,Transformer-2L,G:/PAI/outputs/checkpoints/world_model_ib_m10000_transformer2_fair_epoch_004.pt,reference_MPPI,42,129,-202.35764707147104,-26957.720741985446,0.0035383044742047787,0.012287178076803684,-0.003765782341361046,False,0.03264890005812049,468.4517822265625,0.9149448871612549,1764.45751953125,1866.58544921875,0.00518388394266367,0.0,5120
M-10000,Transformer-2L,G:/PAI/outputs/checkpoints/world_model_ib_m10000_transformer2_fair_epoch_004.pt,reference_MPPI,42,130,-202.05206332429947,-27159.772805309745,0.006581497378647327,-0.0017419629730284214,-0.007087620906531811,False,0.046899700071662664,464.6377868652344,0.9074956774711609,1746.3865966796875,1867.524169921875,0.006259945221245289,0.0,5120
M-10000,Transformer-2L,G:/PAI/outputs/checkpoints/world_model_ib_m10000_transformer2_fair_epoch_004.pt,reference_MPPI,42,131,-214.61829188279316,-27374.39109719254,0.006863102316856384,0.008959592320024967,-0.017317023128271103,False,0.034529600059613585,478.8246154785156,0.9352043271064758,1783.9140625,1869.5213623046875,0.004441486205905676,0.0,5120
M-10000,Transformer-2L,G:/PAI/outputs/checkpoints/world_model_ib_m10000_transformer2_fair_epoch_004.pt,reference_MPPI,42,132,-202.40518236345463,-27576.796279555994,-0.0008076168596744537,0.007859419099986553,-0.01737082749605179,False,0.025752600049600005,484.8658447265625,0.9470036029815674,1803.4708251953125,1869.1326904296875,0.0036622765474021435,0.0,5120
M-10000,Transformer-2L,G:/PAI/outputs/checkpoints/world_model_ib_m10000_transformer2_fair_epoch_004.pt,reference_MPPI,42,133,-209.84975206899037,-27786.646031624983,-0.00362451933324337,0.017516475170850754,-0.00679790647700429,False,0.025968199828639627,491.20391845703125,0.9593826532363892,1801.2786865234375,1866.750244140625,0.0036805307026952505,0.0,5120
M-10000,Transformer-2L,G:/PAI/outputs/checkpoints/world_model_ib_m10000_transformer2_fair_epoch_004.pt,reference_MPPI,42,134,-209.67652295692938,-27996.32255458191,0.010562409646809101,0.0091228187084198,-0.0008511082269251347,False,0.025598300155252218,480.9742431640625,0.9394028186798096,1806.8275146484375,1871.6832275390625,0.003617201466113329,0.0,5120
M-10000,Transformer-2L,G:/PAI/outputs/checkpoints/world_model_ib_m10000_transformer2_fair_epoch_004.pt,reference_MPPI,42,135,-219.58836678236457,-28215.910921364277,0.00534821767359972,0.0031405240297317505,0.0016362066380679607,False,0.036670299945399165,478.1490173339844,0.9338847994804382,1803.597900390625,1874.486083984375,0.0038319346494972706,0.0,5120
M-10000,Transformer-2L,G:/PAI/outputs/checkpoints/world_model_ib_m10000_transformer2_fair_epoch_004.pt,reference_MPPI,42,136,-217.2169887460342,-28433.12791011031,-0.011106674559414387,-0.0023599695414304733,-0.009201479144394398,False,0.04001370002515614,470.7683410644531,0.91946941614151,1803.709716796875,1882.1865234375,0.004102541133761406,0.0,5120
M-10000,Transformer-2L,G:/PAI/outputs/checkpoints/world_model_ib_m10000_transformer2_fair_epoch_004.pt,reference_MPPI,42,137,-216.50210867142107,-28649.630018781732,0.013898210600018501,0.009341977536678314,-0.001546972431242466,False,0.033231700072064996,470.6416320800781,0.9192219376564026,1790.3612060546875,1877.136962890625,0.004450799431651831,0.0,5120
M-10000,Transformer-2L,G:/PAI/outputs/checkpoints/world_model_ib_m10000_transformer2_fair_epoch_004.pt,reference_MPPI,42,138,-239.75499101886362,-28889.385009800597,0.0006220890209078789,-0.0006294287741184235,-0.00688640121370554,False,0.02725880010984838,474.82086181640625,0.9273844957351685,1799.98583984375,1883.122802734375,0.004318729974329472,0.0,5120
M-10000,Transformer-2L,G:/PAI/outputs/checkpoints/world_model_ib_m10000_transformer2_fair_epoch_004.pt,reference_MPPI,42,139,-208.26351704206303,-29097.64852684266,-0.006944186985492706,-0.005978408269584179,0.004499313421547413,False,0.025220999959856272,478.6435546875,0.9348506927490234,1819.412109375,1888.13330078125,0.003750455565750599,0.0,5120
M-10000,Transformer-2L,G:/PAI/outputs/checkpoints/world_model_ib_m10000_transformer2_fair_epoch_004.pt,reference_MPPI,42,140,-206.91661355815913,-29304.565140400817,-0.00012316182255744934,0.0029973462224006653,-0.009902972728013992,False,0.028318199794739485,483.2516174316406,0.9438508152961731,1815.663818359375,1878.240966796875,0.003542582970112562,0.0,5120
M-10000,Transformer-2L,G:/PAI/outputs/checkpoints/world_model_ib_m10000_transformer2_fair_epoch_004.pt,reference_MPPI,42,141,-204.30222449622102,-29508.867364897036,0.013376749120652676,0.00527562852948904,-0.00440779235213995,False,0.024872600100934505,479.2763366699219,0.9360865950584412,1801.01611328125,1881.5740966796875,0.0042276098392903805,0.0,5120
M-10000,Transformer-2L,G:/PAI/outputs/checkpoints/world_model_ib_m10000_transformer2_fair_epoch_004.pt,reference_MPPI,42,142,-243.16076007930155,-29752.02812497634,0.003664671443402767,-0.0010645976290106773,0.0038819159381091595,False,0.025245199911296368,475.6197204589844,0.9289447665214539,1808.9144287109375,1879.2850341796875,0.0038037404883652925,0.0,5120
M-10000,Transformer-2L,G:/PAI/outputs/checkpoints/world_model_ib_m10000_transformer2_fair_epoch_004.pt,reference_MPPI,42,143,-229.25018092685013,-29981.27830590319,-0.010416897013783455,-0.002270490862429142,-0.007017755415290594,False,0.025468100095167756,475.0255126953125,0.9277842044830322,1816.130859375,1889.842529296875,0.003920567221939564,0.0,5120
M-10000,Transformer-2L,G:/PAI/outputs/checkpoints/world_model_ib_m10000_transformer2_fair_epoch_004.pt,reference_MPPI,42,144,-201.40619573960709,-30182.684501642798,0.010415461845695972,0.004176874179393053,-0.005118527449667454,False,0.025113799842074513,482.4211120605469,0.9422287344932556,1802.6702880859375,1882.3857421875,0.004203906282782555,0.0,5120
M-10000,Transformer-2L,G:/PAI/outputs/checkpoints/world_model_ib_m10000_transformer2_fair_epoch_004.pt,reference_MPPI,42,145,-197.4182574192565,-30380.102759062054,0.0030517014674842358,0.006848587188869715,0.00038934219628572464,False,0.02507940004579723,482.2275390625,0.9418506622314453,1792.38134765625,1876.8076171875,0.004407296888530254,0.0,5120
M-10000,Transformer-2L,G:/PAI/outputs/checkpoints/world_model_ib_m10000_transformer2_fair_epoch_004.pt,reference_MPPI,42,146,-234.51475843085814,-30614.617517492912,0.013779344968497753,-0.0037725213915109634,-0.009042051620781422,False,0.024169699987396598,482.2911071777344,0.9419748187065125,1804.9903564453125,1877.9954833984375,0.003928623627871275,0.0,5120
M-10000,Transformer-2L,G:/PAI/outputs/checkpoints/world_model_ib_m10000_transformer2_fair_epoch_004.pt,reference_MPPI,42,147,-217.04558135701348,-30831.663098849927,0.007491081487387419,-0.003396292682737112,-0.008954256772994995,False,0.02466570003889501,478.1631164550781,0.9339123368263245,1820.9140625,1891.352783203125,0.0038135938812047243,0.0,5120
M-10000,Transformer-2L,G:/PAI/outputs/checkpoints/world_model_ib_m10000_transformer2_fair_epoch_004.pt,reference_MPPI,42,148,-224.3591594794483,-31056.022258329376,0.01214130874723196,0.0058001559227705,-0.001755294855684042,False,0.02480340003967285,474.5321960449219,0.926820695400238,1802.5986328125,1883.389404296875,0.004206893499940634,0.0,5120
M-10000,Transformer-2L,G:/PAI/outputs/checkpoints/world_model_ib_m10000_transformer2_fair_epoch_004.pt,reference_MPPI,42,149,-230.675387761985,-31286.69764609136,0.0024845553562045097,0.008543254807591438,-0.002416103146970272,False,0.024718200089409947,472.45684814453125,0.9227672815322876,1802.5447998046875,1891.3529052734375,0.004559037275612354,0.0,5120
M-10000,Transformer-2L,G:/PAI/outputs/checkpoints/world_model_ib_m10000_transformer2_fair_epoch_004.pt,reference_MPPI,42,150,-215.2476830251956,-31501.945329116556,0.00888600293546915,0.007864617742598057,-0.00102317170239985,False,0.02519479999318719,472.9905700683594,0.9238097071647644,1803.067626953125,1897.104736328125,0.004807821940630674,0.0,5120
M-10000,Transformer-2L,G:/PAI/outputs/checkpoints/world_model_ib_m10000_transformer2_fair_epoch_004.pt,reference_MPPI,42,151,-229.20079520813863,-31731.146124324696,0.00046323519200086594,0.011447761207818985,-0.0036857686936855316,False,0.024868899956345558,478.9874267578125,0.9355223178863525,1800.7576904296875,1887.21044921875,0.004478498362004757,0.0,5120
M-10000,Transformer-2L,G:/PAI/outputs/checkpoints/world_model_ib_m10000_transformer2_fair_epoch_004.pt,reference_MPPI,42,152,-208.59127177070073,-31939.737396095396,-0.007352128624916077,0.003077548462897539,-0.004412796348333359,False,0.026665799785405397,479.1479187011719,0.9358357787132263,1817.20703125,1894.21435546875,0.004078809637576342,0.0,5120
M-10000,Transformer-2L,G:/PAI/outputs/checkpoints/world_model_ib_m10000_transformer2_fair_epoch_004.pt,reference_MPPI,42,153,-218.1986388113335,-32157.93603490673,0.00225792801938951,-0.0009499527513980865,0.0036768419668078423,False,0.02492980007082224,482.9656677246094,0.9432923197746277,1814.7860107421875,1884.6395263671875,0.0038116760551929474,0.0,5120
M-10000,Transformer-2L,G:/PAI/outputs/checkpoints/world_model_ib_m10000_transformer2_fair_epoch_004.pt,reference_MPPI,42,154,-215.24951667819408,-32373.185551584924,0.011858723126351833,-0.004537356086075306,0.0007156496867537498,False,0.02425980009138584,473.19329833984375,0.9242056608200073,1792.8126220703125,1885.61669921875,0.004747783299535513,0.0,5120
M-10000,Transformer-2L,G:/PAI/outputs/checkpoints/world_model_ib_m10000_transformer2_fair_epoch_004.pt,reference_MPPI,42,155,-222.73467411068026,-32595.920225695605,0.0013909535482525826,-0.004509981721639633,-0.004512256011366844,False,0.025125599931925535,466.7414245605469,0.9116043448448181,1784.730224609375,1889.8974609375,0.005340224597603083,0.0,5120
M-10000,Transformer-2L,G:/PAI/outputs/checkpoints/world_model_ib_m10000_transformer2_fair_epoch_004.pt,reference_MPPI,42,156,-208.2912325239624,-32804.211458219565,0.007314518094062805,0.0038231490179896355,-0.003882284741848707,False,0.02733579999767244,475.07147216796875,0.927873969078064,1807.387939453125,1896.4361572265625,0.004572459962219,0.0,5120
M-10000,Transformer-2L,G:/PAI/outputs/checkpoints/world_model_ib_m10000_transformer2_fair_epoch_004.pt,reference_MPPI,42,157,-217.45404641249166,-33021.66550463206,-0.009651102125644684,0.0002433786867186427,-0.0013071615248918533,False,0.02462160005234182,467.4735412597656,0.9130342602729797,1778.2103271484375,1891.0721435546875,0.0057749017141759396,0.0,5120
M-10000,Transformer-2L,G:/PAI/outputs/checkpoints/world_model_ib_m10000_transformer2_fair_epoch_004.pt,reference_MPPI,42,158,-199.7159028335903,-33221.38140746565,0.0014243191108107567,-0.0029368391260504723,0.005481460131704807,False,0.029714700067415833,480.2952575683594,0.9380766749382019,1816.844970703125,1897.831787109375,0.004251180682331324,0.0,5120
M-10000,Transformer-2L,G:/PAI/outputs/checkpoints/world_model_ib_m10000_transformer2_fair_epoch_004.pt,reference_MPPI,42,159,-231.23658092090852,-33452.617988386555,-0.00248194532468915,0.001307785976678133,0.0026138843968510628,False,0.027686000103130937,470.39813232421875,0.9187463521957397,1790.83544921875,1885.23876953125,0.004812889266759157,0.0,5120
M-10000,Transformer-2L,G:/PAI/outputs/checkpoints/world_model_ib_m10000_transformer2_fair_epoch_004.pt,reference_MPPI,42,160,-215.4062232135546,-33668.02421160011,-0.007012541405856609,0.001976731698960066,-0.003305683145299554,False,0.025804799981415272,483.8156433105469,0.9449524283409119,1828.6422119140625,1902.89404296875,0.003985982853919268,0.0,5120
M-10000,Transformer-2L,G:/PAI/outputs/checkpoints/world_model_ib_m10000_transformer2_fair_epoch_004.pt,reference_MPPI,42,161,-208.3057310239554,-33876.32994262406,0.007177985738962889,-0.0016520489007234573,-0.019838839769363403,False,0.024922400014474988,480.3670349121094,0.9382168650627136,1821.413330078125,1894.7379150390625,0.003935656975954771,0.0,5120
M-10000,Transformer-2L,G:/PAI/outputs/checkpoints/world_model_ib_m10000_transformer2_fair_epoch_004.pt,reference_MPPI,42,162,-207.6864382694784,-34084.01638089354,0.0025949543341994286,0.010371342301368713,-0.003022128716111183,False,0.02485710009932518,479.2080383300781,0.9359531998634338,1829.4775390625,1898.9464111328125,0.003781047184020281,0.0,5120
M-10000,Transformer-2L,G:/PAI/outputs/checkpoints/world_model_ib_m10000_transformer2_fair_epoch_004.pt,reference_MPPI,42,163,-206.01130281833463,-34290.02768371187,0.0022026635706424713,0.00020865164697170258,-0.009418610483407974,False,0.025420099962502718,485.40185546875,0.9480504989624023,1831.6090087890625,1900.517333984375,0.0037869529332965612,0.0,5120
M-10000,Transformer-2L,G:/PAI/outputs/checkpoints/world_model_ib_m10000_transformer2_fair_epoch_004.pt,reference_MPPI,42,164,-207.78941267049623,-34497.81709638237,0.006450734566897154,0.0038896293845027685,-0.008748253807425499,False,0.025354899931699038,488.13580322265625,0.9533902406692505,1835.012451171875,1900.5155029296875,0.003671846119686961,0.0,5120
M-10000,Transformer-2L,G:/PAI/outputs/checkpoints/world_model_ib_m10000_transformer2_fair_epoch_004.pt,reference_MPPI,42,165,-220.23806508043987,-34718.05516146281,0.0066857244819402695,-0.003007800318300724,0.01229962706565857,False,0.025422499980777502,482.9183044433594,0.9431998133659363,1834.593994140625,1905.7000732421875,0.0038602561689913273,0.0,5120
M-10000,Transformer-2L,G:/PAI/outputs/checkpoints/world_model_ib_m10000_transformer2_fair_epoch_004.pt,reference_MPPI,42,166,-225.35241459635154,-34943.407576059166,0.01039920374751091,-0.006567664444446564,-0.004331246949732304,False,0.02525219996459782,483.3726806640625,0.9440872669219971,1838.001953125,1906.58349609375,0.003765611909329891,0.0,5120
M-10000,Transformer-2L,G:/PAI/outputs/checkpoints/world_model_ib_m10000_transformer2_fair_epoch_004.pt,reference_MPPI,42,167,-233.72444829837872,-35177.13202435755,-0.00860073696821928,-0.01273401454091072,-0.008917273953557014,False,0.02571299998089671,469.5309143066406,0.9170525670051575,1820.4564208984375,1904.2166748046875,0.004320682026445866,0.0,5120
M-10000,Transformer-2L,G:/PAI/outputs/checkpoints/world_model_ib_m10000_transformer2_fair_epoch_004.pt,reference_MPPI,42,168,-210.51722614941485,-35387.64925050696,0.010150063782930374,-0.001721847802400589,0.0015140678733587265,False,0.025499300099909306,464.69677734375,0.9076108932495117,1814.6185302734375,1910.467041015625,0.0048528993502259254,0.0,5120
M-10000,Transformer-2L,G:/PAI/outputs/checkpoints/world_model_ib_m10000_transformer2_fair_epoch_004.pt,reference_MPPI,42,169,-216.54477483338394,-35604.194025340345,-0.003456221427768469,0.0009667295962572098,-0.005583934485912323,False,0.02575879986397922,469.21026611328125,0.9164263010025024,1811.0147705078125,1897.603515625,0.004438070580363274,0.0,5120
M-10000,Transformer-2L,G:/PAI/outputs/checkpoints/world_model_ib_m10000_transformer2_fair_epoch_004.pt,reference_MPPI,42,170,-201.26843540631177,-35805.462460746654,-0.004969071596860886,0.010697891935706139,0.007411437574774027,False,0.025237200083211064,482.5755920410156,0.9425304532051086,1838.60400390625,1903.552978515625,0.0036242282949388027,0.0,5120
M-10000,Transformer-2L,G:/PAI/outputs/checkpoints/world_model_ib_m10000_transformer2_fair_epoch_004.pt,reference_MPPI,42,171,-206.66236509264942,-36012.1248258393,-0.002726181410253048,-0.0020007891580462456,0.009844173677265644,False,0.024812999879941344,460.3614807128906,0.8991435170173645,1799.67138671875,1892.379638671875,0.004684725776314735,0.0,5120
M-10000,Transformer-2L,G:/PAI/outputs/checkpoints/world_model_ib_m10000_transformer2_fair_epoch_004.pt,reference_MPPI,42,172,-210.78584024502226,-36222.910666084324,0.006404660642147064,-0.011459733359515667,0.002051151357591152,False,0.024950499879196286,472.99090576171875,0.9238103628158569,1808.5767822265625,1901.067626953125,0.004735400900244713,0.0,5120
M-10000,Transformer-2L,G:/PAI/outputs/checkpoints/world_model_ib_m10000_transformer2_fair_epoch_004.pt,reference_MPPI,42,173,-226.0777960131557,-36448.98846209748,-0.002398698590695858,-0.0044791204854846,-0.004538800101727247,False,0.02554859989322722,489.2145690917969,0.9554972052574158,1837.5101318359375,1895.4697265625,0.0034068950917571783,0.0,5120
M-10000,Transformer-2L,G:/PAI/outputs/checkpoints/world_model_ib_m10000_transformer2_fair_epoch_004.pt,reference_MPPI,42,174,-204.48225080782294,-36653.4707129053,0.00878158025443554,-7.27921724319458e-06,-0.004082829691469669,False,0.025225899880751967,486.45208740234375,0.9501017332077026,1840.244873046875,1899.6484375,0.003442612010985613,0.0,5120
M-10000,Transformer-2L,G:/PAI/outputs/checkpoints/world_model_ib_m10000_transformer2_fair_epoch_004.pt,reference_MPPI,42,175,-219.80500178335882,-36873.27571468866,0.005242589395493269,-0.007895554415881634,-0.004697059281170368,False,0.025872399797663093,473.98516845703125,0.9257522821426392,1802.6494140625,1892.321533203125,0.004605725407600403,0.0,5120
M-10000,Transformer-2L,G:/PAI/outputs/checkpoints/world_model_ib_m10000_transformer2_fair_epoch_004.pt,reference_MPPI,42,176,-225.74779279546362,-37099.02350748412,-0.018240105360746384,0.0005980330752208829,0.004483457654714584,False,0.024773799814283848,474.9495544433594,0.9276358485221863,1810.7161865234375,1889.149169921875,0.004122061189264059,0.0,5120
M-10000,Transformer-2L,G:/PAI/outputs/checkpoints/world_model_ib_m10000_transformer2_fair_epoch_004.pt,reference_MPPI,42,177,-224.86586556088912,-37323.88937304501,-0.0011820257641375065,0.007166033145040274,-0.007225737441331148,False,0.025728299980983138,496.9388427734375,0.9705836772918701,1829.90380859375,1894.159423828125,0.0036582541652023792,0.0,5120
M-10000,Transformer-2L,G:/PAI/outputs/checkpoints/world_model_ib_m10000_transformer2_fair_epoch_004.pt,reference_MPPI,42,178,-205.93503364486213,-37529.82440668987,0.003062365110963583,0.008298041298985481,-0.008008703589439392,False,0.02459780010394752,487.04229736328125,0.9512544870376587,1836.693359375,1895.085693359375,0.0034129649866372347,0.0,5120
M-10000,Transformer-2L,G:/PAI/outputs/checkpoints/world_model_ib_m10000_transformer2_fair_epoch_004.pt,reference_MPPI,42,179,-230.08835070954515,-37759.91275739941,0.0006621060892939568,0.0009166854433715343,-0.00725683756172657,False,0.025136000011116266,481.7892761230469,0.9409946799278259,1828.8516845703125,1889.05126953125,0.0034498856402933598,0.0,5120
M-10000,Transformer-2L,G:/PAI/outputs/checkpoints/world_model_ib_m10000_transformer2_fair_epoch_004.pt,reference_MPPI,42,180,-220.91452422134788,-37980.82728162076,0.002789199585095048,0.002273063873872161,0.009982021525502205,False,0.025761400116607547,470.7901611328125,0.9195120334625244,1808.976806640625,1899.551025390625,0.004629690665751696,0.0,5120
M-10000,Transformer-2L,G:/PAI/outputs/checkpoints/world_model_ib_m10000_transformer2_fair_epoch_004.pt,reference_MPPI,42,181,-221.74432177830084,-38202.57160339906,0.004328537732362747,0.01028988417237997,-0.006258662790060043,False,0.02595139993354678,484.3756103515625,0.9460461139678955,1826.455810546875,1894.047607421875,0.0037286386359483004,0.0,5120
M-10000,Transformer-2L,G:/PAI/outputs/checkpoints/world_model_ib_m10000_transformer2_fair_epoch_004.pt,reference_MPPI,42,182,-214.42808414985944,-38416.99968754892,0.006174531765282154,0.004991441499441862,-0.009558198042213917,False,0.024905000114813447,484.0290832519531,0.945369303226471,1822.1988525390625,1893.687744140625,0.0038811378180980682,0.0,5120
M-10000,Transformer-2L,G:/PAI/outputs/checkpoints/world_model_ib_m10000_transformer2_fair_epoch_004.pt,reference_MPPI,42,183,-223.4908413259992,-38640.49052887492,-0.011777885258197784,0.0025416845455765724,-0.012858746573328972,False,0.02529560006223619,483.40228271484375,0.9441450834274292,1815.887451171875,1891.73046875,0.004047482740134001,0.0,5120
M-10000,Transformer-2L,G:/PAI/outputs/checkpoints/world_model_ib_m10000_transformer2_fair_epoch_004.pt,reference_MPPI,42,184,-221.77621897376156,-38862.266747848684,0.006227449048310518,-0.00250842678360641,-0.007885558530688286,False,0.025251099839806557,488.51556396484375,0.9541319608688354,1840.5291748046875,1893.843505859375,0.0032492612954229116,0.0,5120
M-10000,Transformer-2L,G:/PAI/outputs/checkpoints/world_model_ib_m10000_transformer2_fair_epoch_004.pt,reference_MPPI,42,185,-209.5451661345421,-39071.81191398323,0.006799330469220877,0.010960244573652744,-0.006108798086643219,False,0.024585300125181675,478.45306396484375,0.9344786405563354,1823.0325927734375,1892.498291015625,0.00377602013759315,0.0,5120
M-10000,Transformer-2L,G:/PAI/outputs/checkpoints/world_model_ib_m10000_transformer2_fair_epoch_004.pt,reference_MPPI,42,186,-221.87393609034274,-39293.68585007357,0.004499996546655893,0.004550805315375328,9.635253809392452e-05,False,0.025371700059622526,492.6048278808594,0.9621188044548035,1824.53955078125,1890.755126953125,0.0037151346914470196,0.0,5120
M-10000,Transformer-2L,G:/PAI/outputs/checkpoints/world_model_ib_m10000_transformer2_fair_epoch_004.pt,reference_MPPI,42,187,-206.61459637744204,-39500.30044645101,-0.0038345286156982183,-0.0006390539929270744,-0.015355521813035011,False,0.025576099986210465,488.40106201171875,0.9539083242416382,1834.5877685546875,1897.6920166015625,0.003585240337997675,0.0,5120
M-10000,Transformer-2L,G:/PAI/outputs/checkpoints/world_model_ib_m10000_transformer2_fair_epoch_004.pt,reference_MPPI,42,188,-207.05795439221566,-39707.35840084322,-0.0022964077070355415,0.003100418485701084,-0.002110774628818035,False,0.026571299880743027,474.157470703125,0.926088809967041,1816.2137451171875,1896.88623046875,0.004214871674776077,0.0,5120
M-10000,Transformer-2L,G:/PAI/outputs/checkpoints/world_model_ib_m10000_transformer2_fair_epoch_004.pt,reference_MPPI,42,189,-202.26250534341432,-39909.62090618664,0.0011322395876049995,-0.00575830414891243,-0.006308347452431917,False,0.026410100050270557,474.8602294921875,0.9274613857269287,1797.87744140625,1886.776611328125,0.004579784348607063,0.0,5120
M-10000,Transformer-2L,G:/PAI/outputs/checkpoints/world_model_ib_m10000_transformer2_fair_epoch_004.pt,reference_MPPI,42,190,-200.10266115905856,-40109.723567345696,0.01159258559346199,0.00835646502673626,0.0025428920052945614,False,0.027302399976179004,486.9754638671875,0.9511239528656006,1819.814453125,1889.019287109375,0.0038048906717449427,0.0,5120
M-10000,Transformer-2L,G:/PAI/outputs/checkpoints/world_model_ib_m10000_transformer2_fair_epoch_004.pt,reference_MPPI,42,191,-211.76104961491805,-40321.48461696062,0.011277791112661362,-0.006846418138593435,-0.008519628085196018,False,0.02683210000395775,489.1142883300781,0.9553013443946838,1823.331787109375,1893.880126953125,0.0038633346557617188,0.0,5120
M-10000,Transformer-2L,G:/PAI/outputs/checkpoints/world_model_ib_m10000_transformer2_fair_epoch_004.pt,reference_MPPI,42,192,-219.44919185358148,-40540.933808814196,-0.0010870781261473894,0.0015059150755405426,0.00789226870983839,False,0.027002699906006455,484.51177978515625,0.9463120698928833,1824.8931884765625,1900.0406494140625,0.004025145433843136,0.0,5120
M-10000,Transformer-2L,G:/PAI/outputs/checkpoints/world_model_ib_m10000_transformer2_fair_epoch_004.pt,reference_MPPI,42,193,-206.67598586783873,-40747.60979468204,0.003656642511487007,0.006080505438148975,0.0030999286100268364,False,0.02638610010035336,488.55413818359375,0.9542073011398315,1844.0762939453125,1903.6375732421875,0.00345993903465569,0.0,5120
M-10000,Transformer-2L,G:/PAI/outputs/checkpoints/world_model_ib_m10000_transformer2_fair_epoch_004.pt,reference_MPPI,42,194,-204.48178320482072,-40952.09157788686,-0.0011621464509516954,0.005211969837546349,-0.002955592703074217,False,0.025420899968594313,452.61590576171875,0.8840154409408569,1797.7041015625,1896.30029296875,0.004922553896903992,0.0,5120
M-10000,Transformer-2L,G:/PAI/outputs/checkpoints/world_model_ib_m10000_transformer2_fair_epoch_004.pt,reference_MPPI,42,195,-210.62856349298,-41162.72014137984,0.009446094743907452,0.0038259299471974373,-0.006137661170214415,False,0.02838300005532801,479.544921875,0.9366111755371094,1820.9188232421875,1897.9736328125,0.004083727952092886,0.0,5120
M-10000,Transformer-2L,G:/PAI/outputs/checkpoints/world_model_ib_m10000_transformer2_fair_epoch_004.pt,reference_MPPI,42,196,-229.93469348195617,-41392.654834861794,-0.0046156020835042,0.012584950774908066,-0.00808793492615223,False,0.024793700082227588,477.4704284667969,0.9325594305992126,1819.1368408203125,1900.810302734375,0.00426030158996582,0.0,5120
M-10000,Transformer-2L,G:/PAI/outputs/checkpoints/world_model_ib_m10000_transformer2_fair_epoch_004.pt,reference_MPPI,42,197,-216.96261199792502,-41609.61744685972,-0.004963260143995285,-0.000275416299700737,0.007708544377237558,False,0.025828999932855368,475.6429443359375,0.9289901256561279,1813.80419921875,1906.5318603515625,0.00475338427349925,0.0,5120
M-10000,Transformer-2L,G:/PAI/outputs/checkpoints/world_model_ib_m10000_transformer2_fair_epoch_004.pt,reference_MPPI,42,198,-204.92911171313375,-41814.54655857285,-0.0030707367695868015,0.018455009907484055,-0.014206208288669586,False,0.024750999873504043,479.3045349121094,0.9361416697502136,1824.385498046875,1905.54248046875,0.0042498912662267685,0.0,5120
M-10000,Transformer-2L,G:/PAI/outputs/checkpoints/world_model_ib_m10000_transformer2_fair_epoch_004.pt,reference_MPPI,42,199,-260.3844934350226,-42074.93105200787,0.014559655450284481,0.0021889256313443184,-0.01880747266113758,False,0.026441500056535006,476.26324462890625,0.9302016496658325,1823.083740234375,1900.996337890625,0.004100925754755735,0.0,5120
M-10000,Transformer-2L,G:/PAI/outputs/checkpoints/world_model_ib_m10000_transformer2_fair_epoch_004.pt,reference_MPPI,42,200,-222.0486310475062,-42296.97968305538,0.004725600592792034,-0.0020252689719200134,-0.003829873399809003,False,0.02526140003465116,480.7008972167969,0.9388689398765564,1836.2574462890625,1911.9849853515625,0.004033492878079414,0.0,5120
M-10000,Transformer-2L,G:/PAI/outputs/checkpoints/world_model_ib_m10000_transformer2_fair_epoch_004.pt,reference_MPPI,42,201,-212.19744161877955,-42509.17712467416,0.008900781162083149,0.0053594778291881084,0.005652423482388258,False,0.025065100053325295,485.6699523925781,0.9485741257667542,1817.6998291015625,1899.3914794921875,0.004309308249503374,0.0,5120
M-10000,Transformer-2L,G:/PAI/outputs/checkpoints/world_model_ib_m10000_transformer2_fair_epoch_004.pt,reference_MPPI,42,202,-210.62404946746034,-42719.80117414163,0.009341571480035782,-0.007930938154459,0.003962238784879446,False,0.02440609992481768,481.2635498046875,0.9399678707122803,1822.66357421875,1903.7645263671875,0.004261943977326155,0.0,5120
M-10000,Transformer-2L,G:/PAI/outputs/checkpoints/world_model_ib_m10000_transformer2_fair_epoch_004.pt,reference_MPPI,42,203,-201.2615899207772,-42921.0627640624,0.0072684260085225105,-0.003087271936237812,-0.003301397431641817,False,0.02646859991364181,472.15191650390625,0.9221717119216919,1802.110107421875,1899.77001953125,0.004980477970093489,0.0,5120
M-10000,Transformer-2L,G:/PAI/outputs/checkpoints/world_model_ib_m10000_transformer2_fair_epoch_004.pt,reference_MPPI,42,204,-206.32507215175508,-43127.387836214155,-0.004695485811680555,0.010583478026092052,0.00985211506485939,False,0.024589600041508675,473.7442626953125,0.9252817630767822,1817.1134033203125,1893.8961181640625,0.0040446678176522255,0.0,5120
M-10000,Transformer-2L,G:/PAI/outputs/checkpoints/world_model_ib_m10000_transformer2_fair_epoch_004.pt,reference_MPPI,42,205,-224.45649079064884,-43351.8443270048,0.0006748865125700831,0.002628866583108902,-0.0051162829622626305,False,0.024832600029185414,484.8316345214844,0.9469367861747742,1822.2923583984375,1892.568603515625,0.0038362934719771147,0.0,5120
M-10000,Transformer-2L,G:/PAI/outputs/checkpoints/world_model_ib_m10000_transformer2_fair_epoch_004.pt,reference_MPPI,42,206,-216.6232038716608,-43568.46753087646,0.011191575787961483,0.0006931936368346214,-0.005046315025538206,False,0.02597269997932017,479.39739990234375,0.9363230466842651,1831.8297119140625,1900.38720703125,0.0037464608903974295,0.0,5120
M-10000,Transformer-2L,G:/PAI/outputs/checkpoints/world_model_ib_m10000_transformer2_fair_epoch_004.pt,reference_MPPI,42,207,-213.41380520503918,-43781.881336081504,-0.0074235182255506516,-0.010212073102593422,0.001502834027633071,False,0.024612799985334277,479.4952392578125,0.936514139175415,1816.5645751953125,1895.6776123046875,0.004166932310909033,0.0,5120
M-10000,Transformer-2L,G:/PAI/outputs/checkpoints/world_model_ib_m10000_transformer2_fair_epoch_004.pt,reference_MPPI,42,208,-212.13983804928188,-43994.02117413079,0.013806571252644062,0.0037704994902014732,-0.008496063761413097,False,0.02402910008095205,489.57196044921875,0.9561952352523804,1830.452880859375,1889.506591796875,0.003446361981332302,0.0,5120
M-10000,Transformer-2L,G:/PAI/outputs/checkpoints/world_model_ib_m10000_transformer2_fair_epoch_004.pt,reference_MPPI,42,209,-206.53886033522872,-44200.56003446601,0.003935679793357849,-0.00699185486882925,-0.00037880754098296165,False,0.02507340000011027,478.95843505859375,0.9354656934738159,1810.5587158203125,1896.7138671875,0.00447060726583004,0.0,5120
M-10000,Transformer-2L,G:/PAI/outputs/checkpoints/world_model_ib_m10000_transformer2_fair_epoch_004.pt,reference_MPPI,42,210,-212.11412087551957,-44412.674155341534,0.004037539474666119,0.0013717152178287506,-0.0010753595270216465,False,0.024292799877002835,472.1558837890625,0.9221794605255127,1807.687255859375,1901.325927734375,0.004783193580806255,0.0,5120
M-10000,Transformer-2L,G:/PAI/outputs/checkpoints/world_model_ib_m10000_transformer2_fair_epoch_004.pt,reference_MPPI,42,211,-216.99200490393218,-44629.66616024547,0.004440742544829845,0.0007979432120919228,-0.006168270017951727,False,0.02398999989964068,479.2304992675781,0.9359970688819885,1822.95703125,1902.88623046875,0.004201134201139212,0.0,5120
M-10000,Transformer-2L,G:/PAI/outputs/checkpoints/world_model_ib_m10000_transformer2_fair_epoch_004.pt,reference_MPPI,42,212,-212.37986600218795,-44842.046026247655,-0.001868266612291336,0.0038843750953674316,-0.007312007248401642,False,0.02405400015413761,469.9623107910156,0.9178951382637024,1826.19921875,1905.5052490234375,0.004133243579417467,0.0,5120
M-10000,Transformer-2L,G:/PAI/outputs/checkpoints/world_model_ib_m10000_transformer2_fair_epoch_004.pt,reference_MPPI,42,213,-226.6597604070792,-45068.70578665473,-0.009880236349999905,0.0007564639672636986,-0.003805197775363922,False,0.025083999847993255,473.8356018066406,0.925460159778595,1816.33544921875,1901.678955078125,0.004397892393171787,0.0,5120
M-10000,Transformer-2L,G:/PAI/outputs/checkpoints/world_model_ib_m10000_transformer2_fair_epoch_004.pt,reference_MPPI,42,214,-208.52522904207171,-45277.2310156968,0.002966789063066244,0.000417584553360939,-0.0001613302156329155,False,0.02472799993120134,474.1492614746094,0.9260727763175964,1820.658203125,1909.1190185546875,0.0045507801696658134,0.0,5120
M-10000,Transformer-2L,G:/PAI/outputs/checkpoints/world_model_ib_m10000_transformer2_fair_epoch_004.pt,reference_MPPI,42,215,-204.68502572258421,-45481.91604141938,0.012172529473900795,-0.0029510576277971268,-0.0032554687932133675,False,0.026636899914592505,478.715576171875,0.9349913597106934,1827.1602783203125,1897.734130859375,0.003817901248112321,0.0,5120
M-10000,Transformer-2L,G:/PAI/outputs/checkpoints/world_model_ib_m10000_transformer2_fair_epoch_004.pt,reference_MPPI,42,216,-230.15349361565245,-45712.069535035036,0.016079053282737732,0.018442427739501,0.0023590214550495148,False,0.02576670004054904,488.75384521484375,0.9545973539352417,1831.875,1891.602783203125,0.003466561669483781,0.0,5120
M-10000,Transformer-2L,G:/PAI/outputs/checkpoints/world_model_ib_m10000_transformer2_fair_epoch_004.pt,reference_MPPI,42,217,-205.07219625166795,-45917.141731286705,0.001540701137855649,0.002063616644591093,-0.01425096020102501,False,0.0256288000382483,477.8780212402344,0.9333555102348328,1832.625,1911.8975830078125,0.004170485772192478,0.0,5120
M-10000,Transformer-2L,G:/PAI/outputs/checkpoints/world_model_ib_m10000_transformer2_fair_epoch_004.pt,reference_MPPI,42,218,-208.5235610910986,-46125.6652923778,0.010034899227321148,-0.002813536673784256,-0.0031587928533554077,False,0.025715299881994724,485.2311096191406,0.947717010974884,1826.3912353515625,1904.2000732421875,0.004136587027460337,0.0,5120
M-10000,Transformer-2L,G:/PAI/outputs/checkpoints/world_model_ib_m10000_transformer2_fair_epoch_004.pt,reference_MPPI,42,219,-211.78402185080617,-46337.44931422861,0.019324811175465584,-0.011643614619970322,-0.0007691608043387532,False,0.025002900045365095,472.0682067871094,0.922008216381073,1817.973388671875,1907.495849609375,0.004587152972817421,0.0,5120
M-10000,Transformer-2L,G:/PAI/outputs/checkpoints/world_model_ib_m10000_transformer2_fair_epoch_004.pt,reference_MPPI,42,220,-205.28742102955255,-46542.736735258164,0.004099765792489052,0.002769411075860262,-0.0126357302069664,False,0.02509699994698167,473.7880554199219,0.9253672957420349,1806.253662109375,1896.63671875,0.004628732334822416,0.0,5120
M-10000,Transformer-2L,G:/PAI/outputs/checkpoints/world_model_ib_m10000_transformer2_fair_epoch_004.pt,reference_MPPI,42,221,-205.09968060102844,-46747.836415859194,-0.00023382995277643204,0.003485549706965685,-0.019613981246948242,False,0.025397300021722913,497.54852294921875,0.9717744588851929,1854.6317138671875,1899.8668212890625,0.0030244626104831696,0.0,5120
M-10000,Transformer-2L,G:/PAI/outputs/checkpoints/world_model_ib_m10000_transformer2_fair_epoch_004.pt,reference_MPPI,42,222,-227.84419240030522,-46975.6806082595,0.0015515433624386787,0.013674152083694935,4.8121437430381775e-06,False,0.024912500055506825,479.4275207519531,0.9363818764686584,1800.1988525390625,1902.57080078125,0.005264360457658768,0.0,5120
M-10000,Transformer-2L,G:/PAI/outputs/checkpoints/world_model_ib_m10000_transformer2_fair_epoch_004.pt,reference_MPPI,42,223,-213.20732887498644,-47188.88793713449,-0.001036694273352623,0.0019435836002230644,-0.008931315504014492,False,0.02582590002566576,487.52679443359375,0.9522007703781128,1837.6572265625,1909.9725341796875,0.003927766345441341,0.0,5120
M-10000,Transformer-2L,G:/PAI/outputs/checkpoints/world_model_ib_m10000_transformer2_fair_epoch_004.pt,reference_MPPI,42,224,-211.89742098785382,-47400.78535812234,-0.004913223907351494,0.006144719198346138,-0.0025312292855232954,False,0.02580379997380078,468.0314025878906,0.9141238331794739,1803.9281005859375,1903.2890625,0.00505877984687686,0.0,5120
M-10000,Transformer-2L,G:/PAI/outputs/checkpoints/world_model_ib_m10000_transformer2_fair_epoch_004.pt,reference_MPPI,42,225,-218.1657645472119,-47618.951122669554,-0.0005064639262855053,-0.002176380017772317,-0.000965712359175086,False,0.02497110003605485,478.9508056640625,0.9354507923126221,1815.59033203125,1907.5118408203125,0.004732298199087381,0.0,5120
M-10000,Transformer-2L,G:/PAI/outputs/checkpoints/world_model_ib_m10000_transformer2_fair_epoch_004.pt,reference_MPPI,42,226,-221.01862220466228,-47839.969744874215,0.0012998199090361595,0.01711026206612587,-0.0042943512089550495,False,0.024543900042772293,472.4781494140625,0.9228088855743408,1830.21826171875,1909.3759765625,0.004130445886403322,0.0,5120
M-10000,Transformer-2L,G:/PAI/outputs/checkpoints/world_model_ib_m10000_transformer2_fair_epoch_004.pt,reference_MPPI,42,227,-232.09436710425032,-48072.06411197846,-0.0035113822668790817,-0.007254067808389664,-0.008242059499025345,False,0.025702300015836954,477.25103759765625,0.9321309328079224,1817.6014404296875,1903.0751953125,0.004436035640537739,0.0,5120
M-10000,Transformer-2L,G:/PAI/outputs/checkpoints/world_model_ib_m10000_transformer2_fair_epoch_004.pt,reference_MPPI,42,228,-219.58851905784528,-48291.65263103631,0.0038333977572619915,0.002416434697806835,-0.003176359459757805,False,0.0248390999622643,477.13958740234375,0.9319132566452026,1833.4859619140625,1908.629150390625,0.003994826227426529,0.0,5120
M-10000,Transformer-2L,G:/PAI/outputs/checkpoints/world_model_ib_m10000_transformer2_fair_epoch_004.pt,reference_MPPI,42,229,-210.7837041284996,-48502.43633516481,0.01320137083530426,-0.0061788856983184814,-0.0015215476742014289,False,0.025162399979308248,479.2046203613281,0.935946524143219,1827.4248046875,1899.64404296875,0.003887880826368928,0.0,5120
M-10000,Transformer-2L,G:/PAI/outputs/checkpoints/world_model_ib_m10000_transformer2_fair_epoch_004.pt,reference_MPPI,42,230,-206.43860911494085,-48708.874944279756,-0.0005110939964652061,0.0021022455766797066,-0.012782426550984383,False,0.026549099944531918,482.56671142578125,0.942513108253479,1830.37841796875,1896.650634765625,0.003674502484500408,0.0,5120
M-10000,Transformer-2L,G:/PAI/outputs/checkpoints/world_model_ib_m10000_transformer2_fair_epoch_004.pt,reference_MPPI,42,231,-234.1006794355642,-48942.97562371532,0.010138614103198051,0.012040271423757076,-0.0030913203954696655,False,0.026025299914181232,464.7158203125,0.9076480865478516,1817.3134765625,1903.3658447265625,0.004399568773806095,0.0,5120
M-10000,Transformer-2L,G:/PAI/outputs/checkpoints/world_model_ib_m10000_transformer2_fair_epoch_004.pt,reference_MPPI,42,232,-210.40247989355748,-49153.37810360888,0.004774526692926884,-0.01186046376824379,-0.006867610849440098,False,0.026349500054493546,471.4955749511719,0.9208897948265076,1825.076416015625,1910.8900146484375,0.0044160643592476845,0.0,5120
M-10000,Transformer-2L,G:/PAI/outputs/checkpoints/world_model_ib_m10000_transformer2_fair_epoch_004.pt,reference_MPPI,42,233,-214.22489814003342,-49367.60300174891,0.0035988837480545044,0.006531541235744953,-0.004701800644397736,False,0.026505800196900964,466.4910583496094,0.9111153483390808,1821.0223388671875,1907.071533203125,0.004402255639433861,0.0,5120
M-10000,Transformer-2L,G:/PAI/outputs/checkpoints/world_model_ib_m10000_transformer2_fair_epoch_004.pt,reference_MPPI,42,234,-227.96917417007162,-49595.572175918984,0.006835647858679295,-0.0028847698122262955,-0.008929022587835789,False,0.025014600018039346,479.2460632324219,0.936027467250824,1831.3438720703125,1900.02392578125,0.003750686999410391,0.0,5120
M-10000,Transformer-2L,G:/PAI/outputs/checkpoints/world_model_ib_m10000_transformer2_fair_epoch_004.pt,reference_MPPI,42,235,-224.20587764646535,-49819.778053565446,-0.0044951774179935455,0.009273597970604897,0.0006618602201342583,False,0.025449200067669153,478.7008056640625,0.9349625110626221,1837.431640625,1905.8367919921875,0.0037389793433248997,0.0,5120
M-10000,Transformer-2L,G:/PAI/outputs/checkpoints/world_model_ib_m10000_transformer2_fair_epoch_004.pt,reference_MPPI,42,236,-210.40907448644418,-50030.18712805189,0.002104750368744135,0.016238102689385414,0.009582659229636192,False,0.024404700146988034,490.99322509765625,0.9589711427688599,1850.292724609375,1906.147705078125,0.0033418633975088596,0.0,5120
M-10000,Transformer-2L,G:/PAI/outputs/checkpoints/world_model_ib_m10000_transformer2_fair_epoch_004.pt,reference_MPPI,42,237,-232.68677691224178,-50262.87390496413,-0.0038641849532723427,0.006168225780129433,-0.003300781361758709,False,0.025305800139904022,490.1800231933594,0.95738285779953,1841.698486328125,1908.429443359375,0.0037255508359521627,0.0,5120
M-10000,Transformer-2L,G:/PAI/outputs/checkpoints/world_model_ib_m10000_transformer2_fair_epoch_004.pt,reference_MPPI,42,238,-209.74045856931735,-50472.614363533445,0.006110661663115025,0.0017951009795069695,0.009829096496105194,False,0.02543350006453693,470.986328125,0.9198951721191406,1819.8587646484375,1914.38720703125,0.004817076493054628,0.0,5120
M-10000,Transformer-2L,G:/PAI/outputs/checkpoints/world_model_ib_m10000_transformer2_fair_epoch_004.pt,reference_MPPI,42,239,-234.24446726780306,-50706.85883080125,-0.00428621843457222,-0.0024315109476447105,-0.002935902215540409,False,0.024332100059837103,468.732666015625,0.9154934883117676,1811.56396484375,1910.27880859375,0.005023523699492216,0.0,5120
M-10000,Transformer-2L,G:/PAI/outputs/checkpoints/world_model_ib_m10000_transformer2_fair_epoch_004.pt,reference_MPPI,42,240,-216.1428818138508,-50923.0017126151,0.01697321981191635,-0.006480423267930746,-0.005966959521174431,False,0.02417530003003776,483.0965881347656,0.9435480237007141,1841.456298828125,1915.69482421875,0.003980415873229504,0.0,5120
M-10000,Transformer-2L,G:/PAI/outputs/checkpoints/world_model_ib_m10000_transformer2_fair_epoch_004.pt,reference_MPPI,42,241,-212.60886255883537,-51135.61057517394,0.01482049934566021,0.010043690912425518,-0.006442312616854906,False,0.025276900036260486,485.21136474609375,0.9476784467697144,1847.3690185546875,1912.4296875,0.003643857082352042,0.0,5120
M-10000,Transformer-2L,G:/PAI/outputs/checkpoints/world_model_ib_m10000_transformer2_fair_epoch_004.pt,reference_MPPI,42,242,-223.92515709416455,-51359.5357322681,0.01236702036112547,0.003409985452890396,-0.003746041329577565,False,0.025093300035223365,482.6505126953125,0.9426767826080322,1839.5924072265625,1908.158447265625,0.0037639872170984745,0.0,5120
M-10000,Transformer-2L,G:/PAI/outputs/checkpoints/world_model_ib_m10000_transformer2_fair_epoch_004.pt,reference_MPPI,42,243,-209.7791752250107,-51569.31490749311,0.004091870039701462,0.015858475118875504,-0.0008665225468575954,False,0.024091999977827072,486.6077880859375,0.9504058361053467,1854.8529052734375,1912.1898193359375,0.0033780140802264214,0.0,5120
M-10000,Transformer-2L,G:/PAI/outputs/checkpoints/world_model_ib_m10000_transformer2_fair_epoch_004.pt,reference_MPPI,42,244,-213.22532966751064,-51782.540237160625,4.2813364416360855e-05,0.0008983060251921415,-0.008774658665060997,False,0.024977700086310506,491.0097351074219,0.9590033888816833,1856.0888671875,1907.371337890625,0.003188009839504957,0.0,5120
M-10000,Transformer-2L,G:/PAI/outputs/checkpoints/world_model_ib_m10000_transformer2_fair_epoch_004.pt,reference_MPPI,42,245,-216.04096555342343,-51998.58120271405,-0.01354750245809555,-0.003327959217131138,-0.0005063933786004782,False,0.025237099966034293,486.2249450683594,0.9496580958366394,1850.8822021484375,1914.221923828125,0.003584803780540824,0.0,5120
M-10000,Transformer-2L,G:/PAI/outputs/checkpoints/world_model_ib_m10000_transformer2_fair_epoch_004.pt,reference_MPPI,42,246,-214.5974428615721,-52213.17864557562,0.00372928474098444,0.007241430692374706,-0.007733023725450039,False,0.024081199895590544,475.5754089355469,0.92885822057724,1830.31689453125,1917.8934326171875,0.004517137072980404,0.0,5120
M-10000,Transformer-2L,G:/PAI/outputs/checkpoints/world_model_ib_m10000_transformer2_fair_epoch_004.pt,reference_MPPI,42,247,-211.21988435032682,-52424.39852992595,0.008257283829152584,0.013467524200677872,0.0036006588488817215,False,0.02418770012445748,480.9727478027344,0.9393998980522156,1829.38232421875,1916.0770263671875,0.004504170268774033,0.0,5120
M-10000,Transformer-2L,G:/PAI/outputs/checkpoints/world_model_ib_m10000_transformer2_fair_epoch_004.pt,reference_MPPI,42,248,-211.33254880269092,-52635.73107872864,-0.00512869656085968,0.0001085987314581871,0.001341039314866066,False,0.02499340008944273,474.70208740234375,0.9271525144577026,1819.752197265625,1911.1614990234375,0.004694041796028614,0.0,5120
M-10000,Transformer-2L,G:/PAI/outputs/checkpoints/world_model_ib_m10000_transformer2_fair_epoch_004.pt,reference_MPPI,42,249,-211.71257503525766,-52847.4436537639,0.002126912586390972,-3.5460107028484344e-05,-0.006517651490867138,False,0.02532820007763803,483.20361328125,0.9437570571899414,1848.9107666015625,1919.6142578125,0.003845615778118372,0.0,5120
M-10000,Transformer-2L,G:/PAI/outputs/checkpoints/world_model_ib_m10000_transformer2_fair_epoch_004.pt,reference_MPPI,42,250,-212.38345510092108,-53059.82710886482,0.009858598932623863,-0.0005319723859429359,-0.01343314629048109,False,0.025822499999776483,461.15869140625,0.900700569152832,1831.43505859375,1916.5250244140625,0.004335979465395212,0.0,5120
M-10000,Transformer-2L,G:/PAI/outputs/checkpoints/world_model_ib_m10000_transformer2_fair_epoch_004.pt,reference_MPPI,42,251,-220.4163905586043,-53280.24349942342,0.015228820964694023,0.005917955655604601,-0.009132309816777706,False,0.025064499815925956,485.7429504394531,0.9487167000770569,1858.8154296875,1921.4434814453125,0.0035550559405237436,0.0,5120
M-10000,Transformer-2L,G:/PAI/outputs/checkpoints/world_model_ib_m10000_transformer2_fair_epoch_004.pt,reference_MPPI,42,252,-228.94877026051034,-53509.19226968393,0.000973603455349803,0.006499173119664192,-0.0017738260794430971,False,0.025063800159841776,478.20556640625,0.933995246887207,1851.093994140625,1922.7393798828125,0.003857150673866272,0.0,5120
M-10000,Transformer-2L,G:/PAI/outputs/checkpoints/world_model_ib_m10000_transformer2_fair_epoch_004.pt,reference_MPPI,42,253,-238.90506262636336,-53748.097332310295,0.008251780644059181,-0.009778568521142006,-0.004747630096971989,False,0.024932200089097023,483.03094482421875,0.9434198141098022,1857.6102294921875,1929.6094970703125,0.00389887485653162,0.0,5120
M-10000,Transformer-2L,G:/PAI/outputs/checkpoints/world_model_ib_m10000_transformer2_fair_epoch_004.pt,reference_MPPI,42,254,-207.98274485353193,-53956.080077163824,-0.0026523061096668243,0.007347298786044121,-0.010800646618008614,False,0.025382299907505512,479.5661315917969,0.9366526007652283,1851.841064453125,1928.690185546875,0.004067159723490477,0.0,5120
M-10000,Transformer-2L,G:/PAI/outputs/checkpoints/world_model_ib_m10000_transformer2_fair_epoch_004.pt,reference_MPPI,42,255,-216.81951382082028,-54172.89959098464,-0.0002677030861377716,0.013913962990045547,0.000902147963643074,False,0.02619630005210638,488.8078918457031,0.9547029137611389,1847.254638671875,1915.76171875,0.0037862041499465704,0.0,5120
M-10000,Transformer-2L,G:/PAI/outputs/checkpoints/world_model_ib_m10000_transformer2_fair_epoch_004.pt,reference_MPPI,42,256,-218.69260087311,-54391.59219185775,0.0070695942267775536,0.012899206951260567,0.009128888137638569,False,0.02541049988940358,473.7940979003906,0.9253790974617004,1842.1104736328125,1921.6343994140625,0.004159828182309866,0.0,5120
M-10000,Transformer-2L,G:/PAI/outputs/checkpoints/world_model_ib_m10000_transformer2_fair_epoch_004.pt,reference_MPPI,42,257,-213.87708404903958,-54605.46927590679,0.00045943306758999825,0.009618397802114487,-0.00848137866705656,False,0.024211999960243702,494.0828552246094,0.9650055766105652,1851.7042236328125,1919.8690185546875,0.0037936028093099594,0.0,5120
M-10000,Transformer-2L,G:/PAI/outputs/checkpoints/world_model_ib_m10000_transformer2_fair_epoch_004.pt,reference_MPPI,42,258,-216.33249321775713,-54821.80176912455,0.0028203465044498444,-0.00859120860695839,-0.019264385104179382,False,0.025343199959024787,477.2691650390625,0.932166337966919,1849.2503662109375,1922.6993408203125,0.003928259946405888,0.0,5120
M-10000,Transformer-2L,G:/PAI/outputs/checkpoints/world_model_ib_m10000_transformer2_fair_epoch_004.pt,reference_MPPI,42,259,-226.1967546985307,-55047.99852382308,0.0011723220814019442,-0.002743903547525406,-0.0035745068453252316,False,0.025537800043821335,477.057861328125,0.9317536354064941,1829.1533203125,1923.95849609375,0.004866492934525013,0.0,5120
M-10000,Transformer-2L,G:/PAI/outputs/checkpoints/world_model_ib_m10000_transformer2_fair_epoch_004.pt,reference_MPPI,42,260,-222.81090535572656,-55270.80942917881,0.0049225217662751675,-0.003013875335454941,-0.012906708754599094,False,0.02472060010768473,488.0057373046875,0.9531362056732178,1868.252197265625,1928.288330078125,0.003474767319858074,0.0,5120
M-10000,Transformer-2L,G:/PAI/outputs/checkpoints/world_model_ib_m10000_transformer2_fair_epoch_004.pt,reference_MPPI,42,261,-249.95180946443642,-55520.761238643245,0.0009623223450034857,-0.010366838425397873,-0.003827792126685381,False,0.024781699990853667,481.6818542480469,0.9407848715782166,1851.1953125,1924.0596923828125,0.003923717420548201,0.0,5120
M-10000,Transformer-2L,G:/PAI/outputs/checkpoints/world_model_ib_m10000_transformer2_fair_epoch_004.pt,reference_MPPI,42,262,-234.46156960983495,-55755.22280825308,0.0035405587404966354,-0.010185481980443,0.0047232648357748985,False,0.025282900081947446,467.13525390625,0.9123735427856445,1820.5836181640625,1929.162353515625,0.005525244399905205,0.0,5120
M-10000,Transformer-2L,G:/PAI/outputs/checkpoints/world_model_ib_m10000_transformer2_fair_epoch_004.pt,reference_MPPI,42,263,-208.30923896318075,-55963.53204721626,0.005987436510622501,0.011786607094109058,-0.0033545964397490025,False,0.025816800072789192,471.0474548339844,0.9200145602226257,1824.0181884765625,1920.878173828125,0.004933380056172609,0.0,5120
M-10000,Transformer-2L,G:/PAI/outputs/checkpoints/world_model_ib_m10000_transformer2_fair_epoch_004.pt,reference_MPPI,42,264,-214.12759739791704,-56177.65964461417,0.009154963307082653,0.003985046409070492,0.0027436204254627228,False,0.026101999916136265,474.4486083984375,0.9266574382781982,1830.04052734375,1908.0831298828125,0.004102467093616724,0.0,5120
M-10000,Transformer-2L,G:/PAI/outputs/checkpoints/world_model_ib_m10000_transformer2_fair_epoch_004.pt,reference_MPPI,42,265,-233.25224978433607,-56410.91189439851,0.004358191508799791,-0.0007716864347457886,-0.01176285557448864,False,0.025698799872770905,482.0519714355469,0.9415077567100525,1845.76416015625,1912.4364013671875,0.0036874350626021624,0.0,5120
M-10000,Transformer-2L,G:/PAI/outputs/checkpoints/world_model_ib_m10000_transformer2_fair_epoch_004.pt,reference_MPPI,42,266,-210.4224452784968,-56621.33433967701,0.00040413904935121536,0.013119127601385117,-0.005355093628168106,False,0.02605049987323582,487.8526306152344,0.9528371691703796,1856.75146484375,1930.114990234375,0.003967221360653639,0.0,5120
M-10000,Transformer-2L,G:/PAI/outputs/checkpoints/world_model_ib_m10000_transformer2_fair_epoch_004.pt,reference_MPPI,42,267,-242.28456393937495,-56863.618903616385,-0.016655635088682175,-0.00389117281883955,0.011180057190358639,False,0.025338900042697787,479.29547119140625,0.9361239671707153,1837.63037109375,1919.486572265625,0.00428741006180644,0.0,5120
M-10000,Transformer-2L,G:/PAI/outputs/checkpoints/world_model_ib_m10000_transformer2_fair_epoch_004.pt,reference_MPPI,42,268,-218.50460274692614,-57082.123506363314,0.00891110673546791,0.009585659950971603,-0.006449650973081589,False,0.02670239983126521,493.5695495605469,0.9640030264854431,1874.8455810546875,1928.3193359375,0.0032711501698940992,0.0,5120
M-10000,Transformer-2L,G:/PAI/outputs/checkpoints/world_model_ib_m10000_transformer2_fair_epoch_004.pt,reference_MPPI,42,269,-208.1833217566197,-57290.30682811993,0.002142698969691992,-0.00394461490213871,0.0006212955340743065,False,0.026619500014930964,479.6924133300781,0.9368992447853088,1842.8125,1918.684814453125,0.004036162048578262,0.0,5120
M-10000,Transformer-2L,G:/PAI/outputs/checkpoints/world_model_ib_m10000_transformer2_fair_epoch_004.pt,reference_MPPI,42,270,-228.32579371203536,-57518.63262183197,0.003315212205052376,0.005912480875849724,-0.01177503913640976,False,0.027245600009337068,473.07611083984375,0.9239767789840698,1838.3419189453125,1914.52734375,0.00401910487562418,0.0,5120
M-10000,Transformer-2L,G:/PAI/outputs/checkpoints/world_model_ib_m10000_transformer2_fair_epoch_004.pt,reference_MPPI,42,271,-207.57191304802114,-57726.20453487999,0.0042026471346616745,-0.005664718337357044,-0.0031652546022087336,False,0.025029199896380305,478.2218017578125,0.9340269565582275,1842.8455810546875,1924.4970703125,0.004268629010766745,0.0,5120
M-10000,Transformer-2L,G:/PAI/outputs/checkpoints/world_model_ib_m10000_transformer2_fair_epoch_004.pt,reference_MPPI,42,272,-233.0963883996974,-57959.30092327968,0.00013356655836105347,-0.0010789355728775263,-0.006803577300161123,False,0.025282999966293573,478.22369384765625,0.9340306520462036,1827.9317626953125,1911.932373046875,0.004366597626358271,0.0,5120
M-10000,Transformer-2L,G:/PAI/outputs/checkpoints/world_model_ib_m10000_transformer2_fair_epoch_004.pt,reference_MPPI,42,273,-225.17745464215045,-58184.478377921834,-0.013406671583652496,0.004610398784279823,-0.012185019440948963,False,0.02385840006172657,473.03839111328125,0.9239031076431274,1829.5489501953125,1932.198974609375,0.005240913946181536,0.0,5120
M-10000,Transformer-2L,G:/PAI/outputs/checkpoints/world_model_ib_m10000_transformer2_fair_epoch_004.pt,reference_MPPI,42,274,-214.8054949126812,-58399.283872834516,0.007547845132648945,-0.013101750053465366,-0.0036578550934791565,False,0.02431490016169846,486.5711364746094,0.9503342509269714,1869.16064453125,1927.8028564453125,0.003419016720727086,0.0,5120
M-10000,Transformer-2L,G:/PAI/outputs/checkpoints/world_model_ib_m10000_transformer2_fair_epoch_004.pt,reference_MPPI,42,275,-206.57919764648102,-58605.863070481,0.004220365546643734,-0.0005330163985490799,-0.005005096551030874,False,0.025186399929225445,472.6218566894531,0.9230895638465881,1852.2381591796875,1928.7308349609375,0.0040262071415781975,0.0,5120
M-10000,Transformer-2L,G:/PAI/outputs/checkpoints/world_model_ib_m10000_transformer2_fair_epoch_004.pt,reference_MPPI,42,276,-237.3536522288661,-58843.21672270986,0.01086384430527687,0.002433408983051777,0.00022989045828580856,False,0.026680200127884746,475.8929748535156,0.9294784665107727,1853.6351318359375,1922.119140625,0.0037278877571225166,0.0,5120
M-10000,Transformer-2L,G:/PAI/outputs/checkpoints/world_model_ib_m10000_transformer2_fair_epoch_004.pt,reference_MPPI,42,277,-210.20223483633592,-59053.4189575462,-0.0024018660187721252,-0.005646668374538422,-0.0036233756691217422,False,0.026110699865967035,489.01043701171875,0.9550985097885132,1870.302490234375,1933.3271484375,0.0035840345080941916,0.0,5120
M-10000,Transformer-2L,G:/PAI/outputs/checkpoints/world_model_ib_m10000_transformer2_fair_epoch_004.pt,reference_MPPI,42,278,-230.37085047238492,-59283.789808018584,-0.007930934429168701,-0.010017282329499722,-0.01274544931948185,False,0.024514699820429087,475.11358642578125,0.927956223487854,1854.0013427734375,1923.391845703125,0.0037631415762007236,0.0,5120
M-10000,Transformer-2L,G:/PAI/outputs/checkpoints/world_model_ib_m10000_transformer2_fair_epoch_004.pt,reference_MPPI,42,279,-208.6286028169333,-59492.41841083552,-0.0088348388671875,0.007650389336049557,-0.0036040989216417074,False,0.02422709995880723,478.7650146484375,0.9350879192352295,1856.9649658203125,1940.594970703125,0.0043603358790278435,0.0,5120
M-10000,Transformer-2L,G:/PAI/outputs/checkpoints/world_model_ib_m10000_transformer2_fair_epoch_004.pt,reference_MPPI,42,280,-213.5121889084314,-59705.93059974395,0.009454721584916115,-0.004024122375994921,-0.004782300442457199,False,0.02502440009266138,488.6036071777344,0.9543039202690125,1856.0059814453125,1924.25927734375,0.0037727642338722944,0.0,5120
M-10000,Transformer-2L,G:/PAI/outputs/checkpoints/world_model_ib_m10000_transformer2_fair_epoch_004.pt,reference_MPPI,42,281,-223.0771122891623,-59929.00771203311,0.00668359687551856,-0.0033941809087991714,-0.001187209039926529,False,0.025428500026464462,474.2039794921875,0.9261796474456787,1835.2899169921875,1926.013916015625,0.0046510836109519005,0.0,5120
M-10000,Transformer-2L,G:/PAI/outputs/checkpoints/world_model_ib_m10000_transformer2_fair_epoch_004.pt,reference_MPPI,42,282,-208.2047347834742,-60137.212446816586,0.010810570791363716,-0.006322724744677544,-0.005897148512303829,False,0.026649699779227376,477.60821533203125,0.9328285455703735,1837.8751220703125,1928.909912109375,0.004689033608883619,0.0,5120
M-10000,Transformer-2L,G:/PAI/outputs/checkpoints/world_model_ib_m10000_transformer2_fair_epoch_004.pt,reference_MPPI,42,283,-213.22238504568105,-60350.434831862265,0.006448401603847742,0.014007733203470707,-0.00774077232927084,False,0.0247766999527812,467.3182067871094,0.912730872631073,1831.087890625,1919.378173828125,0.004498656839132309,0.0,5120
M-10000,Transformer-2L,G:/PAI/outputs/checkpoints/world_model_ib_m10000_transformer2_fair_epoch_004.pt,reference_MPPI,42,284,-226.3795015030572,-60576.81433336532,0.012039599008858204,0.00471143564209342,-0.007932194508612156,False,0.025531099876388907,488.2998352050781,0.9537106156349182,1867.44482421875,1926.5050048828125,0.0034375861287117004,0.0,5120
M-10000,Transformer-2L,G:/PAI/outputs/checkpoints/world_model_ib_m10000_transformer2_fair_epoch_004.pt,reference_MPPI,42,285,-207.19431000011093,-60784.00864336543,0.006071966141462326,0.005812860559672117,-0.006150915753096342,False,0.02527009998448193,488.7442626953125,0.9545786380767822,1878.4239501953125,1935.5302734375,0.0033761514350771904,0.0,5120
M-10000,Transformer-2L,G:/PAI/outputs/checkpoints/world_model_ib_m10000_transformer2_fair_epoch_004.pt,reference_MPPI,42,286,-218.44026342898786,-61002.448906794416,0.0010873246937990189,-0.00568110216408968,0.000176276545971632,False,0.024819300044327974,468.9292297363281,0.9158774018287659,1838.898681640625,1929.6087646484375,0.004635692108422518,0.0,5120
M-10000,Transformer-2L,G:/PAI/outputs/checkpoints/world_model_ib_m10000_transformer2_fair_epoch_004.pt,reference_MPPI,42,287,-226.50573746579082,-61228.95464426021,-0.004487968981266022,-0.0033390182070434093,-0.01051577739417553,False,0.02503520017489791,473.105712890625,0.924034595489502,1865.429443359375,1936.3233642578125,0.0038120197132229805,0.0,5120
M-10000,Transformer-2L,G:/PAI/outputs/checkpoints/world_model_ib_m10000_transformer2_fair_epoch_004.pt,reference_MPPI,42,288,-230.54808252407264,-61459.50272678428,0.00597574096173048,0.012751881964504719,-0.0003541219048202038,False,0.026427899952977896,466.26226806640625,0.9106684923171997,1847.77734375,1937.243896484375,0.0045695495791733265,0.0,5120
M-10000,Transformer-2L,G:/PAI/outputs/checkpoints/world_model_ib_m10000_transformer2_fair_epoch_004.pt,reference_MPPI,42,289,-235.75924612261997,-61695.261972906905,0.0014178224373608828,-0.00878903642296791,-0.00742436433210969,False,0.024900199845433235,459.951904296875,0.898343563079834,1837.735595703125,1929.75634765625,0.0046437275595963,0.0,5120
M-10000,Transformer-2L,G:/PAI/outputs/checkpoints/world_model_ib_m10000_transformer2_fair_epoch_004.pt,reference_MPPI,42,290,-212.47683389090457,-61907.73880679781,0.01138194277882576,0.010428323410451412,0.004746873863041401,False,0.025331899989396334,482.216064453125,0.9418282508850098,1870.3243408203125,1939.247802734375,0.0037757407408207655,0.0,5120
M-10000,Transformer-2L,G:/PAI/outputs/checkpoints/world_model_ib_m10000_transformer2_fair_epoch_004.pt,reference_MPPI,42,291,-227.19279952694433,-62134.93160632475,0.0025815567933022976,-0.006419610232114792,0.005843346007168293,False,0.02511739986948669,466.6710510253906,0.9114668965339661,1849.32568359375,1925.8367919921875,0.003998016007244587,0.0,5120
M-10000,Transformer-2L,G:/PAI/outputs/checkpoints/world_model_ib_m10000_transformer2_fair_epoch_004.pt,reference_MPPI,42,292,-217.68666945766353,-62352.61827578241,-0.002453118097037077,0.010675658471882343,0.016601786017417908,False,0.024915300076827407,490.1271057128906,0.9572795033454895,1868.2008056640625,1934.59423828125,0.0037120943889021873,0.0,5120
M-10000,Transformer-2L,G:/PAI/outputs/checkpoints/world_model_ib_m10000_transformer2_fair_epoch_004.pt,reference_MPPI,42,293,-216.85922092053522,-62569.47749670295,0.010183057747781277,0.00046526268124580383,-0.01370114367455244,False,0.0245236000046134,480.07965087890625,0.9376555681228638,1852.3677978515625,1926.114990234375,0.003954140469431877,0.0,5120
M-10000,Transformer-2L,G:/PAI/outputs/checkpoints/world_model_ib_m10000_transformer2_fair_epoch_004.pt,reference_MPPI,42,294,-222.7094819806729,-62792.186978683625,0.00011812802404165268,-0.0025449981912970543,0.005978494882583618,False,0.02525870013050735,483.14886474609375,0.9436501264572144,1858.6944580078125,1930.027587890625,0.0038678355049341917,0.0,5120
M-10000,Transformer-2L,G:/PAI/outputs/checkpoints/world_model_ib_m10000_transformer2_fair_epoch_004.pt,reference_MPPI,42,295,-210.8075575012254,-63002.99453618485,0.004716510884463787,-0.0037444550544023514,-0.006656250916421413,False,0.025281300069764256,461.2551574707031,0.900888979434967,1824.52783203125,1919.92578125,0.004795768763870001,0.0,5120
M-10000,Transformer-2L,G:/PAI/outputs/checkpoints/world_model_ib_m10000_transformer2_fair_epoch_004.pt,reference_MPPI,42,296,-230.12560760807565,-63233.12014379293,0.0038029905408620834,-0.00041253119707107544,0.014423554763197899,False,0.02505880012176931,473.1744079589844,0.9241687655448914,1840.2288818359375,1924.30859375,0.004345445428043604,0.0,5120
M-10000,Transformer-2L,G:/PAI/outputs/checkpoints/world_model_ib_m10000_transformer2_fair_epoch_004.pt,reference_MPPI,42,297,-230.26083911799088,-63463.380982910916,0.004523583687841892,0.009744393639266491,-0.012138248421251774,False,0.024549700086936355,490.74981689453125,0.9584957361221313,1856.8424072265625,1933.399658203125,0.0041128802113235,0.0,5120
M-10000,Transformer-2L,G:/PAI/outputs/checkpoints/world_model_ib_m10000_transformer2_fair_epoch_004.pt,reference_MPPI,42,298,-218.55379956460754,-63681.934782475524,0.005181395448744297,-0.004102849401533604,-0.005902065895497799,False,0.02518399991095066,476.9212951660156,0.9314869046211243,1849.01220703125,1932.39306640625,0.004338589031249285,0.0,5120
M-10000,Transformer-2L,G:/PAI/outputs/checkpoints/world_model_ib_m10000_transformer2_fair_epoch_004.pt,reference_MPPI,42,299,-213.70234920556018,-63895.637131681084,-0.0014704903587698936,0.013289258815348148,0.002959414152428508,False,0.0243796999566257,482.8984375,0.9431610107421875,1834.6163330078125,1922.68359375,0.00457129767164588,0.0,5120
M-10000,Transformer-2L,G:/PAI/outputs/checkpoints/world_model_ib_m10000_transformer2_fair_epoch_004.pt,reference_MPPI,42,300,-229.5698012912489,-64125.20693297233,0.0029288772493600845,-0.0003436645492911339,0.006854047998785973,False,0.02568329987116158,482.6293029785156,0.9426353573799133,1837.12939453125,1922.230224609375,0.004441472701728344,0.0,5120
M-10000,Transformer-2L,G:/PAI/outputs/checkpoints/world_model_ib_m10000_transformer2_fair_epoch_004.pt,reference_MPPI,42,301,-225.75812713102903,-64350.96506010336,-0.007049184292554855,0.010393597185611725,0.010371528565883636,False,0.025283699855208397,484.3223571777344,0.9459421038627625,1859.4112548828125,1927.0318603515625,0.003730294993147254,0.0,5120
M-10000,Transformer-2L,G:/PAI/outputs/checkpoints/world_model_ib_m10000_transformer2_fair_epoch_004.pt,reference_MPPI,42,302,-237.42447210204685,-64588.3895322054,-0.007082642987370491,0.00394849106669426,-0.003381759859621525,False,0.02545109996572137,465.1904296875,0.9085750579833984,1841.337158203125,1938.07080078125,0.004905770532786846,0.0,5120
M-10000,Transformer-2L,G:/PAI/outputs/checkpoints/world_model_ib_m10000_transformer2_fair_epoch_004.pt,reference_MPPI,42,303,-238.50547334080522,-64826.895005546205,-0.007539054844528437,0.02050747722387314,-0.0053021726198494434,False,0.025481200078502297,478.1736755371094,0.9339329600334167,1850.6920166015625,1934.8609619140625,0.004373331554234028,0.0,5120
M-10000,Transformer-2L,G:/PAI/outputs/checkpoints/world_model_ib_m10000_transformer2_fair_epoch_004.pt,reference_MPPI,42,304,-215.5821238688349,-65042.47712941504,0.004010611213743687,0.0055679818615317345,0.003583368146792054,False,0.025580500019714236,479.3697814941406,0.9362691044807434,1861.3546142578125,1935.8956298828125,0.003979498986154795,0.0,5120
M-10000,Transformer-2L,G:/PAI/outputs/checkpoints/world_model_ib_m10000_transformer2_fair_epoch_004.pt,reference_MPPI,42,305,-210.90363337825272,-65253.38076279329,0.003059214446693659,0.018265143036842346,0.002683069556951523,False,0.02536589978262782,471.4768371582031,0.9208531975746155,1836.284912109375,1927.3427734375,0.004654136952012777,0.0,5120
M-10000,Transformer-2L,G:/PAI/outputs/checkpoints/world_model_ib_m10000_transformer2_fair_epoch_004.pt,reference_MPPI,42,306,-217.2033082824891,-65470.58407107578,0.007447945885360241,-0.002757941372692585,-0.005946154706180096,False,0.026082100113853812,482.1156005859375,0.9416320323944092,1862.51708984375,1930.7685546875,0.003747926326468587,0.0,5120
M-10000,Transformer-2L,G:/PAI/outputs/checkpoints/world_model_ib_m10000_transformer2_fair_epoch_004.pt,reference_MPPI,42,307,-222.2213678313169,-65692.80543890709,-0.006350381299853325,0.0038420716300606728,-0.007437725551426411,False,0.024596199858933687,486.4127502441406,0.9500249028205872,1875.1085205078125,1934.751953125,0.0034525457303971052,0.0,5120
M-10000,Transformer-2L,G:/PAI/outputs/checkpoints/world_model_ib_m10000_transformer2_fair_epoch_004.pt,reference_MPPI,42,308,-218.18846747581767,-65910.99390638291,0.004999358672648668,0.0056063211522996426,0.0070184506475925446,False,0.026093299966305494,477.5673828125,0.9327487945556641,1849.1622314453125,1930.453125,0.0042462823912501335,0.0,5120
M-10000,Transformer-2L,G:/PAI/outputs/checkpoints/world_model_ib_m10000_transformer2_fair_epoch_004.pt,reference_MPPI,42,309,-219.2524901836464,-66130.24639656655,0.00918193906545639,0.004715600050985813,-0.0132630355656147,False,0.025116800097748637,475.58953857421875,0.928885817527771,1855.478271484375,1931.0205078125,0.004003316164016724,0.0,5120
M-10000,Transformer-2L,G:/PAI/outputs/checkpoints/world_model_ib_m10000_transformer2_fair_epoch_004.pt,reference_MPPI,42,310,-220.1727744442519,-66350.4191710108,-0.002233196049928665,-0.005847345571964979,0.0020225606858730316,False,0.025315599981695414,484.0095520019531,0.9453311562538147,1866.7442626953125,1937.38525390625,0.003845412749797106,0.0,5120
M-10000,Transformer-2L,G:/PAI/outputs/checkpoints/world_model_ib_m10000_transformer2_fair_epoch_004.pt,reference_MPPI,42,311,-211.8027603865373,-66562.22193139733,0.004214956425130367,0.005174288526177406,0.003907494712620974,False,0.024982099886983633,485.0016784667969,0.9472689032554626,1878.5008544921875,1938.8165283203125,0.003475012956187129,0.0,5120
M-10000,Transformer-2L,G:/PAI/outputs/checkpoints/world_model_ib_m10000_transformer2_fair_epoch_004.pt,reference_MPPI,42,312,-226.05069736407148,-66788.2726287614,0.010818729177117348,0.0006549442186951637,0.0042739794589579105,False,0.025115699972957373,481.501220703125,0.940432071685791,1867.1644287109375,1930.4254150390625,0.00356181338429451,0.0,5120
M-10000,Transformer-2L,G:/PAI/outputs/checkpoints/world_model_ib_m10000_transformer2_fair_epoch_004.pt,reference_MPPI,42,313,-214.39734127955143,-67002.66997004095,-0.007868604734539986,-0.007907859981060028,-0.00280690286308527,False,0.024979100096970797,488.2625427246094,0.9536377787590027,1887.1776123046875,1942.02685546875,0.003299084259197116,0.0,5120
M-10000,Transformer-2L,G:/PAI/outputs/checkpoints/world_model_ib_m10000_transformer2_fair_epoch_004.pt,reference_MPPI,42,314,-215.06166083690073,-67217.73163087785,-0.00897384062409401,-0.008630521595478058,0.0008309707045555115,False,0.024579300079494715,479.49609375,0.9365158081054688,1873.5301513671875,1943.8436279296875,0.00381885701790452,0.0,5120
M-10000,Transformer-2L,G:/PAI/outputs/checkpoints/world_model_ib_m10000_transformer2_fair_epoch_004.pt,reference_MPPI,42,315,-217.65093894278544,-67435.38256982063,0.005508857779204845,-0.008395267650485039,0.0004381525795906782,False,0.025497700087726116,474.721435546875,0.9271903038024902,1850.567138671875,1938.3502197265625,0.004522334784269333,0.0,5120
M-10000,Transformer-2L,G:/PAI/outputs/checkpoints/world_model_ib_m10000_transformer2_fair_epoch_004.pt,reference_MPPI,42,316,-224.7668407987847,-67660.14941061941,0.008302101865410805,-0.0056813061237335205,-0.007004766259342432,False,0.025861299829557538,467.26861572265625,0.912634015083313,1846.036376953125,1944.822998046875,0.005003906786441803,0.0,5120
M-10000,Transformer-2L,G:/PAI/outputs/checkpoints/world_model_ib_m10000_transformer2_fair_epoch_004.pt,reference_MPPI,42,317,-229.23816115416457,-67889.38757177358,-0.00494739506393671,0.000886338297277689,0.0038223648443818092,False,0.02537819999270141,481.54412841796875,0.9405158758163452,1860.881591796875,1945.2158203125,0.004400296602398157,0.0,5120
M-10000,Transformer-2L,G:/PAI/outputs/checkpoints/world_model_ib_m10000_transformer2_fair_epoch_004.pt,reference_MPPI,42,318,-215.8603014575852,-68105.24787323116,0.009939553216099739,-0.003978924825787544,-0.003128274343907833,False,0.02576080011203885,477.7666015625,0.9331378936767578,1869.1055908203125,1946.784423828125,0.004101491998881102,0.0,5120
M-10000,Transformer-2L,G:/PAI/outputs/checkpoints/world_model_ib_m10000_transformer2_fair_epoch_004.pt,reference_MPPI,42,319,-224.5955419757655,-68329.84341520692,0.0008225277997553349,-0.009624197147786617,-0.0005124332383275032,False,0.025517400121316314,473.385009765625,0.9245800971984863,1863.5823974609375,1941.5390625,0.004086666274815798,0.0,5120
M-10000,Transformer-2L,G:/PAI/outputs/checkpoints/world_model_ib_m10000_transformer2_fair_epoch_004.pt,reference_MPPI,42,320,-211.22451114848408,-68541.0679263554,0.004743277095258236,-0.00324375182390213,-0.0055269524455070496,False,0.02594620012678206,478.7708740234375,0.9350993633270264,1848.13037109375,1935.126708984375,0.0045085484161973,0.0,5120
M-10000,Transformer-2L,G:/PAI/outputs/checkpoints/world_model_ib_m10000_transformer2_fair_epoch_004.pt,reference_MPPI,42,321,-221.87641513178022,-68762.94434148718,-0.0020749205723404884,0.004824954085052013,-0.015131513588130474,False,0.02422999986447394,477.9526062011719,0.9335011839866638,1862.720947265625,1935.5582275390625,0.0039052360225468874,0.0,5120
M-10000,Transformer-2L,G:/PAI/outputs/checkpoints/world_model_ib_m10000_transformer2_fair_epoch_004.pt,reference_MPPI,42,322,-227.71548134122756,-68990.65982282841,0.0014775414019823074,-0.0023194942623376846,-0.003979987930506468,False,0.027124299900606275,474.25665283203125,0.926282525062561,1860.110595703125,1943.79931640625,0.004339869134128094,0.0,5120
M-10000,Transformer-2L,G:/PAI/outputs/checkpoints/world_model_ib_m10000_transformer2_fair_epoch_004.pt,reference_MPPI,42,323,-216.97255735048543,-69207.6323801789,0.008760198950767517,-0.0004145809216424823,-0.003717261366546154,False,0.028053499991074204,476.7353820800781,0.9311237931251526,1867.0418701171875,1939.36181640625,0.003879227675497532,0.0,5120
M-10000,Transformer-2L,G:/PAI/outputs/checkpoints/world_model_ib_m10000_transformer2_fair_epoch_004.pt,reference_MPPI,42,324,-213.67123097036824,-69421.30361114927,-0.00020931661128997803,0.005424095317721367,-0.004073639400303364,False,0.026253500021994114,484.6221618652344,0.9465276598930359,1858.2156982421875,1936.0577392578125,0.004136871080845594,0.0,5120
M-10000,Transformer-2L,G:/PAI/outputs/checkpoints/world_model_ib_m10000_transformer2_fair_epoch_004.pt,reference_MPPI,42,325,-218.97266750896506,-69640.27627865823,-0.0018637040629982948,-0.00450526736676693,-0.003029214683920145,False,0.026548799825832248,472.3061828613281,0.9224730134010315,1834.9866943359375,1935.861572265625,0.005152834113687277,0.0,5120
M-10000,Transformer-2L,G:/PAI/outputs/checkpoints/world_model_ib_m10000_transformer2_fair_epoch_004.pt,reference_MPPI,42,326,-232.82375544727648,-69873.1000341055,0.004893499426543713,-0.001690133474767208,0.015494519844651222,False,0.028623299906030297,483.82177734375,0.9449644088745117,1873.939453125,1942.528564453125,0.003768278518691659,0.0,5120
M-10000,Transformer-2L,G:/PAI/outputs/checkpoints/world_model_ib_m10000_transformer2_fair_epoch_004.pt,reference_MPPI,42,327,-221.3007866722366,-70094.40082077774,-0.0006782077252864838,0.004736602772027254,-0.007411470636725426,False,0.02744990005157888,484.1541442871094,0.9456135630607605,1871.9371337890625,1938.854248046875,0.003705110400915146,0.0,5120
M-10000,Transformer-2L,G:/PAI/outputs/checkpoints/world_model_ib_m10000_transformer2_fair_epoch_004.pt,reference_MPPI,42,328,-222.4262255362463,-70316.82704631398,0.004180644638836384,-0.004160162061452866,-0.008171155117452145,False,0.028761500027030706,468.20556640625,0.914463996887207,1853.88525390625,1933.090576171875,0.004116079304367304,0.0,5120
M-10000,Transformer-2L,G:/PAI/outputs/checkpoints/world_model_ib_m10000_transformer2_fair_epoch_004.pt,reference_MPPI,42,329,-213.28654836088518,-70530.11359467487,0.016299355775117874,-0.007336083799600601,0.007412936072796583,False,0.026844199979677796,480.927978515625,0.9393124580383301,1868.6422119140625,1935.65625,0.003694729646667838,0.0,5120
M-10000,Transformer-2L,G:/PAI/outputs/checkpoints/world_model_ib_m10000_transformer2_fair_epoch_004.pt,reference_MPPI,42,330,-227.52607468886765,-70757.63966936374,0.009502029977738857,-0.00837215967476368,-0.0025299605913460255,False,0.027332300087437034,481.3133239746094,0.9400650858879089,1860.4691162109375,1937.2318115234375,0.004083289764821529,0.0,5120
M-10000,Transformer-2L,G:/PAI/outputs/checkpoints/world_model_ib_m10000_transformer2_fair_epoch_004.pt,reference_MPPI,42,331,-216.78333359170773,-70974.42300295545,0.012074277736246586,0.0024027912877500057,0.0017242878675460815,False,0.026979200076311827,489.9912414550781,0.9570141434669495,1873.68359375,1935.10986328125,0.0035299956798553467,0.0,5120
M-10000,Transformer-2L,G:/PAI/outputs/checkpoints/world_model_ib_m10000_transformer2_fair_epoch_004.pt,reference_MPPI,42,332,-214.47714660977044,-71188.90014956522,-0.0028794873505830765,0.001763200736604631,0.011261419393122196,False,0.026253800140693784,488.2110290527344,0.9535371661186218,1873.12353515625,1931.751953125,0.0034283194690942764,0.0,5120
M-10000,Transformer-2L,G:/PAI/outputs/checkpoints/world_model_ib_m10000_transformer2_fair_epoch_004.pt,reference_MPPI,42,333,-239.05558993230667,-71427.95573949753,-0.0006896667182445526,-0.001050315797328949,-0.00204909173771739,False,0.02558279992081225,478.3642272949219,0.9343051314353943,1834.164306640625,1928.864990234375,0.004868971649557352,0.0,5120
M-10000,Transformer-2L,G:/PAI/outputs/checkpoints/world_model_ib_m10000_transformer2_fair_epoch_004.pt,reference_MPPI,42,334,-231.65678450517476,-71659.6125240027,0.008135618641972542,-0.0009411424398422241,-0.0005568997003138065,False,0.02803940000012517,473.1662902832031,0.9241529107093811,1860.8409423828125,1933.125732421875,0.0038657153490930796,0.0,5120
M-10000,Transformer-2L,G:/PAI/outputs/checkpoints/world_model_ib_m10000_transformer2_fair_epoch_004.pt,reference_MPPI,42,335,-232.79021305448467,-71892.40273705719,0.0014766547828912735,-0.0009135855361819267,-0.008856753818690777,False,0.02553849993273616,485.1943664550781,0.9476452469825745,1861.087890625,1932.48681640625,0.003881420474499464,0.0,5120
M-10000,Transformer-2L,G:/PAI/outputs/checkpoints/world_model_ib_m10000_transformer2_fair_epoch_004.pt,reference_MPPI,42,336,-219.03721863361332,-72111.4399556908,0.004482661373913288,4.87184152007103e-05,-0.002451145090162754,False,0.027382500004023314,480.945068359375,0.9393458366394043,1859.9805908203125,1937.723876953125,0.004117433447390795,0.0,5120
M-10000,Transformer-2L,G:/PAI/outputs/checkpoints/world_model_ib_m10000_transformer2_fair_epoch_004.pt,reference_MPPI,42,337,-218.34235489230153,-72329.7823105831,0.0004320479929447174,0.0015023504383862019,-0.007648304104804993,False,0.02690490009263158,480.9869689941406,0.9394276738166809,1862.999267578125,1930.27734375,0.0037077218294143677,0.0,5120
M-10000,Transformer-2L,G:/PAI/outputs/checkpoints/world_model_ib_m10000_transformer2_fair_epoch_004.pt,reference_MPPI,42,338,-237.737870500036,-72567.52018108313,0.006002875976264477,0.0037587033584713936,-0.00030252477154135704,False,0.02637300011701882,455.2767639160156,0.889212429523468,1810.97412109375,1936.428955078125,0.0064682080410420895,0.0,5120
M-10000,Transformer-2L,G:/PAI/outputs/checkpoints/world_model_ib_m10000_transformer2_fair_epoch_004.pt,reference_MPPI,42,339,-221.03638873427747,-72788.55656981742,0.012032791040837765,0.0020081093534827232,-0.00018062815070152283,False,0.025525299832224846,490.1478576660156,0.9573200345039368,1880.1300048828125,1935.865478515625,0.0033343257382512093,0.0,5120
M-10000,Transformer-2L,G:/PAI/outputs/checkpoints/world_model_ib_m10000_transformer2_fair_epoch_004.pt,reference_MPPI,42,340,-219.8141713387686,-73008.37074115619,0.0008575976826250553,0.0009751822799444199,-0.0021425080485641956,False,0.02737860009074211,488.2367858886719,0.9535874724388123,1858.232421875,1926.8897705078125,0.003786760848015547,0.0,5120
M-10000,Transformer-2L,G:/PAI/outputs/checkpoints/world_model_ib_m10000_transformer2_fair_epoch_004.pt,reference_MPPI,42,341,-222.01606594319355,-73230.38680709939,0.010509946383535862,-0.010174525901675224,0.003236297285184264,False,0.026723999995738268,476.61773681640625,0.9308940172195435,1856.758544921875,1931.4466552734375,0.00397573783993721,0.0,5120
M-10000,Transformer-2L,G:/PAI/outputs/checkpoints/world_model_ib_m10000_transformer2_fair_epoch_004.pt,reference_MPPI,42,342,-222.47428866951913,-73452.86109576891,0.006544812582433224,0.009763391688466072,-0.01533661037683487,False,0.026537900092080235,478.9566650390625,0.935462236404419,1855.1529541015625,1929.8275146484375,0.003980687819421291,0.0,5120
M-10000,Transformer-2L,G:/PAI/outputs/checkpoints/world_model_ib_m10000_transformer2_fair_epoch_004.pt,reference_MPPI,42,343,-228.98134346067923,-73681.84243922959,0.0003200327046215534,-0.000587032176554203,-0.005648885387927294,False,0.026394200045615435,474.778076171875,0.9273009300231934,1858.0203857421875,1935.38427734375,0.004070378374308348,0.0,5120
M-10000,Transformer-2L,G:/PAI/outputs/checkpoints/world_model_ib_m10000_transformer2_fair_epoch_004.pt,reference_MPPI,42,344,-225.70790715262382,-73907.55034638221,0.010982444509863853,-0.0006355640944093466,-0.0004151295870542526,False,0.026251399889588356,460.4649353027344,0.8993455767631531,1853.5860595703125,1940.53759765625,0.0044130259193480015,0.0,5120
M-10000,Transformer-2L,G:/PAI/outputs/checkpoints/world_model_ib_m10000_transformer2_fair_epoch_004.pt,reference_MPPI,42,345,-220.98259115486547,-74128.53293753708,0.0002721664495766163,0.00027896277606487274,-0.012876912951469421,False,0.02813959983177483,483.01080322265625,0.9433804750442505,1860.260986328125,1935.149169921875,0.004008528310805559,0.0,5120
M-10000,Transformer-2L,G:/PAI/outputs/checkpoints/world_model_ib_m10000_transformer2_fair_epoch_004.pt,reference_MPPI,42,346,-213.0167137678671,-74341.54965130494,0.00186671142000705,0.002216753549873829,-0.006128085311502218,False,0.02576659992337227,489.5230712890625,0.9560997486114502,1868.666259765625,1934.1090087890625,0.003673393977805972,0.0,5120
M-10000,Transformer-2L,G:/PAI/outputs/checkpoints/world_model_ib_m10000_transformer2_fair_epoch_004.pt,reference_MPPI,42,347,-216.53079877554802,-74558.0804500805,-0.0024532536044716835,0.007214195095002651,0.000738208182156086,False,0.02407429995946586,476.2720642089844,0.9302188754081726,1828.1729736328125,1932.9356689453125,0.005377977155148983,0.0,5120
M-10000,Transformer-2L,G:/PAI/outputs/checkpoints/world_model_ib_m10000_transformer2_fair_epoch_004.pt,reference_MPPI,42,348,-231.93044179723557,-74790.01089187773,0.0034898361191153526,0.008139473386108875,-0.00014462892431765795,False,0.024756999919191003,477.68963623046875,0.9329875707626343,1856.0345458984375,1934.3111572265625,0.004128692205995321,0.0,5120
M-10000,Transformer-2L,G:/PAI/outputs/checkpoints/world_model_ib_m10000_transformer2_fair_epoch_004.pt,reference_MPPI,42,349,-235.73888481133133,-75025.74977668906,-0.007158960215747356,-0.007759998086839914,-0.007192311342805624,False,0.025214700028300285,475.4679260253906,0.9286482930183411,1865.70654296875,1945.82275390625,0.004191509913653135,0.0,5120
M-10000,Transformer-2L,G:/PAI/outputs/checkpoints/world_model_ib_m10000_transformer2_fair_epoch_004.pt,reference_MPPI,42,350,-214.5625291447781,-75240.31230583384,0.008236061781644821,-0.005059513263404369,-0.019939763471484184,False,0.024484100053086877,478.7498474121094,0.9350582957267761,1869.7115478515625,1948.20556640625,0.004137157462537289,0.0,5120
M-10000,Transformer-2L,G:/PAI/outputs/checkpoints/world_model_ib_m10000_transformer2_fair_epoch_004.pt,reference_MPPI,42,351,-226.53224863624496,-75466.84455447008,0.00929077249020338,0.002102433703839779,-0.004062480293214321,False,0.02612950000911951,467.4802551269531,0.9130473732948303,1854.17822265625,1941.040283203125,0.004443568643182516,0.0,5120
M-10000,Transformer-2L,G:/PAI/outputs/checkpoints/world_model_ib_m10000_transformer2_fair_epoch_004.pt,reference_MPPI,42,352,-220.50442859465676,-75687.34898306473,0.007011526729911566,0.0036352472379803658,-0.010608376003801823,False,0.02566979988478124,485.15008544921875,0.9475587606430054,1882.3638916015625,1946.24560546875,0.00359982717782259,0.0,5120
M-10000,Transformer-2L,G:/PAI/outputs/checkpoints/world_model_ib_m10000_transformer2_fair_epoch_004.pt,reference_MPPI,42,353,-232.9348962297472,-75920.28387929448,0.0008874302729964256,-0.004738682880997658,0.0023500993847846985,False,0.02709400001913309,472.3550109863281,0.9225683808326721,1869.9871826171875,1948.2510986328125,0.004107431974261999,0.0,5120
M-10000,Transformer-2L,G:/PAI/outputs/checkpoints/world_model_ib_m10000_transformer2_fair_epoch_004.pt,reference_MPPI,42,354,-219.76388431113327,-76140.04776360562,0.0017742244526743889,0.004029510542750359,-0.0080939382314682,False,0.026694400003179908,474.182861328125,0.9261384010314941,1862.2928466796875,1947.05908203125,0.004383827093988657,0.0,5120
M-10000,Transformer-2L,G:/PAI/outputs/checkpoints/world_model_ib_m10000_transformer2_fair_epoch_004.pt,reference_MPPI,42,355,-222.50980366179954,-76362.55756726742,-0.0005671791732311249,-0.006193147972226143,-0.00020942464470863342,False,0.02678790013305843,488.91650390625,0.9549150466918945,1878.339599609375,1947.0478515625,0.00379171222448349,0.0,5120
M-10000,Transformer-2L,G:/PAI/outputs/checkpoints/world_model_ib_m10000_transformer2_fair_epoch_004.pt,reference_MPPI,42,356,-218.61763472260247,-76581.17520199002,0.005901016294956207,-0.007894692942500114,-0.005134301260113716,False,0.026312400121241808,484.4023742675781,0.9460983872413635,1869.650146484375,1943.54052734375,0.003976775333285332,0.0,5120
M-10000,Transformer-2L,G:/PAI/outputs/checkpoints/world_model_ib_m10000_transformer2_fair_epoch_004.pt,reference_MPPI,42,357,-220.02028589909855,-76801.19548788911,0.0020012501627206802,-0.0046510640531778336,0.003445960581302643,False,0.028792800148949027,479.82568359375,0.937159538269043,1867.3575439453125,1946.128662109375,0.004158917348831892,0.0,5120
M-10000,Transformer-2L,G:/PAI/outputs/checkpoints/world_model_ib_m10000_transformer2_fair_epoch_004.pt,reference_MPPI,42,358,-218.21622921983166,-77019.41171710895,-0.00025463756173849106,-0.002675173804163933,0.0008738897740840912,False,0.02757440018467605,485.9815979003906,0.9491828083992004,1858.645263671875,1947.37109375,0.004623794928193092,0.0,5120
M-10000,Transformer-2L,G:/PAI/outputs/checkpoints/world_model_ib_m10000_transformer2_fair_epoch_004.pt,reference_MPPI,42,359,-218.83256987851013,-77238.24428698745,0.002222598996013403,0.004889378324151039,-0.006322682835161686,False,0.027647400042042136,480.0539855957031,0.9376054406166077,1877.634033203125,1944.39404296875,0.003682776354253292,0.0,5120
M-10000,Transformer-2L,G:/PAI/outputs/checkpoints/world_model_ib_m10000_transformer2_fair_epoch_004.pt,reference_MPPI,42,360,-238.07167634245292,-77476.31596332991,-0.003952640108764172,0.004021903499960899,0.016048692166805267,False,0.027751500019803643,487.56884765625,0.9522829055786133,1872.2354736328125,1948.615966796875,0.00409096572548151,0.0,5120
M-10000,Transformer-2L,G:/PAI/outputs/checkpoints/world_model_ib_m10000_transformer2_fair_epoch_004.pt,reference_MPPI,42,361,-228.41708029255986,-77704.73304362247,0.0031357677653431892,-0.011380628682672977,0.0068746767938137054,False,0.027171099791303277,468.8541259765625,0.9157307147979736,1854.3365478515625,1952.092529296875,0.0049734110943973064,0.0,5120
M-10000,Transformer-2L,G:/PAI/outputs/checkpoints/world_model_ib_m10000_transformer2_fair_epoch_004.pt,reference_MPPI,42,362,-217.62060677553853,-77922.35365039801,-0.0024774246849119663,-0.00309145450592041,0.000928020104765892,False,0.0275282000657171,472.2512512207031,0.9223657250404358,1865.3341064453125,1952.7823486328125,0.0044990424066782,0.0,5120
M-10000,Transformer-2L,G:/PAI/outputs/checkpoints/world_model_ib_m10000_transformer2_fair_epoch_004.pt,reference_MPPI,42,363,-228.13268139141582,-78150.48633178943,0.009956296533346176,0.0009832065552473068,0.0013798633590340614,False,0.02636759984306991,487.5504455566406,0.9522469639778137,1868.1351318359375,1941.26318359375,0.003959274850785732,0.0,5120
M-10000,Transformer-2L,G:/PAI/outputs/checkpoints/world_model_ib_m10000_transformer2_fair_epoch_004.pt,reference_MPPI,42,364,-210.68523339643576,-78361.17156518587,-0.009238814003765583,-0.000881025567650795,-0.0018999460153281689,False,0.026900599943473935,484.58734130859375,0.9464596509933472,1876.17529296875,1941.9453125,0.003666413715109229,0.0,5120
M-10000,Transformer-2L,G:/PAI/outputs/checkpoints/world_model_ib_m10000_transformer2_fair_epoch_004.pt,reference_MPPI,42,365,-221.7985383843108,-78582.97010357017,0.001258043572306633,0.010894314385950565,-0.006112948060035706,False,0.026750100078061223,487.8345031738281,0.9528017640113831,1871.5836181640625,1932.49609375,0.0035024876706302166,0.0,5120
M-10000,Transformer-2L,G:/PAI/outputs/checkpoints/world_model_ib_m10000_transformer2_fair_epoch_004.pt,reference_MPPI,42,366,-215.7559835678518,-78798.72608713803,0.005694936960935593,0.0030991367530077696,-0.01213108841329813,False,0.02717079990543425,488.0854187011719,0.9532918334007263,1877.6339111328125,1937.60595703125,0.0034724955912679434,0.0,5120
M-10000,Transformer-2L,G:/PAI/outputs/checkpoints/world_model_ib_m10000_transformer2_fair_epoch_004.pt,reference_MPPI,42,367,-221.43720439481547,-79020.16329153284,0.011548660695552826,-0.004072612151503563,0.008376396261155605,False,0.026228199945762753,494.45062255859375,0.9657238721847534,1893.2449951171875,1939.7630615234375,0.003054607193917036,0.0,5120
M-10000,Transformer-2L,G:/PAI/outputs/checkpoints/world_model_ib_m10000_transformer2_fair_epoch_004.pt,reference_MPPI,42,368,-214.24005486225258,-79234.40334639509,0.010452952235937119,-0.0022446159273386,9.18712466955185e-05,False,0.025527199963107705,489.7789001464844,0.9565994143486023,1886.631103515625,1945.5439453125,0.003440008731558919,0.0,5120
M-10000,Transformer-2L,G:/PAI/outputs/checkpoints/world_model_ib_m10000_transformer2_fair_epoch_004.pt,reference_MPPI,42,369,-214.4834788144778,-79448.88682520957,-0.0014851130545139313,0.007454018108546734,-0.0036191544495522976,False,0.026273799827322364,470.412353515625,0.9187741279602051,1843.244873046875,1935.2559814453125,0.004702483303844929,0.0,5120
M-10000,Transformer-2L,G:/PAI/outputs/checkpoints/world_model_ib_m10000_transformer2_fair_epoch_004.pt,reference_MPPI,42,370,-215.73285383509855,-79664.61967904467,0.0013324746396392584,-0.016239996999502182,0.001950543373823166,False,0.026389700127765536,476.6013488769531,0.9308620095252991,1851.9969482421875,1936.9765625,0.004410412162542343,0.0,5120
M-10000,Transformer-2L,G:/PAI/outputs/checkpoints/world_model_ib_m10000_transformer2_fair_epoch_004.pt,reference_MPPI,42,371,-244.76371025993012,-79909.3833893046,0.009825068525969982,-0.0008023092523217201,0.004344746470451355,False,0.02672520000487566,447.3756103515625,0.8737804889678955,1845.539794921875,1943.1337890625,0.004843372385948896,0.0,5120
M-10000,Transformer-2L,G:/PAI/outputs/checkpoints/world_model_ib_m10000_transformer2_fair_epoch_004.pt,reference_MPPI,42,372,-211.06655737278248,-80120.44994667739,0.008541721850633621,0.004690594505518675,-0.011705353856086731,False,0.027356200153008103,475.8763122558594,0.9294459223747253,1867.2850341796875,1946.2431640625,0.004144739359617233,0.0,5120
M-10000,Transformer-2L,G:/PAI/outputs/checkpoints/world_model_ib_m10000_transformer2_fair_epoch_004.pt,reference_MPPI,42,373,-211.9929718693657,-80332.44291854675,1.920107752084732e-05,0.006053465884178877,0.003688707249239087,False,0.02522630011662841,482.61083984375,0.9425992965698242,1857.0843505859375,1932.8790283203125,0.004040838684886694,0.0,5120
M-10000,Transformer-2L,G:/PAI/outputs/checkpoints/world_model_ib_m10000_transformer2_fair_epoch_004.pt,reference_MPPI,42,374,-244.76369524946728,-80577.20661379621,-0.009649381041526794,0.011474445462226868,-0.0033143428154289722,False,0.025266499957069755,475.2307434082031,0.9281850457191467,1860.9036865234375,1937.86669921875,0.004061481449753046,0.0,5120
M-10000,Transformer-2L,G:/PAI/outputs/checkpoints/world_model_ib_m10000_transformer2_fair_epoch_004.pt,reference_MPPI,42,375,-213.43154393401397,-80790.63815773022,0.007798285223543644,-0.00011021783575415611,0.0018298313952982426,False,0.02718709991313517,485.7709655761719,0.9487714171409607,1875.2100830078125,1946.0615234375,0.0038644855376333,0.0,5120
M-10000,Transformer-2L,G:/PAI/outputs/checkpoints/world_model_ib_m10000_transformer2_fair_epoch_004.pt,reference_MPPI,42,376,-235.2809782102413,-81025.91913594046,0.0028206370770931244,0.0068648988381028175,-0.007722645998001099,False,0.02832639985717833,479.2541809082031,0.9360433220863342,1857.31591796875,1933.5849609375,0.004053439013659954,0.0,5120
M-10000,Transformer-2L,G:/PAI/outputs/checkpoints/world_model_ib_m10000_transformer2_fair_epoch_004.pt,reference_MPPI,42,377,-225.96728276754334,-81251.886418708,0.00872807577252388,0.0072873421013355255,0.0024550803937017918,False,0.027666199952363968,465.8992004394531,0.9099593758583069,1863.5283203125,1944.4654541015625,0.0041815051808953285,0.0,5120
M-10000,Transformer-2L,G:/PAI/outputs/checkpoints/world_model_ib_m10000_transformer2_fair_epoch_004.pt,reference_MPPI,42,378,-213.82442319108614,-81465.71084189908,0.00901433452963829,-0.0010809870436787605,0.002565041184425354,False,0.026470900047570467,455.6729431152344,0.8899862170219421,1826.7347412109375,1937.9105224609375,0.005607231054455042,0.0,5120
M-10000,Transformer-2L,G:/PAI/outputs/checkpoints/world_model_ib_m10000_transformer2_fair_epoch_004.pt,reference_MPPI,42,379,-219.17407011424848,-81684.88491201334,-0.007903785444796085,0.01054894458502531,0.0006829891353845596,False,0.026998300105333328,478.4622802734375,0.9344966411590576,1851.19775390625,1935.0380859375,0.004368923604488373,0.0,5120
M-10000,Transformer-2L,G:/PAI/outputs/checkpoints/world_model_ib_m10000_transformer2_fair_epoch_004.pt,reference_MPPI,42,380,-219.80011188081005,-81904.68502389416,-0.00367324473336339,-0.0035894066095352173,0.0048509445041418076,False,0.02748219994828105,465.86737060546875,0.9098972082138062,1850.2255859375,1939.1361083984375,0.004529669415205717,0.0,5120
M-10000,Transformer-2L,G:/PAI/outputs/checkpoints/world_model_ib_m10000_transformer2_fair_epoch_004.pt,reference_MPPI,42,381,-214.66619554611813,-82119.35121944027,0.005031188949942589,0.010370513424277306,0.006394652649760246,False,0.026606899918988347,467.9396667480469,0.913944661617279,1862.9156494140625,1937.822021484375,0.003942694514989853,0.0,5120
M-10000,Transformer-2L,G:/PAI/outputs/checkpoints/world_model_ib_m10000_transformer2_fair_epoch_004.pt,reference_MPPI,42,382,-212.24573742300902,-82331.59695686329,-0.004055718891322613,0.0023065581917762756,0.002334228716790676,False,0.02724960003979504,467.68316650390625,0.9134436845779419,1852.926025390625,1939.456298828125,0.00442339526489377,0.0,5120
M-10000,Transformer-2L,G:/PAI/outputs/checkpoints/world_model_ib_m10000_transformer2_fair_epoch_004.pt,reference_MPPI,42,383,-241.92934478565903,-82573.52630164895,0.001522244419902563,0.0008611623197793961,0.006193974986672401,False,0.025660700164735317,459.642822265625,0.8977398872375488,1842.38671875,1930.5916748046875,0.004459774121642113,0.0,5120
M-10000,Transformer-2L,G:/PAI/outputs/checkpoints/world_model_ib_m10000_transformer2_fair_epoch_004.pt,reference_MPPI,42,384,-215.20033218852473,-82788.72663383748,-0.004065938293933868,-0.012185996398329735,-0.0057125212624669075,False,0.025358500191941857,494.1680603027344,0.9651719927787781,1891.4915771484375,1950.22021484375,0.003450302639976144,0.0,5120
M-10000,Transformer-2L,G:/PAI/outputs/checkpoints/world_model_ib_m10000_transformer2_fair_epoch_004.pt,reference_MPPI,42,385,-243.8763793933385,-83032.60301323081,0.0032664835453033447,0.007181634660810232,-0.004919242113828659,False,0.02496599988080561,476.3042907714844,0.9302818179130554,1859.47802734375,1933.1619873046875,0.003928490914404392,0.0,5120
M-10000,Transformer-2L,G:/PAI/outputs/checkpoints/world_model_ib_m10000_transformer2_fair_epoch_004.pt,reference_MPPI,42,386,-217.06203140243105,-83249.66504463324,0.01660725101828575,0.007210550829768181,-0.0025503886863589287,False,0.024759900057688355,475.9923400878906,0.9296725392341614,1869.276123046875,1948.869140625,0.004173217341303825,0.0,5120
M-10000,Transformer-2L,G:/PAI/outputs/checkpoints/world_model_ib_m10000_transformer2_fair_epoch_004.pt,reference_MPPI,42,387,-221.510528131611,-83471.17557276484,0.0051370058208703995,-0.0019098343327641487,-0.009044328704476357,False,0.025795100023970008,462.1233825683594,0.9025847315788269,1825.046875,1932.381591796875,0.005427839700132608,0.0,5120
M-10000,Transformer-2L,G:/PAI/outputs/checkpoints/world_model_ib_m10000_transformer2_fair_epoch_004.pt,reference_MPPI,42,388,-220.9117087321553,-83692.08728149699,0.00988786667585373,-0.015455205924808979,-0.015057757496833801,False,0.027118099853396416,475.3547668457031,0.9284272789955139,1830.13720703125,1941.39697265625,0.005726599134504795,0.0,5120
M-10000,Transformer-2L,G:/PAI/outputs/checkpoints/world_model_ib_m10000_transformer2_fair_epoch_004.pt,reference_MPPI,42,389,-224.88743904429182,-83916.97472054129,-0.006865337491035461,-0.0008062524721026421,-0.008357536047697067,False,0.026391000021249056,478.3356628417969,0.9342493414878845,1866.334716796875,1937.3056640625,0.003836139803752303,0.0,5120
M-10000,Transformer-2L,G:/PAI/outputs/checkpoints/world_model_ib_m10000_transformer2_fair_epoch_004.pt,reference_MPPI,42,390,-217.19352938589378,-84134.16824992718,0.013187278993427753,-0.006381107494235039,-0.0022157463245093822,False,0.02736570010893047,467.5693054199219,0.9132212996482849,1813.10546875,1942.977294921875,0.006860543508082628,0.0,5120
M-10000,Transformer-2L,G:/PAI/outputs/checkpoints/world_model_ib_m10000_transformer2_fair_epoch_004.pt,reference_MPPI,42,391,-220.23454828577098,-84354.40279821296,0.0311235673725605,0.005009782966226339,-0.004620098043233156,False,0.027178799966350198,475.6308898925781,0.9289665818214417,1837.05419921875,1934.11083984375,0.004968571942299604,0.0,5120
M-10000,Transformer-2L,G:/PAI/outputs/checkpoints/world_model_ib_m10000_transformer2_fair_epoch_004.pt,reference_MPPI,42,392,-215.97204682512503,-84570.37484503808,0.005833817645907402,0.0011397432535886765,-0.016871389001607895,False,0.02731009991839528,469.3001403808594,0.916601836681366,1869.099365234375,1945.649169921875,0.004016784019768238,0.0,5120
M-10000,Transformer-2L,G:/PAI/outputs/checkpoints/world_model_ib_m10000_transformer2_fair_epoch_004.pt,reference_MPPI,42,393,-230.25463699408203,-84800.62948203216,0.004461262840777636,-0.008366666734218597,-0.003478339873254299,False,0.027438699966296554,471.3039245605469,0.9205154776573181,1867.3699951171875,1945.545166015625,0.004090003669261932,0.0,5120
M-10000,Transformer-2L,G:/PAI/outputs/checkpoints/world_model_ib_m10000_transformer2_fair_epoch_004.pt,reference_MPPI,42,394,-250.08042732630014,-85050.70990935847,0.008041677996516228,-0.0034972047433257103,0.00957016833126545,False,0.02666620002128184,490.82940673828125,0.9586511850357056,1875.7412109375,1954.35205078125,0.00419832207262516,0.0,5120
M-10000,Transformer-2L,G:/PAI/outputs/checkpoints/world_model_ib_m10000_transformer2_fair_epoch_004.pt,reference_MPPI,42,395,-221.72388635530868,-85272.43379571378,0.015097929164767265,-0.006302875466644764,0.00927792489528656,False,0.02742889989167452,488.9535827636719,0.9549874663352966,1883.493896484375,1956.2938232421875,0.003951323684304953,0.0,5120
M-10000,Transformer-2L,G:/PAI/outputs/checkpoints/world_model_ib_m10000_transformer2_fair_epoch_004.pt,reference_MPPI,42,396,-229.53984718753992,-85501.97364290131,0.015859801322221756,-0.0024169208481907845,0.002890814794227481,False,0.025761400116607547,485.47918701171875,0.9482015371322632,1892.939453125,1950.11962890625,0.0033647650852799416,0.0,5120
M-10000,Transformer-2L,G:/PAI/outputs/checkpoints/world_model_ib_m10000_transformer2_fair_epoch_004.pt,reference_MPPI,42,397,-222.58395933570753,-85724.55760223702,0.016895782202482224,-0.00013343710452318192,-0.001151900738477707,False,0.027151399990543723,481.405517578125,0.9402451515197754,1869.2635498046875,1945.0006103515625,0.004044721368700266,0.0,5120
M-10000,Transformer-2L,G:/PAI/outputs/checkpoints/world_model_ib_m10000_transformer2_fair_epoch_004.pt,reference_MPPI,42,398,-227.86727131215628,-85952.42487354919,0.01641673594713211,0.005351778119802475,-0.007650128100067377,False,0.026656700065359473,461.6665954589844,0.9016925692558289,1862.752685546875,1946.61181640625,0.0042880442924797535,0.0,5120
M-10000,Transformer-2L,G:/PAI/outputs/checkpoints/world_model_ib_m10000_transformer2_fair_epoch_004.pt,reference_MPPI,42,399,-212.52389388357994,-86164.94876743277,0.012420817278325558,-0.0031799282878637314,-0.0007171020843088627,False,0.02682569995522499,466.42681884765625,0.9109898805618286,1850.087646484375,1950.4287109375,0.005084396339952946,0.0,5120
M-10000,Transformer-2L,G:/PAI/outputs/checkpoints/world_model_ib_m10000_transformer2_fair_epoch_004.pt,reference_MPPI,42,400,-224.22024885688103,-86389.16901628966,-0.0046626608818769455,0.004107559099793434,-0.01078240666538477,False,0.028020599856972694,482.9562072753906,0.9432738423347473,1857.4864501953125,1939.91259765625,0.004322357941418886,0.0,5120
M-10000,Transformer-2L,G:/PAI/outputs/checkpoints/world_model_ib_m10000_transformer2_fair_epoch_004.pt,reference_MPPI,42,401,-233.61349977187132,-86622.78251606153,0.0029941147658973932,-0.014271017163991928,-0.004537742584943771,False,0.02625430002808571,484.41473388671875,0.9461225271224976,1866.8890380859375,1948.9833984375,0.004319400526583195,0.0,5120
M-10000,Transformer-2L,G:/PAI/outputs/checkpoints/world_model_ib_m10000_transformer2_fair_epoch_004.pt,reference_MPPI,42,402,-215.2320744521366,-86838.01459051367,0.006780742667615414,0.0029323422349989414,-0.004519432317465544,False,0.028477400075644255,478.1403503417969,0.933867871761322,1870.37109375,1948.616455078125,0.004122822545468807,0.0,5120
M-10000,Transformer-2L,G:/PAI/outputs/checkpoints/world_model_ib_m10000_transformer2_fair_epoch_004.pt,reference_MPPI,42,403,-218.4107259689311,-87056.42531648261,2.0619714632630348e-05,-0.004431622102856636,-0.003351142629981041,False,0.02788219996728003,467.9895324707031,0.914042055606842,1849.5399169921875,1937.951416015625,0.004523801617324352,0.0,5120
M-10000,Transformer-2L,G:/PAI/outputs/checkpoints/world_model_ib_m10000_transformer2_fair_epoch_004.pt,reference_MPPI,42,404,-225.4297824536717,-87281.85509893628,0.0007975809276103973,-0.0016373656690120697,-0.0021586092188954353,False,0.027800000039860606,473.2967529296875,0.9244077205657959,1835.2822265625,1936.1976318359375,0.005149208474904299,0.0,5120
M-10000,Transformer-2L,G:/PAI/outputs/checkpoints/world_model_ib_m10000_transformer2_fair_epoch_004.pt,reference_MPPI,42,405,-240.01087808385984,-87521.86597702015,-0.0006788577884435654,-0.002681981772184372,-0.0009348392486572266,False,0.026640600059181452,472.013427734375,0.9219012260437012,1867.9913330078125,1946.98095703125,0.004130362067371607,0.0,5120
M-10000,Transformer-2L,G:/PAI/outputs/checkpoints/world_model_ib_m10000_transformer2_fair_epoch_004.pt,reference_MPPI,42,406,-227.41788198387454,-87749.28385900402,0.0018222983926534653,-0.0029007233679294586,0.011033112183213234,False,0.02616680017672479,470.6932067871094,0.919322669506073,1870.109375,1947.50390625,0.0040513575077056885,0.0,5120
M-10000,Transformer-2L,G:/PAI/outputs/checkpoints/world_model_ib_m10000_transformer2_fair_epoch_004.pt,reference_MPPI,42,407,-244.02236223562682,-87993.30622123965,-0.004556325264275074,0.01321133691817522,-0.00455897580832243,False,0.027774899965152144,484.5665588378906,0.9464190602302551,1876.7662353515625,1943.997314453125,0.003721874440088868,0.0,5120
M-10000,Transformer-2L,G:/PAI/outputs/checkpoints/world_model_ib_m10000_transformer2_fair_epoch_004.pt,reference_MPPI,42,408,-231.55659852015805,-88224.8628197598,0.007437252905219793,-0.005377672612667084,0.006571561563760042,False,0.02659019990824163,456.1162109375,0.8908519744873047,1860.8648681640625,1954.07177734375,0.004682793747633696,0.0,5120
M-10000,Transformer-2L,G:/PAI/outputs/checkpoints/world_model_ib_m10000_transformer2_fair_epoch_004.pt,reference_MPPI,42,409,-234.51338266781985,-88459.37620242762,0.0019962480291724205,-0.004847446922212839,0.00735308974981308,False,0.02838589996099472,476.81683349609375,0.9312828779220581,1872.0908203125,1948.2864990234375,0.00402905885130167,0.0,5120
M-10000,Transformer-2L,G:/PAI/outputs/checkpoints/world_model_ib_m10000_transformer2_fair_epoch_004.pt,reference_MPPI,42,410,-215.57949763238378,-88674.95570006,0.008336027152836323,-0.004655645694583654,-0.011316363699734211,False,0.028171499958261847,486.8313293457031,0.9508424401283264,1881.379638671875,1946.599853515625,0.003655696054920554,0.0,5120
M-10000,Transformer-2L,G:/PAI/outputs/checkpoints/world_model_ib_m10000_transformer2_fair_epoch_004.pt,reference_MPPI,42,411,-214.9461958284296,-88889.90189588843,0.005056874826550484,0.010075044818222523,-0.012696685269474983,False,0.027867500204592943,479.80987548828125,0.9371286630630493,1855.984130859375,1940.051025390625,0.0043801735155284405,0.0,5120
M-10000,Transformer-2L,G:/PAI/outputs/checkpoints/world_model_ib_m10000_transformer2_fair_epoch_004.pt,reference_MPPI,42,412,-234.01168694515223,-89123.91358283359,0.001420866698026657,-0.006228817626833916,-0.0055734384804964066,False,0.027739000041037798,478.5513000488281,0.9346705079078674,1850.470947265625,1937.8631591796875,0.004523992072790861,0.0,5120
M-10000,Transformer-2L,G:/PAI/outputs/checkpoints/world_model_ib_m10000_transformer2_fair_epoch_004.pt,reference_MPPI,42,413,-226.8333912696486,-89350.74697410324,0.007678644731640816,0.003774404525756836,-0.009432004764676094,False,0.02669799979776144,488.1292419433594,0.9533774256706238,1885.3216552734375,1946.65673828125,0.0035187858156859875,0.0,5120
M-10000,Transformer-2L,G:/PAI/outputs/checkpoints/world_model_ib_m10000_transformer2_fair_epoch_004.pt,reference_MPPI,42,414,-219.58012108905302,-89570.32709519229,0.0018538276199251413,0.007529448252171278,0.005593924783170223,False,0.027829800033941865,475.958984375,0.9296073913574219,1864.75048828125,1949.8045654296875,0.004407576750963926,0.0,5120
M-10000,Transformer-2L,G:/PAI/outputs/checkpoints/world_model_ib_m10000_transformer2_fair_epoch_004.pt,reference_MPPI,42,415,-214.83599095673253,-89785.16308614903,0.0005548293702304363,-0.005127286538481712,-0.015053877606987953,False,0.0278243999928236,463.8892517089844,0.9060336947441101,1847.0782470703125,1947.3536376953125,0.005066204816102982,0.0,5120
M-10000,Transformer-2L,G:/PAI/outputs/checkpoints/world_model_ib_m10000_transformer2_fair_epoch_004.pt,reference_MPPI,42,416,-222.83716446453786,-90008.00025061356,0.013803215697407722,-0.0034132800064980984,0.0004719323478639126,False,0.02581209992058575,476.8929138183594,0.9314314723014832,1869.455810546875,1943.029296875,0.003936422523111105,0.0,5120
M-10000,Transformer-2L,G:/PAI/outputs/checkpoints/world_model_ib_m10000_transformer2_fair_epoch_004.pt,reference_MPPI,42,417,-214.2037564771991,-90222.20400709077,0.002616242039948702,0.006571667268872261,-0.01205836609005928,False,0.027603699825704098,470.1195373535156,0.9182022213935852,1866.8045654296875,1945.9755859375,0.004127227235585451,0.0,5120
M-10000,Transformer-2L,G:/PAI/outputs/checkpoints/world_model_ib_m10000_transformer2_fair_epoch_004.pt,reference_MPPI,42,418,-221.05632152493905,-90443.26032861571,-0.007943958044052124,0.007206588983535767,-9.03252512216568e-05,False,0.029142200015485287,469.556884765625,0.9171032905578613,1868.5057373046875,1948.119384765625,0.004144304431974888,0.0,5120
M-10000,Transformer-2L,G:/PAI/outputs/checkpoints/world_model_ib_m10000_transformer2_fair_epoch_004.pt,reference_MPPI,42,419,-223.24617037064579,-90666.50649898636,0.006152281071990728,-0.005559109151363373,-0.010756438598036766,False,0.02639459981583059,492.1993408203125,0.9613268375396729,1903.839599609375,1954.399658203125,0.0031742772553116083,0.0,5120
M-10000,Transformer-2L,G:/PAI/outputs/checkpoints/world_model_ib_m10000_transformer2_fair_epoch_004.pt,reference_MPPI,42,420,-228.71007287023104,-90895.2165718566,0.003790004178881645,0.0020825862884521484,-0.004875022917985916,False,0.026061999844387174,479.34759521484375,0.9362257719039917,1881.6572265625,1955.774658203125,0.0039656637236475945,0.0,5120
M-10000,Transformer-2L,G:/PAI/outputs/checkpoints/world_model_ib_m10000_transformer2_fair_epoch_004.pt,reference_MPPI,42,421,-216.90402084003864,-91112.12059269664,-0.0026123751886188984,0.007184330839663744,-0.026781650260090828,False,0.025923999957740307,492.6862487792969,0.9622778296470642,1900.2183837890625,1957.8658447265625,0.003409062745049596,0.0,5120
M-10000,Transformer-2L,G:/PAI/outputs/checkpoints/world_model_ib_m10000_transformer2_fair_epoch_004.pt,reference_MPPI,42,422,-229.30884684963002,-91341.42943954626,-0.0005906978622078896,-0.006610100157558918,-0.0036017755046486855,False,0.025616300059482455,485.4994812011719,0.9482411742210388,1886.47998046875,1954.302978515625,0.0037426925264298916,0.0,5120
M-10000,Transformer-2L,G:/PAI/outputs/checkpoints/world_model_ib_m10000_transformer2_fair_epoch_004.pt,reference_MPPI,42,423,-227.04327022976184,-91568.47270977602,0.0016334892716258764,-0.007436491549015045,-0.003692242782562971,False,0.025767800165340304,483.4635925292969,0.944264829158783,1894.5623779296875,1957.4306640625,0.0035559667740017176,0.0,5120
M-10000,Transformer-2L,G:/PAI/outputs/checkpoints/world_model_ib_m10000_transformer2_fair_epoch_004.pt,reference_MPPI,42,424,-216.40388039268169,-91784.8765901687,0.0009438623674213886,0.0011760098859667778,0.00506990822032094,False,0.02556380000896752,472.8876647949219,0.9236087203025818,1870.8472900390625,1956.0380859375,0.0043974630534648895,0.0,5120
M-10000,Transformer-2L,G:/PAI/outputs/checkpoints/world_model_ib_m10000_transformer2_fair_epoch_004.pt,reference_MPPI,42,425,-223.0490500438169,-92007.92564021252,0.013392133638262749,0.011570436879992485,-0.003898407332599163,False,0.025377299869433045,482.3141784667969,0.9420198798179626,1887.2789306640625,1951.23193359375,0.003593084868043661,0.0,5120
M-10000,Transformer-2L,G:/PAI/outputs/checkpoints/world_model_ib_m10000_transformer2_fair_epoch_004.pt,reference_MPPI,42,426,-220.8557972928155,-92228.78143750533,0.0015282435342669487,0.000493970699608326,0.0012584514915943146,False,0.024737200001254678,478.8063049316406,0.9351685643196106,1897.124755859375,1960.0771484375,0.0035387128591537476,0.0,5120
M-10000,Transformer-2L,G:/PAI/outputs/checkpoints/world_model_ib_m10000_transformer2_fair_epoch_004.pt,reference_MPPI,42,427,-221.20696479633082,-92449.98840230166,-0.0013722714502364397,-0.010861745104193687,-0.01069570891559124,False,0.02840649988502264,487.7186279296875,0.9525754451751709,1890.53125,1957.020263671875,0.0037053325213491917,0.0,5120
M-10000,Transformer-2L,G:/PAI/outputs/checkpoints/world_model_ib_m10000_transformer2_fair_epoch_004.pt,reference_MPPI,42,428,-224.30823029823898,-92674.2966325999,-0.0004656610544770956,-0.003828743938356638,0.00838251132518053,False,0.027701199986040592,473.442138671875,0.9246916770935059,1867.8680419921875,1959.500732421875,0.00469215540215373,0.0,5120
M-10000,Transformer-2L,G:/PAI/outputs/checkpoints/world_model_ib_m10000_transformer2_fair_epoch_004.pt,reference_MPPI,42,429,-216.05995531665747,-92890.35658791655,0.015071187168359756,-0.005144062452018261,-0.016479719430208206,False,0.028128899866715074,487.5269775390625,0.9522011280059814,1893.76806640625,1956.30859375,0.0035606662277132273,0.0,5120
M-10000,Transformer-2L,G:/PAI/outputs/checkpoints/world_model_ib_m10000_transformer2_fair_epoch_004.pt,reference_MPPI,42,430,-249.9391650994845,-93140.29575301603,0.008633710443973541,-0.0017975126393139362,-0.014180196449160576,False,0.02692720014601946,486.7366638183594,0.9506575465202332,1886.6768798828125,1956.6087646484375,0.0038294887635856867,0.0,5120
M-10000,Transformer-2L,G:/PAI/outputs/checkpoints/world_model_ib_m10000_transformer2_fair_epoch_004.pt,reference_MPPI,42,431,-217.54927259844862,-93357.84502561449,0.0060217780992388725,-0.002941909246146679,-0.022745268419384956,False,0.026762000052258372,481.7684631347656,0.9409540295600891,1899.8358154296875,1961.2088623046875,0.0034973551519215107,0.0,5120
M-10000,Transformer-2L,G:/PAI/outputs/checkpoints/world_model_ib_m10000_transformer2_fair_epoch_004.pt,reference_MPPI,42,432,-226.32027628615964,-93584.16530190065,0.004028514958918095,0.00779662374407053,-0.01089181937277317,False,0.02681669988669455,493.0696716308594,0.9630267024040222,1861.04833984375,1947.003173828125,0.004530120175331831,0.0,5120
M-10000,Transformer-2L,G:/PAI/outputs/checkpoints/world_model_ib_m10000_transformer2_fair_epoch_004.pt,reference_MPPI,42,433,-218.50064148453475,-93802.66594338519,0.002719266340136528,0.0029922728426754475,-0.005917920731008053,False,0.026470400160178542,470.02197265625,0.9180116653442383,1857.4857177734375,1954.064697265625,0.004913644399493933,0.0,5120
M-10000,Transformer-2L,G:/PAI/outputs/checkpoints/world_model_ib_m10000_transformer2_fair_epoch_004.pt,reference_MPPI,42,434,-229.93326013744044,-94032.59920352262,0.00802418403327465,0.0026120301336050034,0.0006821136921644211,False,0.027424499858170748,486.1611022949219,0.9495334029197693,1866.509033203125,1945.93505859375,0.004212243016809225,0.0,5120
M-10000,Transformer-2L,G:/PAI/outputs/checkpoints/world_model_ib_m10000_transformer2_fair_epoch_004.pt,reference_MPPI,42,435,-217.87646910051075,-94250.47567262313,0.013066431507468224,0.005626886151731014,-0.0013121371157467365,False,0.027465700171887875,478.4570617675781,0.934486448764801,1868.1312255859375,1958.728271484375,0.004666190128773451,0.0,5120
M-10000,Transformer-2L,G:/PAI/outputs/checkpoints/world_model_ib_m10000_transformer2_fair_epoch_004.pt,reference_MPPI,42,436,-216.3615893150157,-94466.83726193814,0.016324348747730255,0.00032415613532066345,-0.010910400189459324,False,0.026605600025504827,477.5669860839844,0.932748019695282,1869.9100341796875,1952.9573974609375,0.004326265770941973,0.0,5120
M-10000,Transformer-2L,G:/PAI/outputs/checkpoints/world_model_ib_m10000_transformer2_fair_epoch_004.pt,reference_MPPI,42,437,-226.7084378351997,-94693.54569977334,0.004062492400407791,0.0021749697625637054,0.009705795906484127,False,0.027883300092071295,468.052001953125,0.9141640663146973,1860.5257568359375,1947.555908203125,0.004452613182365894,0.0,5120
M-10000,Transformer-2L,G:/PAI/outputs/checkpoints/world_model_ib_m10000_transformer2_fair_epoch_004.pt,reference_MPPI,42,438,-228.50870420107174,-94922.05440397441,0.004108007065951824,0.00305732898414135,0.002054717158898711,False,0.027088400209322572,477.58154296875,0.9327764511108398,1885.5662841796875,1958.59423828125,0.003913539461791515,0.0,5120
M-10000,Transformer-2L,G:/PAI/outputs/checkpoints/world_model_ib_m10000_transformer2_fair_epoch_004.pt,reference_MPPI,42,439,-226.98473356189498,-95149.03913753631,0.010904907248914242,0.0005180598236620426,-0.0008411784656345844,False,0.027308500139042735,474.7284851074219,0.9272040724754333,1885.419921875,1958.3125,0.0038971465546637774,0.0,5120
M-10000,Transformer-2L,G:/PAI/outputs/checkpoints/world_model_ib_m10000_transformer2_fair_epoch_004.pt,reference_MPPI,42,440,-236.76601753798224,-95385.8051550743,0.00034394674003124237,-0.0051606446504592896,-0.013263555243611336,False,0.02825150010176003,463.13995361328125,0.9045702219009399,1867.44482421875,1955.55810546875,0.00447763130068779,0.0,5120
M-10000,Transformer-2L,G:/PAI/outputs/checkpoints/world_model_ib_m10000_transformer2_fair_epoch_004.pt,reference_MPPI,42,441,-223.3129265325081,-95609.11808160681,-0.00022721663117408752,-0.007324950769543648,0.014017433859407902,False,0.026023699901998043,477.1277160644531,0.931890070438385,1883.9278564453125,1962.5389404296875,0.004135094583034515,0.0,5120
M-10000,Transformer-2L,G:/PAI/outputs/checkpoints/world_model_ib_m10000_transformer2_fair_epoch_004.pt,reference_MPPI,42,442,-216.7344343966926,-95825.8525160035,0.0126151442527771,-0.007874619215726852,0.004852553363889456,False,0.0281012998893857,460.6344299316406,0.8996766209602356,1868.04150390625,1953.616455078125,0.004358049016445875,0.0,5120
M-10000,Transformer-2L,G:/PAI/outputs/checkpoints/world_model_ib_m10000_transformer2_fair_epoch_004.pt,reference_MPPI,42,443,-219.1700650452819,-96045.02258104879,0.0021088384091854095,-0.00822814367711544,-0.00485830195248127,False,0.026396899949759245,489.4936828613281,0.9560423493385315,1894.656494140625,1953.21826171875,0.003428206080570817,0.0,5120
M-10000,Transformer-2L,G:/PAI/outputs/checkpoints/world_model_ib_m10000_transformer2_fair_epoch_004.pt,reference_MPPI,42,444,-217.6028158565635,-96262.62539690535,0.007566634099930525,0.0005008219741284847,0.0021551905665546656,False,0.026893600123003125,495.5130310058594,0.9677988886833191,1896.927001953125,1956.5521240234375,0.003488039132207632,0.0,5120
M-10000,Transformer-2L,G:/PAI/outputs/checkpoints/world_model_ib_m10000_transformer2_fair_epoch_004.pt,reference_MPPI,42,445,-219.6179543415666,-96482.24335124691,-0.000767342746257782,0.003318264614790678,-0.011382931843400002,False,0.026376399910077453,476.9405822753906,0.9315245747566223,1875.5762939453125,1956.15869140625,0.004216505214571953,0.0,5120
M-10000,Transformer-2L,G:/PAI/outputs/checkpoints/world_model_ib_m10000_transformer2_fair_epoch_004.pt,reference_MPPI,42,446,-224.06507510024133,-96706.30842634715,-0.00351806846447289,-0.002346518449485302,-0.003620052244514227,False,0.02625730005092919,460.007568359375,0.8984522819519043,1848.086181640625,1959.3865966796875,0.005645615514367819,0.0,5120
M-10000,Transformer-2L,G:/PAI/outputs/checkpoints/world_model_ib_m10000_transformer2_fair_epoch_004.pt,reference_MPPI,42,447,-226.9003283201223,-96933.20875466727,0.004230281338095665,0.0019415318965911865,0.0013363002799451351,False,0.02657570014707744,477.6837463378906,0.9329760670661926,1878.7578125,1961.068359375,0.004299658816307783,0.0,5120
M-10000,Transformer-2L,G:/PAI/outputs/checkpoints/world_model_ib_m10000_transformer2_fair_epoch_004.pt,reference_MPPI,42,448,-221.09007909330268,-97154.29883376058,0.0025341156870126724,-0.004728882107883692,0.006965121254324913,False,0.027240500086918473,480.7912902832031,0.9390454888343811,1877.11572265625,1955.36669921875,0.0041386429220438,0.0,5120
M-10000,Transformer-2L,G:/PAI/outputs/checkpoints/world_model_ib_m10000_transformer2_fair_epoch_004.pt,reference_MPPI,42,449,-214.02369875566202,-97368.32253251623,0.014488298445940018,-0.0022045252844691277,0.00516499811783433,False,0.025911100208759308,482.1990051269531,0.9417949318885803,1881.0999755859375,1955.40185546875,0.0039812917821109295,0.0,5120
M-10000,Transformer-2L,G:/PAI/outputs/checkpoints/world_model_ib_m10000_transformer2_fair_epoch_004.pt,reference_MPPI,42,450,-234.61369430356206,-97602.9362268198,-0.005417280830442905,-0.004110605455935001,0.003621513955295086,False,0.026375699788331985,491.2269592285156,0.9594276547431946,1887.8330078125,1947.654052734375,0.003476636251434684,0.0,5120
M-10000,Transformer-2L,G:/PAI/outputs/checkpoints/world_model_ib_m10000_transformer2_fair_epoch_004.pt,reference_MPPI,42,451,-225.378511203836,-97828.31473802363,0.006550616584718227,-0.008353039622306824,-0.010682627558708191,False,0.0266610998660326,478.27301025390625,0.9341269731521606,1879.9334716796875,1955.5130615234375,0.0040189167484641075,0.0,5120
M-10000,Transformer-2L,G:/PAI/outputs/checkpoints/world_model_ib_m10000_transformer2_fair_epoch_004.pt,reference_MPPI,42,452,-226.97864623833095,-98055.29338426197,-0.0016802623867988586,-0.006516542285680771,0.0011698692105710506,False,0.024742300156503916,494.56622314453125,0.9659496545791626,1890.076904296875,1957.6160888671875,0.003770880401134491,0.0,5120
M-10000,Transformer-2L,G:/PAI/outputs/checkpoints/world_model_ib_m10000_transformer2_fair_epoch_004.pt,reference_MPPI,42,453,-215.89794550195808,-98271.19132976393,-0.0009459462016820908,0.0031134113669395447,-0.009898325428366661,False,0.026592799928039312,490.0790100097656,0.9571855664253235,1894.6175537109375,1954.484130859375,0.00347609119489789,0.0,5120
M-10000,Transformer-2L,G:/PAI/outputs/checkpoints/world_model_ib_m10000_transformer2_fair_epoch_004.pt,reference_MPPI,42,454,-246.54747097804795,-98517.73880074198,0.004666672088205814,-0.0023419447243213654,0.004396467935293913,False,0.025294299935922027,487.2890625,0.9517364501953125,1895.7938232421875,1947.7197265625,0.0031996641773730516,0.0,5120
M-10000,Transformer-2L,G:/PAI/outputs/checkpoints/world_model_ib_m10000_transformer2_fair_epoch_004.pt,reference_MPPI,42,455,-215.12648477060236,-98732.86528551258,0.0023097172379493713,-0.007001085206866264,0.003795480355620384,False,0.025366799905896187,485.7398681640625,0.9487106800079346,1901.287109375,1962.435302734375,0.003504308173432946,0.0,5120
M-10000,Transformer-2L,G:/PAI/outputs/checkpoints/world_model_ib_m10000_transformer2_fair_epoch_004.pt,reference_MPPI,42,456,-219.24614629353232,-98952.11143180612,-0.01011826191097498,0.00933669414371252,0.00200415076687932,False,0.02576799993403256,478.3113708496094,0.9342018961906433,1873.962890625,1947.8179931640625,0.003950521349906921,0.0,5120
M-10000,Transformer-2L,G:/PAI/outputs/checkpoints/world_model_ib_m10000_transformer2_fair_epoch_004.pt,reference_MPPI,42,457,-242.50643964589526,-99194.617871452,0.0028554729651659727,-0.0018112221732735634,0.011021276004612446,False,0.025447300169616938,495.27532958984375,0.9673346281051636,1903.41650390625,1955.0457763671875,0.003218770492821932,0.0,5120
M-10000,Transformer-2L,G:/PAI/outputs/checkpoints/world_model_ib_m10000_transformer2_fair_epoch_004.pt,reference_MPPI,42,458,-225.07858907521592,-99419.69646052722,-0.008416114374995232,-0.004499588627368212,0.007847728207707405,False,0.025234100176021457,486.01751708984375,0.9492529630661011,1892.760498046875,1951.082763671875,0.0034096494782716036,0.0,5120
M-10000,Transformer-2L,G:/PAI/outputs/checkpoints/world_model_ib_m10000_transformer2_fair_epoch_004.pt,reference_MPPI,42,459,-244.085904486942,-99663.78236501417,0.01262286864221096,0.0008711274713277817,0.0008003793191164732,False,0.02548840013332665,475.37481689453125,0.9284664392471313,1875.8424072265625,1948.1356201171875,0.003876514732837677,0.0,5120
M-10000,Transformer-2L,G:/PAI/outputs/checkpoints/world_model_ib_m10000_transformer2_fair_epoch_004.pt,reference_MPPI,42,460,-219.42231865587138,-99883.20468367003,0.00014913873746991158,-0.0015177368186414242,-0.007382803130894899,False,0.02515579992905259,487.8392333984375,0.9528110027313232,1873.7216796875,1955.3297119140625,0.004312060307711363,0.0,5120
M-10000,Transformer-2L,G:/PAI/outputs/checkpoints/world_model_ib_m10000_transformer2_fair_epoch_004.pt,reference_MPPI,42,461,-217.82029266007225,-100101.02497633011,0.0024283863604068756,-0.004409212619066238,-0.005476590245962143,False,0.025525799952447414,479.0263671875,0.9355983734130859,1873.458984375,1942.419189453125,0.003762226551771164,0.0,5120
M-10000,Transformer-2L,G:/PAI/outputs/checkpoints/world_model_ib_m10000_transformer2_fair_epoch_004.pt,reference_MPPI,42,462,-220.04272525540415,-100321.06770158552,0.0005233800038695335,0.0025521647185087204,-0.015616818331182003,False,0.024406599812209606,469.9092102050781,0.9177914261817932,1839.9832763671875,1943.83837890625,0.005291712004691362,0.0,5120
M-10000,Transformer-2L,G:/PAI/outputs/checkpoints/world_model_ib_m10000_transformer2_fair_epoch_004.pt,reference_MPPI,42,463,-227.86646795981548,-100548.93416954533,0.003129938617348671,-0.0014744540676474571,0.006047428585588932,False,0.025057699996978045,469.1730041503906,0.9163535237312317,1850.8499755859375,1944.9063720703125,0.004791871178895235,0.0,5120
M-10000,Transformer-2L,G:/PAI/outputs/checkpoints/world_model_ib_m10000_transformer2_fair_epoch_004.pt,reference_MPPI,42,464,-241.44636956314423,-100790.38053910848,-0.0008030403405427933,-0.0012274105101823807,-0.007155916187912226,False,0.02631190000101924,486.38653564453125,0.9499737024307251,1879.0107421875,1951.460693359375,0.0039273472502827644,0.0,5120
M-10000,Transformer-2L,G:/PAI/outputs/checkpoints/world_model_ib_m10000_transformer2_fair_epoch_004.pt,reference_MPPI,42,465,-219.19945608202514,-101009.5799951905,0.005377256311476231,0.001496936660259962,-0.009044165723025799,False,0.02590300003066659,486.146240234375,0.9495043754577637,1873.6649169921875,1958.7506103515625,0.004461279138922691,0.0,5120
M-10000,Transformer-2L,G:/PAI/outputs/checkpoints/world_model_ib_m10000_transformer2_fair_epoch_004.pt,reference_MPPI,42,466,-225.75858876741046,-101235.33858395791,0.0030892216600477695,-0.0013173171319067478,0.009188873693346977,False,0.025388000067323446,475.3452453613281,0.928408682346344,1849.714599609375,1943.1036376953125,0.004786449484527111,0.0,5120
M-10000,Transformer-2L,G:/PAI/outputs/checkpoints/world_model_ib_m10000_transformer2_fair_epoch_004.pt,reference_MPPI,42,467,-242.06031815863886,-101477.39890211655,0.0065213581547141075,0.001102927140891552,0.0007261165883392096,False,0.02555779996328056,485.4602966308594,0.9481646418571472,1886.9639892578125,1956.0830078125,0.003791248658671975,0.0,5120
M-10000,Transformer-2L,G:/PAI/outputs/checkpoints/world_model_ib_m10000_transformer2_fair_epoch_004.pt,reference_MPPI,42,468,-244.94033280433112,-101722.33923492087,0.0057039400562644005,-0.009745141491293907,-0.0009768996387720108,False,0.02605720004066825,468.31396484375,0.9146757125854492,1856.4534912109375,1957.75390625,0.005147640593349934,0.0,5120
M-10000,Transformer-2L,G:/PAI/outputs/checkpoints/world_model_ib_m10000_transformer2_fair_epoch_004.pt,reference_MPPI,42,469,-214.5701718218802,-101936.90940674275,0.008595659397542477,-0.01253456249833107,-0.00026638805866241455,False,0.025742099853232503,475.03497314453125,0.9278026819229126,1877.64404296875,1957.375244140625,0.00417178962379694,0.0,5120
M-10000,Transformer-2L,G:/PAI/outputs/checkpoints/world_model_ib_m10000_transformer2_fair_epoch_004.pt,reference_MPPI,42,470,-218.68295911683316,-102155.59236585959,-0.0010149460285902023,0.013769770972430706,0.005090244114398956,False,0.024871200090274215,485.3062744140625,0.9478638172149658,1874.8568115234375,1941.1015625,0.0036898981779813766,0.0,5120
M-10000,Transformer-2L,G:/PAI/outputs/checkpoints/world_model_ib_m10000_transformer2_fair_epoch_004.pt,reference_MPPI,42,471,-241.3810334489478,-102396.97339930854,-0.004983960650861263,0.003757413709536195,-0.00016360986046493053,False,0.025603000074625015,490.760986328125,0.9585175514221191,1881.2694091796875,1941.989501953125,0.0035096516367048025,0.0,5120
M-10000,Transformer-2L,G:/PAI/outputs/checkpoints/world_model_ib_m10000_transformer2_fair_epoch_004.pt,reference_MPPI,42,472,-215.26322279927825,-102612.23662210781,0.01591159775853157,0.0026253443211317062,0.008031187579035759,False,0.025459200143814087,463.7314147949219,0.9057254195213318,1874.5146484375,1957.670654296875,0.004264457616955042,0.0,5120
M-10000,Transformer-2L,G:/PAI/outputs/checkpoints/world_model_ib_m10000_transformer2_fair_epoch_004.pt,reference_MPPI,42,473,-244.33765402015362,-102856.57427612797,-0.0005588158965110779,0.00749670434743166,-0.01692206971347332,False,0.02625699993222952,472.4861145019531,0.9228244423866272,1867.0250244140625,1941.1287841796875,0.003930133767426014,0.0,5120
M-10000,Transformer-2L,G:/PAI/outputs/checkpoints/world_model_ib_m10000_transformer2_fair_epoch_004.pt,reference_MPPI,42,474,-235.5805774939575,-103092.15485362192,0.0052138809114694595,0.004229333251714706,0.001179177314043045,False,0.02552540018223226,484.333984375,0.9459648132324219,1896.604736328125,1963.77685546875,0.0037156136240810156,0.0,5120
M-10000,Transformer-2L,G:/PAI/outputs/checkpoints/world_model_ib_m10000_transformer2_fair_epoch_004.pt,reference_MPPI,42,475,-216.82836567051697,-103308.98321929244,0.012729822658002377,0.011865584179759026,0.006079449318349361,False,0.025998800061643124,477.762451171875,0.9331297874450684,1874.65087890625,1960.2200927734375,0.0044343420304358006,0.0,5120
M-10000,Transformer-2L,G:/PAI/outputs/checkpoints/world_model_ib_m10000_transformer2_fair_epoch_004.pt,reference_MPPI,42,476,-224.06403286071753,-103533.04725215315,0.0072128428146243095,-0.007418234366923571,-0.007246349006891251,False,0.025433099828660488,467.43975830078125,0.9129682779312134,1860.0533447265625,1946.179931640625,0.004413147456943989,0.0,5120
M-10000,Transformer-2L,G:/PAI/outputs/checkpoints/world_model_ib_m10000_transformer2_fair_epoch_004.pt,reference_MPPI,42,477,-230.69388775413205,-103763.74113990727,0.0014048651792109013,0.004209956154227257,0.00415200088173151,False,0.025687000015750527,491.6079406738281,0.9601717591285706,1889.48974609375,1952.97119140625,0.003610568819567561,0.0,5120
M-10000,Transformer-2L,G:/PAI/outputs/checkpoints/world_model_ib_m10000_transformer2_fair_epoch_004.pt,reference_MPPI,42,478,-226.77646037803044,-103990.5176002853,0.009387357160449028,-0.008680298924446106,-7.502967491745949e-05,False,0.026079100091010332,475.0975341796875,0.9279248714447021,1878.9207763671875,1960.158203125,0.0042371260933578014,0.0,5120
M-10000,Transformer-2L,G:/PAI/outputs/checkpoints/world_model_ib_m10000_transformer2_fair_epoch_004.pt,reference_MPPI,42,479,-217.65302216885416,-104208.17062245416,0.001207372173666954,-0.00029952358454465866,-0.0168109443038702,False,0.025504200020805,484.8939208984375,0.9470584392547607,1866.063232421875,1957.598388671875,0.00474934559315443,0.0,5120
M-10000,Transformer-2L,G:/PAI/outputs/checkpoints/world_model_ib_m10000_transformer2_fair_epoch_004.pt,reference_MPPI,42,480,-243.829873412042,-104452.0004958662,-0.0009950159583240747,0.006110081449151039,0.016887081786990166,False,0.02511690021492541,472.03314208984375,0.9219397306442261,1881.864990234375,1960.3905029296875,0.004111774731427431,0.0,5120
M-10000,Transformer-2L,G:/PAI/outputs/checkpoints/world_model_ib_m10000_transformer2_fair_epoch_004.pt,reference_MPPI,42,481,-222.55782911990119,-104674.55832498611,0.008207423612475395,-0.006613149307668209,-0.002048737369477749,False,0.025660899933427572,483.5968017578125,0.9445250034332275,1885.3746337890625,1968.676513671875,0.004367461893707514,0.0,5120
M-10000,Transformer-2L,G:/PAI/outputs/checkpoints/world_model_ib_m10000_transformer2_fair_epoch_004.pt,reference_MPPI,42,482,-232.0438961162356,-104906.60222110234,-0.008219458162784576,0.00025006942451000214,0.012562518008053303,False,0.026063099969178438,473.4727783203125,0.9247515201568604,1871.7152099609375,1959.8443603515625,0.004534293431788683,0.0,5120
M-10000,Transformer-2L,G:/PAI/outputs/checkpoints/world_model_ib_m10000_transformer2_fair_epoch_004.pt,reference_MPPI,42,483,-234.25904715397138,-105140.86126825631,0.004559214226901531,0.0010432722046971321,0.0034100068733096123,False,0.026266099885106087,485.6470031738281,0.9485293030738831,1884.076171875,1960.9696044921875,0.004103860817849636,0.0,5120
M-10000,Transformer-2L,G:/PAI/outputs/checkpoints/world_model_ib_m10000_transformer2_fair_epoch_004.pt,reference_MPPI,42,484,-223.1253561805917,-105363.9866244369,-0.0022775568068027496,-0.014294955879449844,-0.005240338854491711,False,0.025792500004172325,462.6648864746094,0.9036423563957214,1861.9896240234375,1961.853271484375,0.0050522331148386,0.0,5120
M-10000,Transformer-2L,G:/PAI/outputs/checkpoints/world_model_ib_m10000_transformer2_fair_epoch_004.pt,reference_MPPI,42,485,-233.52014902868842,-105597.50677346559,0.003239006269723177,0.001531887799501419,-0.0016012253472581506,False,0.02650119992904365,464.06903076171875,0.9063848257064819,1873.3009033203125,1963.981689453125,0.004601798485964537,0.0,5120
M-10000,Transformer-2L,G:/PAI/outputs/checkpoints/world_model_ib_m10000_transformer2_fair_epoch_004.pt,reference_MPPI,42,486,-217.9847411755096,-105815.4915146411,0.009679446928203106,-0.004252747632563114,0.013596276752650738,False,0.02570150000974536,477.2940979003906,0.9322150349617004,1882.022216796875,1966.8885498046875,0.004409617278724909,0.0,5120
M-10000,Transformer-2L,G:/PAI/outputs/checkpoints/world_model_ib_m10000_transformer2_fair_epoch_004.pt,reference_MPPI,42,487,-214.9064650306275,-106030.39797967172,0.010527084581553936,-0.00029181409627199173,-0.010516122914850712,False,0.025242900010198355,480.8270263671875,0.9391152858734131,1884.1678466796875,1956.856201171875,0.003913745284080505,0.0,5120
M-10000,Transformer-2L,G:/PAI/outputs/checkpoints/world_model_ib_m10000_transformer2_fair_epoch_004.pt,reference_MPPI,42,488,-225.7595990765465,-106256.15757874826,0.007977417670190334,0.006085999310016632,0.007910122163593769,False,0.02597710001282394,475.3755187988281,0.9284678101539612,1882.92333984375,1954.53662109375,0.0038465538527816534,0.0,5120
M-10000,Transformer-2L,G:/PAI/outputs/checkpoints/world_model_ib_m10000_transformer2_fair_epoch_004.pt,reference_MPPI,42,489,-227.0192862652716,-106483.17686501353,0.006008056458085775,-0.0012874575331807137,0.0065256888046860695,False,0.02572779986076057,477.865234375,0.9333305358886719,1902.6046142578125,1966.3707275390625,0.0035666837356984615,0.0,5120
M-10000,Transformer-2L,G:/PAI/outputs/checkpoints/world_model_ib_m10000_transformer2_fair_epoch_004.pt,reference_MPPI,42,490,-235.24521093924164,-106718.42207595278,0.007932736538350582,-0.0006869770586490631,-0.002358362078666687,False,0.02539459988474846,480.8258972167969,0.9391130805015564,1890.4940185546875,1963.76611328125,0.0039395783096551895,0.0,5120
M-10000,Transformer-2L,G:/PAI/outputs/checkpoints/world_model_ib_m10000_transformer2_fair_epoch_004.pt,reference_MPPI,42,491,-240.22387683877903,-106958.64595279156,0.0001118713989853859,-0.002581755630671978,-0.005937103182077408,False,0.025670399889349937,475.2972106933594,0.9283148646354675,1877.484375,1967.36865234375,0.004625133704394102,0.0,5120
M-10000,Transformer-2L,G:/PAI/outputs/checkpoints/world_model_ib_m10000_transformer2_fair_epoch_004.pt,reference_MPPI,42,492,-237.0583022736855,-107195.70425506524,0.021252885460853577,-0.002037191763520241,-0.0015173088759183884,False,0.02627439983189106,470.2738037109375,0.9185035228729248,1894.1898193359375,1970.7000732421875,0.00402332516387105,0.0,5120
M-10000,Transformer-2L,G:/PAI/outputs/checkpoints/world_model_ib_m10000_transformer2_fair_epoch_004.pt,reference_MPPI,42,493,-212.57685870275355,-107408.281113768,-0.0001366077922284603,0.004506784025579691,-0.0002985522150993347,False,0.02535609994083643,479.5372009277344,0.9365960955619812,1890.09326171875,1970.61083984375,0.004228092264384031,0.0,5120
M-10000,Transformer-2L,G:/PAI/outputs/checkpoints/world_model_ib_m10000_transformer2_fair_epoch_004.pt,reference_MPPI,42,494,-216.01683703118277,-107624.29795079918,-0.009566446766257286,-0.0018432680517435074,0.0022653713822364807,False,0.02572669996879995,470.3988952636719,0.9187478423118591,1859.632568359375,1950.93359375,0.004662810824811459,0.0,5120
M-10000,Transformer-2L,G:/PAI/outputs/checkpoints/world_model_ib_m10000_transformer2_fair_epoch_004.pt,reference_MPPI,42,495,-218.84217843189776,-107843.14012923108,0.004541350994259119,0.005443826783448458,0.0016864491626620293,False,0.025493099819868803,464.2729187011719,0.9067830443382263,1843.45263671875,1951.868408203125,0.0055054291151463985,0.0,5120
M-10000,Transformer-2L,G:/PAI/outputs/checkpoints/world_model_ib_m10000_transformer2_fair_epoch_004.pt,reference_MPPI,42,496,-231.03413545157025,-108074.17426468265,0.00935443490743637,0.0036793965846300125,-0.00029183446895331144,False,0.025140099925920367,485.754638671875,0.9487395286560059,1882.2974853515625,1958.622314453125,0.004082611296325922,0.0,5120
M-10000,Transformer-2L,G:/PAI/outputs/checkpoints/world_model_ib_m10000_transformer2_fair_epoch_004.pt,reference_MPPI,42,497,-233.92148811135814,-108308.095752794,0.004877817817032337,0.0017113406211137772,0.0007582795806229115,False,0.0253411999437958,484.0003967285156,0.9453132748603821,1881.936767578125,1958.133544921875,0.004068389534950256,0.0,5120
M-10000,Transformer-2L,G:/PAI/outputs/checkpoints/world_model_ib_m10000_transformer2_fair_epoch_004.pt,reference_MPPI,42,498,-228.61600710811518,-108536.71175990211,-0.008177519775927067,-0.004892665892839432,0.011213014833629131,False,0.025398700032383204,492.9642639160156,0.962820827960968,1899.4100341796875,1969.1422119140625,0.003849487518891692,0.0,5120
M-10000,Transformer-2L,G:/PAI/outputs/checkpoints/world_model_ib_m10000_transformer2_fair_epoch_004.pt,reference_MPPI,42,499,-221.86041200173017,-108758.57217190384,0.0031278645619750023,0.010336840525269508,0.003956222906708717,False,0.025048899929970503,479.282470703125,0.936098575592041,1886.72509765625,1963.91357421875,0.004091470967978239,0.0,5120
M-10000,Transformer-2L,G:/PAI/outputs/checkpoints/world_model_ib_m10000_transformer2_fair_epoch_004.pt,reference_MPPI,42,500,-228.7890830641558,-108987.361254968,0.002457277849316597,-0.0008357912302017212,0.002030116505920887,False,0.025397100020200014,477.4264831542969,0.9324735999107361,1882.6724853515625,1961.69873046875,0.004151315428316593,0.0,5120
M-10000,Transformer-2L,G:/PAI/outputs/checkpoints/world_model_ib_m10000_transformer2_fair_epoch_004.pt,reference_MPPI,42,501,-217.54529798025632,-109204.90655294825,-0.0002823341637849808,0.0044024051167070866,0.004027937073260546,False,0.026338599855080247,488.62939453125,0.9543542861938477,1903.4556884765625,1963.2222900390625,0.0034677069634199142,0.0,5120
M-10000,Transformer-2L,G:/PAI/outputs/checkpoints/world_model_ib_m10000_transformer2_fair_epoch_004.pt,reference_MPPI,42,502,-220.57577742997464,-109425.48233037822,0.008057713508605957,-0.009597398340702057,0.006136848125606775,False,0.027497299946844578,471.70574951171875,0.9213002920150757,1871.541259765625,1959.050048828125,0.004492152947932482,0.0,5120
M-10000,Transformer-2L,G:/PAI/outputs/checkpoints/world_model_ib_m10000_transformer2_fair_epoch_004.pt,reference_MPPI,42,503,-230.41269784834105,-109655.89502822656,0.01345442607998848,0.002997572533786297,0.008381609804928303,False,0.027932799886912107,491.93988037109375,0.9608200788497925,1894.0906982421875,1953.0780029296875,0.00345188588835299,0.0,5120
M-10000,Transformer-2L,G:/PAI/outputs/checkpoints/world_model_ib_m10000_transformer2_fair_epoch_004.pt,reference_MPPI,42,504,-220.48110701693062,-109876.37613524348,-0.0006079175509512424,-0.003819161094725132,0.002489563310518861,False,0.026757599785923958,475.63482666015625,0.9289742708206177,1881.2786865234375,1966.971435546875,0.004434460308402777,0.0,5120
M-10000,Transformer-2L,G:/PAI/outputs/checkpoints/world_model_ib_m10000_transformer2_fair_epoch_004.pt,reference_MPPI,42,505,-221.35677876398051,-110097.73291400746,0.007764029316604137,0.006628800183534622,-0.011196903884410858,False,0.026228100061416626,473.5941162109375,0.9249885082244873,1840.224853515625,1951.5938720703125,0.005726833362132311,0.0,5120
M-10000,Transformer-2L,G:/PAI/outputs/checkpoints/world_model_ib_m10000_transformer2_fair_epoch_004.pt,reference_MPPI,42,506,-218.99008006033034,-110316.7229940678,0.005336127243936062,-0.004925635643303394,0.003363294992595911,False,0.0272170000243932,461.37249755859375,0.9011181592941284,1856.3934326171875,1962.888916015625,0.005383647512644529,0.0,5120
M-10000,Transformer-2L,G:/PAI/outputs/checkpoints/world_model_ib_m10000_transformer2_fair_epoch_004.pt,reference_MPPI,42,507,-231.18524623004814,-110547.90824029784,0.011578433215618134,0.0038091863971203566,-0.006830741185694933,False,0.02658009994775057,484.2663879394531,0.9458327889442444,1888.3353271484375,1952.560546875,0.003609041916206479,0.0,5120
M-10000,Transformer-2L,G:/PAI/outputs/checkpoints/world_model_ib_m10000_transformer2_fair_epoch_004.pt,reference_MPPI,42,508,-242.50171934050132,-110790.40995963835,0.016951125115156174,0.005256522446870804,-0.006710265763103962,False,0.026724700117483735,467.8809814453125,0.913830041885376,1881.6048583984375,1965.637451171875,0.004321914631873369,0.0,5120
M-10000,Transformer-2L,G:/PAI/outputs/checkpoints/world_model_ib_m10000_transformer2_fair_epoch_004.pt,reference_MPPI,42,509,-238.57727003226555,-111028.98722967062,-3.253575414419174e-05,0.010887177661061287,-0.011025818064808846,False,0.026942499913275242,481.079833984375,0.9396090507507324,1889.5301513671875,1965.81396484375,0.004057279787957668,0.0,5120
M-10000,Transformer-2L,G:/PAI/outputs/checkpoints/world_model_ib_m10000_transformer2_fair_epoch_004.pt,reference_MPPI,42,510,-229.8656288297929,-111258.85285850041,0.011221478693187237,-0.0023343823850154877,0.01218971237540245,False,0.02630979986861348,490.1332702636719,0.9572915434837341,1906.9324951171875,1967.464111328125,0.003500274382531643,0.0,5120
M-10000,Transformer-2L,G:/PAI/outputs/checkpoints/world_model_ib_m10000_transformer2_fair_epoch_004.pt,reference_MPPI,42,511,-236.88235818878243,-111495.7352166892,-0.0023854891769587994,-0.004697682335972786,-0.001855551265180111,False,0.026654500048607588,481.4996643066406,0.9404290318489075,1881.0948486328125,1958.56884765625,0.004112693015486002,0.0,5120
M-10000,Transformer-2L,G:/PAI/outputs/checkpoints/world_model_ib_m10000_transformer2_fair_epoch_004.pt,reference_MPPI,42,512,-229.48527647034288,-111725.22049315953,0.0055422307923436165,-0.0035825110971927643,0.011064020916819572,False,0.02592510008253157,460.7996826171875,0.8999993801116943,1873.4305419921875,1961.512451171875,0.00446664821356535,0.0,5120
M-10000,Transformer-2L,G:/PAI/outputs/checkpoints/world_model_ib_m10000_transformer2_fair_epoch_004.pt,reference_MPPI,42,513,-218.9126361051121,-111944.13312926465,-0.00755586801096797,0.0011008819565176964,-0.0024015861563384533,False,0.026681300019845366,474.5169982910156,0.9267910122871399,1883.8126220703125,1961.4381103515625,0.004088487010449171,0.0,5120
M-10000,Transformer-2L,G:/PAI/outputs/checkpoints/world_model_ib_m10000_transformer2_fair_epoch_004.pt,reference_MPPI,42,514,-243.7196748752284,-112187.85280413988,0.0170880276709795,0.0038365074433386326,0.0001501748338341713,False,0.026688399957492948,488.4442443847656,0.9539926648139954,1899.132568359375,1956.76025390625,0.0033918952103704214,0.0,5120
M-10000,Transformer-2L,G:/PAI/outputs/checkpoints/world_model_ib_m10000_transformer2_fair_epoch_004.pt,reference_MPPI,42,515,-219.9054046773483,-112407.75820881723,0.004579587373882532,0.007861621677875519,-0.006329207215458155,False,0.026072600157931447,474.56524658203125,0.9268852472305298,1899.6361083984375,1968.0321044921875,0.003721445333212614,0.0,5120
M-10000,Transformer-2L,G:/PAI/outputs/checkpoints/world_model_ib_m10000_transformer2_fair_epoch_004.pt,reference_MPPI,42,516,-227.60409581223325,-112635.36230462947,0.005790619179606438,-0.003712722798809409,0.004050465300679207,False,0.026539299869909883,477.72406005859375,0.9330548048019409,1877.3907470703125,1950.8043212890625,0.003932476509362459,0.0,5120
M-10000,Transformer-2L,G:/PAI/outputs/checkpoints/world_model_ib_m10000_transformer2_fair_epoch_004.pt,reference_MPPI,42,517,-219.6160395557584,-112854.97834418522,0.0017491182079538703,-0.004563811235129833,-0.006342945620417595,False,0.02591500012204051,489.92529296875,0.9568853378295898,1894.4488525390625,1959.9368896484375,0.003675366286188364,0.0,5120
M-10000,Transformer-2L,G:/PAI/outputs/checkpoints/world_model_ib_m10000_transformer2_fair_epoch_004.pt,reference_MPPI,42,518,-217.2739035122479,-113072.25224769747,0.019007017835974693,-0.0034584058448672295,0.008183440193533897,False,0.02655029995366931,472.9981689453125,0.9238245487213135,1872.9998779296875,1958.5582275390625,0.004413551650941372,0.0,5120
M-10000,Transformer-2L,G:/PAI/outputs/checkpoints/world_model_ib_m10000_transformer2_fair_epoch_004.pt,reference_MPPI,42,519,-240.47086946247336,-113312.72311715994,0.01049615815281868,-0.009386759251356125,0.0031995587050914764,False,0.02672359999269247,487.0164489746094,0.9512040019035339,1891.9349365234375,1957.6318359375,0.003671535523608327,0.0,5120
M-10000,Transformer-2L,G:/PAI/outputs/checkpoints/world_model_ib_m10000_transformer2_fair_epoch_004.pt,reference_MPPI,42,520,-230.6699310273396,-113543.39304818728,0.0032912641763687134,0.0037385039031505585,0.0003587808459997177,False,0.026205600006505847,469.6349182128906,0.917255699634552,1886.5478515625,1961.281494140625,0.003939918242394924,0.0,5120
M-10000,Transformer-2L,G:/PAI/outputs/checkpoints/world_model_ib_m10000_transformer2_fair_epoch_004.pt,reference_MPPI,42,521,-221.87376275057204,-113765.26681093786,0.0037491503171622753,0.010539034381508827,-0.005836536642163992,False,0.027026999974623322,483.7264404296875,0.9447782039642334,1889.0462646484375,1955.575927734375,0.0036895498633384705,0.0,5120
M-10000,Transformer-2L,G:/PAI/outputs/checkpoints/world_model_ib_m10000_transformer2_fair_epoch_004.pt,reference_MPPI,42,522,-218.88742578149152,-113984.15423671935,0.0011282614432275295,0.006985108368098736,0.011966781690716743,False,0.025630199816077948,474.83721923828125,0.9274164438247681,1874.8934326171875,1950.4974365234375,0.004001349676400423,0.0,5120
M-10000,Transformer-2L,G:/PAI/outputs/checkpoints/world_model_ib_m10000_transformer2_fair_epoch_004.pt,reference_MPPI,42,523,-251.30952073367473,-114235.46375745302,0.0001345288474112749,-0.012880463153123856,-0.0082726264372468,False,0.026089100167155266,468.3542175292969,0.914754331111908,1844.3712158203125,1954.9110107421875,0.00565564027056098,0.0,5120
M-10000,Transformer-2L,G:/PAI/outputs/checkpoints/world_model_ib_m10000_transformer2_fair_epoch_004.pt,reference_MPPI,42,524,-216.03506155331036,-114451.49881900633,0.013425435870885849,-0.008144638501107693,0.0011000408558174968,False,0.0269208000972867,486.32122802734375,0.9498461484909058,1911.82666015625,1974.49951171875,0.0035618178080767393,0.0,5120
M-10000,Transformer-2L,G:/PAI/outputs/checkpoints/world_model_ib_m10000_transformer2_fair_epoch_004.pt,reference_MPPI,42,525,-228.70968130901798,-114680.20850031535,-0.003182666841894388,-0.006829577498137951,-0.0014069057069718838,False,0.025908099953085184,483.272705078125,0.9438920021057129,1882.15234375,1958.3416748046875,0.004063669592142105,0.0,5120
M-10000,Transformer-2L,G:/PAI/outputs/checkpoints/world_model_ib_m10000_transformer2_fair_epoch_004.pt,reference_MPPI,42,526,-225.96051357107558,-114906.16901388642,-0.008349617011845112,-0.010363565757870674,-0.013771808706223965,False,0.02709389990195632,472.2257080078125,0.9223158359527588,1880.3934326171875,1959.9049072265625,0.004155261907726526,0.0,5120
M-10000,Transformer-2L,G:/PAI/outputs/checkpoints/world_model_ib_m10000_transformer2_fair_epoch_004.pt,reference_MPPI,42,527,-238.25508253134768,-115144.42409641777,0.012067895382642746,0.007570032030344009,0.0003173011355102062,False,0.026399499969556928,478.1139221191406,0.9338162541389465,1882.9017333984375,1963.796875,0.004235614091157913,0.0,5120
M-10000,Transformer-2L,G:/PAI/outputs/checkpoints/world_model_ib_m10000_transformer2_fair_epoch_004.pt,reference_MPPI,42,528,-230.16003667474916,-115374.58413309252,0.008235217072069645,-0.007092260289937258,0.00255183270201087,False,0.025486900005489588,478.751220703125,0.935060977935791,1882.824951171875,1970.9544677734375,0.004560645669698715,0.0,5120
M-10000,Transformer-2L,G:/PAI/outputs/checkpoints/world_model_ib_m10000_transformer2_fair_epoch_004.pt,reference_MPPI,42,529,-223.56911184796837,-115598.15324494049,-0.002377444878220558,-0.005634672474116087,-0.01377728208899498,False,0.025478600058704615,482.69915771484375,0.9427717924118042,1895.8541259765625,1964.4503173828125,0.0037626796402037144,0.0,5120
M-10000,Transformer-2L,G:/PAI/outputs/checkpoints/world_model_ib_m10000_transformer2_fair_epoch_004.pt,reference_MPPI,42,530,-217.3478410774852,-115815.50108601798,0.0037798434495925903,-0.007526522967964411,-0.004348376300185919,False,0.0263803000561893,478.2745056152344,0.9341298937797546,1895.205810546875,1962.6435546875,0.0037042421754449606,0.0,5120
M-10000,Transformer-2L,G:/PAI/outputs/checkpoints/world_model_ib_m10000_transformer2_fair_epoch_004.pt,reference_MPPI,42,531,-231.24182850084125,-116046.74291451882,0.005441637709736824,4.5474618673324585e-05,-0.0002795136533677578,False,0.027895400067791343,485.02325439453125,0.9473110437393188,1882.0576171875,1958.619384765625,0.004085583612322807,0.0,5120
M-10000,Transformer-2L,G:/PAI/outputs/checkpoints/world_model_ib_m10000_transformer2_fair_epoch_004.pt,reference_MPPI,42,532,-217.86059482544752,-116264.60350934426,-0.0010414223652333021,0.007423780392855406,-0.00275919190607965,False,0.026053499896079302,475.4447021484375,0.928602933883667,1889.9136962890625,1969.439453125,0.004166051279753447,0.0,5120
M-10000,Transformer-2L,G:/PAI/outputs/checkpoints/world_model_ib_m10000_transformer2_fair_epoch_004.pt,reference_MPPI,42,533,-219.66367885753425,-116484.2671882018,0.0012742015533149242,-0.010907339863479137,-0.007157735992223024,False,0.02584680006839335,479.45916748046875,0.9364436864852905,1885.379150390625,1960.0860595703125,0.003987569361925125,0.0,5120
M-10000,Transformer-2L,G:/PAI/outputs/checkpoints/world_model_ib_m10000_transformer2_fair_epoch_004.pt,reference_MPPI,42,534,-245.6036443423385,-116729.87083254414,0.002815388608723879,-0.010226190090179443,0.01459718868136406,False,0.02542180009186268,484.3457946777344,0.94598788022995,1901.2579345703125,1968.337158203125,0.0037129931151866913,0.0,5120
M-10000,Transformer-2L,G:/PAI/outputs/checkpoints/world_model_ib_m10000_transformer2_fair_epoch_004.pt,reference_MPPI,42,535,-246.2160051416325,-116976.08683768577,0.00983618013560772,-0.011254384182393551,0.0026884637773036957,False,0.0247531000059098,485.5631408691406,0.9483655095100403,1895.747802734375,1966.091552734375,0.0038450644351541996,0.0,5120
M-10000,Transformer-2L,G:/PAI/outputs/checkpoints/world_model_ib_m10000_transformer2_fair_epoch_004.pt,reference_MPPI,42,536,-236.82212940863178,-117212.9089670944,-0.0008985213935375214,0.013080080971121788,0.002248565200716257,False,0.025894500082358718,473.5606994628906,0.9249232411384583,1896.800537109375,1967.9466552734375,0.003823758801445365,0.0,5120
M-10000,Transformer-2L,G:/PAI/outputs/checkpoints/world_model_ib_m10000_transformer2_fair_epoch_004.pt,reference_MPPI,42,537,-247.2997588515597,-117460.20872594595,0.0010458920150995255,0.006933650933206081,-0.0022201589308679104,False,0.02708090003579855,481.9567565917969,0.9413217902183533,1878.62841796875,1956.9278564453125,0.0041463663801550865,0.0,5120
M-10000,Transformer-2L,G:/PAI/outputs/checkpoints/world_model_ib_m10000_transformer2_fair_epoch_004.pt,reference_MPPI,42,538,-221.35118921841354,-117681.55991516437,0.01476234383881092,0.0022072382271289825,-0.005312371999025345,False,0.025461900047957897,471.0469970703125,0.9200136661529541,1870.91943359375,1967.06591796875,0.0049097975715994835,0.0,5120
M-10000,Transformer-2L,G:/PAI/outputs/checkpoints/world_model_ib_m10000_transformer2_fair_epoch_004.pt,reference_MPPI,42,539,-232.4271904358634,-117913.98710560023,0.00956009142100811,0.007087009027600288,0.0001487182453274727,False,0.025005699833855033,475.0147399902344,0.9277631640434265,1859.9835205078125,1952.336669921875,0.004736796021461487,0.0,5120
M-10000,Transformer-2L,G:/PAI/outputs/checkpoints/world_model_ib_m10000_transformer2_fair_epoch_004.pt,reference_MPPI,42,540,-220.943881621422,-118134.93098722165,0.008077489212155342,-0.006950147449970245,-0.005255796480923891,False,0.0261782999150455,489.5087890625,0.9560718536376953,1893.21826171875,1957.758056640625,0.0036411210894584656,0.0,5120
M-10000,Transformer-2L,G:/PAI/outputs/checkpoints/world_model_ib_m10000_transformer2_fair_epoch_004.pt,reference_MPPI,42,541,-219.09383969902933,-118354.02482692068,-0.002769606187939644,-0.005925403907895088,-0.012374878861010075,False,0.025372100062668324,484.7754211425781,0.9468269944190979,1884.2652587890625,1950.99658203125,0.003703611670061946,0.0,5120
M-10000,Transformer-2L,G:/PAI/outputs/checkpoints/world_model_ib_m10000_transformer2_fair_epoch_004.pt,reference_MPPI,42,542,-226.51176801978346,-118580.53659494047,0.0009306855499744415,0.005784160457551479,-0.003953276667743921,False,0.025585800176486373,472.27545166015625,0.9224129915237427,1861.5224609375,1948.46435546875,0.004469715058803558,0.0,5120
M-10000,Transformer-2L,G:/PAI/outputs/checkpoints/world_model_ib_m10000_transformer2_fair_epoch_004.pt,reference_MPPI,42,543,-216.89430794741565,-118797.43090288788,0.008270197547972202,0.0037697607185691595,0.014856504276394844,False,0.025729200104251504,469.7490539550781,0.917478621006012,1888.5225830078125,1962.5667724609375,0.003917120862752199,0.0,5120
M-10000,Transformer-2L,G:/PAI/outputs/checkpoints/world_model_ib_m10000_transformer2_fair_epoch_004.pt,reference_MPPI,42,544,-227.28800108427194,-119024.71890397216,0.007847517728805542,-0.004719691351056099,-0.004924309439957142,False,0.026885000057518482,477.751708984375,0.9331088066101074,1880.476318359375,1956.28955078125,0.004024801775813103,0.0,5120
M-10000,Transformer-2L,G:/PAI/outputs/checkpoints/world_model_ib_m10000_transformer2_fair_epoch_004.pt,reference_MPPI,42,545,-227.85477918038438,-119252.57368315254,-0.007659603375941515,0.01732189767062664,-0.00873937364667654,False,0.0260644000954926,472.8378601074219,0.9235114455223083,1882.8319091796875,1962.4884033203125,0.0041610016487538815,0.0,5120
M-10000,Transformer-2L,G:/PAI/outputs/checkpoints/world_model_ib_m10000_transformer2_fair_epoch_004.pt,reference_MPPI,42,546,-223.08649276064887,-119475.66017591319,0.013616889715194702,-0.012678881175816059,-0.002181014511734247,False,0.026986399898305535,476.8649597167969,0.9313768744468689,1874.1212158203125,1964.5701904296875,0.004657395649701357,0.0,5120
M-10000,Transformer-2L,G:/PAI/outputs/checkpoints/world_model_ib_m10000_transformer2_fair_epoch_004.pt,reference_MPPI,42,547,-232.27454728853118,-119707.93472320172,0.009814484044909477,0.001834218855947256,0.004331523086875677,False,0.025857599917799234,498.1746826171875,0.9729974269866943,1912.0421142578125,1959.333251953125,0.003091272432357073,0.0,5120
M-10000,Transformer-2L,G:/PAI/outputs/checkpoints/world_model_ib_m10000_transformer2_fair_epoch_004.pt,reference_MPPI,42,548,-220.56236224239458,-119928.4970854441,0.004785532131791115,-0.0011561205610632896,-0.001385837676934898,False,0.02608619979582727,484.4870910644531,0.94626384973526,1896.8792724609375,1962.80908203125,0.0036697587929666042,0.0,5120
M-10000,Transformer-2L,G:/PAI/outputs/checkpoints/world_model_ib_m10000_transformer2_fair_epoch_004.pt,reference_MPPI,42,549,-242.07654578032998,-120170.57363122444,0.0025487439706921577,0.0014622882008552551,-0.0006609950214624405,False,0.026020700111985207,475.0928039550781,0.927915632724762,1894.1585693359375,1971.814453125,0.004087354522198439,0.0,5120
M-10000,Transformer-2L,G:/PAI/outputs/checkpoints/world_model_ib_m10000_transformer2_fair_epoch_004.pt,reference_MPPI,42,550,-217.24018550444032,-120387.81381672889,0.007980525493621826,-0.00015339907258749008,-0.004977549891918898,False,0.025497900089249015,471.2870788574219,0.9204825758934021,1890.2677001953125,1978.2515869140625,0.0045160637237131596,0.0,5120
M-10000,Transformer-2L,G:/PAI/outputs/checkpoints/world_model_ib_m10000_transformer2_fair_epoch_004.pt,reference_MPPI,42,551,-222.49851958300763,-120610.3123363119,0.003246402833610773,0.0018515419214963913,-0.0020771133713424206,False,0.024939600145444274,475.3519287109375,0.9284217357635498,1871.482177734375,1959.872802734375,0.004557223990559578,0.0,5120
M-10000,Transformer-2L,G:/PAI/outputs/checkpoints/world_model_ib_m10000_transformer2_fair_epoch_004.pt,reference_MPPI,42,552,-216.32571979257847,-120826.63805610448,0.011463808827102184,0.009523876011371613,-0.004172840155661106,False,0.026353100081905723,469.4010925292969,0.916799008846283,1874.1776123046875,1965.43115234375,0.004649744369089603,0.0,5120
M-10000,Transformer-2L,G:/PAI/outputs/checkpoints/world_model_ib_m10000_transformer2_fair_epoch_004.pt,reference_MPPI,42,553,-224.64667300103548,-121051.28472910551,0.0019130264408886433,0.0005983952432870865,-0.0032990407198667526,False,0.025562399998307228,455.34967041015625,0.8893548250198364,1840.8016357421875,1963.7213134765625,0.006310492288321257,0.0,5120
M-10000,Transformer-2L,G:/PAI/outputs/checkpoints/world_model_ib_m10000_transformer2_fair_epoch_004.pt,reference_MPPI,42,554,-230.32091553770397,-121281.6056446432,0.009424922056496143,0.004950046539306641,-0.006696220021694899,False,0.025525700068101287,495.41571044921875,0.9676088094711304,1920.341796875,1964.8828125,0.002997348317876458,0.0,5120
M-10000,Transformer-2L,G:/PAI/outputs/checkpoints/world_model_ib_m10000_transformer2_fair_epoch_004.pt,reference_MPPI,42,555,-235.0815475697455,-121516.68719221295,0.008442260324954987,-0.005016013979911804,-0.010711031034588814,False,0.02623080019839108,474.40252685546875,0.9265674352645874,1901.0301513671875,1968.989013671875,0.0037051276303827763,0.0,5120
M-10000,Transformer-2L,G:/PAI/outputs/checkpoints/world_model_ib_m10000_transformer2_fair_epoch_004.pt,reference_MPPI,42,556,-221.72233256341462,-121738.40952477636,0.011149409227073193,0.00662152748554945,0.00569574348628521,False,0.027105999877676368,471.74139404296875,0.9213699102401733,1853.71875,1970.507080078125,0.006037205923348665,0.0,5120
M-10000,Transformer-2L,G:/PAI/outputs/checkpoints/world_model_ib_m10000_transformer2_fair_epoch_004.pt,reference_MPPI,42,557,-240.7972204525567,-121979.20674522892,0.00701851025223732,-0.007398728281259537,-0.003290771972388029,False,0.02606900013051927,478.9675598144531,0.9354835152626038,1890.39794921875,1961.813720703125,0.0038581290282309055,0.0,5120
M-10000,Transformer-2L,G:/PAI/outputs/checkpoints/world_model_ib_m10000_transformer2_fair_epoch_004.pt,reference_MPPI,42,558,-242.68637894651002,-122221.89312417543,0.012133704498410225,0.00963987410068512,-0.011471237987279892,False,0.025629200041294098,488.15899658203125,0.9534355401992798,1914.069091796875,1974.982421875,0.0035068364813923836,0.0,5120
M-10000,Transformer-2L,G:/PAI/outputs/checkpoints/world_model_ib_m10000_transformer2_fair_epoch_004.pt,reference_MPPI,42,559,-236.92282600617477,-122458.81595018161,0.011564834043383598,-0.0006411606445908546,0.002366407075896859,False,0.02606109995394945,470.8407897949219,0.9196109175682068,1872.911376953125,1972.161376953125,0.005056006833910942,0.0,5120
M-10000,Transformer-2L,G:/PAI/outputs/checkpoints/world_model_ib_m10000_transformer2_fair_epoch_004.pt,reference_MPPI,42,560,-219.90842839699104,-122678.7243785786,-0.00577359925955534,-0.005325352773070335,-0.015183120965957642,False,0.025666599860414863,462.9876708984375,0.9042727947235107,1871.0589599609375,1968.643310546875,0.004931244999170303,0.0,5120
M-10000,Transformer-2L,G:/PAI/outputs/checkpoints/world_model_ib_m10000_transformer2_fair_epoch_004.pt,reference_MPPI,42,561,-215.25561854359705,-122893.9799971222,0.0034175552427768707,-0.0008028475567698479,-0.008520588278770447,False,0.02624299982562661,459.3561096191406,0.897179901599884,1870.6719970703125,1962.265625,0.004623073618859053,0.0,5120
M-10000,Transformer-2L,G:/PAI/outputs/checkpoints/world_model_ib_m10000_transformer2_fair_epoch_004.pt,reference_MPPI,42,562,-218.5610838502033,-123112.5410809724,0.0049497466534376144,0.007601086515933275,-0.00764933368191123,False,0.02576190000399947,484.39447021484375,0.9460829496383667,1887.2425537109375,1958.5849609375,0.0038761827163398266,0.0,5120
M-10000,Transformer-2L,G:/PAI/outputs/checkpoints/world_model_ib_m10000_transformer2_fair_epoch_004.pt,reference_MPPI,42,563,-224.08878777891,-123336.6298687513,0.005059702321887016,-0.008589274249970913,-0.013160844333469868,False,0.02550720004364848,469.008544921875,0.9160323143005371,1873.5140380859375,1963.2708740234375,0.004582537803798914,0.0,5120
M-10000,Transformer-2L,G:/PAI/outputs/checkpoints/world_model_ib_m10000_transformer2_fair_epoch_004.pt,reference_MPPI,42,564,-224.4564592288763,-123561.08632798019,0.016384299844503403,-0.008798415772616863,0.0006157113239169121,False,0.025659099919721484,476.0883483886719,0.9298600554466248,1878.16064453125,1969.70703125,0.004705122672021389,0.0,5120
M-10000,Transformer-2L,G:/PAI/outputs/checkpoints/world_model_ib_m10000_transformer2_fair_epoch_004.pt,reference_MPPI,42,565,-230.25499910033102,-123791.34132708052,0.010195458307862282,0.0036368509754538536,-0.005568453576415777,False,0.025691600050777197,474.96295166015625,0.9276620149612427,1873.2275390625,1962.868408203125,0.00461152708157897,0.0,5120
M-10000,Transformer-2L,G:/PAI/outputs/checkpoints/world_model_ib_m10000_transformer2_fair_epoch_004.pt,reference_MPPI,42,566,-227.05596746973043,-124018.39729455025,-0.0018698540516197681,-0.005703320726752281,-0.012211313471198082,False,0.02584029990248382,457.97186279296875,0.8944762945175171,1878.6817626953125,1973.36669921875,0.004756186157464981,0.0,5120
M-10000,Transformer-2L,G:/PAI/outputs/checkpoints/world_model_ib_m10000_transformer2_fair_epoch_004.pt,reference_MPPI,42,567,-242.33272073363867,-124260.73001528389,-0.01480094250291586,0.007002049591392279,-0.006795346736907959,False,0.02633969997987151,469.5348205566406,0.9170601963996887,1884.0792236328125,1966.831787109375,0.004276658408343792,0.0,5120
M-10000,Transformer-2L,G:/PAI/outputs/checkpoints/world_model_ib_m10000_transformer2_fair_epoch_004.pt,reference_MPPI,42,568,-222.44139818299251,-124483.17141346687,0.01989542506635189,0.0013713380321860313,-0.012227829545736313,False,0.026805700035765767,473.0276794433594,0.9238821864128113,1895.04833984375,1977.1025390625,0.004260424058884382,0.0,5120
M-10000,Transformer-2L,G:/PAI/outputs/checkpoints/world_model_ib_m10000_transformer2_fair_epoch_004.pt,reference_MPPI,42,569,-221.91798767904342,-124705.08940114592,0.0005140844732522964,0.007244951091706753,-0.0011651595123112202,False,0.02589859999716282,490.5722961425781,0.9581490159034729,1912.41064453125,1972.892822265625,0.0035001300275325775,0.0,5120
M-10000,Transformer-2L,G:/PAI/outputs/checkpoints/world_model_ib_m10000_transformer2_fair_epoch_004.pt,reference_MPPI,42,570,-216.62042199634783,-124921.70982314227,0.0003889612853527069,0.010457190684974194,-0.008113869465887547,False,0.02508500008843839,483.1114807128906,0.9435771107673645,1892.7320556640625,1971.381591796875,0.004166680388152599,0.0,5120
M-10000,Transformer-2L,G:/PAI/outputs/checkpoints/world_model_ib_m10000_transformer2_fair_epoch_004.pt,reference_MPPI,42,571,-221.55028932186968,-125143.26011246414,0.0011064540594816208,0.004738296382129192,0.0008796928450465202,False,0.02551449998281896,473.7279357910156,0.9252498745918274,1891.900390625,1968.228271484375,0.00402409490197897,0.0,5120
M-10000,Transformer-2L,G:/PAI/outputs/checkpoints/world_model_ib_m10000_transformer2_fair_epoch_004.pt,reference_MPPI,42,572,-217.92907690879792,-125361.18918937293,0.0008506672456860542,-0.0073681604117155075,-0.01603139005601406,False,0.02526569995097816,486.7510070800781,0.9506855607032776,1900.7012939453125,1971.2852783203125,0.0038555311039090157,0.0,5120
M-10000,Transformer-2L,G:/PAI/outputs/checkpoints/world_model_ib_m10000_transformer2_fair_epoch_004.pt,reference_MPPI,42,573,-214.91284901173137,-125576.10203838466,0.009137884713709354,0.004298192448914051,0.002611011266708374,False,0.02519429987296462,481.6971435546875,0.940814733505249,1890.8817138671875,1973.14892578125,0.0043143946677446365,0.0,5120
M-10000,Transformer-2L,G:/PAI/outputs/checkpoints/world_model_ib_m10000_transformer2_fair_epoch_004.pt,reference_MPPI,42,574,-248.84564203704014,-125824.9476804217,0.007514006458222866,-0.009597369469702244,0.0014742545317858458,False,0.02599800005555153,476.451171875,0.9305686950683594,1878.627197265625,1965.54150390625,0.004488770384341478,0.0,5120
M-10000,Transformer-2L,G:/PAI/outputs/checkpoints/world_model_ib_m10000_transformer2_fair_epoch_004.pt,reference_MPPI,42,575,-220.92102016630616,-126045.868700588,0.014058120548725128,-0.001765313558280468,0.00811063963919878,False,0.02566020004451275,495.19927978515625,0.9671860933303833,1929.144287109375,1992.552978515625,0.0036230457480996847,0.0,5120
M-10000,Transformer-2L,G:/PAI/outputs/checkpoints/world_model_ib_m10000_transformer2_fair_epoch_004.pt,reference_MPPI,42,576,-223.86817097740078,-126269.7368715654,0.003199546132236719,-0.0016674241051077843,0.0013986993581056595,False,0.02582640014588833,472.5182800292969,0.9228872656822205,1889.989501953125,1974.6962890625,0.0043767644092440605,0.0,5120
M-10000,Transformer-2L,G:/PAI/outputs/checkpoints/world_model_ib_m10000_transformer2_fair_epoch_004.pt,reference_MPPI,42,577,-221.4876089989899,-126491.22448056439,0.0070978738367557526,0.001129369018599391,0.002349630929529667,False,0.025551000144332647,475.0826721191406,0.9278958439826965,1905.2684326171875,1983.7996826171875,0.004125539679080248,0.0,5120
M-10000,Transformer-2L,G:/PAI/outputs/checkpoints/world_model_ib_m10000_transformer2_fair_epoch_004.pt,reference_MPPI,42,578,-233.11070477505655,-126724.33518533944,-7.17751681804657e-05,-0.0034314142540097237,-0.0026495843194425106,False,0.026077000191435218,467.2262878417969,0.9125513434410095,1864.715087890625,1975.351318359375,0.005647479090839624,0.0,5120
M-10000,Transformer-2L,G:/PAI/outputs/checkpoints/world_model_ib_m10000_transformer2_fair_epoch_004.pt,reference_MPPI,42,579,-214.2161058906754,-126938.55129123012,0.0064515769481658936,-0.0073301163502037525,0.00458814762532711,False,0.026289400178939104,481.5418701171875,0.9405114650726318,1909.9903564453125,1979.8145751953125,0.003804661799222231,0.0,5120
M-10000,Transformer-2L,G:/PAI/outputs/checkpoints/world_model_ib_m10000_transformer2_fair_epoch_004.pt,reference_MPPI,42,580,-218.5350769741647,-127157.08636820428,0.007210046984255314,0.006401089020073414,0.007369838189333677,False,0.025927599985152483,478.2652893066406,0.9341118931770325,1886.4144287109375,1966.8388671875,0.004219362046569586,0.0,5120
M-10000,Transformer-2L,G:/PAI/outputs/checkpoints/world_model_ib_m10000_transformer2_fair_epoch_004.pt,reference_MPPI,42,581,-230.55752568363584,-127387.64389388791,0.011685419827699661,-0.0007978687062859535,0.0007340307347476482,False,0.02558829984627664,482.1085510253906,0.9416182637214661,1899.548095703125,1974.288330078125,0.004002177156507969,0.0,5120
M-10000,Transformer-2L,G:/PAI/outputs/checkpoints/world_model_ib_m10000_transformer2_fair_epoch_004.pt,reference_MPPI,42,582,-222.40823104013492,-127610.05212492804,-0.00047312118113040924,-0.00239601731300354,0.010925372131168842,False,0.02546999999321997,451.8899230957031,0.8825975060462952,1873.831298828125,1980.6102294921875,0.005337189417332411,0.0,5120
M-10000,Transformer-2L,G:/PAI/outputs/checkpoints/world_model_ib_m10000_transformer2_fair_epoch_004.pt,reference_MPPI,42,583,-224.0119733618363,-127834.06409828988,0.01652105152606964,-0.002962389960885048,-0.005557994358241558,False,0.025060600135475397,477.3711853027344,0.9323655962944031,1890.737548828125,1974.938232421875,0.00437929155305028,0.0,5120
M-10000,Transformer-2L,G:/PAI/outputs/checkpoints/world_model_ib_m10000_transformer2_fair_epoch_004.pt,reference_MPPI,42,584,-229.95548832821532,-128064.01958661809,0.010096680372953415,-0.00801741611212492,-0.005744885187596083,False,0.026170900091528893,477.8681640625,0.9333362579345703,1896.99560546875,1974.1199951171875,0.004080376122146845,0.0,5120
M-10000,Transformer-2L,G:/PAI/outputs/checkpoints/world_model_ib_m10000_transformer2_fair_epoch_004.pt,reference_MPPI,42,585,-220.04563661838756,-128284.06522323648,0.007318878546357155,0.009813793003559113,0.003445971990004182,False,0.026398600079119205,472.800537109375,0.923438549041748,1885.5687255859375,1974.2572021484375,0.004558304790407419,0.0,5120
M-10000,Transformer-2L,G:/PAI/outputs/checkpoints/world_model_ib_m10000_transformer2_fair_epoch_004.pt,reference_MPPI,42,586,-230.32829066012675,-128514.3935138966,0.005651258863508701,-0.011089076288044453,0.007003325503319502,False,0.025407199980691075,484.47625732421875,0.9462426900863647,1884.9669189453125,1972.115478515625,0.004539025016129017,0.0,5120
M-10000,Transformer-2L,G:/PAI/outputs/checkpoints/world_model_ib_m10000_transformer2_fair_epoch_004.pt,reference_MPPI,42,587,-235.92434935584618,-128750.31786325245,0.003018704941496253,-0.0005125440657138824,0.0014826525002717972,False,0.025909400079399347,472.6382141113281,0.9231215119361877,1848.803466796875,1977.8671875,0.00683150440454483,0.0,5120
M-10000,Transformer-2L,G:/PAI/outputs/checkpoints/world_model_ib_m10000_transformer2_fair_epoch_004.pt,reference_MPPI,42,588,-222.67712361875067,-128972.9949868712,0.0015887441113591194,-0.0008209943771362305,0.006641548126935959,False,0.026625300059095025,463.55194091796875,0.9053748846054077,1847.4326171875,1971.603759765625,0.006458635907620192,0.0,5120
M-10000,Transformer-2L,G:/PAI/outputs/checkpoints/world_model_ib_m10000_transformer2_fair_epoch_004.pt,reference_MPPI,42,589,-222.42297458452128,-129195.41796145572,0.006877245381474495,-0.006869899109005928,0.005396641790866852,False,0.025817299960181117,471.37982177734375,0.9206637144088745,1877.140869140625,1970.6728515625,0.00477314880117774,0.0,5120
M-10000,Transformer-2L,G:/PAI/outputs/checkpoints/world_model_ib_m10000_transformer2_fair_epoch_004.pt,reference_MPPI,42,590,-224.13567850328724,-129419.553639959,0.002900436520576477,0.0008906996808946133,-0.0005622538737952709,False,0.02543459995649755,493.3875427246094,0.9636475443840027,1910.8690185546875,1962.361328125,0.0032070244196802378,0.0,5120
M-10000,Transformer-2L,G:/PAI/outputs/checkpoints/world_model_ib_m10000_transformer2_fair_epoch_004.pt,reference_MPPI,42,591,-217.32482497937156,-129636.87846493837,0.004032701253890991,-0.0014227908104658127,-0.01101473718881607,False,0.025879399850964546,485.9386901855469,0.9490990042686462,1894.6900634765625,1960.72412109375,0.0036852597258985043,0.0,5120
M-10000,Transformer-2L,G:/PAI/outputs/checkpoints/world_model_ib_m10000_transformer2_fair_epoch_004.pt,reference_MPPI,42,592,-235.43889504984313,-129872.31735998821,0.005617642309516668,0.009829102084040642,0.0016639621462672949,False,0.025495799956843257,482.8084411621094,0.9429852366447449,1892.66845703125,1962.04443359375,0.0037949474062770605,0.0,5120
M-10000,Transformer-2L,G:/PAI/outputs/checkpoints/world_model_ib_m10000_transformer2_fair_epoch_004.pt,reference_MPPI,42,593,-230.1052553709536,-130102.42261535917,-0.011573844589293003,0.001699372660368681,-0.006132200825959444,False,0.026070699794217944,485.1558532714844,0.9475700259208679,1901.9461669921875,1966.9822998046875,0.0036402505356818438,0.0,5120
M-10000,Transformer-2L,G:/PAI/outputs/checkpoints/world_model_ib_m10000_transformer2_fair_epoch_004.pt,reference_MPPI,42,594,-243.95902326968354,-130346.38163862885,0.0020963079296052456,-0.00312633253633976,-0.00600583478808403,False,0.025434500072151423,485.9159851074219,0.9490546584129333,1898.99560546875,1969.23046875,0.003841277677565813,0.0,5120
M-10000,Transformer-2L,G:/PAI/outputs/checkpoints/world_model_ib_m10000_transformer2_fair_epoch_004.pt,reference_MPPI,42,595,-233.8487197327965,-130580.23035836164,-0.003965132869780064,-0.0029615946114063263,0.005744997411966324,False,0.025480000069364905,482.37713623046875,0.9421428442001343,1880.888671875,1975.9781494140625,0.004906920250505209,0.0,5120
M-10000,Transformer-2L,G:/PAI/outputs/checkpoints/world_model_ib_m10000_transformer2_fair_epoch_004.pt,reference_MPPI,42,596,-219.28760806309367,-130799.51796642474,0.0014174878597259521,0.007706237491220236,-0.011603884398937225,False,0.026238499907776713,485.5163879394531,0.9482741951942444,1894.9593505859375,1959.902587890625,0.003638939931988716,0.0,5120
M-10000,Transformer-2L,G:/PAI/outputs/checkpoints/world_model_ib_m10000_transformer2_fair_epoch_004.pt,reference_MPPI,42,597,-217.94505882300749,-131017.46302524775,-0.0011453850893303752,-0.0020133359357714653,0.000555656966753304,False,0.025854799896478653,484.4796447753906,0.9462493062019348,1893.5535888671875,1964.7259521484375,0.0038720297161489725,0.0,5120
M-10000,Transformer-2L,G:/PAI/outputs/checkpoints/world_model_ib_m10000_transformer2_fair_epoch_004.pt,reference_MPPI,42,598,-230.36527069472615,-131247.82829594248,0.004675201140344143,0.006745031103491783,-0.012415160425007343,False,0.02574419998563826,468.6705627441406,0.9153721928596497,1869.585693359375,1962.5859375,0.004739960189908743,0.0,5120
M-10000,Transformer-2L,G:/PAI/outputs/checkpoints/world_model_ib_m10000_transformer2_fair_epoch_004.pt,reference_MPPI,42,599,-220.10595372071117,-131467.9342496632,0.012679185718297958,0.0047744764015078545,-0.0007036179304122925,False,0.025712199974805117,466.5023498535156,0.9111374020576477,1876.0118408203125,1963.0108642578125,0.004451414104551077,0.0,5120
M-10000,Transformer-2L,G:/PAI/outputs/checkpoints/world_model_ib_m10000_transformer2_fair_epoch_004.pt,reference_MPPI,42,600,-224.18780236826782,-131692.12205203148,0.002571534365415573,0.006632327102124691,0.01606755331158638,False,0.026362499920651317,480.4341735839844,0.9383479952812195,1886.7080078125,1966.3662109375,0.004196610301733017,0.0,5120
M-10000,Transformer-2L,G:/PAI/outputs/checkpoints/world_model_ib_m10000_transformer2_fair_epoch_004.pt,reference_MPPI,42,601,-221.43576245428366,-131913.55781448577,-0.0003965054638683796,0.006689202040433884,0.0019909488037228584,False,0.02534299995750189,486.74725341796875,0.9506782293319702,1894.638427734375,1973.726806640625,0.004201718606054783,0.0,5120
M-10000,Transformer-2L,G:/PAI/outputs/checkpoints/world_model_ib_m10000_transformer2_fair_epoch_004.pt,reference_MPPI,42,602,-221.30853556107513,-132134.86635004685,0.006782672367990017,0.007714469917118549,-0.0003824150189757347,False,0.02721829991787672,472.2937316894531,0.9224486947059631,1899.435546875,1979.1463623046875,0.004159246571362019,0.0,5120
M-10000,Transformer-2L,G:/PAI/outputs/checkpoints/world_model_ib_m10000_transformer2_fair_epoch_004.pt,reference_MPPI,42,603,-243.93424312776733,-132378.80059317462,0.006059245206415653,0.0107453353703022,-0.005213493015617132,False,0.026098499773070216,483.7408142089844,0.9448062777519226,1906.8974609375,1962.7059326171875,0.003314706962555647,0.0,5120
M-10000,Transformer-2L,G:/PAI/outputs/checkpoints/world_model_ib_m10000_transformer2_fair_epoch_004.pt,reference_MPPI,42,604,-223.16108067682197,-132601.96167385145,0.005191065836697817,-0.006166676990687847,0.002488362602889538,False,0.025853500002995133,479.98919677734375,0.9374788999557495,1911.6466064453125,1979.4482421875,0.003725021379068494,0.0,5120
M-10000,Transformer-2L,G:/PAI/outputs/checkpoints/world_model_ib_m10000_transformer2_fair_epoch_004.pt,reference_MPPI,42,605,-214.29368029635123,-132816.25535414778,-0.008606495335698128,0.01212785392999649,0.01079927571117878,False,0.026060900185257196,467.7514953613281,0.913577139377594,1873.03466796875,1975.828369140625,0.005216869991272688,0.0,5120
M-10000,Transformer-2L,G:/PAI/outputs/checkpoints/world_model_ib_m10000_transformer2_fair_epoch_004.pt,reference_MPPI,42,606,-219.39773804323053,-133035.653092191,-0.002955957781523466,0.008840028196573257,-0.01032690703868866,False,0.027057700091972947,488.5235595703125,0.9541475772857666,1903.32763671875,1965.45849609375,0.0035518251825124025,0.0,5120
M-10000,Transformer-2L,G:/PAI/outputs/checkpoints/world_model_ib_m10000_transformer2_fair_epoch_004.pt,reference_MPPI,42,607,-216.4564954158751,-133252.1095876069,0.004723094869405031,0.005466243717819452,-0.0015235544415190816,False,0.02578050014562905,485.6145935058594,0.9484660029411316,1908.526123046875,1981.064208984375,0.003926310688257217,0.0,5120
M-10000,Transformer-2L,G:/PAI/outputs/checkpoints/world_model_ib_m10000_transformer2_fair_epoch_004.pt,reference_MPPI,42,608,-216.8958213369853,-133469.00540894386,0.002709801308810711,0.016856886446475983,0.003193687181919813,False,0.02785010007210076,478.7862854003906,0.9351294636726379,1899.8359375,1971.477294921875,0.0038624138105660677,0.0,5120
M-10000,Transformer-2L,G:/PAI/outputs/checkpoints/world_model_ib_m10000_transformer2_fair_epoch_004.pt,reference_MPPI,42,609,-219.68388160046476,-133688.68929054434,0.013802405446767807,-0.003924168646335602,-0.004227347671985626,False,0.02715960005298257,466.31890869140625,0.9107791185379028,1886.9769287109375,1977.173583984375,0.004588257055729628,0.0,5120
M-10000,Transformer-2L,G:/PAI/outputs/checkpoints/world_model_ib_m10000_transformer2_fair_epoch_004.pt,reference_MPPI,42,610,-243.27153221488743,-133931.96082275923,-0.0018608318641781807,-0.005409957841038704,0.008562669157981873,False,0.026160300010815263,466.78436279296875,0.9116882085800171,1903.370849609375,1981.13134765625,0.004055865108966827,0.0,5120
M-10000,Transformer-2L,G:/PAI/outputs/checkpoints/world_model_ib_m10000_transformer2_fair_epoch_004.pt,reference_MPPI,42,611,-233.74241553072633,-134165.70323828995,0.0009981347247958183,-0.007241915911436081,-0.002905782777816057,False,0.024891399778425694,476.4861755371094,0.9306370615959167,1906.849609375,1987.7159423828125,0.004230503924190998,0.0,5120
M-10000,Transformer-2L,G:/PAI/outputs/checkpoints/world_model_ib_m10000_transformer2_fair_epoch_004.pt,reference_MPPI,42,612,-229.1874633107198,-134394.89070160067,0.007786405738443136,0.0036160415038466454,-0.004114651121199131,False,0.025482600089162588,476.4361877441406,0.9305394291877747,1906.112548828125,1983.064697265625,0.004066036082804203,0.0,5120
M-10000,Transformer-2L,G:/PAI/outputs/checkpoints/world_model_ib_m10000_transformer2_fair_epoch_004.pt,reference_MPPI,42,613,-232.55478809957,-134627.44548970024,0.010986171662807465,-0.0006479211151599884,-0.0029132766649127007,False,0.026020599994808435,469.89471435546875,0.9177631139755249,1908.019775390625,1991.6973876953125,0.0043174284510314465,0.0,5120
M-10000,Transformer-2L,G:/PAI/outputs/checkpoints/world_model_ib_m10000_transformer2_fair_epoch_004.pt,reference_MPPI,42,614,-242.24265969230078,-134869.68814939255,0.0016592936590313911,-0.012949150055646896,-0.0028499113395810127,False,0.02479350008070469,485.4422912597656,0.9481294751167297,1929.704833984375,1989.4791259765625,0.0034539911430329084,0.0,5120
M-10000,Transformer-2L,G:/PAI/outputs/checkpoints/world_model_ib_m10000_transformer2_fair_epoch_004.pt,reference_MPPI,42,615,-216.95285558261347,-135086.64100497516,0.012024803087115288,-0.008104653097689152,-0.006793670356273651,False,0.025114999851211905,488.6705322265625,0.9544346332550049,1897.755859375,1981.97509765625,0.00443103164434433,0.0,5120
M-10000,Transformer-2L,G:/PAI/outputs/checkpoints/world_model_ib_m10000_transformer2_fair_epoch_004.pt,reference_MPPI,42,616,-217.40821699366495,-135304.04922196883,0.00217500445432961,0.002991984598338604,0.0015408345498144627,False,0.02578300004824996,479.4057922363281,0.9363394379615784,1891.9581298828125,1969.720703125,0.004112418740987778,0.0,5120
M-10000,Transformer-2L,G:/PAI/outputs/checkpoints/world_model_ib_m10000_transformer2_fair_epoch_004.pt,reference_MPPI,42,617,-217.301560269734,-135521.35078223856,0.002280706074088812,-0.012081443332135677,-0.006592630408704281,False,0.026608499931171536,484.59039306640625,0.9464656114578247,1907.199462890625,1973.467529296875,0.0036831614561378956,0.0,5120
M-10000,Transformer-2L,G:/PAI/outputs/checkpoints/world_model_ib_m10000_transformer2_fair_epoch_004.pt,reference_MPPI,42,618,-224.1294623546981,-135745.48024459326,0.0011527398601174355,-0.006602086126804352,-0.0023983288556337357,False,0.02624949999153614,481.9568786621094,0.9413220286369324,1878.3260498046875,1970.196044921875,0.004750275053083897,0.0,5120
M-10000,Transformer-2L,G:/PAI/outputs/checkpoints/world_model_ib_m10000_transformer2_fair_epoch_004.pt,reference_MPPI,42,619,-221.290493275323,-135966.7707378686,-0.006818007677793503,-0.010170603170990944,0.00952951144427061,False,0.025408699875697494,482.17724609375,0.9417524337768555,1892.0191650390625,1976.6373291015625,0.004425627179443836,0.0,5120
M-10000,Transformer-2L,G:/PAI/outputs/checkpoints/world_model_ib_m10000_transformer2_fair_epoch_004.pt,reference_MPPI,42,620,-220.75344127244438,-136187.52417914104,0.011511189863085747,-0.004658354911953211,-0.02133125439286232,False,0.026188299991190434,489.0126037597656,0.9551027417182922,1921.849609375,1975.9801025390625,0.0032773420680314302,0.0,5120
M-10000,Transformer-2L,G:/PAI/outputs/checkpoints/world_model_ib_m10000_transformer2_fair_epoch_004.pt,reference_MPPI,42,621,-229.4776713689497,-136417.00185051,-0.009748791344463825,-0.0004199780523777008,-0.011261682026088238,False,0.026055000023916364,490.2764587402344,0.9575712084770203,1919.2734375,1979.195556640625,0.003478385740891099,0.0,5120
M-10000,Transformer-2L,G:/PAI/outputs/checkpoints/world_model_ib_m10000_transformer2_fair_epoch_004.pt,reference_MPPI,42,622,-224.62610533139085,-136641.62795584137,0.007193588651716709,0.012939764186739922,-0.007992145605385303,False,0.026500500040128827,483.5485534667969,0.9444307684898376,1910.416259765625,1980.2911376953125,0.0038163699209690094,0.0,5120
M-10000,Transformer-2L,G:/PAI/outputs/checkpoints/world_model_ib_m10000_transformer2_fair_epoch_004.pt,reference_MPPI,42,623,-215.25487262024967,-136856.88282846162,-0.0011735474690794945,-0.0025865286588668823,-0.00220708129927516,False,0.02636840008199215,467.53631591796875,0.9131568670272827,1869.4913330078125,1974.455078125,0.0053347814828157425,0.0,5120
M-10000,Transformer-2L,G:/PAI/outputs/checkpoints/world_model_ib_m10000_transformer2_fair_epoch_004.pt,reference_MPPI,42,624,-219.58658955127123,-137076.4694180129,0.0024795960634946823,0.00267159566283226,-0.019474223256111145,False,0.025344100082293153,476.2099304199219,0.9300975203514099,1893.099365234375,1971.127197265625,0.004102927632629871,0.0,5120
M-10000,Transformer-2L,G:/PAI/outputs/checkpoints/world_model_ib_m10000_transformer2_fair_epoch_004.pt,reference_MPPI,42,625,-221.66781293150814,-137298.13723094438,0.00245655351318419,0.00046141166239976883,0.0012408625334501266,False,0.024931499967351556,470.7448425292969,0.919423520565033,1887.21728515625,1985.4129638671875,0.005002625752240419,0.0,5120
M-10000,Transformer-2L,G:/PAI/outputs/checkpoints/world_model_ib_m10000_transformer2_fair_epoch_004.pt,reference_MPPI,42,626,-225.32981306777413,-137523.46704401216,-0.0021560555323958397,-0.001667042262852192,0.007780885323882103,False,0.026158099994063377,469.9714050292969,0.9179129004478455,1876.398193359375,1972.993896484375,0.004916307982057333,0.0,5120
M-10000,Transformer-2L,G:/PAI/outputs/checkpoints/world_model_ib_m10000_transformer2_fair_epoch_004.pt,reference_MPPI,42,627,-224.12093889613988,-137747.5879829083,-0.003214055672287941,0.008998176082968712,0.002837926149368286,False,0.0261203998234123,464.23626708984375,0.9067114591598511,1882.1419677734375,1988.251220703125,0.0053795743733644485,0.0,5120
M-10000,Transformer-2L,G:/PAI/outputs/checkpoints/world_model_ib_m10000_transformer2_fair_epoch_004.pt,reference_MPPI,42,628,-224.23845931750225,-137971.8264422258,0.009823222644627094,-0.012705143541097641,-0.017693549394607544,False,0.025712700095027685,481.9877014160156,0.9413822293281555,1901.292724609375,1976.8154296875,0.004034343641251326,0.0,5120
M-10000,Transformer-2L,G:/PAI/outputs/checkpoints/world_model_ib_m10000_transformer2_fair_epoch_004.pt,reference_MPPI,42,629,-261.69062187848306,-138233.5170641043,0.009391102939844131,-0.01641204208135605,0.004744233563542366,False,0.0265045000705868,469.32269287109375,0.916645884513855,1903.015380859375,1982.8035888671875,0.004152370151132345,0.0,5120
M-10000,Transformer-2L,G:/PAI/outputs/checkpoints/world_model_ib_m10000_transformer2_fair_epoch_004.pt,reference_MPPI,42,630,-224.59586849864831,-138458.11293260293,-0.0011515712831169367,-0.011209126561880112,0.0062484038062393665,False,0.02596929995343089,446.8280334472656,0.8727110028266907,1869.6236572265625,1984.9593505859375,0.0057930173352360725,0.0,5120
M-10000,Transformer-2L,G:/PAI/outputs/checkpoints/world_model_ib_m10000_transformer2_fair_epoch_004.pt,reference_MPPI,42,631,-221.57762293080293,-138679.69055553374,0.010344423353672028,-0.0018946994096040726,-0.0003077553119510412,False,0.026453800033777952,476.2994384765625,0.9302723407745361,1866.5145263671875,1967.1522216796875,0.005152003839612007,0.0,5120
M-10000,Transformer-2L,G:/PAI/outputs/checkpoints/world_model_ib_m10000_transformer2_fair_epoch_004.pt,reference_MPPI,42,632,-251.05149070220793,-138930.74204623594,0.007965724915266037,0.005953090265393257,-0.001603403128683567,False,0.02554870001040399,484.3388977050781,0.9459744095802307,1898.321533203125,1965.75048828125,0.003723476780578494,0.0,5120
M-10000,Transformer-2L,G:/PAI/outputs/checkpoints/world_model_ib_m10000_transformer2_fair_epoch_004.pt,reference_MPPI,42,633,-235.55086109510643,-139166.29290733105,0.009764919988811016,0.002071863505989313,-0.0035722674801945686,False,0.02590269991196692,474.0754699707031,0.9259286522865295,1903.72119140625,1977.074951171875,0.003908660728484392,0.0,5120
M-10000,Transformer-2L,G:/PAI/outputs/checkpoints/world_model_ib_m10000_transformer2_fair_epoch_004.pt,reference_MPPI,42,634,-236.31843483436404,-139402.61134216542,0.0041488842107355595,-0.0015444234013557434,-0.004032742232084274,False,0.028202699963003397,479.17523193359375,0.9358891248703003,1908.065673828125,1977.6331787109375,0.003788040718063712,0.0,5120
M-10000,Transformer-2L,G:/PAI/outputs/checkpoints/world_model_ib_m10000_transformer2_fair_epoch_004.pt,reference_MPPI,42,635,-222.87371582279798,-139625.4850579882,0.013223174959421158,-0.006301007699221373,0.008329536765813828,False,0.02789569995366037,487.2221374511719,0.9516057372093201,1908.2139892578125,1976.5068359375,0.0037732389755547047,0.0,5120
M-10000,Transformer-2L,G:/PAI/outputs/checkpoints/world_model_ib_m10000_transformer2_fair_epoch_004.pt,reference_MPPI,42,636,-232.57221921500098,-139858.05727720322,0.014809144660830498,-0.009084485471248627,-0.013642286881804466,False,0.025988099863752723,481.2025146484375,0.9398486614227295,1892.8043212890625,1965.3697509765625,0.003910738509148359,0.0,5120
M-10000,Transformer-2L,G:/PAI/outputs/checkpoints/world_model_ib_m10000_transformer2_fair_epoch_004.pt,reference_MPPI,42,637,-239.10143059896797,-140097.15870780218,0.007115607149899006,-0.011328723281621933,-0.004726361948996782,False,0.02794360020197928,465.58819580078125,0.9093519449234009,1884.6727294921875,1966.172607421875,0.0042033810168504715,0.0,5120
M-10000,Transformer-2L,G:/PAI/outputs/checkpoints/world_model_ib_m10000_transformer2_fair_epoch_004.pt,reference_MPPI,42,638,-221.03140649925746,-140318.19011430145,0.004659556783735752,0.006546557880938053,-0.00247175432741642,False,0.02758460002951324,483.6190185546875,0.944568395614624,1899.64111328125,1970.92529296875,0.003868044586852193,0.0,5120
M-10000,Transformer-2L,G:/PAI/outputs/checkpoints/world_model_ib_m10000_transformer2_fair_epoch_004.pt,reference_MPPI,42,639,-230.05220651708697,-140548.24232081854,0.008488335646688938,0.00129647646099329,-0.005358987022191286,False,0.026297099888324738,487.4916687011719,0.9521321654319763,1887.970458984375,1960.587890625,0.0039384011179208755,0.0,5120
M-10000,Transformer-2L,G:/PAI/outputs/checkpoints/world_model_ib_m10000_transformer2_fair_epoch_004.pt,reference_MPPI,42,640,-235.32476797044612,-140783.567088789,-0.001000513439066708,0.0034667085856199265,-0.008140616118907928,False,0.02683960017748177,488.6496887207031,0.9543939232826233,1902.9296875,1971.22216796875,0.0037775824312120676,0.0,5120
M-10000,Transformer-2L,G:/PAI/outputs/checkpoints/world_model_ib_m10000_transformer2_fair_epoch_004.pt,reference_MPPI,42,641,-241.135254929454,-141024.70234371844,0.002127682790160179,-0.009833408519625664,0.0021159490570425987,False,0.02659619995392859,474.2419738769531,0.9262538552284241,1902.2674560546875,1978.277099609375,0.004017405211925507,0.0,5120
M-10000,Transformer-2L,G:/PAI/outputs/checkpoints/world_model_ib_m10000_transformer2_fair_epoch_004.pt,reference_MPPI,42,642,-227.8087255148509,-141252.5110692333,0.0011931846383959055,0.0010923147201538086,0.007600144017487764,False,0.026179700158536434,473.9796142578125,0.92574143409729,1910.602294921875,1977.768798828125,0.0036694719456136227,0.0,5120
M-10000,Transformer-2L,G:/PAI/outputs/checkpoints/world_model_ib_m10000_transformer2_fair_epoch_004.pt,reference_MPPI,42,643,-245.39483035223267,-141497.90589958552,-0.006292664911597967,-0.0074161142110824585,0.0020876023918390274,False,0.02659490006044507,472.550537109375,0.922950267791748,1878.5638427734375,1971.834228515625,0.0047692046500742435,0.0,5120
M-10000,Transformer-2L,G:/PAI/outputs/checkpoints/world_model_ib_m10000_transformer2_fair_epoch_004.pt,reference_MPPI,42,644,-229.26338960134737,-141727.16928918686,0.009656880050897598,0.01211327500641346,-0.006309644319117069,False,0.027290099998936057,492.72021484375,0.9623441696166992,1908.2730712890625,1975.304443359375,0.003744841553270817,0.0,5120
M-10000,Transformer-2L,G:/PAI/outputs/checkpoints/world_model_ib_m10000_transformer2_fair_epoch_004.pt,reference_MPPI,42,645,-218.19399015717732,-141945.36327934405,0.004340689163655043,0.004472238942980766,-0.002972372341901064,False,0.026765999849885702,475.7130126953125,0.9291269779205322,1891.89501953125,1971.597412109375,0.004179288167506456,0.0,5120
M-10000,Transformer-2L,G:/PAI/outputs/checkpoints/world_model_ib_m10000_transformer2_fair_epoch_004.pt,reference_MPPI,42,646,-239.02282701722288,-142184.3861063613,-0.0006245276890695095,-0.004769425839185715,0.009779312647879124,False,0.025749800028279424,482.78326416015625,0.9429360628128052,1887.144775390625,1964.7381591796875,0.004116804338991642,0.0,5120
M-10000,Transformer-2L,G:/PAI/outputs/checkpoints/world_model_ib_m10000_transformer2_fair_epoch_004.pt,reference_MPPI,42,647,-218.1114239128607,-142402.49753027415,0.011738532222807407,-0.00559981120750308,0.0023215897381305695,False,0.026308099972084165,466.64532470703125,0.9114166498184204,1876.527587890625,1972.09716796875,0.004840696230530739,0.0,5120
M-10000,Transformer-2L,G:/PAI/outputs/checkpoints/world_model_ib_m10000_transformer2_fair_epoch_004.pt,reference_MPPI,42,648,-218.66417328858012,-142621.16170356274,0.0028867339715361595,-0.004572379402816296,0.001304627163335681,False,0.02594180009327829,475.8375549316406,0.9293702244758606,1893.3616943359375,1972.4541015625,0.004152961075305939,0.0,5120
M-10000,Transformer-2L,G:/PAI/outputs/checkpoints/world_model_ib_m10000_transformer2_fair_epoch_004.pt,reference_MPPI,42,649,-229.02826042909504,-142850.18996399184,0.005657504312694073,0.0008850540034472942,0.012120166793465614,False,0.02592980000190437,473.5971374511719,0.9249944090843201,1891.88037109375,1974.4423828125,0.004293464124202728,0.0,5120
M-10000,Transformer-2L,G:/PAI/outputs/checkpoints/world_model_ib_m10000_transformer2_fair_epoch_004.pt,reference_MPPI,42,650,-218.8961107302231,-143069.08607472206,0.011030160821974277,-0.012857841327786446,0.004594204016029835,False,0.025638800114393234,484.8695068359375,0.9470107555389404,1913.5364990234375,1978.986328125,0.003656068816781044,0.0,5120
M-10000,Transformer-2L,G:/PAI/outputs/checkpoints/world_model_ib_m10000_transformer2_fair_epoch_004.pt,reference_MPPI,42,651,-221.14018973959537,-143290.22626446164,0.000189121812582016,-0.010056780651211739,-0.010071315802633762,False,0.02486989996396005,483.99505615234375,0.9453028440475464,1907.8988037109375,1977.489013671875,0.0038033723831176758,0.0,5120
M-10000,Transformer-2L,G:/PAI/outputs/checkpoints/world_model_ib_m10000_transformer2_fair_epoch_004.pt,reference_MPPI,42,652,-239.72823197689252,-143529.95449643853,0.005280821584165096,0.0034136581234633923,-0.007989245466887951,False,0.026081099873408675,469.4084167480469,0.916813313961029,1885.439697265625,1976.21826171875,0.004634052515029907,0.0,5120
M-10000,Transformer-2L,G:/PAI/outputs/checkpoints/world_model_ib_m10000_transformer2_fair_epoch_004.pt,reference_MPPI,42,653,-245.64006882073352,-143775.59456525926,-0.005634423345327377,-0.00010929442942142487,0.0030582949984818697,False,0.02700710017234087,478.1426696777344,0.933872401714325,1920.248046875,1994.420166015625,0.003960384055972099,0.0,5120
M-10000,Transformer-2L,G:/PAI/outputs/checkpoints/world_model_ib_m10000_transformer2_fair_epoch_004.pt,reference_MPPI,42,654,-241.40305397432437,-144016.9976192336,0.003304065205156803,-0.003195527009665966,-0.0007385374046862125,False,0.02549559995532036,477.7620544433594,0.9331290125846863,1907.8260498046875,1995.107177734375,0.0045222328044474125,0.0,5120
M-10000,Transformer-2L,G:/PAI/outputs/checkpoints/world_model_ib_m10000_transformer2_fair_epoch_004.pt,reference_MPPI,42,655,-237.33481645214565,-144254.33243568573,0.014807945117354393,0.006380783393979073,0.0023761698976159096,False,0.02675479999743402,477.6718444824219,0.9329528212547302,1895.59619140625,1989.892333984375,0.0048445709981024265,0.0,5120
M-10000,Transformer-2L,G:/PAI/outputs/checkpoints/world_model_ib_m10000_transformer2_fair_epoch_004.pt,reference_MPPI,42,656,-218.55433602353455,-144472.88677170928,0.010182378813624382,-0.0025141877122223377,-0.0029964314308017492,False,0.026456300169229507,480.27789306640625,0.9380427598953247,1917.7740478515625,1992.2838134765625,0.003984527662396431,0.0,5120
M-10000,Transformer-2L,G:/PAI/outputs/checkpoints/world_model_ib_m10000_transformer2_fair_epoch_004.pt,reference_MPPI,42,657,-235.55493488002847,-144708.4417065893,-0.00526790414005518,-0.012803977355360985,0.00528117548674345,False,0.025919700041413307,459.8343811035156,0.898114025592804,1903.1531982421875,1984.120849609375,0.004153860732913017,0.0,5120
M-10000,Transformer-2L,G:/PAI/outputs/checkpoints/world_model_ib_m10000_transformer2_fair_epoch_004.pt,reference_MPPI,42,658,-218.47777042606074,-144926.91947701536,0.01883140578866005,0.008676772937178612,-0.0026993604842573404,False,0.02734729996882379,480.40765380859375,0.9382961988449097,1913.5450439453125,1987.4176025390625,0.003956068307161331,0.0,5120
M-10000,Transformer-2L,G:/PAI/outputs/checkpoints/world_model_ib_m10000_transformer2_fair_epoch_004.pt,reference_MPPI,42,659,-242.85010948982682,-145169.7695865052,-0.0033569056540727615,0.00448996014893055,0.00032877828925848007,False,0.026303700171411037,475.9068908691406,0.9295056462287903,1895.176025390625,1981.061279296875,0.004447177983820438,0.0,5120
M-10000,Transformer-2L,G:/PAI/outputs/checkpoints/world_model_ib_m10000_transformer2_fair_epoch_004.pt,reference_MPPI,42,660,-236.7335366219551,-145406.50312312716,0.01657932810485363,0.003663064679130912,0.007988175377249718,False,0.027961899992078543,485.9139709472656,0.9490507245063782,1909.03369140625,1984.337890625,0.004039261490106583,0.0,5120
M-10000,Transformer-2L,G:/PAI/outputs/checkpoints/world_model_ib_m10000_transformer2_fair_epoch_004.pt,reference_MPPI,42,661,-231.3107935892881,-145637.81391671643,-0.002785293385386467,0.00499361427500844,-0.0044712042436003685,False,0.02688680007122457,484.95977783203125,0.947187066078186,1909.3031005859375,1984.92724609375,0.004048258066177368,0.0,5120
M-10000,Transformer-2L,G:/PAI/outputs/checkpoints/world_model_ib_m10000_transformer2_fair_epoch_004.pt,reference_MPPI,42,662,-222.85064193237145,-145860.6645586488,-0.0019118478521704674,0.0033802855759859085,-0.0181938037276268,False,0.026067900005728006,486.61175537109375,0.9504135847091675,1934.555419921875,1989.12451171875,0.0032851328141987324,0.0,5120
M-10000,Transformer-2L,G:/PAI/outputs/checkpoints/world_model_ib_m10000_transformer2_fair_epoch_004.pt,reference_MPPI,42,663,-226.60138510811424,-146087.2659437569,0.006193106062710285,0.006401121150702238,0.0021696840412914753,False,0.02606449997983873,478.10711669921875,0.9338029623031616,1901.3653564453125,1986.573974609375,0.00442174356430769,0.0,5120
M-10000,Transformer-2L,G:/PAI/outputs/checkpoints/world_model_ib_m10000_transformer2_fair_epoch_004.pt,reference_MPPI,42,664,-220.40030937247425,-146307.66625312937,0.010370954871177673,0.005128823220729828,0.0026857967022806406,False,0.026970900129526854,469.73291015625,0.9174470901489258,1905.7335205078125,1986.855712890625,0.004208748694509268,0.0,5120
M-10000,Transformer-2L,G:/PAI/outputs/checkpoints/world_model_ib_m10000_transformer2_fair_epoch_004.pt,reference_MPPI,42,665,-244.89481493168194,-146552.56106806104,0.0006950297392904758,-0.0013204533606767654,0.012131307274103165,False,0.026444599963724613,480.8510437011719,0.9391621947288513,1916.3973388671875,1983.873291015625,0.003711536293849349,0.0,5120
M-10000,Transformer-2L,G:/PAI/outputs/checkpoints/world_model_ib_m10000_transformer2_fair_epoch_004.pt,reference_MPPI,42,666,-223.4461214380002,-146776.00718949904,-0.0057396478950977325,0.0021675489842891693,0.0047360872849822044,False,0.02569580008275807,476.8725280761719,0.9313916563987732,1917.812744140625,1986.9876708984375,0.003762659849599004,0.0,5120
M-10000,Transformer-2L,G:/PAI/outputs/checkpoints/world_model_ib_m10000_transformer2_fair_epoch_004.pt,reference_MPPI,42,667,-227.63987956162822,-147003.64706906068,0.004323799163103104,-0.004366697743535042,0.0011893389746546745,False,0.026604400016367435,482.86114501953125,0.943088173866272,1919.083984375,1976.770263671875,0.0033712114673107862,0.0,5120
M-10000,Transformer-2L,G:/PAI/outputs/checkpoints/world_model_ib_m10000_transformer2_fair_epoch_004.pt,reference_MPPI,42,668,-220.85338360484866,-147224.50045266552,0.004459722898900509,0.0038842400535941124,-0.007092026062309742,False,0.02658890001475811,473.23828125,0.9242935180664062,1887.126953125,1974.1829833984375,0.004490068182349205,0.0,5120
M-10000,Transformer-2L,G:/PAI/outputs/checkpoints/world_model_ib_m10000_transformer2_fair_epoch_004.pt,reference_MPPI,42,669,-215.4205252703553,-147439.9209779359,0.005534907802939415,0.007754198741167784,0.005928558297455311,False,0.025838600005954504,468.830078125,0.9156837463378906,1900.4810791015625,1986.42431640625,0.00441307807341218,0.0,5120
M-10000,Transformer-2L,G:/PAI/outputs/checkpoints/world_model_ib_m10000_transformer2_fair_epoch_004.pt,reference_MPPI,42,670,-224.05642746635777,-147663.97740540226,0.01029454916715622,0.0012059090659022331,-0.004356221295893192,False,0.026662700111046433,483.709228515625,0.9447445869445801,1906.220947265625,1977.85302734375,0.0038867879193276167,0.0,5120
M-10000,Transformer-2L,G:/PAI/outputs/checkpoints/world_model_ib_m10000_transformer2_fair_epoch_004.pt,reference_MPPI,42,671,-225.00708312714187,-147888.9844885294,0.0008396301418542862,0.0031941370107233524,0.0004353583790361881,False,0.02673819987103343,483.9234619140625,0.9451630115509033,1912.48974609375,1986.8377685546875,0.003994187340140343,0.0,5120
M-10000,Transformer-2L,G:/PAI/outputs/checkpoints/world_model_ib_m10000_transformer2_fair_epoch_004.pt,reference_MPPI,42,672,-221.91928593531708,-148110.9037744647,0.011967500671744347,-0.007262684404850006,-0.003806035965681076,False,0.025833900086581707,479.8922424316406,0.9372895359992981,1923.2420654296875,1989.981689453125,0.003684886498376727,0.0,5120
M-10000,Transformer-2L,G:/PAI/outputs/checkpoints/world_model_ib_m10000_transformer2_fair_epoch_004.pt,reference_MPPI,42,673,-219.36219226919815,-148330.26596673392,0.009004326537251472,0.002671187976375222,0.005829415284097195,False,0.026656500063836575,492.2730712890625,0.9614708423614502,1924.01953125,1981.01611328125,0.0033847331069409847,0.0,5120
M-10000,Transformer-2L,G:/PAI/outputs/checkpoints/world_model_ib_m10000_transformer2_fair_epoch_004.pt,reference_MPPI,42,674,-225.24580355609663,-148555.51177029,0.0055472576059401035,-0.009958326816558838,0.006042486522346735,False,0.0262945001013577,478.18719482421875,0.9339593648910522,1906.760498046875,1982.709716796875,0.004035148303955793,0.0,5120
M-10000,Transformer-2L,G:/PAI/outputs/checkpoints/world_model_ib_m10000_transformer2_fair_epoch_004.pt,reference_MPPI,42,675,-239.41234588751655,-148794.9241161775,0.009169458411633968,-0.0030333087779581547,-0.0056095123291015625,False,0.02486460004001856,488.9388732910156,0.9549587368965149,1917.3045654296875,1981.67578125,0.0036340358201414347,0.0,5120
M-10000,Transformer-2L,G:/PAI/outputs/checkpoints/world_model_ib_m10000_transformer2_fair_epoch_004.pt,reference_MPPI,42,676,-230.52399097451854,-149025.44810715204,0.010322310030460358,-0.005825376138091087,-0.0021893992088735104,False,0.026440100045874715,494.82330322265625,0.9664517641067505,1940.034912109375,1993.6573486328125,0.0032821130007505417,0.0,5120
M-10000,Transformer-2L,G:/PAI/outputs/checkpoints/world_model_ib_m10000_transformer2_fair_epoch_004.pt,reference_MPPI,42,677,-219.5640486655783,-149245.01215581762,-0.001027983147650957,-0.0033326363191008568,0.005684711039066315,False,0.02605130011215806,468.3469543457031,0.9147401452064514,1897.0655517578125,1991.0396728515625,0.004788258112967014,0.0,5120
M-10000,Transformer-2L,G:/PAI/outputs/checkpoints/world_model_ib_m10000_transformer2_fair_epoch_004.pt,reference_MPPI,42,678,-233.051515811338,-149478.06367162894,0.001168073620647192,-0.007146245334297419,-0.012319611385464668,False,0.026435700012370944,473.5574035644531,0.9249168038368225,1903.2598876953125,1985.571533203125,0.004272609483450651,0.0,5120
M-10000,Transformer-2L,G:/PAI/outputs/checkpoints/world_model_ib_m10000_transformer2_fair_epoch_004.pt,reference_MPPI,42,679,-247.14249155373668,-149725.20616318268,0.009727486409246922,-0.0023171608336269855,-0.017631465569138527,False,0.026644299970939755,475.38360595703125,0.9284836053848267,1899.0736083984375,1990.10498046875,0.004676142707467079,0.0,5120
M-10000,Transformer-2L,G:/PAI/outputs/checkpoints/world_model_ib_m10000_transformer2_fair_epoch_004.pt,reference_MPPI,42,680,-223.61016684141487,-149948.8163300241,0.005786139518022537,-0.011522158980369568,-0.005658160429447889,False,0.027022500056773424,487.00335693359375,0.9511784315109253,1930.875,2000.37841796875,0.0038185827434062958,0.0,5120
M-10000,Transformer-2L,G:/PAI/outputs/checkpoints/world_model_ib_m10000_transformer2_fair_epoch_004.pt,reference_MPPI,42,681,-227.59226422475825,-150176.40859424885,0.01518947258591652,-0.008634964004158974,-0.012482649646699429,False,0.025421799859032035,477.4855651855469,0.9325889945030212,1898.62353515625,1983.89013671875,0.004422430880367756,0.0,5120
M-10000,Transformer-2L,G:/PAI/outputs/checkpoints/world_model_ib_m10000_transformer2_fair_epoch_004.pt,reference_MPPI,42,682,-236.22287629236322,-150412.6314705412,0.0016799257136881351,-0.005217861384153366,-0.0014484231360256672,False,0.028244599932804704,491.9776916503906,0.9608939290046692,1907.867431640625,1987.822509765625,0.004258114844560623,0.0,5120
M-10000,Transformer-2L,G:/PAI/outputs/checkpoints/world_model_ib_m10000_transformer2_fair_epoch_004.pt,reference_MPPI,42,683,-222.17320353551466,-150634.80467407673,0.013711469247937202,-0.005844072438776493,-0.0004115002229809761,False,0.027189600048586726,476.1949157714844,0.9300681948661804,1904.7230224609375,1982.9881591796875,0.004116994794458151,0.0,5120
M-10000,Transformer-2L,G:/PAI/outputs/checkpoints/world_model_ib_m10000_transformer2_fair_epoch_004.pt,reference_MPPI,42,684,-241.99324981626995,-150876.797923893,0.010299788787961006,0.003851305926218629,0.008851747959852219,False,0.02684820001013577,490.3424377441406,0.9577000737190247,1903.6072998046875,1975.282958984375,0.00391277763992548,0.0,5120
M-10000,Transformer-2L,G:/PAI/outputs/checkpoints/world_model_ib_m10000_transformer2_fair_epoch_004.pt,reference_MPPI,42,685,-237.69467781850182,-151114.4926017115,0.016224367544054985,0.004743468016386032,-0.0009235423058271408,False,0.02581229992210865,477.66717529296875,0.9329437017440796,1905.884765625,1984.322509765625,0.004131588619202375,0.0,5120
M-10000,Transformer-2L,G:/PAI/outputs/checkpoints/world_model_ib_m10000_transformer2_fair_epoch_004.pt,reference_MPPI,42,686,-238.40844473444585,-151352.90104644594,-0.0015076189301908016,-0.005671448539942503,0.006404058076441288,False,0.025421000085771084,468.6825256347656,0.9153955578804016,1876.5609130859375,1979.5068359375,0.005236663855612278,0.0,5120
M-10000,Transformer-2L,G:/PAI/outputs/checkpoints/world_model_ib_m10000_transformer2_fair_epoch_004.pt,reference_MPPI,42,687,-226.74433799660727,-151579.64538444256,0.010848179459571838,-0.00018478743731975555,-0.009517046622931957,False,0.025854900013655424,475.8816833496094,0.9294564127922058,1893.9827880859375,1982.298828125,0.004559047054499388,0.0,5120
M-10000,Transformer-2L,G:/PAI/outputs/checkpoints/world_model_ib_m10000_transformer2_fair_epoch_004.pt,reference_MPPI,42,688,-223.2467155148556,-151802.89209995742,0.0005281548947095871,0.0021509481593966484,0.0014740050537511706,False,0.025326099945232272,465.2945251464844,0.9087783694267273,1874.36767578125,1971.23583984375,0.004900675732642412,0.0,5120
M-10000,Transformer-2L,G:/PAI/outputs/checkpoints/world_model_ib_m10000_transformer2_fair_epoch_004.pt,reference_MPPI,42,689,-240.20748483131746,-152043.09958478872,0.004296806640923023,-0.004826623946428299,0.00770898163318634,False,0.025706500047817826,488.1693115234375,0.9534556865692139,1902.3673095703125,1975.526123046875,0.00396443298086524,0.0,5120
M-10000,Transformer-2L,G:/PAI/outputs/checkpoints/world_model_ib_m10000_transformer2_fair_epoch_004.pt,reference_MPPI,42,690,-216.3886329485418,-152259.48821773726,-0.009016317315399647,-0.011038286611437798,-0.0024286070838570595,False,0.025552900042384863,475.7864685058594,0.9292704463005066,1892.329833984375,1976.344970703125,0.004365499131381512,0.0,5120
M-10000,Transformer-2L,G:/PAI/outputs/checkpoints/world_model_ib_m10000_transformer2_fair_epoch_004.pt,reference_MPPI,42,691,-228.2136258486608,-152487.70184358594,-0.010387497954070568,0.010539748705923557,-0.007732171565294266,False,0.025504699908196926,482.70849609375,0.9427900314331055,1899.576416015625,1968.78955078125,0.00378618948161602,0.0,5120
M-10000,Transformer-2L,G:/PAI/outputs/checkpoints/world_model_ib_m10000_transformer2_fair_epoch_004.pt,reference_MPPI,42,692,-223.64324678588443,-152711.34509037182,0.007994958199560642,0.011986322700977325,0.004341925960034132,False,0.026601500110700727,477.4084777832031,0.9324384331703186,1888.5765380859375,1975.1361083984375,0.004482638090848923,0.0,5120
M-10000,Transformer-2L,G:/PAI/outputs/checkpoints/world_model_ib_m10000_transformer2_fair_epoch_004.pt,reference_MPPI,42,693,-216.7399313041433,-152928.08502167597,0.006892849691212177,-0.0011727754026651382,0.0016757715493440628,False,0.027326200157403946,478.7956237792969,0.9351477026939392,1898.2171630859375,1971.91357421875,0.003943131770938635,0.0,5120
M-10000,Transformer-2L,G:/PAI/outputs/checkpoints/world_model_ib_m10000_transformer2_fair_epoch_004.pt,reference_MPPI,42,694,-237.3377888745894,-153165.42281055058,0.00801024492830038,-0.006345981732010841,0.005251446273177862,False,0.02706979983486235,471.7447814941406,0.9213765263557434,1863.91943359375,1969.02880859375,0.005370372906327248,0.0,5120
M-10000,Transformer-2L,G:/PAI/outputs/checkpoints/world_model_ib_m10000_transformer2_fair_epoch_004.pt,reference_MPPI,42,695,-216.72016434303578,-153382.14297489362,-0.0006752572953701019,0.011304371058940887,0.014040778391063213,False,0.026444599963724613,474.1195373535156,0.9260147213935852,1909.786865234375,1989.496337890625,0.004166465252637863,0.0,5120
M-10000,Transformer-2L,G:/PAI/outputs/checkpoints/world_model_ib_m10000_transformer2_fair_epoch_004.pt,reference_MPPI,42,696,-218.71357043278658,-153600.85654532642,0.020469628274440765,0.005624530836939812,-0.0071176206693053246,False,0.025615900056436658,479.4680480957031,0.9364610314369202,1890.1143798828125,1969.0849609375,0.004166186787188053,0.0,5120
M-10000,Transformer-2L,G:/PAI/outputs/checkpoints/world_model_ib_m10000_transformer2_fair_epoch_004.pt,reference_MPPI,42,697,-221.44960428592745,-153822.30614961236,0.000527738593518734,0.0018855230882763863,0.00024161860346794128,False,0.02631169999949634,492.0464172363281,0.9610281586647034,1922.38232421875,1980.12353515625,0.003410790814086795,0.0,5120
M-10000,Transformer-2L,G:/PAI/outputs/checkpoints/world_model_ib_m10000_transformer2_fair_epoch_004.pt,reference_MPPI,42,698,-226.33678310707202,-154048.64293271943,0.0016903532668948174,-0.0055360496044158936,0.014452314004302025,False,0.025734900031238794,479.73004150390625,0.9369727373123169,1918.5816650390625,1983.6416015625,0.0036175749264657497,0.0,5120
M-10000,Transformer-2L,G:/PAI/outputs/checkpoints/world_model_ib_m10000_transformer2_fair_epoch_004.pt,reference_MPPI,42,699,-227.88826968659265,-154276.53120240604,0.002716900547966361,0.004295779392123222,0.0040421555750072,False,0.025024200091138482,474.57635498046875,0.926906943321228,1905.1240234375,1993.3701171875,0.004546291660517454,0.0,5120
M-10000,Transformer-2L,G:/PAI/outputs/checkpoints/world_model_ib_m10000_transformer2_fair_epoch_004.pt,reference_MPPI,42,700,-220.72620385490342,-154497.25740626093,0.003895830363035202,0.006088670343160629,0.0006719622761011124,False,0.025590699864551425,485.5626525878906,0.9483645558357239,1921.0662841796875,1992.953369140625,0.0039029885083436966,0.0,5120
M-10000,Transformer-2L,G:/PAI/outputs/checkpoints/world_model_ib_m10000_transformer2_fair_epoch_004.pt,reference_MPPI,42,701,-238.42356834402187,-154735.68097460497,0.001991082914173603,-0.003948607482016087,-0.0029110447503626347,False,0.025653599994257092,484.88494873046875,0.9470409154891968,1917.33544921875,1986.57177734375,0.0037956282030791044,0.0,5120
M-10000,Transformer-2L,G:/PAI/outputs/checkpoints/world_model_ib_m10000_transformer2_fair_epoch_004.pt,reference_MPPI,42,702,-230.25056161201996,-154965.931536217,0.008324007503688335,-0.007512684911489487,0.004024294670671225,False,0.026381100062280893,478.2218933105469,0.9340271353721619,1908.3701171875,1988.7225341796875,0.004215662367641926,0.0,5120
M-10000,Transformer-2L,G:/PAI/outputs/checkpoints/world_model_ib_m10000_transformer2_fair_epoch_004.pt,reference_MPPI,42,703,-233.46465292917003,-155199.39618914615,0.011243635788559914,0.004395908676087856,-0.00725217442959547,False,0.02712250011973083,459.2773132324219,0.897026002407074,1875.756103515625,1992.83203125,0.005979094188660383,0.0,5120
M-10000,Transformer-2L,G:/PAI/outputs/checkpoints/world_model_ib_m10000_transformer2_fair_epoch_004.pt,reference_MPPI,42,704,-226.3146812024076,-155425.71087034856,0.011937987059354782,0.0021391790360212326,0.008715039119124413,False,0.02673709997907281,473.1370544433594,0.9240958094596863,1929.072509765625,2002.10546875,0.003892071545124054,0.0,5120
M-10000,Transformer-2L,G:/PAI/outputs/checkpoints/world_model_ib_m10000_transformer2_fair_epoch_004.pt,reference_MPPI,42,705,-236.3876364832137,-155662.09850683177,0.007101406343281269,0.001928822137415409,-0.002541415859013796,False,0.02665850007906556,477.3996276855469,0.9324211478233337,1891.84912109375,1985.484375,0.004814714193344116,0.0,5120
M-10000,Transformer-2L,G:/PAI/outputs/checkpoints/world_model_ib_m10000_transformer2_fair_epoch_004.pt,reference_MPPI,42,706,-241.1168829528566,-155903.21538978463,0.005307138431817293,0.003584841964766383,-0.0024486833717674017,False,0.027928499970585108,484.3141174316406,0.9459260106086731,1925.7540283203125,1999.434326171875,0.003964943345636129,0.0,5120
M-10000,Transformer-2L,G:/PAI/outputs/checkpoints/world_model_ib_m10000_transformer2_fair_epoch_004.pt,reference_MPPI,42,707,-233.0231012402791,-156136.2384910249,0.002657874720171094,-0.011326860636472702,0.003580363467335701,False,0.026544699911028147,468.4881591796875,0.9150159358978271,1893.2603759765625,1991.359130859375,0.004974497482180595,0.0,5120
M-10000,Transformer-2L,G:/PAI/outputs/checkpoints/world_model_ib_m10000_transformer2_fair_epoch_004.pt,reference_MPPI,42,708,-222.33807285240016,-156358.57656387732,0.013177851215004921,0.0004774816334247589,0.006784019060432911,False,0.027535900007933378,480.97979736328125,0.9394136667251587,1902.8729248046875,1992.550048828125,0.00464201346039772,0.0,5120
M-10000,Transformer-2L,G:/PAI/outputs/checkpoints/world_model_ib_m10000_transformer2_fair_epoch_004.pt,reference_MPPI,42,709,-218.62836048819298,-156577.2049243655,0.013750742189586163,0.009038751944899559,0.0027894368395209312,False,0.02689150022342801,476.18115234375,0.9300413131713867,1895.122314453125,1978.08154296875,0.00431657861918211,0.0,5120
M-10000,Transformer-2L,G:/PAI/outputs/checkpoints/world_model_ib_m10000_transformer2_fair_epoch_004.pt,reference_MPPI,42,710,-223.05007482055055,-156800.25499918606,0.013361395336687565,-0.014960025437176228,-0.002476942725479603,False,0.026547000044956803,477.1590576171875,0.9319512844085693,1906.496826171875,1979.506103515625,0.003910834435373545,0.0,5120
M-10000,Transformer-2L,G:/PAI/outputs/checkpoints/world_model_ib_m10000_transformer2_fair_epoch_004.pt,reference_MPPI,42,711,-238.11071143328235,-157038.36571061934,-8.075614459812641e-05,-0.00031019188463687897,-0.0003169734263792634,False,0.026488699950277805,485.7676696777344,0.948764979839325,1909.463134765625,1983.431396484375,0.003987520933151245,0.0,5120
M-10000,Transformer-2L,G:/PAI/outputs/checkpoints/world_model_ib_m10000_transformer2_fair_epoch_004.pt,reference_MPPI,42,712,-238.28353068981065,-157276.64924130915,0.009699095971882343,-0.0008117351680994034,-0.011556555517017841,False,0.026481000008061528,481.2684020996094,0.9399773478507996,1914.2327880859375,1989.08544921875,0.004003509413450956,0.0,5120
M-10000,Transformer-2L,G:/PAI/outputs/checkpoints/world_model_ib_m10000_transformer2_fair_epoch_004.pt,reference_MPPI,42,713,-223.1847396610216,-157499.83398097017,0.0009586969390511513,0.0020447084680199623,-0.010962966829538345,False,0.025288800010457635,481.4250183105469,0.9402832388877869,1889.7100830078125,1981.3812255859375,0.004746373277157545,0.0,5120
M-10000,Transformer-2L,G:/PAI/outputs/checkpoints/world_model_ib_m10000_transformer2_fair_epoch_004.pt,reference_MPPI,42,714,-255.50526295646807,-157755.33924392663,0.003451179713010788,0.00932416319847107,0.002583818044513464,False,0.025909099960699677,480.3081359863281,0.9381018280982971,1902.2310791015625,1970.85595703125,0.003753980388864875,0.0,5120
M-10000,Transformer-2L,G:/PAI/outputs/checkpoints/world_model_ib_m10000_transformer2_fair_epoch_004.pt,reference_MPPI,42,715,-229.91154248953228,-157985.25078641617,0.016335103660821915,0.0004773384425789118,-0.0008757635951042175,False,0.026315600145608187,476.63226318359375,0.9309223890304565,1893.1422119140625,1985.576171875,0.0047565666027367115,0.0,5120
M-10000,Transformer-2L,G:/PAI/outputs/checkpoints/world_model_ib_m10000_transformer2_fair_epoch_004.pt,reference_MPPI,42,716,-219.014250891231,-158204.2650373074,0.0044572483748197556,-0.02725995145738125,-0.002089034067466855,False,0.02657560002990067,471.16778564453125,0.9202495813369751,1883.2979736328125,1970.36865234375,0.004472502041608095,0.0,5120
M-10000,Transformer-2L,G:/PAI/outputs/checkpoints/world_model_ib_m10000_transformer2_fair_epoch_004.pt,reference_MPPI,42,717,-221.19013218386232,-158425.45516949127,0.0063948919996619225,0.009843343868851662,-0.003083412069827318,False,0.02587480004876852,480.7590026855469,0.9389824271202087,1880.8702392578125,1972.9130859375,0.004753393121063709,0.0,5120
M-10000,Transformer-2L,G:/PAI/outputs/checkpoints/world_model_ib_m10000_transformer2_fair_epoch_004.pt,reference_MPPI,42,718,-220.08703626507938,-158645.54220575636,-0.0006874329410493374,0.010950603522360325,-0.005595086142420769,False,0.02543319994583726,472.71539306640625,0.9232722520828247,1891.3314208984375,1978.373291015625,0.004480055999010801,0.0,5120
M-10000,Transformer-2L,G:/PAI/outputs/checkpoints/world_model_ib_m10000_transformer2_fair_epoch_004.pt,reference_MPPI,42,719,-226.48258715189226,-158872.02479290825,0.01876891776919365,0.010174958035349846,0.009406019002199173,False,0.024939300026744604,474.7931823730469,0.9273304343223572,1886.677978515625,1970.744384765625,0.0043572173453867435,0.0,5120
M-10000,Transformer-2L,G:/PAI/outputs/checkpoints/world_model_ib_m10000_transformer2_fair_epoch_004.pt,reference_MPPI,42,720,-233.55398999427476,-159105.57878290254,-0.004176458343863487,0.0063831983134150505,-0.008579393848776817,False,0.0256757999304682,483.0843200683594,0.9435240626335144,1908.1302490234375,1978.201416015625,0.003824481973424554,0.0,5120
M-10000,Transformer-2L,G:/PAI/outputs/checkpoints/world_model_ib_m10000_transformer2_fair_epoch_004.pt,reference_MPPI,42,721,-221.1936358278748,-159326.7724187304,0.012977544218301773,0.015049009583890438,0.005896623246371746,False,0.025882699992507696,469.6028747558594,0.9171931147575378,1901.266357421875,1986.1015625,0.004364711698144674,0.0,5120
M-10000,Transformer-2L,G:/PAI/outputs/checkpoints/world_model_ib_m10000_transformer2_fair_epoch_004.pt,reference_MPPI,42,722,-234.6199206873697,-159561.39233941777,-0.00036835670471191406,-0.003096785396337509,0.001735118217766285,False,0.025079199811443686,453.0285339355469,0.884821355342865,1858.10986328125,1983.936767578125,0.006467615719884634,0.0,5120
M-10000,Transformer-2L,G:/PAI/outputs/checkpoints/world_model_ib_m10000_transformer2_fair_epoch_004.pt,reference_MPPI,42,723,-218.1659184450183,-159779.55825786278,0.012855064123868942,-0.011886367574334145,-0.009687165729701519,False,0.025171899935230613,474.248779296875,0.926267147064209,1906.883056640625,1994.544677734375,0.004518134985119104,0.0,5120
M-10000,Transformer-2L,G:/PAI/outputs/checkpoints/world_model_ib_m10000_transformer2_fair_epoch_004.pt,reference_MPPI,42,724,-226.02752227112165,-160005.5857801339,0.00825468823313713,0.004239390604197979,0.015849748626351357,False,0.024983000010252,487.175048828125,0.9515137672424316,1928.23291015625,1984.3282470703125,0.003336413064971566,0.0,5120
M-10000,Transformer-2L,G:/PAI/outputs/checkpoints/world_model_ib_m10000_transformer2_fair_epoch_004.pt,reference_MPPI,42,725,-240.22089016359064,-160245.8066702975,-0.0007280688732862473,-0.00402927678078413,0.002621677704155445,False,0.025313499849289656,479.1387634277344,0.9358178973197937,1924.6187744140625,1994.973876953125,0.0038138229865580797,0.0,5120
M-10000,Transformer-2L,G:/PAI/outputs/checkpoints/world_model_ib_m10000_transformer2_fair_epoch_004.pt,reference_MPPI,42,726,-220.83635756771196,-160466.6430278652,0.006997690536081791,-0.000507088378071785,0.0033292993903160095,False,0.026324199978262186,465.3368835449219,0.9088611006736755,1904.02978515625,1997.658203125,0.0047470638528466225,0.0,5120
M-10000,Transformer-2L,G:/PAI/outputs/checkpoints/world_model_ib_m10000_transformer2_fair_epoch_004.pt,reference_MPPI,42,727,-232.41759543898542,-160699.0606233042,0.011704936623573303,0.005716137122362852,-0.0024711252190172672,False,0.025106700137257576,483.7615661621094,0.9448468089103699,1919.475341796875,1994.0440673828125,0.004001583904027939,0.0,5120
M-10000,Transformer-2L,G:/PAI/outputs/checkpoints/world_model_ib_m10000_transformer2_fair_epoch_004.pt,reference_MPPI,42,728,-234.04116221880005,-160933.101785523,0.006215043365955353,-0.0038094371557235718,-0.0013583018444478512,False,0.02512019989080727,466.9345703125,0.9119815826416016,1916.35693359375,1997.6123046875,0.004198517184704542,0.0,5120
M-10000,Transformer-2L,G:/PAI/outputs/checkpoints/world_model_ib_m10000_transformer2_fair_epoch_004.pt,reference_MPPI,42,729,-222.19245891340154,-161155.2942444364,-0.008680440485477448,0.0030474457889795303,0.011155751533806324,False,0.025393199874088168,477.2048034667969,0.9320406317710876,1917.5096435546875,1998.7333984375,0.004249189514666796,0.0,5120
M-10000,Transformer-2L,G:/PAI/outputs/checkpoints/world_model_ib_m10000_transformer2_fair_epoch_004.pt,reference_MPPI,42,730,-221.09735234415876,-161376.39159678057,0.00549085671082139,0.0035001495853066444,-0.002103941049426794,False,0.0262170999776572,480.97760009765625,0.9394093751907349,1924.172119140625,1989.37451171875,0.0036292013246566057,0.0,5120
M-10000,Transformer-2L,G:/PAI/outputs/checkpoints/world_model_ib_m10000_transformer2_fair_epoch_004.pt,reference_MPPI,42,731,-218.7382340191551,-161595.12983079973,0.009729066863656044,-0.0117269828915596,0.0018768850713968277,False,0.025533300125971437,486.73248291015625,0.9506493806838989,1931.6973876953125,1994.5560302734375,0.0035697093699127436,0.0,5120
M-10000,Transformer-2L,G:/PAI/outputs/checkpoints/world_model_ib_m10000_transformer2_fair_epoch_004.pt,reference_MPPI,42,732,-245.4016347705637,-161840.5314655703,-0.001496496726758778,-0.00234586582519114,0.0011948083993047476,False,0.025557999964803457,479.56097412109375,0.9366425275802612,1920.921630859375,1994.6298828125,0.003951514605432749,0.0,5120
M-10000,Transformer-2L,G:/PAI/outputs/checkpoints/world_model_ib_m10000_transformer2_fair_epoch_004.pt,reference_MPPI,42,733,-230.45643736301898,-162070.98790293332,0.007823281921446323,-0.010497504845261574,-0.0010313482489436865,False,0.025668600108474493,480.48126220703125,0.9384399652481079,1933.8980712890625,2001.55859375,0.0037216604687273502,0.0,5120
M-10000,Transformer-2L,G:/PAI/outputs/checkpoints/world_model_ib_m10000_transformer2_fair_epoch_004.pt,reference_MPPI,42,734,-247.65341887127377,-162318.6413218046,0.009566660970449448,-0.0024636825546622276,-0.006755377631634474,False,0.02519589988514781,481.9171142578125,0.94124436378479,1912.9117431640625,1984.7337646484375,0.003881496377289295,0.0,5120
M-10000,Transformer-2L,G:/PAI/outputs/checkpoints/world_model_ib_m10000_transformer2_fair_epoch_004.pt,reference_MPPI,42,735,-235.15742899649484,-162553.7987508011,0.007877076976001263,-0.005857930984348059,-0.004945083986967802,False,0.025857699802145362,475.67608642578125,0.929054856300354,1910.0240478515625,1993.0341796875,0.004317727871239185,0.0,5120
M-10000,Transformer-2L,G:/PAI/outputs/checkpoints/world_model_ib_m10000_transformer2_fair_epoch_004.pt,reference_MPPI,42,736,-242.05619607563216,-162795.85494687673,0.00019855587743222713,0.012420290149748325,0.005062726326286793,False,0.025465999962761998,474.9915771484375,0.927717924118042,1904.0526123046875,1982.135986328125,0.0041000633500516415,0.0,5120
M-10000,Transformer-2L,G:/PAI/outputs/checkpoints/world_model_ib_m10000_transformer2_fair_epoch_004.pt,reference_MPPI,42,737,-223.53039307191116,-163019.38533994864,0.0129171684384346,0.004735236056149006,-0.0013863416388630867,False,0.024999800138175488,482.62493896484375,0.9426268339157104,1924.5494384765625,1993.5872802734375,0.0037802516017109156,0.0,5120
M-10000,Transformer-2L,G:/PAI/outputs/checkpoints/world_model_ib_m10000_transformer2_fair_epoch_004.pt,reference_MPPI,42,738,-224.97130266972877,-163244.35664261837,-0.008633398450911045,-0.0017983708530664444,0.0011355271562933922,False,0.02584090013988316,471.1462097167969,0.9202074408531189,1917.0323486328125,1993.4715576171875,0.004021712113171816,0.0,5120
M-10000,Transformer-2L,G:/PAI/outputs/checkpoints/world_model_ib_m10000_transformer2_fair_epoch_004.pt,reference_MPPI,42,739,-240.32030783755135,-163484.6769504559,0.0016980392392724752,-0.0025094468146562576,-0.005197068676352501,False,0.025610500015318394,494.31622314453125,0.9654613733291626,1919.940673828125,1983.018310546875,0.0036057496909052134,0.0,5120
M-10000,Transformer-2L,G:/PAI/outputs/checkpoints/world_model_ib_m10000_transformer2_fair_epoch_004.pt,reference_MPPI,42,740,-230.15216761951862,-163714.82911807543,0.00806561578065157,0.006144586950540543,0.011435366235673428,False,0.025409499881789088,471.7491760253906,0.9213851094245911,1906.311767578125,1993.617919921875,0.004489250481128693,0.0,5120
M-10000,Transformer-2L,G:/PAI/outputs/checkpoints/world_model_ib_m10000_transformer2_fair_epoch_004.pt,reference_MPPI,42,741,-226.75371666147032,-163941.5828347369,0.006730346474796534,-0.0019168106373399496,-0.008136042393743992,False,0.02694020001217723,476.7735900878906,0.9311984181404114,1907.7945556640625,1989.6727294921875,0.004275146406143904,0.0,5120
M-10000,Transformer-2L,G:/PAI/outputs/checkpoints/world_model_ib_m10000_transformer2_fair_epoch_004.pt,reference_MPPI,42,742,-236.17584358285035,-164177.75867831975,0.004304926842451096,-0.003747716546058655,0.009812256321310997,False,0.026669699931517243,480.6198425292969,0.938710629940033,1914.2489013671875,1982.5068359375,0.0037413828540593386,0.0,5120
M-10000,Transformer-2L,G:/PAI/outputs/checkpoints/world_model_ib_m10000_transformer2_fair_epoch_004.pt,reference_MPPI,42,743,-228.28774490624807,-164406.04642322598,6.72750174999237e-05,-0.005692410282790661,-0.010439703240990639,False,0.026315700029954314,470.8885803222656,0.919704258441925,1890.9656982421875,1993.5703125,0.005226733162999153,0.0,5120
M-10000,Transformer-2L,G:/PAI/outputs/checkpoints/world_model_ib_m10000_transformer2_fair_epoch_004.pt,reference_MPPI,42,744,-219.6812629664384,-164625.72768619243,0.010408991016447544,-0.008814940229058266,-0.0004851720295846462,False,0.024487500078976154,463.3887939453125,0.9050562381744385,1892.9449462890625,1993.8486328125,0.005106446798890829,0.0,5120
M-10000,Transformer-2L,G:/PAI/outputs/checkpoints/world_model_ib_m10000_transformer2_fair_epoch_004.pt,reference_MPPI,42,745,-240.87830043621645,-164866.60598662865,-0.007236924953758717,-0.008847535587847233,0.0019313753582537174,False,0.026345400139689445,463.99615478515625,0.9062424898147583,1878.343017578125,1984.4940185546875,0.005374412517994642,0.0,5120
M-10000,Transformer-2L,G:/PAI/outputs/checkpoints/world_model_ib_m10000_transformer2_fair_epoch_004.pt,reference_MPPI,42,746,-241.18859321064434,-165107.7945798393,0.008537685498595238,-0.009215207770466805,0.005721334833651781,False,0.026035499991849065,485.7549743652344,0.9487401843070984,1905.239013671875,1990.4248046875,0.004462342709302902,0.0,5120
M-10000,Transformer-2L,G:/PAI/outputs/checkpoints/world_model_ib_m10000_transformer2_fair_epoch_004.pt,reference_MPPI,42,747,-218.94511807194283,-165326.73969791125,0.006518520414829254,0.0004527431447058916,0.0014114154037088156,False,0.026567300083115697,492.6015930175781,0.9621124863624573,1922.6978759765625,1990.0338134765625,0.0037575371097773314,0.0,5120
M-10000,Transformer-2L,G:/PAI/outputs/checkpoints/world_model_ib_m10000_transformer2_fair_epoch_004.pt,reference_MPPI,42,748,-224.97886515749622,-165551.71856306875,-0.007773222401738167,-0.008032789453864098,-0.008519019931554794,False,0.026025400031358004,478.8570251464844,0.9352676272392273,1903.898681640625,1976.783203125,0.003912780899554491,0.0,5120
M-10000,Transformer-2L,G:/PAI/outputs/checkpoints/world_model_ib_m10000_transformer2_fair_epoch_004.pt,reference_MPPI,42,749,-236.29760741483983,-165788.01617048358,0.01589595526456833,-0.001413905993103981,0.005809243768453598,False,0.026232399977743626,467.8252868652344,0.9137212634086609,1897.430908203125,1988.9564208984375,0.004661276936531067,0.0,5120
M-10000,Transformer-2L,G:/PAI/outputs/checkpoints/world_model_ib_m10000_transformer2_fair_epoch_004.pt,reference_MPPI,42,750,-228.7838781872823,-166016.80004867085,0.010870786383748055,-0.006361244712024927,-0.005764839239418507,False,0.02560960012488067,487.0725402832031,0.9513135552406311,1922.400146484375,1994.015869140625,0.003898134222254157,0.0,5120
M-10000,Transformer-2L,G:/PAI/outputs/checkpoints/world_model_ib_m10000_transformer2_fair_epoch_004.pt,reference_MPPI,42,751,-227.81033722659504,-166244.61038589745,-0.011101461946964264,0.0016718506813049316,0.002350207418203354,False,0.026457899948582053,481.20819091796875,0.9398597478866577,1915.3427734375,1991.5972900390625,0.004060225561261177,0.0,5120
M-10000,Transformer-2L,G:/PAI/outputs/checkpoints/world_model_ib_m10000_transformer2_fair_epoch_004.pt,reference_MPPI,42,752,-243.02573828238695,-166487.63612417984,0.01636548712849617,-0.007266308180987835,0.0018248744308948517,False,0.026299900142475963,483.5792541503906,0.9444907307624817,1916.26025390625,1991.8427734375,0.004039380233734846,0.0,5120
M-10000,Transformer-2L,G:/PAI/outputs/checkpoints/world_model_ib_m10000_transformer2_fair_epoch_004.pt,reference_MPPI,42,753,-222.92209671299082,-166710.55822089282,0.003265673527494073,0.003673943690955639,-0.009085490368306637,False,0.025841600028797984,470.67578125,0.9192886352539062,1910.3077392578125,1999.7557373046875,0.004577414598315954,0.0,5120
M-10000,Transformer-2L,G:/PAI/outputs/checkpoints/world_model_ib_m10000_transformer2_fair_epoch_004.pt,reference_MPPI,42,754,-224.39094650872306,-166934.94916740156,0.010170661844313145,0.0004015294834971428,-0.016004212200641632,False,0.026494000107049942,476.3014831542969,0.9302763342857361,1915.9127197265625,1987.5498046875,0.0038499722722917795,0.0,5120
M-10000,Transformer-2L,G:/PAI/outputs/checkpoints/world_model_ib_m10000_transformer2_fair_epoch_004.pt,reference_MPPI,42,755,-229.10005978176267,-167164.04922718334,-0.00508481077849865,0.007439006119966507,-0.002784763928502798,False,0.025319100124761462,483.69091796875,0.9447088241577148,1922.466064453125,1991.8349609375,0.003799636848270893,0.0,5120
M-10000,Transformer-2L,G:/PAI/outputs/checkpoints/world_model_ib_m10000_transformer2_fair_epoch_004.pt,reference_MPPI,42,756,-221.70654918107238,-167385.7557763644,-0.005557515658438206,-0.0019520183559507132,-0.003297185292467475,False,0.025327299954369664,468.43328857421875,0.914908766746521,1909.25927734375,1995.5604248046875,0.004422347526997328,0.0,5120
M-10000,Transformer-2L,G:/PAI/outputs/checkpoints/world_model_ib_m10000_transformer2_fair_epoch_004.pt,reference_MPPI,42,757,-230.0566264033062,-167615.8124027677,0.011301450431346893,0.0065276906825602055,0.0062449611723423,False,0.02636789996176958,489.6231384277344,0.9562951922416687,1937.456298828125,1999.08984375,0.0035364527720957994,0.0,5120
M-10000,Transformer-2L,G:/PAI/outputs/checkpoints/world_model_ib_m10000_transformer2_fair_epoch_004.pt,reference_MPPI,42,758,-221.07684717877183,-167836.8892499465,0.008094225078821182,-0.005663572810590267,0.005065707489848137,False,0.026260900078341365,473.3328857421875,0.92447829246521,1914.046142578125,1992.8836669921875,0.004130655899643898,0.0,5120
M-10000,Transformer-2L,G:/PAI/outputs/checkpoints/world_model_ib_m10000_transformer2_fair_epoch_004.pt,reference_MPPI,42,759,-222.52581413016338,-168059.41506407666,0.005262178368866444,0.007087420672178268,0.014178019016981125,False,0.026217899983748794,488.51312255859375,0.9541271924972534,1921.334228515625,1988.989990234375,0.003751541953533888,0.0,5120
M-10000,Transformer-2L,G:/PAI/outputs/checkpoints/world_model_ib_m10000_transformer2_fair_epoch_004.pt,reference_MPPI,42,760,-227.06081952952366,-168286.47588360618,0.008274788036942482,-0.005889448337256908,-0.005312586203217506,False,0.025246300036087632,483.1927185058594,0.9437357783317566,1917.216064453125,1997.681640625,0.004243099596351385,0.0,5120
M-10000,Transformer-2L,G:/PAI/outputs/checkpoints/world_model_ib_m10000_transformer2_fair_epoch_004.pt,reference_MPPI,42,761,-234.3833754699898,-168520.85925907618,-0.00850936770439148,0.0019935048185288906,-0.005929070059210062,False,0.026051899883896112,495.9701843261719,0.9686917662620544,1939.6917724609375,1996.9677734375,0.0034085025545209646,0.0,5120
M-10000,Transformer-2L,G:/PAI/outputs/checkpoints/world_model_ib_m10000_transformer2_fair_epoch_004.pt,reference_MPPI,42,762,-216.9329978383772,-168737.79225691457,-9.191036224365234e-05,0.0031548812985420227,0.005991196259856224,False,0.025324800051748753,471.03118896484375,0.9199827909469604,1880.037109375,2002.3759765625,0.006380151957273483,0.0,5120
M-10000,Transformer-2L,G:/PAI/outputs/checkpoints/world_model_ib_m10000_transformer2_fair_epoch_004.pt,reference_MPPI,42,763,-231.0761769567389,-168968.8684338713,-0.00012127682566642761,-0.0010862499475479126,-0.009973154403269291,False,0.025635499972850084,474.6670837402344,0.9270841479301453,1887.0511474609375,1991.335205078125,0.005336423870176077,0.0,5120
M-10000,Transformer-2L,G:/PAI/outputs/checkpoints/world_model_ib_m10000_transformer2_fair_epoch_004.pt,reference_MPPI,42,764,-251.98922772818628,-169220.8576615995,0.007058979012072086,0.0027371803298592567,-0.0006626993417739868,False,0.02552659995853901,473.8822326660156,0.9255512356758118,1905.3602294921875,1992.740234375,0.004503938835114241,0.0,5120
M-10000,Transformer-2L,G:/PAI/outputs/checkpoints/world_model_ib_m10000_transformer2_fair_epoch_004.pt,reference_MPPI,42,765,-246.9197402206849,-169467.77740182017,-0.00222020223736763,-0.0009099030867218971,-0.0102571751922369,False,0.025784000055864453,490.62274169921875,0.9582475423812866,1941.8104248046875,2001.80908203125,0.003481899155303836,0.0,5120
M-10000,Transformer-2L,G:/PAI/outputs/checkpoints/world_model_ib_m10000_transformer2_fair_epoch_004.pt,reference_MPPI,42,766,-239.7284307668882,-169707.50583258705,0.004321672488003969,0.006026165094226599,-0.0055755628272891045,False,0.02497270004823804,473.44647216796875,0.924700140953064,1919.6446533203125,1994.456787109375,0.003959967289119959,0.0,5120
M-10000,Transformer-2L,G:/PAI/outputs/checkpoints/world_model_ib_m10000_transformer2_fair_epoch_004.pt,reference_MPPI,42,767,-221.3571519794034,-169928.86298456645,0.008926523849368095,-0.004603886045515537,0.0056230355985462666,False,0.02528219996020198,481.2945251464844,0.9400283694267273,1901.1156005859375,1986.8310546875,0.004464578814804554,0.0,5120
M-10000,Transformer-2L,G:/PAI/outputs/checkpoints/world_model_ib_m10000_transformer2_fair_epoch_004.pt,reference_MPPI,42,768,-237.47476839538479,-170166.33775296184,0.01053640991449356,0.0023661144077777863,0.0012927860952913761,False,0.02609990001656115,480.38690185546875,0.9382556676864624,1901.0889892578125,1983.17333984375,0.004299555905163288,0.0,5120
M-10000,Transformer-2L,G:/PAI/outputs/checkpoints/world_model_ib_m10000_transformer2_fair_epoch_004.pt,reference_MPPI,42,769,-222.2254271422492,-170388.5631801041,0.0073981136083602905,-0.00769937876611948,0.006273450329899788,False,0.025989199988543987,462.3867492675781,0.9030991196632385,1892.420654296875,1998.82861328125,0.0053868601098656654,0.0,5120
M-10000,Transformer-2L,G:/PAI/outputs/checkpoints/world_model_ib_m10000_transformer2_fair_epoch_004.pt,reference_MPPI,42,770,-236.85534621809478,-170625.4185263222,0.0028658804949373007,-0.005362768191844225,-0.009378865361213684,False,0.025383400032296777,489.5012512207031,0.9560571312904358,1926.013671875,1987.6240234375,0.003534524003043771,0.0,5120
M-10000,Transformer-2L,G:/PAI/outputs/checkpoints/world_model_ib_m10000_transformer2_fair_epoch_004.pt,reference_MPPI,42,771,-220.52987583734495,-170845.94840215956,0.014506127685308456,0.013297413475811481,-0.004014869686216116,False,0.026086099911481142,485.0969543457031,0.9474549889564514,1927.5,1992.1597900390625,0.0036284534726291895,0.0,5120
M-10000,Transformer-2L,G:/PAI/outputs/checkpoints/world_model_ib_m10000_transformer2_fair_epoch_004.pt,reference_MPPI,42,772,-229.25174435827643,-171075.20014651783,0.010323870927095413,-0.0031344667077064514,-0.007608075626194477,False,0.025876800063997507,470.2659606933594,0.9184882044792175,1875.82421875,1978.609130859375,0.005233715754002333,0.0,5120
M-10000,Transformer-2L,G:/PAI/outputs/checkpoints/world_model_ib_m10000_transformer2_fair_epoch_004.pt,reference_MPPI,42,773,-228.4137633043498,-171303.6139098222,0.011755871586501598,-0.0063349176198244095,-0.004741055425256491,False,0.025552499806508422,487.836181640625,0.9528050422668457,1925.3604736328125,1989.6617431640625,0.00362587533891201,0.0,5120
M-10000,Transformer-2L,G:/PAI/outputs/checkpoints/world_model_ib_m10000_transformer2_fair_epoch_004.pt,reference_MPPI,42,774,-224.7217024793242,-171528.3356123015,0.001094878651201725,0.014550723135471344,0.014608088880777359,False,0.026704200077801943,471.5216064453125,0.920940637588501,1897.369873046875,1991.228515625,0.004799442365765572,0.0,5120
M-10000,Transformer-2L,G:/PAI/outputs/checkpoints/world_model_ib_m10000_transformer2_fair_epoch_004.pt,reference_MPPI,42,775,-230.1111157228793,-171758.4467280244,0.00809516105800867,0.0067885201424360275,0.002681499347090721,False,0.025324800051748753,474.0006103515625,0.9257824420928955,1904.6923828125,1986.7740478515625,0.004270846955478191,0.0,5120
M-10000,Transformer-2L,G:/PAI/outputs/checkpoints/world_model_ib_m10000_transformer2_fair_epoch_004.pt,reference_MPPI,42,776,-224.30305470880714,-171982.7497827332,0.005469337105751038,0.0071434685960412025,-0.0047139450907707214,False,0.025370100047439337,481.1726379394531,0.9397903084754944,1902.2884521484375,1999.050048828125,0.004988553933799267,0.0,5120
M-10000,Transformer-2L,G:/PAI/outputs/checkpoints/world_model_ib_m10000_transformer2_fair_epoch_004.pt,reference_MPPI,42,777,-223.07681388449987,-172205.8265966177,-0.0027838926762342453,-0.017825420945882797,-0.004558617249131203,False,0.026199699845165014,455.09423828125,0.8888559341430664,1888.5574951171875,1996.8145751953125,0.005434354301542044,0.0,5120
M-10000,Transformer-2L,G:/PAI/outputs/checkpoints/world_model_ib_m10000_transformer2_fair_epoch_004.pt,reference_MPPI,42,778,-239.3613183291053,-172445.18791494681,0.007776219397783279,-0.005307065322995186,-0.005034091882407665,False,0.025282700080424547,492.32305908203125,0.9615684747695923,1931.8419189453125,1985.4031982421875,0.003270890098065138,0.0,5120
M-10000,Transformer-2L,G:/PAI/outputs/checkpoints/world_model_ib_m10000_transformer2_fair_epoch_004.pt,reference_MPPI,42,779,-226.5617720068147,-172671.74968695364,-0.006121104583144188,0.0070174685679376125,-0.002311071613803506,False,0.026519000064581633,486.4768981933594,0.950150191783905,1930.744384765625,1997.71142578125,0.0037181770894676447,0.0,5120
M-10000,Transformer-2L,G:/PAI/outputs/checkpoints/world_model_ib_m10000_transformer2_fair_epoch_004.pt,reference_MPPI,42,780,-221.66528186266544,-172893.4149688163,0.010013893246650696,0.0077444720081985,-0.0061194440349936485,False,0.02565379999577999,482.57647705078125,0.9425321817398071,1926.1181640625,1993.5504150390625,0.003719399217516184,0.0,5120
M-10000,Transformer-2L,G:/PAI/outputs/checkpoints/world_model_ib_m10000_transformer2_fair_epoch_004.pt,reference_MPPI,42,781,-230.33898211756826,-173123.75395093387,0.00546213798224926,0.005314908921718597,0.00343148410320282,False,0.025995600037276745,469.2940979003906,0.9165900349617004,1903.5052490234375,1992.008056640625,0.004532974679023027,0.0,5120
M-10000,Transformer-2L,G:/PAI/outputs/checkpoints/world_model_ib_m10000_transformer2_fair_epoch_004.pt,reference_MPPI,42,782,-231.97738343159847,-173355.73133436547,0.0020462824031710625,0.006686026696115732,-0.0006002658046782017,False,0.02614310011267662,481.8694763183594,0.9411513209342957,1906.854736328125,1998.9384765625,0.004763931967318058,0.0,5120
M-10000,Transformer-2L,G:/PAI/outputs/checkpoints/world_model_ib_m10000_transformer2_fair_epoch_004.pt,reference_MPPI,42,783,-225.97461596953076,-173581.705950335,-0.0018808422610163689,-0.017984339967370033,-0.008346641436219215,False,0.027453199960291386,482.0884704589844,0.9415790438652039,1939.7054443359375,2004.611572265625,0.003624771488830447,0.0,5120
M-10000,Transformer-2L,G:/PAI/outputs/checkpoints/world_model_ib_m10000_transformer2_fair_epoch_004.pt,reference_MPPI,42,784,-252.082896240005,-173833.788846575,-0.004213621839880943,-0.015055472031235695,-0.0025257784873247147,False,0.02612209995277226,473.290283203125,0.9243950843811035,1924.986083984375,2001.805908203125,0.004045096226036549,0.0,5120
M-10000,Transformer-2L,G:/PAI/outputs/checkpoints/world_model_ib_m10000_transformer2_fair_epoch_004.pt,reference_MPPI,42,785,-250.6223860326644,-174084.41123260764,0.008812435902655125,0.011626133695244789,0.009083934128284454,False,0.025954999960958958,468.3778991699219,0.9148005843162537,1914.5465087890625,2011.6717529296875,0.004939733073115349,0.0,5120
M-10000,Transformer-2L,G:/PAI/outputs/checkpoints/world_model_ib_m10000_transformer2_fair_epoch_004.pt,reference_MPPI,42,786,-217.7485131078871,-174302.15974571553,0.012163901701569557,-0.0016349777579307556,0.015714537352323532,False,0.026124699972569942,473.5537109375,0.9249095916748047,1913.9842529296875,2006.56396484375,0.00474292878061533,0.0,5120
M-10000,Transformer-2L,G:/PAI/outputs/checkpoints/world_model_ib_m10000_transformer2_fair_epoch_004.pt,reference_MPPI,42,787,-227.45521395623,-174529.61495967177,-0.006880690343677998,0.010984210297465324,-0.011165324598550797,False,0.026056299917399883,482.165283203125,0.9417290687561035,1908.719970703125,1983.922119140625,0.004018100444227457,0.0,5120
M-10000,Transformer-2L,G:/PAI/outputs/checkpoints/world_model_ib_m10000_transformer2_fair_epoch_004.pt,reference_MPPI,42,788,-221.81684679685839,-174751.43180646864,0.00414867140352726,0.00484985439106822,0.0013243083376437426,False,0.026429600082337856,481.07720947265625,0.9396039247512817,1924.8599853515625,1994.3466796875,0.003789489157497883,0.0,5120
M-10000,Transformer-2L,G:/PAI/outputs/checkpoints/world_model_ib_m10000_transformer2_fair_epoch_004.pt,reference_MPPI,42,789,-244.1806872082948,-174995.61249367692,0.009127219207584858,0.0023470353335142136,0.00037700217217206955,False,0.02629419998265803,471.7491149902344,0.9213849902153015,1891.981689453125,1988.330322265625,0.004906269256025553,0.0,5120
M-10000,Transformer-2L,G:/PAI/outputs/checkpoints/world_model_ib_m10000_transformer2_fair_epoch_004.pt,reference_MPPI,42,790,-240.52865677660415,-175236.14115045354,-0.009567471221089363,0.0016562864184379578,0.0025512115098536015,False,0.026571800000965595,479.6039123535156,0.9367263913154602,1915.584228515625,2002.812255859375,0.004522005096077919,0.0,5120
M-10000,Transformer-2L,G:/PAI/outputs/checkpoints/world_model_ib_m10000_transformer2_fair_epoch_004.pt,reference_MPPI,42,791,-228.97155876406106,-175465.1127092176,-0.005823003128170967,0.008297617547214031,0.005724606104195118,False,0.027160400059074163,485.8167419433594,0.9488608241081238,1934.8377685546875,2000.375732421875,0.0036634013522416353,0.0,5120
M-10000,Transformer-2L,G:/PAI/outputs/checkpoints/world_model_ib_m10000_transformer2_fair_epoch_004.pt,reference_MPPI,42,792,-252.83543055400065,-175717.9481397716,5.993060767650604e-06,-0.0032711606472730637,0.0036364297848194838,False,0.026762100169435143,464.930419921875,0.9080672264099121,1906.9818115234375,1997.9735107421875,0.004616027232259512,0.0,5120
M-10000,Transformer-2L,G:/PAI/outputs/checkpoints/world_model_ib_m10000_transformer2_fair_epoch_004.pt,reference_MPPI,42,793,-217.48215629483485,-175935.43029606642,0.006466965191066265,-0.002210443839430809,0.0031893847044557333,False,0.025692899944260716,484.4978942871094,0.9462849497795105,1922.4925537109375,1995.310791015625,0.003932311199605465,0.0,5120
M-10000,Transformer-2L,G:/PAI/outputs/checkpoints/world_model_ib_m10000_transformer2_fair_epoch_004.pt,reference_MPPI,42,794,-238.25327386224433,-176173.68356992866,0.001848459243774414,0.0176357701420784,-0.005209671333432198,False,0.025418000062927604,487.54754638671875,0.9522413015365601,1910.21630859375,1976.964599609375,0.003712970530614257,0.0,5120
M-10000,Transformer-2L,G:/PAI/outputs/checkpoints/world_model_ib_m10000_transformer2_fair_epoch_004.pt,reference_MPPI,42,795,-221.90346841819215,-176395.58703834686,0.007718589622527361,0.0026214327663183212,0.013801348395645618,False,0.02489540004171431,463.4117126464844,0.9051010012626648,1892.866943359375,1996.5732421875,0.005249157082289457,0.0,5120
M-10000,Transformer-2L,G:/PAI/outputs/checkpoints/world_model_ib_m10000_transformer2_fair_epoch_004.pt,reference_MPPI,42,796,-262.7736218627423,-176658.3606602096,0.015933960676193237,-0.009061906486749649,-0.01625080034136772,False,0.02595899999141693,467.5113830566406,0.9131081700325012,1895.3414306640625,1984.974853515625,0.004572881851345301,0.0,5120
M-10000,Transformer-2L,G:/PAI/outputs/checkpoints/world_model_ib_m10000_transformer2_fair_epoch_004.pt,reference_MPPI,42,797,-227.7678277748362,-176886.12848798445,-0.0054461099207401276,-0.0019001709297299385,-0.0036301163490861654,False,0.02571810013614595,483.374755859375,0.9440913200378418,1913.43017578125,1992.7735595703125,0.004196543246507645,0.0,5120
M-10000,Transformer-2L,G:/PAI/outputs/checkpoints/world_model_ib_m10000_transformer2_fair_epoch_004.pt,reference_MPPI,42,798,-229.62892525178847,-177115.75741323622,0.0029706708155572414,-0.011576381511986256,0.010738944634795189,False,0.025987100088968873,464.871337890625,0.907951831817627,1895.397216796875,1979.4383544921875,0.004306654911488295,0.0,5120
M-10000,Transformer-2L,G:/PAI/outputs/checkpoints/world_model_ib_m10000_transformer2_fair_epoch_004.pt,reference_MPPI,42,799,-228.06843915289272,-177343.82585238913,0.00017402973026037216,0.00045493198558688164,-0.0004448599647730589,False,0.02547620004042983,488.30999755859375,0.9537304639816284,1921.7470703125,1980.987548828125,0.0034463463816791773,0.0,5120
M-10000,Transformer-2L,G:/PAI/outputs/checkpoints/world_model_ib_m10000_transformer2_fair_epoch_004.pt,reference_MPPI,42,800,-234.80774977329443,-177578.63360216242,0.007960530929267406,-0.016500860452651978,-0.004595175385475159,False,0.025425100000575185,476.8729553222656,0.9313924908638,1901.044189453125,1979.4649658203125,0.0041237385012209415,0.0,5120
M-10000,Transformer-2L,G:/PAI/outputs/checkpoints/world_model_ib_m10000_transformer2_fair_epoch_004.pt,reference_MPPI,42,801,-220.91983513809888,-177799.55343730052,-0.0026391856372356415,0.018466975539922714,0.0036486610770225525,False,0.02559320000000298,451.5728759765625,0.8819782733917236,1840.990478515625,1993.750732421875,0.00849765632301569,0.0,5120
M-10000,Transformer-2L,G:/PAI/outputs/checkpoints/world_model_ib_m10000_transformer2_fair_epoch_004.pt,reference_MPPI,42,802,-249.55477775414732,-178049.10821505467,0.013021683320403099,0.00584571436047554,-0.0003704833798110485,False,0.024980699876323342,480.61590576171875,0.9387029409408569,1887.01904296875,1985.217529296875,0.005053892731666565,0.0,5120
M-10000,Transformer-2L,G:/PAI/outputs/checkpoints/world_model_ib_m10000_transformer2_fair_epoch_004.pt,reference_MPPI,42,803,-224.42457771730088,-178273.53279277196,0.0018106424249708652,0.007670665625482798,0.0026180529966950417,False,0.02515640016645193,483.5030517578125,0.9443418979644775,1938.40087890625,2004.685302734375,0.0036785821430385113,0.0,5120
M-10000,Transformer-2L,G:/PAI/outputs/checkpoints/world_model_ib_m10000_transformer2_fair_epoch_004.pt,reference_MPPI,42,804,-234.38171647682233,-178507.91450924877,0.007229981943964958,0.0020127249881625175,-0.009783471003174782,False,0.025855799904093146,474.1960144042969,0.9261640906333923,1916.0089111328125,1995.1021728515625,0.004140352364629507,0.0,5120
M-10000,Transformer-2L,G:/PAI/outputs/checkpoints/world_model_ib_m10000_transformer2_fair_epoch_004.pt,reference_MPPI,42,805,-228.7165089927891,-178736.63101824158,0.005951951257884502,0.010232331231236458,-0.001562776044011116,False,0.027096700156107545,466.17010498046875,0.910488486289978,1916.929443359375,2000.22705078125,0.00428271759301424,0.0,5120
M-10000,Transformer-2L,G:/PAI/outputs/checkpoints/world_model_ib_m10000_transformer2_fair_epoch_004.pt,reference_MPPI,42,806,-222.17713594468333,-178958.80815418626,0.010396546684205532,0.017926447093486786,-0.0069944001734256744,False,0.026048700092360377,472.900390625,0.9236335754394531,1923.3773193359375,1996.371826171875,0.0038859355263412,0.0,5120
M-10000,Transformer-2L,G:/PAI/outputs/checkpoints/world_model_ib_m10000_transformer2_fair_epoch_004.pt,reference_MPPI,42,807,-222.75121372724084,-179181.5593679135,-7.636798545718193e-05,0.005884879268705845,-0.00515400618314743,False,0.02653559995815158,479.5410461425781,0.9366036057472229,1928.1697998046875,2005.512451171875,0.004097198601812124,0.0,5120
M-10000,Transformer-2L,G:/PAI/outputs/checkpoints/world_model_ib_m10000_transformer2_fair_epoch_004.pt,reference_MPPI,42,808,-219.87851126225897,-179401.43787917576,-0.009985445067286491,0.00099889375269413,0.00010126829147338867,False,0.0254336001817137,466.2229309082031,0.9105916619300842,1901.8817138671875,2001.7935791015625,0.0050659822300076485,0.0,5120
M-10000,Transformer-2L,G:/PAI/outputs/checkpoints/world_model_ib_m10000_transformer2_fair_epoch_004.pt,reference_MPPI,42,809,-221.90161107013466,-179623.3394902459,0.0003554043360054493,-0.005476023070514202,-0.00025803036987781525,False,0.026678499998524785,464.121337890625,0.906486988067627,1915.9892578125,2002.905517578125,0.0044364831410348415,0.0,5120
M-10000,Transformer-2L,G:/PAI/outputs/checkpoints/world_model_ib_m10000_transformer2_fair_epoch_004.pt,reference_MPPI,42,810,-226.78189043589384,-179850.1213806818,-0.002986183390021324,0.004339195787906647,-0.001162571832537651,False,0.027207399951294065,492.6335144042969,0.9621748328208923,1941.1612548828125,2003.6861572265625,0.003581461263820529,0.0,5120
M-10000,Transformer-2L,G:/PAI/outputs/checkpoints/world_model_ib_m10000_transformer2_fair_epoch_004.pt,reference_MPPI,42,811,-247.0069255194874,-180097.1283062013,0.0011458992958068848,-0.005884653422981501,-0.0008218251168727875,False,0.025601400062441826,473.7458190917969,0.9252848029136658,1928.67333984375,2013.279052734375,0.004381291568279266,0.0,5120
M-10000,Transformer-2L,G:/PAI/outputs/checkpoints/world_model_ib_m10000_transformer2_fair_epoch_004.pt,reference_MPPI,42,812,-217.66605354736578,-180314.7943597487,0.004992319270968437,-0.01199076697230339,-0.004118805751204491,False,0.026473899837583303,466.1655578613281,0.9104796051979065,1902.6510009765625,2013.986328125,0.005676640663295984,0.0,5120
M-10000,Transformer-2L,G:/PAI/outputs/checkpoints/world_model_ib_m10000_transformer2_fair_epoch_004.pt,reference_MPPI,42,813,-222.37197356929954,-180537.166333318,0.016315016895532608,-0.010342668741941452,-0.003068674821406603,False,0.026620500022545457,481.6075744628906,0.9406397938728333,1908.824462890625,1990.78271484375,0.004298266023397446,0.0,5120
M-10000,Transformer-2L,G:/PAI/outputs/checkpoints/world_model_ib_m10000_transformer2_fair_epoch_004.pt,reference_MPPI,42,814,-242.2800931556047,-180779.4464264736,0.013459387235343456,-0.008347717113792896,6.83339312672615e-05,False,0.026049199979752302,479.13714599609375,0.9358147382736206,1938.933837890625,2012.9189453125,0.003957534674555063,0.0,5120
M-10000,Transformer-2L,G:/PAI/outputs/checkpoints/world_model_ib_m10000_transformer2_fair_epoch_004.pt,reference_MPPI,42,815,-226.62455926883774,-181006.07098574244,0.002402840182185173,-0.0003756002988666296,-0.0009701699018478394,False,0.026417799992486835,464.0945129394531,0.9064345955848694,1927.9283447265625,2016.2593994140625,0.004507123026996851,0.0,5120
M-10000,Transformer-2L,G:/PAI/outputs/checkpoints/world_model_ib_m10000_transformer2_fair_epoch_004.pt,reference_MPPI,42,816,-221.61417934165863,-181227.68516508408,0.00413872953504324,-0.00965266115963459,0.0029889955185353756,False,0.026402799878269434,484.5996398925781,0.9464836716651917,1937.85205078125,2004.875732421875,0.0037121137138456106,0.0,5120
M-10000,Transformer-2L,G:/PAI/outputs/checkpoints/world_model_ib_m10000_transformer2_fair_epoch_004.pt,reference_MPPI,42,817,-226.3306116515875,-181454.01577673567,0.011714012362062931,-0.003418333362787962,-0.003687323071062565,False,0.026252599898725748,477.4552001953125,0.9325296878814697,1920.0968017578125,2001.427001953125,0.0042573269456624985,0.0,5120
M-10000,Transformer-2L,G:/PAI/outputs/checkpoints/world_model_ib_m10000_transformer2_fair_epoch_004.pt,reference_MPPI,42,818,-221.5462731670911,-181675.56204990277,0.009162122383713722,-0.0038305483758449554,-0.002123786136507988,False,0.026540599996224046,468.3404235839844,0.9147273898124695,1931.8128662109375,2014.9891357421875,0.00428409967571497,0.0,5120
M-10000,Transformer-2L,G:/PAI/outputs/checkpoints/world_model_ib_m10000_transformer2_fair_epoch_004.pt,reference_MPPI,42,819,-226.84718066594112,-181902.4092305687,0.002601039595901966,-0.002231581136584282,0.008349349722266197,False,0.02684079995378852,464.9490966796875,0.9081037044525146,1900.580322265625,2006.394287109375,0.0053662327118217945,0.0,5120
M-10000,Transformer-2L,G:/PAI/outputs/checkpoints/world_model_ib_m10000_transformer2_fair_epoch_004.pt,reference_MPPI,42,820,-247.87227653092674,-182150.28150709963,-0.002255407627671957,-0.0015524933114647865,0.003269118256866932,False,0.025709199951961637,477.10650634765625,0.9318486452102661,1920.856201171875,2003.411376953125,0.004304520320147276,0.0,5120
M-10000,Transformer-2L,G:/PAI/outputs/checkpoints/world_model_ib_m10000_transformer2_fair_epoch_004.pt,reference_MPPI,42,821,-256.3717869016435,-182406.65329400127,0.013371432200074196,0.005352837964892387,-0.0023916694335639477,False,0.02679789997637272,472.0536804199219,0.9219798445701599,1940.6741943359375,2011.689697265625,0.0038137261290103197,0.0,5120
M-10000,Transformer-2L,G:/PAI/outputs/checkpoints/world_model_ib_m10000_transformer2_fair_epoch_004.pt,reference_MPPI,42,822,-234.89660812961705,-182641.54990213088,-0.0003402731381356716,-0.006273529026657343,0.007667909376323223,False,0.026739200111478567,485.09161376953125,0.9474445581436157,1947.73095703125,2011.63623046875,0.0036005903966724873,0.0,5120
M-10000,Transformer-2L,G:/PAI/outputs/checkpoints/world_model_ib_m10000_transformer2_fair_epoch_004.pt,reference_MPPI,42,823,-223.17843341956808,-182864.72833555043,0.002647992456331849,-0.001684301532804966,-0.001670618075877428,False,0.026630999986082315,465.25421142578125,0.908699631690979,1909.0081787109375,2000.58447265625,0.00464595016092062,0.0,5120
M-10000,Transformer-2L,G:/PAI/outputs/checkpoints/world_model_ib_m10000_transformer2_fair_epoch_004.pt,reference_MPPI,42,824,-228.2024452308779,-183092.93078078132,0.010129809379577637,-0.01677590236067772,-0.0021661054342985153,False,0.027441699989140034,475.3497314453125,0.928417444229126,1907.868408203125,1987.1051025390625,0.00415708776563406,0.0,5120
M-10000,Transformer-2L,G:/PAI/outputs/checkpoints/world_model_ib_m10000_transformer2_fair_epoch_004.pt,reference_MPPI,42,825,-227.25407827002854,-183320.18485905134,0.009637530893087387,-0.014316985383629799,-0.009211991913616657,False,0.026670599821954966,475.93621826171875,0.9295629262924194,1923.3778076171875,1991.169921875,0.0037018887232989073,0.0,5120
M-10000,Transformer-2L,G:/PAI/outputs/checkpoints/world_model_ib_m10000_transformer2_fair_epoch_004.pt,reference_MPPI,42,826,-229.29049257819463,-183549.47535162955,0.005554879084229469,0.007923310622572899,0.010554084554314613,False,0.026219200110062957,480.6181640625,0.9387073516845703,1917.40234375,2002.7576904296875,0.0044484189711511135,0.0,5120
M-10000,Transformer-2L,G:/PAI/outputs/checkpoints/world_model_ib_m10000_transformer2_fair_epoch_004.pt,reference_MPPI,42,827,-244.83458375145653,-183794.309935381,0.008343599736690521,0.0013908121036365628,-0.008828422985970974,False,0.026350799947977066,473.58734130859375,0.9249752759933472,1907.66796875,1993.7398681640625,0.004443122074007988,0.0,5120
M-10000,Transformer-2L,G:/PAI/outputs/checkpoints/world_model_ib_m10000_transformer2_fair_epoch_004.pt,reference_MPPI,42,828,-225.5911767955809,-184019.90111217657,0.00463135726749897,-0.008494209498167038,-0.004241696558892727,False,0.02570040011778474,479.7039794921875,0.9369218349456787,1916.313720703125,1994.5948486328125,0.0041354927234351635,0.0,5120
M-10000,Transformer-2L,G:/PAI/outputs/checkpoints/world_model_ib_m10000_transformer2_fair_epoch_004.pt,reference_MPPI,42,829,-232.98753569618253,-184252.88864787275,0.009244254790246487,0.00014054588973522186,0.009779536165297031,False,0.02651629992760718,472.4208984375,0.9226970672607422,1919.4564208984375,1996.5347900390625,0.004050389397889376,0.0,5120
M-10000,Transformer-2L,G:/PAI/outputs/checkpoints/world_model_ib_m10000_transformer2_fair_epoch_004.pt,reference_MPPI,42,830,-223.43658335125804,-184476.325231224,-0.0015957960858941078,0.005616460461169481,-0.006600193679332733,False,0.026972400024533272,483.25323486328125,0.9438539743423462,1923.737060546875,1996.75,0.003939839545637369,0.0,5120
M-10000,Transformer-2L,G:/PAI/outputs/checkpoints/world_model_ib_m10000_transformer2_fair_epoch_004.pt,reference_MPPI,42,831,-231.89502525510034,-184708.2202564791,0.003978932276368141,-0.00409557344391942,0.007990993559360504,False,0.026811099844053388,478.2249755859375,0.9340331554412842,1906.327880859375,1993.7667236328125,0.004526508040726185,0.0,5120
M-10000,Transformer-2L,G:/PAI/outputs/checkpoints/world_model_ib_m10000_transformer2_fair_epoch_004.pt,reference_MPPI,42,832,-236.03349155906437,-184944.25374803817,0.005896652117371559,0.00828384980559349,0.0009195343591272831,False,0.025840699905529618,488.1566467285156,0.9534309506416321,1926.08642578125,2001.248779296875,0.004044019617140293,0.0,5120
M-10000,Transformer-2L,G:/PAI/outputs/checkpoints/world_model_ib_m10000_transformer2_fair_epoch_004.pt,reference_MPPI,42,833,-239.90906984563003,-185184.1628178838,0.007438090164214373,-0.005017001181840897,0.00032759481109678745,False,0.02628619992174208,494.19268798828125,0.9652200937271118,1933.0115966796875,1998.239501953125,0.0036842094268649817,0.0,5120
M-10000,Transformer-2L,G:/PAI/outputs/checkpoints/world_model_ib_m10000_transformer2_fair_epoch_004.pt,reference_MPPI,42,834,-234.01768345866452,-185418.18050134246,0.014659147709608078,0.008500032126903534,0.002166504506021738,False,0.027321500005200505,475.8615417480469,0.929417073726654,1926.431884765625,2001.5830078125,0.003990150988101959,0.0,5120
M-10000,Transformer-2L,G:/PAI/outputs/checkpoints/world_model_ib_m10000_transformer2_fair_epoch_004.pt,reference_MPPI,42,835,-226.87917909475425,-185645.0596804372,0.021342860534787178,-0.009894043207168579,0.009056882932782173,False,0.026531999930739403,474.6317443847656,0.9270151257514954,1920.8133544921875,2007.67041015625,0.004483457189053297,0.0,5120
M-10000,Transformer-2L,G:/PAI/outputs/checkpoints/world_model_ib_m10000_transformer2_fair_epoch_004.pt,reference_MPPI,42,836,-220.89081244502722,-185865.95049288223,0.004988951608538628,-0.004575214348733425,0.006075668148696423,False,0.02678900002501905,477.8601989746094,0.9333207011222839,1916.220458984375,1996.389404296875,0.00420720037072897,0.0,5120
M-10000,Transformer-2L,G:/PAI/outputs/checkpoints/world_model_ib_m10000_transformer2_fair_epoch_004.pt,reference_MPPI,42,837,-223.16604602764812,-186089.11653890988,0.01760498434305191,-0.021639134734869003,-0.005239058751612902,False,0.025462300051003695,468.5325012207031,0.9151025414466858,1912.4619140625,1994.036376953125,0.004219630267471075,0.0,5120
M-10000,Transformer-2L,G:/PAI/outputs/checkpoints/world_model_ib_m10000_transformer2_fair_epoch_004.pt,reference_MPPI,42,838,-229.0162650063713,-186318.13280391623,0.012581422924995422,-0.00043019093573093414,0.011757350526750088,False,0.02611510013230145,469.3576965332031,0.9167142510414124,1915.54345703125,1997.02783203125,0.00422241073101759,0.0,5120
M-10000,Transformer-2L,G:/PAI/outputs/checkpoints/world_model_ib_m10000_transformer2_fair_epoch_004.pt,reference_MPPI,42,839,-237.1331707699054,-186555.26597468613,0.013900919817388058,-0.015216595493257046,-0.0019282945431768894,False,0.02548660011962056,487.3331298828125,0.9518225193023682,1931.95263671875,2003.5709228515625,0.0039000934921205044,0.0,5120
M-10000,Transformer-2L,G:/PAI/outputs/checkpoints/world_model_ib_m10000_transformer2_fair_epoch_004.pt,reference_MPPI,42,840,-226.17131479340654,-186781.43728947954,0.020950425416231155,-0.009047411382198334,0.004496848210692406,False,0.025625600013881922,474.9280090332031,0.9275937676429749,1912.618896484375,2002.202392578125,0.004604144021868706,0.0,5120
M-10000,Transformer-2L,G:/PAI/outputs/checkpoints/world_model_ib_m10000_transformer2_fair_epoch_004.pt,reference_MPPI,42,841,-228.24345859242584,-187009.68074807196,0.004505499266088009,0.0031791776418685913,-0.011349662207067013,False,0.02655459986999631,465.0250244140625,0.9082520008087158,1903.518798828125,1998.8267822265625,0.004817979875952005,0.0,5120
M-10000,Transformer-2L,G:/PAI/outputs/checkpoints/world_model_ib_m10000_transformer2_fair_epoch_004.pt,reference_MPPI,42,842,-223.95343984274575,-187233.6341879147,0.007915706373751163,-0.013226799666881561,0.010001434944570065,False,0.025701900012791157,482.68609619140625,0.9427462816238403,1920.371826171875,1997.8350830078125,0.004114395007491112,0.0,5120
M-10000,Transformer-2L,G:/PAI/outputs/checkpoints/world_model_ib_m10000_transformer2_fair_epoch_004.pt,reference_MPPI,42,843,-222.74672716210495,-187456.3809150768,-0.001751938834786415,-0.010080922394990921,-0.006483745761215687,False,0.025074100121855736,490.29473876953125,0.9576069116592407,1911.0501708984375,1993.6767578125,0.004367957357317209,0.0,5120
M-10000,Transformer-2L,G:/PAI/outputs/checkpoints/world_model_ib_m10000_transformer2_fair_epoch_004.pt,reference_MPPI,42,844,-220.22013508961243,-187676.6010501664,9.95369628071785e-05,-0.018819041550159454,0.0032592075876891613,False,0.026274000061675906,472.1993713378906,0.9222643971443176,1925.5111083984375,2006.74658203125,0.004232643637806177,0.0,5120
M-10000,Transformer-2L,G:/PAI/outputs/checkpoints/world_model_ib_m10000_transformer2_fair_epoch_004.pt,reference_MPPI,42,845,-222.81150487255917,-187899.41255503896,0.007546635344624519,0.00026816315948963165,8.963863365352154e-05,False,0.026771700009703636,481.2326965332031,0.9399076104164124,1919.672607421875,1995.502685546875,0.0040392084047198296,0.0,5120
M-10000,Transformer-2L,G:/PAI/outputs/checkpoints/world_model_ib_m10000_transformer2_fair_epoch_004.pt,reference_MPPI,42,846,-230.641429554105,-188130.05398459308,-0.0013944474048912525,-0.002183818258345127,0.014439672231674194,False,0.025886799907311797,478.6936950683594,0.9349486231803894,1920.4501953125,2004.01416015625,0.004352681338787079,0.0,5120
M-10000,Transformer-2L,G:/PAI/outputs/checkpoints/world_model_ib_m10000_transformer2_fair_epoch_004.pt,reference_MPPI,42,847,-232.57829705672083,-188362.6322816498,-0.0022537512704730034,0.000529393320903182,-0.0011478262022137642,False,0.027205900056287646,471.1517333984375,0.9202182292938232,1928.1285400390625,2002.28564453125,0.00392673397436738,0.0,5120
M-10000,Transformer-2L,G:/PAI/outputs/checkpoints/world_model_ib_m10000_transformer2_fair_epoch_004.pt,reference_MPPI,42,848,-226.062047513496,-188588.6943291633,0.003292074892669916,0.0016788151115179062,0.0037254902999848127,False,0.026851699920371175,474.2428283691406,0.9262555241584778,1918.9459228515625,1995.422119140625,0.004037580918520689,0.0,5120
M-10000,Transformer-2L,G:/PAI/outputs/checkpoints/world_model_ib_m10000_transformer2_fair_epoch_004.pt,reference_MPPI,42,849,-220.8333288243702,-188809.52765798767,0.004171069245785475,0.0044893138110637665,0.002650788053870201,False,0.025875600054860115,488.0531921386719,0.9532288908958435,1932.8995361328125,1993.24267578125,0.0034856831189244986,0.0,5120
M-10000,Transformer-2L,G:/PAI/outputs/checkpoints/world_model_ib_m10000_transformer2_fair_epoch_004.pt,reference_MPPI,42,850,-228.1543479833786,-189037.68200597106,0.012985238805413246,-0.003534848801791668,-0.0025245174765586853,False,0.02703800005838275,466.2471618652344,0.9106389880180359,1908.29296875,1993.3778076171875,0.004365778528153896,0.0,5120
M-10000,Transformer-2L,G:/PAI/outputs/checkpoints/world_model_ib_m10000_transformer2_fair_epoch_004.pt,reference_MPPI,42,851,-224.36539817273558,-189262.04740414378,-0.0019131023436784744,0.005699340719729662,-0.006151892244815826,False,0.026688700076192617,476.0108337402344,0.9297086596488953,1922.8311767578125,1998.5543212890625,0.0040124813094735146,0.0,5120
M-10000,Transformer-2L,G:/PAI/outputs/checkpoints/world_model_ib_m10000_transformer2_fair_epoch_004.pt,reference_MPPI,42,852,-237.75449004244248,-189499.80189418624,0.0057858992367982864,0.001014708075672388,-0.0011932160705327988,False,0.02536349999718368,473.4071350097656,0.9246233105659485,1923.5428466796875,1997.2447509765625,0.003923531621694565,0.0,5120
M-10000,Transformer-2L,G:/PAI/outputs/checkpoints/world_model_ib_m10000_transformer2_fair_epoch_004.pt,reference_MPPI,42,853,-224.53170999026847,-189724.3336041765,-0.0010526659898459911,-0.0007879612967371941,-0.004721465986222029,False,0.025974499993026257,476.9315185546875,0.931506872177124,1914.5723876953125,1992.2117919921875,0.004098537843674421,0.0,5120
M-10000,Transformer-2L,G:/PAI/outputs/checkpoints/world_model_ib_m10000_transformer2_fair_epoch_004.pt,reference_MPPI,42,854,-227.7563207667483,-189952.08992494326,-0.0110159395262599,0.0023568992037326097,-0.0018593883141875267,False,0.026481699896976352,473.608154296875,0.925015926361084,1914.913330078125,1997.353271484375,0.004279280547052622,0.0,5120
M-10000,Transformer-2L,G:/PAI/outputs/checkpoints/world_model_ib_m10000_transformer2_fair_epoch_004.pt,reference_MPPI,42,855,-218.24604579894148,-190170.3359707422,0.013072602450847626,-0.0003555919975042343,0.005224091466516256,False,0.02509819995611906,470.44732666015625,0.9188424348831177,1905.9063720703125,1985.70849609375,0.004156161565333605,0.0,5120
M-10000,Transformer-2L,G:/PAI/outputs/checkpoints/world_model_ib_m10000_transformer2_fair_epoch_004.pt,reference_MPPI,42,856,-228.41491096218255,-190398.75088170439,0.005863053724169731,-0.007746557705104351,0.0009311120957136154,False,0.025500299874693155,479.5965881347656,0.9367120862007141,1905.57373046875,1985.47802734375,0.004199350252747536,0.0,5120
M-10000,Transformer-2L,G:/PAI/outputs/checkpoints/world_model_ib_m10000_transformer2_fair_epoch_004.pt,reference_MPPI,42,857,-232.75545214670967,-190631.50633385108,0.007051703054457903,0.010827066376805305,-0.0006285682320594788,False,0.026439900044351816,466.7347412109375,0.9115912914276123,1905.2568359375,1985.63671875,0.004162630066275597,0.0,5120
M-10000,Transformer-2L,G:/PAI/outputs/checkpoints/world_model_ib_m10000_transformer2_fair_epoch_004.pt,reference_MPPI,42,858,-230.92396851502428,-190862.43030236612,0.013499801978468895,0.0018499442376196384,0.007213256321847439,False,0.02601969987154007,495.4158630371094,0.9676091074943542,1933.1307373046875,1996.0439453125,0.003603511257097125,0.0,5120
M-10000,Transformer-2L,G:/PAI/outputs/checkpoints/world_model_ib_m10000_transformer2_fair_epoch_004.pt,reference_MPPI,42,859,-245.76702256698263,-191108.1973249331,0.003642389317974448,-0.0061261579394340515,0.0037991232238709927,False,0.02620840002782643,478.2950744628906,0.9341700673103333,1905.565673828125,1985.005859375,0.004177398979663849,0.0,5120
M-10000,Transformer-2L,G:/PAI/outputs/checkpoints/world_model_ib_m10000_transformer2_fair_epoch_004.pt,reference_MPPI,42,860,-229.20416331377425,-191337.4014882469,0.012280497699975967,-0.014868846163153648,0.015102320350706577,False,0.026538999984040856,467.31915283203125,0.912732720375061,1880.723388671875,1982.8138427734375,0.005187700502574444,0.0,5120
M-10000,Transformer-2L,G:/PAI/outputs/checkpoints/world_model_ib_m10000_transformer2_fair_epoch_004.pt,reference_MPPI,42,861,-217.58995480775167,-191554.99144305463,0.01728982850909233,-0.003644798882305622,-0.00010994309559464455,False,0.025741300079971552,474.6600646972656,0.9270704388618469,1907.605712890625,1984.45947265625,0.004053128883242607,0.0,5120
M-10000,Transformer-2L,G:/PAI/outputs/checkpoints/world_model_ib_m10000_transformer2_fair_epoch_004.pt,reference_MPPI,42,862,-233.5030915719086,-191788.49453462654,-0.0022160462103784084,-0.007749459706246853,0.00809955783188343,False,0.024967300007119775,470.4299621582031,0.9188085198402405,1891.5728759765625,1975.9549560546875,0.004353833384811878,0.0,5120
M-10000,Transformer-2L,G:/PAI/outputs/checkpoints/world_model_ib_m10000_transformer2_fair_epoch_004.pt,reference_MPPI,42,863,-226.30278627383052,-192014.79732090037,0.010448111221194267,-0.0021495651453733444,-0.005534812808036804,False,0.026305299950763583,479.1159362792969,0.9357733130455017,1910.1656494140625,1983.45361328125,0.003932194784283638,0.0,5120
M-10000,Transformer-2L,G:/PAI/outputs/checkpoints/world_model_ib_m10000_transformer2_fair_epoch_004.pt,reference_MPPI,42,864,-222.00458391713602,-192236.8019048175,0.0017763413488864899,-0.0037457644939422607,-0.006713611539453268,False,0.026150699937716126,478.30645751953125,0.9341922998428345,1901.6331787109375,1982.5782470703125,0.004238978493958712,0.0,5120
M-10000,Transformer-2L,G:/PAI/outputs/checkpoints/world_model_ib_m10000_transformer2_fair_epoch_004.pt,reference_MPPI,42,865,-251.00691745277453,-192487.80882227028,-0.007419903762638569,0.014444760978221893,-0.009483179077506065,False,0.026006799889728427,468.7928161621094,0.9156109690666199,1896.4229736328125,1988.0098876953125,0.00466487230733037,0.0,5120
M-10000,Transformer-2L,G:/PAI/outputs/checkpoints/world_model_ib_m10000_transformer2_fair_epoch_004.pt,reference_MPPI,42,866,-230.70085655183945,-192718.50967882213,0.01016585435718298,0.008317830041050911,0.0025990805588662624,False,0.02779319998808205,474.1835632324219,0.926139771938324,1901.3553466796875,1989.7841796875,0.004552748519927263,0.0,5120
M-10000,Transformer-2L,G:/PAI/outputs/checkpoints/world_model_ib_m10000_transformer2_fair_epoch_004.pt,reference_MPPI,42,867,-235.23192601611333,-192953.74160483823,0.002036621794104576,0.002931521274149418,-0.0021066400222480297,False,0.02906579989939928,484.0573425292969,0.945424497127533,1923.0823974609375,1986.8701171875,0.0035922182723879814,0.0,5120
M-10000,Transformer-2L,G:/PAI/outputs/checkpoints/world_model_ib_m10000_transformer2_fair_epoch_004.pt,reference_MPPI,42,868,-222.99160474677626,-193176.733209585,0.0050153122283518314,-0.002979055978357792,0.014119511470198631,False,0.025719600031152368,480.98248291015625,0.9394189119338989,1909.2393798828125,1989.583251953125,0.0042299870401620865,0.0,5120
M-10000,Transformer-2L,G:/PAI/outputs/checkpoints/world_model_ib_m10000_transformer2_fair_epoch_004.pt,reference_MPPI,42,869,-221.23635827856944,-193397.9695678636,-0.0009808717295527458,-0.003605404868721962,-0.015280604362487793,False,0.026281800121068954,480.7188720703125,0.9389040470123291,1911.3853759765625,1977.4189453125,0.0036603473126888275,0.0,5120
M-10000,Transformer-2L,G:/PAI/outputs/checkpoints/world_model_ib_m10000_transformer2_fair_epoch_004.pt,reference_MPPI,42,870,-229.8655053918064,-193627.8350732554,0.004208208993077278,0.0037772678770124912,-0.0029152780771255493,False,0.025512699969112873,487.6687316894531,0.9524779915809631,1926.7769775390625,1986.566162109375,0.0034636028576642275,0.0,5120
M-10000,Transformer-2L,G:/PAI/outputs/checkpoints/world_model_ib_m10000_transformer2_fair_epoch_004.pt,reference_MPPI,42,871,-221.90627437776652,-193849.7413476332,0.00333845941349864,0.004994031973183155,0.010113629512488842,False,0.026573400013148785,485.3664245605469,0.9479812979698181,1905.4091796875,1984.274169921875,0.004184901248663664,0.0,5120
M-10000,Transformer-2L,G:/PAI/outputs/checkpoints/world_model_ib_m10000_transformer2_fair_epoch_004.pt,reference_MPPI,42,872,-219.05246742607642,-194068.79381505927,0.012673692777752876,-0.0017966479063034058,-0.009765409864485264,False,0.02666319999843836,470.54986572265625,0.919042706489563,1883.1689453125,1986.606689453125,0.005268399138003588,0.0,5120
M-10000,Transformer-2L,G:/PAI/outputs/checkpoints/world_model_ib_m10000_transformer2_fair_epoch_004.pt,reference_MPPI,42,873,-222.88982562283348,-194291.6836406821,-0.007150172255933285,0.014972013421356678,0.0015962892211973667,False,0.025856400141492486,475.6200256347656,0.9289453625679016,1910.969482421875,1990.4931640625,0.004166215192526579,0.0,5120
M-10000,Transformer-2L,G:/PAI/outputs/checkpoints/world_model_ib_m10000_transformer2_fair_epoch_004.pt,reference_MPPI,42,874,-230.1513542546826,-194521.8349949368,0.008283635601401329,-0.005094063002616167,-0.00514823105186224,False,0.02536209998652339,475.71063232421875,0.9291223287582397,1900.081298828125,1990.1871337890625,0.004635040648281574,0.0,5120
M-10000,Transformer-2L,G:/PAI/outputs/checkpoints/world_model_ib_m10000_transformer2_fair_epoch_004.pt,reference_MPPI,42,875,-227.59598507878638,-194749.43098001558,7.713492959737778e-05,-0.009446538984775543,0.00403886754065752,False,0.025888399919494987,477.248291015625,0.9321255683898926,1929.535888671875,2004.9422607421875,0.003999166656285524,0.0,5120
M-10000,Transformer-2L,G:/PAI/outputs/checkpoints/world_model_ib_m10000_transformer2_fair_epoch_004.pt,reference_MPPI,42,876,-229.20520118431622,-194978.6361811999,-0.004840497858822346,0.006617559120059013,0.010059735737740993,False,0.025370100047439337,483.45489501953125,0.944247841835022,1941.20361328125,2008.22509765625,0.003706672927364707,0.0,5120
M-10000,Transformer-2L,G:/PAI/outputs/checkpoints/world_model_ib_m10000_transformer2_fair_epoch_004.pt,reference_MPPI,42,877,-227.0756903224887,-195205.7118715224,0.006163815036416054,0.007389271631836891,-0.004615649580955505,False,0.025389400077983737,492.1794128417969,0.9612879157066345,1929.7113037109375,1992.264892578125,0.0035794370342046022,0.0,5120
M-10000,Transformer-2L,G:/PAI/outputs/checkpoints/world_model_ib_m10000_transformer2_fair_epoch_004.pt,reference_MPPI,42,878,-235.6693271357181,-195441.3811986581,0.004138673190027475,-0.005805268418043852,-0.0005982983857393265,False,0.02657989994622767,478.0404968261719,0.9336728453636169,1931.634765625,2007.79833984375,0.004038425628095865,0.0,5120
M-10000,Transformer-2L,G:/PAI/outputs/checkpoints/world_model_ib_m10000_transformer2_fair_epoch_004.pt,reference_MPPI,42,879,-232.13376515351507,-195673.51496381164,0.004266837146133184,0.0020875241607427597,0.000753039785195142,False,0.025337800150737166,476.91192626953125,0.9314686059951782,1913.253662109375,2002.62060546875,0.004608579911291599,0.0,5120
M-10000,Transformer-2L,G:/PAI/outputs/checkpoints/world_model_ib_m10000_transformer2_fair_epoch_004.pt,reference_MPPI,42,880,-225.96766651032374,-195899.48263032196,0.006581628695130348,7.164385169744492e-05,-0.002069867216050625,False,0.02517430018633604,471.14788818359375,0.9202107191085815,1908.364501953125,1993.372802734375,0.004380375612527132,0.0,5120
M-10000,Transformer-2L,G:/PAI/outputs/checkpoints/world_model_ib_m10000_transformer2_fair_epoch_004.pt,reference_MPPI,42,881,-222.86223399494088,-196122.3448643169,-0.006208036560565233,0.000779248308390379,0.002763184020295739,False,0.025755699956789613,478.6196594238281,0.9348040223121643,1922.544921875,2007.2679443359375,0.00440752599388361,0.0,5120
M-10000,Transformer-2L,G:/PAI/outputs/checkpoints/world_model_ib_m10000_transformer2_fair_epoch_004.pt,reference_MPPI,42,882,-245.46104872094867,-196367.80591303785,-0.0019083209335803986,-0.00798022374510765,-0.0013026515953242779,False,0.027336400002241135,475.2843017578125,0.9282896518707275,1899.1163330078125,1993.4935302734375,0.00483678700402379,0.0,5120
M-10000,Transformer-2L,G:/PAI/outputs/checkpoints/world_model_ib_m10000_transformer2_fair_epoch_004.pt,reference_MPPI,42,883,-220.03397165679405,-196587.83988469464,0.00825410895049572,0.0016528116539120674,-0.004143110476434231,False,0.0259788001421839,479.856201171875,0.9372191429138184,1932.444580078125,2008.7998046875,0.004057836253196001,0.0,5120
M-10000,Transformer-2L,G:/PAI/outputs/checkpoints/world_model_ib_m10000_transformer2_fair_epoch_004.pt,reference_MPPI,42,884,-228.8787820404325,-196816.71866673508,0.01606428250670433,-0.0024890077766031027,-0.008387493900954723,False,0.02593430015258491,481.97601318359375,0.9413594007492065,1926.112548828125,1997.823974609375,0.003879777155816555,0.0,5120
M-10000,Transformer-2L,G:/PAI/outputs/checkpoints/world_model_ib_m10000_transformer2_fair_epoch_004.pt,reference_MPPI,42,885,-240.80228597168752,-197057.52095270675,0.008484255522489548,0.0011963732540607452,0.0010109301656484604,False,0.027100299950689077,453.4285888671875,0.8856027126312256,1899.9840087890625,2000.74267578125,0.005034836009144783,0.0,5120
M-10000,Transformer-2L,G:/PAI/outputs/checkpoints/world_model_ib_m10000_transformer2_fair_epoch_004.pt,reference_MPPI,42,886,-253.5491679509555,-197311.0701206577,0.010572291910648346,0.0016862759366631508,0.011532195843756199,False,0.027493500150740147,484.44549560546875,0.9461826086044312,1935.5264892578125,2000.278076171875,0.003631497733294964,0.0,5120
M-10000,Transformer-2L,G:/PAI/outputs/checkpoints/world_model_ib_m10000_transformer2_fair_epoch_004.pt,reference_MPPI,42,887,-220.16582864075758,-197531.23594929845,0.012384624220430851,-0.009202507324516773,-0.00023563578724861145,False,0.026371499989181757,484.2581481933594,0.945816695690155,1942.3079833984375,2006.9923095703125,0.003623455995693803,0.0,5120
M-10000,Transformer-2L,G:/PAI/outputs/checkpoints/world_model_ib_m10000_transformer2_fair_epoch_004.pt,reference_MPPI,42,888,-233.97958629402757,-197765.2155355925,-0.004548512399196625,0.009789420291781425,-0.008506379090249538,False,0.025689699919894338,465.451904296875,0.909085750579834,1896.2567138671875,1981.543701171875,0.004369118716567755,0.0,5120
M-10000,Transformer-2L,G:/PAI/outputs/checkpoints/world_model_ib_m10000_transformer2_fair_epoch_004.pt,reference_MPPI,42,889,-220.58297706099935,-197985.79851265348,0.00882519967854023,-0.002631504088640213,0.006926344707608223,False,0.026116000022739172,470.73931884765625,0.9194127321243286,1874.5244140625,1984.7333984375,0.005643482320010662,0.0,5120
M-10000,Transformer-2L,G:/PAI/outputs/checkpoints/world_model_ib_m10000_transformer2_fair_epoch_004.pt,reference_MPPI,42,890,-249.3682611413642,-198235.16677379483,0.006478479132056236,-0.002922900253906846,0.0016399291343986988,False,0.025899200001731515,476.1105651855469,0.9299034476280212,1901.3095703125,1983.797607421875,0.004298230167478323,0.0,5120
M-10000,Transformer-2L,G:/PAI/outputs/checkpoints/world_model_ib_m10000_transformer2_fair_epoch_004.pt,reference_MPPI,42,891,-232.74002881633407,-198467.90680261116,0.0008839494548738003,0.004120654426515102,-0.001189141534268856,False,0.025356600061058998,477.5262756347656,0.9326685070991516,1916.2242431640625,1999.81884765625,0.004353076219558716,0.0,5120
M-10000,Transformer-2L,G:/PAI/outputs/checkpoints/world_model_ib_m10000_transformer2_fair_epoch_004.pt,reference_MPPI,42,892,-231.36299024182642,-198699.26979285298,-0.0017038211226463318,0.0015059402212500572,0.018677987158298492,False,0.025878199841827154,487.2300720214844,0.9516212344169617,1931.453369140625,1989.21630859375,0.0033897848334163427,0.0,5120
M-10000,Transformer-2L,G:/PAI/outputs/checkpoints/world_model_ib_m10000_transformer2_fair_epoch_004.pt,reference_MPPI,42,893,-222.4923410941185,-198921.7621339471,-0.002245913725346327,-0.00337211973965168,-0.005510536953806877,False,0.026757200015708804,473.74603271484375,0.9252852201461792,1899.7579345703125,1987.393310546875,0.0045159184373915195,0.0,5120
M-10000,Transformer-2L,G:/PAI/outputs/checkpoints/world_model_ib_m10000_transformer2_fair_epoch_004.pt,reference_MPPI,42,894,-223.3971045888547,-199145.15923853597,-0.006043820641934872,-0.0010696875397115946,-0.01187971793115139,False,0.025459100026637316,474.3325500488281,0.9264307618141174,1903.489501953125,1985.709716796875,0.004280867055058479,0.0,5120
M-10000,Transformer-2L,G:/PAI/outputs/checkpoints/world_model_ib_m10000_transformer2_fair_epoch_004.pt,reference_MPPI,42,895,-236.62750653730268,-199381.78674507327,0.01317567378282547,-0.0021784715354442596,-0.0025786515325307846,False,0.027366199996322393,454.06866455078125,0.8868528604507446,1898.0677490234375,1991.434326171875,0.004676233511418104,0.0,5120
M-10000,Transformer-2L,G:/PAI/outputs/checkpoints/world_model_ib_m10000_transformer2_fair_epoch_004.pt,reference_MPPI,42,896,-242.4835162453469,-199624.27026131863,0.00802084431052208,-0.0016383007168769836,-0.003372037783265114,False,0.026905500097200274,469.1200256347656,0.9162500500679016,1904.5322265625,1997.272705078125,0.004722831770777702,0.0,5120
M-10000,Transformer-2L,G:/PAI/outputs/checkpoints/world_model_ib_m10000_transformer2_fair_epoch_004.pt,reference_MPPI,42,897,-225.2019629596415,-199849.47222427826,0.0061468156054615974,-0.006786314770579338,0.0018334221094846725,False,0.02705119992606342,479.15618896484375,0.9358519315719604,1924.576416015625,1999.5458984375,0.004000373650342226,0.0,5120
M-10000,Transformer-2L,G:/PAI/outputs/checkpoints/world_model_ib_m10000_transformer2_fair_epoch_004.pt,reference_MPPI,42,898,-243.91398543683033,-200093.3862097151,0.014799308031797409,-0.004037842154502869,0.005514129996299744,False,0.025966999819502234,479.4585266113281,0.9364424347877502,1906.6427001953125,1989.474365234375,0.004329243209213018,0.0,5120
M-10000,Transformer-2L,G:/PAI/outputs/checkpoints/world_model_ib_m10000_transformer2_fair_epoch_004.pt,reference_MPPI,42,899,-262.6488043725201,-200356.03501408763,0.004703749902546406,0.01873268000781536,-0.0020891670137643814,False,0.026115200016647577,479.2471923828125,0.9360296726226807,1903.7137451171875,1997.7626953125,0.00483931927010417,0.0,5120
M-10000,Transformer-2L,G:/PAI/outputs/checkpoints/world_model_ib_m10000_transformer2_fair_epoch_004.pt,reference_MPPI,42,900,-231.68779005766976,-200587.7228041453,-0.0026791009586304426,-0.0070950426161289215,-0.0012261380907148123,False,0.02570419991388917,479.26397705078125,0.9360624551773071,1913.06640625,1999.598388671875,0.004493254702538252,0.0,5120
M-10000,Transformer-2L,G:/PAI/outputs/checkpoints/world_model_ib_m10000_transformer2_fair_epoch_004.pt,reference_MPPI,42,901,-228.2754333489193,-200815.99823749423,-0.0012995991855859756,-0.0006937081925570965,-0.008668662048876286,False,0.026616999879479408,482.6545715332031,0.9426847100257874,1915.5711669921875,1987.5850830078125,0.0038942459505051374,0.0,5120
M-10000,Transformer-2L,G:/PAI/outputs/checkpoints/world_model_ib_m10000_transformer2_fair_epoch_004.pt,reference_MPPI,42,902,-222.0285398590392,-201038.02677735328,0.004509844817221165,-0.00493351835757494,-0.00020384928211569786,False,0.026482900138944387,479.4523010253906,0.9364302754402161,1903.26513671875,1993.43310546875,0.004661999177187681,0.0,5120
M-10000,Transformer-2L,G:/PAI/outputs/checkpoints/world_model_ib_m10000_transformer2_fair_epoch_004.pt,reference_MPPI,42,903,-223.62183399589964,-201261.64861134917,0.0007330244407057762,0.005271197762340307,0.0005158809944987297,False,0.026113299885764718,480.3304748535156,0.9381454586982727,1908.7742919921875,1987.3814697265625,0.004153660032898188,0.0,5120
M-10000,Transformer-2L,G:/PAI/outputs/checkpoints/world_model_ib_m10000_transformer2_fair_epoch_004.pt,reference_MPPI,42,904,-224.3118174067391,-201485.9604287559,0.007624989375472069,-0.013351203873753548,-0.0038035064935684204,False,0.02617099997587502,488.8321533203125,0.9547502994537354,1932.36865234375,1997.946533203125,0.0036772973835468292,0.0,5120
M-10000,Transformer-2L,G:/PAI/outputs/checkpoints/world_model_ib_m10000_transformer2_fair_epoch_004.pt,reference_MPPI,42,905,-220.29715455548643,-201706.25758331138,0.005218020640313625,-0.005968022625893354,0.0075408415868878365,False,0.026522000087425113,478.4033203125,0.9343814849853516,1911.3839111328125,1999.015869140625,0.004536647815257311,0.0,5120
M-10000,Transformer-2L,G:/PAI/outputs/checkpoints/world_model_ib_m10000_transformer2_fair_epoch_004.pt,reference_MPPI,42,906,-242.93122062643386,-201949.1888039378,0.0029775542207062244,0.0001738241408020258,0.004052499309182167,False,0.026125800097361207,483.9464111328125,0.9452078342437744,1931.0213623046875,1993.061767578125,0.003529985435307026,0.0,5120
M-10000,Transformer-2L,G:/PAI/outputs/checkpoints/world_model_ib_m10000_transformer2_fair_epoch_004.pt,reference_MPPI,42,907,-224.1517460573515,-202173.34054999516,0.01921495608985424,-0.0024087983183562756,0.003100203350186348,False,0.025690600043162704,472.2274169921875,0.9223191738128662,1933.2283935546875,2004.8636474609375,0.0038378152530640364,0.0,5120
M-10000,Transformer-2L,G:/PAI/outputs/checkpoints/world_model_ib_m10000_transformer2_fair_epoch_004.pt,reference_MPPI,42,908,-234.22247655309627,-202407.56302654825,0.00723449420183897,-0.009615672752261162,-0.0009986618533730507,False,0.02699299994856119,471.64654541015625,0.9211846590042114,1907.122802734375,1996.683349609375,0.0045940326526761055,0.0,5120
M-10000,Transformer-2L,G:/PAI/outputs/checkpoints/world_model_ib_m10000_transformer2_fair_epoch_004.pt,reference_MPPI,42,909,-217.1653718219107,-202624.72839837015,-0.00035770819522440434,-0.00010034814476966858,0.0006132666021585464,False,0.025626299902796745,467.89947509765625,0.9138661623001099,1916.495849609375,2007.7529296875,0.004645852837711573,0.0,5120
M-10000,Transformer-2L,G:/PAI/outputs/checkpoints/world_model_ib_m10000_transformer2_fair_epoch_004.pt,reference_MPPI,42,910,-226.75074901309443,-202851.47914738324,0.004108315333724022,-0.004812819883227348,-0.00859912671148777,False,0.02584929997101426,474.89105224609375,0.9275215864181519,1917.6328125,1997.4482421875,0.004182614851742983,0.0,5120
M-10000,Transformer-2L,G:/PAI/outputs/checkpoints/world_model_ib_m10000_transformer2_fair_epoch_004.pt,reference_MPPI,42,911,-229.82140151701,-203081.30054890027,7.641501724720001e-05,0.0016120756044983864,0.00210561603307724,False,0.026543699903413653,480.3492431640625,0.9381821155548096,1939.0,2007.1796875,0.003735447069630027,0.0,5120
M-10000,Transformer-2L,G:/PAI/outputs/checkpoints/world_model_ib_m10000_transformer2_fair_epoch_004.pt,reference_MPPI,42,912,-226.76029702114852,-203308.06084592143,0.0019338792189955711,0.009344600141048431,-0.013645194470882416,False,0.02606589999049902,480.40802001953125,0.938296914100647,1926.916015625,2008.904541015625,0.004298883490264416,0.0,5120
M-10000,Transformer-2L,G:/PAI/outputs/checkpoints/world_model_ib_m10000_transformer2_fair_epoch_004.pt,reference_MPPI,42,913,-228.81135591458064,-203536.872201836,0.0002909870818257332,-0.00463064294308424,-0.007867385633289814,False,0.025019700173288584,468.5679931640625,0.9151718616485596,1921.37890625,2008.2530517578125,0.004450385924428701,0.0,5120
M-10000,Transformer-2L,G:/PAI/outputs/checkpoints/world_model_ib_m10000_transformer2_fair_epoch_004.pt,reference_MPPI,42,914,-243.31209927957775,-203780.18430111557,-0.000522419810295105,0.005667711608111858,0.00012863287702202797,False,0.025509700179100037,478.7289123535156,0.9350174069404602,1943.256103515625,2012.84912109375,0.0037853217218071222,0.0,5120
M-10000,Transformer-2L,G:/PAI/outputs/checkpoints/world_model_ib_m10000_transformer2_fair_epoch_004.pt,reference_MPPI,42,915,-237.25636238866383,-204017.44066350424,0.02369898557662964,-0.0013408968225121498,-0.006627519614994526,False,0.025433999951928854,473.8330383300781,0.9254551529884338,1939.7125244140625,2014.127685546875,0.00395230995491147,0.0,5120
M-10000,Transformer-2L,G:/PAI/outputs/checkpoints/world_model_ib_m10000_transformer2_fair_epoch_004.pt,reference_MPPI,42,916,-248.01442438688667,-204265.45508789114,0.009156305342912674,-0.003382244147360325,0.010186764411628246,False,0.026000100187957287,478.19830322265625,0.9339810609817505,1942.807861328125,2014.267578125,0.003856031456962228,0.0,5120
M-10000,Transformer-2L,G:/PAI/outputs/checkpoints/world_model_ib_m10000_transformer2_fair_epoch_004.pt,reference_MPPI,42,917,-220.025925436626,-204485.48101332778,0.01405676081776619,-0.006747690960764885,-0.007537646219134331,False,0.02613699994981289,481.5066833496094,0.9404427409172058,1947.598388671875,2022.723876953125,0.0040126400999724865,0.0,5120
M-10000,Transformer-2L,G:/PAI/outputs/checkpoints/world_model_ib_m10000_transformer2_fair_epoch_004.pt,reference_MPPI,42,918,-234.06996929245935,-204719.55098262025,0.0054087527096271515,-0.007912946864962578,0.008324295282363892,False,0.025915300007909536,466.8358459472656,0.9117887616157532,1907.0576171875,2003.417724609375,0.004888967145234346,0.0,5120
M-10000,Transformer-2L,G:/PAI/outputs/checkpoints/world_model_ib_m10000_transformer2_fair_epoch_004.pt,reference_MPPI,42,919,-227.3442796345289,-204946.89526225478,0.01592947356402874,-0.004705627448856831,0.003911877982318401,False,0.026634300127625465,486.5075378417969,0.9502100348472595,1943.774169921875,2003.4205322265625,0.003455993253737688,0.0,5120
M-10000,Transformer-2L,G:/PAI/outputs/checkpoints/world_model_ib_m10000_transformer2_fair_epoch_004.pt,reference_MPPI,42,920,-241.2203067666826,-205188.11556902147,0.010680891573429108,-0.01031329482793808,0.005805308930575848,False,0.026506799971684813,487.6050109863281,0.9523535370826721,1935.2618408203125,2001.93017578125,0.003711255034431815,0.0,5120
M-10000,Transformer-2L,G:/PAI/outputs/checkpoints/world_model_ib_m10000_transformer2_fair_epoch_004.pt,reference_MPPI,42,921,-225.35213737695722,-205413.46770639843,0.013494132086634636,-0.006150048226118088,-0.001178927719593048,False,0.026006200117990375,459.7665100097656,0.8979814648628235,1894.750244140625,1999.0697021484375,0.005265079904347658,0.0,5120
M-10000,Transformer-2L,G:/PAI/outputs/checkpoints/world_model_ib_m10000_transformer2_fair_epoch_004.pt,reference_MPPI,42,922,-225.52371227638614,-205638.99141867482,-0.002814655192196369,-0.0007468173280358315,-0.002205111086368561,False,0.026003100210800767,483.63226318359375,0.9445942640304565,1925.2952880859375,2000.3179931640625,0.0040188985876739025,0.0,5120
M-10000,Transformer-2L,G:/PAI/outputs/checkpoints/world_model_ib_m10000_transformer2_fair_epoch_004.pt,reference_MPPI,42,923,-224.40273800348848,-205863.39415667832,0.0029863566160202026,0.0022150506265461445,0.0033436212688684464,False,0.02634770004078746,490.64031982421875,0.9582818746566772,1940.2904052734375,1995.1142578125,0.0033066885080188513,0.0,5120
M-10000,Transformer-2L,G:/PAI/outputs/checkpoints/world_model_ib_m10000_transformer2_fair_epoch_004.pt,reference_MPPI,42,924,-232.44749599889377,-206095.84165267722,0.005215868819504976,0.007365954574197531,0.0065656909719109535,False,0.02605229988694191,465.596435546875,0.9093680381774902,1889.77490234375,1992.34912109375,0.005196254234761,0.0,5120
M-10000,Transformer-2L,G:/PAI/outputs/checkpoints/world_model_ib_m10000_transformer2_fair_epoch_004.pt,reference_MPPI,42,925,-228.2438086106588,-206324.08546128788,-0.0018040798604488373,0.001973595004528761,-0.006780143827199936,False,0.02580510010011494,481.69049072265625,0.940801739692688,1931.5908203125,2001.3585205078125,0.0038006857503205538,0.0,5120
M-10000,Transformer-2L,G:/PAI/outputs/checkpoints/world_model_ib_m10000_transformer2_fair_epoch_004.pt,reference_MPPI,42,926,-226.9469513050209,-206551.0324125929,0.0018730387091636658,0.008007642813026905,0.0015182476490736008,False,0.025868400000035763,475.8674011230469,0.9294285178184509,1924.99072265625,2001.1510009765625,0.004032436292618513,0.0,5120
M-10000,Transformer-2L,G:/PAI/outputs/checkpoints/world_model_ib_m10000_transformer2_fair_epoch_004.pt,reference_MPPI,42,927,-219.35574967248576,-206770.3881622654,-0.0014340197667479515,0.0006910641677677631,0.0044473581947386265,False,0.026490499963983893,490.6719970703125,0.9583437442779541,1938.36279296875,1995.63671875,0.003388626966625452,0.0,5120
M-10000,Transformer-2L,G:/PAI/outputs/checkpoints/world_model_ib_m10000_transformer2_fair_epoch_004.pt,reference_MPPI,42,928,-220.5153718810468,-206990.90353414643,-0.007678329013288021,-0.008821733295917511,-0.012276102788746357,False,0.02593840006738901,470.5335998535156,0.9190109372138977,1903.591552734375,1988.955078125,0.004385476000607014,0.0,5120
M-10000,Transformer-2L,G:/PAI/outputs/checkpoints/world_model_ib_m10000_transformer2_fair_epoch_004.pt,reference_MPPI,42,929,-235.72082435453493,-207226.62435850097,0.004589681513607502,0.0029895766638219357,-0.0035437047481536865,False,0.026423599803820252,481.9909362792969,0.9413885474205017,1909.07177734375,1991.757080078125,0.00433645024895668,0.0,5120
M-10000,Transformer-2L,G:/PAI/outputs/checkpoints/world_model_ib_m10000_transformer2_fair_epoch_004.pt,reference_MPPI,42,930,-243.60177635162586,-207470.2261348526,0.01665649190545082,0.0007642759010195732,-0.002166950609534979,False,0.026832399889826775,473.5896301269531,0.9249797463417053,1929.825927734375,2004.6600341796875,0.0039659300819039345,0.0,5120
M-10000,Transformer-2L,G:/PAI/outputs/checkpoints/world_model_ib_m10000_transformer2_fair_epoch_004.pt,reference_MPPI,42,931,-245.68273825603123,-207715.90887310862,0.0030226693488657475,-0.005105647258460522,-0.004991516936570406,False,0.02626600000075996,484.8569030761719,0.9469861388206482,1928.5711669921875,2003.56640625,0.004024520516395569,0.0,5120
M-10000,Transformer-2L,G:/PAI/outputs/checkpoints/world_model_ib_m10000_transformer2_fair_epoch_004.pt,reference_MPPI,42,932,-244.50631978515233,-207960.41519289376,0.01087692379951477,0.006318423431366682,-0.0002685082145035267,False,0.026184999849647284,480.3327331542969,0.9381498694419861,1931.6644287109375,2006.081298828125,0.003978399094194174,0.0,5120
M-10000,Transformer-2L,G:/PAI/outputs/checkpoints/world_model_ib_m10000_transformer2_fair_epoch_004.pt,reference_MPPI,42,933,-232.07881727804775,-208192.49401017182,0.01070307195186615,0.0032221702858805656,0.0019328808411955833,False,0.027165899984538555,483.9791259765625,0.9452717304229736,1939.022216796875,2006.1478271484375,0.0037124643567949533,0.0,5120
M-10000,Transformer-2L,G:/PAI/outputs/checkpoints/world_model_ib_m10000_transformer2_fair_epoch_004.pt,reference_MPPI,42,934,-225.6561488309718,-208418.1501590028,-0.004558127373456955,-0.009331190958619118,0.008819476701319218,False,0.02642079978249967,474.74725341796875,0.9272407293319702,1915.6990966796875,2005.2503662109375,0.004605006892234087,0.0,5120
M-10000,Transformer-2L,G:/PAI/outputs/checkpoints/world_model_ib_m10000_transformer2_fair_epoch_004.pt,reference_MPPI,42,935,-243.82676324788127,-208661.97692225067,0.0054041375406086445,-0.006501457188278437,-0.00054179597645998,False,0.027160400059074163,476.9609375,0.9315643310546875,1925.4971923828125,1997.643310546875,0.0038796793669462204,0.0,5120
M-10000,Transformer-2L,G:/PAI/outputs/checkpoints/world_model_ib_m10000_transformer2_fair_epoch_004.pt,reference_MPPI,42,936,-224.8318867919298,-208886.80880904262,0.016835922375321388,-0.0012691682204604149,0.0069488538429141045,False,0.0269019000697881,477.085205078125,0.9318070411682129,1910.6246337890625,2000.54345703125,0.004644256085157394,0.0,5120
M-10000,Transformer-2L,G:/PAI/outputs/checkpoints/world_model_ib_m10000_transformer2_fair_epoch_004.pt,reference_MPPI,42,937,-235.59056539885324,-209122.39937444148,0.002275780774652958,0.002661219798028469,0.008433982729911804,False,0.026436900021508336,481.4469299316406,0.9403260350227356,1904.284423828125,1984.635986328125,0.0042295902967453,0.0,5120
M-10000,Transformer-2L,G:/PAI/outputs/checkpoints/world_model_ib_m10000_transformer2_fair_epoch_004.pt,reference_MPPI,42,938,-228.90484207419203,-209351.30421651568,0.005240275524556637,-0.0023890980519354343,-0.006545434705913067,False,0.026823800057172775,465.8757629394531,0.9099135994911194,1898.53564453125,1996.9749755859375,0.004987777676433325,0.0,5120
M-10000,Transformer-2L,G:/PAI/outputs/checkpoints/world_model_ib_m10000_transformer2_fair_epoch_004.pt,reference_MPPI,42,939,-224.87515290220313,-209576.1793694179,0.0016033854335546494,-0.0072625307366251945,0.003066437318921089,False,0.027152500115334988,475.8101806640625,0.9293167591094971,1908.4483642578125,2002.361572265625,0.004819842055439949,0.0,5120
M-10000,Transformer-2L,G:/PAI/outputs/checkpoints/world_model_ib_m10000_transformer2_fair_epoch_004.pt,reference_MPPI,42,940,-220.13382690528792,-209796.31319632317,0.002739928662776947,-0.008685342967510223,0.008915265090763569,False,0.02554719988256693,480.28729248046875,0.9380611181259155,1924.7081298828125,1995.6845703125,0.0038487359415739775,0.0,5120
M-10000,Transformer-2L,G:/PAI/outputs/checkpoints/world_model_ib_m10000_transformer2_fair_epoch_004.pt,reference_MPPI,42,941,-239.13791170457284,-210035.45110802774,0.015149019658565521,-0.008798794820904732,0.0032785842195153236,False,0.027063800022006035,473.2529296875,0.9243221282958984,1915.8065185546875,1992.4189453125,0.004041178151965141,0.0,5120
M-10000,Transformer-2L,G:/PAI/outputs/checkpoints/world_model_ib_m10000_transformer2_fair_epoch_004.pt,reference_MPPI,42,942,-230.5128708958695,-210265.96397892362,-0.00734443124383688,0.005968113895505667,0.002438079100102186,False,0.02652369998395443,460.3750915527344,0.8991701006889343,1881.5948486328125,1998.734619140625,0.00599064351990819,0.0,5120
M-10000,Transformer-2L,G:/PAI/outputs/checkpoints/world_model_ib_m10000_transformer2_fair_epoch_004.pt,reference_MPPI,42,943,-236.85805735044755,-210502.82203627407,0.005798073951154947,-0.002401567529886961,0.0037389560602605343,False,0.026076999958604574,486.63623046875,0.9504613876342773,1932.9654541015625,1994.269775390625,0.003513468662276864,0.0,5120
M-10000,Transformer-2L,G:/PAI/outputs/checkpoints/world_model_ib_m10000_transformer2_fair_epoch_004.pt,reference_MPPI,42,944,-233.28767107459714,-210736.10970734866,0.0027438090182840824,-0.0015873871743679047,0.010418522171676159,False,0.026140099857002497,468.89849853515625,0.915817379951477,1930.69873046875,2001.767578125,0.0038002885412424803,0.0,5120
M-10000,Transformer-2L,G:/PAI/outputs/checkpoints/world_model_ib_m10000_transformer2_fair_epoch_004.pt,reference_MPPI,42,945,-241.13233440897378,-210977.24204175762,-0.001396087696775794,0.0034836139529943466,0.0068967631086707115,False,0.025480999844148755,480.9605712890625,0.9393761157989502,1925.2147216796875,2001.3365478515625,0.004053013399243355,0.0,5120
M-10000,Transformer-2L,G:/PAI/outputs/checkpoints/world_model_ib_m10000_transformer2_fair_epoch_004.pt,reference_MPPI,42,946,-218.98233745724608,-211196.22437921487,0.0033281731884926558,0.0027718255296349525,0.0018292819149792194,False,0.0251891000661999,477.6133117675781,0.932838499546051,1923.1221923828125,2011.74853515625,0.004579318221658468,0.0,5120
M-10000,Transformer-2L,G:/PAI/outputs/checkpoints/world_model_ib_m10000_transformer2_fair_epoch_004.pt,reference_MPPI,42,947,-223.41286854992092,-211419.6372477648,0.0007891978602856398,-0.0007504969835281372,-0.0011570826172828674,False,0.025376199977472425,465.8646240234375,0.9098918437957764,1887.109375,1988.60400390625,0.005139719229191542,0.0,5120
M-10000,Transformer-2L,G:/PAI/outputs/checkpoints/world_model_ib_m10000_transformer2_fair_epoch_004.pt,reference_MPPI,42,948,-233.0927178005805,-211652.72996556538,0.002578078769147396,-0.005477026104927063,-0.015019912272691727,False,0.025658899918198586,472.4808654785156,0.9228141903877258,1915.53857421875,1995.0396728515625,0.004147049505263567,0.0,5120
M-10000,Transformer-2L,G:/PAI/outputs/checkpoints/world_model_ib_m10000_transformer2_fair_epoch_004.pt,reference_MPPI,42,949,-229.63022371606326,-211882.36018928143,-0.003550010733306408,-0.015737956389784813,0.006661474704742432,False,0.024619000032544136,484.16949462890625,0.9456435441970825,1911.7225341796875,1991.35595703125,0.0042125931940972805,0.0,5120
M-10000,Transformer-2L,G:/PAI/outputs/checkpoints/world_model_ib_m10000_transformer2_fair_epoch_004.pt,reference_MPPI,42,950,-228.34527145139361,-212110.70546073283,0.012294284068048,-0.006381092593073845,0.0008481270633637905,False,0.024811299983412027,482.057373046875,0.9415183067321777,1929.781982421875,1997.4345703125,0.0037269003223627806,0.0,5120
M-10000,Transformer-2L,G:/PAI/outputs/checkpoints/world_model_ib_m10000_transformer2_fair_epoch_004.pt,reference_MPPI,42,951,-216.99364533446973,-212327.6991060673,0.017446506768465042,-0.0009028874337673187,-0.0014657219871878624,False,0.027444100007414818,483.15472412109375,0.9436615705490112,1919.4669189453125,1993.986572265625,0.0039955005049705505,0.0,5120
M-10000,Transformer-2L,G:/PAI/outputs/checkpoints/world_model_ib_m10000_transformer2_fair_epoch_004.pt,reference_MPPI,42,952,-228.57653954281477,-212556.27564561012,-0.0036639519967138767,0.0073748985305428505,0.0040576159954071045,False,0.026695000007748604,475.9483337402344,0.9295865893363953,1913.50048828125,1993.74072265625,0.004195402842015028,0.0,5120
M-10000,Transformer-2L,G:/PAI/outputs/checkpoints/world_model_ib_m10000_transformer2_fair_epoch_004.pt,reference_MPPI,42,953,-218.11773170970588,-212774.39337731982,0.0024390090256929398,-0.0018704645335674286,0.00179586885496974,False,0.02610859996639192,482.91705322265625,0.9431973695755005,1920.538818359375,2002.5499267578125,0.0043086037039756775,0.0,5120
M-10000,Transformer-2L,G:/PAI/outputs/checkpoints/world_model_ib_m10000_transformer2_fair_epoch_004.pt,reference_MPPI,42,954,-224.73870091806754,-212999.1320782379,0.002937403740361333,-0.009150425903499126,-0.0038557755760848522,False,0.028714000014588237,486.995849609375,0.9511637687683105,1940.7261962890625,1999.8800048828125,0.0034402573946863413,0.0,5120
M-10000,Transformer-2L,G:/PAI/outputs/checkpoints/world_model_ib_m10000_transformer2_fair_epoch_004.pt,reference_MPPI,42,955,-230.83641549614413,-213229.96849373402,0.0009124940261244774,-0.00023829098790884018,0.0030328528955578804,False,0.026938300114125013,485.50146484375,0.9482450485229492,1943.26318359375,2008.6395263671875,0.003653672756627202,0.0,5120
M-10000,Transformer-2L,G:/PAI/outputs/checkpoints/world_model_ib_m10000_transformer2_fair_epoch_004.pt,reference_MPPI,42,956,-221.6844405425445,-213451.65293427656,0.0007499111816287041,0.0042808386497199535,-0.018520552664995193,False,0.026312400121241808,469.148193359375,0.9163050651550293,1914.864013671875,2002.2945556640625,0.004476469941437244,0.0,5120
M-10000,Transformer-2L,G:/PAI/outputs/checkpoints/world_model_ib_m10000_transformer2_fair_epoch_004.pt,reference_MPPI,42,957,-225.78119160663755,-213677.43412588318,-0.0026352705899626017,-0.005253600887954235,-0.001506999135017395,False,0.02735810005106032,476.87359619140625,0.9313937425613403,1929.162353515625,2008.944580078125,0.004185626283288002,0.0,5120
M-10000,Transformer-2L,G:/PAI/outputs/checkpoints/world_model_ib_m10000_transformer2_fair_epoch_004.pt,reference_MPPI,42,958,-216.76550037884232,-213894.19962626204,0.0005483957938849926,-0.0035686539486050606,0.004764800891280174,False,0.027219200041145086,481.5841979980469,0.9405941367149353,1921.311767578125,2002.985595703125,0.004286359064280987,0.0,5120
M-10000,Transformer-2L,G:/PAI/outputs/checkpoints/world_model_ib_m10000_transformer2_fair_epoch_004.pt,reference_MPPI,42,959,-241.22885474113116,-214135.42848100318,0.002412177389487624,0.0019966550171375275,-0.0029742647893726826,False,0.026683199917897582,461.33453369140625,0.9010440111160278,1908.668212890625,1995.92138671875,0.004435876850038767,0.0,5120
M-10000,Transformer-2L,G:/PAI/outputs/checkpoints/world_model_ib_m10000_transformer2_fair_epoch_004.pt,reference_MPPI,42,960,-227.57188865379192,-214363.00036965698,-0.0012511932291090488,-1.8164515495300293e-05,-0.01252022199332714,False,0.027503000106662512,485.451904296875,0.948148250579834,1928.0458984375,2007.8016357421875,0.004222493153065443,0.0,5120
M-10000,Transformer-2L,G:/PAI/outputs/checkpoints/world_model_ib_m10000_transformer2_fair_epoch_004.pt,reference_MPPI,42,961,-234.58843822639696,-214597.58880788338,0.004506481345742941,0.0019720103591680527,0.0031132479198276997,False,0.026203100103884935,479.2889099121094,0.9361111521720886,1925.004638671875,2001.715087890625,0.004070016089826822,0.0,5120
M-10000,Transformer-2L,G:/PAI/outputs/checkpoints/world_model_ib_m10000_transformer2_fair_epoch_004.pt,reference_MPPI,42,962,-234.16585576971914,-214831.7546636531,0.001014496199786663,-0.00351637601852417,0.004282146692276001,False,0.026881600031629205,470.8303527832031,0.9195905327796936,1899.385498046875,1998.7559814453125,0.005051082000136375,0.0,5120
M-10000,Transformer-2L,G:/PAI/outputs/checkpoints/world_model_ib_m10000_transformer2_fair_epoch_004.pt,reference_MPPI,42,963,-216.97063657533255,-215048.72530022843,-0.007301776669919491,-0.007183898240327835,0.013989612460136414,False,0.026516899932175875,477.671142578125,0.9329514503479004,1922.1519775390625,2001.838134765625,0.00418461300432682,0.0,5120
M-10000,Transformer-2L,G:/PAI/outputs/checkpoints/world_model_ib_m10000_transformer2_fair_epoch_004.pt,reference_MPPI,42,964,-228.55194568791165,-215277.27724591634,0.0021206908859312534,0.00371465552598238,0.003064217045903206,False,0.026812300086021423,484.11053466796875,0.9455283880233765,1919.19482421875,1992.9454345703125,0.0039680772460997105,0.0,5120
M-10000,Transformer-2L,G:/PAI/outputs/checkpoints/world_model_ib_m10000_transformer2_fair_epoch_004.pt,reference_MPPI,42,965,-227.57266191675944,-215504.8499078331,0.00254499027505517,-0.005791725590825081,0.0033117705024778843,False,0.02641110005788505,489.0875549316406,0.9552491307258606,1928.386474609375,1990.239501953125,0.003540240228176117,0.0,5120
M-10000,Transformer-2L,G:/PAI/outputs/checkpoints/world_model_ib_m10000_transformer2_fair_epoch_004.pt,reference_MPPI,42,966,-230.16230298830834,-215735.0122108214,0.005792131181806326,0.0034323823638260365,-0.004764636978507042,False,0.02679360006004572,487.0818786621094,0.9513317942619324,1928.7183837890625,1994.0185546875,0.0036585177294909954,0.0,5120
M-10000,Transformer-2L,G:/PAI/outputs/checkpoints/world_model_ib_m10000_transformer2_fair_epoch_004.pt,reference_MPPI,42,967,-217.84469733869196,-215952.85690816012,-0.005545660853385925,0.008300942368805408,0.010511361993849277,False,0.02646269998513162,482.6555480957031,0.9426866173744202,1930.083251953125,1994.5989990234375,0.003612357657402754,0.0,5120
M-10000,Transformer-2L,G:/PAI/outputs/checkpoints/world_model_ib_m10000_transformer2_fair_epoch_004.pt,reference_MPPI,42,968,-234.83581501521232,-216187.69272317534,-0.0023025365080684423,-0.007310992106795311,0.0016560736112296581,False,0.026849200017750263,477.24334716796875,0.932115912437439,1919.0093994140625,1991.4814453125,0.0038905770052224398,0.0,5120
M-10000,Transformer-2L,G:/PAI/outputs/checkpoints/world_model_ib_m10000_transformer2_fair_epoch_004.pt,reference_MPPI,42,969,-217.3722515219713,-216405.0649746973,0.010632915422320366,-0.003739763982594013,0.00012065190821886063,False,0.026466799899935722,490.9844970703125,0.9589540958404541,1914.9893798828125,1981.11083984375,0.0037043760530650616,0.0,5120
M-10000,Transformer-2L,G:/PAI/outputs/checkpoints/world_model_ib_m10000_transformer2_fair_epoch_004.pt,reference_MPPI,42,970,-244.0872950906118,-216649.1522697879,-0.008614297956228256,-0.011863954365253448,0.0004347099456936121,False,0.026169999968260527,476.20703125,0.9300918579101562,1900.6549072265625,1974.03662109375,0.003925633616745472,0.0,5120
M-10000,Transformer-2L,G:/PAI/outputs/checkpoints/world_model_ib_m10000_transformer2_fair_epoch_004.pt,reference_MPPI,42,971,-229.82078672778448,-216878.9730565157,0.008985785767436028,0.011013064533472061,-0.0031125335954129696,False,0.02769300015643239,486.4979553222656,0.9501913189888,1920.31494140625,1992.6856689453125,0.00392681872472167,0.0,5120
M-10000,Transformer-2L,G:/PAI/outputs/checkpoints/world_model_ib_m10000_transformer2_fair_epoch_004.pt,reference_MPPI,42,972,-244.22465318006982,-217123.19770969579,0.012429313734173775,0.007859227247536182,-0.0013305176980793476,False,0.026717300061136484,475.8781433105469,0.9294494986534119,1890.00732421875,1985.0357666015625,0.004871778190135956,0.0,5120
M-10000,Transformer-2L,G:/PAI/outputs/checkpoints/world_model_ib_m10000_transformer2_fair_epoch_004.pt,reference_MPPI,42,973,-232.10638454317944,-217355.30409423896,-0.004936921410262585,-0.007112288847565651,0.006931144744157791,False,0.02721610013395548,479.87860107421875,0.9372628927230835,1908.0391845703125,1986.866455078125,0.004157626535743475,0.0,5120
M-10000,Transformer-2L,G:/PAI/outputs/checkpoints/world_model_ib_m10000_transformer2_fair_epoch_004.pt,reference_MPPI,42,974,-217.99788191162367,-217573.3019761506,0.010837005451321602,-0.0002670940011739731,0.003344309516251087,False,0.026510899886488914,461.5976257324219,0.9015578627586365,1865.6693115234375,1977.89501953125,0.005692122504115105,0.0,5120
M-10000,Transformer-2L,G:/PAI/outputs/checkpoints/world_model_ib_m10000_transformer2_fair_epoch_004.pt,reference_MPPI,42,975,-217.60069659294572,-217790.90267274354,0.004904697183519602,0.008880111388862133,0.0013592541217803955,False,0.026868500048294663,485.5154113769531,0.9482722878456116,1914.9208984375,1980.887939453125,0.003678068518638611,0.0,5120
M-10000,Transformer-2L,G:/PAI/outputs/checkpoints/world_model_ib_m10000_transformer2_fair_epoch_004.pt,reference_MPPI,42,976,-220.7013814149132,-218011.60405415847,0.003194775665178895,0.0008500535041093826,-0.006075256038457155,False,0.02608090010471642,476.8924865722656,0.9314306378364563,1905.86865234375,1975.951171875,0.003797729965299368,0.0,5120
M-10000,Transformer-2L,G:/PAI/outputs/checkpoints/world_model_ib_m10000_transformer2_fair_epoch_004.pt,reference_MPPI,42,977,-215.80188464714598,-218227.4059388056,0.006889442913234234,-0.011210355907678604,-0.0033366018906235695,False,0.027385399909690022,480.8561706542969,0.9391722083091736,1912.61279296875,1984.4078369140625,0.0038796153385192156,0.0,5120
M-10000,Transformer-2L,G:/PAI/outputs/checkpoints/world_model_ib_m10000_transformer2_fair_epoch_004.pt,reference_MPPI,42,978,-229.09058053938844,-218456.496519345,-0.003638549940660596,0.003973053768277168,0.002277650870382786,False,0.026188299991190434,461.3697814941406,0.9011128544807434,1863.8681640625,1974.940673828125,0.005619727540761232,0.0,5120
M-10000,Transformer-2L,G:/PAI/outputs/checkpoints/world_model_ib_m10000_transformer2_fair_epoch_004.pt,reference_MPPI,42,979,-234.12460511151463,-218690.62112445652,0.010565931908786297,0.0007596397772431374,0.011046350002288818,False,0.0271314000710845,481.89715576171875,0.9412053823471069,1913.5809326171875,1996.3172607421875,0.004334430675953627,0.0,5120
M-10000,Transformer-2L,G:/PAI/outputs/checkpoints/world_model_ib_m10000_transformer2_fair_epoch_004.pt,reference_MPPI,42,980,-231.6640789144116,-218922.28520337094,0.0059007517993450165,-0.006093720905482769,0.0038558505475521088,False,0.026781499851495028,493.073974609375,0.9630351066589355,1929.14453125,1988.7435302734375,0.0034784513991326094,0.0,5120
M-10000,Transformer-2L,G:/PAI/outputs/checkpoints/world_model_ib_m10000_transformer2_fair_epoch_004.pt,reference_MPPI,42,981,-244.66588263388945,-219166.95108600482,0.023946110159158707,0.000692030880600214,-0.0032786489464342594,False,0.0272989000659436,483.618408203125,0.9445672035217285,1919.806396484375,1987.837158203125,0.003742709755897522,0.0,5120
M-10000,Transformer-2L,G:/PAI/outputs/checkpoints/world_model_ib_m10000_transformer2_fair_epoch_004.pt,reference_MPPI,42,982,-224.88814157874234,-219391.83922758355,-0.0035198507830500603,-7.722806185483932e-05,0.015992546454072,False,0.026618100004270673,487.805419921875,0.9527449607849121,1928.9888916015625,1996.7557373046875,0.0037537156604230404,0.0,5120
M-10000,Transformer-2L,G:/PAI/outputs/checkpoints/world_model_ib_m10000_transformer2_fair_epoch_004.pt,reference_MPPI,42,983,-218.6202173517056,-219610.45944493526,0.0055099967867136,0.01702387072145939,0.004275728948414326,False,0.02658730000257492,458.84515380859375,0.8961819410324097,1892.9683837890625,1988.872802734375,0.004817980341613293,0.0,5120
M-10000,Transformer-2L,G:/PAI/outputs/checkpoints/world_model_ib_m10000_transformer2_fair_epoch_004.pt,reference_MPPI,42,984,-250.1803946151088,-219860.63983955036,0.00887998566031456,-0.006304215639829636,-0.002889193594455719,False,0.026510100113227963,481.7124938964844,0.940844714641571,1913.11279296875,1985.4140625,0.003897293470799923,0.0,5120
M-10000,Transformer-2L,G:/PAI/outputs/checkpoints/world_model_ib_m10000_transformer2_fair_epoch_004.pt,reference_MPPI,42,985,-231.63476166048986,-220092.27460121084,0.013774944469332695,-0.007325168699026108,0.01040209736675024,False,0.026428400073200464,474.247802734375,0.9262652397155762,1918.4559326171875,1997.71826171875,0.00415083160623908,0.0,5120
M-10000,Transformer-2L,G:/PAI/outputs/checkpoints/world_model_ib_m10000_transformer2_fair_epoch_004.pt,reference_MPPI,42,986,-233.74805329559365,-220326.02265450644,0.005312042310833931,-0.00030110636726021767,0.0006851428188383579,False,0.025740999961271882,478.9703369140625,0.9354889392852783,1916.376953125,1988.3677978515625,0.003879494732245803,0.0,5120
M-10000,Transformer-2L,G:/PAI/outputs/checkpoints/world_model_ib_m10000_transformer2_fair_epoch_004.pt,reference_MPPI,42,987,-221.0143964215037,-220547.03705092793,0.01189120952039957,-0.005382033996284008,-0.0006041359156370163,False,0.025742399971932173,491.0852966308594,0.9591509699821472,1929.363525390625,1989.071044921875,0.003476175246760249,0.0,5120
M-10000,Transformer-2L,G:/PAI/outputs/checkpoints/world_model_ib_m10000_transformer2_fair_epoch_004.pt,reference_MPPI,42,988,-227.0297633238527,-220774.0668142518,0.0023585595190525055,-0.010377177968621254,-0.02093062549829483,False,0.025794300017878413,484.3748474121094,0.9460446238517761,1924.72216796875,1986.61083984375,0.003523224266245961,0.0,5120
M-10000,Transformer-2L,G:/PAI/outputs/checkpoints/world_model_ib_m10000_transformer2_fair_epoch_004.pt,reference_MPPI,42,989,-224.03969012522015,-220998.106504377,0.006922384724020958,0.0002213306725025177,-0.009485992603003979,False,0.025893500074744225,480.95013427734375,0.939355731010437,1916.8173828125,1986.09912109375,0.003783492837101221,0.0,5120
M-10000,Transformer-2L,G:/PAI/outputs/checkpoints/world_model_ib_m10000_transformer2_fair_epoch_004.pt,reference_MPPI,42,990,-237.02985277104978,-221235.13635714806,0.007603824138641357,0.009796814993023872,-0.0025086328387260437,False,0.025218999944627285,474.3110656738281,0.9263888001441956,1904.4102783203125,1988.868896484375,0.004375386983156204,0.0,5120
M-10000,Transformer-2L,G:/PAI/outputs/checkpoints/world_model_ib_m10000_transformer2_fair_epoch_004.pt,reference_MPPI,42,991,-223.64301563037873,-221458.77937277843,0.014839405193924904,0.0074797081761062145,-0.0014799153432250023,False,0.025922799948602915,482.5567321777344,0.9424936175346375,1924.2960205078125,2003.3046875,0.0041825356893241405,0.0,5120
M-10000,Transformer-2L,G:/PAI/outputs/checkpoints/world_model_ib_m10000_transformer2_fair_epoch_004.pt,reference_MPPI,42,992,-235.44638520675596,-221694.22575798517,0.007336657494306564,-0.007366240955889225,0.0006819248665124178,False,0.025482599856331944,479.54083251953125,0.9366031885147095,1923.0006103515625,1995.923828125,0.0039148093201220036,0.0,5120
M-10000,Transformer-2L,G:/PAI/outputs/checkpoints/world_model_ib_m10000_transformer2_fair_epoch_004.pt,reference_MPPI,42,993,-236.5694603104563,-221930.79521829562,0.015191911719739437,0.005338325165212154,0.013218788430094719,False,0.025637600105255842,482.86737060546875,0.9431003332138062,1916.3958740234375,1996.9560546875,0.004246395081281662,0.0,5120
M-10000,Transformer-2L,G:/PAI/outputs/checkpoints/world_model_ib_m10000_transformer2_fair_epoch_004.pt,reference_MPPI,42,994,-227.4428560277955,-222158.23807432342,-0.009765509516000748,0.0033727996051311493,0.007308620028197765,False,0.026476799976080656,492.04351806640625,0.9610224962234497,1929.8995361328125,1996.5511474609375,0.0037290153559297323,0.0,5120
M-10000,Transformer-2L,G:/PAI/outputs/checkpoints/world_model_ib_m10000_transformer2_fair_epoch_004.pt,reference_MPPI,42,995,-236.0395556858719,-222394.2776300093,0.005706039257347584,0.00599677674472332,-0.0055989231914281845,False,0.026395099936053157,477.5940856933594,0.9328009486198425,1907.9373779296875,2001.929931640625,0.004827094729989767,0.0,5120
M-10000,Transformer-2L,G:/PAI/outputs/checkpoints/world_model_ib_m10000_transformer2_fair_epoch_004.pt,reference_MPPI,42,996,-255.00617490184956,-222649.28380491116,-0.0014713611453771591,0.007635865360498428,0.009327268227934837,False,0.025356699945405126,479.5691223144531,0.9366584420204163,1922.122314453125,2002.56982421875,0.004222313407808542,0.0,5120
M-10000,Transformer-2L,G:/PAI/outputs/checkpoints/world_model_ib_m10000_transformer2_fair_epoch_004.pt,reference_MPPI,42,997,-217.27553959147696,-222866.55934450263,0.002295833081007004,0.003113101702183485,-0.0028093631844967604,False,0.026221000123769045,478.2198181152344,0.9340230822563171,1914.120849609375,2000.4652099609375,0.004480657167732716,0.0,5120
M-10000,Transformer-2L,G:/PAI/outputs/checkpoints/world_model_ib_m10000_transformer2_fair_epoch_004.pt,reference_MPPI,42,998,-221.49467367222437,-223088.05401817485,0.0055146957747638226,-0.0024792016483843327,-0.0008470639586448669,False,0.026882599806413054,488.9846496582031,0.955048143863678,1909.206298828125,1978.798828125,0.0038297518622130156,0.0,5120
M-10000,Transformer-2L,G:/PAI/outputs/checkpoints/world_model_ib_m10000_transformer2_fair_epoch_004.pt,reference_MPPI,42,999,-217.05984680493813,-223305.1138649798,0.010906105861067772,0.002270136959850788,-0.0011473556514829397,False,0.025892300065606833,476.947998046875,0.9315390586853027,1903.314697265625,1985.249267578125,0.0042773038148880005,0.0,5120
