policy,seed,step,reward
official_bc,42,1,-194.43047219645035
official_bc,42,2,-203.42711263630875
official_bc,42,3,-210.70291549760339
official_bc,42,4,-246.65995036923906
official_bc,42,5,-196.52961408838792
official_bc,42,6,-253.18186172354555
official_bc,42,7,-263.0017136675544
official_bc,42,8,-178.91832015912024
official_bc,42,9,-169.00725096460516
official_bc,42,10,-203.09145474241333
official_bc,42,11,-267.00558441893236
official_bc,42,12,-163.44355520103153
official_bc,42,13,-228.9573293108091
official_bc,42,14,-293.76502197722033
official_bc,42,15,-277.394573696435
official_bc,42,16,-278.5268627712449
official_bc,42,17,-291.89760883744293
official_bc,42,18,-296.0077109221451
official_bc,42,19,-287.92597488977736
official_bc,42,20,-267.4123587072993
official_bc,42,21,-179.2192487406087
official_bc,42,22,-262.81776156038364
official_bc,42,23,-304.31473849655134
official_bc,42,24,-217.2067038758276
official_bc,42,25,-299.79857581803356
official_bc,42,26,-298.3633704720719
official_bc,42,27,-243.56061371616929
official_bc,42,28,-209.65498308475122
official_bc,42,29,-187.75793946542063
official_bc,42,30,-273.93781759298497
official_bc,42,31,-286.90161504733896
official_bc,42,32,-295.20462477575177
official_bc,42,33,-279.1988145627186
official_bc,42,34,-282.7749466902762
official_bc,42,35,-284.0299661067559
official_bc,42,36,-293.18060515284566
official_bc,42,37,-283.72143122704426
official_bc,42,38,-288.30402479455574
official_bc,42,39,-280.2653460903453
official_bc,42,40,-285.18269892606014
official_bc,42,41,-275.51391621044377
official_bc,42,42,-280.11383102584034
official_bc,42,43,-276.6416716662251
official_bc,42,44,-269.10998289585126
official_bc,42,45,-275.61141890505604
official_bc,42,46,-268.544415520765
official_bc,42,47,-271.89778162246586
official_bc,42,48,-272.2830524834095
official_bc,42,49,-281.4362368544847
official_bc,42,50,-283.2727176134828
official_bc,42,51,-279.43764633230785
official_bc,42,52,-284.48993636875497
official_bc,42,53,-289.38342268414715
official_bc,42,54,-287.65147487099074
official_bc,42,55,-294.18112761403887
official_bc,42,56,-294.23184809481285
official_bc,42,57,-296.37837718222494
official_bc,42,58,-298.8965841332185
official_bc,42,59,-293.82631601995297
official_bc,42,60,-289.22046304617004
official_bc,42,61,-291.45740057451815
official_bc,42,62,-303.33624236339233
official_bc,42,63,-301.2306907764016
official_bc,42,64,-294.7973132609212
official_bc,42,65,-287.6591673849913
official_bc,42,66,-285.9486011275702
official_bc,42,67,-283.68118006376284
official_bc,42,68,-289.1040357424135
official_bc,42,69,-270.6852750442656
official_bc,42,70,-280.14423427361623
official_bc,42,71,-275.8133508833524
official_bc,42,72,-273.5841285370084
official_bc,42,73,-281.28895082409116
official_bc,42,74,-283.60471875686187
official_bc,42,75,-284.35518377284416
official_bc,42,76,-290.02975080231704
official_bc,42,77,-280.6044616803651
official_bc,42,78,-282.5228070262829
official_bc,42,79,-296.9854239662387
official_bc,42,80,-288.4164358262376
official_bc,42,81,-291.5999231018145
official_bc,42,82,-289.2692494752488
official_bc,42,83,-282.57170922298803
official_bc,42,84,-284.9686848739904
official_bc,42,85,-289.18217123134684
official_bc,42,86,-291.4062154798104
official_bc,42,87,-290.8607107331527
official_bc,42,88,-291.99779492818243
official_bc,42,89,-283.7824474707022
official_bc,42,90,-274.5135608297544
official_bc,42,91,-286.37926792720873
official_bc,42,92,-284.98351261330896
official_bc,42,93,-283.2372696443616
official_bc,42,94,-294.64864626396417
official_bc,42,95,-288.8673103023145
official_bc,42,96,-290.1598860296191
official_bc,42,97,-286.92387915552865
official_bc,42,98,-295.4583795884206
official_bc,42,99,-279.8740569689344
official_bc,42,100,-277.8590577820512
official_bc,42,101,-290.1390541235351
official_bc,42,102,-289.42759207855494
official_bc,42,103,-284.32083489510325
official_bc,42,104,-276.48485592605493
official_bc,42,105,-293.40931865391843
official_bc,42,106,-282.11585772088085
official_bc,42,107,-285.4400608872411
official_bc,42,108,-285.3138297534191
official_bc,42,109,-289.5824768777071
official_bc,42,110,-294.9653643624001
official_bc,42,111,-295.15322168025216
official_bc,42,112,-292.44817591705294
official_bc,42,113,-284.8841339087902
official_bc,42,114,-295.8743286483492
official_bc,42,115,-292.85959703366245
official_bc,42,116,-285.1293077962765
official_bc,42,117,-293.56252535394214
official_bc,42,118,-287.72358924936543
official_bc,42,119,-289.68405303787176
official_bc,42,120,-293.6622170960529
official_bc,42,121,-292.85682048993203
official_bc,42,122,-292.085810760138
official_bc,42,123,-294.34242492647655
official_bc,42,124,-286.8178316594803
official_bc,42,125,-290.9416090788345
official_bc,42,126,-291.0256502418207
official_bc,42,127,-288.1280998592875
official_bc,42,128,-287.9509813352721
official_bc,42,129,-288.70442334662806
official_bc,42,130,-287.59982223677855
official_bc,42,131,-292.13519117882413
official_bc,42,132,-292.2634848940491
official_bc,42,133,-284.5771714208855
official_bc,42,134,-295.9716763839474
official_bc,42,135,-291.67284141451
official_bc,42,136,-292.98971600311177
official_bc,42,137,-286.74182735681126
official_bc,42,138,-293.1826072894714
official_bc,42,139,-291.95310735390865
official_bc,42,140,-286.2145283028658
official_bc,42,141,-290.55319792438814
official_bc,42,142,-296.96814116460087
official_bc,42,143,-292.1123986188338
official_bc,42,144,-293.2923399123565
official_bc,42,145,-298.9457307665449
official_bc,42,146,-293.40786582681267
official_bc,42,147,-291.1962740527006
official_bc,42,148,-292.6485260302444
official_bc,42,149,-293.3750135523612
official_bc,42,150,-294.58974680758905
official_bc,42,151,-283.46784360160746
official_bc,42,152,-276.042457252626
official_bc,42,153,-292.2779268791039
official_bc,42,154,-292.88145272977823
official_bc,42,155,-287.7820696527806
official_bc,42,156,-293.909114299855
official_bc,42,157,-291.6001371553014
official_bc,42,158,-288.64403318580355
official_bc,42,159,-291.73441235209043
official_bc,42,160,-294.11956903932435
official_bc,42,161,-281.0567080410716
official_bc,42,162,-295.060599810758
official_bc,42,163,-281.11108398753413
official_bc,42,164,-292.13674958750613
official_bc,42,165,-291.71227338618917
official_bc,42,166,-295.9060743379915
official_bc,42,167,-284.02726371886683
official_bc,42,168,-288.2020866416481
official_bc,42,169,-291.4691638345074
official_bc,42,170,-289.83465069337393
official_bc,42,171,-291.3943217908951
official_bc,42,172,-285.8561007376971
official_bc,42,173,-292.27116338018993
official_bc,42,174,-293.2313144663432
official_bc,42,175,-284.044182719537
official_bc,42,176,-292.2781818504647
official_bc,42,177,-296.0514425581133
official_bc,42,178,-280.4957429560843
official_bc,42,179,-297.62191580030947
official_bc,42,180,-280.6161074882514
official_bc,42,181,-295.7175405351441
official_bc,42,182,-292.7099353057718
official_bc,42,183,-296.7865365079474
official_bc,42,184,-293.7505577675362
official_bc,42,185,-292.9593897199462
official_bc,42,186,-299.88665361015387
official_bc,42,187,-296.5712792505954
official_bc,42,188,-294.6816293725282
official_bc,42,189,-281.23937437790295
official_bc,42,190,-289.4525207046447
official_bc,42,191,-290.0766866920229
official_bc,42,192,-288.9199577654451
official_bc,42,193,-292.3831087395302
official_bc,42,194,-289.75520457412006
official_bc,42,195,-286.57917938059677
official_bc,42,196,-289.0146875789171
official_bc,42,197,-290.7730313406221
official_bc,42,198,-283.31303526478814
official_bc,42,199,-299.52353726695975
official_bc,42,200,-291.67848051287325
official_bc,42,201,-288.2308103727099
official_bc,42,202,-297.0103782450039
official_bc,42,203,-291.7555903407597
official_bc,42,204,-280.21605769729507
official_bc,42,205,-299.151305413527
official_bc,42,206,-289.2520160740826
official_bc,42,207,-284.15153502529074
official_bc,42,208,-280.471834630905
official_bc,42,209,-293.2299340275008
official_bc,42,210,-294.00789625716607
official_bc,42,211,-287.22042496715443
official_bc,42,212,-292.0836325333701
official_bc,42,213,-287.49603707834
official_bc,42,214,-289.77271260438664
official_bc,42,215,-284.43310369704415
official_bc,42,216,-296.8179355067499
official_bc,42,217,-298.3451755095835
official_bc,42,218,-295.993319055023
official_bc,42,219,-287.0363119507496
official_bc,42,220,-290.96947163932936
official_bc,42,221,-293.1045237502661
official_bc,42,222,-285.0365176242758
official_bc,42,223,-293.5539770383754
official_bc,42,224,-280.6833125857947
official_bc,42,225,-285.0588064683827
official_bc,42,226,-288.05379025718264
official_bc,42,227,-290.5494411893177
official_bc,42,228,-290.8641776952053
official_bc,42,229,-293.7202756315155
official_bc,42,230,-298.6218969011428
official_bc,42,231,-292.11064726286264
official_bc,42,232,-291.3604688942095
official_bc,42,233,-295.0190380663774
official_bc,42,234,-296.68264338384665
official_bc,42,235,-280.1600387840239
official_bc,42,236,-286.9212363398132
official_bc,42,237,-289.5849545788282
official_bc,42,238,-288.1612946088552
official_bc,42,239,-293.053746049477
official_bc,42,240,-296.9891868780031
official_bc,42,241,-288.11013363442146
official_bc,42,242,-290.99893614167183
official_bc,42,243,-297.0394602299897
official_bc,42,244,-294.8888726632606
official_bc,42,245,-286.0091686443476
official_bc,42,246,-286.92274943859303
official_bc,42,247,-282.17309728620944
official_bc,42,248,-301.43843013976556
official_bc,42,249,-283.2977315394121
official_bc,42,250,-295.76791877747485
official_bc,42,251,-289.80538295188626
official_bc,42,252,-297.3847924305172
official_bc,42,253,-295.3171357385836
official_bc,42,254,-287.9558560423254
official_bc,42,255,-289.7116842209537
official_bc,42,256,-292.04516848953506
official_bc,42,257,-297.5526991120055
official_bc,42,258,-293.3460311641833
official_bc,42,259,-281.31955851182516
official_bc,42,260,-290.64323013820876
official_bc,42,261,-298.4726388013399
official_bc,42,262,-289.2125483539459
official_bc,42,263,-292.24078843851
official_bc,42,264,-298.15737915592945
official_bc,42,265,-284.4797554248326
official_bc,42,266,-290.69593996745095
official_bc,42,267,-295.30212063230033
official_bc,42,268,-291.10424406388637
official_bc,42,269,-292.5693489217953
official_bc,42,270,-290.87708549876044
official_bc,42,271,-285.28710281700853
official_bc,42,272,-291.30772936217437
official_bc,42,273,-286.8821743830253
official_bc,42,274,-288.33859735582814
official_bc,42,275,-283.46270650284964
official_bc,42,276,-295.4872562129084
official_bc,42,277,-287.168996111453
official_bc,42,278,-292.35165751003336
official_bc,42,279,-293.53752522285976
official_bc,42,280,-290.1935844294916
official_bc,42,281,-286.78516681241035
official_bc,42,282,-288.2769016997223
official_bc,42,283,-282.97702662331994
official_bc,42,284,-291.9561808668121
official_bc,42,285,-291.0102775287891
official_bc,42,286,-293.5249061303288
official_bc,42,287,-290.43107965157725
official_bc,42,288,-290.42134773185563
official_bc,42,289,-292.1443144647912
official_bc,42,290,-295.3425227078121
official_bc,42,291,-292.086064560125
official_bc,42,292,-296.82832664428224
official_bc,42,293,-291.67366562980953
official_bc,42,294,-291.1143108682559
official_bc,42,295,-293.8263991748266
official_bc,42,296,-291.0231582960065
official_bc,42,297,-288.21234171035627
official_bc,42,298,-268.56001932063367
official_bc,42,299,-290.69065594400814
official_bc,42,300,-290.9186660011903
official_bc,42,301,-293.18726427733003
official_bc,42,302,-288.61534809411194
official_bc,42,303,-294.1423105566637
official_bc,42,304,-287.62668962418576
official_bc,42,305,-283.1593687076645
official_bc,42,306,-293.1406861906879
official_bc,42,307,-296.42978745206796
official_bc,42,308,-291.44904927594337
official_bc,42,309,-295.7530483801652
official_bc,42,310,-288.2012802135049
official_bc,42,311,-291.64555497561315
official_bc,42,312,-296.8733358944468
official_bc,42,313,-297.53260561458023
official_bc,42,314,-283.50803688056783
official_bc,42,315,-283.80942919485454
official_bc,42,316,-285.7890387806019
official_bc,42,317,-292.73642049004627
official_bc,42,318,-284.0298117407785
official_bc,42,319,-290.78075942843316
official_bc,42,320,-293.78376824103754
official_bc,42,321,-280.6774778777991
official_bc,42,322,-291.54902615680237
official_bc,42,323,-280.82421924904435
official_bc,42,324,-291.5604577979054
official_bc,42,325,-295.5530227690699
official_bc,42,326,-285.8961001897284
official_bc,42,327,-299.15899369444884
official_bc,42,328,-291.93494307523366
official_bc,42,329,-292.6398954449916
official_bc,42,330,-293.5506395803807
official_bc,42,331,-293.40938492053635
official_bc,42,332,-295.1277174039782
official_bc,42,333,-290.4527917653823
official_bc,42,334,-289.9460985765694
official_bc,42,335,-296.2522097870963
official_bc,42,336,-293.4085314979509
official_bc,42,337,-284.5963942119246
official_bc,42,338,-292.79665174017487
official_bc,42,339,-292.29402152655484
official_bc,42,340,-286.6351476183141
official_bc,42,341,-293.87582824412857
official_bc,42,342,-292.4129034253481
official_bc,42,343,-289.80801265098637
official_bc,42,344,-285.0600402671467
official_bc,42,345,-291.09237903545517
official_bc,42,346,-294.4100359259666
official_bc,42,347,-281.65611661203513
official_bc,42,348,-289.89082907501006
official_bc,42,349,-293.1962972682053
official_bc,42,350,-294.41042121676605
official_bc,42,351,-296.89039243436315
official_bc,42,352,-288.21490904740455
official_bc,42,353,-293.1759998143174
official_bc,42,354,-284.0910696038286
official_bc,42,355,-293.0837068709352
official_bc,42,356,-283.34896376289646
official_bc,42,357,-278.52567089631043
official_bc,42,358,-295.22778407633854
official_bc,42,359,-289.1292228559126
official_bc,42,360,-296.3223394575285
official_bc,42,361,-286.42986489060496
official_bc,42,362,-289.65398838138674
official_bc,42,363,-285.0309303036021
official_bc,42,364,-296.13822689977087
official_bc,42,365,-294.17989793925665
official_bc,42,366,-288.5220038520388
official_bc,42,367,-298.08454204034615
official_bc,42,368,-289.3514719711278
official_bc,42,369,-292.95013833393864
official_bc,42,370,-283.45931977366104
official_bc,42,371,-301.14939047111966
official_bc,42,372,-294.7288033486033
official_bc,42,373,-294.67503943449753
official_bc,42,374,-294.432424722949
official_bc,42,375,-287.8390405061875
official_bc,42,376,-295.74345874753493
official_bc,42,377,-291.2259994834061
official_bc,42,378,-294.5225648551029
official_bc,42,379,-280.5350219192594
official_bc,42,380,-293.60833866787095
official_bc,42,381,-284.382435257231
official_bc,42,382,-284.68238759635443
official_bc,42,383,-293.45440147719785
official_bc,42,384,-289.5448057364084
official_bc,42,385,-285.9959649973587
official_bc,42,386,-284.49354532195946
official_bc,42,387,-294.56514745439074
official_bc,42,388,-291.0484408309495
official_bc,42,389,-280.2001613122735
official_bc,42,390,-294.8167127025319
official_bc,42,391,-296.81996425323814
official_bc,42,392,-295.41099219292545
official_bc,42,393,-297.34363204312626
official_bc,42,394,-296.15377479676647
official_bc,42,395,-295.0763901695177
official_bc,42,396,-283.1141140546466
official_bc,42,397,-297.41672385051527
official_bc,42,398,-285.43724690468747
official_bc,42,399,-292.60779962974146
official_bc,42,400,-279.94713573808474
official_bc,42,401,-291.4780571878099
official_bc,42,402,-293.8946913803951
official_bc,42,403,-289.037975408822
official_bc,42,404,-294.6849783067047
official_bc,42,405,-293.8100512553674
official_bc,42,406,-281.5930923511764
official_bc,42,407,-292.252150449151
official_bc,42,408,-291.4120548124538
official_bc,42,409,-284.64527171863193
official_bc,42,410,-294.2585794861216
official_bc,42,411,-284.4832883671703
official_bc,42,412,-287.75204246306134
official_bc,42,413,-287.1330410580713
official_bc,42,414,-294.25239554296206
official_bc,42,415,-288.24267777438746
official_bc,42,416,-292.2061499057905
official_bc,42,417,-284.5036168793463
official_bc,42,418,-287.599640391932
official_bc,42,419,-280.48864403343464
official_bc,42,420,-278.73731368807023
official_bc,42,421,-291.3858004475828
official_bc,42,422,-294.9776262603842
official_bc,42,423,-287.5388356577563
official_bc,42,424,-297.7819040792375
official_bc,42,425,-288.08627485729136
official_bc,42,426,-294.92376788362515
official_bc,42,427,-294.6662765290331
official_bc,42,428,-298.7853468265548
official_bc,42,429,-292.59837992212067
official_bc,42,430,-289.15260317553765
official_bc,42,431,-280.0140632112858
official_bc,42,432,-299.1932716140513
official_bc,42,433,-294.40012801735895
official_bc,42,434,-293.2171450460059
official_bc,42,435,-296.5832189450141
official_bc,42,436,-292.9511397395893
official_bc,42,437,-294.82443757974363
official_bc,42,438,-287.9931928862996
official_bc,42,439,-288.87455537113715
official_bc,42,440,-268.82496918685683
official_bc,42,441,-297.2281505799832
official_bc,42,442,-287.8508356976614
official_bc,42,443,-288.5896333030519
official_bc,42,444,-288.9776053442895
official_bc,42,445,-294.2824710454323
official_bc,42,446,-300.30079395225664
official_bc,42,447,-294.33137521744806
official_bc,42,448,-286.81864080772743
official_bc,42,449,-283.94941048858766
official_bc,42,450,-295.2902654163018
official_bc,42,451,-289.86412881680246
official_bc,42,452,-294.27670083853945
official_bc,42,453,-294.93309356238024
official_bc,42,454,-294.37047191326496
official_bc,42,455,-288.38567182626383
official_bc,42,456,-290.5766421718348
official_bc,42,457,-291.43741641134056
official_bc,42,458,-292.30273234660484
official_bc,42,459,-292.92061211476425
official_bc,42,460,-291.694832461573
official_bc,42,461,-292.4397716633822
official_bc,42,462,-294.81288378785075
official_bc,42,463,-291.49363351905254
official_bc,42,464,-292.03818210139184
official_bc,42,465,-288.01978610703
official_bc,42,466,-294.63809442210174
official_bc,42,467,-290.08521295946787
official_bc,42,468,-290.2445451320731
official_bc,42,469,-290.7944682948008
official_bc,42,470,-289.69624534203376
official_bc,42,471,-293.01028222354876
official_bc,42,472,-290.3449568571528
official_bc,42,473,-288.76780549452945
official_bc,42,474,-288.2131513036544
official_bc,42,475,-296.33521262033514
official_bc,42,476,-280.02285382553447
official_bc,42,477,-286.69441565162236
official_bc,42,478,-295.4994256481361
official_bc,42,479,-287.6134088442541
official_bc,42,480,-285.5425345812298
official_bc,42,481,-279.4325535288455
official_bc,42,482,-292.16745472600377
official_bc,42,483,-299.142490417596
official_bc,42,484,-286.7416757772615
official_bc,42,485,-292.7631109088676
official_bc,42,486,-292.19320915987805
official_bc,42,487,-296.0920549820537
official_bc,42,488,-297.8499192489029
official_bc,42,489,-292.70027855225567
official_bc,42,490,-288.57618577547345
official_bc,42,491,-292.45959507453233
official_bc,42,492,-283.1836473111918
official_bc,42,493,-290.66269652726794
official_bc,42,494,-291.28528267840454
official_bc,42,495,-285.4485951088996
official_bc,42,496,-290.3038850928661
official_bc,42,497,-282.77358798183883
official_bc,42,498,-295.0241743668049
official_bc,42,499,-287.23184078793196
official_bc,42,500,-286.8050053489783
official_bc,42,501,-281.785268318439
official_bc,42,502,-292.28215043976877
official_bc,42,503,-286.0024953898411
official_bc,42,504,-298.3353099214861
official_bc,42,505,-287.26304201949563
official_bc,42,506,-298.17247548270177
official_bc,42,507,-291.86777486192693
official_bc,42,508,-276.08592597983136
official_bc,42,509,-292.9841068604684
official_bc,42,510,-289.5292583019697
official_bc,42,511,-293.65832579945715
official_bc,42,512,-294.6107410807604
official_bc,42,513,-297.783592045386
official_bc,42,514,-283.5451632754103
official_bc,42,515,-283.87044860058194
official_bc,42,516,-282.8605655994006
official_bc,42,517,-288.8640926015655
official_bc,42,518,-276.76439579191606
official_bc,42,519,-291.36879751991484
official_bc,42,520,-279.37594734742584
official_bc,42,521,-291.1344541438714
official_bc,42,522,-290.2493350836221
official_bc,42,523,-288.68923871432423
official_bc,42,524,-295.37931451186444
official_bc,42,525,-298.9597389811953
official_bc,42,526,-285.2490222997819
official_bc,42,527,-285.1385597659296
official_bc,42,528,-300.52555368264984
official_bc,42,529,-295.04083541594883
official_bc,42,530,-291.29538893410427
official_bc,42,531,-286.53917225471247
official_bc,42,532,-296.8097389920178
official_bc,42,533,-289.23375576406295
official_bc,42,534,-282.04967701444707
official_bc,42,535,-285.5309912536796
official_bc,42,536,-281.391973009013
official_bc,42,537,-287.66126450189074
official_bc,42,538,-284.95238763277257
official_bc,42,539,-289.20380498921037
official_bc,42,540,-295.056433278374
official_bc,42,541,-293.72513289508584
official_bc,42,542,-294.3204325195964
official_bc,42,543,-291.6108106445318
official_bc,42,544,-294.45697901615546
official_bc,42,545,-297.9142767295989
official_bc,42,546,-283.8179020856813
official_bc,42,547,-295.0484468814806
official_bc,42,548,-289.0822625618446
official_bc,42,549,-291.9905007814893
official_bc,42,550,-293.74942076174017
official_bc,42,551,-294.8126344638808
official_bc,42,552,-284.823578481469
official_bc,42,553,-299.0411238044188
official_bc,42,554,-276.94870366446935
official_bc,42,555,-285.6623470142145
official_bc,42,556,-289.2690035438065
official_bc,42,557,-294.0749960838967
official_bc,42,558,-288.40937514735737
official_bc,42,559,-288.25137577457093
official_bc,42,560,-293.87968769504477
official_bc,42,561,-299.953344630655
official_bc,42,562,-292.9520683303689
official_bc,42,563,-292.80694081149545
official_bc,42,564,-290.8618498085691
official_bc,42,565,-298.86298450210154
official_bc,42,566,-293.19864083638436
official_bc,42,567,-287.1889647088201
official_bc,42,568,-281.4110828334287
official_bc,42,569,-280.8970434328608
official_bc,42,570,-285.0866023560351
official_bc,42,571,-293.18185763151195
official_bc,42,572,-290.5959545775469
official_bc,42,573,-289.82629154465576
official_bc,42,574,-293.23698359424924
official_bc,42,575,-286.5552194661491
official_bc,42,576,-290.89195003287495
official_bc,42,577,-286.4973348492962
official_bc,42,578,-295.78176183343805
official_bc,42,579,-297.7686739655555
official_bc,42,580,-293.6950713969617
official_bc,42,581,-292.07561934392027
official_bc,42,582,-297.2050048676479
official_bc,42,583,-290.8183101222039
official_bc,42,584,-287.912019180292
official_bc,42,585,-294.0967774142309
official_bc,42,586,-290.73374930846046
official_bc,42,587,-289.5808079929949
official_bc,42,588,-283.1321976263941
official_bc,42,589,-274.06460425117837
official_bc,42,590,-282.6027653160447
official_bc,42,591,-287.86392851085185
official_bc,42,592,-289.11968298740203
official_bc,42,593,-293.6396090908807
official_bc,42,594,-295.8674967425614
official_bc,42,595,-280.89175155657745
official_bc,42,596,-293.92388407834346
official_bc,42,597,-291.64430084710045
official_bc,42,598,-295.75399918443014
official_bc,42,599,-296.2837796300771
official_bc,42,600,-293.48475185654536
official_bc,42,601,-295.2417658008726
official_bc,42,602,-296.5169542846328
official_bc,42,603,-290.78209868829447
official_bc,42,604,-291.12503999752585
official_bc,42,605,-290.44916355612037
official_bc,42,606,-287.9843163456219
official_bc,42,607,-290.70185839232863
official_bc,42,608,-288.2388979026696
official_bc,42,609,-283.7905362207927
official_bc,42,610,-290.2161067174126
official_bc,42,611,-292.33111628860865
official_bc,42,612,-282.81857564310036
official_bc,42,613,-290.6853853716165
official_bc,42,614,-286.3535829978522
official_bc,42,615,-279.4116619144917
official_bc,42,616,-285.15539415504696
official_bc,42,617,-296.74561672848307
official_bc,42,618,-299.04782842636604
official_bc,42,619,-293.04818719884105
official_bc,42,620,-291.1448366463089
official_bc,42,621,-297.9570592248679
official_bc,42,622,-285.81210527756343
official_bc,42,623,-292.03197550823876
official_bc,42,624,-293.20677946870677
official_bc,42,625,-290.7475256771812
official_bc,42,626,-280.35492308758967
official_bc,42,627,-283.5757063812457
official_bc,42,628,-268.6940688330688
official_bc,42,629,-279.7237465952229
official_bc,42,630,-292.4955925020942
official_bc,42,631,-280.18141996971974
official_bc,42,632,-293.45184457243636
official_bc,42,633,-295.91662562584247
official_bc,42,634,-296.18458413804717
official_bc,42,635,-301.48536420991434
official_bc,42,636,-298.05359197997655
official_bc,42,637,-293.04126238201997
official_bc,42,638,-291.4582299942921
official_bc,42,639,-296.04364737302797
official_bc,42,640,-295.9738289172428
official_bc,42,641,-293.1027614286291
official_bc,42,642,-294.31093232794626
official_bc,42,643,-280.45944398219393
official_bc,42,644,-278.11285460373256
official_bc,42,645,-287.3344876665709
official_bc,42,646,-290.0370341702737
official_bc,42,647,-286.8422939505334
official_bc,42,648,-290.65122279913953
official_bc,42,649,-285.8574685243586
official_bc,42,650,-292.14650478962994
official_bc,42,651,-296.71707865288136
official_bc,42,652,-290.60751511063296
official_bc,42,653,-299.06616614616445
official_bc,42,654,-290.104899550941
official_bc,42,655,-289.1437290449523
official_bc,42,656,-298.84703095432195
official_bc,42,657,-294.2542407911251
official_bc,42,658,-295.5165493741616
official_bc,42,659,-277.61898814564654
official_bc,42,660,-298.4150724583902
official_bc,42,661,-276.90777875639117
official_bc,42,662,-295.5095141742886
official_bc,42,663,-283.9887326003485
official_bc,42,664,-292.641749452351
official_bc,42,665,-292.62535835879805
official_bc,42,666,-282.19251351850033
official_bc,42,667,-295.1087402281317
official_bc,42,668,-294.45216594961283
official_bc,42,669,-291.71447457437966
official_bc,42,670,-292.0054972340245
official_bc,42,671,-297.95764799945863
official_bc,42,672,-292.6219284123101
official_bc,42,673,-292.0894018921107
official_bc,42,674,-287.9421444526975
official_bc,42,675,-296.61775836808937
official_bc,42,676,-287.5376926881959
official_bc,42,677,-289.9296908469549
official_bc,42,678,-287.3631414876636
official_bc,42,679,-290.0889749731963
official_bc,42,680,-289.5971146696563
official_bc,42,681,-290.07545187013574
official_bc,42,682,-283.5548643420469
official_bc,42,683,-290.0396343605438
official_bc,42,684,-295.28161621758665
official_bc,42,685,-284.5750407281794
official_bc,42,686,-284.6741539070278
official_bc,42,687,-297.5803780623762
official_bc,42,688,-289.6952595179981
official_bc,42,689,-277.65390600416356
official_bc,42,690,-291.3222579479868
official_bc,42,691,-297.0262893642929
official_bc,42,692,-292.1323979913507
official_bc,42,693,-272.90528451366845
official_bc,42,694,-291.9687908386557
official_bc,42,695,-301.13520444890116
official_bc,42,696,-289.1699570823177
official_bc,42,697,-280.6096947646952
official_bc,42,698,-294.49370355711017
official_bc,42,699,-288.18773638130335
official_bc,42,700,-291.5062167528823
official_bc,42,701,-294.52183144460435
official_bc,42,702,-290.41526107781
official_bc,42,703,-288.83781367406255
official_bc,42,704,-292.7329288912243
official_bc,42,705,-289.5260418724265
official_bc,42,706,-286.7001182886103
official_bc,42,707,-292.49909964183723
official_bc,42,708,-292.532136310366
official_bc,42,709,-290.6303941770213
official_bc,42,710,-290.08645128548517
official_bc,42,711,-290.53232052563743
official_bc,42,712,-297.29698194184306
official_bc,42,713,-296.6616963110063
official_bc,42,714,-285.5681403709324
official_bc,42,715,-288.1511962643481
official_bc,42,716,-278.84271941484303
official_bc,42,717,-280.7090724562253
official_bc,42,718,-277.26707539952537
official_bc,42,719,-286.7467111267425
official_bc,42,720,-291.0619583565742
official_bc,42,721,-287.0301312276621
official_bc,42,722,-291.0663226613859
official_bc,42,723,-292.2851580116434
official_bc,42,724,-293.62753122412687
official_bc,42,725,-297.2964681558889
official_bc,42,726,-278.66551143453944
official_bc,42,727,-299.3925870837439
official_bc,42,728,-297.8288651408813
official_bc,42,729,-293.93443971470356
official_bc,42,730,-296.3105774761648
official_bc,42,731,-293.7039145389414
official_bc,42,732,-290.8453928383817
official_bc,42,733,-294.40650084024645
official_bc,42,734,-294.34347372969086
official_bc,42,735,-292.93907129929653
official_bc,42,736,-274.10150025350475
official_bc,42,737,-293.3811227546708
official_bc,42,738,-284.30358247746005
official_bc,42,739,-292.84531110034675
official_bc,42,740,-290.86648312736185
official_bc,42,741,-288.4189706110154
official_bc,42,742,-277.1387874947499
official_bc,42,743,-293.82909199836837
official_bc,42,744,-299.57892999282734
official_bc,42,745,-292.003747003962
official_bc,42,746,-291.0239331906284
official_bc,42,747,-291.8605722481019
official_bc,42,748,-290.51953388117636
official_bc,42,749,-287.8766049132721
official_bc,42,750,-292.69705512635426
official_bc,42,751,-292.7711900050862
official_bc,42,752,-288.07899041185584
official_bc,42,753,-295.0977065479188
official_bc,42,754,-291.4473370335204
official_bc,42,755,-289.6696097290296
official_bc,42,756,-290.71692920790235
official_bc,42,757,-288.82268675923115
official_bc,42,758,-292.5804052282368
official_bc,42,759,-299.2430976051286
official_bc,42,760,-284.25741999941
official_bc,42,761,-282.18973602321216
official_bc,42,762,-294.99453381113096
official_bc,42,763,-292.1150560655626
official_bc,42,764,-293.993455468726
official_bc,42,765,-290.88015621583355
official_bc,42,766,-293.9585476923035
official_bc,42,767,-292.58571950920975
official_bc,42,768,-292.7090557971803
official_bc,42,769,-289.0133967712883
official_bc,42,770,-286.9251305151042
official_bc,42,771,-298.763297785442
official_bc,42,772,-293.2921480544346
official_bc,42,773,-282.2813113684998
official_bc,42,774,-288.77020456050917
official_bc,42,775,-279.10088547056364
official_bc,42,776,-292.064876356562
official_bc,42,777,-292.658677156234
official_bc,42,778,-287.0582918194936
official_bc,42,779,-290.24980305791826
official_bc,42,780,-290.7320349702032
official_bc,42,781,-297.97828326179655
official_bc,42,782,-295.8472763964155
official_bc,42,783,-293.8617448706096
official_bc,42,784,-292.0359262672669
official_bc,42,785,-297.63845848597754
official_bc,42,786,-287.15595392150124
official_bc,42,787,-302.2054066932003
official_bc,42,788,-282.2830716362903
official_bc,42,789,-295.4274523892611
official_bc,42,790,-285.6504657946934
official_bc,42,791,-289.1051455205472
official_bc,42,792,-284.77132523697674
official_bc,42,793,-288.01577912225457
official_bc,42,794,-281.5135363908812
official_bc,42,795,-291.1134914025728
official_bc,42,796,-281.05085190435193
official_bc,42,797,-288.7448151324188
official_bc,42,798,-294.4196677209944
official_bc,42,799,-296.3403799024442
official_bc,42,800,-296.14391841895787
official_bc,42,801,-288.99024887345405
official_bc,42,802,-286.48552077092745
official_bc,42,803,-292.33946821970846
official_bc,42,804,-288.7624719589899
official_bc,42,805,-294.37135633389454
official_bc,42,806,-279.715210191928
official_bc,42,807,-298.1090297347971
official_bc,42,808,-295.4353535323019
official_bc,42,809,-296.83717586210844
official_bc,42,810,-293.46758879944827
official_bc,42,811,-284.7884211549825
official_bc,42,812,-278.30924444114544
official_bc,42,813,-288.18754205223314
official_bc,42,814,-287.0711230081445
official_bc,42,815,-282.4475059660369
official_bc,42,816,-291.41556740393395
official_bc,42,817,-290.75325642495375
official_bc,42,818,-288.51014425433476
official_bc,42,819,-295.47908049688596
official_bc,42,820,-293.3003149981948
official_bc,42,821,-284.8281604919114
official_bc,42,822,-284.9223656506124
official_bc,42,823,-290.90185907314356
official_bc,42,824,-293.38032185231083
official_bc,42,825,-286.64143630221963
official_bc,42,826,-289.19191863116333
official_bc,42,827,-290.63282934972216
official_bc,42,828,-281.31021809732187
official_bc,42,829,-293.3802469821443
official_bc,42,830,-293.50730499541345
official_bc,42,831,-293.35395362332974
official_bc,42,832,-285.59220117654377
official_bc,42,833,-292.7958810949197
official_bc,42,834,-294.73980585292304
official_bc,42,835,-279.6424767737797
official_bc,42,836,-291.57604883721615
official_bc,42,837,-290.2847809372534
official_bc,42,838,-296.9305736423606
official_bc,42,839,-286.8076356952965
official_bc,42,840,-292.16989367325783
official_bc,42,841,-296.08064192584885
official_bc,42,842,-291.39288398668873
official_bc,42,843,-280.1113497363833
official_bc,42,844,-295.8092377812411
official_bc,42,845,-285.27085663114696
official_bc,42,846,-295.2489842114234
official_bc,42,847,-301.3473783091107
official_bc,42,848,-288.22529779324975
official_bc,42,849,-286.6847734713794
official_bc,42,850,-293.9870146785167
official_bc,42,851,-292.3509123619389
official_bc,42,852,-290.7978907515926
official_bc,42,853,-291.256202033229
official_bc,42,854,-278.79459571108066
official_bc,42,855,-282.618249698067
official_bc,42,856,-289.4189643751373
official_bc,42,857,-285.4607846824076
official_bc,42,858,-289.73381187131713
official_bc,42,859,-284.27104978249986
official_bc,42,860,-295.4609423028742
official_bc,42,861,-290.39888249889077
official_bc,42,862,-290.26829804122224
official_bc,42,863,-289.8444869773698
official_bc,42,864,-300.2591417805175
official_bc,42,865,-291.8873704728203
official_bc,42,866,-287.80927380071034
official_bc,42,867,-294.8421322659402
official_bc,42,868,-297.1738342337569
official_bc,42,869,-295.7802043312864
official_bc,42,870,-295.35616408424414
official_bc,42,871,-287.9892038615882
official_bc,42,872,-284.9785792783166
official_bc,42,873,-290.1234150431309
official_bc,42,874,-287.5285106473024
official_bc,42,875,-287.0019263732692
official_bc,42,876,-291.81340630668114
official_bc,42,877,-293.4806260534837
official_bc,42,878,-298.1923234798442
official_bc,42,879,-281.4866563537406
official_bc,42,880,-297.32851059147896
official_bc,42,881,-288.96615228222527
official_bc,42,882,-293.4460720454461
official_bc,42,883,-288.2821187813563
official_bc,42,884,-285.77884505775876
official_bc,42,885,-291.1665816519973
official_bc,42,886,-293.57792456292214
official_bc,42,887,-281.85659903380525
official_bc,42,888,-291.70625218453887
official_bc,42,889,-291.4873247242854
official_bc,42,890,-289.5742209164351
official_bc,42,891,-275.26766309496344
official_bc,42,892,-291.11274564920865
official_bc,42,893,-289.2910344029121
official_bc,42,894,-294.52536709075014
official_bc,42,895,-285.71603538286877
official_bc,42,896,-283.3752733375881
official_bc,42,897,-293.2758438742883
official_bc,42,898,-295.0610792147266
official_bc,42,899,-288.7334433719443
official_bc,42,900,-295.44524155928946
official_bc,42,901,-297.498412622914
official_bc,42,902,-297.5038413418016
official_bc,42,903,-293.6184360576615
official_bc,42,904,-286.5537603294563
official_bc,42,905,-285.2367571868917
official_bc,42,906,-292.1783889899204
official_bc,42,907,-290.50554425126376
official_bc,42,908,-284.65310445403503
official_bc,42,909,-286.8263202664118
official_bc,42,910,-293.0982249853876
official_bc,42,911,-285.4526024258506
official_bc,42,912,-292.451198172566
official_bc,42,913,-280.95940460071915
official_bc,42,914,-288.2997086599852
official_bc,42,915,-291.80483462333535
official_bc,42,916,-286.0996265165561
official_bc,42,917,-294.43596942282517
official_bc,42,918,-281.72909551037526
official_bc,42,919,-291.06897749641814
official_bc,42,920,-284.2245366630986
official_bc,42,921,-291.3828937732841
official_bc,42,922,-300.8929338192423
official_bc,42,923,-292.13394566783563
official_bc,42,924,-282.5113290487433
official_bc,42,925,-297.8316464191725
official_bc,42,926,-293.1699532345234
official_bc,42,927,-284.1506848364721
official_bc,42,928,-289.0959316535201
official_bc,42,929,-289.79023592368674
official_bc,42,930,-293.1287585030344
official_bc,42,931,-289.64872505909943
official_bc,42,932,-293.9961171595598
official_bc,42,933,-290.7739138603389
official_bc,42,934,-291.9616570950842
official_bc,42,935,-291.71893248947384
official_bc,42,936,-289.1122647855825
official_bc,42,937,-289.8871575343837
official_bc,42,938,-291.1833189834997
official_bc,42,939,-283.85665410778734
official_bc,42,940,-296.0708849885272
official_bc,42,941,-288.12843860746955
official_bc,42,942,-289.16675745668687
official_bc,42,943,-283.6240199099571
official_bc,42,944,-291.6597265021611
official_bc,42,945,-290.6831854455488
official_bc,42,946,-293.4738563256144
official_bc,42,947,-291.64362390396354
official_bc,42,948,-279.8734818497027
official_bc,42,949,-296.5081325558318
official_bc,42,950,-296.064011437295
official_bc,42,951,-292.7513204422796
official_bc,42,952,-293.8009368721847
official_bc,42,953,-291.8295780396808
official_bc,42,954,-284.58655825699583
official_bc,42,955,-293.6581284479555
official_bc,42,956,-290.3943915662637
official_bc,42,957,-291.2387542779261
official_bc,42,958,-294.32068839615476
official_bc,42,959,-271.4944646224635
official_bc,42,960,-294.7537549114012
official_bc,42,961,-290.8497320144074
official_bc,42,962,-288.5933891203963
official_bc,42,963,-285.4297470311443
official_bc,42,964,-292.3227002929325
official_bc,42,965,-293.8094078642016
official_bc,42,966,-277.92426285139544
official_bc,42,967,-295.91041073807276
official_bc,42,968,-295.47603420043237
official_bc,42,969,-292.23719313367064
official_bc,42,970,-294.66175978494846
official_bc,42,971,-292.72561374653156
official_bc,42,972,-294.24095941220367
official_bc,42,973,-294.6787997022094
official_bc,42,974,-296.07957662410536
official_bc,42,975,-289.46513689323996
official_bc,42,976,-294.83920217819275
official_bc,42,977,-294.22423757608317
official_bc,42,978,-289.7921737054324
official_bc,42,979,-287.2395339845716
official_bc,42,980,-276.6588886941081
official_bc,42,981,-288.4963910682024
official_bc,42,982,-288.51219092867865
official_bc,42,983,-291.03200538088265
official_bc,42,984,-292.0206811922096
official_bc,42,985,-299.6762982920918
official_bc,42,986,-290.74429322689673
official_bc,42,987,-280.2422291389399
official_bc,42,988,-295.58798887201874
official_bc,42,989,-290.6348719656558
official_bc,42,990,-291.16102297053135
official_bc,42,991,-288.1360792525134
official_bc,42,992,-298.6604717615964
official_bc,42,993,-291.0192481955932
official_bc,42,994,-287.69397666092266
official_bc,42,995,-293.2597077264825
official_bc,42,996,-287.09502831144334
official_bc,42,997,-291.1225472769945
official_bc,42,998,-285.30070084709655
official_bc,42,999,-297.71602045553107
official_bc,42,1000,-280.48491338827085
official_bc,43,1,-232.6027503608843
official_bc,43,2,-219.2076500743765
official_bc,43,3,-198.898712994886
official_bc,43,4,-212.31927047794167
official_bc,43,5,-244.33248849550915
official_bc,43,6,-264.95928454229175
official_bc,43,7,-183.22313941420734
official_bc,43,8,-180.89325810105737
official_bc,43,9,-182.72182632993457
official_bc,43,10,-173.28174292299377
official_bc,43,11,-291.6952727082314
official_bc,43,12,-198.409463364532
official_bc,43,13,-200.51765612112473
official_bc,43,14,-287.3360420215951
official_bc,43,15,-242.42003830012823
official_bc,43,16,-190.46166332055788
official_bc,43,17,-295.9058105129929
official_bc,43,18,-186.200492758532
official_bc,43,19,-210.70546456007435
official_bc,43,20,-209.51928320471342
official_bc,43,21,-201.72115163652526
official_bc,43,22,-260.22766679739266
official_bc,43,23,-293.6623465220366
official_bc,43,24,-227.71652485786194
official_bc,43,25,-273.8525179484096
official_bc,43,26,-314.2777957402929
official_bc,43,27,-197.06859533279055
official_bc,43,28,-198.1920451679483
official_bc,43,29,-259.69880671888956
official_bc,43,30,-255.8775303157392
official_bc,43,31,-185.4722540545764
official_bc,43,32,-292.5713682985747
official_bc,43,33,-290.378262528837
official_bc,43,34,-286.8013746501979
official_bc,43,35,-288.64109284265714
official_bc,43,36,-283.93610882379994
official_bc,43,37,-281.74013636330506
official_bc,43,38,-281.74701259847654
official_bc,43,39,-283.77283576076314
official_bc,43,40,-267.7399124020627
official_bc,43,41,-272.9098394019701
official_bc,43,42,-274.949985481138
official_bc,43,43,-274.2470343912594
official_bc,43,44,-275.843073721701
official_bc,43,45,-266.0977242361523
official_bc,43,46,-277.27126787491903
official_bc,43,47,-274.5624087123011
official_bc,43,48,-276.2334711255357
official_bc,43,49,-270.51705343328956
official_bc,43,50,-278.33858017925377
official_bc,43,51,-276.5649296406991
official_bc,43,52,-283.68302780126714
official_bc,43,53,-287.8433120877826
official_bc,43,54,-286.889405443191
official_bc,43,55,-290.9787391730305
official_bc,43,56,-300.003239604848
official_bc,43,57,-305.544317100571
official_bc,43,58,-302.58074777794457
official_bc,43,59,-302.72214947823664
official_bc,43,60,-297.8872215108178
official_bc,43,61,-304.4281193071862
official_bc,43,62,-296.2304913093294
official_bc,43,63,-293.6862753231006
official_bc,43,64,-285.4779180557451
official_bc,43,65,-286.70102342360224
official_bc,43,66,-278.73430996962753
official_bc,43,67,-278.8494208416127
official_bc,43,68,-277.20598659720264
official_bc,43,69,-282.74997119948125
official_bc,43,70,-276.5520949524421
official_bc,43,71,-263.9700618420002
official_bc,43,72,-283.3925835407905
official_bc,43,73,-269.1969300167272
official_bc,43,74,-273.30034966222934
official_bc,43,75,-283.59482738623103
official_bc,43,76,-283.18807284127365
official_bc,43,77,-291.77566591838684
official_bc,43,78,-295.867299976722
official_bc,43,79,-295.1060182186307
official_bc,43,80,-294.9038448995582
official_bc,43,81,-303.5220332633786
official_bc,43,82,-296.9951399954824
official_bc,43,83,-296.6685748991867
official_bc,43,84,-299.6605575618707
official_bc,43,85,-283.1370321364303
official_bc,43,86,-281.84280322612403
official_bc,43,87,-291.96874570502524
official_bc,43,88,-290.32984571943064
official_bc,43,89,-281.73243321050546
official_bc,43,90,-276.9688747173
official_bc,43,91,-289.0212221042461
official_bc,43,92,-288.8533459100536
official_bc,43,93,-282.94656785110925
official_bc,43,94,-275.2079322721848
official_bc,43,95,-288.5617623668237
official_bc,43,96,-287.8166108854364
official_bc,43,97,-287.7643779566231
official_bc,43,98,-295.0040754762442
official_bc,43,99,-289.0236271719879
official_bc,43,100,-295.24818125380983
official_bc,43,101,-285.4648405180228
official_bc,43,102,-292.7793247385635
official_bc,43,103,-299.26885222443946
official_bc,43,104,-293.9286547939008
official_bc,43,105,-281.8024381083395
official_bc,43,106,-294.8175823618338
official_bc,43,107,-283.53239618373163
official_bc,43,108,-287.8668949462794
official_bc,43,109,-279.11992133219405
official_bc,43,110,-287.77669038733853
official_bc,43,111,-284.5644086102608
official_bc,43,112,-288.17602351228896
official_bc,43,113,-280.3240371591538
official_bc,43,114,-284.8258751797451
official_bc,43,115,-284.61799285054417
official_bc,43,116,-290.47752230058103
official_bc,43,117,-294.6763702087803
official_bc,43,118,-282.323547969515
official_bc,43,119,-280.90660930502156
official_bc,43,120,-293.7681161776636
official_bc,43,121,-293.64924466554106
official_bc,43,122,-296.62804668127853
official_bc,43,123,-292.61425372405233
official_bc,43,124,-282.4592426020251
official_bc,43,125,-273.5007001762824
official_bc,43,126,-287.9004943961907
official_bc,43,127,-291.45848430967754
official_bc,43,128,-283.9063533828818
official_bc,43,129,-278.7946550384744
official_bc,43,130,-285.0896168575188
official_bc,43,131,-284.23601310953006
official_bc,43,132,-289.4013835961245
official_bc,43,133,-290.8321122965875
official_bc,43,134,-283.8560337110988
official_bc,43,135,-285.0727512350246
official_bc,43,136,-283.55559921263466
official_bc,43,137,-296.86198520819505
official_bc,43,138,-276.58218245718206
official_bc,43,139,-284.26823925663143
official_bc,43,140,-287.1631798487509
official_bc,43,141,-288.19317731159555
official_bc,43,142,-288.4569519352892
official_bc,43,143,-290.4427415416542
official_bc,43,144,-290.98400218834695
official_bc,43,145,-279.56262995362545
official_bc,43,146,-294.7204268614955
official_bc,43,147,-293.43407591729397
official_bc,43,148,-292.34986803364166
official_bc,43,149,-294.57291605903475
official_bc,43,150,-292.27599813288407
official_bc,43,151,-289.7825651922677
official_bc,43,152,-288.4943802706744
official_bc,43,153,-297.2430826522255
official_bc,43,154,-294.0542932609558
official_bc,43,155,-288.45025204109936
official_bc,43,156,-293.9515430442369
official_bc,43,157,-295.46136066047285
official_bc,43,158,-295.3815254328432
official_bc,43,159,-288.2659012867399
official_bc,43,160,-291.7200584041233
official_bc,43,161,-288.5958155320185
official_bc,43,162,-291.19644554217086
official_bc,43,163,-293.15367644466863
official_bc,43,164,-291.0639200932968
official_bc,43,165,-297.3087368390127
official_bc,43,166,-296.0698058501835
official_bc,43,167,-293.09111802127893
official_bc,43,168,-288.5355929186612
official_bc,43,169,-289.9725598095314
official_bc,43,170,-288.3037585485382
official_bc,43,171,-292.7520742938593
official_bc,43,172,-276.5149351529086
official_bc,43,173,-287.0588816389264
official_bc,43,174,-289.54230069173076
official_bc,43,175,-297.963438161181
official_bc,43,176,-291.3219719014243
official_bc,43,177,-281.80435480757524
official_bc,43,178,-297.7918380285803
official_bc,43,179,-297.7553088684657
official_bc,43,180,-298.7976020642919
official_bc,43,181,-295.62438446306004
official_bc,43,182,-295.55981401462753
official_bc,43,183,-292.8353849059935
official_bc,43,184,-296.6007224357318
official_bc,43,185,-287.2619868926087
official_bc,43,186,-295.3227241588812
official_bc,43,187,-278.8587309915449
official_bc,43,188,-285.69703722204804
official_bc,43,189,-292.7349225501904
official_bc,43,190,-288.56897034425356
official_bc,43,191,-291.7823032224131
official_bc,43,192,-288.81218184555405
official_bc,43,193,-289.2239679682204
official_bc,43,194,-291.07166160332383
official_bc,43,195,-290.4862446565028
official_bc,43,196,-298.8361711940289
official_bc,43,197,-301.0226475602915
official_bc,43,198,-290.7140710850498
official_bc,43,199,-296.5024098618507
official_bc,43,200,-297.7422033692229
official_bc,43,201,-298.0282861315139
official_bc,43,202,-288.6074084044278
official_bc,43,203,-284.54865940275556
official_bc,43,204,-294.15947826046795
official_bc,43,205,-291.7307826563185
official_bc,43,206,-293.044468795752
official_bc,43,207,-286.40963476520034
official_bc,43,208,-285.302405630812
official_bc,43,209,-286.67044064460333
official_bc,43,210,-294.1490687400949
official_bc,43,211,-285.7252223892327
official_bc,43,212,-281.56838719879806
official_bc,43,213,-293.37072404304234
official_bc,43,214,-294.3385338661002
official_bc,43,215,-293.02503205123594
official_bc,43,216,-298.4817831757077
official_bc,43,217,-292.20813053301293
official_bc,43,218,-285.1983042576093
official_bc,43,219,-295.6432165652675
official_bc,43,220,-288.36402355339897
official_bc,43,221,-295.8067176594148
official_bc,43,222,-290.2066757417509
official_bc,43,223,-296.58332209524235
official_bc,43,224,-290.51488117428823
official_bc,43,225,-276.98007821519855
official_bc,43,226,-297.5360656132473
official_bc,43,227,-292.15769761036654
official_bc,43,228,-283.4033197422433
official_bc,43,229,-288.00034747208286
official_bc,43,230,-292.3656479825821
official_bc,43,231,-285.51483036093117
official_bc,43,232,-286.7554254076326
official_bc,43,233,-291.1652018878469
official_bc,43,234,-292.17475683639196
official_bc,43,235,-290.6712478223679
official_bc,43,236,-303.0627170820696
official_bc,43,237,-292.7997124279818
official_bc,43,238,-288.4572860489884
official_bc,43,239,-296.8222019613272
official_bc,43,240,-291.7331084982645
official_bc,43,241,-285.1121721761627
official_bc,43,242,-298.13023770985154
official_bc,43,243,-291.23843159006753
official_bc,43,244,-286.34952648231496
official_bc,43,245,-282.4674451763768
official_bc,43,246,-289.46750521168383
official_bc,43,247,-286.9372503889046
official_bc,43,248,-290.18041571200115
official_bc,43,249,-287.56748209492036
official_bc,43,250,-296.85112093857634
official_bc,43,251,-286.5136190773536
official_bc,43,252,-289.4983633642773
official_bc,43,253,-296.8818060661695
official_bc,43,254,-294.70389391145466
official_bc,43,255,-294.64766646920964
official_bc,43,256,-297.2358726330722
official_bc,43,257,-293.21116802779045
official_bc,43,258,-294.18681295795363
official_bc,43,259,-299.10960169027425
official_bc,43,260,-293.3252042361326
official_bc,43,261,-291.6528143944912
official_bc,43,262,-288.41643459422573
official_bc,43,263,-294.2816395601469
official_bc,43,264,-292.36731350663024
official_bc,43,265,-278.55923666316767
official_bc,43,266,-296.177151466794
official_bc,43,267,-286.1422227741589
official_bc,43,268,-287.71262742583065
official_bc,43,269,-287.2587544437282
official_bc,43,270,-290.4280296528924
official_bc,43,271,-300.1617752727664
official_bc,43,272,-286.80009176048344
official_bc,43,273,-292.5097455892999
official_bc,43,274,-297.0015666528699
official_bc,43,275,-293.89595222044363
official_bc,43,276,-293.08849150898527
official_bc,43,277,-293.305722314064
official_bc,43,278,-285.42663825329225
official_bc,43,279,-289.7520813440952
official_bc,43,280,-285.9075367062417
official_bc,43,281,-282.45847469192177
official_bc,43,282,-284.2768398338693
official_bc,43,283,-284.3285302415197
official_bc,43,284,-287.5802877233342
official_bc,43,285,-292.724222350643
official_bc,43,286,-287.0862373655632
official_bc,43,287,-285.8540411108975
official_bc,43,288,-293.49845384523775
official_bc,43,289,-288.4719949424542
official_bc,43,290,-291.3494219621143
official_bc,43,291,-288.3022109026302
official_bc,43,292,-285.9697350606461
official_bc,43,293,-296.5572562505176
official_bc,43,294,-298.0230832761971
official_bc,43,295,-290.02214867598434
official_bc,43,296,-295.75249192460836
official_bc,43,297,-293.9149979746796
official_bc,43,298,-286.71792356245805
official_bc,43,299,-284.5519226557519
official_bc,43,300,-292.2388652509702
official_bc,43,301,-284.59835116307875
official_bc,43,302,-289.5595822843905
official_bc,43,303,-287.46082706885267
official_bc,43,304,-291.8580607858657
official_bc,43,305,-283.40211965389284
official_bc,43,306,-293.0658840326234
official_bc,43,307,-293.1068362477763
official_bc,43,308,-294.3702455766882
official_bc,43,309,-288.9488344744782
official_bc,43,310,-289.7062582006398
official_bc,43,311,-292.2646805336728
official_bc,43,312,-296.33366430388656
official_bc,43,313,-289.5216648711306
official_bc,43,314,-296.30510493900283
official_bc,43,315,-294.5271627186379
official_bc,43,316,-278.36099121896825
official_bc,43,317,-290.9461138304427
official_bc,43,318,-297.22048102557545
official_bc,43,319,-298.84543893598106
official_bc,43,320,-283.1948854211787
official_bc,43,321,-291.98893716298096
official_bc,43,322,-287.7512759472703
official_bc,43,323,-284.27221346988625
official_bc,43,324,-286.00909065105947
official_bc,43,325,-289.67148124207023
official_bc,43,326,-292.0653813060288
official_bc,43,327,-296.4180844958176
official_bc,43,328,-288.39898569494574
official_bc,43,329,-291.42358102735693
official_bc,43,330,-285.6396044036045
official_bc,43,331,-292.51861131848875
official_bc,43,332,-292.4476973295469
official_bc,43,333,-290.02341999134296
official_bc,43,334,-292.43618710306805
official_bc,43,335,-295.61009478283825
official_bc,43,336,-294.8563812923835
official_bc,43,337,-293.9340903693617
official_bc,43,338,-294.0634597665767
official_bc,43,339,-283.32430270908657
official_bc,43,340,-292.99838353615223
official_bc,43,341,-286.05424637968974
official_bc,43,342,-279.67459137483394
official_bc,43,343,-296.47162643226784
official_bc,43,344,-289.8225572697962
official_bc,43,345,-289.93137648024526
official_bc,43,346,-294.41871647801224
official_bc,43,347,-293.652734165104
official_bc,43,348,-293.0860995906793
official_bc,43,349,-295.76363442592435
official_bc,43,350,-299.68769867884055
official_bc,43,351,-297.77239189477154
official_bc,43,352,-272.2818554807362
official_bc,43,353,-286.6036614578996
official_bc,43,354,-294.29321396207206
official_bc,43,355,-294.72550076449613
official_bc,43,356,-292.5228700433685
official_bc,43,357,-297.04576077317466
official_bc,43,358,-280.8848846133954
official_bc,43,359,-297.96952944324306
official_bc,43,360,-297.0147267955948
official_bc,43,361,-277.07498034450174
official_bc,43,362,-287.37531088253763
official_bc,43,363,-292.71741397031167
official_bc,43,364,-292.276915693529
official_bc,43,365,-282.2110156536365
official_bc,43,366,-285.3250288565129
official_bc,43,367,-283.1582345544902
official_bc,43,368,-284.87342024026117
official_bc,43,369,-293.9219953214161
official_bc,43,370,-289.7125415638169
official_bc,43,371,-289.20159581766586
official_bc,43,372,-287.54488602237336
official_bc,43,373,-288.95846847968625
official_bc,43,374,-298.9772565832824
official_bc,43,375,-291.033832235004
official_bc,43,376,-279.9738531088169
official_bc,43,377,-288.6555629802101
official_bc,43,378,-294.015910151414
official_bc,43,379,-299.25793774630006
official_bc,43,380,-288.07670038273596
official_bc,43,381,-278.5105352814177
official_bc,43,382,-290.269731211642
official_bc,43,383,-297.4638417806499
official_bc,43,384,-292.40476321921534
official_bc,43,385,-287.53547687141986
official_bc,43,386,-294.99609094685286
official_bc,43,387,-289.9923409444387
official_bc,43,388,-289.1046048205605
official_bc,43,389,-283.77834187696084
official_bc,43,390,-289.9246859677868
official_bc,43,391,-290.5931155789051
official_bc,43,392,-286.8785976851243
official_bc,43,393,-287.19545817113374
official_bc,43,394,-293.0909007925686
official_bc,43,395,-287.7828401767794
official_bc,43,396,-296.9175605667914
official_bc,43,397,-294.7531276243436
official_bc,43,398,-291.26616438757156
official_bc,43,399,-291.7064529170821
official_bc,43,400,-291.74515222880916
official_bc,43,401,-274.5341315446294
official_bc,43,402,-285.3604146049969
official_bc,43,403,-287.9512441000803
official_bc,43,404,-294.173103510367
official_bc,43,405,-297.0347872525973
official_bc,43,406,-300.51095135986986
official_bc,43,407,-290.3823901324106
official_bc,43,408,-283.2084380061755
official_bc,43,409,-293.94117270510856
official_bc,43,410,-288.5277685773684
official_bc,43,411,-295.32343866365215
official_bc,43,412,-290.2402334928282
official_bc,43,413,-286.87783059792343
official_bc,43,414,-289.11421106358745
official_bc,43,415,-288.51945986405383
official_bc,43,416,-281.1245336639346
official_bc,43,417,-287.1032807421155
official_bc,43,418,-295.2459097976443
official_bc,43,419,-291.14374345721916
official_bc,43,420,-280.36689728924534
official_bc,43,421,-286.3599626996651
official_bc,43,422,-281.2938258613858
official_bc,43,423,-288.61388273542326
official_bc,43,424,-286.6271160877352
official_bc,43,425,-289.29313373640946
official_bc,43,426,-291.39406179454005
official_bc,43,427,-292.39446525622463
official_bc,43,428,-285.9229155237389
official_bc,43,429,-284.61590270370147
official_bc,43,430,-289.349092055905
official_bc,43,431,-295.6812819326668
official_bc,43,432,-292.0114292137616
official_bc,43,433,-294.8890478400515
official_bc,43,434,-289.8087078449708
official_bc,43,435,-293.74731664159157
official_bc,43,436,-296.79902430596024
official_bc,43,437,-293.74038531516095
official_bc,43,438,-289.9403921368357
official_bc,43,439,-292.9135233184641
official_bc,43,440,-291.27396948626324
official_bc,43,441,-287.9173366198849
official_bc,43,442,-297.3065964515632
official_bc,43,443,-288.45223430605995
official_bc,43,444,-277.6265684993301
official_bc,43,445,-282.29997592097936
official_bc,43,446,-294.78404560100665
official_bc,43,447,-283.34849708945757
official_bc,43,448,-284.41583368146195
official_bc,43,449,-298.7326617187807
official_bc,43,450,-289.9214243134194
official_bc,43,451,-288.08074643009974
official_bc,43,452,-295.627464506552
official_bc,43,453,-294.315632541331
official_bc,43,454,-298.117126357807
official_bc,43,455,-286.480389163258
official_bc,43,456,-290.98494878492147
official_bc,43,457,-296.37270291671825
official_bc,43,458,-287.1229702299754
official_bc,43,459,-290.80954617544023
official_bc,43,460,-297.20952457354673
official_bc,43,461,-292.6930382457346
official_bc,43,462,-288.94857467324243
official_bc,43,463,-295.5846502130156
official_bc,43,464,-284.0830807961482
official_bc,43,465,-289.3754385570402
official_bc,43,466,-288.0252747913472
official_bc,43,467,-293.3043257957841
official_bc,43,468,-292.6353744553782
official_bc,43,469,-288.551900526587
official_bc,43,470,-292.0967846761882
official_bc,43,471,-299.74996353630866
official_bc,43,472,-294.1118940349857
official_bc,43,473,-292.08672918371036
official_bc,43,474,-297.80704178037286
official_bc,43,475,-296.31441420757983
official_bc,43,476,-295.4201905219471
official_bc,43,477,-289.9008384213971
official_bc,43,478,-288.573164202221
official_bc,43,479,-280.5471483215349
official_bc,43,480,-287.6418512045877
official_bc,43,481,-283.9320562066905
official_bc,43,482,-293.9541728688531
official_bc,43,483,-293.3795580822204
official_bc,43,484,-296.1572962913492
official_bc,43,485,-290.77053840586484
official_bc,43,486,-293.5823117466699
official_bc,43,487,-283.1300177398587
official_bc,43,488,-297.22796450031643
official_bc,43,489,-290.43544892016723
official_bc,43,490,-296.17076451744595
official_bc,43,491,-287.21241147008453
official_bc,43,492,-297.53340346131574
official_bc,43,493,-295.3493794986049
official_bc,43,494,-289.30938040887685
official_bc,43,495,-295.45090411351543
official_bc,43,496,-294.44398293094395
official_bc,43,497,-288.7899465543055
official_bc,43,498,-283.71091466202495
official_bc,43,499,-283.2232762488968
official_bc,43,500,-285.860062084918
official_bc,43,501,-272.34483080903243
official_bc,43,502,-292.48880393759225
official_bc,43,503,-291.82270073475934
official_bc,43,504,-284.227046356282
official_bc,43,505,-277.6715364120207
official_bc,43,506,-295.80441341404367
official_bc,43,507,-293.08743930194544
official_bc,43,508,-291.7071703506878
official_bc,43,509,-285.09234244973834
official_bc,43,510,-297.92757452883086
official_bc,43,511,-299.5441390437942
official_bc,43,512,-293.284696244332
official_bc,43,513,-292.14757503799797
official_bc,43,514,-291.3678170170206
official_bc,43,515,-282.8707879984069
official_bc,43,516,-292.4350279694053
official_bc,43,517,-292.5811017168146
official_bc,43,518,-278.52661422170405
official_bc,43,519,-291.37339982459207
official_bc,43,520,-289.55214403333696
official_bc,43,521,-290.29594750687306
official_bc,43,522,-290.0004882204667
official_bc,43,523,-286.4472023500351
official_bc,43,524,-290.5396907137316
official_bc,43,525,-283.8372841549816
official_bc,43,526,-296.1045606862794
official_bc,43,527,-295.762810232587
official_bc,43,528,-287.25633150162173
official_bc,43,529,-285.9332770637084
official_bc,43,530,-286.89947037395535
official_bc,43,531,-292.98242798063336
official_bc,43,532,-287.68713947104123
official_bc,43,533,-293.9834394759105
official_bc,43,534,-295.7600488469694
official_bc,43,535,-291.69023950597295
official_bc,43,536,-296.2615916019957
official_bc,43,537,-290.69858979718174
official_bc,43,538,-297.2382144796278
official_bc,43,539,-292.7822679894002
official_bc,43,540,-287.06860727710455
official_bc,43,541,-286.3516466426807
official_bc,43,542,-288.4893487365314
official_bc,43,543,-294.04746824574937
official_bc,43,544,-297.58604590432856
official_bc,43,545,-294.5750907232764
official_bc,43,546,-293.21094286565506
official_bc,43,547,-284.5983699584473
official_bc,43,548,-294.33383834772786
official_bc,43,549,-291.4113329176709
official_bc,43,550,-284.0826360677643
official_bc,43,551,-293.8181265188387
official_bc,43,552,-284.47007140095195
official_bc,43,553,-290.972641252296
official_bc,43,554,-290.0904050733099
official_bc,43,555,-288.16243700042685
official_bc,43,556,-291.94866276396164
official_bc,43,557,-291.5643216604221
official_bc,43,558,-281.37881348650194
official_bc,43,559,-290.4758247867715
official_bc,43,560,-289.86271836369525
official_bc,43,561,-290.32717092291097
official_bc,43,562,-292.1496731243586
official_bc,43,563,-293.45944843906244
official_bc,43,564,-292.71169401632676
official_bc,43,565,-287.68139051433377
official_bc,43,566,-292.3507496548529
official_bc,43,567,-290.99374064377935
official_bc,43,568,-287.7914657640318
official_bc,43,569,-285.51344460026223
official_bc,43,570,-289.75377044702907
official_bc,43,571,-296.6823679182895
official_bc,43,572,-297.0744759155665
official_bc,43,573,-282.6756401636845
official_bc,43,574,-287.3253322195126
official_bc,43,575,-291.59020350180276
official_bc,43,576,-296.8098250474839
official_bc,43,577,-293.101185885521
official_bc,43,578,-285.0090244474587
official_bc,43,579,-291.51918041138083
official_bc,43,580,-290.3733954386364
official_bc,43,581,-286.8823096906058
official_bc,43,582,-297.5519938200798
official_bc,43,583,-289.53647135977155
official_bc,43,584,-293.96522902349983
official_bc,43,585,-285.61700064060716
official_bc,43,586,-286.7430898572183
official_bc,43,587,-290.4563329603607
official_bc,43,588,-290.8835354168101
official_bc,43,589,-284.2296371101042
official_bc,43,590,-292.0048196376045
official_bc,43,591,-292.2546315727779
official_bc,43,592,-292.50894426184334
official_bc,43,593,-293.5530671694596
official_bc,43,594,-300.3230961104663
official_bc,43,595,-291.34712071984745
official_bc,43,596,-296.134619822252
official_bc,43,597,-283.4879553840283
official_bc,43,598,-293.5741142344124
official_bc,43,599,-290.77912174910057
official_bc,43,600,-291.9747825936419
official_bc,43,601,-293.3063539394557
official_bc,43,602,-292.73013962980536
official_bc,43,603,-283.5803113187318
official_bc,43,604,-293.3144326220892
official_bc,43,605,-291.7115732716425
official_bc,43,606,-299.5438611745252
official_bc,43,607,-291.6536086715949
official_bc,43,608,-294.49337160058656
official_bc,43,609,-287.8500557417987
official_bc,43,610,-294.8624706047934
official_bc,43,611,-290.6795549248694
official_bc,43,612,-282.8687446047076
official_bc,43,613,-286.67894704653963
official_bc,43,614,-287.18936199371524
official_bc,43,615,-294.75421542022747
official_bc,43,616,-292.58410818901797
official_bc,43,617,-294.5459957064736
official_bc,43,618,-291.19650913371925
official_bc,43,619,-292.6591315339759
official_bc,43,620,-294.8687719992856
official_bc,43,621,-292.32212238544787
official_bc,43,622,-288.32585465984175
official_bc,43,623,-294.11413990642995
official_bc,43,624,-295.09151205917675
official_bc,43,625,-292.1353862457372
official_bc,43,626,-290.97727199391517
official_bc,43,627,-293.82185546689436
official_bc,43,628,-283.17305025116104
official_bc,43,629,-297.17996582865095
official_bc,43,630,-293.15305061310175
official_bc,43,631,-297.5678594306258
official_bc,43,632,-287.7293566484202
official_bc,43,633,-296.0387046111596
official_bc,43,634,-291.78560553431765
official_bc,43,635,-287.66077881002934
official_bc,43,636,-295.88131700112234
official_bc,43,637,-289.59382140007494
official_bc,43,638,-283.9282456958938
official_bc,43,639,-293.66552256237907
official_bc,43,640,-296.72064026604295
official_bc,43,641,-281.42365896451986
official_bc,43,642,-277.9662104199498
official_bc,43,643,-269.7587283006123
official_bc,43,644,-290.16682782992353
official_bc,43,645,-294.41113047238264
official_bc,43,646,-287.52009481100663
official_bc,43,647,-292.72788221061666
official_bc,43,648,-298.6883452315491
official_bc,43,649,-291.7063939166835
official_bc,43,650,-296.3048590903054
official_bc,43,651,-297.8148679537685
official_bc,43,652,-289.07854451698995
official_bc,43,653,-295.83031056056467
official_bc,43,654,-296.0504748093755
official_bc,43,655,-293.5268557329593
official_bc,43,656,-292.4438461217652
official_bc,43,657,-287.3613041227052
official_bc,43,658,-291.5371559482493
official_bc,43,659,-290.9304760103647
official_bc,43,660,-290.8353306214275
official_bc,43,661,-287.1036115837644
official_bc,43,662,-289.403252822977
official_bc,43,663,-284.45712072298477
official_bc,43,664,-278.71986562986893
official_bc,43,665,-294.38755768132876
official_bc,43,666,-284.62411288061014
official_bc,43,667,-285.11819490568774
official_bc,43,668,-284.24692499406797
official_bc,43,669,-291.61894067059575
official_bc,43,670,-284.92396314663495
official_bc,43,671,-293.89563848335064
official_bc,43,672,-291.3408538084808
official_bc,43,673,-295.68916693034174
official_bc,43,674,-299.9381406914143
official_bc,43,675,-282.2855594539574
official_bc,43,676,-295.1629291244911
official_bc,43,677,-293.5902745599201
official_bc,43,678,-294.6727146612427
official_bc,43,679,-291.53544453873633
official_bc,43,680,-293.06842226292304
official_bc,43,681,-292.3861298500396
official_bc,43,682,-286.0827809039846
official_bc,43,683,-285.8133997596145
official_bc,43,684,-285.0833839159128
official_bc,43,685,-284.8875897768605
official_bc,43,686,-293.7189499820837
official_bc,43,687,-291.2776428497135
official_bc,43,688,-289.80346715109454
official_bc,43,689,-290.0600609074316
official_bc,43,690,-293.64337591425084
official_bc,43,691,-292.67432728489086
official_bc,43,692,-288.8924314901351
official_bc,43,693,-282.59297652528596
official_bc,43,694,-287.00516856209913
official_bc,43,695,-290.2530787588253
official_bc,43,696,-292.6840224017638
official_bc,43,697,-291.1458755939637
official_bc,43,698,-286.51032268709935
official_bc,43,699,-295.7566779421235
official_bc,43,700,-275.9264320595273
official_bc,43,701,-288.245494744118
official_bc,43,702,-282.4587862578199
official_bc,43,703,-292.9172626341433
official_bc,43,704,-294.2193544500776
official_bc,43,705,-291.91570636534533
official_bc,43,706,-289.858163233141
official_bc,43,707,-297.17164997348686
official_bc,43,708,-277.7518851868437
official_bc,43,709,-292.36266682557005
official_bc,43,710,-285.3193065742012
official_bc,43,711,-284.43876045372735
official_bc,43,712,-287.69149292115327
official_bc,43,713,-290.74831132889153
official_bc,43,714,-273.4325576574838
official_bc,43,715,-296.8301772611091
official_bc,43,716,-295.7145566118565
official_bc,43,717,-296.7292182413286
official_bc,43,718,-292.82085191724775
official_bc,43,719,-292.9246512346113
official_bc,43,720,-296.9424619427513
official_bc,43,721,-299.1404390186608
official_bc,43,722,-293.86471773631587
official_bc,43,723,-288.8215011954614
official_bc,43,724,-289.9236464687312
official_bc,43,725,-287.9859767022896
official_bc,43,726,-277.16879823602824
official_bc,43,727,-286.44310352702036
official_bc,43,728,-291.44416402330614
official_bc,43,729,-278.0660543593967
official_bc,43,730,-296.14407155337767
official_bc,43,731,-291.35787819337196
official_bc,43,732,-288.4937442584651
official_bc,43,733,-288.357659225405
official_bc,43,734,-300.3386212442444
official_bc,43,735,-290.0690905361554
official_bc,43,736,-294.6296947903505
official_bc,43,737,-275.7544280072043
official_bc,43,738,-290.7064142395774
official_bc,43,739,-295.84539517521006
official_bc,43,740,-292.3552383219191
official_bc,43,741,-284.6324818743583
official_bc,43,742,-288.30662162872534
official_bc,43,743,-298.8475062643525
official_bc,43,744,-295.06499898321374
official_bc,43,745,-288.68975840876124
official_bc,43,746,-277.3426860603547
official_bc,43,747,-298.98791426622967
official_bc,43,748,-288.430143503879
official_bc,43,749,-293.40351515937317
official_bc,43,750,-290.6149728597738
official_bc,43,751,-295.9080537093936
official_bc,43,752,-289.28761465843826
official_bc,43,753,-288.9845568855804
official_bc,43,754,-301.6103868302161
official_bc,43,755,-294.2867767746873
official_bc,43,756,-295.9454322169297
official_bc,43,757,-280.8945119850031
official_bc,43,758,-294.9556717577854
official_bc,43,759,-292.6089913563086
official_bc,43,760,-292.9250835082821
official_bc,43,761,-283.14187458243094
official_bc,43,762,-275.7041767803041
official_bc,43,763,-294.08118906242953
official_bc,43,764,-293.70916111223573
official_bc,43,765,-282.50964710957373
official_bc,43,766,-284.50415236655385
official_bc,43,767,-289.06712805661715
official_bc,43,768,-290.94524444241114
official_bc,43,769,-292.67280209456385
official_bc,43,770,-292.4692242668166
official_bc,43,771,-292.02636971732545
official_bc,43,772,-301.2085758311248
official_bc,43,773,-294.4938837000534
official_bc,43,774,-292.7686302765985
official_bc,43,775,-291.54652149057034
official_bc,43,776,-294.0713603916665
official_bc,43,777,-285.9283457887964
official_bc,43,778,-293.4287085401188
official_bc,43,779,-284.1490518006481
official_bc,43,780,-292.69210924245886
official_bc,43,781,-288.8738086623008
official_bc,43,782,-291.60168442548456
official_bc,43,783,-291.80983910385623
official_bc,43,784,-278.82843337362596
official_bc,43,785,-287.9636613914925
official_bc,43,786,-292.4337309995328
official_bc,43,787,-289.69361352869095
official_bc,43,788,-296.3591353845734
official_bc,43,789,-287.44998914421967
official_bc,43,790,-288.46822065078135
official_bc,43,791,-297.4856323928414
official_bc,43,792,-286.84328049106864
official_bc,43,793,-288.83686811919193
official_bc,43,794,-293.60238783377883
official_bc,43,795,-291.33165639519785
official_bc,43,796,-291.8774571596244
official_bc,43,797,-294.1083930920249
official_bc,43,798,-291.2785783238818
official_bc,43,799,-292.0821370114012
official_bc,43,800,-294.014186027474
official_bc,43,801,-273.4586749266082
official_bc,43,802,-289.38507568044247
official_bc,43,803,-289.81127036887256
official_bc,43,804,-296.6760308780104
official_bc,43,805,-286.49224342541004
official_bc,43,806,-280.205130855825
official_bc,43,807,-292.71706927211085
official_bc,43,808,-288.3568802849569
official_bc,43,809,-289.0521088541683
official_bc,43,810,-289.67895516118534
official_bc,43,811,-298.9466163264465
official_bc,43,812,-291.7285703603524
official_bc,43,813,-294.135805047453
official_bc,43,814,-294.79349770213673
official_bc,43,815,-290.487954414606
official_bc,43,816,-283.9104303047858
official_bc,43,817,-282.6019916429905
official_bc,43,818,-290.92980567388054
official_bc,43,819,-276.4367692019937
official_bc,43,820,-287.47045346931094
official_bc,43,821,-294.2922296344836
official_bc,43,822,-268.96450759490926
official_bc,43,823,-294.08987496100735
official_bc,43,824,-295.0863722615921
official_bc,43,825,-293.9753144624796
official_bc,43,826,-288.32991981840473
official_bc,43,827,-295.8731991007447
official_bc,43,828,-296.5141954681619
official_bc,43,829,-292.9846804355351
official_bc,43,830,-272.48019823099406
official_bc,43,831,-292.3202582297595
official_bc,43,832,-292.80517826261644
official_bc,43,833,-296.3980102307926
official_bc,43,834,-285.0147653145117
official_bc,43,835,-288.06070222104955
official_bc,43,836,-287.9568838068575
official_bc,43,837,-294.4860222613134
official_bc,43,838,-287.68134658873424
official_bc,43,839,-282.745432281882
official_bc,43,840,-283.84789815929537
official_bc,43,841,-283.8198114544863
official_bc,43,842,-289.28591364174207
official_bc,43,843,-289.61353994766336
official_bc,43,844,-288.22371195792545
official_bc,43,845,-272.4839720305273
official_bc,43,846,-297.4616975402053
official_bc,43,847,-294.5382165918845
official_bc,43,848,-290.31861037254765
official_bc,43,849,-300.2858327062854
official_bc,43,850,-296.9996969965843
official_bc,43,851,-290.8808495956582
official_bc,43,852,-291.5700548788709
official_bc,43,853,-284.8706573733807
official_bc,43,854,-299.6531500028685
official_bc,43,855,-289.6737061418361
official_bc,43,856,-295.2461480279501
official_bc,43,857,-286.7724778928294
official_bc,43,858,-283.7291995165299
official_bc,43,859,-272.45530518316434
official_bc,43,860,-296.1169362700457
official_bc,43,861,-293.96632501899416
official_bc,43,862,-295.7463029462891
official_bc,43,863,-290.9323063853303
official_bc,43,864,-271.7749240878301
official_bc,43,865,-290.79465935688313
official_bc,43,866,-288.0200210071142
official_bc,43,867,-286.44234316245564
official_bc,43,868,-292.4936252722725
official_bc,43,869,-289.7663720543884
official_bc,43,870,-295.85949295440713
official_bc,43,871,-290.1819309059589
official_bc,43,872,-292.06450928790434
official_bc,43,873,-296.3872204396366
official_bc,43,874,-291.47343334828065
official_bc,43,875,-294.2037928994029
official_bc,43,876,-295.1220091217071
official_bc,43,877,-294.16521704316943
official_bc,43,878,-294.450800984
official_bc,43,879,-293.45061400314074
official_bc,43,880,-287.3625223740316
official_bc,43,881,-292.10714131295583
official_bc,43,882,-291.9716146209883
official_bc,43,883,-289.8210840907698
official_bc,43,884,-296.112531291535
official_bc,43,885,-293.3967142399299
official_bc,43,886,-293.5250752582372
official_bc,43,887,-292.31961182554556
official_bc,43,888,-290.4617636953663
official_bc,43,889,-295.92290024430145
official_bc,43,890,-293.44625705862745
official_bc,43,891,-289.7388674252141
official_bc,43,892,-299.08802082074027
official_bc,43,893,-292.80568517921347
official_bc,43,894,-290.24248941564787
official_bc,43,895,-292.8857433047304
official_bc,43,896,-294.2272272338919
official_bc,43,897,-284.78966036750296
official_bc,43,898,-292.7935903262097
official_bc,43,899,-293.49580668518126
official_bc,43,900,-292.9329013103198
official_bc,43,901,-288.50028305363145
official_bc,43,902,-286.736543054016
official_bc,43,903,-293.08892692641894
official_bc,43,904,-293.01425339374543
official_bc,43,905,-295.6674605773592
official_bc,43,906,-285.1303498420169
official_bc,43,907,-294.36384504103324
official_bc,43,908,-294.6690510961165
official_bc,43,909,-295.23192818908603
official_bc,43,910,-295.32123359021955
official_bc,43,911,-292.2337089384813
official_bc,43,912,-294.15594351506223
official_bc,43,913,-289.44978392162983
official_bc,43,914,-287.3228298950822
official_bc,43,915,-287.09085127496456
official_bc,43,916,-287.3486933587283
official_bc,43,917,-286.56543356466193
official_bc,43,918,-285.2935176971289
official_bc,43,919,-280.4077146743677
official_bc,43,920,-295.6001672705602
official_bc,43,921,-269.60589809510276
official_bc,43,922,-289.24994645530626
official_bc,43,923,-293.3716509217752
official_bc,43,924,-287.4157568686707
official_bc,43,925,-290.81137949925795
official_bc,43,926,-285.85435872933715
official_bc,43,927,-294.76227798503857
official_bc,43,928,-285.5640143386506
official_bc,43,929,-292.0728679863827
official_bc,43,930,-296.09075688049694
official_bc,43,931,-291.69436994177636
official_bc,43,932,-296.860968721502
official_bc,43,933,-297.11764555985576
official_bc,43,934,-277.58734441070055
official_bc,43,935,-286.4627475652724
official_bc,43,936,-281.10596694611854
official_bc,43,937,-277.8194327133132
official_bc,43,938,-296.57492382442206
official_bc,43,939,-279.21288923992313
official_bc,43,940,-292.7084729014251
official_bc,43,941,-291.46296302507045
official_bc,43,942,-292.65270686851477
official_bc,43,943,-294.1794931029712
official_bc,43,944,-292.2310405929786
official_bc,43,945,-289.13502687406015
official_bc,43,946,-292.2950497681863
official_bc,43,947,-295.7891372844698
official_bc,43,948,-292.4509402063634
official_bc,43,949,-265.4531342127582
official_bc,43,950,-297.0326054661469
official_bc,43,951,-293.99605919425176
official_bc,43,952,-296.53253887128335
official_bc,43,953,-288.78260343485573
official_bc,43,954,-283.9551654597017
official_bc,43,955,-293.17025237725056
official_bc,43,956,-286.31120149966046
official_bc,43,957,-296.7599928498043
official_bc,43,958,-284.4000555938675
official_bc,43,959,-285.94719147676875
official_bc,43,960,-290.00542237309133
official_bc,43,961,-292.78265834872605
official_bc,43,962,-291.6060799468424
official_bc,43,963,-292.25742426157683
official_bc,43,964,-288.5292603503957
official_bc,43,965,-292.3513895652808
official_bc,43,966,-288.18363222170797
official_bc,43,967,-288.7257711214453
official_bc,43,968,-295.3812366790363
official_bc,43,969,-294.5490393863305
official_bc,43,970,-299.6169037348478
official_bc,43,971,-287.5627451414859
official_bc,43,972,-282.4077454978415
official_bc,43,973,-284.70219418601056
official_bc,43,974,-297.07907630160685
official_bc,43,975,-295.2794028226185
official_bc,43,976,-294.90477113349306
official_bc,43,977,-295.9248452824371
official_bc,43,978,-291.9315329061785
official_bc,43,979,-287.8395074826345
official_bc,43,980,-289.4639658039358
official_bc,43,981,-287.89496423624223
official_bc,43,982,-290.45192734594525
official_bc,43,983,-285.52983556316514
official_bc,43,984,-290.2233025275204
official_bc,43,985,-286.185551213601
official_bc,43,986,-290.30509417991794
official_bc,43,987,-287.465530758681
official_bc,43,988,-289.70802103391804
official_bc,43,989,-292.19191508262645
official_bc,43,990,-287.92938080757835
official_bc,43,991,-286.2287661271933
official_bc,43,992,-292.80963290346824
official_bc,43,993,-295.6395092594353
official_bc,43,994,-291.9724852034742
official_bc,43,995,-294.2332973259931
official_bc,43,996,-292.8655436830874
official_bc,43,997,-292.06447788037383
official_bc,43,998,-286.968522449392
official_bc,43,999,-296.4331962396617
official_bc,43,1000,-286.0379772371023
official_bc,44,1,-233.85725086438543
official_bc,44,2,-207.93412287780615
official_bc,44,3,-204.45760320637643
official_bc,44,4,-269.4902989325939
official_bc,44,5,-205.64591774083513
official_bc,44,6,-212.81446582921905
official_bc,44,7,-212.2286399700563
official_bc,44,8,-175.5816940773789
official_bc,44,9,-237.38580874699375
official_bc,44,10,-175.11825192985452
official_bc,44,11,-298.4374175705487
official_bc,44,12,-267.76908835406664
official_bc,44,13,-191.3698261152011
official_bc,44,14,-279.8777334744057
official_bc,44,15,-223.46336155707021
official_bc,44,16,-207.40426176393748
official_bc,44,17,-258.37767618137804
official_bc,44,18,-216.77752102743403
official_bc,44,19,-245.84169080186052
official_bc,44,20,-269.14261547484057
official_bc,44,21,-240.1015910418081
official_bc,44,22,-243.49697037750713
official_bc,44,23,-168.56251197714494
official_bc,44,24,-208.76203054218684
official_bc,44,25,-262.20761732384284
official_bc,44,26,-293.449951102916
official_bc,44,27,-214.2823988622967
official_bc,44,28,-196.73267185861448
official_bc,44,29,-229.4130951443302
official_bc,44,30,-311.4554384340182
official_bc,44,31,-204.3220374988299
official_bc,44,32,-304.1474583925622
official_bc,44,33,-292.7686963608231
official_bc,44,34,-282.77284202556655
official_bc,44,35,-281.6424020006663
official_bc,44,36,-287.3951239354761
official_bc,44,37,-291.82807072721096
official_bc,44,38,-290.1580654434652
official_bc,44,39,-269.33096340497895
official_bc,44,40,-277.7305099748222
official_bc,44,41,-273.18077571377694
official_bc,44,42,-270.67438646380526
official_bc,44,43,-262.2187449085372
official_bc,44,44,-251.75558871651452
official_bc,44,45,-256.48951972414454
official_bc,44,46,-259.287755673281
official_bc,44,47,-261.6293371646191
official_bc,44,48,-246.38274706258963
official_bc,44,49,-248.21425182174795
official_bc,44,50,-245.5452628186273
official_bc,44,51,-246.0981608686607
official_bc,44,52,-259.1900175355057
official_bc,44,53,-266.62493651339497
official_bc,44,54,-268.39257871367766
official_bc,44,55,-280.3896132917993
official_bc,44,56,-293.1306302797208
official_bc,44,57,-290.0631592521493
official_bc,44,58,-304.0742949285526
official_bc,44,59,-311.90540182696043
official_bc,44,60,-307.1551799728694
official_bc,44,61,-310.42089065315366
official_bc,44,62,-308.8177772999796
official_bc,44,63,-313.59756614825324
official_bc,44,64,-305.9489744837537
official_bc,44,65,-301.8381478863198
official_bc,44,66,-296.6897891160946
official_bc,44,67,-298.19725678834146
official_bc,44,68,-298.5374693629847
official_bc,44,69,-289.23069706732747
official_bc,44,70,-290.3137047178956
official_bc,44,71,-286.19014014013396
official_bc,44,72,-284.8452617162174
official_bc,44,73,-289.098526356555
official_bc,44,74,-290.1194687131773
official_bc,44,75,-280.0850523308785
official_bc,44,76,-296.62353906837563
official_bc,44,77,-295.1879768677294
official_bc,44,78,-293.06627709258527
official_bc,44,79,-292.9549723235132
official_bc,44,80,-294.5842507747092
official_bc,44,81,-293.5222244493775
official_bc,44,82,-297.4674187490925
official_bc,44,83,-286.58091968810453
official_bc,44,84,-280.64475897533487
official_bc,44,85,-287.68155765199884
official_bc,44,86,-283.01302827550705
official_bc,44,87,-291.2759155882047
official_bc,44,88,-283.5578227529914
official_bc,44,89,-292.55610763064084
official_bc,44,90,-289.3015097694455
official_bc,44,91,-289.8003163893556
official_bc,44,92,-290.14802356582845
official_bc,44,93,-291.81293229236314
official_bc,44,94,-298.447838353622
official_bc,44,95,-294.75640199671267
official_bc,44,96,-289.7786521445952
official_bc,44,97,-290.1520681405817
official_bc,44,98,-294.0171955819559
official_bc,44,99,-299.45511619745207
official_bc,44,100,-300.1210191482814
official_bc,44,101,-294.7506040512423
official_bc,44,102,-284.4805075010966
official_bc,44,103,-292.6098519186829
official_bc,44,104,-294.3463795372128
official_bc,44,105,-292.1987664832922
official_bc,44,106,-283.7600213529837
official_bc,44,107,-291.2215400441154
official_bc,44,108,-287.58791447104664
official_bc,44,109,-282.55809934388856
official_bc,44,110,-283.4231522470627
official_bc,44,111,-285.98460238360764
official_bc,44,112,-280.7096361059306
official_bc,44,113,-274.5396298560812
official_bc,44,114,-291.53213780719125
official_bc,44,115,-280.17268410601935
official_bc,44,116,-288.3849276943489
official_bc,44,117,-292.73382213331143
official_bc,44,118,-296.1457044447156
official_bc,44,119,-287.7693659634299
official_bc,44,120,-290.1228169735268
official_bc,44,121,-292.5439834334064
official_bc,44,122,-279.00276208143487
official_bc,44,123,-284.3450202435944
official_bc,44,124,-292.8201347961696
official_bc,44,125,-274.9562713495693
official_bc,44,126,-293.5524536709203
official_bc,44,127,-294.0610921798736
official_bc,44,128,-288.80759913681936
official_bc,44,129,-292.8183847895022
official_bc,44,130,-275.0119388157895
official_bc,44,131,-291.6624572470062
official_bc,44,132,-289.79571959086286
official_bc,44,133,-292.38016361332683
official_bc,44,134,-285.0761603838427
official_bc,44,135,-291.20295059960944
official_bc,44,136,-287.4145016336938
official_bc,44,137,-289.8508317458915
official_bc,44,138,-296.73521592068255
official_bc,44,139,-290.6114432513574
official_bc,44,140,-289.5080314827135
official_bc,44,141,-289.348490443232
official_bc,44,142,-295.6024035559495
official_bc,44,143,-283.2189830804132
official_bc,44,144,-280.31611515366234
official_bc,44,145,-288.4157249125571
official_bc,44,146,-293.70634502365823
official_bc,44,147,-290.44830097396436
official_bc,44,148,-292.6066547167861
official_bc,44,149,-290.4751094861083
official_bc,44,150,-293.0399464415078
official_bc,44,151,-294.9256084695735
official_bc,44,152,-291.54463140499075
official_bc,44,153,-294.9445282740127
official_bc,44,154,-286.730853458436
official_bc,44,155,-288.7707361100564
official_bc,44,156,-284.22531162122806
official_bc,44,157,-289.97961735617395
official_bc,44,158,-297.6291292899234
official_bc,44,159,-285.032248104069
official_bc,44,160,-289.9292254503639
official_bc,44,161,-291.2761164813219
official_bc,44,162,-291.5149511785339
official_bc,44,163,-289.6986062348125
official_bc,44,164,-293.9720267869942
official_bc,44,165,-288.7094510268548
official_bc,44,166,-286.3526662710809
official_bc,44,167,-282.83045283883166
official_bc,44,168,-291.2456137769829
official_bc,44,169,-287.38903731703084
official_bc,44,170,-282.748947962555
official_bc,44,171,-288.9838710067996
official_bc,44,172,-286.9960624880325
official_bc,44,173,-296.5125050903554
official_bc,44,174,-286.9307996500361
official_bc,44,175,-289.740777211168
official_bc,44,176,-293.24844899667806
official_bc,44,177,-288.6478210488885
official_bc,44,178,-293.71682970118206
official_bc,44,179,-279.90913180078246
official_bc,44,180,-294.1651086470707
official_bc,44,181,-289.57432549008547
official_bc,44,182,-283.17178998726934
official_bc,44,183,-293.6836060344097
official_bc,44,184,-288.9600769170014
official_bc,44,185,-282.5442734266215
official_bc,44,186,-287.6445685716912
official_bc,44,187,-293.25875052943496
official_bc,44,188,-290.22152345087756
official_bc,44,189,-283.1050525155506
official_bc,44,190,-282.80159547328924
official_bc,44,191,-287.5985090240387
official_bc,44,192,-289.90100499394634
official_bc,44,193,-283.6624448807017
official_bc,44,194,-292.02284212376844
official_bc,44,195,-284.50675627444355
official_bc,44,196,-284.1919075645828
official_bc,44,197,-297.2923059168339
official_bc,44,198,-275.78556682434834
official_bc,44,199,-299.00202532558467
official_bc,44,200,-294.21866399687275
official_bc,44,201,-292.3320710513493
official_bc,44,202,-295.0136246068847
official_bc,44,203,-292.2976671407115
official_bc,44,204,-288.55321428896355
official_bc,44,205,-289.76064747270595
official_bc,44,206,-288.622157473152
official_bc,44,207,-289.91440142253145
official_bc,44,208,-286.7721607760657
official_bc,44,209,-293.259960898944
official_bc,44,210,-287.3569130115454
official_bc,44,211,-287.99185110622943
official_bc,44,212,-292.7458113865184
official_bc,44,213,-284.0529819217926
official_bc,44,214,-288.7904510776101
official_bc,44,215,-295.0216538463997
official_bc,44,216,-290.1727074868769
official_bc,44,217,-286.41719740401254
official_bc,44,218,-276.62962281663016
official_bc,44,219,-290.98777390604334
official_bc,44,220,-294.1754484282809
official_bc,44,221,-298.76181911189025
official_bc,44,222,-297.0408299432104
official_bc,44,223,-287.7698444171225
official_bc,44,224,-296.87473495923314
official_bc,44,225,-293.99896381309316
official_bc,44,226,-294.0398623992228
official_bc,44,227,-300.8887400105774
official_bc,44,228,-293.4397228070028
official_bc,44,229,-286.346212258391
official_bc,44,230,-287.59492174315324
official_bc,44,231,-290.4671118585224
official_bc,44,232,-283.70082498955804
official_bc,44,233,-289.1543964780534
official_bc,44,234,-291.1199990950507
official_bc,44,235,-282.6467880468339
official_bc,44,236,-288.6072580567361
official_bc,44,237,-292.99453917143205
official_bc,44,238,-295.2908089575218
official_bc,44,239,-294.54474022554666
official_bc,44,240,-289.47886406642436
official_bc,44,241,-287.5290975940348
official_bc,44,242,-290.5704422811981
official_bc,44,243,-282.6938061345087
official_bc,44,244,-285.8817263216507
official_bc,44,245,-280.26510809183526
official_bc,44,246,-294.111393524396
official_bc,44,247,-284.28538761667244
official_bc,44,248,-282.2607097100905
official_bc,44,249,-291.5655235036589
official_bc,44,250,-295.1701546230285
official_bc,44,251,-296.6403146728011
official_bc,44,252,-294.8848431887366
official_bc,44,253,-298.6139910622866
official_bc,44,254,-290.5887244631127
official_bc,44,255,-276.63622420242405
official_bc,44,256,-295.97232039465916
official_bc,44,257,-289.74562932055005
official_bc,44,258,-289.5108352241513
official_bc,44,259,-291.1398383850084
official_bc,44,260,-291.7039385320604
official_bc,44,261,-290.1745073948545
official_bc,44,262,-289.24217141196056
official_bc,44,263,-291.06334386881906
official_bc,44,264,-293.2289084466746
official_bc,44,265,-282.22756698568196
official_bc,44,266,-288.2460427949369
official_bc,44,267,-297.0730241766813
official_bc,44,268,-276.1374104601248
official_bc,44,269,-296.6338083636734
official_bc,44,270,-290.88055441957704
official_bc,44,271,-296.6735807175887
official_bc,44,272,-292.2121719835843
official_bc,44,273,-290.69006866271354
official_bc,44,274,-296.78304778588483
official_bc,44,275,-293.8614011917389
official_bc,44,276,-296.0599043246587
official_bc,44,277,-295.00244793591537
official_bc,44,278,-289.99119542128557
official_bc,44,279,-290.7399622464277
official_bc,44,280,-283.67839076876584
official_bc,44,281,-291.2959567644094
official_bc,44,282,-291.32507899099966
official_bc,44,283,-291.5154525909151
official_bc,44,284,-294.50709477997617
official_bc,44,285,-294.4397392016933
official_bc,44,286,-274.8414624541579
official_bc,44,287,-293.9331017875672
official_bc,44,288,-291.0557558597287
official_bc,44,289,-281.75349984063496
official_bc,44,290,-288.7105329096462
official_bc,44,291,-282.59244552067764
official_bc,44,292,-296.65232544560513
official_bc,44,293,-293.1095879012563
official_bc,44,294,-297.2687925902136
official_bc,44,295,-292.8787706722656
official_bc,44,296,-295.78430161327765
official_bc,44,297,-289.40937344421644
official_bc,44,298,-293.8219925444572
official_bc,44,299,-295.3958635263506
official_bc,44,300,-293.62258043954915
official_bc,44,301,-282.77019822595526
official_bc,44,302,-283.2985996550807
official_bc,44,303,-296.35010447218605
official_bc,44,304,-283.31504727267526
official_bc,44,305,-291.3685142599996
official_bc,44,306,-291.64786275099146
official_bc,44,307,-288.70265370031086
official_bc,44,308,-294.75686478478997
official_bc,44,309,-294.6545558255517
official_bc,44,310,-285.9471211026438
official_bc,44,311,-287.1034946802522
official_bc,44,312,-286.0201674877302
official_bc,44,313,-281.54590154843174
official_bc,44,314,-293.9918343246567
official_bc,44,315,-295.9624102052482
official_bc,44,316,-286.4419394522447
official_bc,44,317,-296.9172052695693
official_bc,44,318,-287.27046836775696
official_bc,44,319,-291.15270621631885
official_bc,44,320,-288.62074973105825
official_bc,44,321,-299.4458809335678
official_bc,44,322,-293.73492246951463
official_bc,44,323,-291.3987919663566
official_bc,44,324,-282.41702010800674
official_bc,44,325,-293.4561975700881
official_bc,44,326,-292.98867260394695
official_bc,44,327,-282.15293088808585
official_bc,44,328,-279.0159678469745
official_bc,44,329,-297.3656963425085
official_bc,44,330,-284.85786947645533
official_bc,44,331,-294.19895894261447
official_bc,44,332,-289.44890678987355
official_bc,44,333,-288.0264560302784
official_bc,44,334,-279.50817550052636
official_bc,44,335,-292.5057497853005
official_bc,44,336,-283.7702867436473
official_bc,44,337,-298.44490090915934
official_bc,44,338,-292.2852437296468
official_bc,44,339,-289.7522006911694
official_bc,44,340,-292.8961129690942
official_bc,44,341,-299.4504132085544
official_bc,44,342,-289.8340105537417
official_bc,44,343,-291.6198221358543
official_bc,44,344,-290.52861381614605
official_bc,44,345,-300.3657202183036
official_bc,44,346,-284.73337919062146
official_bc,44,347,-283.3912887491862
official_bc,44,348,-294.6360788904964
official_bc,44,349,-289.2035638344779
official_bc,44,350,-288.1821940378617
official_bc,44,351,-291.9395787323158
official_bc,44,352,-298.0845172373069
official_bc,44,353,-291.4572656514411
official_bc,44,354,-293.7875470142651
official_bc,44,355,-295.5227123189088
official_bc,44,356,-292.38913494049905
official_bc,44,357,-293.94091250672994
official_bc,44,358,-288.52173283215853
official_bc,44,359,-281.2300103548258
official_bc,44,360,-292.41499900244185
official_bc,44,361,-297.0422343873331
official_bc,44,362,-294.7646838307994
official_bc,44,363,-285.54817895602525
official_bc,44,364,-287.35530244795314
official_bc,44,365,-293.54560359081387
official_bc,44,366,-280.8925940727133
official_bc,44,367,-286.40612998571044
official_bc,44,368,-290.1624922089264
official_bc,44,369,-291.67030919620515
official_bc,44,370,-293.16333942368857
official_bc,44,371,-289.96341276589266
official_bc,44,372,-299.8181590996313
official_bc,44,373,-289.95605481157094
official_bc,44,374,-294.5329967103529
official_bc,44,375,-296.0871410591719
official_bc,44,376,-294.8503253514065
official_bc,44,377,-288.0812775728791
official_bc,44,378,-291.75664799768
official_bc,44,379,-295.6897185403582
official_bc,44,380,-285.9555693590059
official_bc,44,381,-286.7249012685474
official_bc,44,382,-291.573320500546
official_bc,44,383,-288.0193663304244
official_bc,44,384,-295.4824763286726
official_bc,44,385,-291.92094214406103
official_bc,44,386,-288.54146571165074
official_bc,44,387,-296.8793138340505
official_bc,44,388,-289.1657420936083
official_bc,44,389,-292.6029893914558
official_bc,44,390,-290.45484311338646
official_bc,44,391,-284.9261336141228
official_bc,44,392,-286.8786219064639
official_bc,44,393,-293.60996191724166
official_bc,44,394,-291.62871493614665
official_bc,44,395,-284.2679238010869
official_bc,44,396,-284.5049695008853
official_bc,44,397,-289.36942189261964
official_bc,44,398,-292.3232928230664
official_bc,44,399,-291.6187617263564
official_bc,44,400,-289.42959917992516
official_bc,44,401,-300.97638028922097
official_bc,44,402,-290.6183017014456
official_bc,44,403,-290.4254546201848
official_bc,44,404,-283.87901871838676
official_bc,44,405,-293.6601966619096
official_bc,44,406,-285.78802984266053
official_bc,44,407,-291.8257596267544
official_bc,44,408,-299.58687382468395
official_bc,44,409,-281.7028586192913
official_bc,44,410,-292.2588954934897
official_bc,44,411,-295.5541115459205
official_bc,44,412,-281.79388751290657
official_bc,44,413,-302.2606835554253
official_bc,44,414,-287.7558746572978
official_bc,44,415,-289.9850353701865
official_bc,44,416,-287.15645209323833
official_bc,44,417,-281.2948242878693
official_bc,44,418,-286.27636072004356
official_bc,44,419,-292.6263202762886
official_bc,44,420,-293.4575908924327
official_bc,44,421,-293.75459860668684
official_bc,44,422,-285.13053599449205
official_bc,44,423,-296.1215737487273
official_bc,44,424,-292.4486698690544
official_bc,44,425,-292.57744362046594
official_bc,44,426,-289.1602429716278
official_bc,44,427,-279.7753808918144
official_bc,44,428,-293.9995008427437
official_bc,44,429,-294.8556795291373
official_bc,44,430,-285.3686666583161
official_bc,44,431,-297.2237317399062
official_bc,44,432,-289.91598699502345
official_bc,44,433,-296.3953233786748
official_bc,44,434,-292.36440544961954
official_bc,44,435,-287.43061994031234
official_bc,44,436,-291.3331528119158
official_bc,44,437,-289.6282734908033
official_bc,44,438,-292.42603376622156
official_bc,44,439,-282.1425781403267
official_bc,44,440,-293.04445274389315
official_bc,44,441,-293.2083059838897
official_bc,44,442,-294.51459592203014
official_bc,44,443,-292.74727296880314
official_bc,44,444,-293.96957032001956
official_bc,44,445,-289.81842003554027
official_bc,44,446,-296.5839387828048
official_bc,44,447,-293.49118575925445
official_bc,44,448,-284.976579159172
official_bc,44,449,-295.1369247686109
official_bc,44,450,-287.04033124039665
official_bc,44,451,-292.82049100830596
official_bc,44,452,-289.09288788191475
official_bc,44,453,-290.6729687654576
official_bc,44,454,-291.25334472229855
official_bc,44,455,-291.84744134899046
official_bc,44,456,-284.6331483834386
official_bc,44,457,-292.7090711389602
official_bc,44,458,-292.85934710876313
official_bc,44,459,-290.8334825659708
official_bc,44,460,-289.1176163015805
official_bc,44,461,-289.0835898622602
official_bc,44,462,-293.20805699946055
official_bc,44,463,-290.2504576877151
official_bc,44,464,-285.13486250242437
official_bc,44,465,-293.2810382433166
official_bc,44,466,-290.76437383085283
official_bc,44,467,-291.1408674114805
official_bc,44,468,-289.22591421884005
official_bc,44,469,-296.8633339326309
official_bc,44,470,-298.09805767176226
official_bc,44,471,-272.42985660397466
official_bc,44,472,-298.45058818030543
official_bc,44,473,-292.8683215091013
official_bc,44,474,-295.04760693252183
official_bc,44,475,-287.32844647074876
official_bc,44,476,-294.61883761385786
official_bc,44,477,-287.00213873198095
official_bc,44,478,-287.162774392878
official_bc,44,479,-289.22366197672125
official_bc,44,480,-285.9282459607361
official_bc,44,481,-286.24155201506534
official_bc,44,482,-285.5898714945007
official_bc,44,483,-292.3080994285418
official_bc,44,484,-285.74162887712544
official_bc,44,485,-289.9328237084441
official_bc,44,486,-297.14369611403725
official_bc,44,487,-295.01371041122945
official_bc,44,488,-288.0767310661083
official_bc,44,489,-285.66603639281266
official_bc,44,490,-290.90765915398373
official_bc,44,491,-291.78332466883876
official_bc,44,492,-294.0035638281338
official_bc,44,493,-290.28867806031093
official_bc,44,494,-292.41987036780455
official_bc,44,495,-291.4666530589399
official_bc,44,496,-289.58851578420587
official_bc,44,497,-290.8076045447914
official_bc,44,498,-287.64743796232784
official_bc,44,499,-292.47744327158233
official_bc,44,500,-287.62121158579157
official_bc,44,501,-288.9747113249098
official_bc,44,502,-290.3033572525824
official_bc,44,503,-288.25238069656496
official_bc,44,504,-292.44903282054156
official_bc,44,505,-292.4466787368684
official_bc,44,506,-296.95758000578195
official_bc,44,507,-294.73120246598745
official_bc,44,508,-287.1423786166546
official_bc,44,509,-290.89226306874525
official_bc,44,510,-281.3180116155693
official_bc,44,511,-283.2378907684971
official_bc,44,512,-284.0015268258255
official_bc,44,513,-287.2554129663333
official_bc,44,514,-293.57189187853015
official_bc,44,515,-286.0655905423562
official_bc,44,516,-286.1595990446501
official_bc,44,517,-293.4861835219036
official_bc,44,518,-282.9264436798968
official_bc,44,519,-290.45829282391946
official_bc,44,520,-295.040832097771
official_bc,44,521,-298.4146329277879
official_bc,44,522,-294.7934842495833
official_bc,44,523,-295.4436727942279
official_bc,44,524,-280.3933899520638
official_bc,44,525,-294.62144186197315
official_bc,44,526,-286.6137145499919
official_bc,44,527,-296.351067479508
official_bc,44,528,-291.2034871096538
official_bc,44,529,-293.5913711137294
official_bc,44,530,-300.3908121200833
official_bc,44,531,-291.68695929199316
official_bc,44,532,-281.68173468367695
official_bc,44,533,-285.17490370140274
official_bc,44,534,-295.94414783877176
official_bc,44,535,-285.6409004646687
official_bc,44,536,-289.5683539097637
official_bc,44,537,-287.9990967184678
official_bc,44,538,-290.59997221750115
official_bc,44,539,-292.55880423993955
official_bc,44,540,-295.1989145681318
official_bc,44,541,-292.8916248072926
official_bc,44,542,-287.07271412628086
official_bc,44,543,-284.18230332319655
official_bc,44,544,-294.49832728288584
official_bc,44,545,-287.32680372262706
official_bc,44,546,-289.9260395070839
official_bc,44,547,-290.4798539201342
official_bc,44,548,-284.77949962008495
official_bc,44,549,-297.11293121094235
official_bc,44,550,-294.28628358912044
official_bc,44,551,-291.22497939014005
official_bc,44,552,-289.9737029542585
official_bc,44,553,-292.66902321026964
official_bc,44,554,-293.7004661802613
official_bc,44,555,-295.2342732488283
official_bc,44,556,-294.87159957784803
official_bc,44,557,-292.34859377496366
official_bc,44,558,-297.0849181407057
official_bc,44,559,-280.0862712137097
official_bc,44,560,-273.88395037687405
official_bc,44,561,-288.8912178930988
official_bc,44,562,-291.66855276165245
official_bc,44,563,-287.3391072888802
official_bc,44,564,-288.98431914225006
official_bc,44,565,-290.0843977289305
official_bc,44,566,-293.18759791224466
official_bc,44,567,-284.15794478576964
official_bc,44,568,-293.115097980262
official_bc,44,569,-289.0745163902431
official_bc,44,570,-275.2505628495065
official_bc,44,571,-293.1212925701096
official_bc,44,572,-299.53131910987986
official_bc,44,573,-291.8257862862412
official_bc,44,574,-288.83188363757483
official_bc,44,575,-279.2335262506849
official_bc,44,576,-296.5026489297261
official_bc,44,577,-283.6577088087715
official_bc,44,578,-284.86146074863143
official_bc,44,579,-288.4761384571027
official_bc,44,580,-288.4058269230246
official_bc,44,581,-284.0343322195055
official_bc,44,582,-287.1558692612861
official_bc,44,583,-293.79890733274254
official_bc,44,584,-285.8043057863999
official_bc,44,585,-295.7131078294064
official_bc,44,586,-294.1888466993126
official_bc,44,587,-270.96839202788277
official_bc,44,588,-293.2999480611295
official_bc,44,589,-294.58491845116487
official_bc,44,590,-298.6011743524052
official_bc,44,591,-291.9753059597663
official_bc,44,592,-276.7297073679954
official_bc,44,593,-301.12312762485755
official_bc,44,594,-279.83426545014726
official_bc,44,595,-287.03716566738683
official_bc,44,596,-291.01363122602436
official_bc,44,597,-297.14886485267215
official_bc,44,598,-285.37567939332615
official_bc,44,599,-288.4966447438492
official_bc,44,600,-287.35673549260656
official_bc,44,601,-286.4143143248633
official_bc,44,602,-284.96209498095527
official_bc,44,603,-275.3111628422547
official_bc,44,604,-294.20696882675287
official_bc,44,605,-291.2033794244245
official_bc,44,606,-286.8249718641933
official_bc,44,607,-298.88007568034845
official_bc,44,608,-296.0892608909567
official_bc,44,609,-295.20265671659666
official_bc,44,610,-290.0554321906395
official_bc,44,611,-298.0596179676031
official_bc,44,612,-292.3742706618857
official_bc,44,613,-285.7991503787636
official_bc,44,614,-291.12630568642226
official_bc,44,615,-292.6712656151824
official_bc,44,616,-280.17497501470825
official_bc,44,617,-290.81359877970107
official_bc,44,618,-286.64122483199094
official_bc,44,619,-288.3302874933139
official_bc,44,620,-293.0749965615412
official_bc,44,621,-290.4767055894596
official_bc,44,622,-296.8553489486565
official_bc,44,623,-293.47074238172445
official_bc,44,624,-291.21154355079176
official_bc,44,625,-295.62559871203143
official_bc,44,626,-290.514944587679
official_bc,44,627,-299.66535457712195
official_bc,44,628,-289.36064854897955
official_bc,44,629,-290.6924259870921
official_bc,44,630,-288.0930582072659
official_bc,44,631,-283.6539928874289
official_bc,44,632,-295.4971677412068
official_bc,44,633,-283.20750255207565
official_bc,44,634,-289.4203858174919
official_bc,44,635,-288.52139059866425
official_bc,44,636,-295.533172688295
official_bc,44,637,-278.75965682437993
official_bc,44,638,-291.004071589039
official_bc,44,639,-290.6522852397429
official_bc,44,640,-294.01137396931983
official_bc,44,641,-289.9622137547786
official_bc,44,642,-294.0057003873783
official_bc,44,643,-295.8978442008093
official_bc,44,644,-280.6423001433257
official_bc,44,645,-281.00836335262386
official_bc,44,646,-290.56496932900905
official_bc,44,647,-291.0051070773644
official_bc,44,648,-294.6588529667532
official_bc,44,649,-294.6349327396855
official_bc,44,650,-291.6837950261744
official_bc,44,651,-283.18353357303016
official_bc,44,652,-293.83787066056084
official_bc,44,653,-291.20589759845603
official_bc,44,654,-292.18500940645055
official_bc,44,655,-297.40074373515563
official_bc,44,656,-295.5884562086975
official_bc,44,657,-287.2541518525038
official_bc,44,658,-295.52225195941287
official_bc,44,659,-293.4888935937931
official_bc,44,660,-292.2832849444662
official_bc,44,661,-295.88535110048315
official_bc,44,662,-288.62683430300626
official_bc,44,663,-287.32575081321806
official_bc,44,664,-289.3125487226441
official_bc,44,665,-297.09783790626886
official_bc,44,666,-289.7204960941151
official_bc,44,667,-287.1826681082955
official_bc,44,668,-282.7345295712609
official_bc,44,669,-292.8636850454544
official_bc,44,670,-283.0894411543011
official_bc,44,671,-298.8144539038191
official_bc,44,672,-287.21319247818303
official_bc,44,673,-290.07164911168513
official_bc,44,674,-295.46533631030434
official_bc,44,675,-296.12996116475824
official_bc,44,676,-298.1288362094328
official_bc,44,677,-297.7554360444143
official_bc,44,678,-288.3136700850499
official_bc,44,679,-296.09167039431435
official_bc,44,680,-289.48637254251196
official_bc,44,681,-298.2991682859111
official_bc,44,682,-278.1983837445738
official_bc,44,683,-287.08248852445803
official_bc,44,684,-288.6114210999905
official_bc,44,685,-289.683112835715
official_bc,44,686,-292.7562778028874
official_bc,44,687,-289.27496646638883
official_bc,44,688,-295.15564188822947
official_bc,44,689,-284.21023597813337
official_bc,44,690,-297.92996528918
official_bc,44,691,-294.17039479300377
official_bc,44,692,-289.7618366596344
official_bc,44,693,-291.4372482180976
official_bc,44,694,-288.7940564150527
official_bc,44,695,-294.3916321572922
official_bc,44,696,-274.88300140244326
official_bc,44,697,-293.47493061009345
official_bc,44,698,-296.37697897785796
official_bc,44,699,-295.3435615367446
official_bc,44,700,-287.36984630340754
official_bc,44,701,-295.5041342377574
official_bc,44,702,-296.404091735769
official_bc,44,703,-289.55688796698587
official_bc,44,704,-288.2299705063609
official_bc,44,705,-283.85130701925254
official_bc,44,706,-293.8705508664911
official_bc,44,707,-292.04238577987223
official_bc,44,708,-290.4165217240965
official_bc,44,709,-294.6860964248509
official_bc,44,710,-287.8529221837827
official_bc,44,711,-289.3838736682737
official_bc,44,712,-290.209732868476
official_bc,44,713,-293.75046681275177
official_bc,44,714,-298.3232713027862
official_bc,44,715,-297.3473983727683
official_bc,44,716,-288.1846501538575
official_bc,44,717,-289.0494059521727
official_bc,44,718,-289.4489716405842
official_bc,44,719,-296.40027957257894
official_bc,44,720,-294.90453734439575
official_bc,44,721,-290.65254275739346
official_bc,44,722,-296.5860115195003
official_bc,44,723,-287.9933522850549
official_bc,44,724,-291.83552280996537
official_bc,44,725,-290.20043542485024
official_bc,44,726,-285.95626638185416
official_bc,44,727,-291.85051429829434
official_bc,44,728,-287.0918844292024
official_bc,44,729,-294.54697204166405
official_bc,44,730,-282.358692190868
official_bc,44,731,-287.19789238623474
official_bc,44,732,-290.45500246739147
official_bc,44,733,-286.67333273000975
official_bc,44,734,-294.35747257232936
official_bc,44,735,-285.77621436301575
official_bc,44,736,-293.40336317391905
official_bc,44,737,-283.8916817838982
official_bc,44,738,-295.4112587173304
official_bc,44,739,-293.47114989568183
official_bc,44,740,-295.1693302008389
official_bc,44,741,-290.3108057596335
official_bc,44,742,-287.0342300175477
official_bc,44,743,-292.87839401748687
official_bc,44,744,-298.88278495505926
official_bc,44,745,-293.7675458459177
official_bc,44,746,-290.36706222875637
official_bc,44,747,-283.0902012942545
official_bc,44,748,-288.43395716505205
official_bc,44,749,-289.832803072393
official_bc,44,750,-290.2476679445511
official_bc,44,751,-292.89215736802703
official_bc,44,752,-286.37443143354835
official_bc,44,753,-292.369198937822
official_bc,44,754,-282.7743718852825
official_bc,44,755,-295.04572493646236
official_bc,44,756,-281.89769300221616
official_bc,44,757,-290.81239583589763
official_bc,44,758,-287.83414809567796
official_bc,44,759,-293.5433331187522
official_bc,44,760,-293.73368847201056
official_bc,44,761,-292.93272431835004
official_bc,44,762,-298.507989777528
official_bc,44,763,-293.9719157987957
official_bc,44,764,-293.63266637142226
official_bc,44,765,-291.5098825677669
official_bc,44,766,-293.00890162555277
official_bc,44,767,-289.29455197810853
official_bc,44,768,-294.5353632280177
official_bc,44,769,-283.1899553856588
official_bc,44,770,-284.37193329418744
official_bc,44,771,-292.5464789460609
official_bc,44,772,-282.1027892474394
official_bc,44,773,-277.42677557034506
official_bc,44,774,-287.6185554209944
official_bc,44,775,-295.81606411273725
official_bc,44,776,-290.3050501963529
official_bc,44,777,-289.1972708852717
official_bc,44,778,-287.4163510660849
official_bc,44,779,-288.954079455305
official_bc,44,780,-297.4309387409317
official_bc,44,781,-293.9374789768887
official_bc,44,782,-294.7577637209109
official_bc,44,783,-293.3551923519436
official_bc,44,784,-279.134100034884
official_bc,44,785,-293.3766489750673
official_bc,44,786,-278.0772251379308
official_bc,44,787,-298.1768982970658
official_bc,44,788,-296.606438941311
official_bc,44,789,-290.67453756182454
official_bc,44,790,-284.1493815396688
official_bc,44,791,-275.63089789518864
official_bc,44,792,-294.3171834177671
official_bc,44,793,-295.6767043260135
official_bc,44,794,-291.65939261662083
official_bc,44,795,-294.7634531252168
official_bc,44,796,-288.1212026846484
official_bc,44,797,-294.6808198985207
official_bc,44,798,-295.46141456396606
official_bc,44,799,-290.5868290216866
official_bc,44,800,-291.75271051888916
official_bc,44,801,-286.13926591658554
official_bc,44,802,-291.090698703871
official_bc,44,803,-288.16578734085607
official_bc,44,804,-290.42850264083546
official_bc,44,805,-295.3190935437421
official_bc,44,806,-285.283367683932
official_bc,44,807,-292.40341644401315
official_bc,44,808,-291.9634795129429
official_bc,44,809,-293.53727498946444
official_bc,44,810,-286.4274223386923
official_bc,44,811,-292.4761648318475
official_bc,44,812,-295.9923193968884
official_bc,44,813,-281.10211561083435
official_bc,44,814,-293.3020822863109
official_bc,44,815,-285.3279020091989
official_bc,44,816,-287.6276922769187
official_bc,44,817,-297.43783016145267
official_bc,44,818,-295.0467004445622
official_bc,44,819,-290.7337623063862
official_bc,44,820,-291.9044608216909
official_bc,44,821,-286.7538039689592
official_bc,44,822,-283.6727988058974
official_bc,44,823,-283.2189583933908
official_bc,44,824,-290.41168403058947
official_bc,44,825,-294.7836300992948
official_bc,44,826,-294.89038192865917
official_bc,44,827,-279.5231924111778
official_bc,44,828,-295.5803292024622
official_bc,44,829,-292.2611237230707
official_bc,44,830,-289.45374976799343
official_bc,44,831,-290.11157895676575
official_bc,44,832,-293.441097908
official_bc,44,833,-286.34597543662073
official_bc,44,834,-292.0025654082091
official_bc,44,835,-291.65569066203085
official_bc,44,836,-287.5152011272925
official_bc,44,837,-295.21894255258076
official_bc,44,838,-296.8012680431812
official_bc,44,839,-292.2986096469082
official_bc,44,840,-284.6315906569775
official_bc,44,841,-284.41550906203196
official_bc,44,842,-286.459369234392
official_bc,44,843,-289.6246492688326
official_bc,44,844,-294.00877862226855
official_bc,44,845,-290.51739268069826
official_bc,44,846,-289.97358222738666
official_bc,44,847,-284.1328780498806
official_bc,44,848,-297.48569566835306
official_bc,44,849,-301.25761328575084
official_bc,44,850,-294.4670331792314
official_bc,44,851,-284.1381734472575
official_bc,44,852,-289.471127384021
official_bc,44,853,-290.1056586266781
official_bc,44,854,-296.8953431469217
official_bc,44,855,-292.52712916892335
official_bc,44,856,-290.0354571803614
official_bc,44,857,-275.67427539159
official_bc,44,858,-290.68128112036743
official_bc,44,859,-290.3503740732245
official_bc,44,860,-282.35071761748736
official_bc,44,861,-289.9584571023536
official_bc,44,862,-294.8133549676304
official_bc,44,863,-290.0725860900924
official_bc,44,864,-289.40829133215897
official_bc,44,865,-281.75146879531854
official_bc,44,866,-286.6658482100502
official_bc,44,867,-274.4150726845144
official_bc,44,868,-295.80730785364176
official_bc,44,869,-295.94987004978213
official_bc,44,870,-286.83319252091314
official_bc,44,871,-292.2610828771954
official_bc,44,872,-288.3439978426733
official_bc,44,873,-296.07073594552935
official_bc,44,874,-292.9856638587926
official_bc,44,875,-293.045643772875
official_bc,44,876,-272.6162610070955
official_bc,44,877,-297.6575904822141
official_bc,44,878,-289.89456842760217
official_bc,44,879,-285.2305644977558
official_bc,44,880,-289.23981597358033
official_bc,44,881,-289.82109291622675
official_bc,44,882,-295.7438085578791
official_bc,44,883,-289.8853275588293
official_bc,44,884,-271.33153232533283
official_bc,44,885,-278.9603683780894
official_bc,44,886,-300.6487149262437
official_bc,44,887,-278.7164789919083
official_bc,44,888,-286.61063686516275
official_bc,44,889,-295.50025826344205
official_bc,44,890,-293.2270082284816
official_bc,44,891,-287.11621325075464
official_bc,44,892,-293.05961119338934
official_bc,44,893,-294.57427629346347
official_bc,44,894,-283.40400262042755
official_bc,44,895,-289.338590139174
official_bc,44,896,-292.95410211437166
official_bc,44,897,-290.52269874710345
official_bc,44,898,-294.8116153009127
official_bc,44,899,-289.06768115695553
official_bc,44,900,-288.321594550134
official_bc,44,901,-293.3481682669832
official_bc,44,902,-283.3087539196211
official_bc,44,903,-280.2979331162698
official_bc,44,904,-292.6657486680814
official_bc,44,905,-298.6352091309767
official_bc,44,906,-296.34877544952906
official_bc,44,907,-295.1727431942451
official_bc,44,908,-287.1278669249389
official_bc,44,909,-295.3793067107527
official_bc,44,910,-282.2918797648449
official_bc,44,911,-290.62931898849
official_bc,44,912,-293.06698591343303
official_bc,44,913,-281.014856282746
official_bc,44,914,-285.1726861743887
official_bc,44,915,-293.7914224304181
official_bc,44,916,-286.62253572482575
official_bc,44,917,-282.0156271049033
official_bc,44,918,-284.18628186655656
official_bc,44,919,-298.7531561150689
official_bc,44,920,-295.3927271797568
official_bc,44,921,-288.94434782625984
official_bc,44,922,-285.8773288932786
official_bc,44,923,-294.564175962539
official_bc,44,924,-295.74677992622793
official_bc,44,925,-282.1991423647182
official_bc,44,926,-295.56278100674695
official_bc,44,927,-290.9407132991871
official_bc,44,928,-289.7394527562523
official_bc,44,929,-291.9303149918455
official_bc,44,930,-295.36749281763525
official_bc,44,931,-291.9369749474857
official_bc,44,932,-287.09227905453747
official_bc,44,933,-295.68501128132436
official_bc,44,934,-289.8963140149387
official_bc,44,935,-285.9458613732563
official_bc,44,936,-286.00087222527986
official_bc,44,937,-294.71315181635003
official_bc,44,938,-292.5211405974916
official_bc,44,939,-290.82962157245015
official_bc,44,940,-287.40913366795706
official_bc,44,941,-295.8077090516878
official_bc,44,942,-288.3758733026487
official_bc,44,943,-290.99119932529294
official_bc,44,944,-293.85176783728747
official_bc,44,945,-291.2927027466697
official_bc,44,946,-282.8030407896164
official_bc,44,947,-274.75828982612285
official_bc,44,948,-294.4795561889022
official_bc,44,949,-296.41863616764346
official_bc,44,950,-273.881335369207
official_bc,44,951,-292.199714127104
official_bc,44,952,-287.86367005748804
official_bc,44,953,-282.76397658470853
official_bc,44,954,-285.5033254202012
official_bc,44,955,-296.9575118375795
official_bc,44,956,-288.6278375894773
official_bc,44,957,-293.9412558005015
official_bc,44,958,-294.9805013758851
official_bc,44,959,-294.969859076279
official_bc,44,960,-291.49849751432737
official_bc,44,961,-297.9248419547203
official_bc,44,962,-290.3917226829021
official_bc,44,963,-287.58484046073136
official_bc,44,964,-286.85162557931824
official_bc,44,965,-291.4246069752047
official_bc,44,966,-290.4704304485221
official_bc,44,967,-289.8278902621787
official_bc,44,968,-290.0530678306314
official_bc,44,969,-290.6039568147577
official_bc,44,970,-288.75908192285067
official_bc,44,971,-278.60031417741095
official_bc,44,972,-284.04202275927054
official_bc,44,973,-293.20281739193774
official_bc,44,974,-290.3494629664659
official_bc,44,975,-296.9991264605577
official_bc,44,976,-289.5884677819379
official_bc,44,977,-292.56673074338846
official_bc,44,978,-290.9809626048277
official_bc,44,979,-286.20460704701156
official_bc,44,980,-291.9613841394505
official_bc,44,981,-284.66626978139067
official_bc,44,982,-289.4576531436742
official_bc,44,983,-289.89460105662425
official_bc,44,984,-295.16697273131535
official_bc,44,985,-299.8450110255847
official_bc,44,986,-290.3193035642042
official_bc,44,987,-288.66392929812145
official_bc,44,988,-295.5902608632557
official_bc,44,989,-291.8894997962334
official_bc,44,990,-285.8816557910198
official_bc,44,991,-297.30593241790865
official_bc,44,992,-279.10946749382765
official_bc,44,993,-289.35617424566715
official_bc,44,994,-287.33037453093516
official_bc,44,995,-291.6266818520662
official_bc,44,996,-294.15598853652
official_bc,44,997,-293.3641287551261
official_bc,44,998,-291.630523668479
official_bc,44,999,-293.8561869261939
official_bc,44,1000,-275.5976755753924
official_bc,45,1,-207.23680343750482
official_bc,45,2,-203.51682802828088
official_bc,45,3,-217.83605687704693
official_bc,45,4,-206.39758302923278
official_bc,45,5,-204.2666576119202
official_bc,45,6,-205.35806655187736
official_bc,45,7,-254.68676628884646
official_bc,45,8,-254.51277202005684
official_bc,45,9,-310.93209845942766
official_bc,45,10,-271.0592668631972
official_bc,45,11,-271.6678160360835
official_bc,45,12,-181.342400827147
official_bc,45,13,-202.69555785206063
official_bc,45,14,-189.85478419319486
official_bc,45,15,-209.08407279247209
official_bc,45,16,-210.26996687061103
official_bc,45,17,-254.2972278906984
official_bc,45,18,-185.93236589830948
official_bc,45,19,-252.91973436125366
official_bc,45,20,-194.9713792562556
official_bc,45,21,-246.64612044404114
official_bc,45,22,-319.1984110370758
official_bc,45,23,-255.16095097570644
official_bc,45,24,-263.4176880601532
official_bc,45,25,-311.79556928135656
official_bc,45,26,-188.124871521998
official_bc,45,27,-314.0753696422486
official_bc,45,28,-298.1291790131327
official_bc,45,29,-284.64766064612445
official_bc,45,30,-277.15847531510195
official_bc,45,31,-251.93392121951527
official_bc,45,32,-214.7180186457024
official_bc,45,33,-209.6352605270792
official_bc,45,34,-262.84129084895767
official_bc,45,35,-143.46890754163653
official_bc,45,36,-281.4474522999252
official_bc,45,37,-273.6921715709694
official_bc,45,38,-282.6920826188888
official_bc,45,39,-286.19781122405175
official_bc,45,40,-289.1088203164108
official_bc,45,41,-280.9017256787419
official_bc,45,42,-271.19462499446576
official_bc,45,43,-278.66242587951353
official_bc,45,44,-273.1153000493006
official_bc,45,45,-267.1003372686602
official_bc,45,46,-281.3145408254537
official_bc,45,47,-277.90179623843784
official_bc,45,48,-276.8275629989756
official_bc,45,49,-274.0117732041127
official_bc,45,50,-278.4248084350704
official_bc,45,51,-283.8216866138457
official_bc,45,52,-281.99652017222644
official_bc,45,53,-294.86199382210935
official_bc,45,54,-295.08694132231585
official_bc,45,55,-296.71438563121666
official_bc,45,56,-285.6834167676099
official_bc,45,57,-300.69504991368285
official_bc,45,58,-296.90456108570265
official_bc,45,59,-290.7527537417146
official_bc,45,60,-301.3087965216111
official_bc,45,61,-295.4192162864409
official_bc,45,62,-293.2276620067058
official_bc,45,63,-294.44758729781216
official_bc,45,64,-295.72793577271386
official_bc,45,65,-282.5056443240569
official_bc,45,66,-283.842781964659
official_bc,45,67,-286.28228228485744
official_bc,45,68,-283.8896126778068
official_bc,45,69,-276.1622607055822
official_bc,45,70,-274.2113986982057
official_bc,45,71,-283.16696046771006
official_bc,45,72,-275.5802278492729
official_bc,45,73,-272.9003459106265
official_bc,45,74,-281.57080979969214
official_bc,45,75,-285.24632969689986
official_bc,45,76,-281.31876418435456
official_bc,45,77,-291.82171933833183
official_bc,45,78,-295.79720856499773
official_bc,45,79,-279.07683413404584
official_bc,45,80,-293.48728001826197
official_bc,45,81,-297.7977631016568
official_bc,45,82,-301.5880202196929
official_bc,45,83,-302.17311347784266
official_bc,45,84,-294.3009392591629
official_bc,45,85,-294.5990473486178
official_bc,45,86,-295.7235610506384
official_bc,45,87,-288.51895791545064
official_bc,45,88,-287.2999287129911
official_bc,45,89,-289.23498232512696
official_bc,45,90,-289.6065359673712
official_bc,45,91,-290.1295186322164
official_bc,45,92,-288.5597682806225
official_bc,45,93,-287.89679968307837
official_bc,45,94,-287.2743197376606
official_bc,45,95,-283.6258415022758
official_bc,45,96,-293.6423093740363
official_bc,45,97,-285.82073327529196
official_bc,45,98,-288.21885862118927
official_bc,45,99,-288.23132437816435
official_bc,45,100,-293.95564182964387
official_bc,45,101,-291.2922334441547
official_bc,45,102,-286.650203092684
official_bc,45,103,-283.239939236115
official_bc,45,104,-289.01730831626935
official_bc,45,105,-289.53702966358134
official_bc,45,106,-286.6217696473632
official_bc,45,107,-280.94769235221264
official_bc,45,108,-288.0024614759972
official_bc,45,109,-289.43601930327424
official_bc,45,110,-286.73210294007845
official_bc,45,111,-287.84678304616017
official_bc,45,112,-295.00525465542233
official_bc,45,113,-289.78196463763504
official_bc,45,114,-299.2713999523147
official_bc,45,115,-291.6972867418784
official_bc,45,116,-292.40027771814795
official_bc,45,117,-296.7724980774502
official_bc,45,118,-296.56558642886876
official_bc,45,119,-293.9700368956614
official_bc,45,120,-296.8317015673839
official_bc,45,121,-280.345027651062
official_bc,45,122,-298.0478310023661
official_bc,45,123,-293.14113133537813
official_bc,45,124,-286.02663488227097
official_bc,45,125,-287.21562765707716
official_bc,45,126,-289.69758413524323
official_bc,45,127,-284.47895439810134
official_bc,45,128,-291.5754588402837
official_bc,45,129,-294.7016384974702
official_bc,45,130,-287.13717143886447
official_bc,45,131,-292.8075096140578
official_bc,45,132,-282.83601043008395
official_bc,45,133,-296.62321874408553
official_bc,45,134,-290.9454342947901
official_bc,45,135,-297.27576226414004
official_bc,45,136,-288.2268727125766
official_bc,45,137,-282.67412268259415
official_bc,45,138,-281.9355352862116
official_bc,45,139,-286.7336061963086
official_bc,45,140,-287.85052719594734
official_bc,45,141,-292.1942975329266
official_bc,45,142,-290.90607300925785
official_bc,45,143,-289.8644258803787
official_bc,45,144,-294.76056159015275
official_bc,45,145,-296.33678290601557
official_bc,45,146,-294.19908575594985
official_bc,45,147,-294.38225748064247
official_bc,45,148,-294.47547067725435
official_bc,45,149,-289.1294491107858
official_bc,45,150,-286.5550727014982
official_bc,45,151,-288.5663526697394
official_bc,45,152,-288.24779341537237
official_bc,45,153,-285.43200124504295
official_bc,45,154,-291.29813343869426
official_bc,45,155,-290.11224289707224
official_bc,45,156,-294.5240396404255
official_bc,45,157,-279.45034498385706
official_bc,45,158,-287.67418186240843
official_bc,45,159,-288.3520805650601
official_bc,45,160,-283.9718271530618
official_bc,45,161,-297.72815360132483
official_bc,45,162,-289.12768522110525
official_bc,45,163,-286.82154006379153
official_bc,45,164,-270.49312566935197
official_bc,45,165,-274.085708616271
official_bc,45,166,-296.33328700548645
official_bc,45,167,-292.9092622450826
official_bc,45,168,-290.13439478095523
official_bc,45,169,-289.68707358106076
official_bc,45,170,-297.0155222866423
official_bc,45,171,-288.9166368253767
official_bc,45,172,-284.2715862111786
official_bc,45,173,-297.7275549246898
official_bc,45,174,-294.30956758484376
official_bc,45,175,-290.26216007767033
official_bc,45,176,-297.0937397458366
official_bc,45,177,-286.9429198379856
official_bc,45,178,-289.61135559370854
official_bc,45,179,-287.9718539301273
official_bc,45,180,-284.5310122642662
official_bc,45,181,-288.52810031288425
official_bc,45,182,-291.00957225359883
official_bc,45,183,-280.7047678602651
official_bc,45,184,-288.3572614354805
official_bc,45,185,-297.6767528319042
official_bc,45,186,-291.37077650357696
official_bc,45,187,-286.3522366948308
official_bc,45,188,-287.67551697490103
official_bc,45,189,-291.72252235695834
official_bc,45,190,-292.3499627669795
official_bc,45,191,-292.3015166923024
official_bc,45,192,-291.03571854640717
official_bc,45,193,-281.8585519349574
official_bc,45,194,-294.32053872928975
official_bc,45,195,-292.7468885156983
official_bc,45,196,-291.4314703536153
official_bc,45,197,-292.291924071461
official_bc,45,198,-287.66731657632107
official_bc,45,199,-288.90026379874536
official_bc,45,200,-289.5169910601695
official_bc,45,201,-295.88714526902766
official_bc,45,202,-293.23095508548175
official_bc,45,203,-278.6562011513019
official_bc,45,204,-283.2148038302055
official_bc,45,205,-288.1615787188071
official_bc,45,206,-290.79302845840067
official_bc,45,207,-284.46960720923767
official_bc,45,208,-295.8836351652741
official_bc,45,209,-295.6251733599246
official_bc,45,210,-294.49869359632453
official_bc,45,211,-296.11945086863557
official_bc,45,212,-296.39532185473746
official_bc,45,213,-291.77618299055774
official_bc,45,214,-289.88292283992627
official_bc,45,215,-294.6973083687916
official_bc,45,216,-287.0058201897868
official_bc,45,217,-288.81109516883896
official_bc,45,218,-290.0194008052547
official_bc,45,219,-290.7621317347696
official_bc,45,220,-286.5095130601138
official_bc,45,221,-289.26378148611127
official_bc,45,222,-292.8132722012255
official_bc,45,223,-287.1985498363406
official_bc,45,224,-288.8281246452596
official_bc,45,225,-297.39654768143964
official_bc,45,226,-296.891445672989
official_bc,45,227,-287.12408866678896
official_bc,45,228,-293.4401028241199
official_bc,45,229,-292.90173042298477
official_bc,45,230,-291.2885786333085
official_bc,45,231,-285.96145998453574
official_bc,45,232,-292.71414488546344
official_bc,45,233,-295.46523212639113
official_bc,45,234,-292.60696813100884
official_bc,45,235,-290.5698147782613
official_bc,45,236,-292.90457137393855
official_bc,45,237,-289.27226157410746
official_bc,45,238,-286.97680256340243
official_bc,45,239,-281.98902314495007
official_bc,45,240,-292.0749953994207
official_bc,45,241,-279.8987907781148
official_bc,45,242,-289.23831825035467
official_bc,45,243,-289.33653979394825
official_bc,45,244,-294.02531667979696
official_bc,45,245,-287.801217040834
official_bc,45,246,-295.11268244248544
official_bc,45,247,-292.2072788977521
official_bc,45,248,-283.04341162263216
official_bc,45,249,-294.01893330399525
official_bc,45,250,-274.24736155276236
official_bc,45,251,-285.4219708954262
official_bc,45,252,-287.67439843478985
official_bc,45,253,-287.9248383639055
official_bc,45,254,-292.0654565132281
official_bc,45,255,-280.5890602962524
official_bc,45,256,-291.60088496966017
official_bc,45,257,-293.13530078984655
official_bc,45,258,-289.5259134780953
official_bc,45,259,-289.36221600819
official_bc,45,260,-287.7123323190569
official_bc,45,261,-292.67427089850423
official_bc,45,262,-289.491644379464
official_bc,45,263,-296.9216809977571
official_bc,45,264,-296.08512404662946
official_bc,45,265,-292.47751772360493
official_bc,45,266,-290.6378652124884
official_bc,45,267,-289.4883979861493
official_bc,45,268,-298.83930713488877
official_bc,45,269,-284.1141374025645
official_bc,45,270,-289.9578769060574
official_bc,45,271,-291.32238856770255
official_bc,45,272,-287.07107518231294
official_bc,45,273,-289.6504664724984
official_bc,45,274,-288.5117157164802
official_bc,45,275,-290.368982063326
official_bc,45,276,-285.18343651551635
official_bc,45,277,-289.9172481626241
official_bc,45,278,-285.94651881755965
official_bc,45,279,-293.9165242938987
official_bc,45,280,-292.7796331727429
official_bc,45,281,-291.441927760058
official_bc,45,282,-290.32808356148195
official_bc,45,283,-281.1065771106956
official_bc,45,284,-291.7687714005489
official_bc,45,285,-294.0396038625814
official_bc,45,286,-284.67794692886145
official_bc,45,287,-295.44325294217043
official_bc,45,288,-292.13800349972803
official_bc,45,289,-291.54148503008946
official_bc,45,290,-292.8249357806446
official_bc,45,291,-299.14129344128713
official_bc,45,292,-289.018625311704
official_bc,45,293,-282.75423291606603
official_bc,45,294,-288.2889081180131
official_bc,45,295,-295.8288059574294
official_bc,45,296,-289.1375917516195
official_bc,45,297,-285.2250803731593
official_bc,45,298,-291.8576020826662
official_bc,45,299,-289.22589165408664
official_bc,45,300,-280.7106289934924
official_bc,45,301,-288.97650138232314
official_bc,45,302,-295.79211346540785
official_bc,45,303,-296.311372627089
official_bc,45,304,-296.6012455840705
official_bc,45,305,-280.6698455153399
official_bc,45,306,-288.8649854321794
official_bc,45,307,-289.464824097453
official_bc,45,308,-288.2035242510063
official_bc,45,309,-282.9321974120278
official_bc,45,310,-292.6882041772607
official_bc,45,311,-287.26828586704227
official_bc,45,312,-291.24958235642873
official_bc,45,313,-279.9258929607025
official_bc,45,314,-294.9323321329898
official_bc,45,315,-302.8140062555782
official_bc,45,316,-283.0289189963205
official_bc,45,317,-293.79859090761846
official_bc,45,318,-286.9664515501016
official_bc,45,319,-292.8357542460482
official_bc,45,320,-288.58290536794095
official_bc,45,321,-290.0062045105672
official_bc,45,322,-284.9848213824784
official_bc,45,323,-291.0218091214342
official_bc,45,324,-291.1523701780482
official_bc,45,325,-285.9326166701831
official_bc,45,326,-288.0928434385169
official_bc,45,327,-287.4431416799
official_bc,45,328,-297.65238069740894
official_bc,45,329,-284.8116231864657
official_bc,45,330,-296.8372363180842
official_bc,45,331,-287.28207031203266
official_bc,45,332,-293.0940689182855
official_bc,45,333,-293.33435741734
official_bc,45,334,-292.736741379156
official_bc,45,335,-298.8326386750829
official_bc,45,336,-296.087391215583
official_bc,45,337,-286.2309727683566
official_bc,45,338,-286.0277343610246
official_bc,45,339,-295.5504071210354
official_bc,45,340,-296.5036779007664
official_bc,45,341,-284.399478715977
official_bc,45,342,-295.1665890477486
official_bc,45,343,-291.9185547436428
official_bc,45,344,-289.4410496090304
official_bc,45,345,-290.20387905810713
official_bc,45,346,-287.16684748582867
official_bc,45,347,-279.4060280178916
official_bc,45,348,-292.0276073957959
official_bc,45,349,-284.60940920232224
official_bc,45,350,-292.24035535392215
official_bc,45,351,-294.0549746198867
official_bc,45,352,-298.1695905675974
official_bc,45,353,-292.40968195083104
official_bc,45,354,-278.8973161797026
official_bc,45,355,-294.6448479387154
official_bc,45,356,-280.70590531858886
official_bc,45,357,-287.6508098604123
official_bc,45,358,-294.32237802201394
official_bc,45,359,-292.10782460661164
official_bc,45,360,-273.3012178717142
official_bc,45,361,-296.924117812255
official_bc,45,362,-291.3264738779977
official_bc,45,363,-292.8791329507359
official_bc,45,364,-293.0026625376206
official_bc,45,365,-288.80697944785226
official_bc,45,366,-291.4401935702299
official_bc,45,367,-288.7375587415517
official_bc,45,368,-288.1231788927687
official_bc,45,369,-285.8227345012261
official_bc,45,370,-291.75051913785506
official_bc,45,371,-295.340179130872
official_bc,45,372,-290.56542213686265
official_bc,45,373,-290.0389557252125
official_bc,45,374,-288.9834699358848
official_bc,45,375,-290.7890647512788
official_bc,45,376,-293.0199378535164
official_bc,45,377,-294.5765687196649
official_bc,45,378,-286.20490421071105
official_bc,45,379,-287.597236894034
official_bc,45,380,-283.5012835655301
official_bc,45,381,-285.6521800558557
official_bc,45,382,-297.3894951934135
official_bc,45,383,-288.675148808477
official_bc,45,384,-289.9717508856155
official_bc,45,385,-277.83284654821364
official_bc,45,386,-298.7220274011538
official_bc,45,387,-293.97575856659364
official_bc,45,388,-291.6685862219998
official_bc,45,389,-283.7658731385942
official_bc,45,390,-299.70760198597475
official_bc,45,391,-292.03503429097
official_bc,45,392,-286.20120083213413
official_bc,45,393,-286.7809943808694
official_bc,45,394,-295.2216771579789
official_bc,45,395,-285.24841090154285
official_bc,45,396,-283.5879835535576
official_bc,45,397,-291.06325437572514
official_bc,45,398,-289.9711184107908
official_bc,45,399,-297.539619916335
official_bc,45,400,-291.96498334428975
official_bc,45,401,-294.4807193312532
official_bc,45,402,-278.74068896251
official_bc,45,403,-292.6597954756122
official_bc,45,404,-300.24822007705814
official_bc,45,405,-288.21325993888445
official_bc,45,406,-294.18266663874715
official_bc,45,407,-296.6733101580536
official_bc,45,408,-294.7792148978598
official_bc,45,409,-288.18392259629707
official_bc,45,410,-289.1063324549725
official_bc,45,411,-284.78896843948445
official_bc,45,412,-296.114601402506
official_bc,45,413,-290.30281743609953
official_bc,45,414,-283.8507941728627
official_bc,45,415,-283.51032437275313
official_bc,45,416,-291.5354665087098
official_bc,45,417,-292.8986850405343
official_bc,45,418,-288.0090581625729
official_bc,45,419,-289.64252633278136
official_bc,45,420,-287.76328635184507
official_bc,45,421,-298.1339188403395
official_bc,45,422,-282.2010639114675
official_bc,45,423,-293.3239974917276
official_bc,45,424,-293.37577397541753
official_bc,45,425,-294.8203145826906
official_bc,45,426,-296.40169633256414
official_bc,45,427,-281.681204692694
official_bc,45,428,-292.5684368858615
official_bc,45,429,-290.41347580913816
official_bc,45,430,-267.7851335867798
official_bc,45,431,-294.7177686273535
official_bc,45,432,-282.7351931940456
official_bc,45,433,-291.4832665884968
official_bc,45,434,-289.95964685646624
official_bc,45,435,-289.768698220212
official_bc,45,436,-297.55623197923495
official_bc,45,437,-298.08691019354995
official_bc,45,438,-293.386734267366
official_bc,45,439,-292.9848605419603
official_bc,45,440,-300.53356999332584
official_bc,45,441,-294.6422532028936
official_bc,45,442,-290.8330011115761
official_bc,45,443,-290.4626425761425
official_bc,45,444,-283.3509728482715
official_bc,45,445,-291.4090094451214
official_bc,45,446,-291.4304670625283
official_bc,45,447,-290.5855279659033
official_bc,45,448,-287.40136039219897
official_bc,45,449,-287.07374893311686
official_bc,45,450,-290.98487520052834
official_bc,45,451,-292.6013908233782
official_bc,45,452,-285.7480985179387
official_bc,45,453,-288.07951345882174
official_bc,45,454,-280.3508352105838
official_bc,45,455,-282.81196917927457
official_bc,45,456,-297.0955318438365
official_bc,45,457,-292.64870681643185
official_bc,45,458,-292.2121188817123
official_bc,45,459,-280.6676492784767
official_bc,45,460,-290.1706792394887
official_bc,45,461,-292.34375722876234
official_bc,45,462,-294.482518470294
official_bc,45,463,-299.33759651824323
official_bc,45,464,-294.9572211605798
official_bc,45,465,-290.72971888501667
official_bc,45,466,-292.6630405777173
official_bc,45,467,-287.1782703863302
official_bc,45,468,-294.96548672791516
official_bc,45,469,-289.47150980285863
official_bc,45,470,-286.77919460310284
official_bc,45,471,-292.7452253709469
official_bc,45,472,-281.064256855585
official_bc,45,473,-295.20177356042296
official_bc,45,474,-291.4163860270027
official_bc,45,475,-285.8780917896192
official_bc,45,476,-287.5892754259855
official_bc,45,477,-273.38042312663936
official_bc,45,478,-282.8552752605721
official_bc,45,479,-296.13776185447557
official_bc,45,480,-293.30159470016355
official_bc,45,481,-287.76765360628883
official_bc,45,482,-290.28451770730635
official_bc,45,483,-297.0946411918636
official_bc,45,484,-287.89503249756774
official_bc,45,485,-293.0874299205741
official_bc,45,486,-293.25936233678505
official_bc,45,487,-291.21366760731456
official_bc,45,488,-290.6499302512145
official_bc,45,489,-292.72736835324054
official_bc,45,490,-277.0018597138435
official_bc,45,491,-289.8250916637249
official_bc,45,492,-275.9021248777692
official_bc,45,493,-290.8210210962238
official_bc,45,494,-298.5091283203054
official_bc,45,495,-286.77066266875227
official_bc,45,496,-289.22049148321867
official_bc,45,497,-289.34774254335315
official_bc,45,498,-293.14048434310916
official_bc,45,499,-294.81526583300865
official_bc,45,500,-298.16659641859167
official_bc,45,501,-287.96185858495994
official_bc,45,502,-296.214526242269
official_bc,45,503,-281.53345278501166
official_bc,45,504,-283.9715218699309
official_bc,45,505,-283.3912873340904
official_bc,45,506,-295.4209605545718
official_bc,45,507,-288.75900501979504
official_bc,45,508,-295.3717984477356
official_bc,45,509,-291.08192694701336
official_bc,45,510,-296.02005494219407
official_bc,45,511,-288.7913905734953
official_bc,45,512,-294.0697623694835
official_bc,45,513,-297.2578432888705
official_bc,45,514,-290.9150220182921
official_bc,45,515,-295.19193781744576
official_bc,45,516,-295.5749034611202
official_bc,45,517,-290.6135658976097
official_bc,45,518,-291.7352300217444
official_bc,45,519,-289.67251925751486
official_bc,45,520,-286.26801941912686
official_bc,45,521,-289.4298994270079
official_bc,45,522,-281.46934062357764
official_bc,45,523,-293.5553408781878
official_bc,45,524,-290.351435148076
official_bc,45,525,-284.0308918760071
official_bc,45,526,-292.24135940581016
official_bc,45,527,-293.2283074901968
official_bc,45,528,-290.85493556878293
official_bc,45,529,-294.671362366022
official_bc,45,530,-291.18559465560963
official_bc,45,531,-284.7199926403917
official_bc,45,532,-299.27162744810744
official_bc,45,533,-291.4353915920442
official_bc,45,534,-285.5099022898502
official_bc,45,535,-294.4289792746026
official_bc,45,536,-278.7031709822949
official_bc,45,537,-287.3676146103867
official_bc,45,538,-297.8623324795269
official_bc,45,539,-294.94443190190276
official_bc,45,540,-290.54801253494065
official_bc,45,541,-296.2237201718905
official_bc,45,542,-292.3597003689428
official_bc,45,543,-287.5534415592801
official_bc,45,544,-291.726558385206
official_bc,45,545,-279.5970360712121
official_bc,45,546,-294.2393091196557
official_bc,45,547,-284.80034255458514
official_bc,45,548,-292.9720419213215
official_bc,45,549,-294.5779729223208
official_bc,45,550,-293.93366463365663
official_bc,45,551,-283.86177606360064
official_bc,45,552,-295.23272530068334
official_bc,45,553,-289.2094843047102
official_bc,45,554,-289.81772467148903
official_bc,45,555,-292.14624668564204
official_bc,45,556,-282.3721829957416
official_bc,45,557,-288.6205325648653
official_bc,45,558,-287.4273887026244
official_bc,45,559,-282.1994523723495
official_bc,45,560,-285.916787432136
official_bc,45,561,-293.5720325524825
official_bc,45,562,-292.23077085487046
official_bc,45,563,-295.36158847704473
official_bc,45,564,-295.89601165560623
official_bc,45,565,-285.79653730378334
official_bc,45,566,-296.5432354361426
official_bc,45,567,-296.43702342731433
official_bc,45,568,-293.42585608573415
official_bc,45,569,-287.9183518408679
official_bc,45,570,-294.8547788843518
official_bc,45,571,-288.1845711417962
official_bc,45,572,-290.89925041220386
official_bc,45,573,-292.1655636928002
official_bc,45,574,-294.125520171639
official_bc,45,575,-289.84936562610136
official_bc,45,576,-293.01393386818404
official_bc,45,577,-298.001896789875
official_bc,45,578,-292.4756596734505
official_bc,45,579,-285.7954080631488
official_bc,45,580,-287.50888947429104
official_bc,45,581,-290.87526718592864
official_bc,45,582,-280.95720058774697
official_bc,45,583,-289.7932456617511
official_bc,45,584,-299.2952087265206
official_bc,45,585,-293.9988952122771
official_bc,45,586,-293.3510427709952
official_bc,45,587,-283.43408613448923
official_bc,45,588,-297.2150881164435
official_bc,45,589,-298.575892347648
official_bc,45,590,-294.3604948020316
official_bc,45,591,-286.2187745016637
official_bc,45,592,-291.0771144368479
official_bc,45,593,-299.9883737900027
official_bc,45,594,-294.79756812944385
official_bc,45,595,-292.0128406925578
official_bc,45,596,-291.15813196571776
official_bc,45,597,-292.0441956356133
official_bc,45,598,-295.32500828045477
official_bc,45,599,-292.74590483425135
official_bc,45,600,-291.35042996399767
official_bc,45,601,-300.0464346588138
official_bc,45,602,-280.42214212849393
official_bc,45,603,-290.667800173781
official_bc,45,604,-293.0903670425557
official_bc,45,605,-280.91751310731
official_bc,45,606,-274.53064313953564
official_bc,45,607,-294.26355225976147
official_bc,45,608,-292.38345774024697
official_bc,45,609,-283.46399269845745
official_bc,45,610,-282.01308329357926
official_bc,45,611,-291.17117528500285
official_bc,45,612,-284.49659614914754
official_bc,45,613,-294.5286351559747
official_bc,45,614,-297.999467962523
official_bc,45,615,-294.48121439027045
official_bc,45,616,-297.180225845535
official_bc,45,617,-286.17494751147086
official_bc,45,618,-291.82898140783766
official_bc,45,619,-299.9965986863966
official_bc,45,620,-289.7457033385926
official_bc,45,621,-292.6103897776003
official_bc,45,622,-291.0434918998305
official_bc,45,623,-290.1821508165641
official_bc,45,624,-296.0385281591343
official_bc,45,625,-287.2737161514918
official_bc,45,626,-290.0613285918171
official_bc,45,627,-289.5944011124838
official_bc,45,628,-294.00423239723426
official_bc,45,629,-291.23755048555824
official_bc,45,630,-286.7972720806729
official_bc,45,631,-286.40172169578204
official_bc,45,632,-291.87145068097107
official_bc,45,633,-291.1515174776704
official_bc,45,634,-297.82971080960635
official_bc,45,635,-291.41529702970496
official_bc,45,636,-293.4516436567943
official_bc,45,637,-290.19069568504
official_bc,45,638,-288.95197712456286
official_bc,45,639,-281.64390031360836
official_bc,45,640,-289.92923117901773
official_bc,45,641,-289.70572860519405
official_bc,45,642,-295.57573786454395
official_bc,45,643,-287.4741364557949
official_bc,45,644,-282.85827747700114
official_bc,45,645,-285.2929148905297
official_bc,45,646,-294.63505170773647
official_bc,45,647,-293.2365274775327
official_bc,45,648,-287.72484777777333
official_bc,45,649,-286.7237765382946
official_bc,45,650,-293.33820400939214
official_bc,45,651,-293.3112685132144
official_bc,45,652,-296.7383376220586
official_bc,45,653,-290.23398503894435
official_bc,45,654,-298.2227198218296
official_bc,45,655,-280.89870846047813
official_bc,45,656,-294.2843562455027
official_bc,45,657,-290.34699658953843
official_bc,45,658,-293.6288067148051
official_bc,45,659,-279.82486278857004
official_bc,45,660,-288.42246906529397
official_bc,45,661,-292.92539740733207
official_bc,45,662,-291.8322092535278
official_bc,45,663,-292.5983469297388
official_bc,45,664,-288.89473135840825
official_bc,45,665,-293.6104565630621
official_bc,45,666,-295.523297561991
official_bc,45,667,-294.2517900237419
official_bc,45,668,-294.9982952550274
official_bc,45,669,-294.74176923287894
official_bc,45,670,-292.3483082171887
official_bc,45,671,-297.1084137544005
official_bc,45,672,-290.89506062176565
official_bc,45,673,-287.84782843060714
official_bc,45,674,-279.05735941972875
official_bc,45,675,-283.6753168029703
official_bc,45,676,-290.4952234261277
official_bc,45,677,-290.7609576344007
official_bc,45,678,-282.3305347740766
official_bc,45,679,-290.3756728230579
official_bc,45,680,-290.7010583515044
official_bc,45,681,-290.28951521540995
official_bc,45,682,-277.9027372760938
official_bc,45,683,-276.94658208340593
official_bc,45,684,-293.77072256413646
official_bc,45,685,-284.9484800692603
official_bc,45,686,-298.93604038617707
official_bc,45,687,-284.12668877964666
official_bc,45,688,-298.729283884624
official_bc,45,689,-294.527835176897
official_bc,45,690,-288.7327414034187
official_bc,45,691,-292.79581343340067
official_bc,45,692,-288.8464063682326
official_bc,45,693,-295.6630127042985
official_bc,45,694,-288.4090925868019
official_bc,45,695,-288.75144442794834
official_bc,45,696,-283.93033518440353
official_bc,45,697,-288.52106202699173
official_bc,45,698,-279.90608867647137
official_bc,45,699,-295.3624788762358
official_bc,45,700,-293.32119671068716
official_bc,45,701,-293.79298180196236
official_bc,45,702,-296.90471316647535
official_bc,45,703,-278.15463097252626
official_bc,45,704,-298.6693042858346
official_bc,45,705,-285.7674439057928
official_bc,45,706,-287.0072665997533
official_bc,45,707,-291.2900797542425
official_bc,45,708,-288.67374079516316
official_bc,45,709,-289.12153665666824
official_bc,45,710,-295.90318885322006
official_bc,45,711,-295.3417580465526
official_bc,45,712,-290.560264349068
official_bc,45,713,-285.84223100870724
official_bc,45,714,-296.0969252909852
official_bc,45,715,-291.66470531136827
official_bc,45,716,-289.6849527021807
official_bc,45,717,-292.1794196969038
official_bc,45,718,-292.76789660962095
official_bc,45,719,-287.21376057879706
official_bc,45,720,-293.569987863768
official_bc,45,721,-288.4723297478355
official_bc,45,722,-294.47114726341204
official_bc,45,723,-288.23230157958585
official_bc,45,724,-294.3021590189083
official_bc,45,725,-291.1212415858514
official_bc,45,726,-290.0121283734504
official_bc,45,727,-288.06969056867223
official_bc,45,728,-293.4400341107995
official_bc,45,729,-293.1299739153449
official_bc,45,730,-293.83855324735123
official_bc,45,731,-293.16263191293467
official_bc,45,732,-285.67066696635857
official_bc,45,733,-292.0063533879038
official_bc,45,734,-293.93044504263503
official_bc,45,735,-287.2486708308057
official_bc,45,736,-294.9645805223598
official_bc,45,737,-279.57291523977267
official_bc,45,738,-291.2375362474612
official_bc,45,739,-286.5942966406197
official_bc,45,740,-296.0829039573551
official_bc,45,741,-289.25868560984054
official_bc,45,742,-285.3467322883758
official_bc,45,743,-287.3839394550238
official_bc,45,744,-295.5710152777109
official_bc,45,745,-292.7715281562015
official_bc,45,746,-292.51123674758367
official_bc,45,747,-291.23179788234313
official_bc,45,748,-294.7457711652925
official_bc,45,749,-288.4058308918984
official_bc,45,750,-280.4823535896155
official_bc,45,751,-290.12063337327635
official_bc,45,752,-293.65690667316926
official_bc,45,753,-287.64410297155507
official_bc,45,754,-294.45825362227885
official_bc,45,755,-281.4519043831843
official_bc,45,756,-286.4463999730253
official_bc,45,757,-291.7859492645656
official_bc,45,758,-285.9335746194968
official_bc,45,759,-287.8369198400427
official_bc,45,760,-290.10579627654465
official_bc,45,761,-296.70884344130263
official_bc,45,762,-295.4975106747918
official_bc,45,763,-288.3967147759426
official_bc,45,764,-286.8939451946839
official_bc,45,765,-290.3058137175922
official_bc,45,766,-297.3111507515488
official_bc,45,767,-284.7426830745752
official_bc,45,768,-288.694849457042
official_bc,45,769,-296.5617767356707
official_bc,45,770,-294.85243697791304
official_bc,45,771,-294.3428828678438
official_bc,45,772,-291.44234818978424
official_bc,45,773,-272.26050488774257
official_bc,45,774,-282.9048308365342
official_bc,45,775,-296.9246963717331
official_bc,45,776,-286.7780484702217
official_bc,45,777,-289.44756004460044
official_bc,45,778,-291.2463454787792
official_bc,45,779,-293.138735528467
official_bc,45,780,-289.4059646832037
official_bc,45,781,-290.27208626763957
official_bc,45,782,-289.6324476306862
official_bc,45,783,-288.1209127016152
official_bc,45,784,-295.5488550791496
official_bc,45,785,-295.4797424592526
official_bc,45,786,-291.1473047647196
official_bc,45,787,-276.28817213766865
official_bc,45,788,-287.41221100592145
official_bc,45,789,-290.84155602692095
official_bc,45,790,-290.53384363043415
official_bc,45,791,-288.28634003271947
official_bc,45,792,-291.973018346246
official_bc,45,793,-286.70161605424005
official_bc,45,794,-281.582880834152
official_bc,45,795,-285.209203930475
official_bc,45,796,-283.60561158941755
official_bc,45,797,-288.6031548064991
official_bc,45,798,-297.41861919879796
official_bc,45,799,-291.22014023427397
official_bc,45,800,-291.6603686437886
official_bc,45,801,-287.104368656287
official_bc,45,802,-291.38797031690183
official_bc,45,803,-296.83384030041964
official_bc,45,804,-289.0116125839237
official_bc,45,805,-299.5061766767451
official_bc,45,806,-285.6180299956508
official_bc,45,807,-294.10248958251225
official_bc,45,808,-278.5308514710578
official_bc,45,809,-295.7885480641887
official_bc,45,810,-275.91925334117786
official_bc,45,811,-294.207556427013
official_bc,45,812,-288.1270306821641
official_bc,45,813,-289.03199993277843
official_bc,45,814,-285.4273942719664
official_bc,45,815,-284.7033562711142
official_bc,45,816,-279.61080777473177
official_bc,45,817,-286.9020789663477
official_bc,45,818,-275.0981654987443
official_bc,45,819,-292.65740738799036
official_bc,45,820,-287.8723126387333
official_bc,45,821,-293.52387571084654
official_bc,45,822,-302.27690778493707
official_bc,45,823,-295.349227404654
official_bc,45,824,-296.06878488096925
official_bc,45,825,-292.24437143603865
official_bc,45,826,-292.6532241523752
official_bc,45,827,-297.744385586885
official_bc,45,828,-290.5212138695765
official_bc,45,829,-296.4760037755288
official_bc,45,830,-292.57648170402246
official_bc,45,831,-292.1992795098118
official_bc,45,832,-286.3089790271445
official_bc,45,833,-283.4118618984608
official_bc,45,834,-282.01862132980364
official_bc,45,835,-284.3367037954464
official_bc,45,836,-286.05848720058134
official_bc,45,837,-285.6278704185246
official_bc,45,838,-291.69541825671155
official_bc,45,839,-292.3918325695094
official_bc,45,840,-289.9978921478041
official_bc,45,841,-301.3918461065649
official_bc,45,842,-296.7836206184066
official_bc,45,843,-298.94252169647945
official_bc,45,844,-295.04999573197006
official_bc,45,845,-297.8959365488266
official_bc,45,846,-298.0264254853953
official_bc,45,847,-293.1353905369963
official_bc,45,848,-292.46913976354165
official_bc,45,849,-291.3941751148069
official_bc,45,850,-270.2020326309787
official_bc,45,851,-296.7522827801548
official_bc,45,852,-290.76692722662534
official_bc,45,853,-288.3300703499381
official_bc,45,854,-288.37125687933235
official_bc,45,855,-294.8883560314106
official_bc,45,856,-295.80780069257344
official_bc,45,857,-288.5614292339442
official_bc,45,858,-295.7081045396079
official_bc,45,859,-287.342032938142
official_bc,45,860,-293.89982044378655
official_bc,45,861,-286.1437147776412
official_bc,45,862,-295.0737846371608
official_bc,45,863,-292.73595987092045
official_bc,45,864,-291.114914323848
official_bc,45,865,-294.19442962271165
official_bc,45,866,-296.8376642851279
official_bc,45,867,-292.13902076135497
official_bc,45,868,-283.3388434059121
official_bc,45,869,-292.7348280767682
official_bc,45,870,-296.24949879274004
official_bc,45,871,-286.5888964398278
official_bc,45,872,-289.1532942877732
official_bc,45,873,-287.2213102926976
official_bc,45,874,-286.6106362250832
official_bc,45,875,-288.2464400387064
official_bc,45,876,-284.96382824034634
official_bc,45,877,-282.1907400986585
official_bc,45,878,-291.2915849823575
official_bc,45,879,-286.98632319826584
official_bc,45,880,-295.2540080410295
official_bc,45,881,-285.5766375980328
official_bc,45,882,-297.4791288737964
official_bc,45,883,-284.2101803149658
official_bc,45,884,-294.60335172969314
official_bc,45,885,-295.56086621982234
official_bc,45,886,-296.3653367289878
official_bc,45,887,-300.1710014095116
official_bc,45,888,-298.8254493122168
official_bc,45,889,-296.2660956222915
official_bc,45,890,-285.08810783906097
official_bc,45,891,-284.1803567682897
official_bc,45,892,-292.35274983831624
official_bc,45,893,-291.2808031249838
official_bc,45,894,-274.41818887880265
official_bc,45,895,-288.59642707370347
official_bc,45,896,-286.3211857500071
official_bc,45,897,-285.04217039501526
official_bc,45,898,-290.709185001132
official_bc,45,899,-291.20182509680103
official_bc,45,900,-286.5848298421263
official_bc,45,901,-290.7613109558083
official_bc,45,902,-289.24739002064115
official_bc,45,903,-294.78518830781104
official_bc,45,904,-295.9498230409663
official_bc,45,905,-297.5833662226056
official_bc,45,906,-282.4008124127531
official_bc,45,907,-290.90706905998684
official_bc,45,908,-296.19751125300553
official_bc,45,909,-293.39546862385816
official_bc,45,910,-297.4304027508178
official_bc,45,911,-292.2570071448409
official_bc,45,912,-276.71511048816296
official_bc,45,913,-291.42815473908746
official_bc,45,914,-288.4704568862628
official_bc,45,915,-288.3628756441975
official_bc,45,916,-284.09241569548635
official_bc,45,917,-292.81215404988745
official_bc,45,918,-283.06184920876547
official_bc,45,919,-284.58586372765524
official_bc,45,920,-286.1816205719494
official_bc,45,921,-291.73851022739206
official_bc,45,922,-293.4614467763212
official_bc,45,923,-293.9339029561883
official_bc,45,924,-299.5958083475067
official_bc,45,925,-294.5897131881061
official_bc,45,926,-288.4180320100876
official_bc,45,927,-288.77804818239326
official_bc,45,928,-294.8969780093447
official_bc,45,929,-286.5522163983273
official_bc,45,930,-287.82056952023754
official_bc,45,931,-281.5786600651066
official_bc,45,932,-299.19762077619873
official_bc,45,933,-282.97346449209965
official_bc,45,934,-296.5746517273257
official_bc,45,935,-296.19986183771783
official_bc,45,936,-291.992983225339
official_bc,45,937,-295.70467997100207
official_bc,45,938,-285.72111580761305
official_bc,45,939,-296.8614197205634
official_bc,45,940,-285.8696119449646
official_bc,45,941,-290.8345658640131
official_bc,45,942,-288.9300244075059
official_bc,45,943,-277.7289192602224
official_bc,45,944,-284.7051989288269
official_bc,45,945,-290.39501863876967
official_bc,45,946,-293.9711397700569
official_bc,45,947,-288.3468328001343
official_bc,45,948,-293.70220268803644
official_bc,45,949,-295.0846559457013
official_bc,45,950,-299.2680696398643
official_bc,45,951,-284.56432603423673
official_bc,45,952,-287.46652599049145
official_bc,45,953,-286.90549352507253
official_bc,45,954,-292.04474575135885
official_bc,45,955,-288.0913364765663
official_bc,45,956,-287.1899251585203
official_bc,45,957,-291.24235061347446
official_bc,45,958,-293.9719930131611
official_bc,45,959,-287.3132529351494
official_bc,45,960,-294.80565742113225
official_bc,45,961,-296.120197397574
official_bc,45,962,-296.11226634397246
official_bc,45,963,-284.1451196387501
official_bc,45,964,-281.6120543728631
official_bc,45,965,-293.33778876039696
official_bc,45,966,-292.0702875950448
official_bc,45,967,-294.6536025720185
official_bc,45,968,-285.6982006828172
official_bc,45,969,-290.603970240042
official_bc,45,970,-296.9645776562683
official_bc,45,971,-294.35337952594085
official_bc,45,972,-285.3006363333673
official_bc,45,973,-289.3113600435488
official_bc,45,974,-280.8864279006626
official_bc,45,975,-293.66394986147134
official_bc,45,976,-286.618416951714
official_bc,45,977,-297.1672830902327
official_bc,45,978,-296.8783465541011
official_bc,45,979,-284.71504092919673
official_bc,45,980,-288.25920410083427
official_bc,45,981,-291.68365231462803
official_bc,45,982,-295.42723286786656
official_bc,45,983,-292.95322711507555
official_bc,45,984,-294.16095300036494
official_bc,45,985,-294.8466754935412
official_bc,45,986,-296.74150025675954
official_bc,45,987,-286.02798509205337
official_bc,45,988,-293.76371529521475
official_bc,45,989,-295.54179404802517
official_bc,45,990,-290.8666945361692
official_bc,45,991,-296.4871918166118
official_bc,45,992,-286.5454480832796
official_bc,45,993,-293.4876228891305
official_bc,45,994,-293.1493401197049
official_bc,45,995,-290.93839982923566
official_bc,45,996,-287.01031932172276
official_bc,45,997,-290.6947966147659
official_bc,45,998,-290.7682020458969
official_bc,45,999,-282.4449222650221
official_bc,45,1000,-290.80776937133413
official_bc,46,1,-213.53020172966404
official_bc,46,2,-208.61717172926032
official_bc,46,3,-224.58751562435856
official_bc,46,4,-208.82656273166052
official_bc,46,5,-192.2673480479503
official_bc,46,6,-208.58462773285564
official_bc,46,7,-234.71991957060965
official_bc,46,8,-267.3564628969693
official_bc,46,9,-205.6336395649348
official_bc,46,10,-235.1052395134492
official_bc,46,11,-164.5376949443812
official_bc,46,12,-206.58414827430437
official_bc,46,13,-219.48342461415223
official_bc,46,14,-159.64668199240606
official_bc,46,15,-181.90440230014215
official_bc,46,16,-245.1786632274746
official_bc,46,17,-271.5100205093294
official_bc,46,18,-217.88272537854948
official_bc,46,19,-242.56030959625997
official_bc,46,20,-271.1228303587768
official_bc,46,21,-290.18121688201137
official_bc,46,22,-303.1530860583164
official_bc,46,23,-191.20612883755632
official_bc,46,24,-171.97087894197207
official_bc,46,25,-292.13819867725977
official_bc,46,26,-264.31912788508276
official_bc,46,27,-177.33144631051175
official_bc,46,28,-290.5308152838228
official_bc,46,29,-158.8071568858052
official_bc,46,30,-266.4942873048426
official_bc,46,31,-263.7576381196331
official_bc,46,32,-258.48998484783846
official_bc,46,33,-234.19667701753804
official_bc,46,34,-227.59296641555892
official_bc,46,35,-275.0940469840477
official_bc,46,36,-284.7097355469644
official_bc,46,37,-286.61518609267154
official_bc,46,38,-282.6193261933327
official_bc,46,39,-277.1113865463102
official_bc,46,40,-282.77548051178076
official_bc,46,41,-277.31120565789445
official_bc,46,42,-273.37282480181045
official_bc,46,43,-286.8840970346297
official_bc,46,44,-276.5394546597747
official_bc,46,45,-269.3052300337892
official_bc,46,46,-277.67868466320857
official_bc,46,47,-281.8723175878632
official_bc,46,48,-277.42473302348697
official_bc,46,49,-277.463713085131
official_bc,46,50,-280.773173998095
official_bc,46,51,-282.80298022900706
official_bc,46,52,-278.1579443860622
official_bc,46,53,-290.01365842014036
official_bc,46,54,-285.23897801654323
official_bc,46,55,-299.49932380523194
official_bc,46,56,-301.1649246872299
official_bc,46,57,-292.51805896064764
official_bc,46,58,-307.7679446248178
official_bc,46,59,-298.70664423346153
official_bc,46,60,-298.4963496264528
official_bc,46,61,-296.1925300479151
official_bc,46,62,-297.16220752446935
official_bc,46,63,-287.2556080835154
official_bc,46,64,-295.53783085443894
official_bc,46,65,-283.89722289083943
official_bc,46,66,-293.1012883430353
official_bc,46,67,-285.40949707348
official_bc,46,68,-285.2967258980975
official_bc,46,69,-283.2556106555306
official_bc,46,70,-281.8209969534717
official_bc,46,71,-278.79255287491355
official_bc,46,72,-281.3691162094577
official_bc,46,73,-282.9278600734845
official_bc,46,74,-278.3357270070771
official_bc,46,75,-288.32646048709637
official_bc,46,76,-290.4254113052051
official_bc,46,77,-294.14986872453045
official_bc,46,78,-291.2056246153698
official_bc,46,79,-290.8136913388628
official_bc,46,80,-295.03192331150075
official_bc,46,81,-287.2797855017146
official_bc,46,82,-295.01704480858405
official_bc,46,83,-286.38772962421467
official_bc,46,84,-295.18714582466714
official_bc,46,85,-299.2647457561651
official_bc,46,86,-283.90870311119755
official_bc,46,87,-275.99701310342175
official_bc,46,88,-287.63071541637487
official_bc,46,89,-288.3407849789229
official_bc,46,90,-288.69824485013777
official_bc,46,91,-288.40110937037247
official_bc,46,92,-287.11375334621255
official_bc,46,93,-292.2508477198765
official_bc,46,94,-282.9584956793751
official_bc,46,95,-293.0982800297189
official_bc,46,96,-285.56708172693726
official_bc,46,97,-277.51671682415446
official_bc,46,98,-292.2729462645761
official_bc,46,99,-290.23513057274124
official_bc,46,100,-286.2572562868398
official_bc,46,101,-293.3500859237462
official_bc,46,102,-286.8851458920838
official_bc,46,103,-289.91967660091154
official_bc,46,104,-287.96215807331686
official_bc,46,105,-289.47983483799163
official_bc,46,106,-283.23939874587563
official_bc,46,107,-280.87675478034566
official_bc,46,108,-290.81350003904265
official_bc,46,109,-271.8932762074179
official_bc,46,110,-283.3746293109308
official_bc,46,111,-290.3588832297629
official_bc,46,112,-289.2398193790686
official_bc,46,113,-288.8982054577843
official_bc,46,114,-290.9688374157779
official_bc,46,115,-278.8307618217281
official_bc,46,116,-297.13752154623313
official_bc,46,117,-292.1658235294534
official_bc,46,118,-288.2229746381205
official_bc,46,119,-297.6675349622742
official_bc,46,120,-297.8317715400389
official_bc,46,121,-292.8851959764745
official_bc,46,122,-291.1159570256449
official_bc,46,123,-288.14506832233957
official_bc,46,124,-277.67359434285936
official_bc,46,125,-281.6855256116047
official_bc,46,126,-285.35784548234847
official_bc,46,127,-290.44152128582346
official_bc,46,128,-275.4334045758862
official_bc,46,129,-286.51946023377394
official_bc,46,130,-287.4518203387251
official_bc,46,131,-293.29937210745953
official_bc,46,132,-289.10217597806667
official_bc,46,133,-280.0781727619257
official_bc,46,134,-284.09452771567203
official_bc,46,135,-285.32039743684174
official_bc,46,136,-287.91001126978443
official_bc,46,137,-295.6954486673396
official_bc,46,138,-289.00913233491804
official_bc,46,139,-292.9348345061614
official_bc,46,140,-291.9645998276802
official_bc,46,141,-293.25326361027123
official_bc,46,142,-295.3184864086088
official_bc,46,143,-289.4036250521341
official_bc,46,144,-290.49467136259915
official_bc,46,145,-282.09636116714387
official_bc,46,146,-293.3833919612656
official_bc,46,147,-294.00147413852045
official_bc,46,148,-289.57442542874503
official_bc,46,149,-282.7858829420509
official_bc,46,150,-293.3172429850351
official_bc,46,151,-285.3724728682066
official_bc,46,152,-295.67593187609674
official_bc,46,153,-287.3577439805495
official_bc,46,154,-286.895810227314
official_bc,46,155,-289.70193868918
official_bc,46,156,-281.3883616477005
official_bc,46,157,-291.62777652457703
official_bc,46,158,-281.8944728565852
official_bc,46,159,-284.4344961601016
official_bc,46,160,-295.8243233804603
official_bc,46,161,-289.84515776901276
official_bc,46,162,-283.8924987011666
official_bc,46,163,-288.3930763190855
official_bc,46,164,-293.2385371518698
official_bc,46,165,-295.37243814466217
official_bc,46,166,-286.1436393597526
official_bc,46,167,-289.6921909247859
official_bc,46,168,-290.06522209989816
official_bc,46,169,-299.5245498872356
official_bc,46,170,-287.0249809956744
official_bc,46,171,-297.4681991840753
official_bc,46,172,-287.14084196931043
official_bc,46,173,-293.4568615708574
official_bc,46,174,-288.22106457920256
official_bc,46,175,-294.9727804414546
official_bc,46,176,-291.6129337668738
official_bc,46,177,-293.6228999702939
official_bc,46,178,-290.9262019601134
official_bc,46,179,-295.40724270513175
official_bc,46,180,-288.65382813458325
official_bc,46,181,-294.78930167498413
official_bc,46,182,-290.7327267559295
official_bc,46,183,-293.0197311838359
official_bc,46,184,-286.0639547048951
official_bc,46,185,-286.3630761611057
official_bc,46,186,-291.2380574814684
official_bc,46,187,-295.2915243688718
official_bc,46,188,-291.36689688833064
official_bc,46,189,-280.0207076196744
official_bc,46,190,-295.61303327599086
official_bc,46,191,-291.902196648078
official_bc,46,192,-298.42644985787786
official_bc,46,193,-286.3621345586592
official_bc,46,194,-292.48338004146933
official_bc,46,195,-289.4456587256411
official_bc,46,196,-296.17238986936013
official_bc,46,197,-293.7223985119924
official_bc,46,198,-284.8817433028795
official_bc,46,199,-294.29335660605784
official_bc,46,200,-291.76057749803863
official_bc,46,201,-292.9492952179488
official_bc,46,202,-294.9642955940186
official_bc,46,203,-294.3553957451936
official_bc,46,204,-285.15933558538404
official_bc,46,205,-281.4195909126404
official_bc,46,206,-289.9116790760331
official_bc,46,207,-282.58921579029163
official_bc,46,208,-287.0248959394242
official_bc,46,209,-286.8807135254937
official_bc,46,210,-289.2718569951659
official_bc,46,211,-292.381264414169
official_bc,46,212,-288.9433485566875
official_bc,46,213,-289.5197368404866
official_bc,46,214,-292.84156359498263
official_bc,46,215,-295.37436940206976
official_bc,46,216,-295.4306825165619
official_bc,46,217,-287.56126316147777
official_bc,46,218,-297.0494937989902
official_bc,46,219,-285.291105927343
official_bc,46,220,-292.7095254096214
official_bc,46,221,-296.29395694291077
official_bc,46,222,-291.0364553857306
official_bc,46,223,-295.3403612802639
official_bc,46,224,-294.15454345934825
official_bc,46,225,-286.9823395810747
official_bc,46,226,-292.352863856642
official_bc,46,227,-290.94090706444496
official_bc,46,228,-298.1974174206058
official_bc,46,229,-285.64670193992396
official_bc,46,230,-287.8225582525988
official_bc,46,231,-292.8875978844406
official_bc,46,232,-293.82155900918775
official_bc,46,233,-285.099957926722
official_bc,46,234,-289.2179977447076
official_bc,46,235,-288.9197911905221
official_bc,46,236,-286.377498010443
official_bc,46,237,-294.1040415881756
official_bc,46,238,-289.7410571390186
official_bc,46,239,-294.94355567681527
official_bc,46,240,-296.73781890043233
official_bc,46,241,-295.821739038925
official_bc,46,242,-294.8360557716088
official_bc,46,243,-297.9923603694218
official_bc,46,244,-287.87140023778
official_bc,46,245,-291.614866713946
official_bc,46,246,-298.96833776872523
official_bc,46,247,-281.9240581032712
official_bc,46,248,-295.5876212973226
official_bc,46,249,-283.42575252505185
official_bc,46,250,-291.27408556570333
official_bc,46,251,-284.899722019086
official_bc,46,252,-293.23303462701404
official_bc,46,253,-291.36991417687597
official_bc,46,254,-298.9804985807238
official_bc,46,255,-282.55976148496313
official_bc,46,256,-291.20886110167095
official_bc,46,257,-296.3413947131809
official_bc,46,258,-292.71541032040005
official_bc,46,259,-297.1945808269695
official_bc,46,260,-296.6029237571847
official_bc,46,261,-294.5306757076786
official_bc,46,262,-294.4923122819463
official_bc,46,263,-295.25269463240454
official_bc,46,264,-291.86813831793705
official_bc,46,265,-288.8896901136992
official_bc,46,266,-278.3756543880737
official_bc,46,267,-285.6613057755212
official_bc,46,268,-286.92286627357436
official_bc,46,269,-294.9650770498398
official_bc,46,270,-281.4614516227496
official_bc,46,271,-289.7653436875503
official_bc,46,272,-286.2282009065535
official_bc,46,273,-293.1735601927801
official_bc,46,274,-289.9777599575435
official_bc,46,275,-297.00405654418665
official_bc,46,276,-292.9804325063476
official_bc,46,277,-291.50868971380805
official_bc,46,278,-290.2262010331098
official_bc,46,279,-297.7715965250143
official_bc,46,280,-298.26454376603357
official_bc,46,281,-281.204250003268
official_bc,46,282,-284.975908374112
official_bc,46,283,-289.780440623062
official_bc,46,284,-296.13543698271195
official_bc,46,285,-285.3342202262917
official_bc,46,286,-285.89189944898203
official_bc,46,287,-293.5738043063967
official_bc,46,288,-282.3363225734106
official_bc,46,289,-288.06332961027374
official_bc,46,290,-293.8736573777286
official_bc,46,291,-288.87645680275284
official_bc,46,292,-300.51476129676564
official_bc,46,293,-294.1284399654968
official_bc,46,294,-296.6991923510361
official_bc,46,295,-290.31432638037626
official_bc,46,296,-294.5785249044997
official_bc,46,297,-288.39977212342626
official_bc,46,298,-278.1988331334226
official_bc,46,299,-293.72704315467615
official_bc,46,300,-291.1427587545138
official_bc,46,301,-279.07065194631906
official_bc,46,302,-291.019437690044
official_bc,46,303,-290.1026491050014
official_bc,46,304,-296.29273381664837
official_bc,46,305,-286.35224242204646
official_bc,46,306,-289.43805022787205
official_bc,46,307,-289.22073287521016
official_bc,46,308,-294.8122305692995
official_bc,46,309,-288.4139676583149
official_bc,46,310,-290.1419668809458
official_bc,46,311,-291.4929377129523
official_bc,46,312,-287.03292772282816
official_bc,46,313,-295.0709506217371
official_bc,46,314,-284.83023504832687
official_bc,46,315,-281.50498371914097
official_bc,46,316,-290.2136129995231
official_bc,46,317,-292.81122041674536
official_bc,46,318,-297.71684793228724
official_bc,46,319,-288.4967639211851
official_bc,46,320,-293.6396375830274
official_bc,46,321,-296.2691964097969
official_bc,46,322,-289.512541963662
official_bc,46,323,-281.8575954250982
official_bc,46,324,-292.22412601961594
official_bc,46,325,-287.22709109797216
official_bc,46,326,-285.2355230192096
official_bc,46,327,-295.82934120733654
official_bc,46,328,-292.7056155279628
official_bc,46,329,-286.1105091845278
official_bc,46,330,-284.54889880960263
official_bc,46,331,-294.60140038090293
official_bc,46,332,-286.9686362515307
official_bc,46,333,-283.504353158492
official_bc,46,334,-295.2258249082608
official_bc,46,335,-294.55623015112315
official_bc,46,336,-295.9727548090365
official_bc,46,337,-292.6122735204394
official_bc,46,338,-279.91149745923633
official_bc,46,339,-295.19487420681185
official_bc,46,340,-292.28578973087036
official_bc,46,341,-296.6341232713293
official_bc,46,342,-296.2057849066692
official_bc,46,343,-284.83266851982376
official_bc,46,344,-285.2106531507281
official_bc,46,345,-290.20421685078315
official_bc,46,346,-288.90502058684433
official_bc,46,347,-289.8694205471131
official_bc,46,348,-290.7136560102169
official_bc,46,349,-286.5750823412378
official_bc,46,350,-293.99717915523183
official_bc,46,351,-288.9243829299219
official_bc,46,352,-290.59302021940425
official_bc,46,353,-295.48064234253314
official_bc,46,354,-292.6734989163623
official_bc,46,355,-295.5787858722705
official_bc,46,356,-290.4146849482149
official_bc,46,357,-282.67030481019435
official_bc,46,358,-297.83539934054846
official_bc,46,359,-291.29086293197054
official_bc,46,360,-283.5155080942859
official_bc,46,361,-295.46692846209396
official_bc,46,362,-294.358131733831
official_bc,46,363,-290.21736666185035
official_bc,46,364,-285.1590959748046
official_bc,46,365,-276.6086210105916
official_bc,46,366,-298.03214894693883
official_bc,46,367,-294.22991564557447
official_bc,46,368,-291.7503842691094
official_bc,46,369,-287.15533839679716
official_bc,46,370,-292.6553335624277
official_bc,46,371,-293.7469481270682
official_bc,46,372,-286.155870240022
official_bc,46,373,-290.23895489455145
official_bc,46,374,-285.99371202218674
official_bc,46,375,-292.3108317138456
official_bc,46,376,-293.92174178538625
official_bc,46,377,-283.3897739147105
official_bc,46,378,-293.5236638382396
official_bc,46,379,-295.2572962016576
official_bc,46,380,-293.0316599571684
official_bc,46,381,-291.2782121487309
official_bc,46,382,-296.1819396727816
official_bc,46,383,-296.33511327004373
official_bc,46,384,-292.0447579279195
official_bc,46,385,-294.821026547604
official_bc,46,386,-285.46962133178056
official_bc,46,387,-289.72109356417457
official_bc,46,388,-280.60811961163097
official_bc,46,389,-294.78556325428445
official_bc,46,390,-298.7991043337228
official_bc,46,391,-287.83296659019953
official_bc,46,392,-290.1547477773844
official_bc,46,393,-293.62529761573626
official_bc,46,394,-293.88119095187204
official_bc,46,395,-288.540483722774
official_bc,46,396,-288.7083514684167
official_bc,46,397,-282.1955346304976
official_bc,46,398,-285.3058822145855
official_bc,46,399,-290.7218688751846
official_bc,46,400,-293.235027927411
official_bc,46,401,-294.1558557033414
official_bc,46,402,-272.65455816895576
official_bc,46,403,-294.98678179213596
official_bc,46,404,-294.65958159865806
official_bc,46,405,-288.63068735655213
official_bc,46,406,-289.1200342792305
official_bc,46,407,-299.6483835181178
official_bc,46,408,-294.21165713845903
official_bc,46,409,-293.52321826665883
official_bc,46,410,-293.0565740000251
official_bc,46,411,-290.8426426806827
official_bc,46,412,-287.6150160718896
official_bc,46,413,-288.60742791158566
official_bc,46,414,-293.08017345940704
official_bc,46,415,-283.58634593719756
official_bc,46,416,-291.95201725773626
official_bc,46,417,-294.6304188716698
official_bc,46,418,-290.98013614098994
official_bc,46,419,-289.2024847261084
official_bc,46,420,-290.80888019340597
official_bc,46,421,-288.27066804757493
official_bc,46,422,-287.7844449079664
official_bc,46,423,-288.59479465381895
official_bc,46,424,-290.6984543375016
official_bc,46,425,-291.5672921946933
official_bc,46,426,-283.96800583023
official_bc,46,427,-294.39664156945713
official_bc,46,428,-293.7452336262861
official_bc,46,429,-297.0258044586243
official_bc,46,430,-290.1596348145665
official_bc,46,431,-292.83312227900524
official_bc,46,432,-278.82227424208475
official_bc,46,433,-291.6005133317971
official_bc,46,434,-290.68429577178017
official_bc,46,435,-289.56809249868707
official_bc,46,436,-292.47746439369155
official_bc,46,437,-289.52564224138104
official_bc,46,438,-288.93752373070157
official_bc,46,439,-283.9441963729727
official_bc,46,440,-283.27853986225915
official_bc,46,441,-290.54998871853456
official_bc,46,442,-291.71645935814036
official_bc,46,443,-292.8320692345142
official_bc,46,444,-295.6594940323558
official_bc,46,445,-291.3023106210713
official_bc,46,446,-277.3105578064569
official_bc,46,447,-292.4344171455068
official_bc,46,448,-281.5980205594689
official_bc,46,449,-296.91259957104523
official_bc,46,450,-289.4177475046991
official_bc,46,451,-294.31753912721945
official_bc,46,452,-301.24913684179717
official_bc,46,453,-298.2679100967106
official_bc,46,454,-297.46651687954017
official_bc,46,455,-290.6656201042487
official_bc,46,456,-295.60861797519453
official_bc,46,457,-287.44492453988323
official_bc,46,458,-294.0679447791596
official_bc,46,459,-282.3357346867974
official_bc,46,460,-291.5697287088193
official_bc,46,461,-289.38040863086246
official_bc,46,462,-294.8738355498648
official_bc,46,463,-280.60904750134716
official_bc,46,464,-296.3277681160985
official_bc,46,465,-294.63304042696495
official_bc,46,466,-294.79857296581974
official_bc,46,467,-293.9019512393311
official_bc,46,468,-293.662896614962
official_bc,46,469,-294.59359309263425
official_bc,46,470,-289.96731062084905
official_bc,46,471,-290.2047354400893
official_bc,46,472,-288.1654954676227
official_bc,46,473,-294.330540331798
official_bc,46,474,-290.6173512592186
official_bc,46,475,-293.5553502175463
official_bc,46,476,-291.6174109438253
official_bc,46,477,-281.5554050108438
official_bc,46,478,-290.697546325323
official_bc,46,479,-286.14585601247256
official_bc,46,480,-286.07757918503916
official_bc,46,481,-279.75325496647537
official_bc,46,482,-286.18419348443956
official_bc,46,483,-283.4842735528896
official_bc,46,484,-293.16249844787745
official_bc,46,485,-297.72403652735903
official_bc,46,486,-294.0625022110074
official_bc,46,487,-295.77097507706026
official_bc,46,488,-292.3659959327539
official_bc,46,489,-292.3496476402961
official_bc,46,490,-295.07383603267147
official_bc,46,491,-300.62790994720797
official_bc,46,492,-293.96329073812484
official_bc,46,493,-289.1755337461656
official_bc,46,494,-287.4851440038917
official_bc,46,495,-291.10129335768045
official_bc,46,496,-281.65733767705
official_bc,46,497,-291.3361636270281
official_bc,46,498,-286.92538042329363
official_bc,46,499,-295.7032807234271
official_bc,46,500,-293.42887694071726
official_bc,46,501,-289.61083499389116
official_bc,46,502,-288.66509219638385
official_bc,46,503,-294.0275292664002
official_bc,46,504,-288.84600214166716
official_bc,46,505,-290.4932007867476
official_bc,46,506,-290.35449849185864
official_bc,46,507,-295.89343297964217
official_bc,46,508,-288.75002519657454
official_bc,46,509,-292.74309369908093
official_bc,46,510,-298.1328811220766
official_bc,46,511,-284.5709251159503
official_bc,46,512,-296.15869477345655
official_bc,46,513,-298.14359412299154
official_bc,46,514,-286.9250102436302
official_bc,46,515,-286.0743555857903
official_bc,46,516,-296.6425450840918
official_bc,46,517,-294.53577061694233
official_bc,46,518,-296.65429504003873
official_bc,46,519,-293.1379633888521
official_bc,46,520,-285.27318055873104
official_bc,46,521,-285.57501027866067
official_bc,46,522,-291.77898708493933
official_bc,46,523,-283.52774844254486
official_bc,46,524,-291.6372860275669
official_bc,46,525,-293.67829949958417
official_bc,46,526,-291.0604370765718
official_bc,46,527,-292.2888277222488
official_bc,46,528,-285.50117497694913
official_bc,46,529,-286.0837429767838
official_bc,46,530,-296.48815750099254
official_bc,46,531,-283.5209021045157
official_bc,46,532,-296.28428403266145
official_bc,46,533,-287.73684828973376
official_bc,46,534,-294.2558781430372
official_bc,46,535,-288.5884587169957
official_bc,46,536,-290.02811358659835
official_bc,46,537,-291.7004142857239
official_bc,46,538,-291.17597707502796
official_bc,46,539,-291.97681614673485
official_bc,46,540,-291.06596464291397
official_bc,46,541,-292.84472288950366
official_bc,46,542,-293.55920119184964
official_bc,46,543,-293.75541750189257
official_bc,46,544,-274.9434402473432
official_bc,46,545,-293.1741621018915
official_bc,46,546,-292.89682246115854
official_bc,46,547,-289.2250023107101
official_bc,46,548,-286.9246287100684
official_bc,46,549,-292.34319669087785
official_bc,46,550,-289.88249841775416
official_bc,46,551,-290.5784416399751
official_bc,46,552,-289.0010934426424
official_bc,46,553,-293.910843971967
official_bc,46,554,-286.21552622375475
official_bc,46,555,-295.71115077695475
official_bc,46,556,-289.43540505201554
official_bc,46,557,-291.77343513104165
official_bc,46,558,-296.9462258629777
official_bc,46,559,-293.79459624185
official_bc,46,560,-300.2508313879479
official_bc,46,561,-292.365050786306
official_bc,46,562,-289.36744073626795
official_bc,46,563,-295.330445920761
official_bc,46,564,-295.46299576493226
official_bc,46,565,-296.7986385703673
official_bc,46,566,-290.1142317622125
official_bc,46,567,-290.2334623076532
official_bc,46,568,-291.7753215742364
official_bc,46,569,-279.4059440737338
official_bc,46,570,-294.86433636464125
official_bc,46,571,-293.1398428140799
official_bc,46,572,-281.13448134613714
official_bc,46,573,-290.8056007975851
official_bc,46,574,-294.7974324359365
official_bc,46,575,-286.0162111733392
official_bc,46,576,-293.41359150743637
official_bc,46,577,-296.0150011323
official_bc,46,578,-290.92790072828814
official_bc,46,579,-292.4701087851496
official_bc,46,580,-295.03286163010233
official_bc,46,581,-286.2658798525992
official_bc,46,582,-290.7712353431861
official_bc,46,583,-286.46500344024946
official_bc,46,584,-286.74346921382346
official_bc,46,585,-288.9231925483173
official_bc,46,586,-278.7690981762019
official_bc,46,587,-290.38291905713925
official_bc,46,588,-290.0714278759589
official_bc,46,589,-276.3891615341672
official_bc,46,590,-291.06680903128245
official_bc,46,591,-300.1411583113263
official_bc,46,592,-295.0472672219143
official_bc,46,593,-294.45592438690295
official_bc,46,594,-290.73227025015876
official_bc,46,595,-299.5725086237914
official_bc,46,596,-289.5681329805226
official_bc,46,597,-292.32598787245104
official_bc,46,598,-300.4046001006206
official_bc,46,599,-287.39988583844246
official_bc,46,600,-289.9903623927231
official_bc,46,601,-292.48501788300763
official_bc,46,602,-280.7390784524535
official_bc,46,603,-293.0285553356667
official_bc,46,604,-278.6854215142508
official_bc,46,605,-290.26789900286684
official_bc,46,606,-287.8118978218136
official_bc,46,607,-291.4427795429617
official_bc,46,608,-296.0512277534899
official_bc,46,609,-288.5835930395692
official_bc,46,610,-294.4286245888991
official_bc,46,611,-291.29467630004604
official_bc,46,612,-290.44950456054664
official_bc,46,613,-287.20616912202235
official_bc,46,614,-294.1914729283923
official_bc,46,615,-294.1372837888067
official_bc,46,616,-295.08207880135666
official_bc,46,617,-286.6757175819759
official_bc,46,618,-295.5716893870454
official_bc,46,619,-287.79744028803583
official_bc,46,620,-295.37897688522327
official_bc,46,621,-290.47361596872344
official_bc,46,622,-288.48280939454696
official_bc,46,623,-294.5620629215155
official_bc,46,624,-287.4179212230335
official_bc,46,625,-275.3682755781515
official_bc,46,626,-288.91277431902154
official_bc,46,627,-290.9612539094352
official_bc,46,628,-290.46733872746364
official_bc,46,629,-292.4377387912875
official_bc,46,630,-295.0641361782851
official_bc,46,631,-290.0767862946626
official_bc,46,632,-296.12532223677556
official_bc,46,633,-294.5650927524516
official_bc,46,634,-286.8705150654826
official_bc,46,635,-284.6577227512733
official_bc,46,636,-275.15045050663286
official_bc,46,637,-290.56809685991414
official_bc,46,638,-284.963402633839
official_bc,46,639,-291.48593449625514
official_bc,46,640,-287.135227303167
official_bc,46,641,-290.64818282779845
official_bc,46,642,-297.07005750193485
official_bc,46,643,-289.48064637216726
official_bc,46,644,-293.3936989730539
official_bc,46,645,-291.0080722519054
official_bc,46,646,-294.07095577029366
official_bc,46,647,-292.99518627220687
official_bc,46,648,-294.3228258144195
official_bc,46,649,-294.0002616262214
official_bc,46,650,-293.21244608217415
official_bc,46,651,-286.48049273274876
official_bc,46,652,-294.9957627819757
official_bc,46,653,-272.6370188838364
official_bc,46,654,-292.27584247880657
official_bc,46,655,-290.5398769300955
official_bc,46,656,-288.0069602246758
official_bc,46,657,-290.5912885571638
official_bc,46,658,-288.1538266367095
official_bc,46,659,-288.2397614360143
official_bc,46,660,-291.4856240704064
official_bc,46,661,-289.049472689753
official_bc,46,662,-284.53293410233323
official_bc,46,663,-291.2333973053203
official_bc,46,664,-288.85692168806895
official_bc,46,665,-288.3315923497443
official_bc,46,666,-293.2553893897123
official_bc,46,667,-288.5323937862643
official_bc,46,668,-293.7962889827688
official_bc,46,669,-299.72366155644
official_bc,46,670,-295.03367578196105
official_bc,46,671,-290.7754781708551
official_bc,46,672,-284.82778157045965
official_bc,46,673,-290.82332496379064
official_bc,46,674,-278.06991859782397
official_bc,46,675,-291.80339045541444
official_bc,46,676,-283.3511068872731
official_bc,46,677,-292.61329815072867
official_bc,46,678,-292.3754703146126
official_bc,46,679,-290.4170549102032
official_bc,46,680,-289.6099586273249
official_bc,46,681,-296.55905781490753
official_bc,46,682,-285.6809577264865
official_bc,46,683,-283.11786496041
official_bc,46,684,-286.58373672561004
official_bc,46,685,-281.17625136272625
official_bc,46,686,-296.52026648594807
official_bc,46,687,-291.1162176649852
official_bc,46,688,-290.01167534754336
official_bc,46,689,-285.516297785531
official_bc,46,690,-296.81874631628426
official_bc,46,691,-291.9129295859548
official_bc,46,692,-281.6428895103959
official_bc,46,693,-289.1877921165027
official_bc,46,694,-278.083960313503
official_bc,46,695,-285.99958737831184
official_bc,46,696,-291.7000304186753
official_bc,46,697,-292.89086578310986
official_bc,46,698,-295.82694844263114
official_bc,46,699,-293.86114566340814
official_bc,46,700,-289.2603345159183
official_bc,46,701,-286.33546520142613
official_bc,46,702,-295.90173042473504
official_bc,46,703,-287.29123667291395
official_bc,46,704,-300.44297751608013
official_bc,46,705,-295.1192918184095
official_bc,46,706,-297.6574994810852
official_bc,46,707,-292.1198047959848
official_bc,46,708,-288.6899574963171
official_bc,46,709,-286.0747255252336
official_bc,46,710,-276.745231317093
official_bc,46,711,-289.91493059365905
official_bc,46,712,-289.5711688917465
official_bc,46,713,-293.1559615660394
official_bc,46,714,-288.4164001549944
official_bc,46,715,-292.94737157153384
official_bc,46,716,-289.8518168270863
official_bc,46,717,-284.48585309013487
official_bc,46,718,-296.08493257314103
official_bc,46,719,-292.62236516135795
official_bc,46,720,-291.4858603095298
official_bc,46,721,-297.77871719637886
official_bc,46,722,-284.0171243034409
official_bc,46,723,-293.3528894131033
official_bc,46,724,-292.388009315108
official_bc,46,725,-298.8590095366168
official_bc,46,726,-295.54375312609926
official_bc,46,727,-294.33940106114255
official_bc,46,728,-288.8099224787911
official_bc,46,729,-300.5926442007914
official_bc,46,730,-278.0455944394754
official_bc,46,731,-285.28139626103155
official_bc,46,732,-293.5799447031509
official_bc,46,733,-278.31313785117374
official_bc,46,734,-281.43049018657035
official_bc,46,735,-297.80423232691106
official_bc,46,736,-296.6201388063463
official_bc,46,737,-287.5477325377235
official_bc,46,738,-287.9779681381981
official_bc,46,739,-292.8002439799937
official_bc,46,740,-289.6911595466652
official_bc,46,741,-292.3017890354516
official_bc,46,742,-286.69195582839217
official_bc,46,743,-300.15368101209975
official_bc,46,744,-291.0042633376247
official_bc,46,745,-294.5709489862567
official_bc,46,746,-297.1536666997323
official_bc,46,747,-295.81182202018203
official_bc,46,748,-284.5295091742455
official_bc,46,749,-288.5608247591146
official_bc,46,750,-295.2717893500761
official_bc,46,751,-287.96538949169
official_bc,46,752,-286.7622717112592
official_bc,46,753,-291.627369784586
official_bc,46,754,-277.4043704665381
official_bc,46,755,-291.3096936001443
official_bc,46,756,-293.7429080463768
official_bc,46,757,-282.4372322571089
official_bc,46,758,-297.5757160076115
official_bc,46,759,-286.24173150350396
official_bc,46,760,-298.96935598687963
official_bc,46,761,-289.4167614482842
official_bc,46,762,-293.4465398151182
official_bc,46,763,-286.87626256496316
official_bc,46,764,-290.57908654586214
official_bc,46,765,-288.4951066161279
official_bc,46,766,-281.36768424966147
official_bc,46,767,-297.3796621316315
official_bc,46,768,-302.8087722039515
official_bc,46,769,-288.71058242456604
official_bc,46,770,-293.8289023436135
official_bc,46,771,-290.80165844206454
official_bc,46,772,-295.3524188892178
official_bc,46,773,-282.153207304071
official_bc,46,774,-285.9199112790653
official_bc,46,775,-291.9190106302674
official_bc,46,776,-293.505725957433
official_bc,46,777,-287.56694937166276
official_bc,46,778,-289.4807792123251
official_bc,46,779,-292.3993412320392
official_bc,46,780,-281.3754523089253
official_bc,46,781,-294.7781700522113
official_bc,46,782,-294.5953273776125
official_bc,46,783,-294.7304915323649
official_bc,46,784,-293.1499310994468
official_bc,46,785,-294.104944697374
official_bc,46,786,-291.41680202858333
official_bc,46,787,-295.51674626150407
official_bc,46,788,-298.0679912633759
official_bc,46,789,-291.029917777808
official_bc,46,790,-294.85092940575043
official_bc,46,791,-290.23342817487253
official_bc,46,792,-288.88861083399996
official_bc,46,793,-287.4062536927466
official_bc,46,794,-289.868516435448
official_bc,46,795,-287.20034060250464
official_bc,46,796,-288.85577346282855
official_bc,46,797,-287.40399754483343
official_bc,46,798,-285.93567137883406
official_bc,46,799,-292.8209022010321
official_bc,46,800,-295.08254927234486
official_bc,46,801,-287.9664933180706
official_bc,46,802,-277.08049292514704
official_bc,46,803,-288.4023724915256
official_bc,46,804,-289.67268840169004
official_bc,46,805,-292.044618363896
official_bc,46,806,-295.8277986040365
official_bc,46,807,-297.1045007157732
official_bc,46,808,-289.4795230733179
official_bc,46,809,-289.9391413965955
official_bc,46,810,-293.2748439452029
official_bc,46,811,-292.2557850925253
official_bc,46,812,-294.1865484661211
official_bc,46,813,-278.56344183766475
official_bc,46,814,-287.2301799247099
official_bc,46,815,-278.7562213703518
official_bc,46,816,-289.10129773411154
official_bc,46,817,-272.0202868000519
official_bc,46,818,-294.4203730506125
official_bc,46,819,-284.19805509940477
official_bc,46,820,-282.27978539300614
official_bc,46,821,-285.20523011805017
official_bc,46,822,-291.87950739611284
official_bc,46,823,-291.1134706130379
official_bc,46,824,-295.26411861179287
official_bc,46,825,-299.5505142670449
official_bc,46,826,-296.0605770409177
official_bc,46,827,-289.14910992630433
official_bc,46,828,-288.99996633643565
official_bc,46,829,-281.33651409974436
official_bc,46,830,-299.3787433820456
official_bc,46,831,-296.7281954904409
official_bc,46,832,-287.2512339162876
official_bc,46,833,-289.64984500918007
official_bc,46,834,-288.5146141837182
official_bc,46,835,-279.21319306597246
official_bc,46,836,-294.7243232421043
official_bc,46,837,-289.114633512842
official_bc,46,838,-290.7297992138497
official_bc,46,839,-284.10280502560147
official_bc,46,840,-287.0199361436528
official_bc,46,841,-302.8037281302371
official_bc,46,842,-293.5553296474686
official_bc,46,843,-282.88997939095316
official_bc,46,844,-286.92278032199476
official_bc,46,845,-296.61643887206105
official_bc,46,846,-274.15544082717867
official_bc,46,847,-278.8946230015814
official_bc,46,848,-295.7496679056054
official_bc,46,849,-295.0631555092665
official_bc,46,850,-288.75189088191337
official_bc,46,851,-284.779149984872
official_bc,46,852,-284.1383867244719
official_bc,46,853,-291.2736085261382
official_bc,46,854,-279.6273521793929
official_bc,46,855,-292.6589680932077
official_bc,46,856,-285.0183614285444
official_bc,46,857,-290.60180030566573
official_bc,46,858,-286.7275032700092
official_bc,46,859,-296.5993591125385
official_bc,46,860,-281.30308001629953
official_bc,46,861,-284.9484682225494
official_bc,46,862,-298.9435558626365
official_bc,46,863,-293.08401692303295
official_bc,46,864,-287.27892655348813
official_bc,46,865,-294.08528004435254
official_bc,46,866,-296.6307760953248
official_bc,46,867,-292.6145861269968
official_bc,46,868,-292.1717409910144
official_bc,46,869,-294.81404706270837
official_bc,46,870,-285.6526836400554
official_bc,46,871,-291.9817850400332
official_bc,46,872,-292.63420049102723
official_bc,46,873,-284.0515335459336
official_bc,46,874,-298.616930661095
official_bc,46,875,-299.6417129989695
official_bc,46,876,-291.9393841391499
official_bc,46,877,-288.3410935265192
official_bc,46,878,-289.5750714582133
official_bc,46,879,-290.98674065035476
official_bc,46,880,-277.8552267616443
official_bc,46,881,-296.94935380865604
official_bc,46,882,-290.91327411327427
official_bc,46,883,-291.75385451316515
official_bc,46,884,-296.2694689806114
official_bc,46,885,-288.85596469248605
official_bc,46,886,-294.2573172405831
official_bc,46,887,-285.5537101986226
official_bc,46,888,-291.6022193832687
official_bc,46,889,-291.00511192965115
official_bc,46,890,-287.65858905462403
official_bc,46,891,-286.4495217971811
official_bc,46,892,-290.56582058492074
official_bc,46,893,-297.39017638806985
official_bc,46,894,-290.8429970811517
official_bc,46,895,-285.96147005204097
official_bc,46,896,-291.1638915715886
official_bc,46,897,-290.26031537673896
official_bc,46,898,-290.28421101650423
official_bc,46,899,-293.1002972620203
official_bc,46,900,-293.46038526058527
official_bc,46,901,-292.1772638568862
official_bc,46,902,-284.62416737738147
official_bc,46,903,-293.9698410144498
official_bc,46,904,-292.9425180718804
official_bc,46,905,-293.98361439285844
official_bc,46,906,-286.82793809005057
official_bc,46,907,-295.6811715860924
official_bc,46,908,-289.74925699016853
official_bc,46,909,-287.3706219666335
official_bc,46,910,-286.8533847710177
official_bc,46,911,-295.3986347227908
official_bc,46,912,-286.6750186834406
official_bc,46,913,-294.79241832818315
official_bc,46,914,-294.1595778886327
official_bc,46,915,-285.6089418211633
official_bc,46,916,-290.57997786182375
official_bc,46,917,-283.53440011990597
official_bc,46,918,-294.1100176136632
official_bc,46,919,-292.1049973736933
official_bc,46,920,-297.79700513019975
official_bc,46,921,-294.9038773265897
official_bc,46,922,-289.054657097398
official_bc,46,923,-283.84759727833153
official_bc,46,924,-296.1066737908045
official_bc,46,925,-286.598749918265
official_bc,46,926,-288.42977410294907
official_bc,46,927,-289.7947243096383
official_bc,46,928,-287.38176394948465
official_bc,46,929,-287.1704344974032
official_bc,46,930,-294.4057619417607
official_bc,46,931,-290.8500546337138
official_bc,46,932,-269.63599226788256
official_bc,46,933,-283.52387383200687
official_bc,46,934,-297.01019444091924
official_bc,46,935,-294.32454606937085
official_bc,46,936,-292.46513999442624
official_bc,46,937,-291.31874046566145
official_bc,46,938,-281.67273247699063
official_bc,46,939,-300.5165582916623
official_bc,46,940,-287.2495569929448
official_bc,46,941,-299.2365430306098
official_bc,46,942,-297.32261212324477
official_bc,46,943,-287.2780246501561
official_bc,46,944,-286.89575136547666
official_bc,46,945,-287.38444068492754
official_bc,46,946,-287.4863123639978
official_bc,46,947,-289.689732762238
official_bc,46,948,-286.97447003659
official_bc,46,949,-280.33506877349765
official_bc,46,950,-289.0016864287545
official_bc,46,951,-287.6333657849369
official_bc,46,952,-281.2675024611
official_bc,46,953,-286.39601176198903
official_bc,46,954,-289.883370214177
official_bc,46,955,-277.89313664207003
official_bc,46,956,-295.95915999821267
official_bc,46,957,-301.5749024246338
official_bc,46,958,-292.00804435542597
official_bc,46,959,-284.68607945467386
official_bc,46,960,-296.91099721233593
official_bc,46,961,-292.60640079198345
official_bc,46,962,-293.8938900422124
official_bc,46,963,-293.00760708231803
official_bc,46,964,-282.2878469772602
official_bc,46,965,-284.2850038445335
official_bc,46,966,-294.9282612683355
official_bc,46,967,-291.01172773250534
official_bc,46,968,-290.0806439999082
official_bc,46,969,-284.0274000734836
official_bc,46,970,-288.5091979059443
official_bc,46,971,-282.14142948545305
official_bc,46,972,-291.3612771522788
official_bc,46,973,-288.4537330982662
official_bc,46,974,-277.61234643988956
official_bc,46,975,-293.75992894255967
official_bc,46,976,-297.63861433155466
official_bc,46,977,-287.77499549719033
official_bc,46,978,-295.1408309578408
official_bc,46,979,-290.42245702545233
official_bc,46,980,-297.0956112809931
official_bc,46,981,-292.3907794888125
official_bc,46,982,-291.0605763701235
official_bc,46,983,-290.4521920523416
official_bc,46,984,-293.0690815781879
official_bc,46,985,-290.8470782673647
official_bc,46,986,-287.8777213383403
official_bc,46,987,-288.52812595923626
official_bc,46,988,-296.9537539036596
official_bc,46,989,-294.4289980236272
official_bc,46,990,-290.52979732111197
official_bc,46,991,-291.16951483543403
official_bc,46,992,-290.6646082991871
official_bc,46,993,-282.69930699747476
official_bc,46,994,-286.374161183934
official_bc,46,995,-295.8565624492691
official_bc,46,996,-292.95136307845945
official_bc,46,997,-283.1688205605952
official_bc,46,998,-294.65347088522435
official_bc,46,999,-286.3373351321222
official_bc,46,1000,-292.3026544596726
official_bc,47,1,-191.63995178313587
official_bc,47,2,-216.26083431082043
official_bc,47,3,-215.93200516438878
official_bc,47,4,-269.83011232956324
official_bc,47,5,-217.63474870927237
official_bc,47,6,-250.5061427726813
official_bc,47,7,-184.0427586321032
official_bc,47,8,-191.98515265158153
official_bc,47,9,-174.9136537620471
official_bc,47,10,-233.4771758875365
official_bc,47,11,-289.70938457916685
official_bc,47,12,-228.5781799379539
official_bc,47,13,-254.603391531922
official_bc,47,14,-270.63907940746043
official_bc,47,15,-239.1251931023015
official_bc,47,16,-289.1066688310816
official_bc,47,17,-280.08954560785537
official_bc,47,18,-231.91418848958477
official_bc,47,19,-265.1857699171705
official_bc,47,20,-191.61133924914094
official_bc,47,21,-260.80620821855854
official_bc,47,22,-223.1620819807963
official_bc,47,23,-281.1352321300288
official_bc,47,24,-234.2391769769688
official_bc,47,25,-232.59717283738024
official_bc,47,26,-286.4067846276395
official_bc,47,27,-311.8154027434075
official_bc,47,28,-195.5554712209144
official_bc,47,29,-213.64675493423766
official_bc,47,30,-289.075793170619
official_bc,47,31,-302.24358057423746
official_bc,47,32,-302.2560131693673
official_bc,47,33,-298.06695801405965
official_bc,47,34,-294.3919926589322
official_bc,47,35,-288.21008064133275
official_bc,47,36,-286.94463833217924
official_bc,47,37,-285.45286609138725
official_bc,47,38,-285.8641348182867
official_bc,47,39,-277.28496812930644
official_bc,47,40,-280.65382043235206
official_bc,47,41,-270.6745589909737
official_bc,47,42,-268.1722288908034
official_bc,47,43,-264.15680377964304
official_bc,47,44,-259.29943618014426
official_bc,47,45,-265.11218273197795
official_bc,47,46,-261.16325705958667
official_bc,47,47,-261.8062701385674
official_bc,47,48,-252.0005536821974
official_bc,47,49,-255.14007740966738
official_bc,47,50,-252.8193987813589
official_bc,47,51,-261.9837793533602
official_bc,47,52,-270.5049990582429
official_bc,47,53,-264.5034017738272
official_bc,47,54,-284.38619537944726
official_bc,47,55,-290.4213564757997
official_bc,47,56,-296.25271239749657
official_bc,47,57,-303.5524986872846
official_bc,47,58,-299.1631509882634
official_bc,47,59,-307.4083384808744
official_bc,47,60,-303.06388917793436
official_bc,47,61,-297.22152068233197
official_bc,47,62,-303.4300040379364
official_bc,47,63,-304.79456400468297
official_bc,47,64,-303.5106447278555
official_bc,47,65,-288.57827353156597
official_bc,47,66,-299.1543728854265
official_bc,47,67,-290.0936526267535
official_bc,47,68,-279.515262624431
official_bc,47,69,-286.6984193451302
official_bc,47,70,-284.81065204193834
official_bc,47,71,-284.23235255082255
official_bc,47,72,-285.16889492065735
official_bc,47,73,-283.76206822604865
official_bc,47,74,-281.803928959418
official_bc,47,75,-287.6935773704314
official_bc,47,76,-285.0163659916105
official_bc,47,77,-281.34647368242145
official_bc,47,78,-287.8065626256598
official_bc,47,79,-287.43917691556226
official_bc,47,80,-282.1115798473662
official_bc,47,81,-278.5066274202976
official_bc,47,82,-283.8636634020721
official_bc,47,83,-292.8790761459921
official_bc,47,84,-283.5141549536718
official_bc,47,85,-290.3641672911176
official_bc,47,86,-289.69303973254324
official_bc,47,87,-290.1153816472357
official_bc,47,88,-280.0166897079499
official_bc,47,89,-287.62299191677835
official_bc,47,90,-293.81721441488844
official_bc,47,91,-297.3949264230155
official_bc,47,92,-283.03587761456487
official_bc,47,93,-284.71897742817254
official_bc,47,94,-293.8158921699986
official_bc,47,95,-291.4622898798244
official_bc,47,96,-298.155934456934
official_bc,47,97,-291.1210563164319
official_bc,47,98,-294.07264777574215
official_bc,47,99,-292.3202674519006
official_bc,47,100,-287.0816961949013
official_bc,47,101,-292.02706259194315
official_bc,47,102,-292.7047458821023
official_bc,47,103,-281.4123654899019
official_bc,47,104,-285.76341562992945
official_bc,47,105,-287.44067572043684
official_bc,47,106,-286.97970443171243
official_bc,47,107,-284.8345288412024
official_bc,47,108,-289.75324058626325
official_bc,47,109,-284.3265604219149
official_bc,47,110,-290.68297184805584
official_bc,47,111,-284.31750792601247
official_bc,47,112,-283.5155256225639
official_bc,47,113,-287.1578761475688
official_bc,47,114,-288.8778159046875
official_bc,47,115,-288.0131198242532
official_bc,47,116,-279.9421867076876
official_bc,47,117,-281.01120754079676
official_bc,47,118,-293.9046410768401
official_bc,47,119,-293.3679736944844
official_bc,47,120,-292.5697034595945
official_bc,47,121,-295.49183632095315
official_bc,47,122,-268.64565658556296
official_bc,47,123,-287.18044456825214
official_bc,47,124,-290.3770474555115
official_bc,47,125,-293.21695458456344
official_bc,47,126,-280.11220461860364
official_bc,47,127,-283.12432253041214
official_bc,47,128,-293.132346174319
official_bc,47,129,-293.49547945802186
official_bc,47,130,-284.4938634554667
official_bc,47,131,-289.3064765367914
official_bc,47,132,-286.6968919049001
official_bc,47,133,-291.55214366163756
official_bc,47,134,-297.7571161976413
official_bc,47,135,-293.7535663546325
official_bc,47,136,-290.99754911259413
official_bc,47,137,-298.75125339082194
official_bc,47,138,-287.2492640692482
official_bc,47,139,-291.8802127542745
official_bc,47,140,-292.6893941064752
official_bc,47,141,-289.8985970126481
official_bc,47,142,-277.69433700743946
official_bc,47,143,-289.94456830546454
official_bc,47,144,-293.67345907105266
official_bc,47,145,-294.6483794288306
official_bc,47,146,-293.1099867165485
official_bc,47,147,-295.33469358347935
official_bc,47,148,-289.50372552021054
official_bc,47,149,-294.18404778173254
official_bc,47,150,-292.08553234946834
official_bc,47,151,-280.334528412936
official_bc,47,152,-289.1677566386486
official_bc,47,153,-286.308350298486
official_bc,47,154,-298.0045857751105
official_bc,47,155,-289.3338867339834
official_bc,47,156,-293.9256509096782
official_bc,47,157,-293.333506957849
official_bc,47,158,-284.39189019701496
official_bc,47,159,-298.8547336249264
official_bc,47,160,-283.4149331308424
official_bc,47,161,-290.6195184977253
official_bc,47,162,-284.5275901100171
official_bc,47,163,-270.7339738442243
official_bc,47,164,-291.4379750093235
official_bc,47,165,-286.8458240273778
official_bc,47,166,-289.9709488809792
official_bc,47,167,-288.6465824372625
official_bc,47,168,-275.18496902841144
official_bc,47,169,-290.78684592948684
official_bc,47,170,-285.7755569079135
official_bc,47,171,-290.688762811499
official_bc,47,172,-287.09071356852604
official_bc,47,173,-292.63247530839703
official_bc,47,174,-288.89655342899914
official_bc,47,175,-294.1393367115222
official_bc,47,176,-286.74777638020794
official_bc,47,177,-290.2774311642331
official_bc,47,178,-292.69031844255164
official_bc,47,179,-283.9760392097111
official_bc,47,180,-296.11195062963964
official_bc,47,181,-283.95072140640286
official_bc,47,182,-288.9729790617451
official_bc,47,183,-295.8225345040981
official_bc,47,184,-288.62213456613273
official_bc,47,185,-294.25220799845795
official_bc,47,186,-290.9892405474833
official_bc,47,187,-289.7928291029599
official_bc,47,188,-294.0016522170274
official_bc,47,189,-288.3971690777984
official_bc,47,190,-286.960060913603
official_bc,47,191,-290.7230619150594
official_bc,47,192,-292.8387581376186
official_bc,47,193,-287.73014465300776
official_bc,47,194,-289.3965833921292
official_bc,47,195,-289.4093168256772
official_bc,47,196,-294.9355092893833
official_bc,47,197,-298.3035216118308
official_bc,47,198,-294.59958687142824
official_bc,47,199,-288.5637049792902
official_bc,47,200,-296.7651289867218
official_bc,47,201,-290.7864871894813
official_bc,47,202,-292.07616890956103
official_bc,47,203,-287.5616913811283
official_bc,47,204,-290.268729312429
official_bc,47,205,-290.2886790032169
official_bc,47,206,-292.10228067169885
official_bc,47,207,-289.06907645828534
official_bc,47,208,-293.84685226684934
official_bc,47,209,-294.68772141080234
official_bc,47,210,-293.86461439815355
official_bc,47,211,-278.848698434564
official_bc,47,212,-284.49574601196827
official_bc,47,213,-294.8265671260157
official_bc,47,214,-281.9658723232497
official_bc,47,215,-292.0021330650103
official_bc,47,216,-291.14919660019643
official_bc,47,217,-286.9004718601288
official_bc,47,218,-296.4746289384005
official_bc,47,219,-294.0360312030989
official_bc,47,220,-288.98752597140697
official_bc,47,221,-298.0932427155394
official_bc,47,222,-285.6071240424363
official_bc,47,223,-287.0078295736398
official_bc,47,224,-292.15977570070913
official_bc,47,225,-287.2303273699746
official_bc,47,226,-291.15690577653993
official_bc,47,227,-293.9535651566077
official_bc,47,228,-292.6959566007283
official_bc,47,229,-290.9200095884476
official_bc,47,230,-291.1401175605632
official_bc,47,231,-289.9312536962277
official_bc,47,232,-291.80833916327333
official_bc,47,233,-290.922921508999
official_bc,47,234,-285.9859745836809
official_bc,47,235,-289.0569307679457
official_bc,47,236,-289.1668890090166
official_bc,47,237,-284.13926812741033
official_bc,47,238,-293.4763126547827
official_bc,47,239,-298.14761656117565
official_bc,47,240,-285.32592754294654
official_bc,47,241,-297.0921373696781
official_bc,47,242,-290.97176608768416
official_bc,47,243,-291.52492502953675
official_bc,47,244,-293.97351627660055
official_bc,47,245,-286.3582770502681
official_bc,47,246,-290.3506244704965
official_bc,47,247,-292.44320780158097
official_bc,47,248,-282.0766129335598
official_bc,47,249,-293.85254729814625
official_bc,47,250,-288.9968033904877
official_bc,47,251,-296.1501616031817
official_bc,47,252,-292.681005044317
official_bc,47,253,-286.58872579767524
official_bc,47,254,-292.9709146852507
official_bc,47,255,-290.570784931183
official_bc,47,256,-287.52017106028177
official_bc,47,257,-293.0308887818416
official_bc,47,258,-283.7253293301913
official_bc,47,259,-287.7981731906514
official_bc,47,260,-296.2778101510928
official_bc,47,261,-283.41908451996574
official_bc,47,262,-299.0920261058004
official_bc,47,263,-292.2280230682099
official_bc,47,264,-289.2382985220079
official_bc,47,265,-295.2567842697846
official_bc,47,266,-283.1439534294092
official_bc,47,267,-287.96136016683676
official_bc,47,268,-293.59674233609945
official_bc,47,269,-297.55006043875505
official_bc,47,270,-290.1802238537085
official_bc,47,271,-290.0825511655791
official_bc,47,272,-279.4008730923643
official_bc,47,273,-295.26700961157525
official_bc,47,274,-274.81746996317395
official_bc,47,275,-287.90303605529516
official_bc,47,276,-285.0805671726267
official_bc,47,277,-287.295020302633
official_bc,47,278,-285.4997990975459
official_bc,47,279,-290.22988880690286
official_bc,47,280,-292.61577504999894
official_bc,47,281,-295.74851078218114
official_bc,47,282,-291.62416614800463
official_bc,47,283,-289.29837147877566
official_bc,47,284,-281.3968709170049
official_bc,47,285,-290.32318785788925
official_bc,47,286,-281.9647614170354
official_bc,47,287,-288.3762418389241
official_bc,47,288,-300.14483201439623
official_bc,47,289,-293.0533961225829
official_bc,47,290,-290.55868660581376
official_bc,47,291,-291.3074445525895
official_bc,47,292,-291.82574271949875
official_bc,47,293,-296.99898392106815
official_bc,47,294,-296.04314227276734
official_bc,47,295,-286.27987935959356
official_bc,47,296,-286.43648461102566
official_bc,47,297,-290.38897487061786
official_bc,47,298,-292.76153801918065
official_bc,47,299,-290.87440439525153
official_bc,47,300,-289.224230188054
official_bc,47,301,-287.48412265316097
official_bc,47,302,-296.1473074981564
official_bc,47,303,-288.50356242424425
official_bc,47,304,-296.3485067117382
official_bc,47,305,-296.866419951819
official_bc,47,306,-295.4877357933153
official_bc,47,307,-294.72953817833275
official_bc,47,308,-292.8491168090226
official_bc,47,309,-292.25168082312183
official_bc,47,310,-294.8763604467594
official_bc,47,311,-299.6064404308614
official_bc,47,312,-290.75377437366024
official_bc,47,313,-291.9110163704597
official_bc,47,314,-296.32269483146666
official_bc,47,315,-288.66581483020593
official_bc,47,316,-294.81685808996184
official_bc,47,317,-286.8879539211151
official_bc,47,318,-287.95697329243944
official_bc,47,319,-291.1620232146071
official_bc,47,320,-284.38611103583816
official_bc,47,321,-288.01199253840724
official_bc,47,322,-291.94686978637907
official_bc,47,323,-290.08640388248295
official_bc,47,324,-298.39360599120914
official_bc,47,325,-291.7886583709758
official_bc,47,326,-285.5744244978397
official_bc,47,327,-292.2032115583769
official_bc,47,328,-290.72389063358935
official_bc,47,329,-290.1391544941795
official_bc,47,330,-287.5213678795289
official_bc,47,331,-294.6252192496928
official_bc,47,332,-280.2410402221649
official_bc,47,333,-291.28987941060524
official_bc,47,334,-296.8316138816732
official_bc,47,335,-286.237300416854
official_bc,47,336,-295.0463328921209
official_bc,47,337,-288.7817366434489
official_bc,47,338,-296.648049195073
official_bc,47,339,-294.5840511529882
official_bc,47,340,-282.56254346533245
official_bc,47,341,-283.48378838590156
official_bc,47,342,-288.0179465869379
official_bc,47,343,-294.88578266067424
official_bc,47,344,-287.3882938795071
official_bc,47,345,-295.4034679152028
official_bc,47,346,-286.2442809074326
official_bc,47,347,-299.38917605320387
official_bc,47,348,-288.92209760020967
official_bc,47,349,-287.77900257145575
official_bc,47,350,-279.25245407736514
official_bc,47,351,-290.60174481921626
official_bc,47,352,-280.06327519751125
official_bc,47,353,-290.9747669797732
official_bc,47,354,-286.55111731462404
official_bc,47,355,-293.4796743930474
official_bc,47,356,-290.94120332594105
official_bc,47,357,-294.38713474763114
official_bc,47,358,-288.8948879464892
official_bc,47,359,-291.94282119260447
official_bc,47,360,-280.86465879454204
official_bc,47,361,-295.1500641448941
official_bc,47,362,-286.92864739197313
official_bc,47,363,-294.4971051436641
official_bc,47,364,-294.9936990631858
official_bc,47,365,-290.65509193712495
official_bc,47,366,-293.7939918017075
official_bc,47,367,-288.0060529745827
official_bc,47,368,-289.27219881512235
official_bc,47,369,-295.32084517712764
official_bc,47,370,-294.9575533421919
official_bc,47,371,-298.61653307315754
official_bc,47,372,-294.66519822627424
official_bc,47,373,-288.12160942562997
official_bc,47,374,-289.05713439948534
official_bc,47,375,-293.6034068461767
official_bc,47,376,-288.9682560042425
official_bc,47,377,-286.5776856459425
official_bc,47,378,-286.7138090250733
official_bc,47,379,-284.9540614964517
official_bc,47,380,-295.24580662317584
official_bc,47,381,-293.7387425762208
official_bc,47,382,-297.69137012936824
official_bc,47,383,-284.7629560262949
official_bc,47,384,-276.53760887431395
official_bc,47,385,-292.9698141069098
official_bc,47,386,-289.0963591809075
official_bc,47,387,-289.5413056862667
official_bc,47,388,-293.4963839070819
official_bc,47,389,-282.8845109681164
official_bc,47,390,-290.2950136471298
official_bc,47,391,-295.00346786465224
official_bc,47,392,-291.7289868017783
official_bc,47,393,-285.21350291576704
official_bc,47,394,-297.727113559282
official_bc,47,395,-292.95293375986006
official_bc,47,396,-287.8674907864423
official_bc,47,397,-285.28105934345115
official_bc,47,398,-291.2279126806992
official_bc,47,399,-295.75114260331253
official_bc,47,400,-295.1314012986203
official_bc,47,401,-277.6627633997911
official_bc,47,402,-285.4609554325128
official_bc,47,403,-284.49029232738224
official_bc,47,404,-292.34071514804305
official_bc,47,405,-288.37998852923124
official_bc,47,406,-289.37971078940916
official_bc,47,407,-289.8937559823444
official_bc,47,408,-293.4083764664503
official_bc,47,409,-288.9090413093975
official_bc,47,410,-290.89824741920836
official_bc,47,411,-296.70104556525683
official_bc,47,412,-291.1205968413235
official_bc,47,413,-289.2638600370055
official_bc,47,414,-277.29260116388417
official_bc,47,415,-298.10091474787424
official_bc,47,416,-290.2949528664746
official_bc,47,417,-293.7626364878831
official_bc,47,418,-290.7528796091611
official_bc,47,419,-288.0849979587587
official_bc,47,420,-299.28451970137235
official_bc,47,421,-285.67215297794945
official_bc,47,422,-292.6597366538712
official_bc,47,423,-289.2720173344582
official_bc,47,424,-289.76140286778866
official_bc,47,425,-282.81663085270674
official_bc,47,426,-291.6836695650862
official_bc,47,427,-292.32135443347136
official_bc,47,428,-293.866620460257
official_bc,47,429,-294.406123407001
official_bc,47,430,-288.2649194751092
official_bc,47,431,-290.9671182088387
official_bc,47,432,-295.76597808458564
official_bc,47,433,-294.0379606810942
official_bc,47,434,-286.6082227293228
official_bc,47,435,-289.7963953631335
official_bc,47,436,-287.7798500390841
official_bc,47,437,-286.5896199982948
official_bc,47,438,-290.39983167948793
official_bc,47,439,-295.55435492764013
official_bc,47,440,-297.717535622912
official_bc,47,441,-282.5794706037813
official_bc,47,442,-293.83446455244416
official_bc,47,443,-287.8957588063847
official_bc,47,444,-288.3854893928184
official_bc,47,445,-296.12488485602114
official_bc,47,446,-297.7067420096316
official_bc,47,447,-289.20795848839964
official_bc,47,448,-284.7821689191397
official_bc,47,449,-294.926882287965
official_bc,47,450,-295.24964679310364
official_bc,47,451,-299.91041284638465
official_bc,47,452,-284.5701270045969
official_bc,47,453,-292.874698770707
official_bc,47,454,-289.69612035904237
official_bc,47,455,-292.7852607091473
official_bc,47,456,-288.5813230467252
official_bc,47,457,-291.9775725524211
official_bc,47,458,-298.81424156381115
official_bc,47,459,-295.6250401627673
official_bc,47,460,-286.41461280286427
official_bc,47,461,-284.90790439153966
official_bc,47,462,-284.0266622625225
official_bc,47,463,-296.13555926587424
official_bc,47,464,-294.3175427479248
official_bc,47,465,-293.8470404791099
official_bc,47,466,-294.1060486717853
official_bc,47,467,-283.1433027241823
official_bc,47,468,-297.93724244009155
official_bc,47,469,-285.2589978131306
official_bc,47,470,-292.08876572009274
official_bc,47,471,-282.04331361988545
official_bc,47,472,-276.34038735371655
official_bc,47,473,-295.6176772311057
official_bc,47,474,-283.5589676948649
official_bc,47,475,-294.05842441337853
official_bc,47,476,-280.54127494386466
official_bc,47,477,-285.41518991606233
official_bc,47,478,-277.5191973473585
official_bc,47,479,-284.59975702682027
official_bc,47,480,-296.110815857141
official_bc,47,481,-300.17952421695566
official_bc,47,482,-292.2378711106748
official_bc,47,483,-284.30809626901953
official_bc,47,484,-286.8561169142009
official_bc,47,485,-299.75498194897625
official_bc,47,486,-288.45089957312814
official_bc,47,487,-285.0442482059681
official_bc,47,488,-290.1251353986439
official_bc,47,489,-291.98759570684206
official_bc,47,490,-276.5457379216671
official_bc,47,491,-290.36527905492903
official_bc,47,492,-282.3874132262578
official_bc,47,493,-287.3234425547362
official_bc,47,494,-290.3237473013392
official_bc,47,495,-292.5232574243991
official_bc,47,496,-290.00197565490976
official_bc,47,497,-297.338792391069
official_bc,47,498,-292.9696873210192
official_bc,47,499,-290.66784054281936
official_bc,47,500,-293.7437152324244
official_bc,47,501,-289.5013435316156
official_bc,47,502,-281.2698113684661
official_bc,47,503,-287.6676243126753
official_bc,47,504,-287.50064785325094
official_bc,47,505,-295.2454841461926
official_bc,47,506,-289.5682979105334
official_bc,47,507,-287.0186784221408
official_bc,47,508,-293.6541662599691
official_bc,47,509,-289.5975940803389
official_bc,47,510,-295.7725786427952
official_bc,47,511,-291.77453885092586
official_bc,47,512,-295.93130887523046
official_bc,47,513,-293.36499620575233
official_bc,47,514,-291.74846508828506
official_bc,47,515,-290.50497964541864
official_bc,47,516,-296.117208845591
official_bc,47,517,-289.63177677662816
official_bc,47,518,-289.8619932500771
official_bc,47,519,-298.5817968412926
official_bc,47,520,-295.5646424955629
official_bc,47,521,-290.29067097192905
official_bc,47,522,-291.7239395434477
official_bc,47,523,-287.62179024465877
official_bc,47,524,-291.07867580084115
official_bc,47,525,-291.0211638620521
official_bc,47,526,-293.7576317175927
official_bc,47,527,-283.6868170116128
official_bc,47,528,-288.556855622556
official_bc,47,529,-291.99737461823264
official_bc,47,530,-292.30026908618635
official_bc,47,531,-296.42148992330846
official_bc,47,532,-293.93600191818757
official_bc,47,533,-294.897789045456
official_bc,47,534,-291.0692921880312
official_bc,47,535,-300.1313114239014
official_bc,47,536,-283.85177148585433
official_bc,47,537,-292.0591066764294
official_bc,47,538,-296.5279477617845
official_bc,47,539,-291.01909133648326
official_bc,47,540,-292.10355590002473
official_bc,47,541,-288.117514437294
official_bc,47,542,-290.58996454461357
official_bc,47,543,-289.0257648366262
official_bc,47,544,-291.5754174828997
official_bc,47,545,-291.7718426745789
official_bc,47,546,-291.75161271810214
official_bc,47,547,-288.63727634714627
official_bc,47,548,-287.5315603242168
official_bc,47,549,-288.44554567954015
official_bc,47,550,-287.127009943873
official_bc,47,551,-294.1082303359783
official_bc,47,552,-293.7391781048597
official_bc,47,553,-294.5220196231577
official_bc,47,554,-284.11426214371147
official_bc,47,555,-293.98954005916437
official_bc,47,556,-284.5860692145443
official_bc,47,557,-291.50917880269986
official_bc,47,558,-293.9744322569319
official_bc,47,559,-287.74690666874295
official_bc,47,560,-286.3982312773555
official_bc,47,561,-286.51567872286745
official_bc,47,562,-291.3692770329045
official_bc,47,563,-276.8970758645413
official_bc,47,564,-286.5073101985201
official_bc,47,565,-291.0460234268901
official_bc,47,566,-291.2124744119465
official_bc,47,567,-290.5372903976077
official_bc,47,568,-300.2965768082563
official_bc,47,569,-294.3132467652648
official_bc,47,570,-291.630500493694
official_bc,47,571,-282.8450936919518
official_bc,47,572,-293.87697388612537
official_bc,47,573,-296.81802986223454
official_bc,47,574,-295.3976561604919
official_bc,47,575,-289.8640644634354
official_bc,47,576,-286.83600918307604
official_bc,47,577,-294.34206277852
official_bc,47,578,-291.2266072705486
official_bc,47,579,-282.00575511721615
official_bc,47,580,-293.40271037547603
official_bc,47,581,-288.2468485074761
official_bc,47,582,-289.66618858251235
official_bc,47,583,-295.78414037672997
official_bc,47,584,-281.5158871943758
official_bc,47,585,-290.63082056697726
official_bc,47,586,-294.88054723895414
official_bc,47,587,-295.8248897854266
official_bc,47,588,-296.3063863227313
official_bc,47,589,-293.9053650020521
official_bc,47,590,-295.858244675764
official_bc,47,591,-285.476298237294
official_bc,47,592,-295.52224522101176
official_bc,47,593,-289.7471879513772
official_bc,47,594,-286.4687223837836
official_bc,47,595,-290.11054312354844
official_bc,47,596,-286.6787120560638
official_bc,47,597,-287.14024883035677
official_bc,47,598,-293.0573397655377
official_bc,47,599,-291.8868189977236
official_bc,47,600,-291.94398879216817
official_bc,47,601,-291.56722833229196
official_bc,47,602,-299.5308184763032
official_bc,47,603,-285.84993586369126
official_bc,47,604,-297.036301590917
official_bc,47,605,-284.833242189579
official_bc,47,606,-288.5108136532841
official_bc,47,607,-285.07721187090306
official_bc,47,608,-290.28907520934365
official_bc,47,609,-291.97068166163484
official_bc,47,610,-290.63817629180096
official_bc,47,611,-290.4447209517858
official_bc,47,612,-288.4869732107984
official_bc,47,613,-278.63932794198786
official_bc,47,614,-296.8552637043274
official_bc,47,615,-281.5413035071506
official_bc,47,616,-272.95569548262733
official_bc,47,617,-288.9883751596934
official_bc,47,618,-277.24383697694896
official_bc,47,619,-297.5779505458635
official_bc,47,620,-297.7526109251394
official_bc,47,621,-290.75215326244046
official_bc,47,622,-296.14382432189984
official_bc,47,623,-295.30771435010877
official_bc,47,624,-291.5996102787457
official_bc,47,625,-296.46251258324185
official_bc,47,626,-296.0437787216564
official_bc,47,627,-293.499301751512
official_bc,47,628,-292.81658614139593
official_bc,47,629,-288.08222427774297
official_bc,47,630,-293.94617454405034
official_bc,47,631,-298.19415955179176
official_bc,47,632,-284.98159857926515
official_bc,47,633,-291.44554016569003
official_bc,47,634,-269.3237844672027
official_bc,47,635,-287.14209077216776
official_bc,47,636,-283.85052514362326
official_bc,47,637,-289.0626298283315
official_bc,47,638,-290.39561354494657
official_bc,47,639,-282.0815329722161
official_bc,47,640,-295.5167593721472
official_bc,47,641,-288.20687932791066
official_bc,47,642,-292.596780048997
official_bc,47,643,-298.147921888136
official_bc,47,644,-282.7629305963618
official_bc,47,645,-292.4598150140724
official_bc,47,646,-292.91783651654623
official_bc,47,647,-295.26783564440626
official_bc,47,648,-291.24702768398583
official_bc,47,649,-293.7498024859978
official_bc,47,650,-289.25408077556466
official_bc,47,651,-292.09288040239846
official_bc,47,652,-291.1577391534613
official_bc,47,653,-288.4748700344405
official_bc,47,654,-291.6466261568234
official_bc,47,655,-293.68277498245504
official_bc,47,656,-291.6081496950391
official_bc,47,657,-287.3739045245118
official_bc,47,658,-286.5081707318195
official_bc,47,659,-294.69938121401407
official_bc,47,660,-284.9092594023535
official_bc,47,661,-293.1248682922163
official_bc,47,662,-296.5396041817134
official_bc,47,663,-299.0059315000657
official_bc,47,664,-292.7217872176052
official_bc,47,665,-294.4618056530278
official_bc,47,666,-285.80863010263533
official_bc,47,667,-284.76567093918095
official_bc,47,668,-292.0359227244142
official_bc,47,669,-293.57864836607166
official_bc,47,670,-289.6926917036066
official_bc,47,671,-280.9714855895494
official_bc,47,672,-290.3473999059525
official_bc,47,673,-289.346650874333
official_bc,47,674,-284.00889499546315
official_bc,47,675,-291.7104511795476
official_bc,47,676,-294.33117755760804
official_bc,47,677,-292.37894751501824
official_bc,47,678,-294.8009712936693
official_bc,47,679,-295.31308938845416
official_bc,47,680,-289.5726093817228
official_bc,47,681,-296.35413180678506
official_bc,47,682,-293.2855967667892
official_bc,47,683,-294.074095639215
official_bc,47,684,-291.40884342360295
official_bc,47,685,-295.6779714652969
official_bc,47,686,-289.8491189968519
official_bc,47,687,-291.1998530057322
official_bc,47,688,-289.55456134830405
official_bc,47,689,-285.0001267805999
official_bc,47,690,-289.6173239056705
official_bc,47,691,-292.18923267340784
official_bc,47,692,-287.27516240141057
official_bc,47,693,-286.2223575176193
official_bc,47,694,-282.369741913979
official_bc,47,695,-287.4618964288848
official_bc,47,696,-288.5707048520817
official_bc,47,697,-294.0591756170616
official_bc,47,698,-299.27888431003845
official_bc,47,699,-294.32875656785245
official_bc,47,700,-287.52391281105724
official_bc,47,701,-299.986667433709
official_bc,47,702,-292.1565919353409
official_bc,47,703,-297.67195604681325
official_bc,47,704,-291.5060172689806
official_bc,47,705,-281.251311380656
official_bc,47,706,-290.15253065659306
official_bc,47,707,-289.3592692406149
official_bc,47,708,-285.12843829045096
official_bc,47,709,-287.97547143195254
official_bc,47,710,-292.61174232102286
official_bc,47,711,-292.12359505977236
official_bc,47,712,-288.0395641351505
official_bc,47,713,-287.4629103446949
official_bc,47,714,-294.9635273098171
official_bc,47,715,-291.1267957971944
official_bc,47,716,-297.73147293994896
official_bc,47,717,-298.2639215761602
official_bc,47,718,-295.12331667085
official_bc,47,719,-296.9389111016192
official_bc,47,720,-291.04155193752075
official_bc,47,721,-304.8480272971964
official_bc,47,722,-296.1399677109686
official_bc,47,723,-295.8601432231684
official_bc,47,724,-295.10968691020116
official_bc,47,725,-288.23439509682885
official_bc,47,726,-287.08675798156526
official_bc,47,727,-295.2703580810755
official_bc,47,728,-283.74725573357796
official_bc,47,729,-290.79660955824886
official_bc,47,730,-268.9552041776491
official_bc,47,731,-289.08112273884467
official_bc,47,732,-290.28940445068804
official_bc,47,733,-298.12966737795773
official_bc,47,734,-288.88860227430024
official_bc,47,735,-288.01177883461526
official_bc,47,736,-294.69701329128094
official_bc,47,737,-277.7149082987159
official_bc,47,738,-299.4465671256181
official_bc,47,739,-297.36120195841886
official_bc,47,740,-287.6351433200351
official_bc,47,741,-296.03134275661864
official_bc,47,742,-288.72102215708486
official_bc,47,743,-297.587826373752
official_bc,47,744,-297.39783218079833
official_bc,47,745,-295.4187671008955
official_bc,47,746,-290.5092110284433
official_bc,47,747,-290.88524580206854
official_bc,47,748,-294.4334175814004
official_bc,47,749,-281.7006773875573
official_bc,47,750,-293.67514646984904
official_bc,47,751,-294.20205145737026
official_bc,47,752,-289.5809820750874
official_bc,47,753,-289.01956336664483
official_bc,47,754,-291.1877560051408
official_bc,47,755,-291.32181737572404
official_bc,47,756,-290.43950950112986
official_bc,47,757,-297.6739748822241
official_bc,47,758,-290.17734134050625
official_bc,47,759,-290.11708456473394
official_bc,47,760,-287.76420204030705
official_bc,47,761,-291.75471405059517
official_bc,47,762,-286.1765532170566
official_bc,47,763,-290.7053360924109
official_bc,47,764,-291.6510077364139
official_bc,47,765,-289.66614934285343
official_bc,47,766,-292.80757690911344
official_bc,47,767,-292.7414044882856
official_bc,47,768,-292.6557574292427
official_bc,47,769,-295.19116484093024
official_bc,47,770,-292.42146440078966
official_bc,47,771,-301.1300178998967
official_bc,47,772,-283.5038652561609
official_bc,47,773,-290.0767587514291
official_bc,47,774,-283.4832730474909
official_bc,47,775,-287.8761002644008
official_bc,47,776,-294.6260864694286
official_bc,47,777,-294.7823574036088
official_bc,47,778,-300.8336600847215
official_bc,47,779,-295.35113111754106
official_bc,47,780,-287.4003174006856
official_bc,47,781,-288.4706362725508
official_bc,47,782,-284.20243228164077
official_bc,47,783,-283.68425861987305
official_bc,47,784,-295.371417452219
official_bc,47,785,-285.4280351906136
official_bc,47,786,-290.8040880968263
official_bc,47,787,-288.5940369228764
official_bc,47,788,-295.1679697101924
official_bc,47,789,-289.5267523274806
official_bc,47,790,-294.13986364347033
official_bc,47,791,-285.3377086819298
official_bc,47,792,-283.4766664150019
official_bc,47,793,-283.5829773014494
official_bc,47,794,-296.5119081468704
official_bc,47,795,-294.27850871364586
official_bc,47,796,-288.2700297049356
official_bc,47,797,-290.6654397853906
official_bc,47,798,-297.2455049029997
official_bc,47,799,-292.65194950169496
official_bc,47,800,-289.7140353714342
official_bc,47,801,-283.15439451821356
official_bc,47,802,-294.83299059468914
official_bc,47,803,-282.3021938008338
official_bc,47,804,-287.28555160609045
official_bc,47,805,-292.34057219089766
official_bc,47,806,-294.6433178391137
official_bc,47,807,-293.1024371102916
official_bc,47,808,-281.80674521624655
official_bc,47,809,-287.96363046008884
official_bc,47,810,-299.2112040819001
official_bc,47,811,-287.25181432985113
official_bc,47,812,-295.88830008437606
official_bc,47,813,-294.6739155210359
official_bc,47,814,-294.6211354525278
official_bc,47,815,-294.08638898574225
official_bc,47,816,-287.8421211403674
official_bc,47,817,-294.7208106931335
official_bc,47,818,-278.64848792376057
official_bc,47,819,-292.225375941044
official_bc,47,820,-293.76382665046356
official_bc,47,821,-291.05918279589724
official_bc,47,822,-292.6520026366293
official_bc,47,823,-290.797488261018
official_bc,47,824,-294.93210777911816
official_bc,47,825,-288.6792632011567
official_bc,47,826,-294.0725483211763
official_bc,47,827,-295.64294084797575
official_bc,47,828,-289.694180364731
official_bc,47,829,-289.5332912209158
official_bc,47,830,-291.7131569494825
official_bc,47,831,-292.5698450249191
official_bc,47,832,-290.6051624289272
official_bc,47,833,-297.21943108449335
official_bc,47,834,-283.7733181588502
official_bc,47,835,-292.66058342339056
official_bc,47,836,-283.2408678929679
official_bc,47,837,-281.2443006894363
official_bc,47,838,-292.6184770581891
official_bc,47,839,-291.3780627104178
official_bc,47,840,-292.7768261358417
official_bc,47,841,-295.7011360204165
official_bc,47,842,-291.8754498348154
official_bc,47,843,-293.0920329453788
official_bc,47,844,-294.7816614359984
official_bc,47,845,-284.05405978169017
official_bc,47,846,-293.5391701650691
official_bc,47,847,-293.87045248442007
official_bc,47,848,-286.95400893540443
official_bc,47,849,-284.9754681131334
official_bc,47,850,-295.0930725467015
official_bc,47,851,-291.82616836389093
official_bc,47,852,-290.0728842899253
official_bc,47,853,-293.96460698726116
official_bc,47,854,-285.440978170531
official_bc,47,855,-291.2197786163534
official_bc,47,856,-295.25789891175145
official_bc,47,857,-289.0620838525637
official_bc,47,858,-293.0450417335353
official_bc,47,859,-288.9397142252589
official_bc,47,860,-286.87604004461843
official_bc,47,861,-294.7044722481794
official_bc,47,862,-291.63238696056123
official_bc,47,863,-282.5490091266813
official_bc,47,864,-286.67295113763043
official_bc,47,865,-279.6738745653896
official_bc,47,866,-291.29875579827495
official_bc,47,867,-293.6373165102908
official_bc,47,868,-276.0560379041855
official_bc,47,869,-287.895063618099
official_bc,47,870,-300.12140475766944
official_bc,47,871,-296.2429941145917
official_bc,47,872,-295.4432078379564
official_bc,47,873,-286.0317978754906
official_bc,47,874,-292.0102282960468
official_bc,47,875,-296.5562879994573
official_bc,47,876,-294.4092271308878
official_bc,47,877,-276.91495072229026
official_bc,47,878,-294.7501172457833
official_bc,47,879,-295.07205818633696
official_bc,47,880,-294.76391035616757
official_bc,47,881,-290.0161751377996
official_bc,47,882,-290.4845563666968
official_bc,47,883,-289.7608403576352
official_bc,47,884,-283.7487043752684
official_bc,47,885,-292.97404301223474
official_bc,47,886,-291.6693105689332
official_bc,47,887,-283.85496643676674
official_bc,47,888,-291.7377808658282
official_bc,47,889,-298.49321759333003
official_bc,47,890,-292.11547837397984
official_bc,47,891,-293.2471889580589
official_bc,47,892,-294.1206320277198
official_bc,47,893,-286.4208236790732
official_bc,47,894,-294.68169767144155
official_bc,47,895,-292.0558370956903
official_bc,47,896,-297.1075016866942
official_bc,47,897,-290.88787761696676
official_bc,47,898,-271.30028093423635
official_bc,47,899,-289.5741213027401
official_bc,47,900,-278.1810338539283
official_bc,47,901,-297.05061728865684
official_bc,47,902,-289.69701500377676
official_bc,47,903,-284.1426896428617
official_bc,47,904,-292.7682410476241
official_bc,47,905,-294.342741832103
official_bc,47,906,-294.15680650666985
official_bc,47,907,-291.35285864402454
official_bc,47,908,-289.5855544048744
official_bc,47,909,-291.8583688506599
official_bc,47,910,-295.7718625131929
official_bc,47,911,-297.68502319715134
official_bc,47,912,-289.34309041906437
official_bc,47,913,-296.9868337093201
official_bc,47,914,-293.6074595081451
official_bc,47,915,-287.88705670747663
official_bc,47,916,-285.1514768753684
official_bc,47,917,-284.0388676438418
official_bc,47,918,-282.5605486130025
official_bc,47,919,-282.4999401096387
official_bc,47,920,-284.52114163633803
official_bc,47,921,-290.75576840567913
official_bc,47,922,-295.2357002603362
official_bc,47,923,-294.7210026553846
official_bc,47,924,-285.93855367373544
official_bc,47,925,-288.31199282131234
official_bc,47,926,-302.2605372513522
official_bc,47,927,-288.61016911032874
official_bc,47,928,-295.1963865517041
official_bc,47,929,-294.4615652339614
official_bc,47,930,-283.56632612953285
official_bc,47,931,-300.2534660325148
official_bc,47,932,-284.57550247218416
official_bc,47,933,-290.3872128189321
official_bc,47,934,-291.2110359543545
official_bc,47,935,-287.73702751403255
official_bc,47,936,-291.0559425422872
official_bc,47,937,-277.06793213146034
official_bc,47,938,-289.02077714047465
official_bc,47,939,-292.6705549158463
official_bc,47,940,-295.3319861461463
official_bc,47,941,-293.37674808753724
official_bc,47,942,-291.3101172282591
official_bc,47,943,-293.42445278126195
official_bc,47,944,-292.15722722927023
official_bc,47,945,-286.0450818874271
official_bc,47,946,-283.9795007594793
official_bc,47,947,-293.2064206667893
official_bc,47,948,-285.29336443071287
official_bc,47,949,-292.21636203904956
official_bc,47,950,-286.68035323409504
official_bc,47,951,-290.69462738556444
official_bc,47,952,-293.76959006659285
official_bc,47,953,-287.75229366905216
official_bc,47,954,-298.76164421942445
official_bc,47,955,-292.54849299517923
official_bc,47,956,-280.68335901426235
official_bc,47,957,-286.08239054029957
official_bc,47,958,-292.4726179202071
official_bc,47,959,-297.72567062376567
official_bc,47,960,-292.6238099361515
official_bc,47,961,-286.10482784499925
official_bc,47,962,-293.2479757981504
official_bc,47,963,-297.4452817453109
official_bc,47,964,-296.52718271214235
official_bc,47,965,-295.6780919209871
official_bc,47,966,-282.9949453860702
official_bc,47,967,-291.09368790708254
official_bc,47,968,-290.42534919648585
official_bc,47,969,-291.581401052764
official_bc,47,970,-295.1777767702676
official_bc,47,971,-297.02069945365145
official_bc,47,972,-292.54372229280966
official_bc,47,973,-286.11502236959706
official_bc,47,974,-284.86314818460596
official_bc,47,975,-290.5295991680226
official_bc,47,976,-295.80735005525
official_bc,47,977,-291.5934394343019
official_bc,47,978,-293.02804898791334
official_bc,47,979,-287.0485212229498
official_bc,47,980,-293.9734880313989
official_bc,47,981,-287.6781948617052
official_bc,47,982,-286.73239906377296
official_bc,47,983,-287.0845784004115
official_bc,47,984,-294.11433704141535
official_bc,47,985,-291.69737921689875
official_bc,47,986,-290.55024500766365
official_bc,47,987,-292.4210392836486
official_bc,47,988,-295.631679553489
official_bc,47,989,-293.5309096688301
official_bc,47,990,-295.59651095412676
official_bc,47,991,-287.8525821872735
official_bc,47,992,-296.18073304667007
official_bc,47,993,-288.33380174063177
official_bc,47,994,-285.7335237807275
official_bc,47,995,-295.5513746892367
official_bc,47,996,-294.5176749945289
official_bc,47,997,-294.075793604696
official_bc,47,998,-282.71569165898495
official_bc,47,999,-291.39979411161846
official_bc,47,1000,-281.53336846799897
official_bc,48,1,-193.89244414799094
official_bc,48,2,-203.3079690458315
official_bc,48,3,-209.74430497716963
official_bc,48,4,-202.95596876247538
official_bc,48,5,-200.20131431262257
official_bc,48,6,-189.08136337278546
official_bc,48,7,-239.1780458623335
official_bc,48,8,-276.3084431181968
official_bc,48,9,-184.84030197703888
official_bc,48,10,-291.4470255329183
official_bc,48,11,-224.38956956992786
official_bc,48,12,-275.6535701148913
official_bc,48,13,-267.09530173348827
official_bc,48,14,-191.0325303144096
official_bc,48,15,-168.40555171365537
official_bc,48,16,-228.88450991519267
official_bc,48,17,-278.9814352067272
official_bc,48,18,-214.45525975059547
official_bc,48,19,-301.4403218952034
official_bc,48,20,-276.4353286390432
official_bc,48,21,-303.3715853136881
official_bc,48,22,-256.9644640571263
official_bc,48,23,-178.4887763750613
official_bc,48,24,-219.6762672136071
official_bc,48,25,-307.03523603742406
official_bc,48,26,-262.0019158232672
official_bc,48,27,-235.3359117701476
official_bc,48,28,-237.9683394664766
official_bc,48,29,-233.8543013329395
official_bc,48,30,-296.4856090713785
official_bc,48,31,-178.60340049647198
official_bc,48,32,-283.2848746425677
official_bc,48,33,-279.54738494089764
official_bc,48,34,-273.2273552058419
official_bc,48,35,-274.801307668592
official_bc,48,36,-288.0526174141157
official_bc,48,37,-272.2441190614487
official_bc,48,38,-279.10857263639025
official_bc,48,39,-287.4999500837624
official_bc,48,40,-283.20346320764185
official_bc,48,41,-284.6179640082462
official_bc,48,42,-283.116614718585
official_bc,48,43,-274.18919624680865
official_bc,48,44,-275.2630423742361
official_bc,48,45,-273.9205659912929
official_bc,48,46,-277.4785489703688
official_bc,48,47,-274.7136285417682
official_bc,48,48,-277.72488213018755
official_bc,48,49,-278.4422274321555
official_bc,48,50,-277.3248230778893
official_bc,48,51,-281.58093942571446
official_bc,48,52,-286.7185255153501
official_bc,48,53,-287.6032698395539
official_bc,48,54,-294.6144197272704
official_bc,48,55,-291.2594941356039
official_bc,48,56,-296.6295454081729
official_bc,48,57,-291.61405003567694
official_bc,48,58,-281.21606983661684
official_bc,48,59,-306.8624348749983
official_bc,48,60,-298.9571315317945
official_bc,48,61,-300.44317663829617
official_bc,48,62,-296.2977163481916
official_bc,48,63,-297.58718403546857
official_bc,48,64,-295.06337276334915
official_bc,48,65,-292.65582053374857
official_bc,48,66,-291.41447686514084
official_bc,48,67,-283.3944349166701
official_bc,48,68,-276.40387566554244
official_bc,48,69,-277.63168708001155
official_bc,48,70,-281.36108959779233
official_bc,48,71,-282.331912378839
official_bc,48,72,-279.7764836785651
official_bc,48,73,-283.6547598284327
official_bc,48,74,-281.50093233394335
official_bc,48,75,-277.6741952156086
official_bc,48,76,-288.55744795079926
official_bc,48,77,-285.72733805797554
official_bc,48,78,-290.4263379225604
official_bc,48,79,-290.4694914676709
official_bc,48,80,-287.1666718237876
official_bc,48,81,-296.71763127887374
official_bc,48,82,-298.48297559759015
official_bc,48,83,-301.409788145748
official_bc,48,84,-298.70506919747254
official_bc,48,85,-291.6559113606862
official_bc,48,86,-289.087821774424
official_bc,48,87,-279.3188022675777
official_bc,48,88,-284.8152703224009
official_bc,48,89,-296.242589220661
official_bc,48,90,-289.3103658256257
official_bc,48,91,-278.0110650202795
official_bc,48,92,-291.8755581923597
official_bc,48,93,-276.92241390318077
official_bc,48,94,-287.5321378992884
official_bc,48,95,-289.79257008584455
official_bc,48,96,-288.3447409470758
official_bc,48,97,-294.71787530721787
official_bc,48,98,-293.70325198122737
official_bc,48,99,-289.7444613284729
official_bc,48,100,-292.69613068365436
official_bc,48,101,-299.1395766413867
official_bc,48,102,-283.6337709342584
official_bc,48,103,-295.9300853065306
official_bc,48,104,-294.78665214561295
official_bc,48,105,-279.1288760757558
official_bc,48,106,-279.25022140910147
official_bc,48,107,-292.00650964426944
official_bc,48,108,-286.5974322710581
official_bc,48,109,-288.63997155816656
official_bc,48,110,-280.4437690281607
official_bc,48,111,-284.56241617847036
official_bc,48,112,-281.24950010887704
official_bc,48,113,-292.0180325768465
official_bc,48,114,-295.5120581424265
official_bc,48,115,-288.13572259950723
official_bc,48,116,-292.2737570381884
official_bc,48,117,-294.87633955038746
official_bc,48,118,-292.77725905291527
official_bc,48,119,-291.698656981865
official_bc,48,120,-297.3982620423086
official_bc,48,121,-300.3240055258953
official_bc,48,122,-292.14859299988143
official_bc,48,123,-287.5947034813207
official_bc,48,124,-292.02362646435074
official_bc,48,125,-287.2465567542781
official_bc,48,126,-287.51582325851734
official_bc,48,127,-288.58813618964246
official_bc,48,128,-276.68312789860676
official_bc,48,129,-276.6862471387203
official_bc,48,130,-282.88141900459743
official_bc,48,131,-278.32805384150646
official_bc,48,132,-294.61031134095253
official_bc,48,133,-277.9553025456207
official_bc,48,134,-298.26454126945737
official_bc,48,135,-293.318267524885
official_bc,48,136,-294.343590378898
official_bc,48,137,-294.3947839171805
official_bc,48,138,-291.45943875548613
official_bc,48,139,-292.3088591290229
official_bc,48,140,-298.9895046059038
official_bc,48,141,-284.23819730484684
official_bc,48,142,-296.53766786738197
official_bc,48,143,-292.3897768746997
official_bc,48,144,-279.2197519001164
official_bc,48,145,-295.3659727376504
official_bc,48,146,-281.8090296553204
official_bc,48,147,-294.8745791852016
official_bc,48,148,-295.7785401666581
official_bc,48,149,-289.58651191493834
official_bc,48,150,-289.4791855928419
official_bc,48,151,-288.46270040499894
official_bc,48,152,-288.515415607675
official_bc,48,153,-294.93294036587884
official_bc,48,154,-293.9039648964108
official_bc,48,155,-290.65487718109836
official_bc,48,156,-281.49507211565094
official_bc,48,157,-296.9965193212524
official_bc,48,158,-299.96935731426055
official_bc,48,159,-295.28890738067844
official_bc,48,160,-288.68606592847783
official_bc,48,161,-298.08816517960906
official_bc,48,162,-294.3748295196433
official_bc,48,163,-290.7131297829263
official_bc,48,164,-296.5554405541736
official_bc,48,165,-296.19406469630593
official_bc,48,166,-289.50755295172274
official_bc,48,167,-284.64093370872024
official_bc,48,168,-288.27111596459275
official_bc,48,169,-290.34209139368204
official_bc,48,170,-275.04373335573024
official_bc,48,171,-295.61413977023676
official_bc,48,172,-291.52017896103183
official_bc,48,173,-286.97034346018665
official_bc,48,174,-301.9852421960731
official_bc,48,175,-298.96866469985133
official_bc,48,176,-286.3806372925616
official_bc,48,177,-300.91871733017723
official_bc,48,178,-291.717731653415
official_bc,48,179,-294.6803611960885
official_bc,48,180,-289.10897596057964
official_bc,48,181,-294.4716072423966
official_bc,48,182,-287.5290331816448
official_bc,48,183,-285.8618895317425
official_bc,48,184,-289.08208450061295
official_bc,48,185,-296.232614757671
official_bc,48,186,-284.86663859790485
official_bc,48,187,-282.8132945117386
official_bc,48,188,-286.9877098276296
official_bc,48,189,-287.58579285382626
official_bc,48,190,-287.18440973273687
official_bc,48,191,-292.626618546871
official_bc,48,192,-291.5317719116676
official_bc,48,193,-294.2160336763694
official_bc,48,194,-289.0208708490504
official_bc,48,195,-284.2468960602496
official_bc,48,196,-284.36266430434426
official_bc,48,197,-292.63773100312335
official_bc,48,198,-285.6112906506024
official_bc,48,199,-297.34395926893586
official_bc,48,200,-295.8388599139845
official_bc,48,201,-287.7514658297743
official_bc,48,202,-291.5625796557161
official_bc,48,203,-295.30665321249336
official_bc,48,204,-294.05839061054337
official_bc,48,205,-285.1179424397406
official_bc,48,206,-285.3629037043087
official_bc,48,207,-284.97484827208604
official_bc,48,208,-293.78859562926874
official_bc,48,209,-293.48646999330464
official_bc,48,210,-294.8888460069481
official_bc,48,211,-290.22295350297964
official_bc,48,212,-293.9321984047443
official_bc,48,213,-289.8355670483433
official_bc,48,214,-292.8229803915341
official_bc,48,215,-285.61023372828964
official_bc,48,216,-294.3206280580779
official_bc,48,217,-281.3628314455129
official_bc,48,218,-290.77151541991486
official_bc,48,219,-296.6057740529273
official_bc,48,220,-280.23788490188394
official_bc,48,221,-296.09622992461385
official_bc,48,222,-292.48425881652634
official_bc,48,223,-291.3259619856885
official_bc,48,224,-279.65835007016256
official_bc,48,225,-284.7987031872312
official_bc,48,226,-287.85056978724117
official_bc,48,227,-294.86678605828297
official_bc,48,228,-289.0633637566496
official_bc,48,229,-288.0672044130009
official_bc,48,230,-290.74927385661755
official_bc,48,231,-298.57757657207094
official_bc,48,232,-288.9496437931797
official_bc,48,233,-284.12608341748734
official_bc,48,234,-293.48977576985476
official_bc,48,235,-290.33732395022616
official_bc,48,236,-288.5717727894546
official_bc,48,237,-293.67655021990544
official_bc,48,238,-290.09751392332225
official_bc,48,239,-290.40456990470227
official_bc,48,240,-287.1939592533081
official_bc,48,241,-296.1696649147293
official_bc,48,242,-287.0982086369328
official_bc,48,243,-294.5349870196931
official_bc,48,244,-288.01495306687406
official_bc,48,245,-287.73295341231517
official_bc,48,246,-290.88642785276505
official_bc,48,247,-293.5702257050207
official_bc,48,248,-289.8952989670213
official_bc,48,249,-293.1020631389513
official_bc,48,250,-295.70569480512165
official_bc,48,251,-287.235685319128
official_bc,48,252,-289.6208375406434
official_bc,48,253,-294.48149238644737
official_bc,48,254,-289.42502716244167
official_bc,48,255,-294.89135705947217
official_bc,48,256,-298.1013484440823
official_bc,48,257,-289.7728498758642
official_bc,48,258,-296.96521515496545
official_bc,48,259,-294.8010812223407
official_bc,48,260,-289.41476909316924
official_bc,48,261,-291.7804076937647
official_bc,48,262,-291.81368710064714
official_bc,48,263,-284.1763027343736
official_bc,48,264,-273.9616185491556
official_bc,48,265,-284.68316636595625
official_bc,48,266,-296.4815907366631
official_bc,48,267,-294.05259184589
official_bc,48,268,-297.2267442726994
official_bc,48,269,-292.61855160446436
official_bc,48,270,-293.9896157690639
official_bc,48,271,-284.474344015713
official_bc,48,272,-284.99373932298215
official_bc,48,273,-295.45741870164954
official_bc,48,274,-297.72720242705384
official_bc,48,275,-288.3691281194425
official_bc,48,276,-287.09920600460026
official_bc,48,277,-289.44859787547574
official_bc,48,278,-298.2243334953761
official_bc,48,279,-282.09372155866384
official_bc,48,280,-287.7297761930909
official_bc,48,281,-295.67251583038524
official_bc,48,282,-275.68563278629824
official_bc,48,283,-285.10253404921593
official_bc,48,284,-287.1652722213166
official_bc,48,285,-290.6496770931922
official_bc,48,286,-286.4473641481308
official_bc,48,287,-292.12021891572067
official_bc,48,288,-287.26430874129414
official_bc,48,289,-291.39890218724184
official_bc,48,290,-288.4812053539723
official_bc,48,291,-296.5374877783407
official_bc,48,292,-282.0840917655056
official_bc,48,293,-290.0892358191628
official_bc,48,294,-292.83055038639355
official_bc,48,295,-291.59300855688684
official_bc,48,296,-298.21006576765757
official_bc,48,297,-288.4340140879182
official_bc,48,298,-293.87416435521584
official_bc,48,299,-297.2608480184307
official_bc,48,300,-282.7892648318502
official_bc,48,301,-285.80538094158203
official_bc,48,302,-290.0617698290829
official_bc,48,303,-297.83076077590727
official_bc,48,304,-288.19461331072273
official_bc,48,305,-291.6877660268169
official_bc,48,306,-295.6951745721954
official_bc,48,307,-296.1039639476736
official_bc,48,308,-293.80652566795607
official_bc,48,309,-291.6241868099594
official_bc,48,310,-290.5881862962034
official_bc,48,311,-295.4559208192053
official_bc,48,312,-293.11603809760675
official_bc,48,313,-280.65843838729114
official_bc,48,314,-289.99394961327494
official_bc,48,315,-290.16644924228876
official_bc,48,316,-289.1267378174191
official_bc,48,317,-287.29600703154813
official_bc,48,318,-287.0400725718845
official_bc,48,319,-293.03128452721495
official_bc,48,320,-289.42940461874264
official_bc,48,321,-262.2066926250669
official_bc,48,322,-293.19374910908573
official_bc,48,323,-289.06535698331095
official_bc,48,324,-295.9372273019405
official_bc,48,325,-296.12399230405106
official_bc,48,326,-296.0321079560265
official_bc,48,327,-287.007368934356
official_bc,48,328,-296.89280699745143
official_bc,48,329,-293.01591937367107
official_bc,48,330,-281.94962473977904
official_bc,48,331,-294.5102150331451
official_bc,48,332,-290.09872964580023
official_bc,48,333,-287.0028218174755
official_bc,48,334,-298.71149240150004
official_bc,48,335,-296.87405940745595
official_bc,48,336,-289.25345023789646
official_bc,48,337,-285.39041388787336
official_bc,48,338,-282.45590035460293
official_bc,48,339,-293.9850080401665
official_bc,48,340,-290.64846334799176
official_bc,48,341,-287.7384991684502
official_bc,48,342,-294.85012131149733
official_bc,48,343,-267.5497010017119
official_bc,48,344,-296.58860362209754
official_bc,48,345,-290.6670107838235
official_bc,48,346,-285.2165678571587
official_bc,48,347,-279.953504322391
official_bc,48,348,-293.6414871193355
official_bc,48,349,-296.19303398945954
official_bc,48,350,-287.43405511366296
official_bc,48,351,-296.7293451701286
official_bc,48,352,-295.61743865948927
official_bc,48,353,-292.1740611474768
official_bc,48,354,-296.83504970688546
official_bc,48,355,-293.94060383414165
official_bc,48,356,-299.7035227103994
official_bc,48,357,-290.4413132367225
official_bc,48,358,-286.70245194610226
official_bc,48,359,-280.61458529838416
official_bc,48,360,-291.7629801019254
official_bc,48,361,-285.77106729871815
official_bc,48,362,-279.2357768710972
official_bc,48,363,-293.38220227483066
official_bc,48,364,-275.41043819563515
official_bc,48,365,-282.120918766313
official_bc,48,366,-295.5884761013814
official_bc,48,367,-290.63147486635665
official_bc,48,368,-288.33732654119547
official_bc,48,369,-299.5403869290938
official_bc,48,370,-298.21394028431087
official_bc,48,371,-291.27906732189444
official_bc,48,372,-298.02787869930216
official_bc,48,373,-299.91859463936737
official_bc,48,374,-295.1316874083743
official_bc,48,375,-293.74689332332906
official_bc,48,376,-287.2730957087082
official_bc,48,377,-287.76506482507784
official_bc,48,378,-292.04369532461516
official_bc,48,379,-288.14411585145615
official_bc,48,380,-284.23624393596776
official_bc,48,381,-288.22177545258273
official_bc,48,382,-284.04066248219425
official_bc,48,383,-294.10791487074147
official_bc,48,384,-282.50032925855646
official_bc,48,385,-285.08469933879985
official_bc,48,386,-277.1742961478428
official_bc,48,387,-287.96102941107233
official_bc,48,388,-295.1134620514433
official_bc,48,389,-293.0233106827644
official_bc,48,390,-285.8817760993362
official_bc,48,391,-293.7233145842672
official_bc,48,392,-300.20047302303556
official_bc,48,393,-301.36481160798274
official_bc,48,394,-288.0941336271743
official_bc,48,395,-285.31477233097013
official_bc,48,396,-288.2964584974795
official_bc,48,397,-293.555572439772
official_bc,48,398,-296.4124267363275
official_bc,48,399,-291.6411448803421
official_bc,48,400,-292.52463251541076
official_bc,48,401,-289.2326527009594
official_bc,48,402,-293.30365249147906
official_bc,48,403,-296.4900839414414
official_bc,48,404,-291.02300264466055
official_bc,48,405,-292.9464985484177
official_bc,48,406,-295.91266185301
official_bc,48,407,-275.0251589107708
official_bc,48,408,-290.4604249283605
official_bc,48,409,-293.74359286036645
official_bc,48,410,-288.14181598251594
official_bc,48,411,-292.48159411574676
official_bc,48,412,-285.09727053922
official_bc,48,413,-292.855961053101
official_bc,48,414,-284.42760506874146
official_bc,48,415,-289.4903645882903
official_bc,48,416,-294.0267674193452
official_bc,48,417,-289.4941103707957
official_bc,48,418,-285.39423941285787
official_bc,48,419,-283.30405942850484
official_bc,48,420,-285.22380388358
official_bc,48,421,-287.31741465645854
official_bc,48,422,-284.63457313032995
official_bc,48,423,-290.9726495780395
official_bc,48,424,-297.1276641163257
official_bc,48,425,-290.44528394881036
official_bc,48,426,-290.87707573063733
official_bc,48,427,-298.4162588396487
official_bc,48,428,-293.77295585330427
official_bc,48,429,-291.239366547291
official_bc,48,430,-291.9371780543773
official_bc,48,431,-293.98876816976997
official_bc,48,432,-285.7973029285992
official_bc,48,433,-290.50401720240535
official_bc,48,434,-289.85851298567394
official_bc,48,435,-292.9095239229787
official_bc,48,436,-287.2795381347512
official_bc,48,437,-280.9591106973866
official_bc,48,438,-290.23745171184186
official_bc,48,439,-291.1948331930711
official_bc,48,440,-289.893871943235
official_bc,48,441,-284.06625654312427
official_bc,48,442,-290.24233467738907
official_bc,48,443,-291.0774641891081
official_bc,48,444,-292.1074700653783
official_bc,48,445,-292.1514711687172
official_bc,48,446,-296.56228240517237
official_bc,48,447,-294.68394156603284
official_bc,48,448,-298.5265990984378
official_bc,48,449,-295.736655364144
official_bc,48,450,-294.71740884123176
official_bc,48,451,-293.3607897470516
official_bc,48,452,-287.12328198957965
official_bc,48,453,-290.02632214705557
official_bc,48,454,-285.5673198184007
official_bc,48,455,-286.9367083308773
official_bc,48,456,-290.19013091186036
official_bc,48,457,-286.1317152443497
official_bc,48,458,-286.11770248096883
official_bc,48,459,-279.3517069534795
official_bc,48,460,-283.7315305760404
official_bc,48,461,-287.76009806828137
official_bc,48,462,-284.4564828873373
official_bc,48,463,-296.2174822794069
official_bc,48,464,-292.8464028672969
official_bc,48,465,-293.08384516595936
official_bc,48,466,-290.8176759530006
official_bc,48,467,-293.9443432815491
official_bc,48,468,-273.36267902959554
official_bc,48,469,-295.6296760708924
official_bc,48,470,-295.43843849537495
official_bc,48,471,-289.3499040862789
official_bc,48,472,-284.88495655347856
official_bc,48,473,-297.5647919426511
official_bc,48,474,-285.08584249810224
official_bc,48,475,-293.9491787544787
official_bc,48,476,-292.0591191615527
official_bc,48,477,-291.5975502275163
official_bc,48,478,-293.294200253975
official_bc,48,479,-295.7188360982802
official_bc,48,480,-291.981656767529
official_bc,48,481,-286.74746406578726
official_bc,48,482,-290.4085815881515
official_bc,48,483,-288.6696255903337
official_bc,48,484,-289.89853772080767
official_bc,48,485,-287.0513541688501
official_bc,48,486,-298.9592680359399
official_bc,48,487,-291.3577560045844
official_bc,48,488,-291.76680801668954
official_bc,48,489,-298.13725689209133
official_bc,48,490,-280.7121929282239
official_bc,48,491,-294.16411459491894
official_bc,48,492,-297.7513482735694
official_bc,48,493,-297.509858514669
official_bc,48,494,-286.827733394695
official_bc,48,495,-295.20757196285615
official_bc,48,496,-284.6256917019963
official_bc,48,497,-295.8541915300917
official_bc,48,498,-295.07347158195057
official_bc,48,499,-287.0454864741456
official_bc,48,500,-287.0579281897603
official_bc,48,501,-293.7589989938201
official_bc,48,502,-290.7453804587005
official_bc,48,503,-293.5076400420993
official_bc,48,504,-282.2379546235134
official_bc,48,505,-292.852032727001
official_bc,48,506,-287.30981646918514
official_bc,48,507,-285.4096835942178
official_bc,48,508,-302.4424841648745
official_bc,48,509,-290.5927895344765
official_bc,48,510,-299.55874231385735
official_bc,48,511,-291.20250355476986
official_bc,48,512,-294.05170267433186
official_bc,48,513,-296.5202421230631
official_bc,48,514,-294.64036703429656
official_bc,48,515,-293.2695563497195
official_bc,48,516,-283.7571950746011
official_bc,48,517,-293.40209099477755
official_bc,48,518,-284.6223297556082
official_bc,48,519,-289.065399079615
official_bc,48,520,-286.235846048092
official_bc,48,521,-296.8305732337981
official_bc,48,522,-288.8516933669725
official_bc,48,523,-289.1464904622639
official_bc,48,524,-288.5345015927975
official_bc,48,525,-295.47761002658086
official_bc,48,526,-292.6846644130796
official_bc,48,527,-290.8647350526304
official_bc,48,528,-292.80472167220825
official_bc,48,529,-298.32074663503215
official_bc,48,530,-296.0680766021403
official_bc,48,531,-284.66074477495744
official_bc,48,532,-296.22935813765037
official_bc,48,533,-294.53234559646484
official_bc,48,534,-293.9548172027261
official_bc,48,535,-295.386396360271
official_bc,48,536,-294.54503504976367
official_bc,48,537,-279.75316459209233
official_bc,48,538,-290.8660419329691
official_bc,48,539,-287.9737477167124
official_bc,48,540,-284.94401367864896
official_bc,48,541,-292.3577024339987
official_bc,48,542,-290.70337406376694
official_bc,48,543,-292.34074819935574
official_bc,48,544,-295.6854287356336
official_bc,48,545,-280.43052858660934
official_bc,48,546,-297.0665103892854
official_bc,48,547,-290.52788877791846
official_bc,48,548,-294.8214105783952
official_bc,48,549,-293.44007693114145
official_bc,48,550,-298.8992293400738
official_bc,48,551,-285.9337950555456
official_bc,48,552,-292.370468943934
official_bc,48,553,-293.8361823444827
official_bc,48,554,-290.2700010043207
official_bc,48,555,-296.19849820605873
official_bc,48,556,-293.99114211821757
official_bc,48,557,-283.37745618649546
official_bc,48,558,-287.4239861741218
official_bc,48,559,-289.55910716118825
official_bc,48,560,-293.97873717591347
official_bc,48,561,-290.8909727439169
official_bc,48,562,-290.26518500457644
official_bc,48,563,-292.2389786509432
official_bc,48,564,-293.4439806920037
official_bc,48,565,-283.52356662783154
official_bc,48,566,-296.8875952823805
official_bc,48,567,-292.11604007393913
official_bc,48,568,-289.43311922921635
official_bc,48,569,-295.5531066238078
official_bc,48,570,-294.4774283104672
official_bc,48,571,-289.05324917058584
official_bc,48,572,-289.9455284726301
official_bc,48,573,-296.28906714654624
official_bc,48,574,-292.21190531547256
official_bc,48,575,-296.477188607055
official_bc,48,576,-294.0870448141904
official_bc,48,577,-289.18327933994976
official_bc,48,578,-290.2793319773873
official_bc,48,579,-285.4470758795691
official_bc,48,580,-292.2206699031971
official_bc,48,581,-282.5292656449677
official_bc,48,582,-291.82683446372323
official_bc,48,583,-282.16677409054455
official_bc,48,584,-288.2136205736069
official_bc,48,585,-292.571720458574
official_bc,48,586,-294.28798392414274
official_bc,48,587,-293.34023564833967
official_bc,48,588,-294.14432966564965
official_bc,48,589,-296.4392257408283
official_bc,48,590,-296.99006157705355
official_bc,48,591,-294.4060842733942
official_bc,48,592,-292.4992925929504
official_bc,48,593,-293.16406804396877
official_bc,48,594,-290.32433916396735
official_bc,48,595,-296.1800114763253
official_bc,48,596,-290.489933993464
official_bc,48,597,-290.2148340685195
official_bc,48,598,-293.1282048371083
official_bc,48,599,-287.4180618411481
official_bc,48,600,-265.905130136108
official_bc,48,601,-293.2562871523319
official_bc,48,602,-291.5979060437675
official_bc,48,603,-278.26461895225043
official_bc,48,604,-278.22231539401463
official_bc,48,605,-296.3871673504413
official_bc,48,606,-293.64757509004505
official_bc,48,607,-295.70462937197055
official_bc,48,608,-287.9863886390922
official_bc,48,609,-298.21988366086794
official_bc,48,610,-299.92221211019023
official_bc,48,611,-293.8156878045838
official_bc,48,612,-287.0378766453177
official_bc,48,613,-291.77199394964657
official_bc,48,614,-294.0975620110688
official_bc,48,615,-290.2009937746545
official_bc,48,616,-295.98214077449245
official_bc,48,617,-282.5704904133492
official_bc,48,618,-291.92868613890266
official_bc,48,619,-297.6060410809993
official_bc,48,620,-294.92080036211553
official_bc,48,621,-286.2595318712316
official_bc,48,622,-271.61983824687496
official_bc,48,623,-286.47828036636787
official_bc,48,624,-295.37031069180813
official_bc,48,625,-279.34088071717724
official_bc,48,626,-289.1637602232444
official_bc,48,627,-296.3533477945292
official_bc,48,628,-299.26867085257885
official_bc,48,629,-292.724729802648
official_bc,48,630,-286.9005524066015
official_bc,48,631,-292.1657003846661
official_bc,48,632,-288.43201046634124
official_bc,48,633,-292.6019926846218
official_bc,48,634,-293.71888666424405
official_bc,48,635,-283.8707462518388
official_bc,48,636,-291.2369173269468
official_bc,48,637,-286.76359294853614
official_bc,48,638,-290.65492426456444
official_bc,48,639,-289.88519687641457
official_bc,48,640,-286.35323168309003
official_bc,48,641,-284.4976630538892
official_bc,48,642,-292.2092842695097
official_bc,48,643,-297.25676350509906
official_bc,48,644,-299.3334367897795
official_bc,48,645,-293.87458772206276
official_bc,48,646,-294.94196728002476
official_bc,48,647,-285.9967311688867
official_bc,48,648,-291.68639963366286
official_bc,48,649,-289.0319262732033
official_bc,48,650,-292.34106997136576
official_bc,48,651,-282.6356579878363
official_bc,48,652,-287.0903922880859
official_bc,48,653,-281.91572014100734
official_bc,48,654,-294.00471453261804
official_bc,48,655,-287.9965265900489
official_bc,48,656,-288.2270685094578
official_bc,48,657,-294.45855004038276
official_bc,48,658,-291.2349990039347
official_bc,48,659,-295.6581980534824
official_bc,48,660,-294.78746627105096
official_bc,48,661,-290.53839497722237
official_bc,48,662,-281.6103445655102
official_bc,48,663,-279.74735650675575
official_bc,48,664,-282.0704378222411
official_bc,48,665,-285.20104368655734
official_bc,48,666,-281.69928366318834
official_bc,48,667,-288.28189800223925
official_bc,48,668,-294.36513951726994
official_bc,48,669,-290.3036350013908
official_bc,48,670,-291.70366161311347
official_bc,48,671,-291.59420082102577
official_bc,48,672,-281.3014748693416
official_bc,48,673,-295.62236845052837
official_bc,48,674,-300.0772586563682
official_bc,48,675,-291.5109845661174
official_bc,48,676,-293.21540242529795
official_bc,48,677,-295.5965723172987
official_bc,48,678,-293.15810843898055
official_bc,48,679,-299.1646887208532
official_bc,48,680,-296.54913993283094
official_bc,48,681,-294.4559918616172
official_bc,48,682,-292.0081535276571
official_bc,48,683,-290.42894175813177
official_bc,48,684,-293.7651351790757
official_bc,48,685,-288.40125125150274
official_bc,48,686,-280.87116922849816
official_bc,48,687,-292.6736061593304
official_bc,48,688,-293.59306754360676
official_bc,48,689,-286.5157819718639
official_bc,48,690,-291.7263661138144
official_bc,48,691,-285.57504021171053
official_bc,48,692,-287.2393641989505
official_bc,48,693,-296.2896545238435
official_bc,48,694,-283.13235829821326
official_bc,48,695,-293.2882493428788
official_bc,48,696,-289.9748524351046
official_bc,48,697,-288.1716804847138
official_bc,48,698,-299.04946444706866
official_bc,48,699,-298.1743598286321
official_bc,48,700,-293.45943231601973
official_bc,48,701,-283.86112548710514
official_bc,48,702,-290.06332464676007
official_bc,48,703,-288.7980044436286
official_bc,48,704,-295.9749653367141
official_bc,48,705,-296.64290583900925
official_bc,48,706,-294.940748867763
official_bc,48,707,-287.3430909198827
official_bc,48,708,-289.0482593219439
official_bc,48,709,-291.1578657570712
official_bc,48,710,-288.18697547587647
official_bc,48,711,-293.0245162070352
official_bc,48,712,-287.23153174817196
official_bc,48,713,-293.999842300515
official_bc,48,714,-286.3034405980525
official_bc,48,715,-292.08518979244013
official_bc,48,716,-292.9220263420376
official_bc,48,717,-300.8365969449962
official_bc,48,718,-297.85391130594445
official_bc,48,719,-290.350218639848
official_bc,48,720,-293.2193744186079
official_bc,48,721,-289.85132234115974
official_bc,48,722,-294.05936742887224
official_bc,48,723,-289.8509330326903
official_bc,48,724,-290.2093132537035
official_bc,48,725,-289.469384083252
official_bc,48,726,-289.21950174932414
official_bc,48,727,-293.66701395489076
official_bc,48,728,-294.37456432404167
official_bc,48,729,-287.1215023654293
official_bc,48,730,-293.3546985885737
official_bc,48,731,-285.98463813787424
official_bc,48,732,-291.0334952666733
official_bc,48,733,-294.0785726408906
official_bc,48,734,-283.63709150581406
official_bc,48,735,-295.4473896420759
official_bc,48,736,-292.1779611918025
official_bc,48,737,-286.3636118319215
official_bc,48,738,-293.3379576110983
official_bc,48,739,-282.8271905804527
official_bc,48,740,-295.8736378526031
official_bc,48,741,-292.9393334890597
official_bc,48,742,-293.01122508904103
official_bc,48,743,-280.5986837295109
official_bc,48,744,-277.83728219982675
official_bc,48,745,-284.1550969533711
official_bc,48,746,-295.6231558903791
official_bc,48,747,-298.89331957891835
official_bc,48,748,-289.2380855392497
official_bc,48,749,-294.6393715534993
official_bc,48,750,-292.08595073591107
official_bc,48,751,-296.2902142810165
official_bc,48,752,-295.18110215349606
official_bc,48,753,-287.5540309043921
official_bc,48,754,-280.66378189678676
official_bc,48,755,-294.1863480044373
official_bc,48,756,-285.2985943302903
official_bc,48,757,-294.3967517825033
official_bc,48,758,-287.52117800072557
official_bc,48,759,-286.07019004650516
official_bc,48,760,-292.67882612926496
official_bc,48,761,-297.12915522714275
official_bc,48,762,-292.8008348608988
official_bc,48,763,-291.3619301010867
official_bc,48,764,-293.04693433238947
official_bc,48,765,-290.9444545688069
official_bc,48,766,-289.2032305804986
official_bc,48,767,-285.83642618732483
official_bc,48,768,-293.26384917658334
official_bc,48,769,-287.88353484114236
official_bc,48,770,-298.4809494368195
official_bc,48,771,-292.8220441063838
official_bc,48,772,-297.20151043852707
official_bc,48,773,-295.36113024997024
official_bc,48,774,-292.88436018728834
official_bc,48,775,-291.05088268737995
official_bc,48,776,-294.5053527736483
official_bc,48,777,-285.4811485594173
official_bc,48,778,-295.1308194652448
official_bc,48,779,-292.0359843973833
official_bc,48,780,-297.8710442285461
official_bc,48,781,-276.7774491211615
official_bc,48,782,-296.05439260748267
official_bc,48,783,-288.6771386441246
official_bc,48,784,-287.85458797100694
official_bc,48,785,-295.68831728364603
official_bc,48,786,-284.4300746151932
official_bc,48,787,-295.1196835580357
official_bc,48,788,-290.8396761494679
official_bc,48,789,-293.1751065251459
official_bc,48,790,-295.42029545993546
official_bc,48,791,-292.2267594917834
official_bc,48,792,-298.47514464640483
official_bc,48,793,-285.9223882815206
official_bc,48,794,-268.05102629600964
official_bc,48,795,-290.36075240130947
official_bc,48,796,-292.53975061542627
official_bc,48,797,-296.52690836875513
official_bc,48,798,-291.72843801784006
official_bc,48,799,-290.0805885578248
official_bc,48,800,-290.47163099690613
official_bc,48,801,-294.42187925382405
official_bc,48,802,-286.26604132901355
official_bc,48,803,-292.6562825333737
official_bc,48,804,-285.57759259572686
official_bc,48,805,-291.9848916972787
official_bc,48,806,-288.1053804288895
official_bc,48,807,-286.95866081816473
official_bc,48,808,-290.52680277725204
official_bc,48,809,-292.5323703848313
official_bc,48,810,-295.1277215827688
official_bc,48,811,-297.5423051544954
official_bc,48,812,-288.60339206766935
official_bc,48,813,-294.89354889351074
official_bc,48,814,-291.35607048715303
official_bc,48,815,-292.5418065358119
official_bc,48,816,-280.2697747307321
official_bc,48,817,-288.5296921187595
official_bc,48,818,-291.8374368523258
official_bc,48,819,-290.83170910548984
official_bc,48,820,-291.96560864728366
official_bc,48,821,-293.38505073253657
official_bc,48,822,-282.43582598255097
official_bc,48,823,-284.4726011422349
official_bc,48,824,-290.1057092636525
official_bc,48,825,-291.13734110649693
official_bc,48,826,-292.46492248174144
official_bc,48,827,-290.37639071274515
official_bc,48,828,-295.3430530969029
official_bc,48,829,-293.98442402631696
official_bc,48,830,-294.48725492962024
official_bc,48,831,-280.4301489142564
official_bc,48,832,-294.1470528928133
official_bc,48,833,-296.28866553965725
official_bc,48,834,-290.0253158516101
official_bc,48,835,-293.43241761656446
official_bc,48,836,-291.1401827281251
official_bc,48,837,-293.2331987813488
official_bc,48,838,-285.9028662779421
official_bc,48,839,-285.1542809331598
official_bc,48,840,-292.3832962886659
official_bc,48,841,-283.71410019361247
official_bc,48,842,-293.9974097760136
official_bc,48,843,-284.06812234894585
official_bc,48,844,-288.85944277851064
official_bc,48,845,-291.3494084152367
official_bc,48,846,-293.2400498139591
official_bc,48,847,-293.28485292627244
official_bc,48,848,-294.161868637626
official_bc,48,849,-288.4873458371961
official_bc,48,850,-293.904314299151
official_bc,48,851,-296.2397718271889
official_bc,48,852,-288.2492855678887
official_bc,48,853,-287.2145806229582
official_bc,48,854,-290.41663499124286
official_bc,48,855,-297.57240864250855
official_bc,48,856,-282.0896775553956
official_bc,48,857,-290.0120725149435
official_bc,48,858,-284.68410537265277
official_bc,48,859,-282.66467771357935
official_bc,48,860,-293.32828614801053
official_bc,48,861,-292.577441880283
official_bc,48,862,-291.48071345837377
official_bc,48,863,-285.19533917198885
official_bc,48,864,-284.16978709016286
official_bc,48,865,-291.7635230708367
official_bc,48,866,-289.39994312834745
official_bc,48,867,-292.5755567636594
official_bc,48,868,-291.8573904126333
official_bc,48,869,-270.0867241288963
official_bc,48,870,-295.1900452744169
official_bc,48,871,-297.2027130671474
official_bc,48,872,-293.7748055572256
official_bc,48,873,-290.1235865231602
official_bc,48,874,-294.26377097731324
official_bc,48,875,-284.34110378081687
official_bc,48,876,-295.7127917981818
official_bc,48,877,-296.4068307761239
official_bc,48,878,-296.2093173990475
official_bc,48,879,-300.8751569130933
official_bc,48,880,-292.8780082618616
official_bc,48,881,-287.7171268225237
official_bc,48,882,-281.4077730211498
official_bc,48,883,-272.3888216956026
official_bc,48,884,-284.15824305322474
official_bc,48,885,-291.7863955159999
official_bc,48,886,-287.6945507858676
official_bc,48,887,-295.49799914032826
official_bc,48,888,-289.3687383282896
official_bc,48,889,-299.6329922826567
official_bc,48,890,-302.9765840620138
official_bc,48,891,-295.10397536381345
official_bc,48,892,-293.0225913505533
official_bc,48,893,-285.60031877478906
official_bc,48,894,-291.1079860682507
official_bc,48,895,-296.87498420809055
official_bc,48,896,-282.01261299622774
official_bc,48,897,-292.6706843516296
official_bc,48,898,-289.14983086815175
official_bc,48,899,-294.00259794058127
official_bc,48,900,-294.88488252709436
official_bc,48,901,-284.81061784137967
official_bc,48,902,-294.2223971868531
official_bc,48,903,-290.6268569179237
official_bc,48,904,-284.8533773450646
official_bc,48,905,-293.44120416388387
official_bc,48,906,-281.7078546301751
official_bc,48,907,-273.68830944493266
official_bc,48,908,-284.6983605646768
official_bc,48,909,-293.5316420174174
official_bc,48,910,-298.6400176485325
official_bc,48,911,-292.8224857466187
official_bc,48,912,-287.06651384283043
official_bc,48,913,-289.8010045896079
official_bc,48,914,-296.832673525116
official_bc,48,915,-293.31900262085105
official_bc,48,916,-288.6544908179738
official_bc,48,917,-282.3227744194869
official_bc,48,918,-292.5817146219347
official_bc,48,919,-293.7942906862157
official_bc,48,920,-296.1970367144979
official_bc,48,921,-287.19661279190893
official_bc,48,922,-288.0329725137592
official_bc,48,923,-296.8651073342216
official_bc,48,924,-279.7722385889995
official_bc,48,925,-284.0761455326375
official_bc,48,926,-289.09050284833097
official_bc,48,927,-281.0736297929134
official_bc,48,928,-292.1724456957373
official_bc,48,929,-298.0436377789295
official_bc,48,930,-297.1885867529732
official_bc,48,931,-296.7036038599475
official_bc,48,932,-291.8651781941127
official_bc,48,933,-288.9847436932646
official_bc,48,934,-293.58360288938303
official_bc,48,935,-293.8264243949962
official_bc,48,936,-299.7293725468088
official_bc,48,937,-289.8841379795615
official_bc,48,938,-282.7437020340642
official_bc,48,939,-289.558944080732
official_bc,48,940,-295.8109181572226
official_bc,48,941,-284.0838134161693
official_bc,48,942,-292.61489667205683
official_bc,48,943,-282.98130067158115
official_bc,48,944,-286.3475232312739
official_bc,48,945,-292.23258840011
official_bc,48,946,-273.92206541512303
official_bc,48,947,-291.79181250660736
official_bc,48,948,-292.4610737792119
official_bc,48,949,-291.0247558204244
official_bc,48,950,-296.7363565881144
official_bc,48,951,-289.063527100746
official_bc,48,952,-293.7604674548998
official_bc,48,953,-292.0647637682288
official_bc,48,954,-295.6155473776757
official_bc,48,955,-297.10575578300416
official_bc,48,956,-298.83481467087734
official_bc,48,957,-292.30198104579136
official_bc,48,958,-291.3520042871272
official_bc,48,959,-288.08351236491626
official_bc,48,960,-289.42871436027264
official_bc,48,961,-294.5849514690402
official_bc,48,962,-272.6525296377027
official_bc,48,963,-280.954905221266
official_bc,48,964,-271.3450008163167
official_bc,48,965,-294.5054382883726
official_bc,48,966,-297.05386547279045
official_bc,48,967,-293.0918286733554
official_bc,48,968,-281.8811534524947
official_bc,48,969,-291.4644917758162
official_bc,48,970,-298.40570813080103
official_bc,48,971,-290.1677358595053
official_bc,48,972,-296.3649887442994
official_bc,48,973,-286.23604537097526
official_bc,48,974,-300.3274813541133
official_bc,48,975,-289.37173341714134
official_bc,48,976,-291.0027663703018
official_bc,48,977,-300.2460570325986
official_bc,48,978,-297.97464712116727
official_bc,48,979,-292.95615582844124
official_bc,48,980,-295.8496931226519
official_bc,48,981,-289.50751312583157
official_bc,48,982,-290.12326014325845
official_bc,48,983,-291.78356197128994
official_bc,48,984,-291.23271236997186
official_bc,48,985,-283.31733789394116
official_bc,48,986,-291.1205233847143
official_bc,48,987,-284.30453587970584
official_bc,48,988,-293.78085062282656
official_bc,48,989,-293.648158358224
official_bc,48,990,-295.7878426109025
official_bc,48,991,-295.67197460031355
official_bc,48,992,-281.4215916807033
official_bc,48,993,-289.4579290332697
official_bc,48,994,-292.63221952065635
official_bc,48,995,-287.9204474130706
official_bc,48,996,-280.15715529927564
official_bc,48,997,-281.9622772886516
official_bc,48,998,-291.7832725929161
official_bc,48,999,-288.80712544862695
official_bc,48,1000,-292.99127170067857
official_bc,49,1,-198.9500246082756
official_bc,49,2,-242.82517815571055
official_bc,49,3,-205.5152008725392
official_bc,49,4,-223.75413905715553
official_bc,49,5,-196.67501718460346
official_bc,49,6,-197.81343955784166
official_bc,49,7,-193.9149668677806
official_bc,49,8,-255.363729346911
official_bc,49,9,-168.20739701417094
official_bc,49,10,-174.00656589801736
official_bc,49,11,-258.4484458619719
official_bc,49,12,-289.44877230180697
official_bc,49,13,-221.35351185186917
official_bc,49,14,-235.54820940628957
official_bc,49,15,-202.23587155434666
official_bc,49,16,-288.35618077824313
official_bc,49,17,-237.8400885219512
official_bc,49,18,-257.1765122934392
official_bc,49,19,-243.60068457650408
official_bc,49,20,-216.70710064933502
official_bc,49,21,-202.98933039368862
official_bc,49,22,-179.5744895723682
official_bc,49,23,-313.35027023759096
official_bc,49,24,-291.4581987106135
official_bc,49,25,-169.7882877035828
official_bc,49,26,-198.02656258270645
official_bc,49,27,-211.68313415756165
official_bc,49,28,-217.44411800030042
official_bc,49,29,-171.0865144533057
official_bc,49,30,-219.96042258952912
official_bc,49,31,-308.14784152540227
official_bc,49,32,-301.45699130894155
official_bc,49,33,-295.6916551888938
official_bc,49,34,-284.87449739477336
official_bc,49,35,-284.3142664820308
official_bc,49,36,-298.29460013243875
official_bc,49,37,-298.33362426660415
official_bc,49,38,-288.64740286276253
official_bc,49,39,-291.99231296011135
official_bc,49,40,-282.1664747631452
official_bc,49,41,-283.84508470866155
official_bc,49,42,-278.4748226465763
official_bc,49,43,-268.0569639066838
official_bc,49,44,-275.07612675310247
official_bc,49,45,-258.95497084636213
official_bc,49,46,-258.4573279193801
official_bc,49,47,-256.974259632438
official_bc,49,48,-252.53190309892796
official_bc,49,49,-241.88191522897372
official_bc,49,50,-251.58380716978715
official_bc,49,51,-253.68938571710163
official_bc,49,52,-255.15970162674168
official_bc,49,53,-246.7207051486661
official_bc,49,54,-258.86063626025
official_bc,49,55,-273.7639678284464
official_bc,49,56,-267.7988862632896
official_bc,49,57,-290.7892776917448
official_bc,49,58,-300.8920734905025
official_bc,49,59,-297.4545982620938
official_bc,49,60,-303.1930592870572
official_bc,49,61,-303.9018636085311
official_bc,49,62,-310.3780204190109
official_bc,49,63,-299.628801096423
official_bc,49,64,-298.4333763080217
official_bc,49,65,-305.4177178706504
official_bc,49,66,-298.28830529624776
official_bc,49,67,-294.22445370965056
official_bc,49,68,-284.70965196636655
official_bc,49,69,-294.68776179059455
official_bc,49,70,-286.59829955665975
official_bc,49,71,-290.04326942705654
official_bc,49,72,-293.9180992839697
official_bc,49,73,-287.8393700698058
official_bc,49,74,-297.9760393105287
official_bc,49,75,-290.2498956346599
official_bc,49,76,-298.87943447209227
official_bc,49,77,-297.1377079672641
official_bc,49,78,-289.85880236873453
official_bc,49,79,-301.98074677076664
official_bc,49,80,-294.3039296262513
official_bc,49,81,-281.0760942643502
official_bc,49,82,-296.7866182478065
official_bc,49,83,-286.8893748357427
official_bc,49,84,-278.37354413727496
official_bc,49,85,-285.50115104652514
official_bc,49,86,-284.1441569561171
official_bc,49,87,-288.854547221332
official_bc,49,88,-282.98557921448173
official_bc,49,89,-283.46721692521
official_bc,49,90,-284.3949318560226
official_bc,49,91,-286.2318043727241
official_bc,49,92,-290.2752556021607
official_bc,49,93,-282.8966704763244
official_bc,49,94,-292.7295423358951
official_bc,49,95,-296.194201544055
official_bc,49,96,-301.1684398945664
official_bc,49,97,-294.67218903470376
official_bc,49,98,-293.4799672364569
official_bc,49,99,-285.3337869599633
official_bc,49,100,-299.44783740637973
official_bc,49,101,-301.934795659219
official_bc,49,102,-288.36400210937165
official_bc,49,103,-296.5437396590207
official_bc,49,104,-297.43957348975374
official_bc,49,105,-297.0095909407831
official_bc,49,106,-285.19018228539744
official_bc,49,107,-292.4693544906726
official_bc,49,108,-289.151810470235
official_bc,49,109,-289.5562658848544
official_bc,49,110,-280.483289430598
official_bc,49,111,-285.6667645721276
official_bc,49,112,-286.36708429662804
official_bc,49,113,-288.34134749593545
official_bc,49,114,-283.4386634955878
official_bc,49,115,-292.227259309051
official_bc,49,116,-281.22633851680337
official_bc,49,117,-293.67421856596525
official_bc,49,118,-289.2935096335259
official_bc,49,119,-293.11574797044744
official_bc,49,120,-295.3356351645709
official_bc,49,121,-290.24377740110174
official_bc,49,122,-293.4141713106455
official_bc,49,123,-295.7192471135798
official_bc,49,124,-291.2146691960866
official_bc,49,125,-290.65252924857805
official_bc,49,126,-292.18554999542107
official_bc,49,127,-289.2434536039945
official_bc,49,128,-288.85547409036144
official_bc,49,129,-283.2361048101139
official_bc,49,130,-287.16588873205444
official_bc,49,131,-286.6421321599592
official_bc,49,132,-285.604688371818
official_bc,49,133,-290.95807885168733
official_bc,49,134,-287.65041882117475
official_bc,49,135,-288.7567092478311
official_bc,49,136,-286.2699573328787
official_bc,49,137,-278.63737024911006
official_bc,49,138,-290.91289870343326
official_bc,49,139,-300.32858689122867
official_bc,49,140,-286.57909351222236
official_bc,49,141,-288.4614105703434
official_bc,49,142,-281.32876804036334
official_bc,49,143,-279.69413524116413
official_bc,49,144,-291.53789988801884
official_bc,49,145,-285.9803283088397
official_bc,49,146,-287.71118368802365
official_bc,49,147,-285.98885964201247
official_bc,49,148,-287.21809066692686
official_bc,49,149,-290.6149779011961
official_bc,49,150,-292.5441305645729
official_bc,49,151,-289.6101888417192
official_bc,49,152,-289.6998492726178
official_bc,49,153,-296.07301648052163
official_bc,49,154,-287.05387022668936
official_bc,49,155,-291.6526774901955
official_bc,49,156,-291.98609258193466
official_bc,49,157,-292.2292697435168
official_bc,49,158,-294.3783854359417
official_bc,49,159,-291.7264807408287
official_bc,49,160,-273.2599255907873
official_bc,49,161,-296.379585008521
official_bc,49,162,-277.3922527637255
official_bc,49,163,-291.090733653777
official_bc,49,164,-283.97076398496955
official_bc,49,165,-273.7318109418696
official_bc,49,166,-286.28954329708955
official_bc,49,167,-294.4375664034452
official_bc,49,168,-294.6067792023034
official_bc,49,169,-296.36906694915683
official_bc,49,170,-278.0210892022539
official_bc,49,171,-292.9954132138073
official_bc,49,172,-284.73918387156164
official_bc,49,173,-292.8281079558048
official_bc,49,174,-276.17286795032646
official_bc,49,175,-293.789215216886
official_bc,49,176,-286.77689417299854
official_bc,49,177,-286.11293190338336
official_bc,49,178,-297.6328688023135
official_bc,49,179,-294.73062761604035
official_bc,49,180,-280.7645256173519
official_bc,49,181,-293.78005422753495
official_bc,49,182,-280.1181401090378
official_bc,49,183,-281.12522654359736
official_bc,49,184,-281.46473196172036
official_bc,49,185,-288.3200659961119
official_bc,49,186,-289.4416497880783
official_bc,49,187,-286.0316835709777
official_bc,49,188,-274.76628399596194
official_bc,49,189,-290.54130804065153
official_bc,49,190,-292.8425982232841
official_bc,49,191,-287.09650747101784
official_bc,49,192,-287.9121785292419
official_bc,49,193,-287.7119135500682
official_bc,49,194,-293.9353469643392
official_bc,49,195,-295.1367292443051
official_bc,49,196,-295.90618263544684
official_bc,49,197,-293.42953706510116
official_bc,49,198,-291.34542663183055
official_bc,49,199,-289.54842753311567
official_bc,49,200,-287.58629780811935
official_bc,49,201,-287.8617281077662
official_bc,49,202,-288.561861240902
official_bc,49,203,-279.3240978097148
official_bc,49,204,-288.9995234607658
official_bc,49,205,-289.70956246190974
official_bc,49,206,-287.7498872717459
official_bc,49,207,-290.9255392240195
official_bc,49,208,-292.30346490350786
official_bc,49,209,-282.7578985207308
official_bc,49,210,-284.7795153863529
official_bc,49,211,-290.0942887767226
official_bc,49,212,-293.7218554723129
official_bc,49,213,-293.2683781349663
official_bc,49,214,-285.7248271577964
official_bc,49,215,-287.53784019724503
official_bc,49,216,-291.2111489599099
official_bc,49,217,-293.7527680258312
official_bc,49,218,-281.2162139785281
official_bc,49,219,-291.97036649609424
official_bc,49,220,-285.64702260257064
official_bc,49,221,-292.98395919392567
official_bc,49,222,-294.9876762472084
official_bc,49,223,-295.55121238505455
official_bc,49,224,-285.74736259886186
official_bc,49,225,-289.91351096738936
official_bc,49,226,-282.0152105026035
official_bc,49,227,-285.6962072293059
official_bc,49,228,-289.31893568888745
official_bc,49,229,-287.4749099904307
official_bc,49,230,-293.446431050534
official_bc,49,231,-287.9150229662074
official_bc,49,232,-299.2322085652586
official_bc,49,233,-289.9707007868809
official_bc,49,234,-286.1162667444861
official_bc,49,235,-286.3143746127461
official_bc,49,236,-298.919099633159
official_bc,49,237,-289.8665667617081
official_bc,49,238,-290.21552591767096
official_bc,49,239,-293.57023347239976
official_bc,49,240,-286.73941688089843
official_bc,49,241,-294.22144158468
official_bc,49,242,-285.88425329330937
official_bc,49,243,-289.5137902716758
official_bc,49,244,-291.32092970781406
official_bc,49,245,-280.2759615805942
official_bc,49,246,-285.8096088130832
official_bc,49,247,-284.36926314363313
official_bc,49,248,-278.03126923591407
official_bc,49,249,-288.8597083804874
official_bc,49,250,-275.5858013612344
official_bc,49,251,-297.5742200293998
official_bc,49,252,-287.978302951963
official_bc,49,253,-291.3055366248926
official_bc,49,254,-277.48007912697403
official_bc,49,255,-293.5202507822946
official_bc,49,256,-291.3446255249853
official_bc,49,257,-291.6779807053762
official_bc,49,258,-293.14218701947493
official_bc,49,259,-296.0322778999873
official_bc,49,260,-296.1243556123869
official_bc,49,261,-292.5573129283285
official_bc,49,262,-280.76504949549496
official_bc,49,263,-297.9641032501202
official_bc,49,264,-288.367676844772
official_bc,49,265,-289.16218517276843
official_bc,49,266,-287.4818097992952
official_bc,49,267,-288.7544904334195
official_bc,49,268,-287.8932753429917
official_bc,49,269,-290.9867145148422
official_bc,49,270,-284.38664747805103
official_bc,49,271,-291.34671686213335
official_bc,49,272,-279.4221550824848
official_bc,49,273,-288.4482248220171
official_bc,49,274,-288.50145685487206
official_bc,49,275,-294.6575897164323
official_bc,49,276,-284.1594800808248
official_bc,49,277,-288.7799910982214
official_bc,49,278,-299.9122144880498
official_bc,49,279,-285.2263491722887
official_bc,49,280,-296.3504828301039
official_bc,49,281,-299.54213077550605
official_bc,49,282,-291.6154670940889
official_bc,49,283,-291.0141417128099
official_bc,49,284,-287.8676515060784
official_bc,49,285,-294.04265615338596
official_bc,49,286,-296.06602890939945
official_bc,49,287,-291.78864777887634
official_bc,49,288,-293.6064393256781
official_bc,49,289,-277.43509604562786
official_bc,49,290,-283.8577183509664
official_bc,49,291,-283.54343470129834
official_bc,49,292,-294.84777547513374
official_bc,49,293,-292.4382156703699
official_bc,49,294,-287.8384921042436
official_bc,49,295,-297.91020897974295
official_bc,49,296,-283.3389537568461
official_bc,49,297,-287.86298754834473
official_bc,49,298,-297.1945750103594
official_bc,49,299,-277.0366138616153
official_bc,49,300,-284.8146494914629
official_bc,49,301,-294.7372358225729
official_bc,49,302,-291.56192053832655
official_bc,49,303,-287.0048845197057
official_bc,49,304,-293.78452477941727
official_bc,49,305,-287.3550136024422
official_bc,49,306,-291.6188955422305
official_bc,49,307,-297.6641459839045
official_bc,49,308,-285.24922710830765
official_bc,49,309,-298.0814735634276
official_bc,49,310,-286.57396780031934
official_bc,49,311,-294.0019606673805
official_bc,49,312,-283.5665699465096
official_bc,49,313,-291.0839646827603
official_bc,49,314,-283.9470035869806
official_bc,49,315,-291.3814141775483
official_bc,49,316,-292.10851362242704
official_bc,49,317,-281.85045156700977
official_bc,49,318,-296.97290003238913
official_bc,49,319,-295.20531012383987
official_bc,49,320,-293.2419539824414
official_bc,49,321,-287.23783269025523
official_bc,49,322,-290.9117817431872
official_bc,49,323,-283.0674133747667
official_bc,49,324,-290.07740445073614
official_bc,49,325,-291.38337600416673
official_bc,49,326,-294.93560657965304
official_bc,49,327,-296.29747927428616
official_bc,49,328,-285.8613661115721
official_bc,49,329,-295.17021011160017
official_bc,49,330,-292.86223665068917
official_bc,49,331,-294.22161687289656
official_bc,49,332,-289.554119315112
official_bc,49,333,-296.15122931183384
official_bc,49,334,-295.58620178452304
official_bc,49,335,-290.9931316182242
official_bc,49,336,-286.87218932332627
official_bc,49,337,-294.7456906281631
official_bc,49,338,-297.0754269457634
official_bc,49,339,-288.84252347803744
official_bc,49,340,-296.4705226348428
official_bc,49,341,-286.88658830675433
official_bc,49,342,-295.2500073199495
official_bc,49,343,-297.1979313764104
official_bc,49,344,-287.7777605403111
official_bc,49,345,-290.0042931850936
official_bc,49,346,-291.0390146488854
official_bc,49,347,-293.311454968491
official_bc,49,348,-288.8424370959743
official_bc,49,349,-293.9814914412415
official_bc,49,350,-284.9493602980353
official_bc,49,351,-284.9548102653607
official_bc,49,352,-296.2436385400795
official_bc,49,353,-292.0989250309337
official_bc,49,354,-291.1086902391145
official_bc,49,355,-289.64054485236693
official_bc,49,356,-296.74310607998495
official_bc,49,357,-289.18431485282736
official_bc,49,358,-296.23349732080334
official_bc,49,359,-288.54304589579533
official_bc,49,360,-286.48557256671427
official_bc,49,361,-289.265789227746
official_bc,49,362,-294.62495908472636
official_bc,49,363,-286.68326275934544
official_bc,49,364,-292.8082383051036
official_bc,49,365,-286.52350193214073
official_bc,49,366,-288.26825025130756
official_bc,49,367,-294.0926374027591
official_bc,49,368,-292.47414231155614
official_bc,49,369,-287.5268372015835
official_bc,49,370,-291.5042626926262
official_bc,49,371,-290.43372226373526
official_bc,49,372,-284.8007676225341
official_bc,49,373,-295.14251542293505
official_bc,49,374,-292.7313276468464
official_bc,49,375,-290.2705061598589
official_bc,49,376,-284.07302717288843
official_bc,49,377,-289.6717946071755
official_bc,49,378,-297.26179395330564
official_bc,49,379,-283.21255021070795
official_bc,49,380,-282.2754095459511
official_bc,49,381,-296.2833849544122
official_bc,49,382,-295.5124399896722
official_bc,49,383,-286.54909858730207
official_bc,49,384,-289.1163411048926
official_bc,49,385,-288.9329066312549
official_bc,49,386,-289.86201921784425
official_bc,49,387,-285.2432921473534
official_bc,49,388,-295.32996359064106
official_bc,49,389,-289.3153846546981
official_bc,49,390,-275.91097309772397
official_bc,49,391,-288.7115769246293
official_bc,49,392,-297.96585183325203
official_bc,49,393,-274.4754014779007
official_bc,49,394,-292.39252829819236
official_bc,49,395,-273.61197791594986
official_bc,49,396,-293.33703084635147
official_bc,49,397,-294.24628704602424
official_bc,49,398,-298.62609757917613
official_bc,49,399,-292.40509705473505
official_bc,49,400,-291.76551767839584
official_bc,49,401,-281.34442960739057
official_bc,49,402,-296.6275450448301
official_bc,49,403,-290.86615697732066
official_bc,49,404,-293.0614278603624
official_bc,49,405,-285.020597004193
official_bc,49,406,-292.5585931040704
official_bc,49,407,-296.812572316684
official_bc,49,408,-281.5813950558976
official_bc,49,409,-278.081004452401
official_bc,49,410,-294.4062011215967
official_bc,49,411,-285.6922737870539
official_bc,49,412,-295.7847698995779
official_bc,49,413,-291.73977012290544
official_bc,49,414,-289.3787635806266
official_bc,49,415,-288.6016096404774
official_bc,49,416,-297.83856146867004
official_bc,49,417,-292.9565058784592
official_bc,49,418,-287.95290838302856
official_bc,49,419,-296.297401550883
official_bc,49,420,-300.25221459003484
official_bc,49,421,-293.1745242748402
official_bc,49,422,-287.4212537701131
official_bc,49,423,-292.4962848535631
official_bc,49,424,-280.63559577656395
official_bc,49,425,-297.35777664672673
official_bc,49,426,-291.18264918668496
official_bc,49,427,-287.7669933524929
official_bc,49,428,-288.69479120687987
official_bc,49,429,-295.0126750654282
official_bc,49,430,-287.59343201221066
official_bc,49,431,-296.13113456394865
official_bc,49,432,-292.1013901782431
official_bc,49,433,-297.1874239251498
official_bc,49,434,-278.8536677926353
official_bc,49,435,-292.35653844296723
official_bc,49,436,-290.9411570149014
official_bc,49,437,-286.2303101099339
official_bc,49,438,-285.68289045740056
official_bc,49,439,-292.3756707360019
official_bc,49,440,-281.14446120584387
official_bc,49,441,-286.78493450177723
official_bc,49,442,-291.4682894522391
official_bc,49,443,-289.4656277025931
official_bc,49,444,-293.3787459900062
official_bc,49,445,-292.29968952762493
official_bc,49,446,-294.4783779855513
official_bc,49,447,-294.40961887878905
official_bc,49,448,-293.2035818598574
official_bc,49,449,-283.43471724307653
official_bc,49,450,-294.048016219504
official_bc,49,451,-289.7646569786899
official_bc,49,452,-296.48420232184026
official_bc,49,453,-297.15539845669804
official_bc,49,454,-295.01567118082204
official_bc,49,455,-283.609305258958
official_bc,49,456,-284.1718328929416
official_bc,49,457,-283.45052229170346
official_bc,49,458,-277.9199777017509
official_bc,49,459,-286.6722949881199
official_bc,49,460,-291.8327437098731
official_bc,49,461,-285.3018258095123
official_bc,49,462,-294.36320996408165
official_bc,49,463,-292.1034166708394
official_bc,49,464,-296.1479489759223
official_bc,49,465,-282.96176770664835
official_bc,49,466,-295.08374119031924
official_bc,49,467,-294.995817098072
official_bc,49,468,-295.1255466180475
official_bc,49,469,-288.2082290808629
official_bc,49,470,-290.03602446116633
official_bc,49,471,-298.4013989267971
official_bc,49,472,-294.8592112580483
official_bc,49,473,-287.71282012435574
official_bc,49,474,-295.8938701554418
official_bc,49,475,-281.1370959676701
official_bc,49,476,-287.2856382254774
official_bc,49,477,-265.51751716638
official_bc,49,478,-283.2041384576526
official_bc,49,479,-277.0401802745893
official_bc,49,480,-292.61042232399353
official_bc,49,481,-292.5937868523933
official_bc,49,482,-288.8408650159401
official_bc,49,483,-295.66239469207034
official_bc,49,484,-299.26759973143817
official_bc,49,485,-295.147375377322
official_bc,49,486,-298.4649543538717
official_bc,49,487,-286.05411792973655
official_bc,49,488,-294.1783178546797
official_bc,49,489,-286.07315448488174
official_bc,49,490,-289.0140343423577
official_bc,49,491,-292.2431885486543
official_bc,49,492,-286.03933735542915
official_bc,49,493,-290.34771035555434
official_bc,49,494,-283.9720461736879
official_bc,49,495,-295.05227062202397
official_bc,49,496,-292.9338365925027
official_bc,49,497,-288.0514569207215
official_bc,49,498,-292.5011509627742
official_bc,49,499,-290.27887761334824
official_bc,49,500,-293.92015712911973
official_bc,49,501,-283.6857496033214
official_bc,49,502,-294.2777138271366
official_bc,49,503,-287.85701878034473
official_bc,49,504,-286.6714158123813
official_bc,49,505,-298.50398529897615
official_bc,49,506,-290.6808682435319
official_bc,49,507,-293.164295872238
official_bc,49,508,-284.6462928202891
official_bc,49,509,-292.54847202898935
official_bc,49,510,-297.9309987720123
official_bc,49,511,-285.42644621322654
official_bc,49,512,-290.2555648473997
official_bc,49,513,-294.0457146321544
official_bc,49,514,-295.76545913087693
official_bc,49,515,-292.39502251837644
official_bc,49,516,-291.67887789039145
official_bc,49,517,-293.25935843088286
official_bc,49,518,-273.4876729876359
official_bc,49,519,-295.7455832558496
official_bc,49,520,-286.88560721291407
official_bc,49,521,-295.0014848739947
official_bc,49,522,-292.96896987181026
official_bc,49,523,-296.13089571681905
official_bc,49,524,-290.06270441751843
official_bc,49,525,-285.78689362314856
official_bc,49,526,-290.9839013179512
official_bc,49,527,-285.2752611663588
official_bc,49,528,-288.4093661912455
official_bc,49,529,-293.26997517791426
official_bc,49,530,-294.8478562852406
official_bc,49,531,-286.06685766351615
official_bc,49,532,-291.02480305722054
official_bc,49,533,-280.03820467224216
official_bc,49,534,-283.77928251340484
official_bc,49,535,-289.32525759140157
official_bc,49,536,-283.00598353512464
official_bc,49,537,-285.17852982892634
official_bc,49,538,-285.3697197785083
official_bc,49,539,-290.1530716851227
official_bc,49,540,-290.3790210332524
official_bc,49,541,-297.80633128990837
official_bc,49,542,-294.09769272322916
official_bc,49,543,-289.89911840991175
official_bc,49,544,-295.7739334202768
official_bc,49,545,-297.4382789184572
official_bc,49,546,-287.015591707771
official_bc,49,547,-282.62396996578985
official_bc,49,548,-290.61033572574036
official_bc,49,549,-286.5183237198095
official_bc,49,550,-280.6073499742965
official_bc,49,551,-291.40289473750914
official_bc,49,552,-290.0326276292861
official_bc,49,553,-294.33394979601724
official_bc,49,554,-292.3328287743625
official_bc,49,555,-272.7753308581426
official_bc,49,556,-289.4751141114873
official_bc,49,557,-296.890284160895
official_bc,49,558,-282.4450014716827
official_bc,49,559,-297.3133760347007
official_bc,49,560,-289.42194411369655
official_bc,49,561,-292.4392373205018
official_bc,49,562,-283.06014451669756
official_bc,49,563,-300.2865276923231
official_bc,49,564,-288.3500119840259
official_bc,49,565,-294.0625841594241
official_bc,49,566,-293.68625050533296
official_bc,49,567,-287.3460805790741
official_bc,49,568,-292.221411827966
official_bc,49,569,-290.2570861705274
official_bc,49,570,-291.6404212582543
official_bc,49,571,-289.25718284376643
official_bc,49,572,-288.9028849354112
official_bc,49,573,-293.3112764037021
official_bc,49,574,-290.31535273053805
official_bc,49,575,-289.39267729410284
official_bc,49,576,-286.52748178150784
official_bc,49,577,-284.52989966145515
official_bc,49,578,-287.16671895528026
official_bc,49,579,-294.8185282326013
official_bc,49,580,-287.16873111639507
official_bc,49,581,-287.9718417760299
official_bc,49,582,-291.1573958656135
official_bc,49,583,-292.98838851643546
official_bc,49,584,-278.61830999588074
official_bc,49,585,-281.6179967435344
official_bc,49,586,-291.8104666813302
official_bc,49,587,-299.7938598276037
official_bc,49,588,-292.0831754678303
official_bc,49,589,-292.2577465174811
official_bc,49,590,-291.40391888367935
official_bc,49,591,-297.867290634916
official_bc,49,592,-289.3859881765416
official_bc,49,593,-289.3939272736956
official_bc,49,594,-287.6743422453239
official_bc,49,595,-293.86505173688323
official_bc,49,596,-295.58309699566627
official_bc,49,597,-289.376016811324
official_bc,49,598,-296.9703725795602
official_bc,49,599,-293.272028777971
official_bc,49,600,-292.64604255753835
official_bc,49,601,-292.01220308725055
official_bc,49,602,-288.48328175410296
official_bc,49,603,-291.46184674113937
official_bc,49,604,-295.1823453342719
official_bc,49,605,-292.607964254884
official_bc,49,606,-297.84317117397353
official_bc,49,607,-290.59387176897417
official_bc,49,608,-291.00585659260685
official_bc,49,609,-290.88502250972226
official_bc,49,610,-286.4809565792846
official_bc,49,611,-290.79135293376476
official_bc,49,612,-291.40786020183793
official_bc,49,613,-293.81084386087275
official_bc,49,614,-291.7482889420784
official_bc,49,615,-284.4737400988353
official_bc,49,616,-287.90867697273364
official_bc,49,617,-290.2051916933218
official_bc,49,618,-293.2328984530093
official_bc,49,619,-295.13656135043595
official_bc,49,620,-292.16873226851135
official_bc,49,621,-292.423485432376
official_bc,49,622,-293.24414494893483
official_bc,49,623,-284.54453478467235
official_bc,49,624,-291.7655026943333
official_bc,49,625,-294.9151419143636
official_bc,49,626,-281.66596934372865
official_bc,49,627,-295.05619423962395
official_bc,49,628,-282.59904694702686
official_bc,49,629,-289.3361828056294
official_bc,49,630,-281.31310878148247
official_bc,49,631,-293.0204674259305
official_bc,49,632,-285.33009159414075
official_bc,49,633,-291.60560121132767
official_bc,49,634,-293.8450672296975
official_bc,49,635,-283.8677451506582
official_bc,49,636,-286.2423567800407
official_bc,49,637,-291.3895483823316
official_bc,49,638,-296.79818939620776
official_bc,49,639,-295.22030137506863
official_bc,49,640,-291.55928841277756
official_bc,49,641,-295.19191855882576
official_bc,49,642,-290.2530152666191
official_bc,49,643,-293.87597162895287
official_bc,49,644,-281.2147565877751
official_bc,49,645,-292.0845787870758
official_bc,49,646,-282.9537946553721
official_bc,49,647,-290.588228285887
official_bc,49,648,-296.4973258280584
official_bc,49,649,-293.65734601577867
official_bc,49,650,-286.16368211479806
official_bc,49,651,-284.6705087402321
official_bc,49,652,-292.9732284672496
official_bc,49,653,-283.59743559360817
official_bc,49,654,-282.4382390757297
official_bc,49,655,-284.74049448875434
official_bc,49,656,-292.6298466576925
official_bc,49,657,-289.55366851517397
official_bc,49,658,-290.68621140731113
official_bc,49,659,-294.3554957344982
official_bc,49,660,-296.60062218267745
official_bc,49,661,-293.67890970221515
official_bc,49,662,-280.7704089387635
official_bc,49,663,-294.88398602162636
official_bc,49,664,-293.21924495933933
official_bc,49,665,-290.2209393515958
official_bc,49,666,-290.18890401086287
official_bc,49,667,-289.28795101921014
official_bc,49,668,-288.63549099275497
official_bc,49,669,-289.2837591719207
official_bc,49,670,-290.4084413941423
official_bc,49,671,-295.68491374504066
official_bc,49,672,-289.84194514598636
official_bc,49,673,-295.06224135189007
official_bc,49,674,-290.7218808783446
official_bc,49,675,-290.786095947528
official_bc,49,676,-277.8585530890327
official_bc,49,677,-292.9545458743708
official_bc,49,678,-294.4734642666709
official_bc,49,679,-278.47394709218497
official_bc,49,680,-287.8757478706236
official_bc,49,681,-299.00005144327866
official_bc,49,682,-288.277025986122
official_bc,49,683,-297.793825049719
official_bc,49,684,-296.3854558108228
official_bc,49,685,-286.82611035145334
official_bc,49,686,-289.68514097542015
official_bc,49,687,-292.5306047980566
official_bc,49,688,-292.8400652610099
official_bc,49,689,-299.4705525829571
official_bc,49,690,-274.6678229517079
official_bc,49,691,-286.0544426162764
official_bc,49,692,-285.7874350095974
official_bc,49,693,-290.1455783757244
official_bc,49,694,-287.59474170442576
official_bc,49,695,-295.8507149525376
official_bc,49,696,-293.74431790056394
official_bc,49,697,-285.1033444055285
official_bc,49,698,-285.67031536562854
official_bc,49,699,-290.1409174929346
official_bc,49,700,-286.5724026868076
official_bc,49,701,-294.83018783522544
official_bc,49,702,-298.8551492019837
official_bc,49,703,-294.20023057690287
official_bc,49,704,-294.67592091026034
official_bc,49,705,-294.88279566100266
official_bc,49,706,-297.54421795939345
official_bc,49,707,-291.55256466451794
official_bc,49,708,-285.2247503092295
official_bc,49,709,-289.5795079087778
official_bc,49,710,-291.1696059641555
official_bc,49,711,-293.7399572986918
official_bc,49,712,-284.1594289885983
official_bc,49,713,-278.8768188756841
official_bc,49,714,-292.01185891309706
official_bc,49,715,-291.20308086763555
official_bc,49,716,-290.9011968305522
official_bc,49,717,-289.761621431927
official_bc,49,718,-291.6750057143008
official_bc,49,719,-298.55641852059784
official_bc,49,720,-294.9870973455358
official_bc,49,721,-295.8386588209759
official_bc,49,722,-295.99650034700176
official_bc,49,723,-290.6321664370641
official_bc,49,724,-296.8358959157845
official_bc,49,725,-290.6951893714821
official_bc,49,726,-285.48758089954475
official_bc,49,727,-293.3463367050362
official_bc,49,728,-290.78472214942076
official_bc,49,729,-285.14811758093276
official_bc,49,730,-294.4622202052693
official_bc,49,731,-297.3323216629626
official_bc,49,732,-296.40688818296195
official_bc,49,733,-294.80189012117535
official_bc,49,734,-288.6358868909876
official_bc,49,735,-290.62551766095123
official_bc,49,736,-288.4109437097702
official_bc,49,737,-289.8880341563139
official_bc,49,738,-292.48914371058413
official_bc,49,739,-280.2228451297009
official_bc,49,740,-294.8589981737284
official_bc,49,741,-288.85769073889753
official_bc,49,742,-293.00768978877153
official_bc,49,743,-292.03834472393453
official_bc,49,744,-294.8285143297987
official_bc,49,745,-293.6588449423889
official_bc,49,746,-298.24672703363507
official_bc,49,747,-290.92759652648385
official_bc,49,748,-291.76425318979443
official_bc,49,749,-284.17210416444
official_bc,49,750,-292.88905803132695
official_bc,49,751,-294.3223758359143
official_bc,49,752,-287.37516096814363
official_bc,49,753,-287.23590399743307
official_bc,49,754,-291.55920396623617
official_bc,49,755,-293.1141725842871
official_bc,49,756,-292.34314384360795
official_bc,49,757,-289.8775991712344
official_bc,49,758,-284.7806515908329
official_bc,49,759,-296.58110976603734
official_bc,49,760,-288.833236507841
official_bc,49,761,-298.6196601265543
official_bc,49,762,-292.3933383390517
official_bc,49,763,-284.261203725185
official_bc,49,764,-276.7775768042552
official_bc,49,765,-290.0702657102055
official_bc,49,766,-288.90051925648527
official_bc,49,767,-301.3883990781854
official_bc,49,768,-291.9288373701972
official_bc,49,769,-293.96614369904904
official_bc,49,770,-296.9361451776391
official_bc,49,771,-291.5531159109613
official_bc,49,772,-291.723061119284
official_bc,49,773,-297.88611662188805
official_bc,49,774,-297.6944239726403
official_bc,49,775,-287.090389009001
official_bc,49,776,-288.9445440640303
official_bc,49,777,-291.692998284298
official_bc,49,778,-292.2523534901078
official_bc,49,779,-281.4089769551298
official_bc,49,780,-273.9322379993036
official_bc,49,781,-291.5423022357952
official_bc,49,782,-284.6999576946631
official_bc,49,783,-291.9416861759228
official_bc,49,784,-294.36963161614284
official_bc,49,785,-287.0841647981523
official_bc,49,786,-279.5314814605288
official_bc,49,787,-290.77945738115636
official_bc,49,788,-295.11768290293344
official_bc,49,789,-292.41436483484483
official_bc,49,790,-288.1622135591908
official_bc,49,791,-292.2152890480145
official_bc,49,792,-286.5671732559084
official_bc,49,793,-296.1500905408787
official_bc,49,794,-295.2301520254738
official_bc,49,795,-284.6403449375891
official_bc,49,796,-287.89811801503674
official_bc,49,797,-289.1013095830308
official_bc,49,798,-288.3514580263392
official_bc,49,799,-284.45414134362215
official_bc,49,800,-295.1927071979136
official_bc,49,801,-291.3524108233411
official_bc,49,802,-288.96586319467406
official_bc,49,803,-291.9767351135064
official_bc,49,804,-298.5482084954184
official_bc,49,805,-292.79616809020644
official_bc,49,806,-287.3352273597934
official_bc,49,807,-290.0827821865844
official_bc,49,808,-284.6926122189042
official_bc,49,809,-289.30593320877716
official_bc,49,810,-291.77342602310745
official_bc,49,811,-293.179755665933
official_bc,49,812,-298.52708667630714
official_bc,49,813,-289.1052080078018
official_bc,49,814,-286.5216983507202
official_bc,49,815,-289.45846698055004
official_bc,49,816,-291.703251419092
official_bc,49,817,-284.3873853285346
official_bc,49,818,-291.92582274071987
official_bc,49,819,-298.4591680020462
official_bc,49,820,-289.4773756039656
official_bc,49,821,-288.4752228515643
official_bc,49,822,-288.18769256898975
official_bc,49,823,-290.87020859795035
official_bc,49,824,-289.97348731221217
official_bc,49,825,-298.76625707604944
official_bc,49,826,-291.60222793593726
official_bc,49,827,-288.6581989308696
official_bc,49,828,-290.95491052087186
official_bc,49,829,-289.9210304803157
official_bc,49,830,-299.118358518916
official_bc,49,831,-283.1108691374296
official_bc,49,832,-276.4805792488283
official_bc,49,833,-281.61295580848605
official_bc,49,834,-291.10830946765674
official_bc,49,835,-295.8905270307184
official_bc,49,836,-285.34000005845326
official_bc,49,837,-293.3574301863835
official_bc,49,838,-286.6543337575624
official_bc,49,839,-292.08834702863476
official_bc,49,840,-286.2839509040782
official_bc,49,841,-291.22909828454107
official_bc,49,842,-297.95596469315956
official_bc,49,843,-290.257240278641
official_bc,49,844,-291.7059931801631
official_bc,49,845,-296.7895576573784
official_bc,49,846,-291.8636593821135
official_bc,49,847,-295.4410474203951
official_bc,49,848,-294.72165657595326
official_bc,49,849,-289.6958119177448
official_bc,49,850,-285.6949078675933
official_bc,49,851,-292.28331590372824
official_bc,49,852,-283.122307366546
official_bc,49,853,-292.7453327964254
official_bc,49,854,-285.1327627633634
official_bc,49,855,-294.8797201081991
official_bc,49,856,-295.77631022523093
official_bc,49,857,-292.6280274401022
official_bc,49,858,-292.76237139492844
official_bc,49,859,-293.68203806378796
official_bc,49,860,-292.0712450368188
official_bc,49,861,-293.1698116631795
official_bc,49,862,-293.2017041402183
official_bc,49,863,-284.0155105365046
official_bc,49,864,-289.5957440893625
official_bc,49,865,-281.5572913999058
official_bc,49,866,-291.9687839948628
official_bc,49,867,-287.80598100338506
official_bc,49,868,-296.9832866767679
official_bc,49,869,-295.27009301337364
official_bc,49,870,-289.4782667057388
official_bc,49,871,-292.0086368467132
official_bc,49,872,-292.84973732477187
official_bc,49,873,-294.802675060571
official_bc,49,874,-284.998031905519
official_bc,49,875,-289.3808218978253
official_bc,49,876,-286.8276109032592
official_bc,49,877,-291.49755403351867
official_bc,49,878,-286.4138535982925
official_bc,49,879,-290.256755740132
official_bc,49,880,-291.8648387583213
official_bc,49,881,-285.54668467410113
official_bc,49,882,-292.6222987524012
official_bc,49,883,-288.33367163900266
official_bc,49,884,-291.7764543391139
official_bc,49,885,-297.4637543508595
official_bc,49,886,-291.4469110282285
official_bc,49,887,-288.1463660376209
official_bc,49,888,-297.18214361958235
official_bc,49,889,-290.8366708004626
official_bc,49,890,-289.9943317958956
official_bc,49,891,-290.2976767199198
official_bc,49,892,-291.1834522219026
official_bc,49,893,-285.2271270784407
official_bc,49,894,-292.6959925160511
official_bc,49,895,-278.9893322400368
official_bc,49,896,-292.4025658464277
official_bc,49,897,-287.1255552017316
official_bc,49,898,-285.8637991184579
official_bc,49,899,-285.14406603408037
official_bc,49,900,-294.7852660290615
official_bc,49,901,-272.08769279688454
official_bc,49,902,-296.28168553806955
official_bc,49,903,-294.9016734006956
official_bc,49,904,-293.813372101422
official_bc,49,905,-293.3600900352719
official_bc,49,906,-296.4486045029595
official_bc,49,907,-288.7961152016005
official_bc,49,908,-295.57206794495846
official_bc,49,909,-297.62330691278277
official_bc,49,910,-296.96139226424754
official_bc,49,911,-290.9524765719795
official_bc,49,912,-280.86990217266447
official_bc,49,913,-284.5154948019069
official_bc,49,914,-286.6503583719067
official_bc,49,915,-278.80981628632065
official_bc,49,916,-284.7997466219064
official_bc,49,917,-297.31220897714013
official_bc,49,918,-276.65064380886395
official_bc,49,919,-295.6187093824373
official_bc,49,920,-291.784670938722
official_bc,49,921,-293.79467361789807
official_bc,49,922,-287.3442924884863
official_bc,49,923,-299.3771490261498
official_bc,49,924,-297.6919774902404
official_bc,49,925,-289.8688049979263
official_bc,49,926,-291.3074078142041
official_bc,49,927,-297.6703226239982
official_bc,49,928,-294.97479513223254
official_bc,49,929,-297.6614647938161
official_bc,49,930,-294.4307774057185
official_bc,49,931,-288.6537907921652
official_bc,49,932,-291.0324344279769
official_bc,49,933,-290.01472215783974
official_bc,49,934,-285.697665660562
official_bc,49,935,-287.96399958309445
official_bc,49,936,-286.8908302644245
official_bc,49,937,-285.3466136863086
official_bc,49,938,-285.83129876074497
official_bc,49,939,-281.7126375471849
official_bc,49,940,-290.9134791524965
official_bc,49,941,-295.80496870313317
official_bc,49,942,-292.2334326019161
official_bc,49,943,-293.4571992396719
official_bc,49,944,-298.92725775849027
official_bc,49,945,-284.72550671157313
official_bc,49,946,-297.4038423822785
official_bc,49,947,-280.25437322250417
official_bc,49,948,-294.1633005129753
official_bc,49,949,-294.6433558028205
official_bc,49,950,-291.05027334741794
official_bc,49,951,-298.5945109965044
official_bc,49,952,-283.7429534533418
official_bc,49,953,-295.6965475414197
official_bc,49,954,-285.51753272318996
official_bc,49,955,-279.2163086905445
official_bc,49,956,-293.8547219027678
official_bc,49,957,-287.12570291797533
official_bc,49,958,-289.4980381651729
official_bc,49,959,-292.66606678596423
official_bc,49,960,-286.4383148608645
official_bc,49,961,-292.0861782049893
official_bc,49,962,-290.9049897723928
official_bc,49,963,-279.8720945445531
official_bc,49,964,-298.037030531556
official_bc,49,965,-295.50641520368623
official_bc,49,966,-289.70764075522334
official_bc,49,967,-296.5073997504585
official_bc,49,968,-293.27308519739654
official_bc,49,969,-284.8664548673826
official_bc,49,970,-286.70661220600573
official_bc,49,971,-283.212802586528
official_bc,49,972,-282.45980427282245
official_bc,49,973,-289.8967382809505
official_bc,49,974,-289.3297591976832
official_bc,49,975,-287.11111360017105
official_bc,49,976,-277.70269304358544
official_bc,49,977,-273.91889816954404
official_bc,49,978,-290.4454587279737
official_bc,49,979,-288.25453183426646
official_bc,49,980,-282.2247403428154
official_bc,49,981,-290.1722049286075
official_bc,49,982,-296.97682677701266
official_bc,49,983,-288.24957626429926
official_bc,49,984,-292.0083752419696
official_bc,49,985,-287.0212212861303
official_bc,49,986,-284.40991565269206
official_bc,49,987,-291.30282059695935
official_bc,49,988,-289.97480587834724
official_bc,49,989,-298.5250251735948
official_bc,49,990,-273.88414960035277
official_bc,49,991,-293.92229486767536
official_bc,49,992,-293.4288088011638
official_bc,49,993,-291.60916321988304
official_bc,49,994,-290.1182387859714
official_bc,49,995,-286.78033301193466
official_bc,49,996,-292.69119446251693
official_bc,49,997,-292.4847411175775
official_bc,49,998,-293.3803110816477
official_bc,49,999,-280.3903688997458
official_bc,49,1000,-292.04028599311573
official_bc,50,1,-194.53681682020903
official_bc,50,2,-214.53530855501828
official_bc,50,3,-204.2198571732149
official_bc,50,4,-234.04154557701509
official_bc,50,5,-259.92068269218566
official_bc,50,6,-207.16559386308967
official_bc,50,7,-188.2677625045723
official_bc,50,8,-180.00679314971023
official_bc,50,9,-174.63055709899672
official_bc,50,10,-298.73376975134715
official_bc,50,11,-277.8118079446386
official_bc,50,12,-252.1579341309498
official_bc,50,13,-194.06435191955907
official_bc,50,14,-241.5708034297163
official_bc,50,15,-167.14359790261392
official_bc,50,16,-168.924001168238
official_bc,50,17,-197.827034921656
official_bc,50,18,-227.64760143312972
official_bc,50,19,-260.2035638707896
official_bc,50,20,-315.285669747099
official_bc,50,21,-308.06241622167727
official_bc,50,22,-204.00691108119554
official_bc,50,23,-237.76052763967914
official_bc,50,24,-265.34841713405643
official_bc,50,25,-208.74217130537502
official_bc,50,26,-212.12596784430838
official_bc,50,27,-320.8118730629838
official_bc,50,28,-239.24218180297498
official_bc,50,29,-151.93292040731333
official_bc,50,30,-191.33974060978534
official_bc,50,31,-230.74720581195265
official_bc,50,32,-172.82400864569945
official_bc,50,33,-286.96830897976383
official_bc,50,34,-293.8338679070631
official_bc,50,35,-292.0271650999044
official_bc,50,36,-307.2812512115937
official_bc,50,37,-302.5987197292952
official_bc,50,38,-300.2833662323137
official_bc,50,39,-287.62795271355174
official_bc,50,40,-288.1228348945898
official_bc,50,41,-279.08259405139097
official_bc,50,42,-277.6562255603301
official_bc,50,43,-281.6527141552948
official_bc,50,44,-268.11789289550757
official_bc,50,45,-282.3309840842722
official_bc,50,46,-270.201766885005
official_bc,50,47,-272.4188237723541
official_bc,50,48,-271.99403330494505
official_bc,50,49,-281.389377337354
official_bc,50,50,-275.41349631338187
official_bc,50,51,-281.6346118211345
official_bc,50,52,-280.8745871856082
official_bc,50,53,-273.62577057541284
official_bc,50,54,-283.93033207338664
official_bc,50,55,-285.4064047954892
official_bc,50,56,-296.6186108759659
official_bc,50,57,-300.85090749999017
official_bc,50,58,-302.01574035809836
official_bc,50,59,-304.84668829235045
official_bc,50,60,-301.30369223871503
official_bc,50,61,-290.34330693667914
official_bc,50,62,-287.42025324388914
official_bc,50,63,-301.856321943485
official_bc,50,64,-281.0041920178621
official_bc,50,65,-284.5340939539391
official_bc,50,66,-293.85735856724204
official_bc,50,67,-287.409723348696
official_bc,50,68,-283.48300792452056
official_bc,50,69,-283.7032828206646
official_bc,50,70,-282.9769113408645
official_bc,50,71,-288.87848664410006
official_bc,50,72,-286.81385512577145
official_bc,50,73,-286.5919497341767
official_bc,50,74,-287.75998189196815
official_bc,50,75,-281.616660718325
official_bc,50,76,-284.13463007460695
official_bc,50,77,-292.6206856856997
official_bc,50,78,-293.1379887947821
official_bc,50,79,-290.1146382431426
official_bc,50,80,-287.95496877378906
official_bc,50,81,-298.0311499621862
official_bc,50,82,-297.7782385584556
official_bc,50,83,-290.17158571316884
official_bc,50,84,-290.8710119688577
official_bc,50,85,-296.4102547868407
official_bc,50,86,-284.1443864441872
official_bc,50,87,-278.2689129506219
official_bc,50,88,-284.35774508401187
official_bc,50,89,-279.6593554450402
official_bc,50,90,-290.12905707765464
official_bc,50,91,-285.2837622686942
official_bc,50,92,-286.5578284659035
official_bc,50,93,-286.07204556423073
official_bc,50,94,-275.36015134119805
official_bc,50,95,-292.0901768672278
official_bc,50,96,-292.8481067387321
official_bc,50,97,-288.72009512621486
official_bc,50,98,-289.2251771027061
official_bc,50,99,-289.65985846063626
official_bc,50,100,-281.26046679096487
official_bc,50,101,-298.27436199420924
official_bc,50,102,-295.4140942800181
official_bc,50,103,-287.00728476100653
official_bc,50,104,-289.3309403078756
official_bc,50,105,-292.6557388658475
official_bc,50,106,-289.19473228418195
official_bc,50,107,-292.3451198936666
official_bc,50,108,-287.3639135029972
official_bc,50,109,-292.9308757154316
official_bc,50,110,-290.055474874469
official_bc,50,111,-282.17971049461164
official_bc,50,112,-289.89463493075334
official_bc,50,113,-289.4982231458105
official_bc,50,114,-293.4387526878228
official_bc,50,115,-295.1768013699225
official_bc,50,116,-286.06697759550036
official_bc,50,117,-291.21359036447495
official_bc,50,118,-293.10426673752545
official_bc,50,119,-292.31908020541755
official_bc,50,120,-278.40082244104116
official_bc,50,121,-295.04527214041184
official_bc,50,122,-293.81789340474046
official_bc,50,123,-292.61736678635236
official_bc,50,124,-302.61604864774233
official_bc,50,125,-298.70315584907917
official_bc,50,126,-296.68420169817955
official_bc,50,127,-286.95508947811743
official_bc,50,128,-291.15375245859593
official_bc,50,129,-293.83085446941504
official_bc,50,130,-291.1599916973772
official_bc,50,131,-288.12195680142787
official_bc,50,132,-291.8432000248957
official_bc,50,133,-287.3919189993666
official_bc,50,134,-294.29272757643895
official_bc,50,135,-290.3970173845312
official_bc,50,136,-290.80834616292384
official_bc,50,137,-295.38074570729157
official_bc,50,138,-293.93219688037277
official_bc,50,139,-289.98748489192565
official_bc,50,140,-295.85167445475713
official_bc,50,141,-285.0226930959677
official_bc,50,142,-295.35186244145643
official_bc,50,143,-282.833052645165
official_bc,50,144,-282.4169948526318
official_bc,50,145,-294.2842074897188
official_bc,50,146,-296.8431060547538
official_bc,50,147,-286.038942616157
official_bc,50,148,-288.4578836608132
official_bc,50,149,-284.9361887152803
official_bc,50,150,-297.4503504126186
official_bc,50,151,-286.9896221526373
official_bc,50,152,-284.4038296261162
official_bc,50,153,-282.33185850214215
official_bc,50,154,-293.7730718289816
official_bc,50,155,-294.3523430149089
official_bc,50,156,-289.93791753768807
official_bc,50,157,-300.5635488869895
official_bc,50,158,-295.60968922472347
official_bc,50,159,-288.44968047306764
official_bc,50,160,-285.99218520102124
official_bc,50,161,-296.68748549024485
official_bc,50,162,-289.45612570830485
official_bc,50,163,-288.0604571000674
official_bc,50,164,-286.2061986942402
official_bc,50,165,-285.022914186737
official_bc,50,166,-283.9909607582949
official_bc,50,167,-290.13000184765616
official_bc,50,168,-290.08445293266954
official_bc,50,169,-293.73503568695565
official_bc,50,170,-290.9167137566262
official_bc,50,171,-294.52803617971034
official_bc,50,172,-297.43465268266266
official_bc,50,173,-292.2692032558472
official_bc,50,174,-289.95411930237265
official_bc,50,175,-293.80186139824747
official_bc,50,176,-288.8969368638093
official_bc,50,177,-288.8451759392259
official_bc,50,178,-291.77079153942924
official_bc,50,179,-290.21930252237536
official_bc,50,180,-289.85415054061116
official_bc,50,181,-286.360653938019
official_bc,50,182,-285.6429829538045
official_bc,50,183,-285.47386699505705
official_bc,50,184,-286.5375825858744
official_bc,50,185,-292.651433951224
official_bc,50,186,-294.39796189744925
official_bc,50,187,-293.6382905715236
official_bc,50,188,-296.0814130985888
official_bc,50,189,-287.5843387224836
official_bc,50,190,-287.20666208260127
official_bc,50,191,-284.32863706846
official_bc,50,192,-287.4255115364225
official_bc,50,193,-286.53466413507465
official_bc,50,194,-294.7335383040373
official_bc,50,195,-290.2498831533105
official_bc,50,196,-293.00808084595434
official_bc,50,197,-294.89212188182455
official_bc,50,198,-294.44936067207897
official_bc,50,199,-292.2989334757173
official_bc,50,200,-300.51207003223544
official_bc,50,201,-286.06666889519704
official_bc,50,202,-284.5715329956213
official_bc,50,203,-287.04631412482865
official_bc,50,204,-289.93758616064036
official_bc,50,205,-293.0492549468056
official_bc,50,206,-296.36242610540484
official_bc,50,207,-287.58715876382894
official_bc,50,208,-293.0667599703691
official_bc,50,209,-292.20357712438295
official_bc,50,210,-279.10436511721826
official_bc,50,211,-295.7891138975384
official_bc,50,212,-282.1355710407925
official_bc,50,213,-295.07733230013463
official_bc,50,214,-285.35855224637186
official_bc,50,215,-296.081193439852
official_bc,50,216,-289.54527985836825
official_bc,50,217,-298.43257647745213
official_bc,50,218,-295.0467020936813
official_bc,50,219,-285.08693717308586
official_bc,50,220,-286.6060400926077
official_bc,50,221,-294.11887266048996
official_bc,50,222,-285.88342028270813
official_bc,50,223,-297.76743974895123
official_bc,50,224,-291.91217200856977
official_bc,50,225,-299.4029674239314
official_bc,50,226,-293.7079565338713
official_bc,50,227,-292.3318331864413
official_bc,50,228,-294.9238542619001
official_bc,50,229,-289.2112488358444
official_bc,50,230,-282.5565762729025
official_bc,50,231,-290.53145971357407
official_bc,50,232,-298.62345740982096
official_bc,50,233,-295.10375407574116
official_bc,50,234,-290.5265338548944
official_bc,50,235,-287.9578199585099
official_bc,50,236,-287.26461879201497
official_bc,50,237,-289.3517069989789
official_bc,50,238,-286.3026288289109
official_bc,50,239,-275.24520955828075
official_bc,50,240,-293.8057978796153
official_bc,50,241,-291.7934724164986
official_bc,50,242,-293.7323609973454
official_bc,50,243,-287.1618226610828
official_bc,50,244,-297.5056795432158
official_bc,50,245,-289.68192550025117
official_bc,50,246,-295.39389582635766
official_bc,50,247,-293.5578277297929
official_bc,50,248,-292.65632066815266
official_bc,50,249,-294.4709383776567
official_bc,50,250,-291.75356557346373
official_bc,50,251,-293.44737107600804
official_bc,50,252,-293.8097679033455
official_bc,50,253,-294.8174004536162
official_bc,50,254,-293.20581628360355
official_bc,50,255,-284.4610040601524
official_bc,50,256,-289.6944381395743
official_bc,50,257,-279.80739692844446
official_bc,50,258,-287.60092355431254
official_bc,50,259,-278.5101887863318
official_bc,50,260,-283.56087844351816
official_bc,50,261,-297.3712556279479
official_bc,50,262,-299.7912703896668
official_bc,50,263,-294.10708529471515
official_bc,50,264,-294.8925526600427
official_bc,50,265,-293.24341872615247
official_bc,50,266,-294.16508256229037
official_bc,50,267,-291.08653354404044
official_bc,50,268,-285.20534635689677
official_bc,50,269,-292.2870817114573
official_bc,50,270,-284.6019303488882
official_bc,50,271,-290.15200889139726
official_bc,50,272,-290.6504948384564
official_bc,50,273,-294.4315169237183
official_bc,50,274,-296.69130630248156
official_bc,50,275,-289.27637889388217
official_bc,50,276,-294.5487497010158
official_bc,50,277,-292.9365252542015
official_bc,50,278,-289.4198327663757
official_bc,50,279,-294.94897271662927
official_bc,50,280,-292.76955694138326
official_bc,50,281,-294.6188844975915
official_bc,50,282,-278.4406750848878
official_bc,50,283,-298.8373535423742
official_bc,50,284,-296.15902564212126
official_bc,50,285,-296.3711801736752
official_bc,50,286,-295.4239324055203
official_bc,50,287,-290.12120449499434
official_bc,50,288,-291.77331133386474
official_bc,50,289,-294.9044458033329
official_bc,50,290,-295.4601061995206
official_bc,50,291,-293.2669192933199
official_bc,50,292,-289.2945506713991
official_bc,50,293,-293.5417066828516
official_bc,50,294,-295.02129978647446
official_bc,50,295,-286.692738933521
official_bc,50,296,-288.96422661980046
official_bc,50,297,-287.12199058535776
official_bc,50,298,-290.61660863906116
official_bc,50,299,-294.06322472735445
official_bc,50,300,-289.8222119260712
official_bc,50,301,-288.09795765647505
official_bc,50,302,-287.87628484417735
official_bc,50,303,-298.9753844952122
official_bc,50,304,-299.5285409700872
official_bc,50,305,-281.9401363756182
official_bc,50,306,-297.2667742923479
official_bc,50,307,-293.6388682636552
official_bc,50,308,-296.3443239809913
official_bc,50,309,-294.079426756329
official_bc,50,310,-293.4555129132423
official_bc,50,311,-296.3902064049803
official_bc,50,312,-284.7422472860882
official_bc,50,313,-290.21143913468336
official_bc,50,314,-296.5126854449923
official_bc,50,315,-287.0204050034964
official_bc,50,316,-290.8075739001189
official_bc,50,317,-285.43737992605395
official_bc,50,318,-291.0321650084701
official_bc,50,319,-296.19428224616024
official_bc,50,320,-290.83227138959415
official_bc,50,321,-291.25816401480586
official_bc,50,322,-292.9653072222127
official_bc,50,323,-282.96173865278695
official_bc,50,324,-294.2633373205799
official_bc,50,325,-285.6565937029387
official_bc,50,326,-283.85255604079543
official_bc,50,327,-285.6970644391185
official_bc,50,328,-294.66629492899034
official_bc,50,329,-296.57920867664757
official_bc,50,330,-292.6535243415009
official_bc,50,331,-279.0888960248951
official_bc,50,332,-293.1352919183052
official_bc,50,333,-288.36621392909683
official_bc,50,334,-292.53660227787395
official_bc,50,335,-291.2934303997198
official_bc,50,336,-295.6697909853989
official_bc,50,337,-286.5495993233376
official_bc,50,338,-286.3112512797527
official_bc,50,339,-286.9756413993464
official_bc,50,340,-285.2592643123264
official_bc,50,341,-288.4952049120541
official_bc,50,342,-286.488485369271
official_bc,50,343,-296.9090454025715
official_bc,50,344,-289.91553488472726
official_bc,50,345,-285.6526548614353
official_bc,50,346,-294.1390144272855
official_bc,50,347,-293.50626444042393
official_bc,50,348,-287.39274827335373
official_bc,50,349,-291.89175506318395
official_bc,50,350,-291.6467913402404
official_bc,50,351,-293.56722153366115
official_bc,50,352,-265.3181401365469
official_bc,50,353,-293.4198212305268
official_bc,50,354,-291.22167839994
official_bc,50,355,-297.7272674703983
official_bc,50,356,-286.2733734492836
official_bc,50,357,-287.75150302268474
official_bc,50,358,-292.0319344632294
official_bc,50,359,-295.16954439610276
official_bc,50,360,-289.6433944551302
official_bc,50,361,-292.53261264781133
official_bc,50,362,-290.4412617697588
official_bc,50,363,-297.8819449911672
official_bc,50,364,-285.28387890410295
official_bc,50,365,-279.9759387893206
official_bc,50,366,-294.381518355014
official_bc,50,367,-294.0734300447764
official_bc,50,368,-295.7854114998318
official_bc,50,369,-292.7720864123601
official_bc,50,370,-297.4231866392741
official_bc,50,371,-297.3078791879209
official_bc,50,372,-291.1176882934101
official_bc,50,373,-297.5413824418863
official_bc,50,374,-286.950617348449
official_bc,50,375,-289.9592809718475
official_bc,50,376,-287.99389620202567
official_bc,50,377,-289.0150128523593
official_bc,50,378,-291.05665494738884
official_bc,50,379,-293.0748080688984
official_bc,50,380,-293.2368465882739
official_bc,50,381,-295.83810065096276
official_bc,50,382,-288.95585532814977
official_bc,50,383,-291.62759761343995
official_bc,50,384,-278.7174323392462
official_bc,50,385,-292.70766007431087
official_bc,50,386,-285.4978051869654
official_bc,50,387,-284.3035462134195
official_bc,50,388,-292.8004549272703
official_bc,50,389,-279.6085502691337
official_bc,50,390,-295.4782329292165
official_bc,50,391,-285.4911675766642
official_bc,50,392,-292.2591927788123
official_bc,50,393,-276.5150746595707
official_bc,50,394,-290.83000633837037
official_bc,50,395,-279.2060927718408
official_bc,50,396,-289.18968088543295
official_bc,50,397,-296.80440355918734
official_bc,50,398,-295.5068197669166
official_bc,50,399,-292.2382710452393
official_bc,50,400,-295.7542431383158
official_bc,50,401,-296.44698613045
official_bc,50,402,-294.7310946367369
official_bc,50,403,-287.25220334782136
official_bc,50,404,-290.83359580709646
official_bc,50,405,-294.68192271415325
official_bc,50,406,-298.54833659881245
official_bc,50,407,-276.8304900787175
official_bc,50,408,-295.8192008057266
official_bc,50,409,-289.82530797423897
official_bc,50,410,-289.41034679685265
official_bc,50,411,-292.57008421519276
official_bc,50,412,-272.9476976326518
official_bc,50,413,-297.63758601186976
official_bc,50,414,-282.1740623619222
official_bc,50,415,-285.4988757439707
official_bc,50,416,-281.8806845575786
official_bc,50,417,-298.67628748474726
official_bc,50,418,-295.5710715822914
official_bc,50,419,-267.1645962786529
official_bc,50,420,-295.45895354786376
official_bc,50,421,-295.5299139416785
official_bc,50,422,-295.9658509733821
official_bc,50,423,-291.3779819992914
official_bc,50,424,-295.5002388887954
official_bc,50,425,-290.1127281253946
official_bc,50,426,-289.4240167084202
official_bc,50,427,-293.55779228376883
official_bc,50,428,-293.5008739936999
official_bc,50,429,-288.12608192624987
official_bc,50,430,-296.663374293263
official_bc,50,431,-290.98271718123226
official_bc,50,432,-289.2612277224009
official_bc,50,433,-290.1158172847223
official_bc,50,434,-283.0129266763097
official_bc,50,435,-286.39966083828534
official_bc,50,436,-277.9574202406152
official_bc,50,437,-293.36654014628925
official_bc,50,438,-290.2067374415372
official_bc,50,439,-292.4032013734893
official_bc,50,440,-291.63105162878776
official_bc,50,441,-290.1685259118865
official_bc,50,442,-293.21697937930145
official_bc,50,443,-293.25013169898136
official_bc,50,444,-279.6819169213434
official_bc,50,445,-288.9641201034437
official_bc,50,446,-294.46007085415033
official_bc,50,447,-285.9497854428699
official_bc,50,448,-296.14431936812673
official_bc,50,449,-298.91946189076623
official_bc,50,450,-294.4559666628862
official_bc,50,451,-296.48856246893445
official_bc,50,452,-292.71304112125654
official_bc,50,453,-287.68373461349995
official_bc,50,454,-297.0221306082061
official_bc,50,455,-294.33655299591703
official_bc,50,456,-294.43376954951566
official_bc,50,457,-294.34394449215415
official_bc,50,458,-291.8261822553327
official_bc,50,459,-289.8896387697255
official_bc,50,460,-286.57211181375146
official_bc,50,461,-284.8685675304423
official_bc,50,462,-291.1950088036826
official_bc,50,463,-292.7749765866621
official_bc,50,464,-292.1493512188496
official_bc,50,465,-293.7329263552294
official_bc,50,466,-292.74111924637236
official_bc,50,467,-290.3780332767
official_bc,50,468,-291.2212686508118
official_bc,50,469,-291.9320122931159
official_bc,50,470,-285.90642845168964
official_bc,50,471,-296.13562145096444
official_bc,50,472,-294.9911874101143
official_bc,50,473,-275.2578718573743
official_bc,50,474,-291.25976459016056
official_bc,50,475,-284.7723508440119
official_bc,50,476,-296.80608265086255
official_bc,50,477,-293.36851121469687
official_bc,50,478,-286.56023298559194
official_bc,50,479,-298.5254153150786
official_bc,50,480,-293.92858724278153
official_bc,50,481,-282.37483239362007
official_bc,50,482,-294.98460396853056
official_bc,50,483,-290.1829750190193
official_bc,50,484,-292.8041507747644
official_bc,50,485,-291.3059524244867
official_bc,50,486,-293.87167061588707
official_bc,50,487,-295.1258313751044
official_bc,50,488,-293.1354312622141
official_bc,50,489,-291.3944751817629
official_bc,50,490,-292.7293637683839
official_bc,50,491,-288.6611877881998
official_bc,50,492,-293.6905153757472
official_bc,50,493,-292.54722256414595
official_bc,50,494,-284.55103120584675
official_bc,50,495,-283.8645436844597
official_bc,50,496,-277.2954976245332
official_bc,50,497,-293.2417270578248
official_bc,50,498,-290.559207014384
official_bc,50,499,-284.9026623166027
official_bc,50,500,-291.4638633256243
official_bc,50,501,-288.9740719517112
official_bc,50,502,-290.11472769045395
official_bc,50,503,-294.8005789293059
official_bc,50,504,-296.75435274633014
official_bc,50,505,-296.8038611451742
official_bc,50,506,-299.5813597004402
official_bc,50,507,-296.04763015075963
official_bc,50,508,-285.0285561515365
official_bc,50,509,-294.53047194520104
official_bc,50,510,-289.6202329110125
official_bc,50,511,-276.36056242054093
official_bc,50,512,-281.47524700927727
official_bc,50,513,-286.6490236424991
official_bc,50,514,-290.6899281975876
official_bc,50,515,-290.306039561811
official_bc,50,516,-292.0481288037811
official_bc,50,517,-292.76706374035285
official_bc,50,518,-299.87395121763876
official_bc,50,519,-286.20384639122364
official_bc,50,520,-295.4418802416045
official_bc,50,521,-289.16407051968497
official_bc,50,522,-270.8890922655282
official_bc,50,523,-291.78781288288525
official_bc,50,524,-297.07037838374265
official_bc,50,525,-291.06714824359693
official_bc,50,526,-294.4733331453451
official_bc,50,527,-288.4408309614001
official_bc,50,528,-295.70861475158046
official_bc,50,529,-291.9531021741426
official_bc,50,530,-291.80921482185136
official_bc,50,531,-293.63268035473413
official_bc,50,532,-281.39798264580554
official_bc,50,533,-288.83151919300394
official_bc,50,534,-285.44106611514496
official_bc,50,535,-284.21469945199624
official_bc,50,536,-290.3125620378093
official_bc,50,537,-290.34018280929075
official_bc,50,538,-284.74700228199396
official_bc,50,539,-287.8260708994851
official_bc,50,540,-296.4110986108254
official_bc,50,541,-290.89094992116327
official_bc,50,542,-294.21190721347534
official_bc,50,543,-295.2058130711375
official_bc,50,544,-292.2890164273324
official_bc,50,545,-294.1679152520137
official_bc,50,546,-286.157250569627
official_bc,50,547,-294.3254229148306
official_bc,50,548,-296.6085682292563
official_bc,50,549,-287.8467192696158
official_bc,50,550,-292.27014106700415
official_bc,50,551,-295.8180585417664
official_bc,50,552,-289.9611818468597
official_bc,50,553,-293.43164836850326
official_bc,50,554,-287.04607689811934
official_bc,50,555,-285.054356392064
official_bc,50,556,-286.5663344586168
official_bc,50,557,-293.035706954149
official_bc,50,558,-282.4918396606819
official_bc,50,559,-294.0153180941749
official_bc,50,560,-293.2540849471574
official_bc,50,561,-292.5065984347335
official_bc,50,562,-295.8730599355327
official_bc,50,563,-289.61285652016727
official_bc,50,564,-296.0678446017775
official_bc,50,565,-296.8233009133031
official_bc,50,566,-298.5628787567959
official_bc,50,567,-296.4660340196121
official_bc,50,568,-292.7479188095563
official_bc,50,569,-289.19451486576406
official_bc,50,570,-291.3282150985764
official_bc,50,571,-290.4798911887987
official_bc,50,572,-291.87856373406373
official_bc,50,573,-291.575381205858
official_bc,50,574,-290.8641873593659
official_bc,50,575,-290.9871923331417
official_bc,50,576,-281.3806496050112
official_bc,50,577,-291.5700236542787
official_bc,50,578,-291.53704944536594
official_bc,50,579,-288.1997003837217
official_bc,50,580,-289.18627109170825
official_bc,50,581,-292.6870410926594
official_bc,50,582,-288.5704372829655
official_bc,50,583,-294.1975561808613
official_bc,50,584,-287.0345118082446
official_bc,50,585,-289.0814089433666
official_bc,50,586,-290.70183238635116
official_bc,50,587,-296.311887917572
official_bc,50,588,-293.51514300225614
official_bc,50,589,-288.0500767693678
official_bc,50,590,-297.5601424500963
official_bc,50,591,-287.9149645212532
official_bc,50,592,-290.11853193852056
official_bc,50,593,-292.8049991054261
official_bc,50,594,-283.94961280135664
official_bc,50,595,-290.3648084662873
official_bc,50,596,-291.44705688073594
official_bc,50,597,-281.82581414616044
official_bc,50,598,-287.1403156039405
official_bc,50,599,-290.2997145789028
official_bc,50,600,-294.1744288462595
official_bc,50,601,-292.96553368917597
official_bc,50,602,-296.5028717788972
official_bc,50,603,-291.97549049030505
official_bc,50,604,-292.0523151263214
official_bc,50,605,-295.0991054564755
official_bc,50,606,-288.02265989985887
official_bc,50,607,-280.2397872843046
official_bc,50,608,-293.2459025872688
official_bc,50,609,-288.2989829661755
official_bc,50,610,-292.2106211098228
official_bc,50,611,-286.81907378588795
official_bc,50,612,-293.8682030484273
official_bc,50,613,-291.11851556711474
official_bc,50,614,-295.9058062965815
official_bc,50,615,-289.8477133840822
official_bc,50,616,-288.6783635309299
official_bc,50,617,-292.3713088436659
official_bc,50,618,-293.04266348726503
official_bc,50,619,-278.1553138420589
official_bc,50,620,-292.8400051340245
official_bc,50,621,-298.6345628031481
official_bc,50,622,-292.28774205617617
official_bc,50,623,-290.555793004517
official_bc,50,624,-292.120616088214
official_bc,50,625,-287.8363637037188
official_bc,50,626,-289.8340377502397
official_bc,50,627,-295.9892105954823
official_bc,50,628,-280.7819062116301
official_bc,50,629,-279.7845324651942
official_bc,50,630,-290.88990363713435
official_bc,50,631,-288.6177799621805
official_bc,50,632,-281.240989553814
official_bc,50,633,-291.88843544396155
official_bc,50,634,-290.88695103552595
official_bc,50,635,-288.7667453724196
official_bc,50,636,-289.99295753981755
official_bc,50,637,-292.81548375679193
official_bc,50,638,-295.62756585858955
official_bc,50,639,-293.3034095966702
official_bc,50,640,-296.6489745128939
official_bc,50,641,-285.8874810198371
official_bc,50,642,-289.7554812869807
official_bc,50,643,-296.7947364357221
official_bc,50,644,-288.015683733257
official_bc,50,645,-294.33911890602667
official_bc,50,646,-283.94709790932296
official_bc,50,647,-284.12997869059984
official_bc,50,648,-298.18602008401484
official_bc,50,649,-281.98382620545385
official_bc,50,650,-292.2051607287808
official_bc,50,651,-292.66507238500026
official_bc,50,652,-293.2392379467711
official_bc,50,653,-292.1860781114355
official_bc,50,654,-293.0203879011205
official_bc,50,655,-289.88726713577313
official_bc,50,656,-293.69127953873544
official_bc,50,657,-290.1091220999429
official_bc,50,658,-293.9287461702469
official_bc,50,659,-287.45644010501786
official_bc,50,660,-282.6714015907828
official_bc,50,661,-288.86970992137356
official_bc,50,662,-291.863006430382
official_bc,50,663,-290.5478077406767
official_bc,50,664,-281.2454383672142
official_bc,50,665,-282.0555541522517
official_bc,50,666,-291.8630685957533
official_bc,50,667,-294.4366427003596
official_bc,50,668,-292.3266865667664
official_bc,50,669,-284.21787990182247
official_bc,50,670,-295.0647424271289
official_bc,50,671,-289.33084082540415
official_bc,50,672,-289.1658634187853
official_bc,50,673,-283.31074145968813
official_bc,50,674,-293.80547695038456
official_bc,50,675,-293.97226990305546
official_bc,50,676,-288.2415033848636
official_bc,50,677,-291.87172809339796
official_bc,50,678,-294.76687588437665
official_bc,50,679,-295.41518832587144
official_bc,50,680,-288.60202593565145
official_bc,50,681,-292.6745815854028
official_bc,50,682,-287.350289602987
official_bc,50,683,-288.61628691791606
official_bc,50,684,-291.3301453127171
official_bc,50,685,-282.18864943203283
official_bc,50,686,-290.2907474964301
official_bc,50,687,-285.8245197150537
official_bc,50,688,-294.5861088198842
official_bc,50,689,-297.05729412220677
official_bc,50,690,-285.43686344261283
official_bc,50,691,-290.9591848809126
official_bc,50,692,-287.7187049109708
official_bc,50,693,-287.6765346440965
official_bc,50,694,-285.10033545203316
official_bc,50,695,-279.8739346167514
official_bc,50,696,-277.40411791476697
official_bc,50,697,-290.5581219077187
official_bc,50,698,-286.41591086909034
official_bc,50,699,-293.0903013660161
official_bc,50,700,-288.4288264415166
official_bc,50,701,-289.04229651267724
official_bc,50,702,-292.0533285967722
official_bc,50,703,-289.21990292138986
official_bc,50,704,-294.1210944735501
official_bc,50,705,-297.1780716849553
official_bc,50,706,-286.18228620020136
official_bc,50,707,-286.5773737485398
official_bc,50,708,-291.4610621305378
official_bc,50,709,-282.3461010663332
official_bc,50,710,-282.3341052101979
official_bc,50,711,-285.22804316638405
official_bc,50,712,-294.21799311392516
official_bc,50,713,-292.16686197976486
official_bc,50,714,-289.4918023501307
official_bc,50,715,-280.50294319009964
official_bc,50,716,-294.6402087892355
official_bc,50,717,-288.3621657974291
official_bc,50,718,-290.71252251229464
official_bc,50,719,-289.6564288993515
official_bc,50,720,-287.39319818581595
official_bc,50,721,-281.7521079158514
official_bc,50,722,-277.9991613536315
official_bc,50,723,-292.50605281045154
official_bc,50,724,-297.7990339600737
official_bc,50,725,-287.20520813933774
official_bc,50,726,-296.3387977272445
official_bc,50,727,-292.1573417671209
official_bc,50,728,-290.26278810939243
official_bc,50,729,-300.33717658638
official_bc,50,730,-299.4454693178883
official_bc,50,731,-295.3403788892491
official_bc,50,732,-290.51136903225444
official_bc,50,733,-297.91181525845525
official_bc,50,734,-295.5432590211283
official_bc,50,735,-292.6937693185979
official_bc,50,736,-275.3495552397327
official_bc,50,737,-286.8812386057166
official_bc,50,738,-296.47555000350513
official_bc,50,739,-294.0906861207215
official_bc,50,740,-290.5317796931876
official_bc,50,741,-288.9838215204496
official_bc,50,742,-283.2631198435398
official_bc,50,743,-290.8841465791113
official_bc,50,744,-290.45634657982094
official_bc,50,745,-293.51500231707377
official_bc,50,746,-285.77988004630816
official_bc,50,747,-286.8289629887211
official_bc,50,748,-288.4374940521161
official_bc,50,749,-286.8171654445197
official_bc,50,750,-285.73853959367955
official_bc,50,751,-291.8643493782929
official_bc,50,752,-279.5813702272754
official_bc,50,753,-297.05853773220076
official_bc,50,754,-293.23579378060083
official_bc,50,755,-286.30640716679625
official_bc,50,756,-289.08051860644787
official_bc,50,757,-286.78755718038525
official_bc,50,758,-294.4192647149356
official_bc,50,759,-291.15444301893695
official_bc,50,760,-281.5703210717354
official_bc,50,761,-289.9647681077944
official_bc,50,762,-290.0886589217377
official_bc,50,763,-294.24326030127867
official_bc,50,764,-294.6913917253782
official_bc,50,765,-287.9208919825094
official_bc,50,766,-296.7926905978061
official_bc,50,767,-292.35882395343947
official_bc,50,768,-298.9492263533522
official_bc,50,769,-293.5126448524222
official_bc,50,770,-288.9001065490275
official_bc,50,771,-284.88767754522877
official_bc,50,772,-283.870085945254
official_bc,50,773,-293.3404173775102
official_bc,50,774,-287.79296870701614
official_bc,50,775,-287.6028708099513
official_bc,50,776,-287.3536708668312
official_bc,50,777,-280.4139604319942
official_bc,50,778,-294.1057074537797
official_bc,50,779,-287.1054357570633
official_bc,50,780,-297.1549470696147
official_bc,50,781,-288.522043213072
official_bc,50,782,-298.09853882560725
official_bc,50,783,-291.95541419035226
official_bc,50,784,-289.0774180316979
official_bc,50,785,-290.9597758690818
official_bc,50,786,-295.49632561862506
official_bc,50,787,-285.53966273754884
official_bc,50,788,-298.2422081533625
official_bc,50,789,-292.5336060106817
official_bc,50,790,-290.6223518086187
official_bc,50,791,-294.69765475655834
official_bc,50,792,-288.7044456034279
official_bc,50,793,-293.7332248029029
official_bc,50,794,-283.1424991274007
official_bc,50,795,-295.09817586999617
official_bc,50,796,-287.1161128546605
official_bc,50,797,-290.45719316252047
official_bc,50,798,-286.25212506988714
official_bc,50,799,-287.05070514116244
official_bc,50,800,-281.519520522417
official_bc,50,801,-292.3739421262014
official_bc,50,802,-294.6753373324421
official_bc,50,803,-291.27532140881584
official_bc,50,804,-291.20337592743226
official_bc,50,805,-295.8410808802561
official_bc,50,806,-286.0084418761238
official_bc,50,807,-294.6351719894868
official_bc,50,808,-301.06045072704865
official_bc,50,809,-296.5347388129337
official_bc,50,810,-297.2385768221212
official_bc,50,811,-298.92819492840755
official_bc,50,812,-290.0060763592703
official_bc,50,813,-283.10995580072995
official_bc,50,814,-296.45121143196394
official_bc,50,815,-288.89843405938313
official_bc,50,816,-286.11824068876444
official_bc,50,817,-290.46598790695924
official_bc,50,818,-291.02776034049054
official_bc,50,819,-294.0592460825532
official_bc,50,820,-291.11118925384005
official_bc,50,821,-298.31418448363036
official_bc,50,822,-290.9011669866432
official_bc,50,823,-291.89012917370746
official_bc,50,824,-296.8024018002543
official_bc,50,825,-297.20538909409817
official_bc,50,826,-290.77346758809085
official_bc,50,827,-298.46241974132744
official_bc,50,828,-280.0478861126463
official_bc,50,829,-287.63325024670274
official_bc,50,830,-282.27615589599867
official_bc,50,831,-280.6081010931556
official_bc,50,832,-294.9152285561409
official_bc,50,833,-284.17743482322527
official_bc,50,834,-274.3442584491918
official_bc,50,835,-294.7715801700374
official_bc,50,836,-290.8141809392739
official_bc,50,837,-291.9245363651896
official_bc,50,838,-284.6429309087347
official_bc,50,839,-294.11429137514943
official_bc,50,840,-290.5501022783478
official_bc,50,841,-296.3059467881592
official_bc,50,842,-298.3519092151132
official_bc,50,843,-285.87569206022243
official_bc,50,844,-294.4926396274058
official_bc,50,845,-283.4448053195988
official_bc,50,846,-288.1544235883554
official_bc,50,847,-291.395430518148
official_bc,50,848,-282.7419676453695
official_bc,50,849,-290.0868404184596
official_bc,50,850,-290.26547406478437
official_bc,50,851,-294.51872474849637
official_bc,50,852,-292.2875172528422
official_bc,50,853,-290.41607039646374
official_bc,50,854,-283.0825359518829
official_bc,50,855,-293.0567194073777
official_bc,50,856,-288.60193235348294
official_bc,50,857,-291.8888662179105
official_bc,50,858,-292.776668295027
official_bc,50,859,-291.65683239736796
official_bc,50,860,-290.00337307156815
official_bc,50,861,-296.902313020967
official_bc,50,862,-281.36981355227715
official_bc,50,863,-297.6038968492922
official_bc,50,864,-294.24236047273956
official_bc,50,865,-286.2388360980843
official_bc,50,866,-286.7492129776406
official_bc,50,867,-289.8470842889245
official_bc,50,868,-280.8300305374875
official_bc,50,869,-293.4427671886194
official_bc,50,870,-278.01302631998715
official_bc,50,871,-292.6145421887991
official_bc,50,872,-289.04409675993475
official_bc,50,873,-285.05557842930267
official_bc,50,874,-289.8381582590795
official_bc,50,875,-288.44356451277906
official_bc,50,876,-283.15955763283847
official_bc,50,877,-293.7636380210554
official_bc,50,878,-292.91338043276585
official_bc,50,879,-291.1351375967732
official_bc,50,880,-293.17059942513106
official_bc,50,881,-289.0872490588054
official_bc,50,882,-291.2787755585068
official_bc,50,883,-294.34630227121875
official_bc,50,884,-292.86629370562326
official_bc,50,885,-284.45187858978875
official_bc,50,886,-292.27534672867864
official_bc,50,887,-278.0901868784437
official_bc,50,888,-283.08026905558324
official_bc,50,889,-293.01253364560205
official_bc,50,890,-289.70675085571514
official_bc,50,891,-284.4631903560155
official_bc,50,892,-293.40744228899604
official_bc,50,893,-300.1341761250181
official_bc,50,894,-297.3252222284648
official_bc,50,895,-288.7782089200047
official_bc,50,896,-295.6763073796309
official_bc,50,897,-293.7002957489879
official_bc,50,898,-288.80298947078364
official_bc,50,899,-288.6448643927938
official_bc,50,900,-298.97696604840587
official_bc,50,901,-301.0134246290467
official_bc,50,902,-296.80876498386965
official_bc,50,903,-290.5613477978617
official_bc,50,904,-289.84124465913806
official_bc,50,905,-288.1505740545725
official_bc,50,906,-292.58087918717234
official_bc,50,907,-285.3643014042084
official_bc,50,908,-291.5703842641901
official_bc,50,909,-289.67223067717174
official_bc,50,910,-293.72038456120043
official_bc,50,911,-293.9585974003006
official_bc,50,912,-292.6069490919262
official_bc,50,913,-287.27528468847476
official_bc,50,914,-295.82939702414217
official_bc,50,915,-277.3996708578833
official_bc,50,916,-292.45961250436346
official_bc,50,917,-278.3843986248403
official_bc,50,918,-300.5696956196226
official_bc,50,919,-289.6877256404525
official_bc,50,920,-292.7476540255647
official_bc,50,921,-291.2371225250405
official_bc,50,922,-280.7751293640321
official_bc,50,923,-284.2359073615879
official_bc,50,924,-293.1388456943952
official_bc,50,925,-294.7231956294195
official_bc,50,926,-293.6560724005024
official_bc,50,927,-288.9677257488594
official_bc,50,928,-289.21509555777004
official_bc,50,929,-292.2037368970807
official_bc,50,930,-286.6120521769334
official_bc,50,931,-294.7088264674944
official_bc,50,932,-290.15332351264533
official_bc,50,933,-289.71618814589664
official_bc,50,934,-288.24058439016335
official_bc,50,935,-294.86538735670615
official_bc,50,936,-295.06161870493565
official_bc,50,937,-288.7919382052086
official_bc,50,938,-288.5295735008241
official_bc,50,939,-289.41782058391726
official_bc,50,940,-285.20440867971905
official_bc,50,941,-293.8727948682436
official_bc,50,942,-288.85337555574756
official_bc,50,943,-286.3600123693801
official_bc,50,944,-290.11524731957746
official_bc,50,945,-295.42124724674113
official_bc,50,946,-287.48269399051793
official_bc,50,947,-277.3868701699655
official_bc,50,948,-291.2646043041044
official_bc,50,949,-288.337668228425
official_bc,50,950,-297.3606517092482
official_bc,50,951,-296.44904885318306
official_bc,50,952,-279.2999192092622
official_bc,50,953,-290.12100211715654
official_bc,50,954,-286.75440927344454
official_bc,50,955,-285.6104342174366
official_bc,50,956,-294.1901352590719
official_bc,50,957,-296.06664833926277
official_bc,50,958,-296.8746756446586
official_bc,50,959,-294.02553255843145
official_bc,50,960,-294.80038483742595
official_bc,50,961,-286.1938962535387
official_bc,50,962,-292.78587118671095
official_bc,50,963,-286.47998860501207
official_bc,50,964,-283.6879478968775
official_bc,50,965,-281.5077122749053
official_bc,50,966,-288.5444448220787
official_bc,50,967,-280.1426579252277
official_bc,50,968,-291.6573009665324
official_bc,50,969,-289.2321090381571
official_bc,50,970,-283.31072011470627
official_bc,50,971,-284.17833652852545
official_bc,50,972,-295.47459867326234
official_bc,50,973,-291.91296702887274
official_bc,50,974,-298.88451964104735
official_bc,50,975,-286.6146197963541
official_bc,50,976,-299.0616214916688
official_bc,50,977,-286.6141396744143
official_bc,50,978,-296.30812479222516
official_bc,50,979,-296.51617961803674
official_bc,50,980,-297.26864336886473
official_bc,50,981,-292.3435183306715
official_bc,50,982,-278.8757119004362
official_bc,50,983,-295.1197278034825
official_bc,50,984,-296.7994155776846
official_bc,50,985,-290.3813398247519
official_bc,50,986,-287.634982443415
official_bc,50,987,-295.70146340221714
official_bc,50,988,-284.64590225655814
official_bc,50,989,-288.1996377724839
official_bc,50,990,-287.37543563390216
official_bc,50,991,-284.13695292993924
official_bc,50,992,-292.0876569048764
official_bc,50,993,-283.81657846028054
official_bc,50,994,-286.4298596254241
official_bc,50,995,-296.6770460320052
official_bc,50,996,-293.1567082328644
official_bc,50,997,-297.4481099126332
official_bc,50,998,-285.8502002930174
official_bc,50,999,-287.8427276296605
official_bc,50,1000,-291.39575236448286
official_bc,51,1,-195.36925849862334
official_bc,51,2,-206.57935354501217
official_bc,51,3,-202.31531593650476
official_bc,51,4,-218.6746743223021
official_bc,51,5,-231.9222761487169
official_bc,51,6,-197.73913508421185
official_bc,51,7,-277.83669514735436
official_bc,51,8,-189.97176644648397
official_bc,51,9,-161.7050401161069
official_bc,51,10,-199.38176188292076
official_bc,51,11,-295.5589890209716
official_bc,51,12,-259.46176687428726
official_bc,51,13,-302.0271271663813
official_bc,51,14,-227.7377190086549
official_bc,51,15,-198.6993444370953
official_bc,51,16,-203.4211570938367
official_bc,51,17,-266.6793999263739
official_bc,51,18,-284.6335101855547
official_bc,51,19,-232.31233838128236
official_bc,51,20,-212.78031964903656
official_bc,51,21,-222.03842290041982
official_bc,51,22,-287.92367131764206
official_bc,51,23,-226.1625548097852
official_bc,51,24,-240.29533604798345
official_bc,51,25,-162.85876399860945
official_bc,51,26,-274.28587886073245
official_bc,51,27,-295.4833242182128
official_bc,51,28,-314.2690068256209
official_bc,51,29,-193.81319344731196
official_bc,51,30,-201.1379630300534
official_bc,51,31,-158.24842316442454
official_bc,51,32,-286.41094002106166
official_bc,51,33,-288.64735291890094
official_bc,51,34,-292.4175888583747
official_bc,51,35,-292.69581803295756
official_bc,51,36,-289.8689353699972
official_bc,51,37,-289.069177449688
official_bc,51,38,-291.16383150582965
official_bc,51,39,-283.69025399806947
official_bc,51,40,-286.4883321779121
official_bc,51,41,-266.3553285795393
official_bc,51,42,-282.774599448166
official_bc,51,43,-267.15041048702705
official_bc,51,44,-266.333528913548
official_bc,51,45,-263.8674560338968
official_bc,51,46,-258.6620920508734
official_bc,51,47,-266.02571258059925
official_bc,51,48,-257.7729687426939
official_bc,51,49,-252.4260749529584
official_bc,51,50,-253.25479801514834
official_bc,51,51,-244.2471677565325
official_bc,51,52,-252.44126130563313
official_bc,51,53,-260.06385834760613
official_bc,51,54,-269.8157026025217
official_bc,51,55,-283.3318020882641
official_bc,51,56,-285.55340667102416
official_bc,51,57,-291.8409814863232
official_bc,51,58,-308.67037120987146
official_bc,51,59,-304.4623167611595
official_bc,51,60,-306.22221440597275
official_bc,51,61,-303.61556884314376
official_bc,51,62,-294.6696275676385
official_bc,51,63,-299.31201859093636
official_bc,51,64,-298.89579068277186
official_bc,51,65,-309.9116213783287
official_bc,51,66,-293.0798384964259
official_bc,51,67,-289.31208601415136
official_bc,51,68,-303.49827007202504
official_bc,51,69,-289.7898682692289
official_bc,51,70,-288.2025325503421
official_bc,51,71,-291.2267062553726
official_bc,51,72,-279.72526679533263
official_bc,51,73,-286.0797232788184
official_bc,51,74,-289.9952174319212
official_bc,51,75,-290.1502278917953
official_bc,51,76,-295.5582312303908
official_bc,51,77,-295.9021545371498
official_bc,51,78,-291.86983940555547
official_bc,51,79,-289.407471672098
official_bc,51,80,-298.5575437686645
official_bc,51,81,-288.9376214373917
official_bc,51,82,-287.661568183078
official_bc,51,83,-291.6298573020096
official_bc,51,84,-286.4596587776797
official_bc,51,85,-290.5861128708088
official_bc,51,86,-288.9127373756934
official_bc,51,87,-282.6700291761456
official_bc,51,88,-286.3355171827186
official_bc,51,89,-287.60254994430557
official_bc,51,90,-286.941875702293
official_bc,51,91,-287.42691661846675
official_bc,51,92,-294.42313474465277
official_bc,51,93,-281.09740540417954
official_bc,51,94,-293.03766667679525
official_bc,51,95,-294.40347568101635
official_bc,51,96,-293.47767507681203
official_bc,51,97,-303.02451732596603
official_bc,51,98,-299.79962895767767
official_bc,51,99,-291.6338224422436
official_bc,51,100,-295.5473465701798
official_bc,51,101,-298.74669966065085
official_bc,51,102,-297.6520608403305
official_bc,51,103,-291.1010521779234
official_bc,51,104,-283.59000133415157
official_bc,51,105,-295.640257907639
official_bc,51,106,-291.54625133260345
official_bc,51,107,-288.455365871841
official_bc,51,108,-283.10636598392756
official_bc,51,109,-283.55460670660153
official_bc,51,110,-283.8996137109657
official_bc,51,111,-271.59020088970044
official_bc,51,112,-288.60172190940534
official_bc,51,113,-290.4542925866447
official_bc,51,114,-285.2649392040851
official_bc,51,115,-293.06169687756574
official_bc,51,116,-289.7653211206874
official_bc,51,117,-295.9276661886288
official_bc,51,118,-285.2720450539793
official_bc,51,119,-295.09496631776227
official_bc,51,120,-290.7859923213625
official_bc,51,121,-284.07293872145027
official_bc,51,122,-285.951552213897
official_bc,51,123,-284.83348936275297
official_bc,51,124,-285.3823082730866
official_bc,51,125,-279.48218723201865
official_bc,51,126,-282.7200472758533
official_bc,51,127,-291.9961650127
official_bc,51,128,-285.4306744072456
official_bc,51,129,-286.16933305705436
official_bc,51,130,-296.59421299194014
official_bc,51,131,-296.00148669142305
official_bc,51,132,-280.357977700149
official_bc,51,133,-292.4984689358256
official_bc,51,134,-284.9454935722866
official_bc,51,135,-288.7980358784732
official_bc,51,136,-286.0832450788556
official_bc,51,137,-295.49190516953996
official_bc,51,138,-288.83438004144756
official_bc,51,139,-283.51011619844144
official_bc,51,140,-287.3234347514793
official_bc,51,141,-295.763120552787
official_bc,51,142,-293.96332080848504
official_bc,51,143,-295.3525092295598
official_bc,51,144,-287.6702237634446
official_bc,51,145,-292.36075591045386
official_bc,51,146,-291.40298773530685
official_bc,51,147,-287.92811648236
official_bc,51,148,-285.7719104595494
official_bc,51,149,-288.43523688117523
official_bc,51,150,-293.5893066304697
official_bc,51,151,-284.7995279938267
official_bc,51,152,-280.5903045455618
official_bc,51,153,-285.5919572481332
official_bc,51,154,-292.7857962176726
official_bc,51,155,-292.90390341307796
official_bc,51,156,-295.19196529359976
official_bc,51,157,-283.22521376789814
official_bc,51,158,-292.36344183808666
official_bc,51,159,-285.684169997033
official_bc,51,160,-296.70809339479854
official_bc,51,161,-286.2781031148386
official_bc,51,162,-290.652694133465
official_bc,51,163,-291.2861486008049
official_bc,51,164,-279.9744600679904
official_bc,51,165,-289.5867917539622
official_bc,51,166,-285.0659295355636
official_bc,51,167,-276.8307477018959
official_bc,51,168,-289.7533264274073
official_bc,51,169,-290.2914858266075
official_bc,51,170,-287.45609456518235
official_bc,51,171,-297.3529060925035
official_bc,51,172,-269.1350027250529
official_bc,51,173,-285.5730356637457
official_bc,51,174,-288.29205061762326
official_bc,51,175,-294.3832277192784
official_bc,51,176,-290.8165830099664
official_bc,51,177,-294.77715586874524
official_bc,51,178,-291.31840265331937
official_bc,51,179,-293.83641862053537
official_bc,51,180,-295.170861230333
official_bc,51,181,-283.7073870248202
official_bc,51,182,-285.92004099298526
official_bc,51,183,-290.0813516888767
official_bc,51,184,-284.034337431024
official_bc,51,185,-292.1077191363647
official_bc,51,186,-284.6766366860084
official_bc,51,187,-289.37075891197924
official_bc,51,188,-275.6976629099098
official_bc,51,189,-290.52103939228755
official_bc,51,190,-293.78131962307987
official_bc,51,191,-282.6900223599081
official_bc,51,192,-289.64340561187146
official_bc,51,193,-298.6298946387492
official_bc,51,194,-296.0321686793691
official_bc,51,195,-289.018773033147
official_bc,51,196,-284.80476728788324
official_bc,51,197,-299.46530720658967
official_bc,51,198,-292.323619339701
official_bc,51,199,-297.78987480805773
official_bc,51,200,-285.8606670389373
official_bc,51,201,-293.94486910754677
official_bc,51,202,-290.65914420631276
official_bc,51,203,-293.3285631576089
official_bc,51,204,-292.58113755557076
official_bc,51,205,-293.94474627099515
official_bc,51,206,-286.9115940140253
official_bc,51,207,-289.61246215533623
official_bc,51,208,-290.24184738965187
official_bc,51,209,-284.99858756802155
official_bc,51,210,-296.4311773373837
official_bc,51,211,-291.860545163534
official_bc,51,212,-286.28993866200324
official_bc,51,213,-297.7263096484361
official_bc,51,214,-290.37672942099863
official_bc,51,215,-289.206736679431
official_bc,51,216,-294.1742409957662
official_bc,51,217,-293.6877107968674
official_bc,51,218,-290.08685834761894
official_bc,51,219,-293.22118221176044
official_bc,51,220,-278.43074573792336
official_bc,51,221,-293.61688679609097
official_bc,51,222,-288.9719691856588
official_bc,51,223,-288.3408883698502
official_bc,51,224,-279.70628784489884
official_bc,51,225,-288.37621519324455
official_bc,51,226,-288.9078808563329
official_bc,51,227,-293.8153376508237
official_bc,51,228,-296.67852184939795
official_bc,51,229,-295.58300919558957
official_bc,51,230,-289.97613085809036
official_bc,51,231,-292.927689990376
official_bc,51,232,-286.45176583428434
official_bc,51,233,-280.92868119589855
official_bc,51,234,-290.85624785009975
official_bc,51,235,-291.01671282825953
official_bc,51,236,-290.87043372128824
official_bc,51,237,-289.6919796196398
official_bc,51,238,-293.1140064116829
official_bc,51,239,-295.04077541751644
official_bc,51,240,-292.31196339726665
official_bc,51,241,-290.94781134541535
official_bc,51,242,-292.56785267441876
official_bc,51,243,-294.09123255918604
official_bc,51,244,-292.9481591335864
official_bc,51,245,-292.60407222627157
official_bc,51,246,-287.98710681773235
official_bc,51,247,-294.8759580758881
official_bc,51,248,-277.3620219792854
official_bc,51,249,-290.8326012654507
official_bc,51,250,-295.079279811699
official_bc,51,251,-281.9823754366868
official_bc,51,252,-287.88605505620876
official_bc,51,253,-288.0772903438363
official_bc,51,254,-295.9341841410379
official_bc,51,255,-280.6624230462158
official_bc,51,256,-286.3146899036981
official_bc,51,257,-282.8540948251772
official_bc,51,258,-293.56449434453145
official_bc,51,259,-292.3166452361453
official_bc,51,260,-296.4920642909442
official_bc,51,261,-295.51224206091354
official_bc,51,262,-295.9122301097518
official_bc,51,263,-285.2426299883905
official_bc,51,264,-288.89499341285324
official_bc,51,265,-295.7736757968378
official_bc,51,266,-291.37017807072004
official_bc,51,267,-293.4720099705802
official_bc,51,268,-284.26568191355113
official_bc,51,269,-287.40098246525326
official_bc,51,270,-291.71702183294985
official_bc,51,271,-290.0625101838858
official_bc,51,272,-282.8787926567363
official_bc,51,273,-284.4322296012456
official_bc,51,274,-297.1889192062923
official_bc,51,275,-292.9599195377126
official_bc,51,276,-293.6663402314449
official_bc,51,277,-292.27538958181736
official_bc,51,278,-293.18031323723073
official_bc,51,279,-285.4350970393107
official_bc,51,280,-286.8528433449276
official_bc,51,281,-299.22623164474686
official_bc,51,282,-292.10567872334974
official_bc,51,283,-298.7182041490712
official_bc,51,284,-291.6883848054599
official_bc,51,285,-273.43130535769853
official_bc,51,286,-284.6551858692901
official_bc,51,287,-292.46583409425426
official_bc,51,288,-285.5942057585585
official_bc,51,289,-294.406813322528
official_bc,51,290,-284.68312414910184
official_bc,51,291,-286.7756069673279
official_bc,51,292,-297.9913995488672
official_bc,51,293,-297.0178065793838
official_bc,51,294,-302.01858900280024
official_bc,51,295,-290.0922075045436
official_bc,51,296,-295.2437475692264
official_bc,51,297,-298.8783340986801
official_bc,51,298,-292.3339341911149
official_bc,51,299,-293.624953468129
official_bc,51,300,-286.2459915143616
official_bc,51,301,-294.91095181518654
official_bc,51,302,-288.3466840092234
official_bc,51,303,-277.8154060648992
official_bc,51,304,-294.83714533512693
official_bc,51,305,-284.4385041314797
official_bc,51,306,-287.6036188802139
official_bc,51,307,-295.0988054221923
official_bc,51,308,-292.66213651711246
official_bc,51,309,-287.0394138040918
official_bc,51,310,-285.8821316142113
official_bc,51,311,-274.51227407839446
official_bc,51,312,-290.80490492369296
official_bc,51,313,-293.8045616728407
official_bc,51,314,-289.093886356538
official_bc,51,315,-300.3165521360081
official_bc,51,316,-294.28467822443366
official_bc,51,317,-291.72073610898127
official_bc,51,318,-287.7509676350146
official_bc,51,319,-298.47287772625435
official_bc,51,320,-281.00748199546865
official_bc,51,321,-291.84064400860905
official_bc,51,322,-293.16030546107794
official_bc,51,323,-289.3862551224375
official_bc,51,324,-288.6421088553683
official_bc,51,325,-291.0643649648841
official_bc,51,326,-294.32263363336665
official_bc,51,327,-290.4535892009806
official_bc,51,328,-291.30590077068064
official_bc,51,329,-291.7470249508421
official_bc,51,330,-291.8015277745434
official_bc,51,331,-291.2576920292935
official_bc,51,332,-295.04796216637004
official_bc,51,333,-294.0563098521048
official_bc,51,334,-292.42740794916165
official_bc,51,335,-295.68784561393005
official_bc,51,336,-288.87519194070916
official_bc,51,337,-291.92411065653516
official_bc,51,338,-282.0249250308416
official_bc,51,339,-296.48843361312265
official_bc,51,340,-288.30708184466266
official_bc,51,341,-288.7940695606317
official_bc,51,342,-295.2668952856319
official_bc,51,343,-294.10178741307465
official_bc,51,344,-290.6377890451919
official_bc,51,345,-286.08565088462586
official_bc,51,346,-290.41549358610257
official_bc,51,347,-293.54808070550774
official_bc,51,348,-282.6137783200179
official_bc,51,349,-291.06884534168864
official_bc,51,350,-291.6517516300669
official_bc,51,351,-287.06995586201583
official_bc,51,352,-285.12262134417057
official_bc,51,353,-296.3068707647034
official_bc,51,354,-291.6171466352069
official_bc,51,355,-290.7346527076902
official_bc,51,356,-292.18788361727576
official_bc,51,357,-291.27546591452955
official_bc,51,358,-275.7945440364954
official_bc,51,359,-284.7419827028889
official_bc,51,360,-292.9963714897357
official_bc,51,361,-290.75068918831596
official_bc,51,362,-294.303040054713
official_bc,51,363,-295.04729157249096
official_bc,51,364,-288.9385724053211
official_bc,51,365,-293.7775035553585
official_bc,51,366,-287.8903842880909
official_bc,51,367,-294.5826695962902
official_bc,51,368,-285.2707170562218
official_bc,51,369,-293.2191895167057
official_bc,51,370,-291.7176004072988
official_bc,51,371,-297.8752107156196
official_bc,51,372,-294.5920831173652
official_bc,51,373,-286.98674846530685
official_bc,51,374,-286.52542330830465
official_bc,51,375,-284.10393933699265
official_bc,51,376,-294.20745191136325
official_bc,51,377,-285.8651037632586
official_bc,51,378,-290.1634704108675
official_bc,51,379,-294.9002209181048
official_bc,51,380,-292.6153934588755
official_bc,51,381,-292.74091459304066
official_bc,51,382,-292.7235351815574
official_bc,51,383,-293.1115939530777
official_bc,51,384,-296.74558415422865
official_bc,51,385,-290.0048131579839
official_bc,51,386,-296.21263958578913
official_bc,51,387,-287.7759441059929
official_bc,51,388,-296.3858513810709
official_bc,51,389,-289.74502773738425
official_bc,51,390,-292.66972601016073
official_bc,51,391,-294.4135096096712
official_bc,51,392,-291.4410242263023
official_bc,51,393,-292.43784848966834
official_bc,51,394,-282.2147346799923
official_bc,51,395,-290.7656637428593
official_bc,51,396,-278.69166221074966
official_bc,51,397,-276.8858792265782
official_bc,51,398,-290.6776448559772
official_bc,51,399,-294.6252247130373
official_bc,51,400,-284.2005594485854
official_bc,51,401,-287.4450690020722
official_bc,51,402,-285.3553346053587
official_bc,51,403,-290.30215362973627
official_bc,51,404,-294.4987179959872
official_bc,51,405,-295.37749793658156
official_bc,51,406,-292.8409814545473
official_bc,51,407,-295.05690431979156
official_bc,51,408,-301.98655214017305
official_bc,51,409,-299.8250430611114
official_bc,51,410,-291.2773265029887
official_bc,51,411,-301.1744747644844
official_bc,51,412,-290.50085991072046
official_bc,51,413,-298.11870851184324
official_bc,51,414,-284.58829275576204
official_bc,51,415,-293.6793678398628
official_bc,51,416,-290.897394363353
official_bc,51,417,-294.207168811276
official_bc,51,418,-292.43280591903704
official_bc,51,419,-290.6226772563518
official_bc,51,420,-295.1247155573019
official_bc,51,421,-276.73112970216704
official_bc,51,422,-286.6744383986733
official_bc,51,423,-292.2677291138684
official_bc,51,424,-289.75137843947965
official_bc,51,425,-286.10157388924034
official_bc,51,426,-286.3202442152468
official_bc,51,427,-296.1231811382881
official_bc,51,428,-296.9666775631946
official_bc,51,429,-284.6184500406285
official_bc,51,430,-285.1719967396365
official_bc,51,431,-287.1187480777932
official_bc,51,432,-298.91477243346714
official_bc,51,433,-293.42166155971967
official_bc,51,434,-290.36439964805857
official_bc,51,435,-286.2567121926402
official_bc,51,436,-287.83997693702963
official_bc,51,437,-286.62064048348384
official_bc,51,438,-280.18984449490904
official_bc,51,439,-288.59662887371866
official_bc,51,440,-293.6793560014609
official_bc,51,441,-289.01311573373073
official_bc,51,442,-294.36202384602103
official_bc,51,443,-290.3811292602553
official_bc,51,444,-289.13685482711486
official_bc,51,445,-283.78446018809257
official_bc,51,446,-293.36294511736946
official_bc,51,447,-292.11326292072226
official_bc,51,448,-281.7989732355867
official_bc,51,449,-290.6131864711213
official_bc,51,450,-285.1797823464208
official_bc,51,451,-288.01979369223443
official_bc,51,452,-285.8177766575483
official_bc,51,453,-288.54991453917467
official_bc,51,454,-289.14701782502704
official_bc,51,455,-294.4415657119211
official_bc,51,456,-285.3758867489986
official_bc,51,457,-286.4514765121193
official_bc,51,458,-284.8078622153611
official_bc,51,459,-299.6698466009267
official_bc,51,460,-281.8609141759101
official_bc,51,461,-290.678793983221
official_bc,51,462,-294.40204902111344
official_bc,51,463,-291.97928834394384
official_bc,51,464,-287.0309633338288
official_bc,51,465,-292.693890733165
official_bc,51,466,-289.8837155819234
official_bc,51,467,-295.9851777655679
official_bc,51,468,-281.69881926451205
official_bc,51,469,-298.7237303547015
official_bc,51,470,-289.97627971435827
official_bc,51,471,-295.0165347329307
official_bc,51,472,-294.9902323132486
official_bc,51,473,-277.9681219984725
official_bc,51,474,-291.8289044680147
official_bc,51,475,-297.5218989262909
official_bc,51,476,-287.833140549777
official_bc,51,477,-291.980802966163
official_bc,51,478,-294.9664831252051
official_bc,51,479,-277.65972687790014
official_bc,51,480,-281.94824466186606
official_bc,51,481,-293.6162932781903
official_bc,51,482,-294.2624960442899
official_bc,51,483,-289.2622804694873
official_bc,51,484,-290.66384066785525
official_bc,51,485,-295.9229667384169
official_bc,51,486,-289.77069771957645
official_bc,51,487,-291.8275679256777
official_bc,51,488,-298.03291120846404
official_bc,51,489,-292.74016574717734
official_bc,51,490,-287.0832846512629
official_bc,51,491,-298.3615313183576
official_bc,51,492,-296.93023285495883
official_bc,51,493,-290.320305479165
official_bc,51,494,-287.4138867898524
official_bc,51,495,-296.1003054875052
official_bc,51,496,-290.18081334202077
official_bc,51,497,-279.90594873314177
official_bc,51,498,-289.0495786642576
official_bc,51,499,-288.6904179671556
official_bc,51,500,-294.06747647503767
official_bc,51,501,-290.26674210077897
official_bc,51,502,-292.2054286141195
official_bc,51,503,-285.58178954070183
official_bc,51,504,-290.54947249648245
official_bc,51,505,-294.2428289253772
official_bc,51,506,-294.04878006972643
official_bc,51,507,-290.47413765859494
official_bc,51,508,-287.81882333023407
official_bc,51,509,-290.9934911981615
official_bc,51,510,-289.36400890077704
official_bc,51,511,-288.2844992760412
official_bc,51,512,-291.81700300284297
official_bc,51,513,-293.4345111138912
official_bc,51,514,-286.84135663193376
official_bc,51,515,-291.5033878687638
official_bc,51,516,-291.4189295795177
official_bc,51,517,-298.0652972235477
official_bc,51,518,-284.15389049733267
official_bc,51,519,-295.7463501292846
official_bc,51,520,-287.58126759207863
official_bc,51,521,-297.8237236971026
official_bc,51,522,-275.60357315788826
official_bc,51,523,-292.76615698485426
official_bc,51,524,-291.83900733981505
official_bc,51,525,-296.77573659999075
official_bc,51,526,-294.03343587907705
official_bc,51,527,-288.67339935776675
official_bc,51,528,-296.65660669488466
official_bc,51,529,-293.19755328669095
official_bc,51,530,-287.2899883775359
official_bc,51,531,-285.7505243710883
official_bc,51,532,-298.5957539201909
official_bc,51,533,-294.9328558368576
official_bc,51,534,-289.0812131853748
official_bc,51,535,-290.87786190344116
official_bc,51,536,-290.36090151006414
official_bc,51,537,-278.3712768225047
official_bc,51,538,-293.5713100888191
official_bc,51,539,-292.53439005698806
official_bc,51,540,-289.9419598074012
official_bc,51,541,-283.64533932185145
official_bc,51,542,-298.1083011474224
official_bc,51,543,-279.00423837972284
official_bc,51,544,-292.3683740859854
official_bc,51,545,-292.8325981841633
official_bc,51,546,-286.8744194864313
official_bc,51,547,-292.3485689519601
official_bc,51,548,-297.96995015600805
official_bc,51,549,-293.5258593360441
official_bc,51,550,-291.8231520379454
official_bc,51,551,-287.01809944116565
official_bc,51,552,-286.7635589315329
official_bc,51,553,-296.43541984039416
official_bc,51,554,-279.8017964042933
official_bc,51,555,-289.28889928063813
official_bc,51,556,-293.42118702354054
official_bc,51,557,-293.6363223568282
official_bc,51,558,-278.80083150888953
official_bc,51,559,-291.13224192145447
official_bc,51,560,-296.2389458382587
official_bc,51,561,-287.0566586035657
official_bc,51,562,-280.1053032106148
official_bc,51,563,-297.2631302003042
official_bc,51,564,-295.6593442257288
official_bc,51,565,-289.65517743117607
official_bc,51,566,-288.09880289155967
official_bc,51,567,-291.2604080859431
official_bc,51,568,-295.48243030029283
official_bc,51,569,-275.70965296065606
official_bc,51,570,-289.0714613067355
official_bc,51,571,-297.0770023681378
official_bc,51,572,-295.73012118980756
official_bc,51,573,-292.05827936363005
official_bc,51,574,-294.7014230771954
official_bc,51,575,-291.55487223197736
official_bc,51,576,-286.6330821579764
official_bc,51,577,-295.8305559874743
official_bc,51,578,-287.67193267193164
official_bc,51,579,-289.28058307833805
official_bc,51,580,-290.4979221047114
official_bc,51,581,-293.3042348423528
official_bc,51,582,-283.7796834699178
official_bc,51,583,-294.0377249560993
official_bc,51,584,-292.1260845732792
official_bc,51,585,-290.4100260960538
official_bc,51,586,-288.40316207615285
official_bc,51,587,-291.8624116016482
official_bc,51,588,-290.3249023913211
official_bc,51,589,-291.8080172363687
official_bc,51,590,-297.1055057969561
official_bc,51,591,-293.0200755210187
official_bc,51,592,-289.5168956994992
official_bc,51,593,-295.519344707663
official_bc,51,594,-294.44368253483543
official_bc,51,595,-291.5434293581484
official_bc,51,596,-289.9537522070203
official_bc,51,597,-289.8407900274314
official_bc,51,598,-291.8125235122889
official_bc,51,599,-287.93015046845613
official_bc,51,600,-287.88342028575903
official_bc,51,601,-291.9020709343978
official_bc,51,602,-291.26434426749296
official_bc,51,603,-293.59056352787263
official_bc,51,604,-282.8441004006877
official_bc,51,605,-290.85320156656803
official_bc,51,606,-294.99641572938043
official_bc,51,607,-289.63029527463874
official_bc,51,608,-297.73736497945373
official_bc,51,609,-284.6808223754991
official_bc,51,610,-292.6386208180272
official_bc,51,611,-292.8382687008581
official_bc,51,612,-295.4290272249946
official_bc,51,613,-294.4121016343762
official_bc,51,614,-297.83458630616633
official_bc,51,615,-296.3829883284285
official_bc,51,616,-289.20354719536203
official_bc,51,617,-287.02433666352044
official_bc,51,618,-291.01112161907037
official_bc,51,619,-279.67288459170055
official_bc,51,620,-274.62764318247207
official_bc,51,621,-288.4018713069494
official_bc,51,622,-282.6917085670354
official_bc,51,623,-293.1617600477597
official_bc,51,624,-291.67147760139767
official_bc,51,625,-291.2147737134981
official_bc,51,626,-285.9809070357166
official_bc,51,627,-295.1002550544676
official_bc,51,628,-290.71994529717324
official_bc,51,629,-295.23143231183394
official_bc,51,630,-294.6506805234997
official_bc,51,631,-295.50901018794406
official_bc,51,632,-293.21057959661124
official_bc,51,633,-292.00483196199025
official_bc,51,634,-286.4108852029188
official_bc,51,635,-296.37879720455584
official_bc,51,636,-284.70578947828744
official_bc,51,637,-293.4098232039151
official_bc,51,638,-287.5653740230064
official_bc,51,639,-289.37738006186123
official_bc,51,640,-282.71456647481983
official_bc,51,641,-287.0764078078878
official_bc,51,642,-278.13625108298424
official_bc,51,643,-286.38801800856606
official_bc,51,644,-290.0633067275493
official_bc,51,645,-295.71394559218663
official_bc,51,646,-287.20840120982746
official_bc,51,647,-298.66601422075144
official_bc,51,648,-298.84987311567085
official_bc,51,649,-288.08527302311046
official_bc,51,650,-295.49173043193343
official_bc,51,651,-285.37196389246185
official_bc,51,652,-289.09350131642606
official_bc,51,653,-300.6874159545477
official_bc,51,654,-298.5284252377487
official_bc,51,655,-289.5826982260479
official_bc,51,656,-293.976725650927
official_bc,51,657,-292.35804124382787
official_bc,51,658,-294.47206083197324
official_bc,51,659,-277.8052592290663
official_bc,51,660,-287.7678447611864
official_bc,51,661,-290.01933606937627
official_bc,51,662,-292.98169113185884
official_bc,51,663,-294.4937824075452
official_bc,51,664,-293.4380032608069
official_bc,51,665,-294.1412255373278
official_bc,51,666,-286.22159529518007
official_bc,51,667,-294.96300877227776
official_bc,51,668,-294.1456870329109
official_bc,51,669,-295.3595677846088
official_bc,51,670,-300.20334826974954
official_bc,51,671,-289.78092663910263
official_bc,51,672,-287.88342677547985
official_bc,51,673,-285.74983709115463
official_bc,51,674,-276.5925716125913
official_bc,51,675,-286.33269846467084
official_bc,51,676,-288.33516610381344
official_bc,51,677,-292.1533966576209
official_bc,51,678,-290.8790909914397
official_bc,51,679,-295.0598870184093
official_bc,51,680,-290.4368524377163
official_bc,51,681,-287.6129056968331
official_bc,51,682,-293.3787470547289
official_bc,51,683,-293.3777228187455
official_bc,51,684,-290.3967664186078
official_bc,51,685,-289.02337462516795
official_bc,51,686,-294.73955448609456
official_bc,51,687,-284.515022551671
official_bc,51,688,-292.0659040321359
official_bc,51,689,-293.6650108955413
official_bc,51,690,-281.2196090903077
official_bc,51,691,-298.26127960608324
official_bc,51,692,-294.8291786892146
official_bc,51,693,-295.4194553948356
official_bc,51,694,-288.1733694354011
official_bc,51,695,-282.71795104102733
official_bc,51,696,-288.56067295457325
official_bc,51,697,-294.3371924489588
official_bc,51,698,-289.20340291088155
official_bc,51,699,-289.90878340318386
official_bc,51,700,-296.98111096167844
official_bc,51,701,-284.83630832262924
official_bc,51,702,-294.4288133985159
official_bc,51,703,-290.12152526498176
official_bc,51,704,-294.03447967474096
official_bc,51,705,-293.5007388211118
official_bc,51,706,-280.94755351086906
official_bc,51,707,-297.631915917624
official_bc,51,708,-280.96684180807665
official_bc,51,709,-286.39851197551826
official_bc,51,710,-291.8410357220579
official_bc,51,711,-289.02465422760974
official_bc,51,712,-282.71684211326226
official_bc,51,713,-294.8285793768786
official_bc,51,714,-298.45696965836964
official_bc,51,715,-292.1151849165954
official_bc,51,716,-285.51125415812123
official_bc,51,717,-288.1382214370173
official_bc,51,718,-291.4354782318587
official_bc,51,719,-285.2127481941894
official_bc,51,720,-287.9492961637516
official_bc,51,721,-292.5543730916217
official_bc,51,722,-291.7005353257662
official_bc,51,723,-294.84043636539667
official_bc,51,724,-292.79696759405357
official_bc,51,725,-292.4037138300839
official_bc,51,726,-283.04341848847395
official_bc,51,727,-290.85110578748163
official_bc,51,728,-287.23892216980374
official_bc,51,729,-290.8102945694722
official_bc,51,730,-274.33778375600616
official_bc,51,731,-289.40745323333243
official_bc,51,732,-279.31707294400127
official_bc,51,733,-285.2129985606893
official_bc,51,734,-289.0751974383347
official_bc,51,735,-266.68379525827646
official_bc,51,736,-289.19261701980696
official_bc,51,737,-294.0733391147273
official_bc,51,738,-294.80290697114265
official_bc,51,739,-289.9188915819958
official_bc,51,740,-297.1575401172179
official_bc,51,741,-288.8464657643666
official_bc,51,742,-283.18090035972295
official_bc,51,743,-287.2246977561464
official_bc,51,744,-301.8360942798821
official_bc,51,745,-298.69126843590135
official_bc,51,746,-290.68734627000015
official_bc,51,747,-282.71725196903435
official_bc,51,748,-293.3727815260103
official_bc,51,749,-287.2462440296813
official_bc,51,750,-285.7477740874342
official_bc,51,751,-292.09222286403116
official_bc,51,752,-288.9022059027625
official_bc,51,753,-293.51145807478616
official_bc,51,754,-296.111180544523
official_bc,51,755,-293.51716975751526
official_bc,51,756,-282.5212796758034
official_bc,51,757,-292.1224999388926
official_bc,51,758,-292.35169233001386
official_bc,51,759,-290.0258721359296
official_bc,51,760,-290.7859180309726
official_bc,51,761,-290.42725732628884
official_bc,51,762,-296.04538830838925
official_bc,51,763,-298.8541635616273
official_bc,51,764,-289.3026324601184
official_bc,51,765,-293.32129402590544
official_bc,51,766,-289.0948388267461
official_bc,51,767,-296.3650985825404
official_bc,51,768,-295.2099920055668
official_bc,51,769,-292.6566549136884
official_bc,51,770,-277.316006762267
official_bc,51,771,-289.5343561080065
official_bc,51,772,-285.0826204519053
official_bc,51,773,-293.6835507689281
official_bc,51,774,-292.4576901530631
official_bc,51,775,-297.24835762266883
official_bc,51,776,-297.50584251287074
official_bc,51,777,-295.9868946840683
official_bc,51,778,-287.39561059146985
official_bc,51,779,-298.50809872457774
official_bc,51,780,-293.6594314711214
official_bc,51,781,-285.07264790164993
official_bc,51,782,-292.2400279167042
official_bc,51,783,-283.8827080850205
official_bc,51,784,-297.86622740988764
official_bc,51,785,-294.5012128098596
official_bc,51,786,-297.1113126703251
official_bc,51,787,-295.67152147494073
official_bc,51,788,-286.4003297359808
official_bc,51,789,-289.5042915798548
official_bc,51,790,-285.3913007312467
official_bc,51,791,-283.4834849119185
official_bc,51,792,-289.54602722225616
official_bc,51,793,-288.5277593576806
official_bc,51,794,-289.9952585593987
official_bc,51,795,-288.5344737833545
official_bc,51,796,-297.34166613672505
official_bc,51,797,-297.33843934997446
official_bc,51,798,-295.8804989073849
official_bc,51,799,-288.1703693377007
official_bc,51,800,-294.69849692837806
official_bc,51,801,-297.4059684991464
official_bc,51,802,-291.72504534219684
official_bc,51,803,-298.4440765581684
official_bc,51,804,-294.64796021828926
official_bc,51,805,-293.2773236406058
official_bc,51,806,-292.79919025983867
official_bc,51,807,-290.26436855042397
official_bc,51,808,-282.40945404897036
official_bc,51,809,-291.92536129946967
official_bc,51,810,-286.81386524433503
official_bc,51,811,-281.09611110521564
official_bc,51,812,-287.76801390271277
official_bc,51,813,-288.73616769102847
official_bc,51,814,-296.1831024928826
official_bc,51,815,-289.6753956951694
official_bc,51,816,-294.4469638316974
official_bc,51,817,-290.07874020896514
official_bc,51,818,-301.5476149814101
official_bc,51,819,-287.758631349201
official_bc,51,820,-293.0532644738564
official_bc,51,821,-287.3823956882457
official_bc,51,822,-292.24557318747566
official_bc,51,823,-285.2102638945416
official_bc,51,824,-292.153913716001
official_bc,51,825,-291.6452607740575
official_bc,51,826,-293.5848893315976
official_bc,51,827,-290.5547947662356
official_bc,51,828,-291.66742094674174
official_bc,51,829,-284.17492038543537
official_bc,51,830,-285.0604314573581
official_bc,51,831,-280.15501773184474
official_bc,51,832,-295.26123550454747
official_bc,51,833,-286.05550941095277
official_bc,51,834,-291.5010938105738
official_bc,51,835,-294.7291010454287
official_bc,51,836,-290.60448796677986
official_bc,51,837,-298.20383214494007
official_bc,51,838,-287.4259044338858
official_bc,51,839,-294.9230589490069
official_bc,51,840,-294.86302520754515
official_bc,51,841,-282.7339453017604
official_bc,51,842,-291.34984386265205
official_bc,51,843,-291.32785034635015
official_bc,51,844,-293.91299463988383
official_bc,51,845,-290.06904648824747
official_bc,51,846,-288.16120930264674
official_bc,51,847,-287.7441185667325
official_bc,51,848,-287.656333756197
official_bc,51,849,-279.4524616889617
official_bc,51,850,-296.8354566944331
official_bc,51,851,-294.3391718146442
official_bc,51,852,-288.0815853566886
official_bc,51,853,-290.6721441060687
official_bc,51,854,-293.233045220232
official_bc,51,855,-296.8381714738526
official_bc,51,856,-291.4863287453113
official_bc,51,857,-284.1328486863123
official_bc,51,858,-292.7215289195073
official_bc,51,859,-292.5521855488194
official_bc,51,860,-286.12533626463534
official_bc,51,861,-291.89262125005916
official_bc,51,862,-289.5058664207838
official_bc,51,863,-290.3012936630659
official_bc,51,864,-293.71348718438304
official_bc,51,865,-284.8385934873735
official_bc,51,866,-292.7900522712991
official_bc,51,867,-283.9353024285053
official_bc,51,868,-292.8554873887581
official_bc,51,869,-290.4277544872321
official_bc,51,870,-276.14703377062295
official_bc,51,871,-287.30822904520636
official_bc,51,872,-291.22080407593506
official_bc,51,873,-294.7674077845489
official_bc,51,874,-294.0336087760895
official_bc,51,875,-293.7025419759827
official_bc,51,876,-292.12052212753315
official_bc,51,877,-287.65437955719966
official_bc,51,878,-293.1867208935015
official_bc,51,879,-291.02223937296037
official_bc,51,880,-286.9085011354842
official_bc,51,881,-288.6930860890419
official_bc,51,882,-291.84883507275924
official_bc,51,883,-291.3964001814023
official_bc,51,884,-291.5238893330762
official_bc,51,885,-290.85793968702274
official_bc,51,886,-291.2776853276964
official_bc,51,887,-295.5308833372362
official_bc,51,888,-289.44022408740307
official_bc,51,889,-293.0337578035752
official_bc,51,890,-291.2651744478844
official_bc,51,891,-296.10568457778663
official_bc,51,892,-283.67133345284736
official_bc,51,893,-279.95521205711066
official_bc,51,894,-297.68188637639776
official_bc,51,895,-293.3296464987278
official_bc,51,896,-299.1899142909857
official_bc,51,897,-290.8156181758722
official_bc,51,898,-287.5907172799347
official_bc,51,899,-289.03712646143197
official_bc,51,900,-276.2309736606388
official_bc,51,901,-294.8881874735858
official_bc,51,902,-293.48894201437815
official_bc,51,903,-294.6389462008517
official_bc,51,904,-283.0585256670843
official_bc,51,905,-290.7677391139564
official_bc,51,906,-289.52502879656015
official_bc,51,907,-280.7813429088275
official_bc,51,908,-274.4690570080526
official_bc,51,909,-282.442292011484
official_bc,51,910,-291.9895602687147
official_bc,51,911,-289.3150122178838
official_bc,51,912,-291.2994945530861
official_bc,51,913,-281.74501906057185
official_bc,51,914,-298.39311021352876
official_bc,51,915,-293.2411019024282
official_bc,51,916,-295.5228126378445
official_bc,51,917,-290.8860406220188
official_bc,51,918,-291.7333590613207
official_bc,51,919,-284.5828402412745
official_bc,51,920,-288.80216409254894
official_bc,51,921,-297.1547235582052
official_bc,51,922,-292.9808545305747
official_bc,51,923,-296.6122668612827
official_bc,51,924,-293.1816294020277
official_bc,51,925,-271.44902268987744
official_bc,51,926,-296.2283946603859
official_bc,51,927,-293.58567754828664
official_bc,51,928,-297.25214408255533
official_bc,51,929,-295.4405437248294
official_bc,51,930,-297.0311439865417
official_bc,51,931,-284.6882353796429
official_bc,51,932,-293.872227552878
official_bc,51,933,-299.1617578647921
official_bc,51,934,-291.56357946777894
official_bc,51,935,-291.1394890214925
official_bc,51,936,-294.3105819056372
official_bc,51,937,-292.30109258883374
official_bc,51,938,-293.715114751526
official_bc,51,939,-278.80076720619815
official_bc,51,940,-294.90441260241755
official_bc,51,941,-290.27986645886193
official_bc,51,942,-293.50832220535267
official_bc,51,943,-295.9064387293937
official_bc,51,944,-291.71569644261876
official_bc,51,945,-288.480306034087
official_bc,51,946,-293.4525968200947
official_bc,51,947,-291.25443793578273
official_bc,51,948,-278.4254781202982
official_bc,51,949,-291.348603265409
official_bc,51,950,-277.6135645823509
official_bc,51,951,-291.95914602277253
official_bc,51,952,-292.3583067207735
official_bc,51,953,-297.3218938620839
official_bc,51,954,-294.0556771929902
official_bc,51,955,-290.06970104930747
official_bc,51,956,-280.0071666970211
official_bc,51,957,-289.1033107111627
official_bc,51,958,-283.3776711673611
official_bc,51,959,-296.61899906443836
official_bc,51,960,-285.5343031954667
official_bc,51,961,-295.1261176221741
official_bc,51,962,-298.40580347551736
official_bc,51,963,-285.5459565535821
official_bc,51,964,-296.8948365981531
official_bc,51,965,-276.3920778060328
official_bc,51,966,-298.87238099588444
official_bc,51,967,-284.43960439500313
official_bc,51,968,-284.2180543538466
official_bc,51,969,-290.61945358611894
official_bc,51,970,-296.9572025472044
official_bc,51,971,-290.20539331297533
official_bc,51,972,-292.8800620817308
official_bc,51,973,-286.5610104668136
official_bc,51,974,-293.1733223981795
official_bc,51,975,-280.88684673412456
official_bc,51,976,-290.2695864654983
official_bc,51,977,-296.8397947367192
official_bc,51,978,-294.17766416217887
official_bc,51,979,-292.9530894153151
official_bc,51,980,-295.1648836786182
official_bc,51,981,-294.1476204612939
official_bc,51,982,-293.6505028007473
official_bc,51,983,-286.9970536297578
official_bc,51,984,-291.07187223955316
official_bc,51,985,-293.0253006730865
official_bc,51,986,-294.330425094063
official_bc,51,987,-285.0687897492677
official_bc,51,988,-294.67504728388985
official_bc,51,989,-288.56304675407034
official_bc,51,990,-294.4525691279261
official_bc,51,991,-296.21964325644365
official_bc,51,992,-292.3563346936703
official_bc,51,993,-276.09260806090026
official_bc,51,994,-290.64868975246395
official_bc,51,995,-286.2289377907002
official_bc,51,996,-295.5721978745563
official_bc,51,997,-289.3100313487575
official_bc,51,998,-287.4771012283784
official_bc,51,999,-293.14641182352403
official_bc,51,1000,-294.3709579837922
world_model_cem,42,1,-183.69672920034282
world_model_cem,42,2,-190.13887879286222
world_model_cem,42,3,-184.41228040623338
world_model_cem,42,4,-175.34367700923687
world_model_cem,42,5,-195.3116526952693
world_model_cem,42,6,-186.06705113187667
world_model_cem,42,7,-173.8101512128402
world_model_cem,42,8,-182.02836449110407
world_model_cem,42,9,-208.87972761391933
world_model_cem,42,10,-203.5293983947326
world_model_cem,42,11,-219.39835211340943
world_model_cem,42,12,-195.75851871429205
world_model_cem,42,13,-218.05161508892598
world_model_cem,42,14,-268.9304280599031
world_model_cem,42,15,-274.88873571338684
world_model_cem,42,16,-297.32081110250124
world_model_cem,42,17,-335.991683504747
world_model_cem,42,18,-365.9749086115386
world_model_cem,42,19,-358.3428153397149
world_model_cem,42,20,-336.5128413158052
world_model_cem,42,21,-248.5657483996739
world_model_cem,42,22,-320.5054584070059
world_model_cem,42,23,-348.0642422896058
world_model_cem,42,24,-253.75339408986304
world_model_cem,42,25,-327.6910888380393
world_model_cem,42,26,-323.3909742315867
world_model_cem,42,27,-269.56108780524244
world_model_cem,42,28,-238.2161772209742
world_model_cem,42,29,-218.6707296456276
world_model_cem,42,30,-306.4438388103916
world_model_cem,42,31,-287.3781255227748
world_model_cem,42,32,-203.42471596370063
world_model_cem,42,33,-220.6381500935246
world_model_cem,42,34,-321.935713187676
world_model_cem,42,35,-319.57563410291954
world_model_cem,42,36,-310.45096846672226
world_model_cem,42,37,-302.83764738360645
world_model_cem,42,38,-301.4058546692613
world_model_cem,42,39,-291.40092348069265
world_model_cem,42,40,-285.1195097699315
world_model_cem,42,41,-292.5766478817999
world_model_cem,42,42,-285.39646914911657
world_model_cem,42,43,-291.09667872236867
world_model_cem,42,44,-276.03606975874504
world_model_cem,42,45,-286.387802348597
world_model_cem,42,46,-278.52491023459316
world_model_cem,42,47,-275.03730611354945
world_model_cem,42,48,-268.7340201856524
world_model_cem,42,49,-255.70804884203486
world_model_cem,42,50,-257.1204991691188
world_model_cem,42,51,-250.10716678044244
world_model_cem,42,52,-253.57090299463903
world_model_cem,42,53,-252.63950750330423
world_model_cem,42,54,-258.7009970323356
world_model_cem,42,55,-263.9021319604393
world_model_cem,42,56,-271.97856325338876
world_model_cem,42,57,-273.1265530546968
world_model_cem,42,58,-277.4258775727097
world_model_cem,42,59,-286.1219606571721
world_model_cem,42,60,-288.7282764506259
world_model_cem,42,61,-282.99606328374193
world_model_cem,42,62,-277.2733440098723
world_model_cem,42,63,-277.16242312274846
world_model_cem,42,64,-290.45111204746024
world_model_cem,42,65,-290.4943288782203
world_model_cem,42,66,-296.0595970494156
world_model_cem,42,67,-288.8143058965726
world_model_cem,42,68,-283.29801489531013
world_model_cem,42,69,-274.3356989235202
world_model_cem,42,70,-285.810915911548
world_model_cem,42,71,-279.4881295980107
world_model_cem,42,72,-286.3448664530571
world_model_cem,42,73,-276.0638393973015
world_model_cem,42,74,-266.7225636504037
world_model_cem,42,75,-272.6857998814386
world_model_cem,42,76,-259.23097481081896
world_model_cem,42,77,-257.8853833010128
world_model_cem,42,78,-254.19610643910335
world_model_cem,42,79,-248.70805259382115
world_model_cem,42,80,-250.09082760353877
world_model_cem,42,81,-248.93243032275225
world_model_cem,42,82,-245.11751155156892
world_model_cem,42,83,-249.82694621578722
world_model_cem,42,84,-256.92208867651544
world_model_cem,42,85,-260.25605112327946
world_model_cem,42,86,-265.47347930498654
world_model_cem,42,87,-274.6347026892408
world_model_cem,42,88,-266.7576981454351
world_model_cem,42,89,-289.0670758808294
world_model_cem,42,90,-287.9343209282275
world_model_cem,42,91,-282.2038829053258
world_model_cem,42,92,-275.8603759146591
world_model_cem,42,93,-271.28940140605476
world_model_cem,42,94,-271.0796979479919
world_model_cem,42,95,-264.1186622056345
world_model_cem,42,96,-266.9277272577117
world_model_cem,42,97,-256.88343202019223
world_model_cem,42,98,-254.1336165142735
world_model_cem,42,99,-258.9406318501652
world_model_cem,42,100,-264.94726851457017
world_model_cem,42,101,-270.836054900597
world_model_cem,42,102,-268.6656709235571
world_model_cem,42,103,-280.5975227985342
world_model_cem,42,104,-270.41650766648036
world_model_cem,42,105,-286.9036913380177
world_model_cem,42,106,-284.79966212890133
world_model_cem,42,107,-291.47401169748116
world_model_cem,42,108,-291.85299827129114
world_model_cem,42,109,-278.0833881991229
world_model_cem,42,110,-283.2879224515287
world_model_cem,42,111,-274.6672413003315
world_model_cem,42,112,-285.1642565413784
world_model_cem,42,113,-278.64396888912466
world_model_cem,42,114,-270.4487254872429
world_model_cem,42,115,-266.8892140788792
world_model_cem,42,116,-266.7850138116623
world_model_cem,42,117,-265.98575074779126
world_model_cem,42,118,-261.34773723759656
world_model_cem,42,119,-254.5161222295675
world_model_cem,42,120,-257.23292428665894
world_model_cem,42,121,-255.30949697174714
world_model_cem,42,122,-253.90199372339669
world_model_cem,42,123,-253.93326429707605
world_model_cem,42,124,-260.92545877024367
world_model_cem,42,125,-257.8509060603584
world_model_cem,42,126,-269.1816651085081
world_model_cem,42,127,-264.0160495154495
world_model_cem,42,128,-269.2407184242226
world_model_cem,42,129,-279.63360168523394
world_model_cem,42,130,-278.54387808137744
world_model_cem,42,131,-274.1307667175621
world_model_cem,42,132,-281.0618503813772
world_model_cem,42,133,-271.4303776245383
world_model_cem,42,134,-266.29014023781235
world_model_cem,42,135,-260.3257305804064
world_model_cem,42,136,-267.34588965057645
world_model_cem,42,137,-257.7234999846411
world_model_cem,42,138,-259.5249236899123
world_model_cem,42,139,-258.06903797090115
world_model_cem,42,140,-255.62556449749454
world_model_cem,42,141,-257.4060788648828
world_model_cem,42,142,-261.3593353994311
world_model_cem,42,143,-266.9944304506914
world_model_cem,42,144,-272.35323119258265
world_model_cem,42,145,-278.1727399279904
world_model_cem,42,146,-289.84138445739546
world_model_cem,42,147,-286.53850561401043
world_model_cem,42,148,-288.8631696204548
world_model_cem,42,149,-288.09223696371987
world_model_cem,42,150,-281.6080258962087
world_model_cem,42,151,-288.79340061670587
world_model_cem,42,152,-282.759674060949
world_model_cem,42,153,-281.4011400313114
world_model_cem,42,154,-264.9766904958124
world_model_cem,42,155,-266.5467821767901
world_model_cem,42,156,-259.9717724460228
world_model_cem,42,157,-259.7128359026673
world_model_cem,42,158,-244.5826750591047
world_model_cem,42,159,-250.01532715938617
world_model_cem,42,160,-246.42334078452507
world_model_cem,42,161,-247.52707479550435
world_model_cem,42,162,-257.01691212828746
world_model_cem,42,163,-259.79889970951973
world_model_cem,42,164,-267.52980499408295
world_model_cem,42,165,-262.8674186547322
world_model_cem,42,166,-280.067425000254
world_model_cem,42,167,-282.429709986529
world_model_cem,42,168,-288.2949406850844
world_model_cem,42,169,-279.7309490026346
world_model_cem,42,170,-292.3092984981022
world_model_cem,42,171,-282.8011408228242
world_model_cem,42,172,-270.68079216867693
world_model_cem,42,173,-266.2528586449838
world_model_cem,42,174,-268.51940112317936
world_model_cem,42,175,-257.88449322015754
world_model_cem,42,176,-254.14993724152924
world_model_cem,42,177,-245.63229704013295
world_model_cem,42,178,-253.13800769004695
world_model_cem,42,179,-247.8899290518665
world_model_cem,42,180,-259.11239441418894
world_model_cem,42,181,-253.9206577745996
world_model_cem,42,182,-263.29761443167064
world_model_cem,42,183,-273.25349857753326
world_model_cem,42,184,-283.7521854052795
world_model_cem,42,185,-277.882966010091
world_model_cem,42,186,-285.7039655300614
world_model_cem,42,187,-291.76060682679605
world_model_cem,42,188,-286.6914122709518
world_model_cem,42,189,-285.3080275968408
world_model_cem,42,190,-278.16067486278985
world_model_cem,42,191,-284.10167564343607
world_model_cem,42,192,-267.86484375530205
world_model_cem,42,193,-262.96569719521904
world_model_cem,42,194,-260.8882605217485
world_model_cem,42,195,-247.681725175526
world_model_cem,42,196,-249.8868670978814
world_model_cem,42,197,-244.21804630170763
world_model_cem,42,198,-244.70390409644375
world_model_cem,42,199,-248.29469658761494
world_model_cem,42,200,-252.0478903254916
world_model_cem,42,201,-255.5905809977917
world_model_cem,42,202,-260.47967790207576
world_model_cem,42,203,-272.7714019413123
world_model_cem,42,204,-273.07807387134187
world_model_cem,42,205,-280.54827091085696
world_model_cem,42,206,-293.82718645980424
world_model_cem,42,207,-278.1528967447907
world_model_cem,42,208,-286.45177608703216
world_model_cem,42,209,-281.7261970134491
world_model_cem,42,210,-274.582411015248
world_model_cem,42,211,-265.7291516721831
world_model_cem,42,212,-269.8232916962811
world_model_cem,42,213,-262.3470922728474
world_model_cem,42,214,-246.87815154590857
world_model_cem,42,215,-251.50904359922532
world_model_cem,42,216,-238.16228079301402
world_model_cem,42,217,-245.28793185410993
world_model_cem,42,218,-253.4090426916273
world_model_cem,42,219,-259.1740397392806
world_model_cem,42,220,-264.9073462535427
world_model_cem,42,221,-276.5468608858845
world_model_cem,42,222,-278.70919797850223
world_model_cem,42,223,-290.9895474945572
world_model_cem,42,224,-290.56627968272204
world_model_cem,42,225,-297.1636094285411
world_model_cem,42,226,-289.80403677517825
world_model_cem,42,227,-294.7098087766177
world_model_cem,42,228,-280.8694950751061
world_model_cem,42,229,-293.08936858935476
world_model_cem,42,230,-284.6474098736205
world_model_cem,42,231,-280.7771288717305
world_model_cem,42,232,-274.92770888994505
world_model_cem,42,233,-283.36884886314544
world_model_cem,42,234,-280.6162724351433
world_model_cem,42,235,-278.97603934339605
world_model_cem,42,236,-282.50120128421395
world_model_cem,42,237,-277.9459665489384
world_model_cem,42,238,-286.123380616003
world_model_cem,42,239,-265.6258533444232
world_model_cem,42,240,-276.7039986153882
world_model_cem,42,241,-290.2460747828982
world_model_cem,42,242,-288.4900483419062
world_model_cem,42,243,-282.6347638017359
world_model_cem,42,244,-272.03343326398584
world_model_cem,42,245,-274.7019830383732
world_model_cem,42,246,-278.2480812118524
world_model_cem,42,247,-269.84269838279766
world_model_cem,42,248,-279.47556141348247
world_model_cem,42,249,-269.4825887432354
world_model_cem,42,250,-262.5215294673989
world_model_cem,42,251,-255.69791700364573
world_model_cem,42,252,-250.9001726650266
world_model_cem,42,253,-251.15585316433402
world_model_cem,42,254,-251.7440954847747
world_model_cem,42,255,-249.2598356062582
world_model_cem,42,256,-250.02387162855985
world_model_cem,42,257,-243.33496080146438
world_model_cem,42,258,-257.3886702087121
world_model_cem,42,259,-258.7764552338921
world_model_cem,42,260,-262.06364246317986
world_model_cem,42,261,-266.30338797083164
world_model_cem,42,262,-276.5286709169791
world_model_cem,42,263,-281.6832023122852
world_model_cem,42,264,-281.47773906297175
world_model_cem,42,265,-280.7479131736259
world_model_cem,42,266,-271.09324163774454
world_model_cem,42,267,-253.11697810946902
world_model_cem,42,268,-272.6649757030059
world_model_cem,42,269,-273.778286912525
world_model_cem,42,270,-263.51689144577915
world_model_cem,42,271,-253.43105469357147
world_model_cem,42,272,-256.7035795695527
world_model_cem,42,273,-258.45684590719407
world_model_cem,42,274,-258.19274497851535
world_model_cem,42,275,-260.6999606683062
world_model_cem,42,276,-255.63576229441748
world_model_cem,42,277,-272.834735095357
world_model_cem,42,278,-281.61018722238714
world_model_cem,42,279,-283.51467557512575
world_model_cem,42,280,-292.25571527008896
world_model_cem,42,281,-292.94031646618095
world_model_cem,42,282,-293.1640349215163
world_model_cem,42,283,-281.9128782471448
world_model_cem,42,284,-285.845088354292
world_model_cem,42,285,-287.24025186057526
world_model_cem,42,286,-282.788705797136
world_model_cem,42,287,-284.20106780597104
world_model_cem,42,288,-274.9156422647679
world_model_cem,42,289,-276.9466235736134
world_model_cem,42,290,-248.91499064475283
world_model_cem,42,291,-256.230603197142
world_model_cem,42,292,-250.7885059309402
world_model_cem,42,293,-250.51300905665263
world_model_cem,42,294,-234.78047066612555
world_model_cem,42,295,-249.8276365378539
world_model_cem,42,296,-247.6025379582387
world_model_cem,42,297,-257.8273971467121
world_model_cem,42,298,-252.61914084467222
world_model_cem,42,299,-265.75466467857495
world_model_cem,42,300,-271.3702779107071
world_model_cem,42,301,-276.4745702675728
world_model_cem,42,302,-272.89014041070266
world_model_cem,42,303,-279.7813073095688
world_model_cem,42,304,-282.326829731281
world_model_cem,42,305,-260.18667351580245
world_model_cem,42,306,-292.07968579804094
world_model_cem,42,307,-281.2199713078927
world_model_cem,42,308,-274.9589359340573
world_model_cem,42,309,-263.68452069544924
world_model_cem,42,310,-265.4756375758607
world_model_cem,42,311,-259.02806603130557
world_model_cem,42,312,-252.92807777351203
world_model_cem,42,313,-248.173365355968
world_model_cem,42,314,-252.3082248051535
world_model_cem,42,315,-251.33376260646247
world_model_cem,42,316,-249.0103111957966
world_model_cem,42,317,-256.6443959568416
world_model_cem,42,318,-262.206561459946
world_model_cem,42,319,-270.6765798470358
world_model_cem,42,320,-272.2387567984855
world_model_cem,42,321,-282.67175812972357
world_model_cem,42,322,-286.62469701544603
world_model_cem,42,323,-285.6011941044254
world_model_cem,42,324,-284.83327976041977
world_model_cem,42,325,-287.88774824228796
world_model_cem,42,326,-279.9105463185265
world_model_cem,42,327,-275.3308513039384
world_model_cem,42,328,-260.78172241587805
world_model_cem,42,329,-252.19690168591762
world_model_cem,42,330,-256.58520243842275
world_model_cem,42,331,-245.15598801927203
world_model_cem,42,332,-240.45257796220258
world_model_cem,42,333,-252.52242159181188
world_model_cem,42,334,-243.52904962827057
world_model_cem,42,335,-247.61026804657817
world_model_cem,42,336,-258.6920453395855
world_model_cem,42,337,-263.31934730023374
world_model_cem,42,338,-269.20150064733065
world_model_cem,42,339,-282.29535133003174
world_model_cem,42,340,-284.86072985005615
world_model_cem,42,341,-277.683806224343
world_model_cem,42,342,-287.14897375241804
world_model_cem,42,343,-292.35107452976695
world_model_cem,42,344,-282.7315647889437
world_model_cem,42,345,-290.5743998831104
world_model_cem,42,346,-290.492971625066
world_model_cem,42,347,-288.72330500492495
world_model_cem,42,348,-284.93524437250477
world_model_cem,42,349,-276.65313295293487
world_model_cem,42,350,-270.11857424072326
world_model_cem,42,351,-254.84575107534204
world_model_cem,42,352,-258.99835981179336
world_model_cem,42,353,-251.7510995059883
world_model_cem,42,354,-253.77523894831913
world_model_cem,42,355,-244.3817629683512
world_model_cem,42,356,-248.59828792436412
world_model_cem,42,357,-252.3583778264736
world_model_cem,42,358,-254.85506264189226
world_model_cem,42,359,-259.1516913969367
world_model_cem,42,360,-258.62152189329845
world_model_cem,42,361,-264.71814985429563
world_model_cem,42,362,-276.3735136193273
world_model_cem,42,363,-278.8370900123915
world_model_cem,42,364,-271.9102489710621
world_model_cem,42,365,-275.5232537254923
world_model_cem,42,366,-284.8075583082896
world_model_cem,42,367,-269.10359903247496
world_model_cem,42,368,-264.44818380158887
world_model_cem,42,369,-266.0254014709228
world_model_cem,42,370,-259.8112547357523
world_model_cem,42,371,-248.40831228264364
world_model_cem,42,372,-248.7594236621056
world_model_cem,42,373,-247.16002528375722
world_model_cem,42,374,-253.57247003130587
world_model_cem,42,375,-259.50459611459604
world_model_cem,42,376,-257.46723516957786
world_model_cem,42,377,-261.61664047813014
world_model_cem,42,378,-279.90440058699244
world_model_cem,42,379,-281.961644817596
world_model_cem,42,380,-283.5960236662709
world_model_cem,42,381,-283.5353984191257
world_model_cem,42,382,-298.0937875979414
world_model_cem,42,383,-287.2413696185508
world_model_cem,42,384,-293.401705964319
world_model_cem,42,385,-293.47565517167334
world_model_cem,42,386,-285.0387092972052
world_model_cem,42,387,-282.05594750474677
world_model_cem,42,388,-289.3067644256585
world_model_cem,42,389,-263.96906453199904
world_model_cem,42,390,-270.0669893144144
world_model_cem,42,391,-262.8056447887127
world_model_cem,42,392,-253.97154161592215
world_model_cem,42,393,-251.25657181723096
world_model_cem,42,394,-241.8797172036661
world_model_cem,42,395,-246.26089271016372
world_model_cem,42,396,-247.43397505407634
world_model_cem,42,397,-243.6021409327527
world_model_cem,42,398,-252.8719535617568
world_model_cem,42,399,-259.1468715968217
world_model_cem,42,400,-262.32210122122723
world_model_cem,42,401,-268.82869835028646
world_model_cem,42,402,-273.12948361516396
world_model_cem,42,403,-279.78241492384285
world_model_cem,42,404,-283.4737905226783
world_model_cem,42,405,-281.2703927822122
world_model_cem,42,406,-286.3873331213843
world_model_cem,42,407,-286.62878940524195
world_model_cem,42,408,-277.65255705931486
world_model_cem,42,409,-273.08786702789405
world_model_cem,42,410,-267.38448753521726
world_model_cem,42,411,-260.962891249722
world_model_cem,42,412,-257.9112177924356
world_model_cem,42,413,-251.32716869282274
world_model_cem,42,414,-251.44418412802668
world_model_cem,42,415,-252.9244076754375
world_model_cem,42,416,-252.38659529379748
world_model_cem,42,417,-266.7727677729008
world_model_cem,42,418,-274.9590898416944
world_model_cem,42,419,-279.62707737700794
world_model_cem,42,420,-289.06419923236916
world_model_cem,42,421,-285.43523669027894
world_model_cem,42,422,-294.2525357920104
world_model_cem,42,423,-293.9498827264689
world_model_cem,42,424,-289.89782205575636
world_model_cem,42,425,-275.8442635610432
world_model_cem,42,426,-276.8103130992361
world_model_cem,42,427,-284.44428030050403
world_model_cem,42,428,-278.86283355870034
world_model_cem,42,429,-257.0537690962993
world_model_cem,42,430,-270.957249485193
world_model_cem,42,431,-245.5669911112675
world_model_cem,42,432,-250.75938448360577
world_model_cem,42,433,-246.4675786077566
world_model_cem,42,434,-245.66428682813293
world_model_cem,42,435,-245.57221945600867
world_model_cem,42,436,-242.3495480624139
world_model_cem,42,437,-248.16920212518164
world_model_cem,42,438,-257.46763977130485
world_model_cem,42,439,-264.1521639509552
world_model_cem,42,440,-258.13430259090245
world_model_cem,42,441,-266.702804949019
world_model_cem,42,442,-264.8487023004556
world_model_cem,42,443,-283.4419994237323
world_model_cem,42,444,-287.2138686578739
world_model_cem,42,445,-265.9515473647641
world_model_cem,42,446,-287.17720839552766
world_model_cem,42,447,-265.22335535822316
world_model_cem,42,448,-274.29613860848394
world_model_cem,42,449,-260.5090633022288
world_model_cem,42,450,-265.3326265935214
world_model_cem,42,451,-256.4366890130553
world_model_cem,42,452,-254.29633245150006
world_model_cem,42,453,-249.35861726055526
world_model_cem,42,454,-244.0450680621639
world_model_cem,42,455,-248.6544864594057
world_model_cem,42,456,-250.22760162892467
world_model_cem,42,457,-264.1278708905931
world_model_cem,42,458,-272.51154077991123
world_model_cem,42,459,-276.93390496027314
world_model_cem,42,460,-283.2631791500289
world_model_cem,42,461,-284.380008416445
world_model_cem,42,462,-283.72508974689663
world_model_cem,42,463,-292.1384313299005
world_model_cem,42,464,-285.48228197817866
world_model_cem,42,465,-280.4213644285263
world_model_cem,42,466,-282.30616141916124
world_model_cem,42,467,-288.84038684987877
world_model_cem,42,468,-280.8002356157485
world_model_cem,42,469,-255.86816571880001
world_model_cem,42,470,-264.7474412037141
world_model_cem,42,471,-261.8084735408486
world_model_cem,42,472,-251.80459895914254
world_model_cem,42,473,-246.22921713621096
world_model_cem,42,474,-249.15789179550674
world_model_cem,42,475,-251.7518404038663
world_model_cem,42,476,-243.36495918052648
world_model_cem,42,477,-251.93607575049447
world_model_cem,42,478,-244.58773535320253
world_model_cem,42,479,-259.73280266067917
world_model_cem,42,480,-263.3090096438474
world_model_cem,42,481,-260.469693214483
world_model_cem,42,482,-268.70390582752816
world_model_cem,42,483,-281.870034158905
world_model_cem,42,484,-284.8685314077168
world_model_cem,42,485,-282.44267065697954
world_model_cem,42,486,-277.6956145904663
world_model_cem,42,487,-265.055412162948
world_model_cem,42,488,-262.4383522854194
world_model_cem,42,489,-260.78245339449654
world_model_cem,42,490,-264.962942425822
world_model_cem,42,491,-259.77861697562236
world_model_cem,42,492,-258.17345480040024
world_model_cem,42,493,-249.36597069677856
world_model_cem,42,494,-255.5649912169347
world_model_cem,42,495,-250.60977444834947
world_model_cem,42,496,-268.74324618323055
world_model_cem,42,497,-261.69536578821254
world_model_cem,42,498,-273.87756822211884
world_model_cem,42,499,-286.0074993542157
world_model_cem,42,500,-277.58406053469446
world_model_cem,42,501,-290.01260311914524
world_model_cem,42,502,-289.46334562327274
world_model_cem,42,503,-286.4334687966012
world_model_cem,42,504,-274.0976954251893
world_model_cem,42,505,-284.6421941536688
world_model_cem,42,506,-288.0777941298911
world_model_cem,42,507,-291.4418183413959
world_model_cem,42,508,-280.14445586732353
world_model_cem,42,509,-272.03361851762617
world_model_cem,42,510,-270.54409640125385
world_model_cem,42,511,-270.4023466050731
world_model_cem,42,512,-257.700388607755
world_model_cem,42,513,-254.40339415089755
world_model_cem,42,514,-253.86528842236635
world_model_cem,42,515,-252.8695610606367
world_model_cem,42,516,-249.74609446380092
world_model_cem,42,517,-256.7293206283311
world_model_cem,42,518,-250.9739620608578
world_model_cem,42,519,-253.62781216218227
world_model_cem,42,520,-262.43644558411233
world_model_cem,42,521,-263.74605313599756
world_model_cem,42,522,-272.9065089130075
world_model_cem,42,523,-267.5053919996912
world_model_cem,42,524,-270.15977557889346
world_model_cem,42,525,-276.86153102519177
world_model_cem,42,526,-283.0790618084992
world_model_cem,42,527,-281.62543904570305
world_model_cem,42,528,-271.0001594138444
world_model_cem,42,529,-260.303227842694
world_model_cem,42,530,-268.7670080249309
world_model_cem,42,531,-262.34837165469384
world_model_cem,42,532,-252.54706374529624
world_model_cem,42,533,-264.19905199056456
world_model_cem,42,534,-259.76170862908145
world_model_cem,42,535,-264.0537889335665
world_model_cem,42,536,-260.151485490223
world_model_cem,42,537,-266.5385097259824
world_model_cem,42,538,-265.79612928721815
world_model_cem,42,539,-276.5036558623527
world_model_cem,42,540,-275.0686646197311
world_model_cem,42,541,-286.31523094251673
world_model_cem,42,542,-282.8324212322475
world_model_cem,42,543,-289.7319142648749
world_model_cem,42,544,-285.3079102358407
world_model_cem,42,545,-292.2130482348483
world_model_cem,42,546,-288.71681268430535
world_model_cem,42,547,-286.85593066132446
world_model_cem,42,548,-280.6184389592522
world_model_cem,42,549,-267.18024929154205
world_model_cem,42,550,-258.09325487609294
world_model_cem,42,551,-251.3482303895127
world_model_cem,42,552,-251.19544339060235
world_model_cem,42,553,-236.93635130932978
world_model_cem,42,554,-247.1630126402935
world_model_cem,42,555,-244.22056298017108
world_model_cem,42,556,-247.62772579274286
world_model_cem,42,557,-245.69462745340263
world_model_cem,42,558,-270.8538449782037
world_model_cem,42,559,-274.94551742797637
world_model_cem,42,560,-275.22230305601664
world_model_cem,42,561,-285.51301842379723
world_model_cem,42,562,-276.6771159528703
world_model_cem,42,563,-294.4078349000756
world_model_cem,42,564,-281.0904928826502
world_model_cem,42,565,-287.84170646371564
world_model_cem,42,566,-287.4442603540548
world_model_cem,42,567,-287.54614084942705
world_model_cem,42,568,-268.44405460591224
world_model_cem,42,569,-264.8087059253238
world_model_cem,42,570,-253.78008869068682
world_model_cem,42,571,-256.6958592246715
world_model_cem,42,572,-250.83612930162357
world_model_cem,42,573,-249.66797669672223
world_model_cem,42,574,-250.52145928547145
world_model_cem,42,575,-244.29350558525914
world_model_cem,42,576,-251.90960723909868
world_model_cem,42,577,-257.56249166843963
world_model_cem,42,578,-260.4638000334477
world_model_cem,42,579,-264.53707862584037
world_model_cem,42,580,-266.43955847285145
world_model_cem,42,581,-281.19470520882436
world_model_cem,42,582,-287.062370246625
world_model_cem,42,583,-292.6506932797077
world_model_cem,42,584,-283.81521540654217
world_model_cem,42,585,-286.98356775088405
world_model_cem,42,586,-270.1406678727474
world_model_cem,42,587,-275.77967603807906
world_model_cem,42,588,-263.85900974822346
world_model_cem,42,589,-257.3008487519476
world_model_cem,42,590,-251.906719776883
world_model_cem,42,591,-247.50588767476202
world_model_cem,42,592,-250.73387345026202
world_model_cem,42,593,-246.55102450707795
world_model_cem,42,594,-253.99778352080776
world_model_cem,42,595,-247.4707748308125
world_model_cem,42,596,-251.68020812693248
world_model_cem,42,597,-269.77493365582563
world_model_cem,42,598,-275.0631566164027
world_model_cem,42,599,-284.9830503456006
world_model_cem,42,600,-277.38866120896967
world_model_cem,42,601,-295.7091732906704
world_model_cem,42,602,-293.3413978948039
world_model_cem,42,603,-293.49162106101284
world_model_cem,42,604,-280.3635406636067
world_model_cem,42,605,-290.2312141450269
world_model_cem,42,606,-283.67555249476516
world_model_cem,42,607,-272.63495456143073
world_model_cem,42,608,-270.5228395195015
world_model_cem,42,609,-262.42062650376084
world_model_cem,42,610,-245.07641500595426
world_model_cem,42,611,-250.20348406595113
world_model_cem,42,612,-247.70820105253506
world_model_cem,42,613,-248.98545537272662
world_model_cem,42,614,-246.81449660900924
world_model_cem,42,615,-252.34775478838088
world_model_cem,42,616,-256.412414258268
world_model_cem,42,617,-261.49432678206466
world_model_cem,42,618,-266.72826294874784
world_model_cem,42,619,-279.2014780504543
world_model_cem,42,620,-280.40664493346304
world_model_cem,42,621,-287.07567644949654
world_model_cem,42,622,-296.741343836851
world_model_cem,42,623,-286.47883382292
world_model_cem,42,624,-289.1030796659315
world_model_cem,42,625,-295.0651085750773
world_model_cem,42,626,-282.1332935128114
world_model_cem,42,627,-277.3282054232876
world_model_cem,42,628,-269.8261072572859
world_model_cem,42,629,-258.05829715545923
world_model_cem,42,630,-257.1373226784424
world_model_cem,42,631,-242.38021674206428
world_model_cem,42,632,-244.3789208484824
world_model_cem,42,633,-236.50605671256943
world_model_cem,42,634,-249.56941255764528
world_model_cem,42,635,-256.5722261306503
world_model_cem,42,636,-266.5056864079154
world_model_cem,42,637,-270.5092575790746
world_model_cem,42,638,-277.73594430992773
world_model_cem,42,639,-281.335163462836
world_model_cem,42,640,-280.86922928481926
world_model_cem,42,641,-286.2585857275823
world_model_cem,42,642,-286.7389344036344
world_model_cem,42,643,-292.09214460320123
world_model_cem,42,644,-285.4814395169827
world_model_cem,42,645,-281.7429141706551
world_model_cem,42,646,-286.9941667070671
world_model_cem,42,647,-273.6056934627687
world_model_cem,42,648,-258.96527900235657
world_model_cem,42,649,-258.01518990705245
world_model_cem,42,650,-251.70102740854543
world_model_cem,42,651,-238.20739328144307
world_model_cem,42,652,-228.2597272503774
world_model_cem,42,653,-242.77972472517774
world_model_cem,42,654,-249.90622636809462
world_model_cem,42,655,-255.91090154230852
world_model_cem,42,656,-254.1304342877305
world_model_cem,42,657,-267.45910587365506
world_model_cem,42,658,-277.87835477239844
world_model_cem,42,659,-284.4493043906798
world_model_cem,42,660,-279.497366926928
world_model_cem,42,661,-285.67763607669883
world_model_cem,42,662,-277.00690047493794
world_model_cem,42,663,-285.7548050288816
world_model_cem,42,664,-278.28427128444616
world_model_cem,42,665,-276.65648110770246
world_model_cem,42,666,-269.55897397861304
world_model_cem,42,667,-260.1157109375792
world_model_cem,42,668,-253.06545813350374
world_model_cem,42,669,-255.0797118630299
world_model_cem,42,670,-242.3769120073412
world_model_cem,42,671,-236.99477372781755
world_model_cem,42,672,-248.8059621731167
world_model_cem,42,673,-251.42124258270385
world_model_cem,42,674,-252.2716306273194
world_model_cem,42,675,-262.76361236238836
world_model_cem,42,676,-273.55668710218754
world_model_cem,42,677,-268.29397808743215
world_model_cem,42,678,-283.13445850416207
world_model_cem,42,679,-288.64472288293666
world_model_cem,42,680,-284.2813422227075
world_model_cem,42,681,-293.64845594940584
world_model_cem,42,682,-287.13989910635183
world_model_cem,42,683,-278.7972500849914
world_model_cem,42,684,-287.78163542664487
world_model_cem,42,685,-281.951410982448
world_model_cem,42,686,-276.15175342218487
world_model_cem,42,687,-259.5685619869331
world_model_cem,42,688,-260.8923666423875
world_model_cem,42,689,-252.60964947598
world_model_cem,42,690,-241.89144296220184
world_model_cem,42,691,-237.63271598347632
world_model_cem,42,692,-237.34685051947696
world_model_cem,42,693,-240.79426614634448
world_model_cem,42,694,-250.7462074241974
world_model_cem,42,695,-254.25575303459067
world_model_cem,42,696,-267.96577211781374
world_model_cem,42,697,-271.4731665961488
world_model_cem,42,698,-282.66543978814735
world_model_cem,42,699,-283.0894879423051
world_model_cem,42,700,-289.3662596378101
world_model_cem,42,701,-291.1314719865542
world_model_cem,42,702,-279.4532398839564
world_model_cem,42,703,-295.616071616522
world_model_cem,42,704,-283.08120031375734
world_model_cem,42,705,-275.27359428852895
world_model_cem,42,706,-266.3740158472151
world_model_cem,42,707,-260.74143757583346
world_model_cem,42,708,-249.5357198702573
world_model_cem,42,709,-246.4750960892722
world_model_cem,42,710,-248.52501954334298
world_model_cem,42,711,-247.36030498159226
world_model_cem,42,712,-231.3720967377788
world_model_cem,42,713,-242.75853526334544
world_model_cem,42,714,-255.52499319120162
world_model_cem,42,715,-268.1843114027855
world_model_cem,42,716,-272.44169553716597
world_model_cem,42,717,-284.07526795248907
world_model_cem,42,718,-289.8659969492952
world_model_cem,42,719,-285.16230567876806
world_model_cem,42,720,-292.8053509931916
world_model_cem,42,721,-277.4773384744724
world_model_cem,42,722,-290.5725284223758
world_model_cem,42,723,-275.15667123975794
world_model_cem,42,724,-284.40582086030406
world_model_cem,42,725,-270.87337163258144
world_model_cem,42,726,-267.81242701968677
world_model_cem,42,727,-251.15933108396814
world_model_cem,42,728,-246.40321191535972
world_model_cem,42,729,-246.41435215650802
world_model_cem,42,730,-240.1926448958326
world_model_cem,42,731,-242.2561644470082
world_model_cem,42,732,-245.68630307842014
world_model_cem,42,733,-257.374589743368
world_model_cem,42,734,-261.37730874953525
world_model_cem,42,735,-275.8482745403868
world_model_cem,42,736,-274.3714226019953
world_model_cem,42,737,-284.64743008776827
world_model_cem,42,738,-287.43049073849033
world_model_cem,42,739,-287.3785909690536
world_model_cem,42,740,-288.063119559341
world_model_cem,42,741,-278.49861161666684
world_model_cem,42,742,-278.61035427327295
world_model_cem,42,743,-276.39876954675896
world_model_cem,42,744,-266.1720047657636
world_model_cem,42,745,-261.82508076201736
world_model_cem,42,746,-254.64323533683367
world_model_cem,42,747,-253.58507152766535
world_model_cem,42,748,-248.78556129728102
world_model_cem,42,749,-249.78771510815244
world_model_cem,42,750,-249.84426694031157
world_model_cem,42,751,-259.30094777572185
world_model_cem,42,752,-259.0650648355652
world_model_cem,42,753,-266.99636807364294
world_model_cem,42,754,-274.74425411252616
world_model_cem,42,755,-282.91422453783855
world_model_cem,42,756,-280.1182267784106
world_model_cem,42,757,-287.5242657218808
world_model_cem,42,758,-289.1672383493406
world_model_cem,42,759,-276.99936950599715
world_model_cem,42,760,-290.9236810540234
world_model_cem,42,761,-287.0018345269558
world_model_cem,42,762,-279.27416273039694
world_model_cem,42,763,-271.0930649418542
world_model_cem,42,764,-263.5851883738101
world_model_cem,42,765,-257.8804030923794
world_model_cem,42,766,-244.7323124442408
world_model_cem,42,767,-243.99709060741023
world_model_cem,42,768,-248.10882333985057
world_model_cem,42,769,-252.61535962148523
world_model_cem,42,770,-244.82028461859747
world_model_cem,42,771,-255.1711587517668
world_model_cem,42,772,-263.17392044831877
world_model_cem,42,773,-266.2681591301376
world_model_cem,42,774,-280.687846765239
world_model_cem,42,775,-279.29468302078055
world_model_cem,42,776,-281.79152411589746
world_model_cem,42,777,-295.3671360505744
world_model_cem,42,778,-289.846719449614
world_model_cem,42,779,-292.2472144597801
world_model_cem,42,780,-291.30287591316323
world_model_cem,42,781,-275.76602755103727
world_model_cem,42,782,-280.7630442185512
world_model_cem,42,783,-265.6215635063903
world_model_cem,42,784,-250.27897979253902
world_model_cem,42,785,-259.6433986106549
world_model_cem,42,786,-250.49157982055164
world_model_cem,42,787,-240.16098951463155
world_model_cem,42,788,-249.2872713159798
world_model_cem,42,789,-239.02686423659858
world_model_cem,42,790,-247.9230109209021
world_model_cem,42,791,-252.22574037187786
world_model_cem,42,792,-258.99343326882615
world_model_cem,42,793,-271.7690491228951
world_model_cem,42,794,-280.03409045418647
world_model_cem,42,795,-287.779123679902
world_model_cem,42,796,-285.94432793139435
world_model_cem,42,797,-286.0022267805349
world_model_cem,42,798,-285.1267323055661
world_model_cem,42,799,-284.52082120888826
world_model_cem,42,800,-279.2353704896015
world_model_cem,42,801,-278.0370772612072
world_model_cem,42,802,-262.4845846854356
world_model_cem,42,803,-264.88581808119005
world_model_cem,42,804,-260.7522975434011
world_model_cem,42,805,-247.6464595780156
world_model_cem,42,806,-239.44744017298063
world_model_cem,42,807,-235.58323381480363
world_model_cem,42,808,-238.50550779575417
world_model_cem,42,809,-248.00591706626344
world_model_cem,42,810,-260.1905670407048
world_model_cem,42,811,-264.7139171881898
world_model_cem,42,812,-276.34810132313135
world_model_cem,42,813,-277.1592259921903
world_model_cem,42,814,-289.1733190972958
world_model_cem,42,815,-287.4336336488394
world_model_cem,42,816,-280.64054306374715
world_model_cem,42,817,-289.83107415280244
world_model_cem,42,818,-281.94798307562394
world_model_cem,42,819,-283.20119699545614
world_model_cem,42,820,-288.0518477704492
world_model_cem,42,821,-286.26143340679477
world_model_cem,42,822,-279.24887488969466
world_model_cem,42,823,-273.81391559712716
world_model_cem,42,824,-268.9690578100145
world_model_cem,42,825,-265.01847878436047
world_model_cem,42,826,-249.91525254632563
world_model_cem,42,827,-251.9996736270672
world_model_cem,42,828,-247.64619261136437
world_model_cem,42,829,-248.18321423942467
world_model_cem,42,830,-249.86485054679795
world_model_cem,42,831,-252.15338615147766
world_model_cem,42,832,-260.88774480756086
world_model_cem,42,833,-262.311936505435
world_model_cem,42,834,-271.126225548461
world_model_cem,42,835,-269.69306723461193
world_model_cem,42,836,-276.0141324955666
world_model_cem,42,837,-281.15371882913473
world_model_cem,42,838,-282.9129558219654
world_model_cem,42,839,-287.9024009828962
world_model_cem,42,840,-277.28207075741926
world_model_cem,42,841,-271.99076636648203
world_model_cem,42,842,-274.09596467557833
world_model_cem,42,843,-261.7509088650564
world_model_cem,42,844,-259.7322432807804
world_model_cem,42,845,-256.482470300494
world_model_cem,42,846,-245.1520247380149
world_model_cem,42,847,-246.64435250301392
world_model_cem,42,848,-256.5720520305939
world_model_cem,42,849,-259.1121753091771
world_model_cem,42,850,-257.66471273046125
world_model_cem,42,851,-268.7981314034292
world_model_cem,42,852,-274.78246015247106
world_model_cem,42,853,-284.2517202103179
world_model_cem,42,854,-283.9708274600771
world_model_cem,42,855,-292.6725297577061
world_model_cem,42,856,-292.60662220960825
world_model_cem,42,857,-288.5326947660085
world_model_cem,42,858,-296.7705383619077
world_model_cem,42,859,-282.57232816247716
world_model_cem,42,860,-287.31109339512994
world_model_cem,42,861,-285.0786097252266
world_model_cem,42,862,-263.6338780919573
world_model_cem,42,863,-258.25035715585375
world_model_cem,42,864,-253.11401799343915
world_model_cem,42,865,-250.3090802884292
world_model_cem,42,866,-253.3101611725361
world_model_cem,42,867,-227.90737832164712
world_model_cem,42,868,-237.0582127416114
world_model_cem,42,869,-246.16705785260686
world_model_cem,42,870,-254.64845827550835
world_model_cem,42,871,-261.51568031219335
world_model_cem,42,872,-262.09249430457635
world_model_cem,42,873,-259.94381347420597
world_model_cem,42,874,-278.63750550288745
world_model_cem,42,875,-282.2204733066872
world_model_cem,42,876,-281.2373805598842
world_model_cem,42,877,-276.6945218954806
world_model_cem,42,878,-281.69320613577963
world_model_cem,42,879,-286.3263939498697
world_model_cem,42,880,-275.1420059632428
world_model_cem,42,881,-273.7221738855694
world_model_cem,42,882,-268.8705400759234
world_model_cem,42,883,-251.385533635102
world_model_cem,42,884,-258.13116543023085
world_model_cem,42,885,-254.71692721642518
world_model_cem,42,886,-249.96984110185832
world_model_cem,42,887,-248.67588755352057
world_model_cem,42,888,-249.94413056767925
world_model_cem,42,889,-260.3885763899277
world_model_cem,42,890,-268.0964809248766
world_model_cem,42,891,-269.47643446876975
world_model_cem,42,892,-283.1093561297354
world_model_cem,42,893,-277.423764956862
world_model_cem,42,894,-283.3253471792424
world_model_cem,42,895,-293.75444849033875
world_model_cem,42,896,-291.0599090875634
world_model_cem,42,897,-281.0185824504685
world_model_cem,42,898,-278.2473247572898
world_model_cem,42,899,-291.70214128087827
world_model_cem,42,900,-284.6640984205528
world_model_cem,42,901,-280.47189882002306
world_model_cem,42,902,-274.58484670831785
world_model_cem,42,903,-271.94856027735307
world_model_cem,42,904,-268.3276146219456
world_model_cem,42,905,-260.93910493909806
world_model_cem,42,906,-253.58839034122434
world_model_cem,42,907,-250.6887069332031
world_model_cem,42,908,-250.8616528583735
world_model_cem,42,909,-244.2250793137207
world_model_cem,42,910,-255.74060833599296
world_model_cem,42,911,-256.20419473691896
world_model_cem,42,912,-257.6874014176565
world_model_cem,42,913,-269.4180209483208
world_model_cem,42,914,-269.1432880061204
world_model_cem,42,915,-281.9966357525648
world_model_cem,42,916,-282.4434003707589
world_model_cem,42,917,-280.2484340025992
world_model_cem,42,918,-286.0648529751928
world_model_cem,42,919,-284.6873009219165
world_model_cem,42,920,-281.59387395811905
world_model_cem,42,921,-270.7979922031995
world_model_cem,42,922,-250.19958037493296
world_model_cem,42,923,-260.6382256586347
world_model_cem,42,924,-260.6798765764326
world_model_cem,42,925,-255.96351064966726
world_model_cem,42,926,-252.16433380151173
world_model_cem,42,927,-252.1110570174056
world_model_cem,42,928,-253.4315947119348
world_model_cem,42,929,-251.75531739355554
world_model_cem,42,930,-257.4915329633809
world_model_cem,42,931,-274.1033671988483
world_model_cem,42,932,-269.86080061176614
world_model_cem,42,933,-278.5689651912971
world_model_cem,42,934,-283.82383752170574
world_model_cem,42,935,-294.1810431210731
world_model_cem,42,936,-290.9550033338303
world_model_cem,42,937,-293.0478786761516
world_model_cem,42,938,-285.2141557885071
world_model_cem,42,939,-290.8424194423785
world_model_cem,42,940,-282.5217037574688
world_model_cem,42,941,-278.70724220990206
world_model_cem,42,942,-262.86924095282296
world_model_cem,42,943,-254.6347588768246
world_model_cem,42,944,-245.78301641326232
world_model_cem,42,945,-245.5300685381342
world_model_cem,42,946,-235.97064988079913
world_model_cem,42,947,-252.52365268066572
world_model_cem,42,948,-248.67508331451003
world_model_cem,42,949,-253.8782475932298
world_model_cem,42,950,-259.08303507036425
world_model_cem,42,951,-263.56278870493514
world_model_cem,42,952,-261.7186735240999
world_model_cem,42,953,-282.72447718566104
world_model_cem,42,954,-283.72830284439203
world_model_cem,42,955,-289.82762162877407
world_model_cem,42,956,-291.1021538475551
world_model_cem,42,957,-285.1988837985208
world_model_cem,42,958,-291.2136113928198
world_model_cem,42,959,-291.0163674360361
world_model_cem,42,960,-272.8854645571995
world_model_cem,42,961,-264.22202078559053
world_model_cem,42,962,-262.8917632100215
world_model_cem,42,963,-253.01127017000329
world_model_cem,42,964,-238.99726941468808
world_model_cem,42,965,-252.68895447618254
world_model_cem,42,966,-247.6863879195185
world_model_cem,42,967,-251.28989349067737
world_model_cem,42,968,-256.9901100835844
world_model_cem,42,969,-250.27302781706265
world_model_cem,42,970,-270.0665675698392
world_model_cem,42,971,-268.8252442791048
world_model_cem,42,972,-279.2801363421803
world_model_cem,42,973,-276.3471621259612
world_model_cem,42,974,-276.92475925441556
world_model_cem,42,975,-283.27757476751907
world_model_cem,42,976,-278.671025460833
world_model_cem,42,977,-279.57414451638306
world_model_cem,42,978,-293.0180310321449
world_model_cem,42,979,-289.361350013165
world_model_cem,42,980,-286.326624725007
world_model_cem,42,981,-277.1009477593573
world_model_cem,42,982,-257.12884403956014
world_model_cem,42,983,-252.6522218483574
world_model_cem,42,984,-242.15949014893437
world_model_cem,42,985,-240.191475750689
world_model_cem,42,986,-245.65222450606413
world_model_cem,42,987,-237.4490845952378
world_model_cem,42,988,-246.15819913730178
world_model_cem,42,989,-252.23098813482036
world_model_cem,42,990,-263.4706768579982
world_model_cem,42,991,-260.99626264920056
world_model_cem,42,992,-276.3104921381832
world_model_cem,42,993,-275.80199581407356
world_model_cem,42,994,-285.7056234078221
world_model_cem,42,995,-290.53680254411563
world_model_cem,42,996,-283.64053071027354
world_model_cem,42,997,-285.4953092327115
world_model_cem,42,998,-290.0500394007637
world_model_cem,42,999,-268.50840206502147
world_model_cem,42,1000,-275.0918322420353
world_model_cem,43,1,-178.82404146644222
world_model_cem,43,2,-199.47067628425378
world_model_cem,43,3,-179.3111355402666
world_model_cem,43,4,-191.79270750045484
world_model_cem,43,5,-180.39071698999823
world_model_cem,43,6,-177.28845174506262
world_model_cem,43,7,-172.37580747319868
world_model_cem,43,8,-219.52393085788376
world_model_cem,43,9,-211.3829619751271
world_model_cem,43,10,-209.45723012203416
world_model_cem,43,11,-212.07872967298476
world_model_cem,43,12,-217.8844484997356
world_model_cem,43,13,-217.07050603436
world_model_cem,43,14,-258.71648667206114
world_model_cem,43,15,-225.09172983204644
world_model_cem,43,16,-227.75110455901637
world_model_cem,43,17,-296.8956761289698
world_model_cem,43,18,-254.50231251153383
world_model_cem,43,19,-252.19659383132733
world_model_cem,43,20,-252.44771241923257
world_model_cem,43,21,-278.90125399779663
world_model_cem,43,22,-336.51640665046017
world_model_cem,43,23,-368.331878190722
world_model_cem,43,24,-299.4867879957234
world_model_cem,43,25,-335.8756912106634
world_model_cem,43,26,-363.9374554595662
world_model_cem,43,27,-242.51984887868323
world_model_cem,43,28,-238.0423158858203
world_model_cem,43,29,-298.7818321412925
world_model_cem,43,30,-295.3457503235711
world_model_cem,43,31,-225.50382575496775
world_model_cem,43,32,-302.2485111850152
world_model_cem,43,33,-203.03723689851336
world_model_cem,43,34,-290.3771824657101
world_model_cem,43,35,-219.7979683427974
world_model_cem,43,36,-293.5850021191981
world_model_cem,43,37,-309.35313869963085
world_model_cem,43,38,-279.58245569921866
world_model_cem,43,39,-233.56708753860215
world_model_cem,43,40,-317.14393145113
world_model_cem,43,41,-301.22666290618383
world_model_cem,43,42,-297.52949677167175
world_model_cem,43,43,-291.12078035860577
world_model_cem,43,44,-281.7886431686281
world_model_cem,43,45,-279.60337336863137
world_model_cem,43,46,-259.6672601042875
world_model_cem,43,47,-277.2321455778461
world_model_cem,43,48,-268.3293553468845
world_model_cem,43,49,-268.2541987908786
world_model_cem,43,50,-259.9870893473306
world_model_cem,43,51,-253.20828872314817
world_model_cem,43,52,-254.23312616450207
world_model_cem,43,53,-249.11769866029132
world_model_cem,43,54,-249.70316665940572
world_model_cem,43,55,-244.3202753711396
world_model_cem,43,56,-251.69154633312792
world_model_cem,43,57,-259.06224426658514
world_model_cem,43,58,-264.7898719308624
world_model_cem,43,59,-261.2711502558621
world_model_cem,43,60,-275.240024739744
world_model_cem,43,61,-272.6986540127458
world_model_cem,43,62,-274.7543240635612
world_model_cem,43,63,-274.7770009868091
world_model_cem,43,64,-283.3519612496522
world_model_cem,43,65,-285.3856331995799
world_model_cem,43,66,-284.94909807609474
world_model_cem,43,67,-289.77837578240656
world_model_cem,43,68,-291.68329227161314
world_model_cem,43,69,-289.6300052509052
world_model_cem,43,70,-286.64351308132734
world_model_cem,43,71,-283.9514597955026
world_model_cem,43,72,-291.4148934104824
world_model_cem,43,73,-288.61620533312845
world_model_cem,43,74,-286.52384950969684
world_model_cem,43,75,-291.4251384382463
world_model_cem,43,76,-283.63176816796783
world_model_cem,43,77,-278.34833053221473
world_model_cem,43,78,-266.3304399873042
world_model_cem,43,79,-257.0248548824329
world_model_cem,43,80,-249.02662646715115
world_model_cem,43,81,-248.78782547328365
world_model_cem,43,82,-239.74480468491453
world_model_cem,43,83,-244.27413040244966
world_model_cem,43,84,-241.71369414963686
world_model_cem,43,85,-239.58896481665678
world_model_cem,43,86,-243.80193877134627
world_model_cem,43,87,-252.44494799031622
world_model_cem,43,88,-260.66950392958495
world_model_cem,43,89,-260.1021574588122
world_model_cem,43,90,-276.1876411694176
world_model_cem,43,91,-279.3244565474558
world_model_cem,43,92,-287.89852268053806
world_model_cem,43,93,-288.12374307228527
world_model_cem,43,94,-275.5490207355204
world_model_cem,43,95,-284.721635233142
world_model_cem,43,96,-272.88447025678016
world_model_cem,43,97,-267.407488713578
world_model_cem,43,98,-266.3535088019688
world_model_cem,43,99,-250.14628026176277
world_model_cem,43,100,-252.38301297661667
world_model_cem,43,101,-254.71904757657686
world_model_cem,43,102,-254.99160576327148
world_model_cem,43,103,-260.68125528066685
world_model_cem,43,104,-263.6614253168314
world_model_cem,43,105,-257.79217225289653
world_model_cem,43,106,-278.16341837539557
world_model_cem,43,107,-274.58783190729736
world_model_cem,43,108,-282.89399917549883
world_model_cem,43,109,-291.5693661213869
world_model_cem,43,110,-295.3333841470884
world_model_cem,43,111,-293.1763218400989
world_model_cem,43,112,-285.4091178074568
world_model_cem,43,113,-282.74643487880655
world_model_cem,43,114,-280.21196380026544
world_model_cem,43,115,-266.4539563586885
world_model_cem,43,116,-263.71990147194595
world_model_cem,43,117,-244.34682912121482
world_model_cem,43,118,-237.6640821681354
world_model_cem,43,119,-250.31325153389196
world_model_cem,43,120,-249.81435316314443
world_model_cem,43,121,-246.56836965702212
world_model_cem,43,122,-244.64785136229122
world_model_cem,43,123,-258.961895077948
world_model_cem,43,124,-260.569922783791
world_model_cem,43,125,-272.7678649591621
world_model_cem,43,126,-283.55143000158455
world_model_cem,43,127,-288.6123836196732
world_model_cem,43,128,-284.58857411539077
world_model_cem,43,129,-287.5576287238036
world_model_cem,43,130,-290.92389411885136
world_model_cem,43,131,-286.77181288730367
world_model_cem,43,132,-290.1888524415725
world_model_cem,43,133,-288.00947432525936
world_model_cem,43,134,-273.2614355949818
world_model_cem,43,135,-269.28946012544134
world_model_cem,43,136,-258.58134113224503
world_model_cem,43,137,-252.4862273981581
world_model_cem,43,138,-252.58475348402214
world_model_cem,43,139,-249.616004106858
world_model_cem,43,140,-246.02990533521145
world_model_cem,43,141,-251.27720345280383
world_model_cem,43,142,-255.88098649339693
world_model_cem,43,143,-257.60146138615215
world_model_cem,43,144,-265.442752562755
world_model_cem,43,145,-279.4941076381622
world_model_cem,43,146,-284.0114856535794
world_model_cem,43,147,-281.9188319301543
world_model_cem,43,148,-285.1592563898355
world_model_cem,43,149,-284.6788389259687
world_model_cem,43,150,-276.2721557180305
world_model_cem,43,151,-293.7248833057039
world_model_cem,43,152,-287.0072090315866
world_model_cem,43,153,-282.10807092859255
world_model_cem,43,154,-266.44625170175686
world_model_cem,43,155,-257.4962500402642
world_model_cem,43,156,-251.52153339380658
world_model_cem,43,157,-251.79595795445496
world_model_cem,43,158,-243.42660792754756
world_model_cem,43,159,-240.3779521886631
world_model_cem,43,160,-245.47060890046635
world_model_cem,43,161,-245.66902270704372
world_model_cem,43,162,-257.4766040989811
world_model_cem,43,163,-262.034679259347
world_model_cem,43,164,-271.80796081566257
world_model_cem,43,165,-269.031827796862
world_model_cem,43,166,-282.3275595972586
world_model_cem,43,167,-286.9969231833149
world_model_cem,43,168,-290.85312979595693
world_model_cem,43,169,-285.2788225270532
world_model_cem,43,170,-288.9577036965369
world_model_cem,43,171,-291.7381035532266
world_model_cem,43,172,-286.41408544295376
world_model_cem,43,173,-276.6932268382172
world_model_cem,43,174,-267.8516315778695
world_model_cem,43,175,-257.6697113492234
world_model_cem,43,176,-255.66637861431562
world_model_cem,43,177,-248.95592215587473
world_model_cem,43,178,-247.0591481694269
world_model_cem,43,179,-245.36553875856902
world_model_cem,43,180,-239.69288687270623
world_model_cem,43,181,-245.53352108366576
world_model_cem,43,182,-251.8239826119534
world_model_cem,43,183,-255.6224653432186
world_model_cem,43,184,-269.80676299174166
world_model_cem,43,185,-276.7331692646328
world_model_cem,43,186,-284.53651836626227
world_model_cem,43,187,-283.58012332327047
world_model_cem,43,188,-296.4200646560211
world_model_cem,43,189,-291.387504879703
world_model_cem,43,190,-282.8984895652075
world_model_cem,43,191,-293.11813159021773
world_model_cem,43,192,-275.7443513968333
world_model_cem,43,193,-277.14435623766104
world_model_cem,43,194,-274.7802586917662
world_model_cem,43,195,-249.5643510447261
world_model_cem,43,196,-257.79504221956756
world_model_cem,43,197,-253.2544151750559
world_model_cem,43,198,-241.17262503201516
world_model_cem,43,199,-237.30492751484496
world_model_cem,43,200,-242.25012734702
world_model_cem,43,201,-249.7240475922308
world_model_cem,43,202,-248.97998444729708
world_model_cem,43,203,-251.22705128758764
world_model_cem,43,204,-271.42799178845223
world_model_cem,43,205,-269.13382472776135
world_model_cem,43,206,-287.57185412785697
world_model_cem,43,207,-270.06301113690563
world_model_cem,43,208,-288.0763180039015
world_model_cem,43,209,-286.3546211600363
world_model_cem,43,210,-288.5224276224779
world_model_cem,43,211,-281.42852671674825
world_model_cem,43,212,-288.6817744716467
world_model_cem,43,213,-283.29614521285123
world_model_cem,43,214,-274.1462545778735
world_model_cem,43,215,-256.411392933974
world_model_cem,43,216,-262.60446156746
world_model_cem,43,217,-248.76150597181845
world_model_cem,43,218,-248.67772628249213
world_model_cem,43,219,-249.52160964136704
world_model_cem,43,220,-253.45262258186824
world_model_cem,43,221,-249.34026428340078
world_model_cem,43,222,-241.50513549344964
world_model_cem,43,223,-251.51267480409717
world_model_cem,43,224,-265.8464550929856
world_model_cem,43,225,-275.9405491120066
world_model_cem,43,226,-285.707605985551
world_model_cem,43,227,-284.85104992618653
world_model_cem,43,228,-281.70935743928123
world_model_cem,43,229,-278.71341602668934
world_model_cem,43,230,-290.25588655695566
world_model_cem,43,231,-285.41442163725213
world_model_cem,43,232,-289.7276305621517
world_model_cem,43,233,-284.96860993336594
world_model_cem,43,234,-273.9358203555868
world_model_cem,43,235,-263.1637752573323
world_model_cem,43,236,-258.07389559971915
world_model_cem,43,237,-247.20932186046358
world_model_cem,43,238,-240.4490236195288
world_model_cem,43,239,-233.90219062155006
world_model_cem,43,240,-236.73292012696223
world_model_cem,43,241,-245.67637761907656
world_model_cem,43,242,-255.96705676319687
world_model_cem,43,243,-259.0274722225403
world_model_cem,43,244,-269.46715673158496
world_model_cem,43,245,-274.34627231351567
world_model_cem,43,246,-291.05849988949655
world_model_cem,43,247,-288.07936007619486
world_model_cem,43,248,-298.0082767902214
world_model_cem,43,249,-287.19074258176863
world_model_cem,43,250,-288.58260832292734
world_model_cem,43,251,-293.28344363569545
world_model_cem,43,252,-263.4706980913279
world_model_cem,43,253,-260.21453426796955
world_model_cem,43,254,-261.83802444560143
world_model_cem,43,255,-255.23974839935386
world_model_cem,43,256,-254.30562743266432
world_model_cem,43,257,-248.1331179183494
world_model_cem,43,258,-243.73983192662905
world_model_cem,43,259,-250.68397304445543
world_model_cem,43,260,-238.4464248946235
world_model_cem,43,261,-246.2488271578718
world_model_cem,43,262,-263.08326688240845
world_model_cem,43,263,-262.8924252267091
world_model_cem,43,264,-277.82155538515394
world_model_cem,43,265,-282.58432382963275
world_model_cem,43,266,-291.8583162238218
world_model_cem,43,267,-287.42367067738115
world_model_cem,43,268,-273.1278036373737
world_model_cem,43,269,-287.26611001861784
world_model_cem,43,270,-289.4725924874355
world_model_cem,43,271,-285.3402377066754
world_model_cem,43,272,-280.9741637646383
world_model_cem,43,273,-273.46058237555906
world_model_cem,43,274,-278.95599202239
world_model_cem,43,275,-268.90323592192954
world_model_cem,43,276,-265.30065426386784
world_model_cem,43,277,-257.4658547339413
world_model_cem,43,278,-251.96426400401168
world_model_cem,43,279,-253.52484202300397
world_model_cem,43,280,-255.97331742813495
world_model_cem,43,281,-255.86485215684874
world_model_cem,43,282,-257.4930196427868
world_model_cem,43,283,-260.830126374109
world_model_cem,43,284,-262.6638809929499
world_model_cem,43,285,-269.4971824829882
world_model_cem,43,286,-269.91600712440777
world_model_cem,43,287,-273.6846751744564
world_model_cem,43,288,-281.9528303740396
world_model_cem,43,289,-277.6763401649737
world_model_cem,43,290,-281.3864046136212
world_model_cem,43,291,-271.7822382279995
world_model_cem,43,292,-284.45536618731313
world_model_cem,43,293,-280.70983052498576
world_model_cem,43,294,-271.4067147403526
world_model_cem,43,295,-254.19193169572378
world_model_cem,43,296,-253.64791587943023
world_model_cem,43,297,-247.85986249668366
world_model_cem,43,298,-254.27333873067892
world_model_cem,43,299,-249.51252523014668
world_model_cem,43,300,-256.17591222298154
world_model_cem,43,301,-256.9860640712545
world_model_cem,43,302,-255.6005581299325
world_model_cem,43,303,-263.4857787450096
world_model_cem,43,304,-270.15831285804126
world_model_cem,43,305,-273.95089534335074
world_model_cem,43,306,-278.37399430266873
world_model_cem,43,307,-290.65645393561226
world_model_cem,43,308,-290.75817703839965
world_model_cem,43,309,-290.79245486454215
world_model_cem,43,310,-287.4442354287028
world_model_cem,43,311,-285.7575270940958
world_model_cem,43,312,-290.52841644775435
world_model_cem,43,313,-275.3508711556683
world_model_cem,43,314,-272.12862562021314
world_model_cem,43,315,-262.0794906318209
world_model_cem,43,316,-250.20856479307002
world_model_cem,43,317,-250.96950383005844
world_model_cem,43,318,-250.3100036317702
world_model_cem,43,319,-242.72692579917538
world_model_cem,43,320,-244.35047263336673
world_model_cem,43,321,-243.82347880873888
world_model_cem,43,322,-251.4875809452116
world_model_cem,43,323,-258.39693423477917
world_model_cem,43,324,-270.54163438917294
world_model_cem,43,325,-275.3016907855297
world_model_cem,43,326,-273.1890276740454
world_model_cem,43,327,-287.00938458412423
world_model_cem,43,328,-282.5655876229305
world_model_cem,43,329,-290.0341688312144
world_model_cem,43,330,-289.7541562553037
world_model_cem,43,331,-296.67451784827864
world_model_cem,43,332,-292.21239595760824
world_model_cem,43,333,-282.1489038778773
world_model_cem,43,334,-277.92797737153296
world_model_cem,43,335,-259.3113601283784
world_model_cem,43,336,-238.70960154190962
world_model_cem,43,337,-252.07596115704288
world_model_cem,43,338,-248.93404220764026
world_model_cem,43,339,-242.63517344072682
world_model_cem,43,340,-248.92588203129625
world_model_cem,43,341,-247.30868892042542
world_model_cem,43,342,-252.09112975903423
world_model_cem,43,343,-267.1283326817578
world_model_cem,43,344,-266.6966608557566
world_model_cem,43,345,-274.93371746761784
world_model_cem,43,346,-284.33360434330285
world_model_cem,43,347,-285.3281595993728
world_model_cem,43,348,-290.35379716793994
world_model_cem,43,349,-290.25843800004293
world_model_cem,43,350,-287.9144536653396
world_model_cem,43,351,-274.96119922535627
world_model_cem,43,352,-273.36111925343835
world_model_cem,43,353,-273.75586056433957
world_model_cem,43,354,-267.9193893125335
world_model_cem,43,355,-258.22971577991376
world_model_cem,43,356,-248.6755427997537
world_model_cem,43,357,-247.05705826614974
world_model_cem,43,358,-241.49054599190956
world_model_cem,43,359,-245.8062815265306
world_model_cem,43,360,-254.0842045306918
world_model_cem,43,361,-251.2553956549801
world_model_cem,43,362,-265.96478023569193
world_model_cem,43,363,-274.3608891998694
world_model_cem,43,364,-275.87194585155277
world_model_cem,43,365,-278.6456622371603
world_model_cem,43,366,-287.96207098665116
world_model_cem,43,367,-291.66832004118623
world_model_cem,43,368,-293.150240807928
world_model_cem,43,369,-289.4364234734813
world_model_cem,43,370,-283.9542852781288
world_model_cem,43,371,-291.52546123148795
world_model_cem,43,372,-291.8957072043218
world_model_cem,43,373,-277.6296137509863
world_model_cem,43,374,-283.349095202376
world_model_cem,43,375,-264.76790429313917
world_model_cem,43,376,-241.64611021305655
world_model_cem,43,377,-250.84222115627577
world_model_cem,43,378,-252.88316714396544
world_model_cem,43,379,-252.38564679189267
world_model_cem,43,380,-244.92675144185202
world_model_cem,43,381,-241.15258223927907
world_model_cem,43,382,-247.68834235606215
world_model_cem,43,383,-255.05678225753456
world_model_cem,43,384,-258.4083855334608
world_model_cem,43,385,-264.9108390678338
world_model_cem,43,386,-275.8326490095617
world_model_cem,43,387,-276.13912584325954
world_model_cem,43,388,-277.1061183621594
world_model_cem,43,389,-292.51444939509497
world_model_cem,43,390,-287.23512395281836
world_model_cem,43,391,-280.2640071950787
world_model_cem,43,392,-276.8888496283075
world_model_cem,43,393,-271.3441343932469
world_model_cem,43,394,-263.1596199185833
world_model_cem,43,395,-265.0333929817787
world_model_cem,43,396,-256.10327692124304
world_model_cem,43,397,-246.28420165099612
world_model_cem,43,398,-249.3996505310087
world_model_cem,43,399,-246.8433389165793
world_model_cem,43,400,-251.3839563487175
world_model_cem,43,401,-248.30216166872034
world_model_cem,43,402,-261.8596059448463
world_model_cem,43,403,-272.0853469720999
world_model_cem,43,404,-283.6062060222826
world_model_cem,43,405,-290.03146201603533
world_model_cem,43,406,-286.0085989110946
world_model_cem,43,407,-289.0177664136061
world_model_cem,43,408,-284.9337123774063
world_model_cem,43,409,-296.6490751704888
world_model_cem,43,410,-294.33295569974655
world_model_cem,43,411,-281.9771047641931
world_model_cem,43,412,-284.4205883343133
world_model_cem,43,413,-274.6716843998471
world_model_cem,43,414,-280.2271204061992
world_model_cem,43,415,-275.95683803124945
world_model_cem,43,416,-255.47375167520278
world_model_cem,43,417,-256.6941755927276
world_model_cem,43,418,-255.91954577009756
world_model_cem,43,419,-248.96022588055635
world_model_cem,43,420,-245.61577792253024
world_model_cem,43,421,-252.84069378209773
world_model_cem,43,422,-252.71564598171824
world_model_cem,43,423,-254.46030022910222
world_model_cem,43,424,-265.4687154517933
world_model_cem,43,425,-267.9778483929377
world_model_cem,43,426,-261.9477974600714
world_model_cem,43,427,-273.0844758711073
world_model_cem,43,428,-278.6464610138781
world_model_cem,43,429,-287.8521188702962
world_model_cem,43,430,-283.64897936101204
world_model_cem,43,431,-294.57156976755454
world_model_cem,43,432,-278.59850462722244
world_model_cem,43,433,-275.84622110256754
world_model_cem,43,434,-270.18169931696644
world_model_cem,43,435,-267.43312410380963
world_model_cem,43,436,-260.6702932819036
world_model_cem,43,437,-256.6578237461287
world_model_cem,43,438,-252.20347846518524
world_model_cem,43,439,-255.40183297941167
world_model_cem,43,440,-257.37212092559906
world_model_cem,43,441,-255.656381224584
world_model_cem,43,442,-265.7949143622349
world_model_cem,43,443,-268.20998349082913
world_model_cem,43,444,-271.75897174619786
world_model_cem,43,445,-282.5809481978976
world_model_cem,43,446,-286.51565454220486
world_model_cem,43,447,-291.38588097079594
world_model_cem,43,448,-284.8539396866523
world_model_cem,43,449,-289.6862120071711
world_model_cem,43,450,-289.7425779994856
world_model_cem,43,451,-274.92112758386423
world_model_cem,43,452,-291.7351844775215
world_model_cem,43,453,-285.14098510097347
world_model_cem,43,454,-268.69872378347645
world_model_cem,43,455,-262.936273659699
world_model_cem,43,456,-258.7179847684505
world_model_cem,43,457,-257.76202615272615
world_model_cem,43,458,-255.9093154432084
world_model_cem,43,459,-250.51762183176362
world_model_cem,43,460,-248.19435679421318
world_model_cem,43,461,-246.02614050523417
world_model_cem,43,462,-249.06042439297153
world_model_cem,43,463,-253.07383072295858
world_model_cem,43,464,-258.869340672222
world_model_cem,43,465,-266.2690592415406
world_model_cem,43,466,-270.8681301527529
world_model_cem,43,467,-271.3319438155909
world_model_cem,43,468,-285.7210595171992
world_model_cem,43,469,-271.78382605131543
world_model_cem,43,470,-275.24669493972266
world_model_cem,43,471,-279.7967630401344
world_model_cem,43,472,-264.1600341306654
world_model_cem,43,473,-257.53858388647166
world_model_cem,43,474,-252.09113316612562
world_model_cem,43,475,-256.51665772821053
world_model_cem,43,476,-247.9215976340248
world_model_cem,43,477,-248.6920496126785
world_model_cem,43,478,-244.69998999236745
world_model_cem,43,479,-258.1929354261811
world_model_cem,43,480,-262.857798906766
world_model_cem,43,481,-264.88315718622
world_model_cem,43,482,-271.1034349487289
world_model_cem,43,483,-277.7842656630366
world_model_cem,43,484,-280.7219678265237
world_model_cem,43,485,-278.8801923416526
world_model_cem,43,486,-294.1256529937441
world_model_cem,43,487,-289.73716977134876
world_model_cem,43,488,-287.10433105567864
world_model_cem,43,489,-287.6006848243238
world_model_cem,43,490,-295.2353125164185
world_model_cem,43,491,-275.4478915253859
world_model_cem,43,492,-279.5014999176641
world_model_cem,43,493,-265.3709364432514
world_model_cem,43,494,-265.6980734943615
world_model_cem,43,495,-253.57416129028334
world_model_cem,43,496,-250.4368338933834
world_model_cem,43,497,-247.31364687484796
world_model_cem,43,498,-237.59542451416243
world_model_cem,43,499,-248.03330523481654
world_model_cem,43,500,-247.49533105733994
world_model_cem,43,501,-257.7397112014481
world_model_cem,43,502,-263.4593282729671
world_model_cem,43,503,-265.9657068872326
world_model_cem,43,504,-268.64938673239664
world_model_cem,43,505,-285.6293360733823
world_model_cem,43,506,-293.4565942597834
world_model_cem,43,507,-286.77769247244254
world_model_cem,43,508,-283.8265705059306
world_model_cem,43,509,-294.6190629072529
world_model_cem,43,510,-293.519085965831
world_model_cem,43,511,-289.68780660711167
world_model_cem,43,512,-269.33678655575943
world_model_cem,43,513,-267.2714610400631
world_model_cem,43,514,-258.2455867536002
world_model_cem,43,515,-257.2904924110831
world_model_cem,43,516,-252.85540566468262
world_model_cem,43,517,-244.46022636806572
world_model_cem,43,518,-251.34992243076698
world_model_cem,43,519,-249.03241677399836
world_model_cem,43,520,-255.40779873242832
world_model_cem,43,521,-260.73695014353154
world_model_cem,43,522,-261.20269963908015
world_model_cem,43,523,-264.89368896785845
world_model_cem,43,524,-280.7394147607925
world_model_cem,43,525,-281.4935583550234
world_model_cem,43,526,-291.50864349954657
world_model_cem,43,527,-287.2657226217963
world_model_cem,43,528,-283.3985349823358
world_model_cem,43,529,-291.0289860159782
world_model_cem,43,530,-287.5910117880336
world_model_cem,43,531,-277.8158017910686
world_model_cem,43,532,-275.12616647430275
world_model_cem,43,533,-261.101054480726
world_model_cem,43,534,-254.5317358452444
world_model_cem,43,535,-250.18543453154052
world_model_cem,43,536,-246.0907899565594
world_model_cem,43,537,-243.75984818751044
world_model_cem,43,538,-238.64952636618813
world_model_cem,43,539,-236.9442303638619
world_model_cem,43,540,-252.3609042122306
world_model_cem,43,541,-258.56067523456863
world_model_cem,43,542,-269.710558810224
world_model_cem,43,543,-274.2941801395949
world_model_cem,43,544,-275.0615904775175
world_model_cem,43,545,-272.8294229783483
world_model_cem,43,546,-282.9822260360377
world_model_cem,43,547,-288.1796428413258
world_model_cem,43,548,-281.8595134728124
world_model_cem,43,549,-287.5624978935625
world_model_cem,43,550,-279.42731235518704
world_model_cem,43,551,-276.1724091320895
world_model_cem,43,552,-261.88801533324175
world_model_cem,43,553,-258.2328399606149
world_model_cem,43,554,-253.89115266755803
world_model_cem,43,555,-242.90603221038947
world_model_cem,43,556,-244.15473557759734
world_model_cem,43,557,-249.81597363859154
world_model_cem,43,558,-250.34644230106048
world_model_cem,43,559,-260.2028223558535
world_model_cem,43,560,-263.22928191986284
world_model_cem,43,561,-269.68593606305586
world_model_cem,43,562,-280.20863752657124
world_model_cem,43,563,-286.8478271665657
world_model_cem,43,564,-287.0730297064109
world_model_cem,43,565,-289.81447630193213
world_model_cem,43,566,-297.94893129528555
world_model_cem,43,567,-283.3028167739266
world_model_cem,43,568,-282.76189236918265
world_model_cem,43,569,-287.5595277674921
world_model_cem,43,570,-281.247618547398
world_model_cem,43,571,-283.3817515141684
world_model_cem,43,572,-265.91253412169226
world_model_cem,43,573,-255.4486756093669
world_model_cem,43,574,-251.12203268675586
world_model_cem,43,575,-250.14870358536623
world_model_cem,43,576,-247.05132069660564
world_model_cem,43,577,-246.3115861032475
world_model_cem,43,578,-235.8102613200424
world_model_cem,43,579,-252.0679236908616
world_model_cem,43,580,-251.49193878509325
world_model_cem,43,581,-265.26115441051076
world_model_cem,43,582,-268.8437508561245
world_model_cem,43,583,-273.47539164317783
world_model_cem,43,584,-281.37667120096665
world_model_cem,43,585,-286.651938866891
world_model_cem,43,586,-288.79577890840676
world_model_cem,43,587,-286.2377461222686
world_model_cem,43,588,-274.2468330943521
world_model_cem,43,589,-283.93118666190617
world_model_cem,43,590,-276.85694960266443
world_model_cem,43,591,-268.4636837088349
world_model_cem,43,592,-259.64225661909006
world_model_cem,43,593,-258.752618246472
world_model_cem,43,594,-250.56101784550063
world_model_cem,43,595,-236.1135517803791
world_model_cem,43,596,-237.85698469123992
world_model_cem,43,597,-237.70283623996525
world_model_cem,43,598,-256.83623377576293
world_model_cem,43,599,-261.35609361872594
world_model_cem,43,600,-255.72877871599968
world_model_cem,43,601,-272.3600116920744
world_model_cem,43,602,-275.7689291507787
world_model_cem,43,603,-284.94448780676385
world_model_cem,43,604,-289.2735109407621
world_model_cem,43,605,-283.3639807412194
world_model_cem,43,606,-286.5150118903675
world_model_cem,43,607,-287.62429412720144
world_model_cem,43,608,-285.5233015598514
world_model_cem,43,609,-277.01299337084345
world_model_cem,43,610,-267.42501804410506
world_model_cem,43,611,-263.9801776169556
world_model_cem,43,612,-250.14589766464016
world_model_cem,43,613,-248.32975115549357
world_model_cem,43,614,-246.6332919534762
world_model_cem,43,615,-242.2351897001958
world_model_cem,43,616,-244.63959119253155
world_model_cem,43,617,-253.92087814935326
world_model_cem,43,618,-246.61016681311904
world_model_cem,43,619,-266.9398232901532
world_model_cem,43,620,-270.258210756091
world_model_cem,43,621,-278.40609219132705
world_model_cem,43,622,-279.65986629217235
world_model_cem,43,623,-290.4311119978583
world_model_cem,43,624,-289.238354977786
world_model_cem,43,625,-283.5632528941853
world_model_cem,43,626,-285.48829880631536
world_model_cem,43,627,-292.51006167961157
world_model_cem,43,628,-274.98852562226386
world_model_cem,43,629,-268.2588258272832
world_model_cem,43,630,-263.97320590843236
world_model_cem,43,631,-252.13786277179486
world_model_cem,43,632,-250.02973260566725
world_model_cem,43,633,-248.11992670610852
world_model_cem,43,634,-240.66390774061924
world_model_cem,43,635,-246.71858791386472
world_model_cem,43,636,-242.81350693859247
world_model_cem,43,637,-255.03146812175157
world_model_cem,43,638,-257.87440785184407
world_model_cem,43,639,-277.87298449450276
world_model_cem,43,640,-275.11503478314705
world_model_cem,43,641,-288.44706664306716
world_model_cem,43,642,-289.3753302245244
world_model_cem,43,643,-285.13815834120294
world_model_cem,43,644,-294.4785992566016
world_model_cem,43,645,-287.67575490802733
world_model_cem,43,646,-285.777153548414
world_model_cem,43,647,-286.8841300355973
world_model_cem,43,648,-283.4206296622025
world_model_cem,43,649,-268.5556043350337
world_model_cem,43,650,-257.6739024828992
world_model_cem,43,651,-255.46747027373925
world_model_cem,43,652,-245.7430204441251
world_model_cem,43,653,-247.2985309068626
world_model_cem,43,654,-245.5550246580252
world_model_cem,43,655,-244.46977140312367
world_model_cem,43,656,-250.42608380374233
world_model_cem,43,657,-252.86497065744626
world_model_cem,43,658,-255.26216926554508
world_model_cem,43,659,-269.6100395571451
world_model_cem,43,660,-270.4970437122502
world_model_cem,43,661,-285.43077435951216
world_model_cem,43,662,-285.44226841720433
world_model_cem,43,663,-283.99331484120233
world_model_cem,43,664,-293.2985387960346
world_model_cem,43,665,-291.9351016024821
world_model_cem,43,666,-278.1186606786496
world_model_cem,43,667,-288.17202469358233
world_model_cem,43,668,-290.8938370882796
world_model_cem,43,669,-283.1078568854447
world_model_cem,43,670,-274.4390445504075
world_model_cem,43,671,-263.5810687171794
world_model_cem,43,672,-262.45223420011337
world_model_cem,43,673,-240.49222005211772
world_model_cem,43,674,-239.3772618225357
world_model_cem,43,675,-241.855946917562
world_model_cem,43,676,-247.05606286509135
world_model_cem,43,677,-248.73474941050654
world_model_cem,43,678,-247.59422402581745
world_model_cem,43,679,-258.5468708933826
world_model_cem,43,680,-251.94697962363017
world_model_cem,43,681,-263.50612976996183
world_model_cem,43,682,-278.7911123069442
world_model_cem,43,683,-285.1909092351902
world_model_cem,43,684,-294.16469139965415
world_model_cem,43,685,-286.6884165004791
world_model_cem,43,686,-292.7505199031016
world_model_cem,43,687,-270.925127623287
world_model_cem,43,688,-272.7595075063688
world_model_cem,43,689,-264.0693807778233
world_model_cem,43,690,-262.1651042169052
world_model_cem,43,691,-255.6445951074677
world_model_cem,43,692,-247.89898023813583
world_model_cem,43,693,-240.87900783785628
world_model_cem,43,694,-241.01676801957905
world_model_cem,43,695,-250.2633233749821
world_model_cem,43,696,-250.3384186408056
world_model_cem,43,697,-262.38917983312405
world_model_cem,43,698,-269.6328958625253
world_model_cem,43,699,-277.61641601999133
world_model_cem,43,700,-271.48695782736763
world_model_cem,43,701,-293.6149705135756
world_model_cem,43,702,-297.0528359681028
world_model_cem,43,703,-298.73790245768544
world_model_cem,43,704,-288.54664958577536
world_model_cem,43,705,-287.0476509441554
world_model_cem,43,706,-292.4458594658817
world_model_cem,43,707,-279.4954410725019
world_model_cem,43,708,-268.41102246825227
world_model_cem,43,709,-264.21472210903715
world_model_cem,43,710,-256.9479975336883
world_model_cem,43,711,-254.36411811645127
world_model_cem,43,712,-243.18105613542178
world_model_cem,43,713,-250.14075568645643
world_model_cem,43,714,-248.02526456169505
world_model_cem,43,715,-252.74791715469053
world_model_cem,43,716,-254.63480577286788
world_model_cem,43,717,-256.9906807653808
world_model_cem,43,718,-265.7036640906279
world_model_cem,43,719,-273.54631855927164
world_model_cem,43,720,-275.2355518338322
world_model_cem,43,721,-288.1289156295077
world_model_cem,43,722,-282.3494632392087
world_model_cem,43,723,-278.4885709155043
world_model_cem,43,724,-283.46999597509335
world_model_cem,43,725,-284.66041226080216
world_model_cem,43,726,-261.40558037887985
world_model_cem,43,727,-267.01901941888514
world_model_cem,43,728,-256.845994846288
world_model_cem,43,729,-257.9013360098934
world_model_cem,43,730,-255.00431737817442
world_model_cem,43,731,-243.2714411605028
world_model_cem,43,732,-243.10567714259082
world_model_cem,43,733,-256.807433532541
world_model_cem,43,734,-256.69209516040627
world_model_cem,43,735,-263.50867882666984
world_model_cem,43,736,-269.50710445730857
world_model_cem,43,737,-277.98069327086034
world_model_cem,43,738,-288.7255249823445
world_model_cem,43,739,-292.4228021386028
world_model_cem,43,740,-283.5076894193975
world_model_cem,43,741,-284.3718279298219
world_model_cem,43,742,-290.33765265222974
world_model_cem,43,743,-277.46821907597166
world_model_cem,43,744,-272.14113178212926
world_model_cem,43,745,-284.49270897595204
world_model_cem,43,746,-263.37808391305884
world_model_cem,43,747,-267.0143844456421
world_model_cem,43,748,-255.67365087518775
world_model_cem,43,749,-252.37312341644986
world_model_cem,43,750,-242.60200592660865
world_model_cem,43,751,-244.06063234692746
world_model_cem,43,752,-243.26979733301218
world_model_cem,43,753,-249.9789996897151
world_model_cem,43,754,-255.44585445213562
world_model_cem,43,755,-254.50739325585357
world_model_cem,43,756,-258.2833267371603
world_model_cem,43,757,-270.4317936969161
world_model_cem,43,758,-272.13402383682677
world_model_cem,43,759,-285.056259751933
world_model_cem,43,760,-282.9474861715552
world_model_cem,43,761,-285.7248533921583
world_model_cem,43,762,-277.81963930282984
world_model_cem,43,763,-287.346515745091
world_model_cem,43,764,-291.39330384424045
world_model_cem,43,765,-279.72672669204803
world_model_cem,43,766,-266.89258746931483
world_model_cem,43,767,-264.97579388224506
world_model_cem,43,768,-255.02908005975786
world_model_cem,43,769,-254.3504480128768
world_model_cem,43,770,-248.86438775467147
world_model_cem,43,771,-246.69313531989997
world_model_cem,43,772,-247.39429865910506
world_model_cem,43,773,-242.9486077736594
world_model_cem,43,774,-251.40463491125632
world_model_cem,43,775,-266.5632942544221
world_model_cem,43,776,-273.09304934488597
world_model_cem,43,777,-277.443081077319
world_model_cem,43,778,-279.9074192079803
world_model_cem,43,779,-287.86913491075086
world_model_cem,43,780,-285.894324226994
world_model_cem,43,781,-291.3042338968636
world_model_cem,43,782,-290.3536377858207
world_model_cem,43,783,-288.2385953866237
world_model_cem,43,784,-282.40972161163813
world_model_cem,43,785,-287.2934919932101
world_model_cem,43,786,-263.31402404135116
world_model_cem,43,787,-268.77271730982017
world_model_cem,43,788,-268.1595865644423
world_model_cem,43,789,-247.7501470400728
world_model_cem,43,790,-245.92194908783483
world_model_cem,43,791,-247.06416503164354
world_model_cem,43,792,-244.6225354849628
world_model_cem,43,793,-245.6721933221293
world_model_cem,43,794,-252.5849055183701
world_model_cem,43,795,-258.23067273635974
world_model_cem,43,796,-264.9279521271963
world_model_cem,43,797,-266.71392776737144
world_model_cem,43,798,-272.6218484453218
world_model_cem,43,799,-280.13989702005784
world_model_cem,43,800,-285.11256280491864
world_model_cem,43,801,-275.85504064968325
world_model_cem,43,802,-282.72530867771326
world_model_cem,43,803,-284.2277510642057
world_model_cem,43,804,-285.2503645662538
world_model_cem,43,805,-282.1525376601191
world_model_cem,43,806,-274.54037421943747
world_model_cem,43,807,-272.1228319061151
world_model_cem,43,808,-266.68136066353503
world_model_cem,43,809,-259.9013982177109
world_model_cem,43,810,-256.98595242486124
world_model_cem,43,811,-248.47841184729054
world_model_cem,43,812,-248.6959167836746
world_model_cem,43,813,-242.14272407387773
world_model_cem,43,814,-255.23912879237932
world_model_cem,43,815,-261.0556685418669
world_model_cem,43,816,-260.82553651261077
world_model_cem,43,817,-259.48848025204336
world_model_cem,43,818,-280.2699517784654
world_model_cem,43,819,-276.05126806428393
world_model_cem,43,820,-291.5561621744482
world_model_cem,43,821,-286.5479894016736
world_model_cem,43,822,-280.4248382863208
world_model_cem,43,823,-286.78092120181407
world_model_cem,43,824,-295.4077565916725
world_model_cem,43,825,-284.40152063501006
world_model_cem,43,826,-278.2493514881693
world_model_cem,43,827,-272.9646488062452
world_model_cem,43,828,-263.58254182987514
world_model_cem,43,829,-250.78090457247364
world_model_cem,43,830,-241.30924436893866
world_model_cem,43,831,-250.82137233834712
world_model_cem,43,832,-248.3027722949286
world_model_cem,43,833,-243.65332680848513
world_model_cem,43,834,-243.79322967994258
world_model_cem,43,835,-245.70001063601742
world_model_cem,43,836,-260.8703091703196
world_model_cem,43,837,-271.1633623735616
world_model_cem,43,838,-276.2784459062345
world_model_cem,43,839,-288.4163700920863
world_model_cem,43,840,-286.2171516817012
world_model_cem,43,841,-290.71585950168185
world_model_cem,43,842,-297.0717003313962
world_model_cem,43,843,-282.165169312648
world_model_cem,43,844,-287.0580147173589
world_model_cem,43,845,-289.89505842610185
world_model_cem,43,846,-290.6038636884192
world_model_cem,43,847,-269.5127375997512
world_model_cem,43,848,-262.17561838504844
world_model_cem,43,849,-260.703947219462
world_model_cem,43,850,-248.3353709372479
world_model_cem,43,851,-242.49370214468706
world_model_cem,43,852,-242.329468046878
world_model_cem,43,853,-247.61469572169764
world_model_cem,43,854,-254.14331316637163
world_model_cem,43,855,-245.04680779071055
world_model_cem,43,856,-258.5047073476105
world_model_cem,43,857,-267.82091783406554
world_model_cem,43,858,-272.54937383683597
world_model_cem,43,859,-283.24663858796936
world_model_cem,43,860,-285.4893292695107
world_model_cem,43,861,-287.2757643148837
world_model_cem,43,862,-285.37303874221556
world_model_cem,43,863,-287.04125187988336
world_model_cem,43,864,-276.9115389864109
world_model_cem,43,865,-284.970269420745
world_model_cem,43,866,-277.48189291585373
world_model_cem,43,867,-263.653292179952
world_model_cem,43,868,-265.1068146133359
world_model_cem,43,869,-248.5141358776351
world_model_cem,43,870,-249.63739566787518
world_model_cem,43,871,-246.3365015134429
world_model_cem,43,872,-250.41739450192904
world_model_cem,43,873,-250.10352926060904
world_model_cem,43,874,-256.16475399651426
world_model_cem,43,875,-257.17661661149435
world_model_cem,43,876,-263.12817320235484
world_model_cem,43,877,-278.8439570267956
world_model_cem,43,878,-274.26008732836357
world_model_cem,43,879,-288.58843843886837
world_model_cem,43,880,-286.4209399858479
world_model_cem,43,881,-293.04158955775813
world_model_cem,43,882,-285.401071124957
world_model_cem,43,883,-280.3669681110759
world_model_cem,43,884,-286.5254787546394
world_model_cem,43,885,-286.8511760415325
world_model_cem,43,886,-256.92166824620824
world_model_cem,43,887,-266.44751452757885
world_model_cem,43,888,-261.32999011881896
world_model_cem,43,889,-246.13911222666295
world_model_cem,43,890,-249.11899892829888
world_model_cem,43,891,-241.2266634382143
world_model_cem,43,892,-253.15651809515379
world_model_cem,43,893,-248.95660230702902
world_model_cem,43,894,-246.74863613433791
world_model_cem,43,895,-254.48820981639636
world_model_cem,43,896,-262.2320684045161
world_model_cem,43,897,-269.84152208678455
world_model_cem,43,898,-273.2503278886677
world_model_cem,43,899,-275.98695733975944
world_model_cem,43,900,-289.17531991348835
world_model_cem,43,901,-285.60940710293704
world_model_cem,43,902,-289.03675001966616
world_model_cem,43,903,-275.77169579692077
world_model_cem,43,904,-286.0563462173031
world_model_cem,43,905,-267.0771169991051
world_model_cem,43,906,-263.7318105479132
world_model_cem,43,907,-263.73347510605123
world_model_cem,43,908,-256.3191037082272
world_model_cem,43,909,-252.19843094397436
world_model_cem,43,910,-246.62793056019893
world_model_cem,43,911,-250.44485169127873
world_model_cem,43,912,-244.85099883145602
world_model_cem,43,913,-245.65857605105464
world_model_cem,43,914,-254.8849153123811
world_model_cem,43,915,-263.32853510403214
world_model_cem,43,916,-266.0865177545057
world_model_cem,43,917,-282.6648401528343
world_model_cem,43,918,-284.54524119936127
world_model_cem,43,919,-293.0835171777772
world_model_cem,43,920,-291.8301415183792
world_model_cem,43,921,-280.55100742361685
world_model_cem,43,922,-289.10631377231283
world_model_cem,43,923,-291.9593987950652
world_model_cem,43,924,-278.0203970245777
world_model_cem,43,925,-270.8562501090654
world_model_cem,43,926,-268.8751173031122
world_model_cem,43,927,-258.2890858286618
world_model_cem,43,928,-254.57847959988473
world_model_cem,43,929,-249.39606895213007
world_model_cem,43,930,-248.46821585215886
world_model_cem,43,931,-240.54463846167116
world_model_cem,43,932,-249.89547078362972
world_model_cem,43,933,-246.14577260867648
world_model_cem,43,934,-255.15347484535639
world_model_cem,43,935,-269.29186858116486
world_model_cem,43,936,-275.1748840386279
world_model_cem,43,937,-279.9017166932054
world_model_cem,43,938,-293.29079698339433
world_model_cem,43,939,-289.4519874653312
world_model_cem,43,940,-282.61481087808943
world_model_cem,43,941,-278.7656012186935
world_model_cem,43,942,-281.28821501884585
world_model_cem,43,943,-275.1846490623976
world_model_cem,43,944,-269.3499319687551
world_model_cem,43,945,-263.51952779922294
world_model_cem,43,946,-259.4695305796271
world_model_cem,43,947,-247.61521507774748
world_model_cem,43,948,-250.8363400635521
world_model_cem,43,949,-243.92579023825834
world_model_cem,43,950,-253.8902987314365
world_model_cem,43,951,-234.26203264679415
world_model_cem,43,952,-260.5713462614275
world_model_cem,43,953,-256.46437306541725
world_model_cem,43,954,-266.5404105608693
world_model_cem,43,955,-282.0920795923497
world_model_cem,43,956,-283.5164371637061
world_model_cem,43,957,-286.5290605815156
world_model_cem,43,958,-285.2065046034264
world_model_cem,43,959,-286.8739367938175
world_model_cem,43,960,-285.4963492716012
world_model_cem,43,961,-291.42550047034445
world_model_cem,43,962,-278.8308295839522
world_model_cem,43,963,-272.8918874603745
world_model_cem,43,964,-266.4995369505555
world_model_cem,43,965,-255.51745869981414
world_model_cem,43,966,-248.91423526303006
world_model_cem,43,967,-249.39345619375948
world_model_cem,43,968,-244.2209743787193
world_model_cem,43,969,-239.89984688754626
world_model_cem,43,970,-249.75478875820468
world_model_cem,43,971,-247.01703558448682
world_model_cem,43,972,-257.46869549646533
world_model_cem,43,973,-258.7020477739512
world_model_cem,43,974,-271.2488252412411
world_model_cem,43,975,-283.7211625194898
world_model_cem,43,976,-281.16331787010523
world_model_cem,43,977,-280.80537029475653
world_model_cem,43,978,-290.3969533980919
world_model_cem,43,979,-288.3537824746396
world_model_cem,43,980,-297.1370600946069
world_model_cem,43,981,-284.2494623971679
world_model_cem,43,982,-278.91499536921935
world_model_cem,43,983,-265.6692686039969
world_model_cem,43,984,-268.7356425835648
world_model_cem,43,985,-261.531964606698
world_model_cem,43,986,-254.3239137999712
world_model_cem,43,987,-251.68938502397714
world_model_cem,43,988,-247.66621128148742
world_model_cem,43,989,-251.7146230521654
world_model_cem,43,990,-252.62878184075404
world_model_cem,43,991,-256.63159312213907
world_model_cem,43,992,-256.3275939940279
world_model_cem,43,993,-262.7933396758435
world_model_cem,43,994,-271.9949204769693
world_model_cem,43,995,-279.3823373466222
world_model_cem,43,996,-285.0066519468728
world_model_cem,43,997,-291.56793032397445
world_model_cem,43,998,-279.1579705971516
world_model_cem,43,999,-288.7387758684889
world_model_cem,43,1000,-282.9308962971627
world_model_cem,44,1,-218.10059432678457
world_model_cem,44,2,-192.96835568306318
world_model_cem,44,3,-188.18306984975925
world_model_cem,44,4,-185.28487582058528
world_model_cem,44,5,-197.5403218037991
world_model_cem,44,6,-180.90196933350046
world_model_cem,44,7,-166.5898800382036
world_model_cem,44,8,-197.42257367561433
world_model_cem,44,9,-182.4543996771845
world_model_cem,44,10,-179.45950181831523
world_model_cem,44,11,-192.51158728383325
world_model_cem,44,12,-196.43968942223808
world_model_cem,44,13,-209.0605479049603
world_model_cem,44,14,-265.1239110826625
world_model_cem,44,15,-238.41219828511353
world_model_cem,44,16,-271.3066299528414
world_model_cem,44,17,-248.73388427214246
world_model_cem,44,18,-303.6566321291632
world_model_cem,44,19,-326.776255644744
world_model_cem,44,20,-346.34285391056153
world_model_cem,44,21,-309.7473811673441
world_model_cem,44,22,-308.1296552549667
world_model_cem,44,23,-226.26005101368574
world_model_cem,44,24,-255.50506005130643
world_model_cem,44,25,-298.68067592470993
world_model_cem,44,26,-322.0811193101195
world_model_cem,44,27,-240.2527987826499
world_model_cem,44,28,-222.7265127263365
world_model_cem,44,29,-258.81159797833897
world_model_cem,44,30,-343.73942793631477
world_model_cem,44,31,-237.52883256544027
world_model_cem,44,32,-203.58255517819603
world_model_cem,44,33,-336.0967583055809
world_model_cem,44,34,-315.8570869201175
world_model_cem,44,35,-216.69007679070356
world_model_cem,44,36,-304.59639006609063
world_model_cem,44,37,-197.86986286689188
world_model_cem,44,38,-190.29640219197347
world_model_cem,44,39,-297.10773583077145
world_model_cem,44,40,-291.92903776581704
world_model_cem,44,41,-151.11801741513335
world_model_cem,44,42,-237.35193661801847
world_model_cem,44,43,-197.8871495519675
world_model_cem,44,44,-259.43098345793425
world_model_cem,44,45,-277.11159369775703
world_model_cem,44,46,-274.9440440078704
world_model_cem,44,47,-281.0424503954138
world_model_cem,44,48,-274.87345100039425
world_model_cem,44,49,-268.5039343861292
world_model_cem,44,50,-259.7864529038278
world_model_cem,44,51,-248.5704116906743
world_model_cem,44,52,-249.15374811735583
world_model_cem,44,53,-248.69255669483636
world_model_cem,44,54,-261.0352751238272
world_model_cem,44,55,-265.2312087896077
world_model_cem,44,56,-264.264509504113
world_model_cem,44,57,-269.457318138065
world_model_cem,44,58,-273.9010230735213
world_model_cem,44,59,-263.24012075098244
world_model_cem,44,60,-273.3129364637031
world_model_cem,44,61,-279.11228334674354
world_model_cem,44,62,-274.06021638306504
world_model_cem,44,63,-283.21261560356174
world_model_cem,44,64,-283.5579106610387
world_model_cem,44,65,-290.3428160371524
world_model_cem,44,66,-284.9474673096696
world_model_cem,44,67,-281.4791649371239
world_model_cem,44,68,-280.69743065335064
world_model_cem,44,69,-287.9309769168863
world_model_cem,44,70,-291.2981375718043
world_model_cem,44,71,-283.7297549030178
world_model_cem,44,72,-283.79326239993014
world_model_cem,44,73,-277.5887927231766
world_model_cem,44,74,-270.04598611019117
world_model_cem,44,75,-277.31230090842956
world_model_cem,44,76,-282.38757379710466
world_model_cem,44,77,-273.32045903015626
world_model_cem,44,78,-285.7945680716766
world_model_cem,44,79,-278.42076041645413
world_model_cem,44,80,-269.2641277503607
world_model_cem,44,81,-272.9929462458245
world_model_cem,44,82,-277.83895168587844
world_model_cem,44,83,-277.44618409893826
world_model_cem,44,84,-278.21984339678033
world_model_cem,44,85,-268.8834769713378
world_model_cem,44,86,-258.3659582866336
world_model_cem,44,87,-261.03897740454227
world_model_cem,44,88,-267.77038589948336
world_model_cem,44,89,-279.3326403245926
world_model_cem,44,90,-268.63710190167154
world_model_cem,44,91,-272.41608753773
world_model_cem,44,92,-278.7202534001451
world_model_cem,44,93,-275.13214630830515
world_model_cem,44,94,-268.8058333080917
world_model_cem,44,95,-277.4310862542951
world_model_cem,44,96,-283.1789040744083
world_model_cem,44,97,-272.6599055980418
world_model_cem,44,98,-264.4994509743707
world_model_cem,44,99,-274.48362002805817
world_model_cem,44,100,-282.1453350635519
world_model_cem,44,101,-282.87568809387295
world_model_cem,44,102,-280.385730141518
world_model_cem,44,103,-281.8652558133282
world_model_cem,44,104,-265.4677852265539
world_model_cem,44,105,-269.23827907454313
world_model_cem,44,106,-275.92772211506696
world_model_cem,44,107,-280.0673221386759
world_model_cem,44,108,-270.9348763354774
world_model_cem,44,109,-280.453747725501
world_model_cem,44,110,-269.84500896291445
world_model_cem,44,111,-258.7774781995858
world_model_cem,44,112,-257.3306031810917
world_model_cem,44,113,-259.2370595420062
world_model_cem,44,114,-253.5147930854778
world_model_cem,44,115,-247.74181321977807
world_model_cem,44,116,-258.96196968705715
world_model_cem,44,117,-246.5465920530637
world_model_cem,44,118,-252.38229397888347
world_model_cem,44,119,-259.0502730657368
world_model_cem,44,120,-265.679754114459
world_model_cem,44,121,-261.83109768258987
world_model_cem,44,122,-269.8707606261099
world_model_cem,44,123,-274.635667842843
world_model_cem,44,124,-265.7351637995548
world_model_cem,44,125,-263.93499449242864
world_model_cem,44,126,-270.9448687272867
world_model_cem,44,127,-254.61743916823139
world_model_cem,44,128,-269.8176229275435
world_model_cem,44,129,-270.1897275813657
world_model_cem,44,130,-263.8683140519965
world_model_cem,44,131,-263.12220564613375
world_model_cem,44,132,-244.7177195418658
world_model_cem,44,133,-260.5594985084778
world_model_cem,44,134,-261.6584929824941
world_model_cem,44,135,-267.67795786400677
world_model_cem,44,136,-265.21241885496715
world_model_cem,44,137,-275.34321274790886
world_model_cem,44,138,-275.50200955658534
world_model_cem,44,139,-282.3299892705378
world_model_cem,44,140,-289.26214634366454
world_model_cem,44,141,-284.5047722592304
world_model_cem,44,142,-279.44713880335456
world_model_cem,44,143,-282.86951556541504
world_model_cem,44,144,-292.1932339232112
world_model_cem,44,145,-281.8486014529
world_model_cem,44,146,-277.904335475524
world_model_cem,44,147,-281.88788163648127
world_model_cem,44,148,-273.95625051202666
world_model_cem,44,149,-265.2472181850917
world_model_cem,44,150,-260.55599184763753
world_model_cem,44,151,-252.9323442573307
world_model_cem,44,152,-251.04428402509566
world_model_cem,44,153,-251.11768934556088
world_model_cem,44,154,-248.09187770244964
world_model_cem,44,155,-253.321675074927
world_model_cem,44,156,-249.51387240166366
world_model_cem,44,157,-256.1215560339672
world_model_cem,44,158,-257.95229846049506
world_model_cem,44,159,-269.7273628083787
world_model_cem,44,160,-284.854359019766
world_model_cem,44,161,-276.8305835436124
world_model_cem,44,162,-286.59707700794127
world_model_cem,44,163,-278.5864449598631
world_model_cem,44,164,-290.7671811138176
world_model_cem,44,165,-283.27729663240103
world_model_cem,44,166,-279.46337939210207
world_model_cem,44,167,-268.58031233363755
world_model_cem,44,168,-262.307246930376
world_model_cem,44,169,-252.07185699056362
world_model_cem,44,170,-254.39053341910122
world_model_cem,44,171,-247.31219778881547
world_model_cem,44,172,-243.16005721777776
world_model_cem,44,173,-250.80649654704587
world_model_cem,44,174,-252.9459696276616
world_model_cem,44,175,-267.1749282499168
world_model_cem,44,176,-264.9342106779326
world_model_cem,44,177,-275.27615144052345
world_model_cem,44,178,-285.328603522723
world_model_cem,44,179,-285.9841856610752
world_model_cem,44,180,-292.2758869149846
world_model_cem,44,181,-278.78842622658044
world_model_cem,44,182,-289.4735032095922
world_model_cem,44,183,-286.62062449865834
world_model_cem,44,184,-281.5244612183385
world_model_cem,44,185,-289.45041178131436
world_model_cem,44,186,-274.27693635134784
world_model_cem,44,187,-261.1824910376823
world_model_cem,44,188,-258.2020078110384
world_model_cem,44,189,-256.0905928165303
world_model_cem,44,190,-248.2359327490115
world_model_cem,44,191,-238.62139311268845
world_model_cem,44,192,-237.5935797265014
world_model_cem,44,193,-242.7820456864633
world_model_cem,44,194,-248.50687347305887
world_model_cem,44,195,-248.016316706581
world_model_cem,44,196,-262.1254309807882
world_model_cem,44,197,-262.09631567019187
world_model_cem,44,198,-268.63690601242354
world_model_cem,44,199,-288.00199386324937
world_model_cem,44,200,-269.9014062273136
world_model_cem,44,201,-296.04473404161195
world_model_cem,44,202,-284.40590332210166
world_model_cem,44,203,-290.2827617053048
world_model_cem,44,204,-281.10526368708173
world_model_cem,44,205,-272.70992458755995
world_model_cem,44,206,-263.8597242637892
world_model_cem,44,207,-259.39845943534897
world_model_cem,44,208,-252.69598050520358
world_model_cem,44,209,-251.47059210183826
world_model_cem,44,210,-245.22856241754604
world_model_cem,44,211,-251.82573999589107
world_model_cem,44,212,-249.96591393832333
world_model_cem,44,213,-254.7606633783323
world_model_cem,44,214,-265.52036870784525
world_model_cem,44,215,-264.81059353545
world_model_cem,44,216,-276.87265559130475
world_model_cem,44,217,-290.199742876598
world_model_cem,44,218,-287.9555915053992
world_model_cem,44,219,-287.1468264803011
world_model_cem,44,220,-277.78672068904143
world_model_cem,44,221,-289.9655102720351
world_model_cem,44,222,-290.6189386067367
world_model_cem,44,223,-293.51131976206136
world_model_cem,44,224,-289.89164022479997
world_model_cem,44,225,-277.2911882721945
world_model_cem,44,226,-271.2117555288427
world_model_cem,44,227,-262.16206022589967
world_model_cem,44,228,-255.8826634024765
world_model_cem,44,229,-257.06734453995773
world_model_cem,44,230,-248.66614405678382
world_model_cem,44,231,-242.04692267019314
world_model_cem,44,232,-243.81963913524498
world_model_cem,44,233,-248.9498624808631
world_model_cem,44,234,-248.64777068854008
world_model_cem,44,235,-260.0585527178288
world_model_cem,44,236,-269.0325875330305
world_model_cem,44,237,-267.8213441456573
world_model_cem,44,238,-279.6871152998609
world_model_cem,44,239,-287.43951535667753
world_model_cem,44,240,-290.0889038028781
world_model_cem,44,241,-290.5585788214586
world_model_cem,44,242,-286.06928698413253
world_model_cem,44,243,-283.5554449875588
world_model_cem,44,244,-274.77288750881803
world_model_cem,44,245,-260.2194392925133
world_model_cem,44,246,-256.35668187738
world_model_cem,44,247,-246.54424586686463
world_model_cem,44,248,-254.85198334325116
world_model_cem,44,249,-246.15565285432453
world_model_cem,44,250,-241.15074515402137
world_model_cem,44,251,-249.30250445961786
world_model_cem,44,252,-256.59342979283366
world_model_cem,44,253,-263.34991553911254
world_model_cem,44,254,-269.4360196236172
world_model_cem,44,255,-280.02074188559567
world_model_cem,44,256,-280.1256324907559
world_model_cem,44,257,-272.7268092774553
world_model_cem,44,258,-294.72325211853297
world_model_cem,44,259,-288.29378219979344
world_model_cem,44,260,-285.20715211782584
world_model_cem,44,261,-283.27474522661356
world_model_cem,44,262,-285.3954547492825
world_model_cem,44,263,-284.5908879505795
world_model_cem,44,264,-282.5059768235542
world_model_cem,44,265,-278.85087591485495
world_model_cem,44,266,-274.46403775124156
world_model_cem,44,267,-257.53745261951497
world_model_cem,44,268,-257.22677566879105
world_model_cem,44,269,-260.07633792129025
world_model_cem,44,270,-238.13986982278513
world_model_cem,44,271,-254.4655232108422
world_model_cem,44,272,-249.6795567071313
world_model_cem,44,273,-256.4145874739202
world_model_cem,44,274,-254.72050249273755
world_model_cem,44,275,-257.3677128143067
world_model_cem,44,276,-266.4640383198582
world_model_cem,44,277,-268.5105812609805
world_model_cem,44,278,-276.24417307296176
world_model_cem,44,279,-279.1220145047433
world_model_cem,44,280,-280.5040641559582
world_model_cem,44,281,-282.25833580905794
world_model_cem,44,282,-270.94910131974325
world_model_cem,44,283,-283.5419071194526
world_model_cem,44,284,-274.0022603844717
world_model_cem,44,285,-268.56507244691016
world_model_cem,44,286,-265.47818108834167
world_model_cem,44,287,-260.96583928194894
world_model_cem,44,288,-239.76738493306334
world_model_cem,44,289,-252.26400969222664
world_model_cem,44,290,-247.23834732945525
world_model_cem,44,291,-241.3972844543556
world_model_cem,44,292,-251.1834101335009
world_model_cem,44,293,-251.48826072879584
world_model_cem,44,294,-271.14088334057715
world_model_cem,44,295,-275.0431462695664
world_model_cem,44,296,-286.9930731893052
world_model_cem,44,297,-290.2732843544461
world_model_cem,44,298,-295.00753236763467
world_model_cem,44,299,-290.5474911662658
world_model_cem,44,300,-294.7892563969062
world_model_cem,44,301,-294.0187194205456
world_model_cem,44,302,-284.7285523844458
world_model_cem,44,303,-280.29425047059505
world_model_cem,44,304,-268.9202705549176
world_model_cem,44,305,-272.8322223985695
world_model_cem,44,306,-253.9527260777067
world_model_cem,44,307,-254.9177457369751
world_model_cem,44,308,-250.24293881308267
world_model_cem,44,309,-242.76246723677235
world_model_cem,44,310,-246.35704372855443
world_model_cem,44,311,-248.61020113051316
world_model_cem,44,312,-245.25907846227716
world_model_cem,44,313,-253.00249674851673
world_model_cem,44,314,-259.3739716755632
world_model_cem,44,315,-261.9360513121219
world_model_cem,44,316,-280.64743052345653
world_model_cem,44,317,-288.4289776976719
world_model_cem,44,318,-281.1462672884952
world_model_cem,44,319,-292.7161584949954
world_model_cem,44,320,-275.36208043391747
world_model_cem,44,321,-288.7144770034004
world_model_cem,44,322,-274.76788536396145
world_model_cem,44,323,-278.8421171632526
world_model_cem,44,324,-267.69558655110416
world_model_cem,44,325,-258.10913898144867
world_model_cem,44,326,-244.42991047942678
world_model_cem,44,327,-249.01016332613648
world_model_cem,44,328,-247.50717232943745
world_model_cem,44,329,-239.47467416630485
world_model_cem,44,330,-240.90647103396074
world_model_cem,44,331,-262.2210299737508
world_model_cem,44,332,-258.05914452290546
world_model_cem,44,333,-274.09843430114205
world_model_cem,44,334,-276.7697678281923
world_model_cem,44,335,-282.3191809606633
world_model_cem,44,336,-277.05251122861944
world_model_cem,44,337,-290.87224387326245
world_model_cem,44,338,-281.8598168656923
world_model_cem,44,339,-294.1097894571858
world_model_cem,44,340,-284.6441942216152
world_model_cem,44,341,-284.1094474333212
world_model_cem,44,342,-272.13770426814546
world_model_cem,44,343,-271.27754355839915
world_model_cem,44,344,-257.77247016502014
world_model_cem,44,345,-253.9589437280652
world_model_cem,44,346,-247.41252638908168
world_model_cem,44,347,-253.75043400652
world_model_cem,44,348,-240.1655680737748
world_model_cem,44,349,-241.68695219283052
world_model_cem,44,350,-255.96006289772384
world_model_cem,44,351,-258.21967069954985
world_model_cem,44,352,-264.93666497726093
world_model_cem,44,353,-275.8132685998153
world_model_cem,44,354,-288.52332889330773
world_model_cem,44,355,-287.6697113061256
world_model_cem,44,356,-291.2812165950805
world_model_cem,44,357,-290.5780193623674
world_model_cem,44,358,-288.22357746953844
world_model_cem,44,359,-285.1675472752707
world_model_cem,44,360,-281.7453582345485
world_model_cem,44,361,-276.6919383831725
world_model_cem,44,362,-284.8720576099969
world_model_cem,44,363,-283.8179766662666
world_model_cem,44,364,-276.473184207924
world_model_cem,44,365,-261.26770877269354
world_model_cem,44,366,-257.4817156295244
world_model_cem,44,367,-257.93275873707853
world_model_cem,44,368,-244.1392573274491
world_model_cem,44,369,-247.29950126168012
world_model_cem,44,370,-250.82053462458776
world_model_cem,44,371,-253.4347219800382
world_model_cem,44,372,-257.12747099268887
world_model_cem,44,373,-258.15266070420864
world_model_cem,44,374,-271.03427174996204
world_model_cem,44,375,-265.80158124791
world_model_cem,44,376,-274.1100995432993
world_model_cem,44,377,-280.48440289613427
world_model_cem,44,378,-284.83813295404923
world_model_cem,44,379,-280.2999255061706
world_model_cem,44,380,-282.54272686837874
world_model_cem,44,381,-285.6757558807009
world_model_cem,44,382,-275.1840816850612
world_model_cem,44,383,-267.7403240663665
world_model_cem,44,384,-266.56066825528694
world_model_cem,44,385,-258.50022077348586
world_model_cem,44,386,-260.8142629648476
world_model_cem,44,387,-253.66147531666957
world_model_cem,44,388,-248.67049750783502
world_model_cem,44,389,-255.41385158023712
world_model_cem,44,390,-252.03939964638295
world_model_cem,44,391,-259.78237138895565
world_model_cem,44,392,-263.75771375204397
world_model_cem,44,393,-265.5136457199566
world_model_cem,44,394,-273.39216760488114
world_model_cem,44,395,-285.5983416633225
world_model_cem,44,396,-288.956351264968
world_model_cem,44,397,-282.30144713141317
world_model_cem,44,398,-283.152586795258
world_model_cem,44,399,-285.7534467237981
world_model_cem,44,400,-289.67201727504397
world_model_cem,44,401,-281.00116741892106
world_model_cem,44,402,-282.20886170009203
world_model_cem,44,403,-289.07499889534654
world_model_cem,44,404,-276.2190173406249
world_model_cem,44,405,-268.7358701388726
world_model_cem,44,406,-252.61306576059195
world_model_cem,44,407,-254.5708702427033
world_model_cem,44,408,-244.45676047626011
world_model_cem,44,409,-247.98514475502998
world_model_cem,44,410,-254.6108914212852
world_model_cem,44,411,-239.20085479241916
world_model_cem,44,412,-252.25226467555788
world_model_cem,44,413,-259.84728834754173
world_model_cem,44,414,-253.35560205487803
world_model_cem,44,415,-278.7296363703672
world_model_cem,44,416,-271.69065671283084
world_model_cem,44,417,-281.09443436423396
world_model_cem,44,418,-280.7069584504131
world_model_cem,44,419,-278.03271602698635
world_model_cem,44,420,-276.5687266064199
world_model_cem,44,421,-287.1194118148595
world_model_cem,44,422,-278.70403355989197
world_model_cem,44,423,-273.6524360495026
world_model_cem,44,424,-258.5544192180243
world_model_cem,44,425,-263.26759780411544
world_model_cem,44,426,-255.24717196951758
world_model_cem,44,427,-250.86176157387186
world_model_cem,44,428,-246.73994074175084
world_model_cem,44,429,-239.6809092568948
world_model_cem,44,430,-255.3710014136953
world_model_cem,44,431,-260.2326610297553
world_model_cem,44,432,-257.752042689575
world_model_cem,44,433,-274.6976808189927
world_model_cem,44,434,-275.31516810509174
world_model_cem,44,435,-287.52417051890416
world_model_cem,44,436,-289.3010178754277
world_model_cem,44,437,-284.2880878911179
world_model_cem,44,438,-285.20784480059615
world_model_cem,44,439,-286.5000145438348
world_model_cem,44,440,-289.8515794612415
world_model_cem,44,441,-279.3057135691234
world_model_cem,44,442,-284.75752453944847
world_model_cem,44,443,-273.09051610712606
world_model_cem,44,444,-266.3104912611255
world_model_cem,44,445,-258.2547210542162
world_model_cem,44,446,-253.4394800126932
world_model_cem,44,447,-245.9767370629528
world_model_cem,44,448,-250.46369703149787
world_model_cem,44,449,-248.17503641139945
world_model_cem,44,450,-242.83297049999172
world_model_cem,44,451,-255.66637756461637
world_model_cem,44,452,-254.00868724252467
world_model_cem,44,453,-265.9547525689916
world_model_cem,44,454,-270.10642695016725
world_model_cem,44,455,-278.98457179175495
world_model_cem,44,456,-286.9204758147039
world_model_cem,44,457,-288.5586026609207
world_model_cem,44,458,-282.2355788242645
world_model_cem,44,459,-290.6661500621713
world_model_cem,44,460,-289.43404221008524
world_model_cem,44,461,-278.31380451933205
world_model_cem,44,462,-270.16695911178516
world_model_cem,44,463,-263.20192966772765
world_model_cem,44,464,-261.53869344770186
world_model_cem,44,465,-253.0965255449623
world_model_cem,44,466,-245.85072268944796
world_model_cem,44,467,-249.76455618347822
world_model_cem,44,468,-247.87802440694014
world_model_cem,44,469,-251.65756862019026
world_model_cem,44,470,-254.3811897122202
world_model_cem,44,471,-267.6123162676364
world_model_cem,44,472,-275.97228107896365
world_model_cem,44,473,-259.0874332333313
world_model_cem,44,474,-289.0601786348865
world_model_cem,44,475,-286.4263282466279
world_model_cem,44,476,-290.2606308642277
world_model_cem,44,477,-285.4017638389822
world_model_cem,44,478,-292.02743427325834
world_model_cem,44,479,-283.3189463533498
world_model_cem,44,480,-274.3304431095703
world_model_cem,44,481,-284.11169312213144
world_model_cem,44,482,-270.29232621688914
world_model_cem,44,483,-260.130406727197
world_model_cem,44,484,-253.52984222921646
world_model_cem,44,485,-253.34899946689973
world_model_cem,44,486,-242.74598383266567
world_model_cem,44,487,-243.17674552577944
world_model_cem,44,488,-250.2745549658888
world_model_cem,44,489,-251.25284160081867
world_model_cem,44,490,-250.16433053375584
world_model_cem,44,491,-254.41987974398137
world_model_cem,44,492,-265.51419727235236
world_model_cem,44,493,-273.93976266382936
world_model_cem,44,494,-284.0871845999008
world_model_cem,44,495,-286.8354481022397
world_model_cem,44,496,-290.0457303023518
world_model_cem,44,497,-282.4221718133947
world_model_cem,44,498,-280.0271230751862
world_model_cem,44,499,-286.78449119528847
world_model_cem,44,500,-284.95051916321313
world_model_cem,44,501,-281.6164694317709
world_model_cem,44,502,-267.56348041339515
world_model_cem,44,503,-261.015467550719
world_model_cem,44,504,-254.73343591223306
world_model_cem,44,505,-246.59154321000375
world_model_cem,44,506,-246.66153887240017
world_model_cem,44,507,-246.28156459138256
world_model_cem,44,508,-250.31270753242603
world_model_cem,44,509,-251.45072875412166
world_model_cem,44,510,-249.9301377695982
world_model_cem,44,511,-259.2835460729014
world_model_cem,44,512,-257.7717432929278
world_model_cem,44,513,-266.4334632217031
world_model_cem,44,514,-275.451062188188
world_model_cem,44,515,-284.6185005126738
world_model_cem,44,516,-290.57005982413557
world_model_cem,44,517,-283.3399253784611
world_model_cem,44,518,-277.51552825451876
world_model_cem,44,519,-287.24090319493064
world_model_cem,44,520,-267.6460785837743
world_model_cem,44,521,-267.3877962314273
world_model_cem,44,522,-265.1693491490955
world_model_cem,44,523,-262.2730742033172
world_model_cem,44,524,-254.3440291634077
world_model_cem,44,525,-249.14330804337928
world_model_cem,44,526,-234.0698816905316
world_model_cem,44,527,-248.51488934294167
world_model_cem,44,528,-245.50495933323094
world_model_cem,44,529,-260.38031012529194
world_model_cem,44,530,-263.4459976349725
world_model_cem,44,531,-273.08849789008286
world_model_cem,44,532,-287.2554527780418
world_model_cem,44,533,-285.5204539890366
world_model_cem,44,534,-281.6593771060523
world_model_cem,44,535,-285.85177497398286
world_model_cem,44,536,-294.4417171437155
world_model_cem,44,537,-282.671368181744
world_model_cem,44,538,-289.8606412301416
world_model_cem,44,539,-284.1023442820907
world_model_cem,44,540,-273.7034096015374
world_model_cem,44,541,-267.6632806467743
world_model_cem,44,542,-262.64455861470975
world_model_cem,44,543,-255.5185738357836
world_model_cem,44,544,-242.36484199401252
world_model_cem,44,545,-237.45913267556995
world_model_cem,44,546,-246.1364420431616
world_model_cem,44,547,-242.6429538966662
world_model_cem,44,548,-249.18398899344456
world_model_cem,44,549,-256.0446974499352
world_model_cem,44,550,-257.9193994577987
world_model_cem,44,551,-276.8357846139605
world_model_cem,44,552,-281.50277682607657
world_model_cem,44,553,-284.828105926037
world_model_cem,44,554,-288.441110083125
world_model_cem,44,555,-290.40600034849695
world_model_cem,44,556,-290.1601368109857
world_model_cem,44,557,-294.2423450745305
world_model_cem,44,558,-291.0152141765016
world_model_cem,44,559,-281.14167982097536
world_model_cem,44,560,-277.75672704147394
world_model_cem,44,561,-254.09999019989152
world_model_cem,44,562,-241.16456780072392
world_model_cem,44,563,-247.93163328743714
world_model_cem,44,564,-246.5284368528104
world_model_cem,44,565,-241.41444057093204
world_model_cem,44,566,-243.04494265035416
world_model_cem,44,567,-246.85200915509955
world_model_cem,44,568,-253.86824214234332
world_model_cem,44,569,-253.67448471405305
world_model_cem,44,570,-268.3111461989322
world_model_cem,44,571,-271.8955430046761
world_model_cem,44,572,-266.9933604860879
world_model_cem,44,573,-288.2494811929439
world_model_cem,44,574,-298.27071803225925
world_model_cem,44,575,-291.37078603604294
world_model_cem,44,576,-286.2559319024829
world_model_cem,44,577,-269.8559892581726
world_model_cem,44,578,-290.48461338515835
world_model_cem,44,579,-274.49016715840156
world_model_cem,44,580,-263.53421803864757
world_model_cem,44,581,-260.041776756843
world_model_cem,44,582,-253.25752672021994
world_model_cem,44,583,-242.90315633877142
world_model_cem,44,584,-241.046782437884
world_model_cem,44,585,-245.35303812798287
world_model_cem,44,586,-239.78601764496398
world_model_cem,44,587,-251.9041561058637
world_model_cem,44,588,-255.53894641464046
world_model_cem,44,589,-242.18204295156795
world_model_cem,44,590,-268.8493704846556
world_model_cem,44,591,-277.70871316741966
world_model_cem,44,592,-290.03576017927065
world_model_cem,44,593,-289.09888097017813
world_model_cem,44,594,-276.38460698479037
world_model_cem,44,595,-295.40899981018504
world_model_cem,44,596,-269.6313861613139
world_model_cem,44,597,-282.38446542751666
world_model_cem,44,598,-283.65265713802347
world_model_cem,44,599,-282.2123461093238
world_model_cem,44,600,-264.45760528078284
world_model_cem,44,601,-259.48544431546105
world_model_cem,44,602,-251.09951743501492
world_model_cem,44,603,-244.28891270236977
world_model_cem,44,604,-239.98798608307527
world_model_cem,44,605,-230.5697443910433
world_model_cem,44,606,-248.00228206372344
world_model_cem,44,607,-248.01231870697012
world_model_cem,44,608,-249.05552509412024
world_model_cem,44,609,-265.5396112110521
world_model_cem,44,610,-269.5611605380176
world_model_cem,44,611,-275.9128601724968
world_model_cem,44,612,-278.3417454400428
world_model_cem,44,613,-290.6895619789317
world_model_cem,44,614,-288.23388510233167
world_model_cem,44,615,-278.29191134708685
world_model_cem,44,616,-283.5793965699521
world_model_cem,44,617,-289.691642301186
world_model_cem,44,618,-272.07351652232035
world_model_cem,44,619,-276.62501626319045
world_model_cem,44,620,-265.323463632833
world_model_cem,44,621,-259.8268722626739
world_model_cem,44,622,-256.54515340494214
world_model_cem,44,623,-249.0833541488384
world_model_cem,44,624,-252.93263801837406
world_model_cem,44,625,-249.18173805233596
world_model_cem,44,626,-248.30148261588337
world_model_cem,44,627,-254.0297622093816
world_model_cem,44,628,-253.91912338136387
world_model_cem,44,629,-268.1250276907076
world_model_cem,44,630,-266.22015924901973
world_model_cem,44,631,-273.9861641332908
world_model_cem,44,632,-278.3395217692807
world_model_cem,44,633,-278.2165234210419
world_model_cem,44,634,-293.5823963072611
world_model_cem,44,635,-277.3393218029498
world_model_cem,44,636,-282.3449729771821
world_model_cem,44,637,-287.704684084155
world_model_cem,44,638,-289.4975007276121
world_model_cem,44,639,-263.3033496339009
world_model_cem,44,640,-265.71569774347006
world_model_cem,44,641,-258.3325754433521
world_model_cem,44,642,-255.16051038313634
world_model_cem,44,643,-245.74548877427932
world_model_cem,44,644,-245.69153580500628
world_model_cem,44,645,-246.8125963048336
world_model_cem,44,646,-235.52812783905966
world_model_cem,44,647,-241.24210107857795
world_model_cem,44,648,-254.0959763174107
world_model_cem,44,649,-262.8403217585419
world_model_cem,44,650,-274.17172079494026
world_model_cem,44,651,-282.0786829061287
world_model_cem,44,652,-286.2373875865876
world_model_cem,44,653,-283.29729776478655
world_model_cem,44,654,-292.7698556684301
world_model_cem,44,655,-289.0714396990484
world_model_cem,44,656,-287.59443388880345
world_model_cem,44,657,-294.8337447421211
world_model_cem,44,658,-295.4638553528093
world_model_cem,44,659,-284.86096122353456
world_model_cem,44,660,-286.20411750100675
world_model_cem,44,661,-277.8459758928634
world_model_cem,44,662,-269.2083852709214
world_model_cem,44,663,-266.30248430866914
world_model_cem,44,664,-254.04401579076477
world_model_cem,44,665,-248.72304365600993
world_model_cem,44,666,-247.11938043772523
world_model_cem,44,667,-253.01512464281925
world_model_cem,44,668,-248.7096434701806
world_model_cem,44,669,-248.68821068723685
world_model_cem,44,670,-248.0394991502999
world_model_cem,44,671,-260.84032652340306
world_model_cem,44,672,-257.1154978715033
world_model_cem,44,673,-275.83565921382655
world_model_cem,44,674,-269.6459080295082
world_model_cem,44,675,-276.9399816712683
world_model_cem,44,676,-285.69762741182467
world_model_cem,44,677,-284.61603717862204
world_model_cem,44,678,-287.98701982094445
world_model_cem,44,679,-287.7734572814719
world_model_cem,44,680,-279.526879680049
world_model_cem,44,681,-280.7747997366981
world_model_cem,44,682,-269.2569106933065
world_model_cem,44,683,-274.35430301383667
world_model_cem,44,684,-253.10712743116258
world_model_cem,44,685,-257.0774888206597
world_model_cem,44,686,-254.69720155274698
world_model_cem,44,687,-253.81012443610808
world_model_cem,44,688,-258.3750139720561
world_model_cem,44,689,-258.535685985549
world_model_cem,44,690,-267.585945503834
world_model_cem,44,691,-262.36799244286
world_model_cem,44,692,-278.89626620169673
world_model_cem,44,693,-281.4748904709793
world_model_cem,44,694,-282.549751204285
world_model_cem,44,695,-285.60966573342176
world_model_cem,44,696,-281.4045225496135
world_model_cem,44,697,-287.23552980736946
world_model_cem,44,698,-270.47468888669977
world_model_cem,44,699,-286.0895856874105
world_model_cem,44,700,-287.2518284023073
world_model_cem,44,701,-284.1944761168021
world_model_cem,44,702,-274.66722146336764
world_model_cem,44,703,-267.70352299591457
world_model_cem,44,704,-261.2777128700968
world_model_cem,44,705,-249.83858987536166
world_model_cem,44,706,-245.82935055938412
world_model_cem,44,707,-240.49619899218348
world_model_cem,44,708,-249.63215679942329
world_model_cem,44,709,-249.92832255685354
world_model_cem,44,710,-252.11550242509747
world_model_cem,44,711,-260.8986471137211
world_model_cem,44,712,-260.12234106933806
world_model_cem,44,713,-267.3199862854183
world_model_cem,44,714,-274.60711760186695
world_model_cem,44,715,-284.53964933832106
world_model_cem,44,716,-293.3717580290746
world_model_cem,44,717,-291.2072594020625
world_model_cem,44,718,-284.4452141533868
world_model_cem,44,719,-275.52747538308256
world_model_cem,44,720,-270.8941247281199
world_model_cem,44,721,-271.4346731924464
world_model_cem,44,722,-265.45340954700987
world_model_cem,44,723,-256.5927602689276
world_model_cem,44,724,-256.09796671547736
world_model_cem,44,725,-245.08688786451344
world_model_cem,44,726,-248.97954427943637
world_model_cem,44,727,-250.5348246602441
world_model_cem,44,728,-251.3538733568799
world_model_cem,44,729,-262.2700421375563
world_model_cem,44,730,-265.3035214264586
world_model_cem,44,731,-280.1782319153229
world_model_cem,44,732,-276.0574700479371
world_model_cem,44,733,-283.1154164692635
world_model_cem,44,734,-289.7810365952399
world_model_cem,44,735,-286.71565600602224
world_model_cem,44,736,-293.3099186762982
world_model_cem,44,737,-285.590365163618
world_model_cem,44,738,-290.2238867998052
world_model_cem,44,739,-271.2559279029416
world_model_cem,44,740,-273.7187515693084
world_model_cem,44,741,-264.1038915159077
world_model_cem,44,742,-259.4465975692964
world_model_cem,44,743,-249.76865678685246
world_model_cem,44,744,-243.72530343819855
world_model_cem,44,745,-246.35447988229393
world_model_cem,44,746,-253.17422173740945
world_model_cem,44,747,-253.88697181468157
world_model_cem,44,748,-257.0190442085601
world_model_cem,44,749,-257.4291313191917
world_model_cem,44,750,-269.0788297285213
world_model_cem,44,751,-278.5759427902711
world_model_cem,44,752,-285.7128033126303
world_model_cem,44,753,-292.2454844695376
world_model_cem,44,754,-286.8527874279377
world_model_cem,44,755,-292.548298866619
world_model_cem,44,756,-282.40309370863133
world_model_cem,44,757,-294.2647540405246
world_model_cem,44,758,-277.79432461217755
world_model_cem,44,759,-271.6278811884971
world_model_cem,44,760,-263.6212352662051
world_model_cem,44,761,-260.5480503370447
world_model_cem,44,762,-254.50088828883486
world_model_cem,44,763,-248.78835674312708
world_model_cem,44,764,-250.85470176068768
world_model_cem,44,765,-246.74818060637884
world_model_cem,44,766,-249.58413881504293
world_model_cem,44,767,-252.7415639752041
world_model_cem,44,768,-260.30100791327703
world_model_cem,44,769,-264.54651047253816
world_model_cem,44,770,-276.63815255795356
world_model_cem,44,771,-273.180412957656
world_model_cem,44,772,-279.67429692999633
world_model_cem,44,773,-289.2573034275388
world_model_cem,44,774,-280.3825600515431
world_model_cem,44,775,-269.59418519250886
world_model_cem,44,776,-286.16691230418536
world_model_cem,44,777,-280.87636370057777
world_model_cem,44,778,-268.6044108761603
world_model_cem,44,779,-262.291813367528
world_model_cem,44,780,-254.82009620474383
world_model_cem,44,781,-250.50469229150212
world_model_cem,44,782,-252.26943616282756
world_model_cem,44,783,-246.7300908758272
world_model_cem,44,784,-247.89138551819582
world_model_cem,44,785,-250.35045220771588
world_model_cem,44,786,-243.57115130713132
world_model_cem,44,787,-262.60554532961874
world_model_cem,44,788,-257.495877930589
world_model_cem,44,789,-284.3796280489894
world_model_cem,44,790,-290.88112248772427
world_model_cem,44,791,-289.4699643008302
world_model_cem,44,792,-286.34348409077927
world_model_cem,44,793,-276.40794676849373
world_model_cem,44,794,-292.21611539973065
world_model_cem,44,795,-291.14635463615207
world_model_cem,44,796,-283.24717084072626
world_model_cem,44,797,-288.4975673571411
world_model_cem,44,798,-279.99657582667203
world_model_cem,44,799,-278.49740884460834
world_model_cem,44,800,-271.0958225492866
world_model_cem,44,801,-260.5819876851804
world_model_cem,44,802,-255.53639015494167
world_model_cem,44,803,-245.74180713513994
world_model_cem,44,804,-247.54505412759434
world_model_cem,44,805,-243.54454601195943
world_model_cem,44,806,-246.5056621905161
world_model_cem,44,807,-251.98179008423594
world_model_cem,44,808,-247.92196380271932
world_model_cem,44,809,-259.2857992857853
world_model_cem,44,810,-264.99088271898614
world_model_cem,44,811,-272.6672350055969
world_model_cem,44,812,-271.4852024153648
world_model_cem,44,813,-281.1070205000087
world_model_cem,44,814,-287.1957586929437
world_model_cem,44,815,-276.17868137887643
world_model_cem,44,816,-287.90142870053177
world_model_cem,44,817,-279.27103481066456
world_model_cem,44,818,-270.54516794331937
world_model_cem,44,819,-273.32281506117374
world_model_cem,44,820,-265.6029180029541
world_model_cem,44,821,-256.7447884814631
world_model_cem,44,822,-254.78790258011924
world_model_cem,44,823,-247.2307221816332
world_model_cem,44,824,-242.17404305773647
world_model_cem,44,825,-242.72837827614163
world_model_cem,44,826,-252.42407684421033
world_model_cem,44,827,-261.59134455024014
world_model_cem,44,828,-268.6482847517568
world_model_cem,44,829,-260.85461767350563
world_model_cem,44,830,-281.87568875233444
world_model_cem,44,831,-283.6101810515192
world_model_cem,44,832,-286.90632006329747
world_model_cem,44,833,-287.96718545198684
world_model_cem,44,834,-292.3278333106224
world_model_cem,44,835,-285.4894497392286
world_model_cem,44,836,-287.93438164426374
world_model_cem,44,837,-280.90186258931715
world_model_cem,44,838,-276.75825537693606
world_model_cem,44,839,-272.1054781873548
world_model_cem,44,840,-266.3769678527042
world_model_cem,44,841,-255.88644094971474
world_model_cem,44,842,-244.49492413153786
world_model_cem,44,843,-240.33366619418535
world_model_cem,44,844,-240.38443483528692
world_model_cem,44,845,-243.50026758273347
world_model_cem,44,846,-251.28655853592377
world_model_cem,44,847,-253.31429904073838
world_model_cem,44,848,-258.53947959856856
world_model_cem,44,849,-260.0494564097358
world_model_cem,44,850,-278.30933023106206
world_model_cem,44,851,-288.61455489950697
world_model_cem,44,852,-289.6657675645238
world_model_cem,44,853,-278.5962852993433
world_model_cem,44,854,-279.2361578533262
world_model_cem,44,855,-289.2038777433869
world_model_cem,44,856,-288.5265361536628
world_model_cem,44,857,-278.5820782621139
world_model_cem,44,858,-269.06518240589577
world_model_cem,44,859,-250.0473337230645
world_model_cem,44,860,-256.82875424154565
world_model_cem,44,861,-251.39865630281238
world_model_cem,44,862,-242.31947444750858
world_model_cem,44,863,-246.18864326807108
world_model_cem,44,864,-251.7161704948276
world_model_cem,44,865,-250.9516896281529
world_model_cem,44,866,-255.09706085421567
world_model_cem,44,867,-255.11770733887346
world_model_cem,44,868,-265.85285172995833
world_model_cem,44,869,-262.154979970867
world_model_cem,44,870,-286.0834308465832
world_model_cem,44,871,-291.01355126759927
world_model_cem,44,872,-283.24189296064594
world_model_cem,44,873,-289.4740553326828
world_model_cem,44,874,-286.17003491453306
world_model_cem,44,875,-289.5546433659366
world_model_cem,44,876,-276.57183054522915
world_model_cem,44,877,-269.28947786260613
world_model_cem,44,878,-244.54430745868902
world_model_cem,44,879,-261.4633353359503
world_model_cem,44,880,-250.8894092389964
world_model_cem,44,881,-243.01516165649292
world_model_cem,44,882,-245.05276575553987
world_model_cem,44,883,-246.3935161806528
world_model_cem,44,884,-256.55933920565275
world_model_cem,44,885,-257.315439984312
world_model_cem,44,886,-247.8563289929001
world_model_cem,44,887,-260.8991591942947
world_model_cem,44,888,-287.01442290153136
world_model_cem,44,889,-274.5394511209871
world_model_cem,44,890,-284.5451203697081
world_model_cem,44,891,-292.98750908984607
world_model_cem,44,892,-291.2919321441324
world_model_cem,44,893,-284.724912461278
world_model_cem,44,894,-288.65472483313636
world_model_cem,44,895,-287.6284100791409
world_model_cem,44,896,-268.782551284921
world_model_cem,44,897,-267.9761900909762
world_model_cem,44,898,-263.7738273049354
world_model_cem,44,899,-255.5404143028564
world_model_cem,44,900,-253.50352941387604
world_model_cem,44,901,-244.338642854571
world_model_cem,44,902,-242.59639420436167
world_model_cem,44,903,-249.6102964537037
world_model_cem,44,904,-244.83047940838182
world_model_cem,44,905,-247.08705564662912
world_model_cem,44,906,-264.097908682891
world_model_cem,44,907,-275.92064230056314
world_model_cem,44,908,-280.78648547177835
world_model_cem,44,909,-286.53892540328303
world_model_cem,44,910,-281.4665240041949
world_model_cem,44,911,-289.7577138492243
world_model_cem,44,912,-268.97638581451304
world_model_cem,44,913,-283.2673488956648
world_model_cem,44,914,-289.86406489939566
world_model_cem,44,915,-270.8194166365287
world_model_cem,44,916,-267.6901896677068
world_model_cem,44,917,-268.5011771202943
world_model_cem,44,918,-254.42261649973355
world_model_cem,44,919,-243.80327215523337
world_model_cem,44,920,-241.07804593317678
world_model_cem,44,921,-251.83563369827695
world_model_cem,44,922,-249.65365513095196
world_model_cem,44,923,-246.54288840417348
world_model_cem,44,924,-248.11178457794645
world_model_cem,44,925,-261.07985689374544
world_model_cem,44,926,-268.35416361542855
world_model_cem,44,927,-264.6923087049697
world_model_cem,44,928,-284.153375857973
world_model_cem,44,929,-287.1574207211107
world_model_cem,44,930,-288.34769407175986
world_model_cem,44,931,-289.3909243633263
world_model_cem,44,932,-288.7652213835969
world_model_cem,44,933,-283.07348302634153
world_model_cem,44,934,-283.3410760896184
world_model_cem,44,935,-288.1872453946731
world_model_cem,44,936,-271.25643864366
world_model_cem,44,937,-259.89585918917834
world_model_cem,44,938,-252.72010771174888
world_model_cem,44,939,-254.5896082633451
world_model_cem,44,940,-250.10502094556838
world_model_cem,44,941,-247.29614481270514
world_model_cem,44,942,-243.52564060641907
world_model_cem,44,943,-253.46782555382933
world_model_cem,44,944,-251.82674584212262
world_model_cem,44,945,-259.94278139318834
world_model_cem,44,946,-268.0201146256586
world_model_cem,44,947,-272.9018416402588
world_model_cem,44,948,-272.7911747894011
world_model_cem,44,949,-271.03852137696396
world_model_cem,44,950,-291.34398637005825
world_model_cem,44,951,-289.7624647647327
world_model_cem,44,952,-264.78550085667825
world_model_cem,44,953,-285.5958383689121
world_model_cem,44,954,-284.89473471574837
world_model_cem,44,955,-276.8983635006969
world_model_cem,44,956,-273.4353732464988
world_model_cem,44,957,-275.6869480731443
world_model_cem,44,958,-261.51614440148677
world_model_cem,44,959,-259.87853379034925
world_model_cem,44,960,-255.4468986963839
world_model_cem,44,961,-251.4764543601573
world_model_cem,44,962,-245.74227151055481
world_model_cem,44,963,-251.97277073530307
world_model_cem,44,964,-247.45026651980723
world_model_cem,44,965,-249.583494320198
world_model_cem,44,966,-254.34509733035074
world_model_cem,44,967,-264.54924482100205
world_model_cem,44,968,-270.25569682527663
world_model_cem,44,969,-276.7090259976004
world_model_cem,44,970,-282.7117778586424
world_model_cem,44,971,-285.0461272648033
world_model_cem,44,972,-282.58753977974993
world_model_cem,44,973,-267.16226484949226
world_model_cem,44,974,-281.4172568882301
world_model_cem,44,975,-277.69738206276656
world_model_cem,44,976,-268.89523495399374
world_model_cem,44,977,-268.6494863380546
world_model_cem,44,978,-256.1300013252511
world_model_cem,44,979,-254.43288521604336
world_model_cem,44,980,-249.86157521939185
world_model_cem,44,981,-242.74285147579803
world_model_cem,44,982,-248.6112532738277
world_model_cem,44,983,-246.114724313794
world_model_cem,44,984,-257.21244165968307
world_model_cem,44,985,-264.656144537892
world_model_cem,44,986,-276.4431469307728
world_model_cem,44,987,-288.11133377987534
world_model_cem,44,988,-283.55613364296926
world_model_cem,44,989,-286.03338693566764
world_model_cem,44,990,-294.58057368572173
world_model_cem,44,991,-290.2783416216072
world_model_cem,44,992,-279.71013186951916
world_model_cem,44,993,-288.16784958468685
world_model_cem,44,994,-271.76734784399207
world_model_cem,44,995,-279.46839524711424
world_model_cem,44,996,-277.862262300753
world_model_cem,44,997,-279.8436925300923
world_model_cem,44,998,-276.72320075925956
world_model_cem,44,999,-271.32619041576913
world_model_cem,44,1000,-263.2990035291514
world_model_cem,45,1,-192.6160354242048
world_model_cem,45,2,-193.85665240780077
world_model_cem,45,3,-203.30406866174292
world_model_cem,45,4,-185.60605971661806
world_model_cem,45,5,-194.02852620304884
world_model_cem,45,6,-190.20343126485142
world_model_cem,45,7,-196.8154301102373
world_model_cem,45,8,-173.48844400080145
world_model_cem,45,9,-176.48882599879641
world_model_cem,45,10,-185.01580184168603
world_model_cem,45,11,-209.89449169398193
world_model_cem,45,12,-197.30349859556776
world_model_cem,45,13,-191.1126124683783
world_model_cem,45,14,-224.221348456329
world_model_cem,45,15,-197.16142059789115
world_model_cem,45,16,-215.66978898798789
world_model_cem,45,17,-253.58194898811252
world_model_cem,45,18,-252.7041062701547
world_model_cem,45,19,-314.1866980846254
world_model_cem,45,20,-269.55309896606093
world_model_cem,45,21,-320.897851161984
world_model_cem,45,22,-239.6827312164698
world_model_cem,45,23,-316.69805097286564
world_model_cem,45,24,-306.59002608777706
world_model_cem,45,25,-348.6410428116019
world_model_cem,45,26,-210.56696407212257
world_model_cem,45,27,-341.0527568742716
world_model_cem,45,28,-325.50710366562373
world_model_cem,45,29,-317.2079853592666
world_model_cem,45,30,-319.0482588037781
world_model_cem,45,31,-307.32772074273885
world_model_cem,45,32,-274.1850099745977
world_model_cem,45,33,-267.3931727621591
world_model_cem,45,34,-321.60776828254006
world_model_cem,45,35,-191.58527683526313
world_model_cem,45,36,-234.40177450175534
world_model_cem,45,37,-266.0788986398988
world_model_cem,45,38,-305.2626604491924
world_model_cem,45,39,-190.85729051230845
world_model_cem,45,40,-253.4247072252835
world_model_cem,45,41,-291.1420269659253
world_model_cem,45,42,-243.97828669478605
world_model_cem,45,43,-273.5090974519501
world_model_cem,45,44,-281.35514246863323
world_model_cem,45,45,-269.58421001303145
world_model_cem,45,46,-272.5867282036967
world_model_cem,45,47,-268.2375345851855
world_model_cem,45,48,-258.03567533898905
world_model_cem,45,49,-257.5774065869551
world_model_cem,45,50,-252.73517425888167
world_model_cem,45,51,-241.31391559775983
world_model_cem,45,52,-257.27281262160665
world_model_cem,45,53,-258.6598806649128
world_model_cem,45,54,-255.67127081570882
world_model_cem,45,55,-266.78489845108766
world_model_cem,45,56,-265.62592508814714
world_model_cem,45,57,-268.6473790298498
world_model_cem,45,58,-278.8389407059108
world_model_cem,45,59,-277.4545254181056
world_model_cem,45,60,-271.65250678652853
world_model_cem,45,61,-281.6603905748243
world_model_cem,45,62,-270.4548205161904
world_model_cem,45,63,-275.7827408393802
world_model_cem,45,64,-266.7421523035433
world_model_cem,45,65,-268.384141186282
world_model_cem,45,66,-266.49178252769764
world_model_cem,45,67,-250.26509771699432
world_model_cem,45,68,-254.2232099360996
world_model_cem,45,69,-254.5605287443388
world_model_cem,45,70,-242.68169077632334
world_model_cem,45,71,-250.57419517213583
world_model_cem,45,72,-256.8206513789587
world_model_cem,45,73,-258.2625825682317
world_model_cem,45,74,-264.0034909392556
world_model_cem,45,75,-266.6880788012964
world_model_cem,45,76,-278.2955888289589
world_model_cem,45,77,-286.82274622536363
world_model_cem,45,78,-290.2211758449929
world_model_cem,45,79,-286.0299244735502
world_model_cem,45,80,-289.7443747695388
world_model_cem,45,81,-284.1398848090357
world_model_cem,45,82,-276.53530873192335
world_model_cem,45,83,-273.52562054338904
world_model_cem,45,84,-264.80910789791574
world_model_cem,45,85,-252.22835819622324
world_model_cem,45,86,-253.87968057734537
world_model_cem,45,87,-251.06817634637764
world_model_cem,45,88,-245.8822430866064
world_model_cem,45,89,-247.12535719353937
world_model_cem,45,90,-247.96114711849236
world_model_cem,45,91,-256.23587200655055
world_model_cem,45,92,-257.6746292060502
world_model_cem,45,93,-267.70290064881374
world_model_cem,45,94,-270.47262739348264
world_model_cem,45,95,-285.4339637626418
world_model_cem,45,96,-288.9149169449602
world_model_cem,45,97,-285.97855609739463
world_model_cem,45,98,-290.0236868598258
world_model_cem,45,99,-288.9594871545347
world_model_cem,45,100,-291.48479682403047
world_model_cem,45,101,-292.7839918636388
world_model_cem,45,102,-277.47088093020267
world_model_cem,45,103,-278.12693913193533
world_model_cem,45,104,-270.12360789757633
world_model_cem,45,105,-275.53192447942183
world_model_cem,45,106,-267.22768673039576
world_model_cem,45,107,-257.5082854122994
world_model_cem,45,108,-249.63934846317363
world_model_cem,45,109,-256.2816597903882
world_model_cem,45,110,-251.43044695745002
world_model_cem,45,111,-235.9248828347878
world_model_cem,45,112,-249.671661605866
world_model_cem,45,113,-254.99570103020514
world_model_cem,45,114,-256.3349410592606
world_model_cem,45,115,-258.34345631838596
world_model_cem,45,116,-263.38093294928245
world_model_cem,45,117,-269.8498373188127
world_model_cem,45,118,-277.84600323970534
world_model_cem,45,119,-279.24167444317237
world_model_cem,45,120,-284.2488760882577
world_model_cem,45,121,-287.2095238282235
world_model_cem,45,122,-278.82713530208525
world_model_cem,45,123,-291.5568987282449
world_model_cem,45,124,-284.28461805312713
world_model_cem,45,125,-281.20217867062064
world_model_cem,45,126,-274.1650261146793
world_model_cem,45,127,-241.67572320983624
world_model_cem,45,128,-266.8911598769754
world_model_cem,45,129,-250.1458280712672
world_model_cem,45,130,-254.29038754066474
world_model_cem,45,131,-244.0816646716278
world_model_cem,45,132,-252.48359000911267
world_model_cem,45,133,-243.7596630999147
world_model_cem,45,134,-256.9529986320612
world_model_cem,45,135,-259.46100877490096
world_model_cem,45,136,-262.97609493458856
world_model_cem,45,137,-272.8069252666271
world_model_cem,45,138,-258.9519604369619
world_model_cem,45,139,-268.80082008405134
world_model_cem,45,140,-284.5511687393024
world_model_cem,45,141,-279.7131022006507
world_model_cem,45,142,-276.6118523294682
world_model_cem,45,143,-286.11943999280817
world_model_cem,45,144,-273.30783955347584
world_model_cem,45,145,-287.75308448386943
world_model_cem,45,146,-276.4917527804682
world_model_cem,45,147,-259.54560435974463
world_model_cem,45,148,-254.8186611867755
world_model_cem,45,149,-259.15594135189065
world_model_cem,45,150,-251.70493775170152
world_model_cem,45,151,-249.74285284269774
world_model_cem,45,152,-252.24705914073266
world_model_cem,45,153,-253.26490946574856
world_model_cem,45,154,-249.67076439601524
world_model_cem,45,155,-256.6461722340183
world_model_cem,45,156,-267.40525288765457
world_model_cem,45,157,-272.4497903389516
world_model_cem,45,158,-277.16405932139395
world_model_cem,45,159,-283.84769899142384
world_model_cem,45,160,-283.3028212259575
world_model_cem,45,161,-289.73072521992106
world_model_cem,45,162,-281.44373920402154
world_model_cem,45,163,-280.48604358073896
world_model_cem,45,164,-287.55147112562975
world_model_cem,45,165,-275.5895554950216
world_model_cem,45,166,-278.98888797382165
world_model_cem,45,167,-274.2230038752457
world_model_cem,45,168,-264.1940769987224
world_model_cem,45,169,-252.11818416627517
world_model_cem,45,170,-248.74472326332696
world_model_cem,45,171,-242.00062912114896
world_model_cem,45,172,-245.24035947124185
world_model_cem,45,173,-250.52345796076085
world_model_cem,45,174,-249.59444337897838
world_model_cem,45,175,-254.30324712337745
world_model_cem,45,176,-263.0255753601023
world_model_cem,45,177,-275.66163228942963
world_model_cem,45,178,-279.35829316059926
world_model_cem,45,179,-273.4953695122938
world_model_cem,45,180,-291.0300442486267
world_model_cem,45,181,-282.31830956774184
world_model_cem,45,182,-285.4154155038505
world_model_cem,45,183,-283.37930937447993
world_model_cem,45,184,-273.44479431792735
world_model_cem,45,185,-289.5054594610512
world_model_cem,45,186,-277.35995502801967
world_model_cem,45,187,-255.37542204148036
world_model_cem,45,188,-260.4264964416133
world_model_cem,45,189,-257.195610311424
world_model_cem,45,190,-247.38089299093062
world_model_cem,45,191,-241.2806177765084
world_model_cem,45,192,-241.4009223351614
world_model_cem,45,193,-246.4120687631955
world_model_cem,45,194,-257.3824707948497
world_model_cem,45,195,-251.64097515270296
world_model_cem,45,196,-267.39434382957
world_model_cem,45,197,-272.9263983653209
world_model_cem,45,198,-279.351506701329
world_model_cem,45,199,-289.77609950045616
world_model_cem,45,200,-292.64064546434565
world_model_cem,45,201,-291.190442359453
world_model_cem,45,202,-278.2634054353707
world_model_cem,45,203,-290.64196052329163
world_model_cem,45,204,-292.2366578284717
world_model_cem,45,205,-273.0962825246011
world_model_cem,45,206,-272.73544362530146
world_model_cem,45,207,-262.3680145096078
world_model_cem,45,208,-256.78038534858746
world_model_cem,45,209,-248.60421236301744
world_model_cem,45,210,-244.49672344361198
world_model_cem,45,211,-246.5293197428862
world_model_cem,45,212,-239.52288624516524
world_model_cem,45,213,-251.36262249234295
world_model_cem,45,214,-258.8606656807712
world_model_cem,45,215,-262.02552107590446
world_model_cem,45,216,-279.0954272234869
world_model_cem,45,217,-275.805390388899
world_model_cem,45,218,-277.5889993698355
world_model_cem,45,219,-286.5786298012179
world_model_cem,45,220,-290.91088541127647
world_model_cem,45,221,-293.2186659660881
world_model_cem,45,222,-287.4911824592486
world_model_cem,45,223,-285.9729222706835
world_model_cem,45,224,-285.6734876286332
world_model_cem,45,225,-279.1186247476054
world_model_cem,45,226,-277.2683450070946
world_model_cem,45,227,-272.4664592954429
world_model_cem,45,228,-270.3244703745764
world_model_cem,45,229,-262.7047662545899
world_model_cem,45,230,-259.48036381280343
world_model_cem,45,231,-252.79954072735643
world_model_cem,45,232,-249.70732101987352
world_model_cem,45,233,-252.19853610895262
world_model_cem,45,234,-253.30159272524537
world_model_cem,45,235,-251.0215744738616
world_model_cem,45,236,-257.1989906793018
world_model_cem,45,237,-251.21637602934862
world_model_cem,45,238,-256.51716073325326
world_model_cem,45,239,-271.86442726489986
world_model_cem,45,240,-278.05018065866244
world_model_cem,45,241,-280.3905727637271
world_model_cem,45,242,-281.7249092296191
world_model_cem,45,243,-276.92486448744387
world_model_cem,45,244,-277.00464375792063
world_model_cem,45,245,-261.55809981208034
world_model_cem,45,246,-267.38702915654596
world_model_cem,45,247,-259.4852078205459
world_model_cem,45,248,-254.88043912474288
world_model_cem,45,249,-251.07595129961652
world_model_cem,45,250,-253.02178843826712
world_model_cem,45,251,-250.4346518808238
world_model_cem,45,252,-252.8487192545094
world_model_cem,45,253,-256.28017379551414
world_model_cem,45,254,-272.5479668029812
world_model_cem,45,255,-282.21796676200455
world_model_cem,45,256,-278.52101317490053
world_model_cem,45,257,-288.44903443369645
world_model_cem,45,258,-282.6119513838752
world_model_cem,45,259,-287.8843503902548
world_model_cem,45,260,-292.49580064735073
world_model_cem,45,261,-294.0988503865634
world_model_cem,45,262,-292.3825564415349
world_model_cem,45,263,-290.45304324179955
world_model_cem,45,264,-282.6653275645654
world_model_cem,45,265,-269.0533660779208
world_model_cem,45,266,-262.4906532223601
world_model_cem,45,267,-243.77197828679448
world_model_cem,45,268,-245.31761256042284
world_model_cem,45,269,-241.66226444040439
world_model_cem,45,270,-243.72191179678072
world_model_cem,45,271,-244.2596506907908
world_model_cem,45,272,-251.22660318839803
world_model_cem,45,273,-255.87645042287943
world_model_cem,45,274,-258.44800237844504
world_model_cem,45,275,-268.95120773365517
world_model_cem,45,276,-280.85865135091
world_model_cem,45,277,-286.04401440096433
world_model_cem,45,278,-289.1883176857714
world_model_cem,45,279,-293.80786949858964
world_model_cem,45,280,-282.835214697998
world_model_cem,45,281,-289.8502363745211
world_model_cem,45,282,-289.6222688961948
world_model_cem,45,283,-276.98232378303027
world_model_cem,45,284,-268.54005241713367
world_model_cem,45,285,-262.2771265433922
world_model_cem,45,286,-259.5933603235063
world_model_cem,45,287,-251.20958615753977
world_model_cem,45,288,-247.34412422475322
world_model_cem,45,289,-247.49084135882254
world_model_cem,45,290,-247.73838659617724
world_model_cem,45,291,-252.1301237316431
world_model_cem,45,292,-254.35077123753103
world_model_cem,45,293,-260.13711967318955
world_model_cem,45,294,-263.5420022971216
world_model_cem,45,295,-279.4647182889849
world_model_cem,45,296,-278.24030643035746
world_model_cem,45,297,-277.16212802386576
world_model_cem,45,298,-297.4863064171293
world_model_cem,45,299,-286.2025041459725
world_model_cem,45,300,-281.54247003499177
world_model_cem,45,301,-277.21510628852786
world_model_cem,45,302,-282.8450129202554
world_model_cem,45,303,-282.1673305292328
world_model_cem,45,304,-276.16601087425454
world_model_cem,45,305,-276.5471293350084
world_model_cem,45,306,-276.3696529626568
world_model_cem,45,307,-262.7174374033432
world_model_cem,45,308,-266.16460302351686
world_model_cem,45,309,-243.03955794889316
world_model_cem,45,310,-254.38120366703816
world_model_cem,45,311,-254.87634265669195
world_model_cem,45,312,-251.67991581604755
world_model_cem,45,313,-254.43970140928568
world_model_cem,45,314,-252.57279488093167
world_model_cem,45,315,-261.7779271175638
world_model_cem,45,316,-264.5512859831954
world_model_cem,45,317,-250.41586501824838
world_model_cem,45,318,-267.26962121266854
world_model_cem,45,319,-276.33950801694795
world_model_cem,45,320,-281.40503196610035
world_model_cem,45,321,-284.03512336301117
world_model_cem,45,322,-272.5307698394251
world_model_cem,45,323,-284.6263046234817
world_model_cem,45,324,-274.13772478145177
world_model_cem,45,325,-268.9645665162508
world_model_cem,45,326,-264.79717449833595
world_model_cem,45,327,-255.4317121321161
world_model_cem,45,328,-255.65332071042016
world_model_cem,45,329,-254.83098386055434
world_model_cem,45,330,-257.9477684941054
world_model_cem,45,331,-257.7596189207324
world_model_cem,45,332,-260.9183566948187
world_model_cem,45,333,-262.4825603962854
world_model_cem,45,334,-266.2752545696559
world_model_cem,45,335,-267.3802752729638
world_model_cem,45,336,-280.0169562327712
world_model_cem,45,337,-283.42530024761675
world_model_cem,45,338,-284.14826374195445
world_model_cem,45,339,-294.2671849621266
world_model_cem,45,340,-294.5238164481219
world_model_cem,45,341,-290.0417359729152
world_model_cem,45,342,-282.00613545080876
world_model_cem,45,343,-286.11283678507317
world_model_cem,45,344,-286.54000746385435
world_model_cem,45,345,-282.37830024890434
world_model_cem,45,346,-263.9048237997273
world_model_cem,45,347,-266.20004743421526
world_model_cem,45,348,-259.37699195123673
world_model_cem,45,349,-254.44294342067388
world_model_cem,45,350,-253.36015877953264
world_model_cem,45,351,-251.18508585338998
world_model_cem,45,352,-248.26059250027885
world_model_cem,45,353,-246.39369262576508
world_model_cem,45,354,-251.09664887310245
world_model_cem,45,355,-255.11852907992244
world_model_cem,45,356,-269.08857353853926
world_model_cem,45,357,-261.4994697966431
world_model_cem,45,358,-259.803415869928
world_model_cem,45,359,-273.5501439712598
world_model_cem,45,360,-282.19217034762846
world_model_cem,45,361,-283.7554333005261
world_model_cem,45,362,-286.6675439634504
world_model_cem,45,363,-286.3444745685487
world_model_cem,45,364,-272.3880906104564
world_model_cem,45,365,-264.07437557546575
world_model_cem,45,366,-261.5220041118778
world_model_cem,45,367,-259.2843876468876
world_model_cem,45,368,-261.3067956841995
world_model_cem,45,369,-249.61546977569054
world_model_cem,45,370,-255.07722564990448
world_model_cem,45,371,-241.59247144000304
world_model_cem,45,372,-246.0622938355268
world_model_cem,45,373,-262.1701654136539
world_model_cem,45,374,-261.0523341360346
world_model_cem,45,375,-262.59933174280667
world_model_cem,45,376,-275.7161069861121
world_model_cem,45,377,-292.23258988221176
world_model_cem,45,378,-276.66283165048225
world_model_cem,45,379,-284.534312516186
world_model_cem,45,380,-297.5260671100148
world_model_cem,45,381,-294.69886047787185
world_model_cem,45,382,-286.4539460656009
world_model_cem,45,383,-283.6451098605706
world_model_cem,45,384,-278.17523297762307
world_model_cem,45,385,-278.00073833044246
world_model_cem,45,386,-283.59866015805625
world_model_cem,45,387,-279.7371457007742
world_model_cem,45,388,-280.9560598237169
world_model_cem,45,389,-269.77509365439937
world_model_cem,45,390,-271.8422380501646
world_model_cem,45,391,-285.6739046253265
world_model_cem,45,392,-275.1488479334162
world_model_cem,45,393,-269.47912723117526
world_model_cem,45,394,-280.7186512849177
world_model_cem,45,395,-293.2504109669316
world_model_cem,45,396,-286.2418825133543
world_model_cem,45,397,-286.7159310855328
world_model_cem,45,398,-269.50830548783244
world_model_cem,45,399,-287.9518938797409
world_model_cem,45,400,-287.1198438473946
world_model_cem,45,401,-285.8175544696839
world_model_cem,45,402,-277.36105531867247
world_model_cem,45,403,-273.280678632849
world_model_cem,45,404,-266.9227316426388
world_model_cem,45,405,-262.18860845705814
world_model_cem,45,406,-245.24945387021427
world_model_cem,45,407,-246.83261422880292
world_model_cem,45,408,-248.1666432516353
world_model_cem,45,409,-238.47237630097783
world_model_cem,45,410,-246.30818286503865
world_model_cem,45,411,-247.2870415284581
world_model_cem,45,412,-255.0382131065645
world_model_cem,45,413,-259.2134856096178
world_model_cem,45,414,-253.94514313567652
world_model_cem,45,415,-272.63825585613193
world_model_cem,45,416,-276.6336364569779
world_model_cem,45,417,-287.29982391086367
world_model_cem,45,418,-286.0670267725744
world_model_cem,45,419,-281.4236401322558
world_model_cem,45,420,-280.30399873828793
world_model_cem,45,421,-271.0882872190897
world_model_cem,45,422,-256.80774819851325
world_model_cem,45,423,-263.2020900426057
world_model_cem,45,424,-251.37374497943927
world_model_cem,45,425,-257.06471584538434
world_model_cem,45,426,-247.40896269492018
world_model_cem,45,427,-263.0077005383015
world_model_cem,45,428,-259.04639178708146
world_model_cem,45,429,-257.868476559099
world_model_cem,45,430,-272.32371099357823
world_model_cem,45,431,-279.3189459267617
world_model_cem,45,432,-291.7439078948583
world_model_cem,45,433,-284.1179406169297
world_model_cem,45,434,-290.67218159129516
world_model_cem,45,435,-292.07319631965146
world_model_cem,45,436,-287.7663735158212
world_model_cem,45,437,-290.75466699251785
world_model_cem,45,438,-281.3999472705322
world_model_cem,45,439,-285.76814295397276
world_model_cem,45,440,-274.0762275785744
world_model_cem,45,441,-272.88745040255503
world_model_cem,45,442,-274.9598918281448
world_model_cem,45,443,-253.23057816761377
world_model_cem,45,444,-247.1894388492385
world_model_cem,45,445,-254.46222041887128
world_model_cem,45,446,-246.53113044818895
world_model_cem,45,447,-248.68965286600059
world_model_cem,45,448,-242.28874733839723
world_model_cem,45,449,-234.96354875444578
world_model_cem,45,450,-255.9420355113588
world_model_cem,45,451,-258.3283889286663
world_model_cem,45,452,-257.5530077306039
world_model_cem,45,453,-272.3716623715312
world_model_cem,45,454,-278.0004371940489
world_model_cem,45,455,-278.9426248092268
world_model_cem,45,456,-283.2278596036091
world_model_cem,45,457,-291.0759770190019
world_model_cem,45,458,-285.5179260781509
world_model_cem,45,459,-288.0920094650922
world_model_cem,45,460,-275.68740477957624
world_model_cem,45,461,-270.9781411017376
world_model_cem,45,462,-261.76510367489294
world_model_cem,45,463,-262.6165822651576
world_model_cem,45,464,-255.4973978335884
world_model_cem,45,465,-247.794694070172
world_model_cem,45,466,-250.88310560310993
world_model_cem,45,467,-251.81335289321046
world_model_cem,45,468,-254.20736838606152
world_model_cem,45,469,-255.0902330630517
world_model_cem,45,470,-263.87954232167834
world_model_cem,45,471,-270.2931420644015
world_model_cem,45,472,-282.16216420696475
world_model_cem,45,473,-288.40310343425654
world_model_cem,45,474,-289.01243707414704
world_model_cem,45,475,-286.714926756665
world_model_cem,45,476,-288.9450841136281
world_model_cem,45,477,-290.4059459828393
world_model_cem,45,478,-290.7099016975731
world_model_cem,45,479,-288.229900163014
world_model_cem,45,480,-272.1981227046334
world_model_cem,45,481,-276.6215733766201
world_model_cem,45,482,-274.18371806518013
world_model_cem,45,483,-266.22633038203895
world_model_cem,45,484,-257.3841116243426
world_model_cem,45,485,-247.74409912615698
world_model_cem,45,486,-250.73114069839514
world_model_cem,45,487,-238.72300456784765
world_model_cem,45,488,-249.51619032138709
world_model_cem,45,489,-247.71925900740086
world_model_cem,45,490,-258.6032816271031
world_model_cem,45,491,-259.69821518925517
world_model_cem,45,492,-266.36451812947905
world_model_cem,45,493,-267.97495412007424
world_model_cem,45,494,-274.1270476944459
world_model_cem,45,495,-275.2064356891294
world_model_cem,45,496,-283.1552329012867
world_model_cem,45,497,-277.3369136481439
world_model_cem,45,498,-284.1487941799221
world_model_cem,45,499,-274.88158871967346
world_model_cem,45,500,-272.7766629964329
world_model_cem,45,501,-266.7370176724284
world_model_cem,45,502,-252.94249920227543
world_model_cem,45,503,-254.2057653693577
world_model_cem,45,504,-254.58030574721994
world_model_cem,45,505,-257.3299545559611
world_model_cem,45,506,-255.0539300507067
world_model_cem,45,507,-263.30278610603546
world_model_cem,45,508,-258.4425658294991
world_model_cem,45,509,-254.39907303332288
world_model_cem,45,510,-266.51820502556313
world_model_cem,45,511,-268.5593965331623
world_model_cem,45,512,-277.11127665931537
world_model_cem,45,513,-286.38193386382915
world_model_cem,45,514,-291.9365547516454
world_model_cem,45,515,-289.49694576979294
world_model_cem,45,516,-289.269030463882
world_model_cem,45,517,-285.75264514253183
world_model_cem,45,518,-281.94133607829747
world_model_cem,45,519,-275.20940088817457
world_model_cem,45,520,-273.62687997846024
world_model_cem,45,521,-262.87697416211887
world_model_cem,45,522,-260.58677882962746
world_model_cem,45,523,-245.76775870795973
world_model_cem,45,524,-235.49656346323482
world_model_cem,45,525,-243.78510677090003
world_model_cem,45,526,-244.55760486216923
world_model_cem,45,527,-245.9444856338509
world_model_cem,45,528,-257.02536587597433
world_model_cem,45,529,-270.36591812296024
world_model_cem,45,530,-261.60865406782466
world_model_cem,45,531,-283.3889773259493
world_model_cem,45,532,-286.5171747349138
world_model_cem,45,533,-289.8713075814098
world_model_cem,45,534,-291.59033157454303
world_model_cem,45,535,-274.5659491908233
world_model_cem,45,536,-287.2836749764489
world_model_cem,45,537,-270.7539737212884
world_model_cem,45,538,-278.0325726868388
world_model_cem,45,539,-266.3560322422687
world_model_cem,45,540,-259.4327252918307
world_model_cem,45,541,-248.0660494450441
world_model_cem,45,542,-252.40453513039571
world_model_cem,45,543,-245.22119554230423
world_model_cem,45,544,-244.80390491511474
world_model_cem,45,545,-254.58019595009782
world_model_cem,45,546,-247.86473348960234
world_model_cem,45,547,-255.01059276670617
world_model_cem,45,548,-265.81245808493327
world_model_cem,45,549,-281.58624262688465
world_model_cem,45,550,-287.0829927927417
world_model_cem,45,551,-287.48131733269827
world_model_cem,45,552,-293.2743545441232
world_model_cem,45,553,-287.6101178612578
world_model_cem,45,554,-286.8023634073141
world_model_cem,45,555,-281.8164789493487
world_model_cem,45,556,-293.42662536457385
world_model_cem,45,557,-281.14197079834827
world_model_cem,45,558,-272.46560703857983
world_model_cem,45,559,-262.69352188573816
world_model_cem,45,560,-262.18642605987066
world_model_cem,45,561,-251.46173358820408
world_model_cem,45,562,-250.25928737067647
world_model_cem,45,563,-244.85694129482363
world_model_cem,45,564,-251.38126399794007
world_model_cem,45,565,-247.40937243029876
world_model_cem,45,566,-250.21932386295376
world_model_cem,45,567,-254.90815694852458
world_model_cem,45,568,-264.4706560619492
world_model_cem,45,569,-264.87352599116724
world_model_cem,45,570,-265.19337898422
world_model_cem,45,571,-281.9680961050053
world_model_cem,45,572,-289.05448550610265
world_model_cem,45,573,-284.3772705158713
world_model_cem,45,574,-276.9887942338241
world_model_cem,45,575,-295.9662243609938
world_model_cem,45,576,-273.9202841462991
world_model_cem,45,577,-271.8944231209557
world_model_cem,45,578,-273.1357937765541
world_model_cem,45,579,-263.7621226191821
world_model_cem,45,580,-250.0893117710753
world_model_cem,45,581,-252.24024926121405
world_model_cem,45,582,-250.60366523594743
world_model_cem,45,583,-251.5833750430588
world_model_cem,45,584,-250.2969371402275
world_model_cem,45,585,-254.65650712094717
world_model_cem,45,586,-252.93011114529153
world_model_cem,45,587,-259.48862160133615
world_model_cem,45,588,-272.39110344395425
world_model_cem,45,589,-281.83107986420674
world_model_cem,45,590,-283.6494559098371
world_model_cem,45,591,-290.2827942366948
world_model_cem,45,592,-286.00573870878395
world_model_cem,45,593,-285.91088910341864
world_model_cem,45,594,-284.9450450137841
world_model_cem,45,595,-284.60728236783143
world_model_cem,45,596,-276.82230375485454
world_model_cem,45,597,-282.6182023386611
world_model_cem,45,598,-283.1937652652269
world_model_cem,45,599,-273.642909888104
world_model_cem,45,600,-267.8341801089634
world_model_cem,45,601,-263.08079525759507
world_model_cem,45,602,-256.1752178126636
world_model_cem,45,603,-244.55126736714445
world_model_cem,45,604,-239.329558030081
world_model_cem,45,605,-255.87402082062317
world_model_cem,45,606,-245.7291207984632
world_model_cem,45,607,-247.73989155613452
world_model_cem,45,608,-262.8017463733644
world_model_cem,45,609,-253.89346848633977
world_model_cem,45,610,-265.26268399936225
world_model_cem,45,611,-262.82995135727623
world_model_cem,45,612,-280.4811672263369
world_model_cem,45,613,-283.26716347340306
world_model_cem,45,614,-290.20640723650934
world_model_cem,45,615,-283.6489201923471
world_model_cem,45,616,-283.0206054211961
world_model_cem,45,617,-274.7035687151754
world_model_cem,45,618,-269.2989281205663
world_model_cem,45,619,-265.70101415861615
world_model_cem,45,620,-261.806322792555
world_model_cem,45,621,-243.34547793839502
world_model_cem,45,622,-252.04041397244833
world_model_cem,45,623,-252.5019550942347
world_model_cem,45,624,-245.20499069954752
world_model_cem,45,625,-244.14859952133523
world_model_cem,45,626,-256.1454897638962
world_model_cem,45,627,-267.39531485721864
world_model_cem,45,628,-270.1635832798206
world_model_cem,45,629,-268.86968223297913
world_model_cem,45,630,-277.47062019212837
world_model_cem,45,631,-290.4772345841027
world_model_cem,45,632,-287.43989700113355
world_model_cem,45,633,-290.628129345761
world_model_cem,45,634,-290.2901230510887
world_model_cem,45,635,-287.6389708465971
world_model_cem,45,636,-282.918725215038
world_model_cem,45,637,-261.7969062111207
world_model_cem,45,638,-262.11452857184884
world_model_cem,45,639,-262.85792906924456
world_model_cem,45,640,-259.81427173572314
world_model_cem,45,641,-256.6135878169947
world_model_cem,45,642,-248.69961546289056
world_model_cem,45,643,-240.2110170835386
world_model_cem,45,644,-241.16580148273337
world_model_cem,45,645,-242.89558017124676
world_model_cem,45,646,-251.61488253841753
world_model_cem,45,647,-258.1644790772739
world_model_cem,45,648,-269.1579516676515
world_model_cem,45,649,-266.9975717971698
world_model_cem,45,650,-285.1700332816893
world_model_cem,45,651,-287.05263479456715
world_model_cem,45,652,-295.17394073959986
world_model_cem,45,653,-289.04410613661764
world_model_cem,45,654,-288.8255878775034
world_model_cem,45,655,-283.88683931624126
world_model_cem,45,656,-289.73603756001387
world_model_cem,45,657,-278.80489416735617
world_model_cem,45,658,-280.9705962483151
world_model_cem,45,659,-270.4752417316192
world_model_cem,45,660,-267.5998031090855
world_model_cem,45,661,-262.6588458444488
world_model_cem,45,662,-248.17222018966288
world_model_cem,45,663,-253.22342123397044
world_model_cem,45,664,-242.69584565864764
world_model_cem,45,665,-248.64901094542574
world_model_cem,45,666,-247.68961914861794
world_model_cem,45,667,-243.16517535694993
world_model_cem,45,668,-257.76689554889595
world_model_cem,45,669,-262.88901676159384
world_model_cem,45,670,-265.63834317913586
world_model_cem,45,671,-269.6526102795324
world_model_cem,45,672,-277.5361104966226
world_model_cem,45,673,-280.9937016777488
world_model_cem,45,674,-285.2260141660999
world_model_cem,45,675,-290.66255638255586
world_model_cem,45,676,-289.4565327447806
world_model_cem,45,677,-281.7409097472365
world_model_cem,45,678,-272.89042063783364
world_model_cem,45,679,-264.0903860653218
world_model_cem,45,680,-260.7177778345831
world_model_cem,45,681,-257.1002779353337
world_model_cem,45,682,-254.19738718576008
world_model_cem,45,683,-249.67973812149984
world_model_cem,45,684,-254.6264746675741
world_model_cem,45,685,-255.93967472241945
world_model_cem,45,686,-261.8494685287883
world_model_cem,45,687,-266.3457152865165
world_model_cem,45,688,-272.8519698197426
world_model_cem,45,689,-283.0171650887418
world_model_cem,45,690,-285.72241331834636
world_model_cem,45,691,-288.0054119267297
world_model_cem,45,692,-294.6314094542307
world_model_cem,45,693,-290.0431922545527
world_model_cem,45,694,-277.48239618812545
world_model_cem,45,695,-285.577249320086
world_model_cem,45,696,-292.83184633364283
world_model_cem,45,697,-270.3764719882628
world_model_cem,45,698,-280.19598880718127
world_model_cem,45,699,-266.7657645193939
world_model_cem,45,700,-265.16556325682296
world_model_cem,45,701,-241.60038474643557
world_model_cem,45,702,-250.18829767237156
world_model_cem,45,703,-243.00871293712692
world_model_cem,45,704,-244.45575596380286
world_model_cem,45,705,-244.39619758120796
world_model_cem,45,706,-249.41943658328057
world_model_cem,45,707,-259.6156446400774
world_model_cem,45,708,-256.56243601498454
world_model_cem,45,709,-270.41250571615484
world_model_cem,45,710,-278.07766064043415
world_model_cem,45,711,-286.0555959015484
world_model_cem,45,712,-281.7178777757957
world_model_cem,45,713,-277.2890369432074
world_model_cem,45,714,-288.9182671479681
world_model_cem,45,715,-281.8768152269744
world_model_cem,45,716,-275.5228902720004
world_model_cem,45,717,-262.8645762122062
world_model_cem,45,718,-259.9668783866889
world_model_cem,45,719,-257.9581607379658
world_model_cem,45,720,-244.27566185764988
world_model_cem,45,721,-251.04035910368987
world_model_cem,45,722,-248.5629576207187
world_model_cem,45,723,-242.44650855879894
world_model_cem,45,724,-259.73376941974436
world_model_cem,45,725,-261.1221117189595
world_model_cem,45,726,-269.477914640844
world_model_cem,45,727,-273.1698444945592
world_model_cem,45,728,-288.2897429030338
world_model_cem,45,729,-294.6997671630878
world_model_cem,45,730,-294.738122835284
world_model_cem,45,731,-291.6550599794812
world_model_cem,45,732,-281.79545294919865
world_model_cem,45,733,-293.9684000939744
world_model_cem,45,734,-288.6637278533864
world_model_cem,45,735,-286.29235521824927
world_model_cem,45,736,-272.403576852276
world_model_cem,45,737,-276.9369445174473
world_model_cem,45,738,-276.5980993128949
world_model_cem,45,739,-272.83055497757186
world_model_cem,45,740,-276.427370874582
world_model_cem,45,741,-276.22419161602863
world_model_cem,45,742,-274.5484276716385
world_model_cem,45,743,-275.28621776457544
world_model_cem,45,744,-280.3097394090161
world_model_cem,45,745,-278.15118568949543
world_model_cem,45,746,-285.922730238094
world_model_cem,45,747,-293.5850131972992
world_model_cem,45,748,-294.4532777431919
world_model_cem,45,749,-290.6201139532654
world_model_cem,45,750,-280.7611097569389
world_model_cem,45,751,-272.4252839205168
world_model_cem,45,752,-282.72457318321506
world_model_cem,45,753,-280.3467127257987
world_model_cem,45,754,-279.86373604747394
world_model_cem,45,755,-268.7776288079947
world_model_cem,45,756,-266.20879838301084
world_model_cem,45,757,-266.0042245989696
world_model_cem,45,758,-259.86338382855496
world_model_cem,45,759,-261.7372503267661
world_model_cem,45,760,-246.9757977074724
world_model_cem,45,761,-249.06604283537837
world_model_cem,45,762,-246.60992557164818
world_model_cem,45,763,-241.93352036080955
world_model_cem,45,764,-245.2511422099037
world_model_cem,45,765,-233.44856040024123
world_model_cem,45,766,-259.0847246919776
world_model_cem,45,767,-260.97471811071205
world_model_cem,45,768,-262.92079751799065
world_model_cem,45,769,-273.78475748368857
world_model_cem,45,770,-286.21495937261705
world_model_cem,45,771,-285.33826384045096
world_model_cem,45,772,-280.33047628244793
world_model_cem,45,773,-272.8423914949243
world_model_cem,45,774,-273.3085321091444
world_model_cem,45,775,-268.2145222385649
world_model_cem,45,776,-272.68198612518205
world_model_cem,45,777,-264.5510035218699
world_model_cem,45,778,-256.40380786663724
world_model_cem,45,779,-260.8142128396484
world_model_cem,45,780,-259.47696662635315
world_model_cem,45,781,-255.974866965596
world_model_cem,45,782,-262.46454709284694
world_model_cem,45,783,-268.3800558094907
world_model_cem,45,784,-261.4797715986165
world_model_cem,45,785,-268.0135986969355
world_model_cem,45,786,-276.8443703517863
world_model_cem,45,787,-288.4537176561404
world_model_cem,45,788,-276.8472075714801
world_model_cem,45,789,-290.41045415745884
world_model_cem,45,790,-287.0289239760851
world_model_cem,45,791,-286.84049890225145
world_model_cem,45,792,-290.4601125414002
world_model_cem,45,793,-285.89057892692364
world_model_cem,45,794,-278.49341099215707
world_model_cem,45,795,-279.1493285749266
world_model_cem,45,796,-278.0278084161142
world_model_cem,45,797,-266.6134775999815
world_model_cem,45,798,-245.53297933828003
world_model_cem,45,799,-254.5232915097112
world_model_cem,45,800,-249.0902421183032
world_model_cem,45,801,-234.67434788027967
world_model_cem,45,802,-248.7355752778968
world_model_cem,45,803,-245.68097956339773
world_model_cem,45,804,-254.05432036792487
world_model_cem,45,805,-259.68723638825264
world_model_cem,45,806,-265.3031641821966
world_model_cem,45,807,-264.14853883434967
world_model_cem,45,808,-275.3978474518759
world_model_cem,45,809,-283.61479343176103
world_model_cem,45,810,-288.1510140989896
world_model_cem,45,811,-287.4695767704387
world_model_cem,45,812,-283.0854700284689
world_model_cem,45,813,-288.30326914721445
world_model_cem,45,814,-284.7724352595417
world_model_cem,45,815,-274.55884342471336
world_model_cem,45,816,-260.05457040062356
world_model_cem,45,817,-258.0601030136002
world_model_cem,45,818,-264.2855232855331
world_model_cem,45,819,-253.50311984102365
world_model_cem,45,820,-237.06792517402394
world_model_cem,45,821,-247.86881328073105
world_model_cem,45,822,-252.49922274163944
world_model_cem,45,823,-259.4436453569976
world_model_cem,45,824,-259.83710244706384
world_model_cem,45,825,-259.4697710586281
world_model_cem,45,826,-275.89265327311375
world_model_cem,45,827,-276.395661859407
world_model_cem,45,828,-290.1872194174874
world_model_cem,45,829,-281.4884575700665
world_model_cem,45,830,-284.0482249512695
world_model_cem,45,831,-285.17865500561345
world_model_cem,45,832,-278.7365061549423
world_model_cem,45,833,-287.15322848188555
world_model_cem,45,834,-280.9559796688694
world_model_cem,45,835,-286.3769306638595
world_model_cem,45,836,-264.2638227640849
world_model_cem,45,837,-262.61253695050254
world_model_cem,45,838,-261.9069642769555
world_model_cem,45,839,-253.46363322597682
world_model_cem,45,840,-251.5559868520485
world_model_cem,45,841,-247.420932849957
world_model_cem,45,842,-239.74382189499522
world_model_cem,45,843,-249.67324981590008
world_model_cem,45,844,-240.44261675119003
world_model_cem,45,845,-252.57544587325182
world_model_cem,45,846,-259.55598524962
world_model_cem,45,847,-258.9256944160426
world_model_cem,45,848,-272.80827131896297
world_model_cem,45,849,-275.94217921505543
world_model_cem,45,850,-284.27023652035564
world_model_cem,45,851,-279.2487240158486
world_model_cem,45,852,-282.91367728296495
world_model_cem,45,853,-286.8835829220643
world_model_cem,45,854,-283.6168586470311
world_model_cem,45,855,-283.9227084031783
world_model_cem,45,856,-278.06647310031866
world_model_cem,45,857,-267.3875169988863
world_model_cem,45,858,-253.82463508878732
world_model_cem,45,859,-256.43276975974135
world_model_cem,45,860,-256.19414012077334
world_model_cem,45,861,-250.32555710621335
world_model_cem,45,862,-245.87107694670442
world_model_cem,45,863,-249.10136451017252
world_model_cem,45,864,-250.02302244130092
world_model_cem,45,865,-255.73037811735335
world_model_cem,45,866,-249.58067182366085
world_model_cem,45,867,-266.84901754433486
world_model_cem,45,868,-268.2837069389841
world_model_cem,45,869,-278.80709295814364
world_model_cem,45,870,-276.1454819707965
world_model_cem,45,871,-294.91062267879136
world_model_cem,45,872,-287.5464132640405
world_model_cem,45,873,-281.689782201902
world_model_cem,45,874,-287.0821175597811
world_model_cem,45,875,-273.90724529303975
world_model_cem,45,876,-269.9997422650874
world_model_cem,45,877,-264.68318389875753
world_model_cem,45,878,-263.09030613080375
world_model_cem,45,879,-252.25733029793054
world_model_cem,45,880,-246.93248773073532
world_model_cem,45,881,-249.74955405788478
world_model_cem,45,882,-245.230007808814
world_model_cem,45,883,-251.7194265361693
world_model_cem,45,884,-252.10391233823484
world_model_cem,45,885,-269.24091219854876
world_model_cem,45,886,-276.0939136194076
world_model_cem,45,887,-282.39527716218885
world_model_cem,45,888,-274.43728953926313
world_model_cem,45,889,-282.72769447935144
world_model_cem,45,890,-278.5309001183356
world_model_cem,45,891,-285.5055768544274
world_model_cem,45,892,-290.14280923136096
world_model_cem,45,893,-284.62835770312813
world_model_cem,45,894,-284.95771250496716
world_model_cem,45,895,-267.7001120600898
world_model_cem,45,896,-271.85224767711054
world_model_cem,45,897,-257.1529890844875
world_model_cem,45,898,-252.2347152789452
world_model_cem,45,899,-246.39793877740405
world_model_cem,45,900,-245.3506764883429
world_model_cem,45,901,-247.41739996436445
world_model_cem,45,902,-246.92468317378246
world_model_cem,45,903,-258.2422814281235
world_model_cem,45,904,-260.4954489759633
world_model_cem,45,905,-254.61385847655004
world_model_cem,45,906,-269.46055428041706
world_model_cem,45,907,-277.9706592205167
world_model_cem,45,908,-284.90916086783574
world_model_cem,45,909,-288.96124575927166
world_model_cem,45,910,-288.37909875160506
world_model_cem,45,911,-284.2757787618711
world_model_cem,45,912,-287.229569650497
world_model_cem,45,913,-280.75605910659726
world_model_cem,45,914,-276.9684625343149
world_model_cem,45,915,-272.6837821789231
world_model_cem,45,916,-253.53236733152917
world_model_cem,45,917,-250.32040960385297
world_model_cem,45,918,-250.1313302866976
world_model_cem,45,919,-243.38117120214807
world_model_cem,45,920,-251.26962782300333
world_model_cem,45,921,-249.03715940310082
world_model_cem,45,922,-253.02635664567725
world_model_cem,45,923,-268.586408334167
world_model_cem,45,924,-271.14712843236737
world_model_cem,45,925,-283.11628318190253
world_model_cem,45,926,-282.92386106465983
world_model_cem,45,927,-276.34393983049614
world_model_cem,45,928,-291.7946105887479
world_model_cem,45,929,-290.7830170974145
world_model_cem,45,930,-282.4386195337699
world_model_cem,45,931,-281.07863562624556
world_model_cem,45,932,-278.3566560483756
world_model_cem,45,933,-277.9291931710691
world_model_cem,45,934,-259.6700469047173
world_model_cem,45,935,-248.48137825025006
world_model_cem,45,936,-259.97755041112566
world_model_cem,45,937,-243.68097530016414
world_model_cem,45,938,-250.19697511235333
world_model_cem,45,939,-246.92187289934355
world_model_cem,45,940,-245.75928340648338
world_model_cem,45,941,-248.35887811918244
world_model_cem,45,942,-255.65998919459798
world_model_cem,45,943,-263.40155570321934
world_model_cem,45,944,-268.9065772394204
world_model_cem,45,945,-270.7974874305953
world_model_cem,45,946,-283.85051962172577
world_model_cem,45,947,-288.61436467443605
world_model_cem,45,948,-289.0099349962824
world_model_cem,45,949,-284.9171174102578
world_model_cem,45,950,-288.82329060790323
world_model_cem,45,951,-275.68429444961185
world_model_cem,45,952,-258.78127852569634
world_model_cem,45,953,-260.23931945259665
world_model_cem,45,954,-263.7983175666568
world_model_cem,45,955,-255.01023000298784
world_model_cem,45,956,-245.7588238639754
world_model_cem,45,957,-249.40571875187788
world_model_cem,45,958,-248.4153233941253
world_model_cem,45,959,-245.91860629612796
world_model_cem,45,960,-254.4802517780925
world_model_cem,45,961,-261.20479119153595
world_model_cem,45,962,-269.1276222285103
world_model_cem,45,963,-277.5861857353604
world_model_cem,45,964,-276.07063828226103
world_model_cem,45,965,-288.3238509045515
world_model_cem,45,966,-301.380461434298
world_model_cem,45,967,-293.7917861999764
world_model_cem,45,968,-279.72165917498285
world_model_cem,45,969,-283.9124521388547
world_model_cem,45,970,-291.21119091203934
world_model_cem,45,971,-286.054740469261
world_model_cem,45,972,-284.3283327943214
world_model_cem,45,973,-270.9678290156596
world_model_cem,45,974,-268.7648516101879
world_model_cem,45,975,-259.1367025219674
world_model_cem,45,976,-258.0248892348069
world_model_cem,45,977,-245.64815315001323
world_model_cem,45,978,-250.06597069215545
world_model_cem,45,979,-241.21855750750234
world_model_cem,45,980,-238.7452685921747
world_model_cem,45,981,-243.71067068825164
world_model_cem,45,982,-262.0504483576031
world_model_cem,45,983,-262.6243010431805
world_model_cem,45,984,-261.83116072399156
world_model_cem,45,985,-268.5233671546993
world_model_cem,45,986,-279.58692324762774
world_model_cem,45,987,-272.8190046805811
world_model_cem,45,988,-282.23799214444637
world_model_cem,45,989,-276.7397586562347
world_model_cem,45,990,-282.80226877129985
world_model_cem,45,991,-273.54177030853987
world_model_cem,45,992,-271.6148253731
world_model_cem,45,993,-266.2049476342768
world_model_cem,45,994,-258.99477573591184
world_model_cem,45,995,-246.51851545711497
world_model_cem,45,996,-254.268779973542
world_model_cem,45,997,-248.71103726467751
world_model_cem,45,998,-248.5360192994202
world_model_cem,45,999,-258.9581634252563
world_model_cem,45,1000,-261.4557998824067
world_model_cem,46,1,-201.08694555355055
world_model_cem,46,2,-193.32581382593173
world_model_cem,46,3,-203.93966955121024
world_model_cem,46,4,-201.37588292311878
world_model_cem,46,5,-197.2982841002414
world_model_cem,46,6,-180.4518948689685
world_model_cem,46,7,-187.68448664586384
world_model_cem,46,8,-176.0783091347521
world_model_cem,46,9,-175.3713100559778
world_model_cem,46,10,-192.51284020139076
world_model_cem,46,11,-195.49974588214593
world_model_cem,46,12,-216.05350690515868
world_model_cem,46,13,-224.48285891392433
world_model_cem,46,14,-212.10354766217722
world_model_cem,46,15,-228.18014845807244
world_model_cem,46,16,-273.2288253917061
world_model_cem,46,17,-311.54029226164664
world_model_cem,46,18,-270.0761386566664
world_model_cem,46,19,-297.9421187085588
world_model_cem,46,20,-323.95245296536564
world_model_cem,46,21,-342.3928243171332
world_model_cem,46,22,-348.3911614508286
world_model_cem,46,23,-231.48556794974098
world_model_cem,46,24,-196.19917814145384
world_model_cem,46,25,-299.0843641785465
world_model_cem,46,26,-271.64470647331905
world_model_cem,46,27,-193.97379602641806
world_model_cem,46,28,-309.5861666632146
world_model_cem,46,29,-189.76126830311156
world_model_cem,46,30,-300.42836754993294
world_model_cem,46,31,-304.748171938164
world_model_cem,46,32,-296.3224313143671
world_model_cem,46,33,-267.5840499608193
world_model_cem,46,34,-258.53684488494923
world_model_cem,46,35,-299.6573782501831
world_model_cem,46,36,-171.4421380130343
world_model_cem,46,37,-298.7692336546787
world_model_cem,46,38,-297.6184183793841
world_model_cem,46,39,-286.6363728357103
world_model_cem,46,40,-272.4161943290287
world_model_cem,46,41,-272.655623353644
world_model_cem,46,42,-273.5347206512702
world_model_cem,46,43,-273.30375787768554
world_model_cem,46,44,-286.0469062526604
world_model_cem,46,45,-273.200870092183
world_model_cem,46,46,-264.0968160927209
world_model_cem,46,47,-269.34540782980116
world_model_cem,46,48,-273.0481407782208
world_model_cem,46,49,-269.14351246824367
world_model_cem,46,50,-257.71965125438766
world_model_cem,46,51,-254.67964693275468
world_model_cem,46,52,-250.6966468883126
world_model_cem,46,53,-241.34383037729197
world_model_cem,46,54,-249.21681240898772
world_model_cem,46,55,-242.7797047444056
world_model_cem,46,56,-253.20137052384746
world_model_cem,46,57,-249.9294611276774
world_model_cem,46,58,-243.51171103728484
world_model_cem,46,59,-260.1057635695141
world_model_cem,46,60,-259.59764353181953
world_model_cem,46,61,-266.29470330399863
world_model_cem,46,62,-273.666554183903
world_model_cem,46,63,-284.03653032355567
world_model_cem,46,64,-284.9819114642528
world_model_cem,46,65,-297.51544362033013
world_model_cem,46,66,-291.03788088929514
world_model_cem,46,67,-302.02917990360766
world_model_cem,46,68,-294.48810103840907
world_model_cem,46,69,-294.6585949682624
world_model_cem,46,70,-293.46432706171834
world_model_cem,46,71,-290.45541545892655
world_model_cem,46,72,-285.4008259630733
world_model_cem,46,73,-284.3637672196654
world_model_cem,46,74,-282.96324694817565
world_model_cem,46,75,-274.84466791610544
world_model_cem,46,76,-281.30602419673244
world_model_cem,46,77,-279.51794016738506
world_model_cem,46,78,-281.14013657815246
world_model_cem,46,79,-276.97461229696177
world_model_cem,46,80,-276.718530953346
world_model_cem,46,81,-280.8410081677837
world_model_cem,46,82,-273.04974765027646
world_model_cem,46,83,-280.18661266239724
world_model_cem,46,84,-270.46582018434754
world_model_cem,46,85,-274.3942984374434
world_model_cem,46,86,-279.33518047923576
world_model_cem,46,87,-268.169967365928
world_model_cem,46,88,-261.5552245337999
world_model_cem,46,89,-271.6305428769661
world_model_cem,46,90,-267.24012772870145
world_model_cem,46,91,-262.1691520230638
world_model_cem,46,92,-271.1792777980128
world_model_cem,46,93,-266.57833120923806
world_model_cem,46,94,-266.47980835671564
world_model_cem,46,95,-252.25348125743736
world_model_cem,46,96,-260.0483106533089
world_model_cem,46,97,-254.56653778536662
world_model_cem,46,98,-247.77695723743693
world_model_cem,46,99,-262.1464604914625
world_model_cem,46,100,-257.1551255574369
world_model_cem,46,101,-255.7026356521951
world_model_cem,46,102,-265.00154431379997
world_model_cem,46,103,-262.7489040941973
world_model_cem,46,104,-270.1744303053567
world_model_cem,46,105,-274.1390463950455
world_model_cem,46,106,-276.87053974883025
world_model_cem,46,107,-268.2077019688548
world_model_cem,46,108,-259.8622778075046
world_model_cem,46,109,-264.5271799438934
world_model_cem,46,110,-247.43117232365992
world_model_cem,46,111,-259.1285619926224
world_model_cem,46,112,-265.4714866200565
world_model_cem,46,113,-261.7557383361896
world_model_cem,46,114,-255.32013393285325
world_model_cem,46,115,-254.6470592455617
world_model_cem,46,116,-245.62133190321666
world_model_cem,46,117,-266.26468274337276
world_model_cem,46,118,-267.0436249434388
world_model_cem,46,119,-270.0973281377842
world_model_cem,46,120,-285.30850001812655
world_model_cem,46,121,-288.38567651198986
world_model_cem,46,122,-288.1193113723749
world_model_cem,46,123,-288.677492784723
world_model_cem,46,124,-286.869449023504
world_model_cem,46,125,-278.099734845727
world_model_cem,46,126,-280.29344931204497
world_model_cem,46,127,-287.0667234081882
world_model_cem,46,128,-292.6421012598594
world_model_cem,46,129,-273.2699924323559
world_model_cem,46,130,-274.1889669598402
world_model_cem,46,131,-267.0532786765936
world_model_cem,46,132,-263.9459265840055
world_model_cem,46,133,-252.85999605632338
world_model_cem,46,134,-238.41064936023048
world_model_cem,46,135,-237.55755941835406
world_model_cem,46,136,-236.34423378423278
world_model_cem,46,137,-239.42306504032126
world_model_cem,46,138,-247.88830395731662
world_model_cem,46,139,-245.60060488054071
world_model_cem,46,140,-254.41830419158012
world_model_cem,46,141,-259.99611139543464
world_model_cem,46,142,-267.68197746819067
world_model_cem,46,143,-277.6582536587348
world_model_cem,46,144,-278.7776352127299
world_model_cem,46,145,-283.20380080131883
world_model_cem,46,146,-271.52110422156136
world_model_cem,46,147,-278.25685926275105
world_model_cem,46,148,-276.4186747292777
world_model_cem,46,149,-270.18700497140964
world_model_cem,46,150,-260.932057502688
world_model_cem,46,151,-266.6031466210768
world_model_cem,46,152,-254.62308244862396
world_model_cem,46,153,-261.9581884024108
world_model_cem,46,154,-254.8193354316415
world_model_cem,46,155,-256.00788969050774
world_model_cem,46,156,-262.6768547089445
world_model_cem,46,157,-259.19222571613034
world_model_cem,46,158,-275.11412702567986
world_model_cem,46,159,-270.2780283409377
world_model_cem,46,160,-276.97270927686
world_model_cem,46,161,-289.0520618873038
world_model_cem,46,162,-282.9726776221416
world_model_cem,46,163,-276.71500414336145
world_model_cem,46,164,-282.8589702749234
world_model_cem,46,165,-288.9398333439327
world_model_cem,46,166,-290.7414848401547
world_model_cem,46,167,-277.0594337458972
world_model_cem,46,168,-272.2534856625611
world_model_cem,46,169,-268.63831169196555
world_model_cem,46,170,-280.39727739102483
world_model_cem,46,171,-268.3762452117409
world_model_cem,46,172,-274.6286179249434
world_model_cem,46,173,-261.3718969621754
world_model_cem,46,174,-263.02502533026404
world_model_cem,46,175,-254.95487728076864
world_model_cem,46,176,-259.2900066805663
world_model_cem,46,177,-255.2335162225194
world_model_cem,46,178,-256.5034097523769
world_model_cem,46,179,-255.12673917840354
world_model_cem,46,180,-259.9925491396117
world_model_cem,46,181,-256.4103518610581
world_model_cem,46,182,-263.22710235189106
world_model_cem,46,183,-261.4043429806218
world_model_cem,46,184,-267.07745067925975
world_model_cem,46,185,-264.94833519201245
world_model_cem,46,186,-269.0494134962669
world_model_cem,46,187,-278.88998679179224
world_model_cem,46,188,-280.0849680217159
world_model_cem,46,189,-277.3328803172294
world_model_cem,46,190,-273.23801549535045
world_model_cem,46,191,-282.06131357920947
world_model_cem,46,192,-276.183484626962
world_model_cem,46,193,-279.0974804652596
world_model_cem,46,194,-264.10752227985927
world_model_cem,46,195,-264.3129773279827
world_model_cem,46,196,-257.35910300730797
world_model_cem,46,197,-260.32663298152386
world_model_cem,46,198,-256.94020612866234
world_model_cem,46,199,-249.15571109885576
world_model_cem,46,200,-259.45704798255963
world_model_cem,46,201,-260.33796460715365
world_model_cem,46,202,-265.3351463566307
world_model_cem,46,203,-271.94740223207793
world_model_cem,46,204,-278.19178129581354
world_model_cem,46,205,-274.73985494498544
world_model_cem,46,206,-274.4767492294735
world_model_cem,46,207,-284.5627434153149
world_model_cem,46,208,-276.6434655286634
world_model_cem,46,209,-279.04071427915596
world_model_cem,46,210,-279.93823781888176
world_model_cem,46,211,-285.70762353214405
world_model_cem,46,212,-287.7101890736964
world_model_cem,46,213,-282.1616104533563
world_model_cem,46,214,-276.78730598565346
world_model_cem,46,215,-273.39731699462726
world_model_cem,46,216,-268.55565966127995
world_model_cem,46,217,-262.99777940725926
world_model_cem,46,218,-251.0952244105026
world_model_cem,46,219,-255.5905842098846
world_model_cem,46,220,-243.11148591164678
world_model_cem,46,221,-249.10349955977173
world_model_cem,46,222,-253.9922614649408
world_model_cem,46,223,-253.0593748483665
world_model_cem,46,224,-259.66186895071854
world_model_cem,46,225,-262.8428887606568
world_model_cem,46,226,-261.1987411100207
world_model_cem,46,227,-271.653771840066
world_model_cem,46,228,-277.31256980689943
world_model_cem,46,229,-289.65841665128005
world_model_cem,46,230,-279.03542640625403
world_model_cem,46,231,-276.8190658640569
world_model_cem,46,232,-273.8066697271729
world_model_cem,46,233,-270.11070108430084
world_model_cem,46,234,-258.25720415043486
world_model_cem,46,235,-257.4601810005141
world_model_cem,46,236,-252.77122075385623
world_model_cem,46,237,-247.95379555491814
world_model_cem,46,238,-254.91746690076326
world_model_cem,46,239,-252.4140800196826
world_model_cem,46,240,-261.14032635673095
world_model_cem,46,241,-267.757587389243
world_model_cem,46,242,-273.83488606849437
world_model_cem,46,243,-279.96776503125477
world_model_cem,46,244,-289.9053332167047
world_model_cem,46,245,-283.41616727132407
world_model_cem,46,246,-288.6084355049089
world_model_cem,46,247,-295.1390380100528
world_model_cem,46,248,-279.34887038227555
world_model_cem,46,249,-292.40610843651837
world_model_cem,46,250,-281.3783833678401
world_model_cem,46,251,-280.8750687713771
world_model_cem,46,252,-277.10880640807125
world_model_cem,46,253,-281.30255161298913
world_model_cem,46,254,-265.73771783246974
world_model_cem,46,255,-265.51760171945625
world_model_cem,46,256,-244.7132602373838
world_model_cem,46,257,-246.99056429218138
world_model_cem,46,258,-248.3724302175692
world_model_cem,46,259,-245.266919985584
world_model_cem,46,260,-251.48115734920728
world_model_cem,46,261,-254.5287109411131
world_model_cem,46,262,-257.7642240389688
world_model_cem,46,263,-263.3331133937693
world_model_cem,46,264,-270.9821300261965
world_model_cem,46,265,-275.05245263121685
world_model_cem,46,266,-279.3852516801371
world_model_cem,46,267,-272.7442510334746
world_model_cem,46,268,-283.02302083316073
world_model_cem,46,269,-276.74098642814334
world_model_cem,46,270,-289.16837725477706
world_model_cem,46,271,-283.42798954423404
world_model_cem,46,272,-281.06906717375364
world_model_cem,46,273,-271.0484569126547
world_model_cem,46,274,-269.20049309129325
world_model_cem,46,275,-259.2206115425471
world_model_cem,46,276,-258.5802231189605
world_model_cem,46,277,-250.56192685168116
world_model_cem,46,278,-246.39008224789157
world_model_cem,46,279,-244.91909642046232
world_model_cem,46,280,-254.52929851371584
world_model_cem,46,281,-258.6579249960502
world_model_cem,46,282,-249.66099192223396
world_model_cem,46,283,-259.73548103259657
world_model_cem,46,284,-271.269524720679
world_model_cem,46,285,-284.0198187085057
world_model_cem,46,286,-280.0157310373301
world_model_cem,46,287,-284.98754387186773
world_model_cem,46,288,-292.8441165976188
world_model_cem,46,289,-278.1483498029428
world_model_cem,46,290,-282.24364673073046
world_model_cem,46,291,-284.3094483601594
world_model_cem,46,292,-282.7819608650648
world_model_cem,46,293,-291.7385228214123
world_model_cem,46,294,-275.6563704144048
world_model_cem,46,295,-270.11589414709414
world_model_cem,46,296,-257.5233659388108
world_model_cem,46,297,-255.6818029662599
world_model_cem,46,298,-246.76097540411274
world_model_cem,46,299,-236.15129862766804
world_model_cem,46,300,-250.34140612875126
world_model_cem,46,301,-250.4269202394182
world_model_cem,46,302,-243.1783467345061
world_model_cem,46,303,-258.3702897082978
world_model_cem,46,304,-262.4756795390602
world_model_cem,46,305,-273.59814837836143
world_model_cem,46,306,-270.4215393484917
world_model_cem,46,307,-279.6935139013043
world_model_cem,46,308,-282.8895055545407
world_model_cem,46,309,-291.32347448906705
world_model_cem,46,310,-284.02122190429276
world_model_cem,46,311,-280.29709444240416
world_model_cem,46,312,-283.0663315007611
world_model_cem,46,313,-280.49478774886006
world_model_cem,46,314,-287.68907228598283
world_model_cem,46,315,-273.59067542913624
world_model_cem,46,316,-268.08108912561704
world_model_cem,46,317,-272.01280228049825
world_model_cem,46,318,-263.8222497242483
world_model_cem,46,319,-264.8213729609011
world_model_cem,46,320,-252.50708469355035
world_model_cem,46,321,-254.3472753282668
world_model_cem,46,322,-253.8908080457454
world_model_cem,46,323,-247.83039130806145
world_model_cem,46,324,-242.41708361866327
world_model_cem,46,325,-253.84993163079122
world_model_cem,46,326,-253.41702689459515
world_model_cem,46,327,-255.093620483455
world_model_cem,46,328,-269.35791036428094
world_model_cem,46,329,-271.7907286860907
world_model_cem,46,330,-270.9037103507539
world_model_cem,46,331,-274.0875139999076
world_model_cem,46,332,-282.14125041103307
world_model_cem,46,333,-279.1967383429263
world_model_cem,46,334,-266.3336859239337
world_model_cem,46,335,-273.0929801756445
world_model_cem,46,336,-267.7729362130218
world_model_cem,46,337,-265.11896070806006
world_model_cem,46,338,-260.0873132573758
world_model_cem,46,339,-243.4285363239759
world_model_cem,46,340,-254.85019696598846
world_model_cem,46,341,-252.97875484163416
world_model_cem,46,342,-260.01709999087444
world_model_cem,46,343,-263.8657727611702
world_model_cem,46,344,-259.0269345727646
world_model_cem,46,345,-265.18585168597457
world_model_cem,46,346,-276.25107116017114
world_model_cem,46,347,-282.79708859109485
world_model_cem,46,348,-287.03746477642466
world_model_cem,46,349,-290.5456420010777
world_model_cem,46,350,-287.4900645135525
world_model_cem,46,351,-291.9094647710254
world_model_cem,46,352,-285.51056087812344
world_model_cem,46,353,-286.16727574870674
world_model_cem,46,354,-288.0370982654389
world_model_cem,46,355,-284.43024750433244
world_model_cem,46,356,-285.4112617253615
world_model_cem,46,357,-278.122376115691
world_model_cem,46,358,-268.9770725986321
world_model_cem,46,359,-280.4313570779184
world_model_cem,46,360,-274.42780432214033
world_model_cem,46,361,-269.8237675955179
world_model_cem,46,362,-283.7370606873245
world_model_cem,46,363,-285.8563084387021
world_model_cem,46,364,-284.4281073059132
world_model_cem,46,365,-281.0700853405867
world_model_cem,46,366,-272.5161253737864
world_model_cem,46,367,-292.0115303957861
world_model_cem,46,368,-288.29486395409174
world_model_cem,46,369,-285.7468345444495
world_model_cem,46,370,-277.4928679832011
world_model_cem,46,371,-274.5657970658888
world_model_cem,46,372,-274.14550602740997
world_model_cem,46,373,-271.17444310057203
world_model_cem,46,374,-264.55759172441077
world_model_cem,46,375,-254.45228440732524
world_model_cem,46,376,-253.95641074598677
world_model_cem,46,377,-250.3849016046475
world_model_cem,46,378,-237.16818910614356
world_model_cem,46,379,-244.09037574038518
world_model_cem,46,380,-247.19222850792136
world_model_cem,46,381,-247.88081699676908
world_model_cem,46,382,-251.4248300085306
world_model_cem,46,383,-259.89310105775803
world_model_cem,46,384,-266.16117850722384
world_model_cem,46,385,-269.4796596820459
world_model_cem,46,386,-279.0488380320038
world_model_cem,46,387,-278.4071140015694
world_model_cem,46,388,-286.24385536450825
world_model_cem,46,389,-280.18869777066703
world_model_cem,46,390,-289.0991114310084
world_model_cem,46,391,-286.8054147955969
world_model_cem,46,392,-271.4085488248152
world_model_cem,46,393,-267.97837791028167
world_model_cem,46,394,-266.0950536749769
world_model_cem,46,395,-262.8413656227061
world_model_cem,46,396,-254.20551057457848
world_model_cem,46,397,-252.03374907113567
world_model_cem,46,398,-247.512911634151
world_model_cem,46,399,-252.32641328037658
world_model_cem,46,400,-260.3678103261118
world_model_cem,46,401,-267.0847859836829
world_model_cem,46,402,-274.50910500669005
world_model_cem,46,403,-262.5776978291073
world_model_cem,46,404,-284.8501497303432
world_model_cem,46,405,-288.1611421104972
world_model_cem,46,406,-284.82400048215624
world_model_cem,46,407,-286.3623450554298
world_model_cem,46,408,-296.9721713285667
world_model_cem,46,409,-291.88903445312894
world_model_cem,46,410,-288.3656881780543
world_model_cem,46,411,-286.88836489927814
world_model_cem,46,412,-278.89907026893746
world_model_cem,46,413,-274.2332389970714
world_model_cem,46,414,-271.67197637220374
world_model_cem,46,415,-263.2273425014798
world_model_cem,46,416,-249.11889724878935
world_model_cem,46,417,-252.52531433929872
world_model_cem,46,418,-253.4031883138674
world_model_cem,46,419,-249.43787457897756
world_model_cem,46,420,-248.31602508489448
world_model_cem,46,421,-250.87236564810294
world_model_cem,46,422,-252.1844637187836
world_model_cem,46,423,-256.0486706064607
world_model_cem,46,424,-260.88015341830146
world_model_cem,46,425,-267.40896795368985
world_model_cem,46,426,-273.3363131512433
world_model_cem,46,427,-273.52195014950837
world_model_cem,46,428,-287.46360579671943
world_model_cem,46,429,-282.5277636439482
world_model_cem,46,430,-293.1420024961572
world_model_cem,46,431,-277.4472174511219
world_model_cem,46,432,-274.92789409644365
world_model_cem,46,433,-258.1743230522019
world_model_cem,46,434,-264.7820383113074
world_model_cem,46,435,-259.8456460665015
world_model_cem,46,436,-253.325429199142
world_model_cem,46,437,-253.20186063248275
world_model_cem,46,438,-249.34851069500218
world_model_cem,46,439,-250.63051453705611
world_model_cem,46,440,-249.7695409523452
world_model_cem,46,441,-255.01276437552218
world_model_cem,46,442,-267.08885312539445
world_model_cem,46,443,-276.5306813044978
world_model_cem,46,444,-284.2335333583169
world_model_cem,46,445,-290.5138116305599
world_model_cem,46,446,-287.9640716591225
world_model_cem,46,447,-273.8801239994054
world_model_cem,46,448,-284.90687096677686
world_model_cem,46,449,-276.9336061698491
world_model_cem,46,450,-290.76703366634797
world_model_cem,46,451,-283.4857167511351
world_model_cem,46,452,-278.38230769600875
world_model_cem,46,453,-276.4759189296772
world_model_cem,46,454,-266.09636881467986
world_model_cem,46,455,-259.1397874789938
world_model_cem,46,456,-247.6654919818548
world_model_cem,46,457,-249.02293645217495
world_model_cem,46,458,-241.45089521963249
world_model_cem,46,459,-248.4933921031865
world_model_cem,46,460,-241.85802678213742
world_model_cem,46,461,-254.52178346519133
world_model_cem,46,462,-259.1330069366408
world_model_cem,46,463,-271.7261208722931
world_model_cem,46,464,-266.00117483146363
world_model_cem,46,465,-286.8140769558013
world_model_cem,46,466,-290.3683383954235
world_model_cem,46,467,-291.58731164200685
world_model_cem,46,468,-288.00828448645586
world_model_cem,46,469,-291.1728892320316
world_model_cem,46,470,-291.04991209513145
world_model_cem,46,471,-280.55262803411404
world_model_cem,46,472,-274.70060203603236
world_model_cem,46,473,-265.78531278063434
world_model_cem,46,474,-265.06545132472564
world_model_cem,46,475,-256.09294158341845
world_model_cem,46,476,-256.19782769987006
world_model_cem,46,477,-251.3674325758558
world_model_cem,46,478,-240.84412550097804
world_model_cem,46,479,-252.39352529432026
world_model_cem,46,480,-253.61757917974887
world_model_cem,46,481,-259.3904194093692
world_model_cem,46,482,-259.95968999718184
world_model_cem,46,483,-273.0903294461308
world_model_cem,46,484,-275.3214252690317
world_model_cem,46,485,-288.0970995716042
world_model_cem,46,486,-294.37006220172225
world_model_cem,46,487,-289.78321160884377
world_model_cem,46,488,-290.9359251692077
world_model_cem,46,489,-283.7445839162225
world_model_cem,46,490,-287.6684946771501
world_model_cem,46,491,-284.5121956924355
world_model_cem,46,492,-278.4741300558237
world_model_cem,46,493,-265.06255157012305
world_model_cem,46,494,-254.56709214646264
world_model_cem,46,495,-247.91691363834846
world_model_cem,46,496,-247.68428187165063
world_model_cem,46,497,-237.36322475073257
world_model_cem,46,498,-246.2875340818469
world_model_cem,46,499,-245.7587230979034
world_model_cem,46,500,-258.38808053251574
world_model_cem,46,501,-262.4675522814928
world_model_cem,46,502,-266.3607901589012
world_model_cem,46,503,-272.20443453100154
world_model_cem,46,504,-284.3732408019613
world_model_cem,46,505,-283.5159307769795
world_model_cem,46,506,-289.29215401909096
world_model_cem,46,507,-287.60169307524006
world_model_cem,46,508,-290.20730225784644
world_model_cem,46,509,-282.20390384231837
world_model_cem,46,510,-286.7781934817914
world_model_cem,46,511,-290.96111931813897
world_model_cem,46,512,-273.2490446255857
world_model_cem,46,513,-276.24249867946895
world_model_cem,46,514,-272.16316895272854
world_model_cem,46,515,-255.58270322890894
world_model_cem,46,516,-249.3449778367916
world_model_cem,46,517,-255.39881768308447
world_model_cem,46,518,-252.37904353023754
world_model_cem,46,519,-254.0702516824612
world_model_cem,46,520,-252.8317854697455
world_model_cem,46,521,-249.25038035818483
world_model_cem,46,522,-252.54840577302244
world_model_cem,46,523,-263.1981216048631
world_model_cem,46,524,-261.6267990159379
world_model_cem,46,525,-273.63961004717794
world_model_cem,46,526,-280.9170774053408
world_model_cem,46,527,-283.68682578273933
world_model_cem,46,528,-284.3300520738011
world_model_cem,46,529,-274.5798512161554
world_model_cem,46,530,-274.61683406178804
world_model_cem,46,531,-288.05468202762097
world_model_cem,46,532,-265.1791852591779
world_model_cem,46,533,-270.48779994617666
world_model_cem,46,534,-256.8784316602061
world_model_cem,46,535,-258.01218769842075
world_model_cem,46,536,-249.5957666406154
world_model_cem,46,537,-247.98127308454386
world_model_cem,46,538,-250.23014060936038
world_model_cem,46,539,-252.00354618454566
world_model_cem,46,540,-256.4845197262172
world_model_cem,46,541,-261.0005920052854
world_model_cem,46,542,-269.0065083576043
world_model_cem,46,543,-275.87148614108605
world_model_cem,46,544,-282.0865995307805
world_model_cem,46,545,-272.3734652413459
world_model_cem,46,546,-291.2851284180873
world_model_cem,46,547,-289.89344447708146
world_model_cem,46,548,-281.7695440482049
world_model_cem,46,549,-281.0316813984849
world_model_cem,46,550,-283.9422709179278
world_model_cem,46,551,-270.87816626696264
world_model_cem,46,552,-264.18808555091545
world_model_cem,46,553,-256.30330882855344
world_model_cem,46,554,-255.16856511969064
world_model_cem,46,555,-242.9023815017067
world_model_cem,46,556,-249.38289507311234
world_model_cem,46,557,-243.4054220183965
world_model_cem,46,558,-247.9794253028539
world_model_cem,46,559,-256.18738366839887
world_model_cem,46,560,-260.28913147305195
world_model_cem,46,561,-273.5284093315404
world_model_cem,46,562,-273.31798463895245
world_model_cem,46,563,-278.86203174263153
world_model_cem,46,564,-287.41341641031795
world_model_cem,46,565,-293.11371888898395
world_model_cem,46,566,-285.55050812039406
world_model_cem,46,567,-291.41987251228755
world_model_cem,46,568,-280.75686387570033
world_model_cem,46,569,-275.01649928151187
world_model_cem,46,570,-256.6160969456358
world_model_cem,46,571,-263.77033680232046
world_model_cem,46,572,-256.71671483531674
world_model_cem,46,573,-241.75905190524765
world_model_cem,46,574,-247.1872166461876
world_model_cem,46,575,-249.69106657715855
world_model_cem,46,576,-244.4773294309787
world_model_cem,46,577,-255.4080361927581
world_model_cem,46,578,-264.09620158607504
world_model_cem,46,579,-266.4722997459902
world_model_cem,46,580,-275.4085967923711
world_model_cem,46,581,-283.6048742428708
world_model_cem,46,582,-280.75108509264686
world_model_cem,46,583,-285.416928048574
world_model_cem,46,584,-282.9190339464345
world_model_cem,46,585,-285.59920285316326
world_model_cem,46,586,-287.81329432824094
world_model_cem,46,587,-267.7542573146502
world_model_cem,46,588,-286.2786482900176
world_model_cem,46,589,-271.0767918188061
world_model_cem,46,590,-250.91541431977606
world_model_cem,46,591,-257.0175570690267
world_model_cem,46,592,-258.4589636239368
world_model_cem,46,593,-249.4446362350174
world_model_cem,46,594,-246.08765995006732
world_model_cem,46,595,-243.02114275276043
world_model_cem,46,596,-253.29792391490685
world_model_cem,46,597,-251.10035271638307
world_model_cem,46,598,-259.1101169780584
world_model_cem,46,599,-273.9569765260124
world_model_cem,46,600,-270.2589292034256
world_model_cem,46,601,-280.84949812669987
world_model_cem,46,602,-287.9807929136875
world_model_cem,46,603,-279.455171977257
world_model_cem,46,604,-293.03153555573317
world_model_cem,46,605,-272.1440215068375
world_model_cem,46,606,-278.9224681217422
world_model_cem,46,607,-283.15658360548025
world_model_cem,46,608,-287.27813304820495
world_model_cem,46,609,-283.1625790035793
world_model_cem,46,610,-268.33056501792163
world_model_cem,46,611,-266.2764617832144
world_model_cem,46,612,-256.8150287485173
world_model_cem,46,613,-250.0235611908479
world_model_cem,46,614,-243.8679048079827
world_model_cem,46,615,-249.63629448482897
world_model_cem,46,616,-250.2530753963112
world_model_cem,46,617,-253.3217219360618
world_model_cem,46,618,-250.70542416397927
world_model_cem,46,619,-264.22978992855417
world_model_cem,46,620,-263.3691750939765
world_model_cem,46,621,-276.9981020819942
world_model_cem,46,622,-278.55357173572867
world_model_cem,46,623,-282.4906747635184
world_model_cem,46,624,-289.6236558108426
world_model_cem,46,625,-286.5392947692838
world_model_cem,46,626,-265.04868688140203
world_model_cem,46,627,-285.43877738059984
world_model_cem,46,628,-273.80544984346545
world_model_cem,46,629,-266.35409061132924
world_model_cem,46,630,-263.36864780184555
world_model_cem,46,631,-260.67852055857077
world_model_cem,46,632,-248.9048110500579
world_model_cem,46,633,-250.93919371866588
world_model_cem,46,634,-247.29439395327213
world_model_cem,46,635,-243.05798115726552
world_model_cem,46,636,-245.21742137343784
world_model_cem,46,637,-242.87771212623852
world_model_cem,46,638,-264.4239573529428
world_model_cem,46,639,-267.06155846558374
world_model_cem,46,640,-280.0155015013071
world_model_cem,46,641,-281.7546781024227
world_model_cem,46,642,-288.93478269957075
world_model_cem,46,643,-294.95504507727674
world_model_cem,46,644,-283.7460108616565
world_model_cem,46,645,-290.9598186817271
world_model_cem,46,646,-285.09056043431747
world_model_cem,46,647,-277.21748894348235
world_model_cem,46,648,-270.88741567909074
world_model_cem,46,649,-265.843876540353
world_model_cem,46,650,-258.8763449239314
world_model_cem,46,651,-251.79805713770276
world_model_cem,46,652,-242.44147790146806
world_model_cem,46,653,-248.45380297936447
world_model_cem,46,654,-229.9476108924709
world_model_cem,46,655,-251.05531079447132
world_model_cem,46,656,-255.23284794521845
world_model_cem,46,657,-260.9897843474177
world_model_cem,46,658,-270.2519095740928
world_model_cem,46,659,-275.90445965851654
world_model_cem,46,660,-282.4415755144065
world_model_cem,46,661,-289.2325205378172
world_model_cem,46,662,-288.3401742909126
world_model_cem,46,663,-279.80904550412004
world_model_cem,46,664,-285.35856479731723
world_model_cem,46,665,-280.7848142141271
world_model_cem,46,666,-283.1673483640053
world_model_cem,46,667,-281.0268547244391
world_model_cem,46,668,-269.42552550898097
world_model_cem,46,669,-267.3512793904297
world_model_cem,46,670,-264.7127665024953
world_model_cem,46,671,-254.5193438674791
world_model_cem,46,672,-246.56604418291448
world_model_cem,46,673,-239.14482366776465
world_model_cem,46,674,-244.30653053743416
world_model_cem,46,675,-236.0305827761548
world_model_cem,46,676,-252.77633181827235
world_model_cem,46,677,-251.38375780652132
world_model_cem,46,678,-265.8939507745282
world_model_cem,46,679,-272.5404798049692
world_model_cem,46,680,-276.98927234481965
world_model_cem,46,681,-282.3260509416442
world_model_cem,46,682,-293.41384019246414
world_model_cem,46,683,-284.2626448874199
world_model_cem,46,684,-274.82084489758347
world_model_cem,46,685,-284.34537600690135
world_model_cem,46,686,-271.18327164627414
world_model_cem,46,687,-277.69880629553086
world_model_cem,46,688,-265.2984036038893
world_model_cem,46,689,-257.3202178849791
world_model_cem,46,690,-247.08740549346814
world_model_cem,46,691,-252.2518545769336
world_model_cem,46,692,-245.47786487173533
world_model_cem,46,693,-235.89611595764345
world_model_cem,46,694,-245.159844642309
world_model_cem,46,695,-239.74043000501106
world_model_cem,46,696,-252.43456114834032
world_model_cem,46,697,-265.37967597775634
world_model_cem,46,698,-273.40861788110885
world_model_cem,46,699,-283.7560138443127
world_model_cem,46,700,-287.69370136624605
world_model_cem,46,701,-287.16845492201355
world_model_cem,46,702,-284.0153895979512
world_model_cem,46,703,-290.0381251107717
world_model_cem,46,704,-279.52505891577204
world_model_cem,46,705,-295.19594243241556
world_model_cem,46,706,-289.0956571856485
world_model_cem,46,707,-284.63256086016054
world_model_cem,46,708,-271.31305165642664
world_model_cem,46,709,-260.6779981748301
world_model_cem,46,710,-251.899365336625
world_model_cem,46,711,-238.32619341304414
world_model_cem,46,712,-246.78365057389738
world_model_cem,46,713,-245.66190656320373
world_model_cem,46,714,-249.78992788589326
world_model_cem,46,715,-248.0657268959921
world_model_cem,46,716,-255.08764994448168
world_model_cem,46,717,-257.70401305189876
world_model_cem,46,718,-258.9198523151907
world_model_cem,46,719,-276.07351605753894
world_model_cem,46,720,-279.21142897340735
world_model_cem,46,721,-283.98984825165246
world_model_cem,46,722,-292.4975868259503
world_model_cem,46,723,-273.5720266610753
world_model_cem,46,724,-288.52847862167255
world_model_cem,46,725,-285.0842521522953
world_model_cem,46,726,-279.6868946266882
world_model_cem,46,727,-270.13638541001467
world_model_cem,46,728,-263.6487281249139
world_model_cem,46,729,-252.64581757943512
world_model_cem,46,730,-257.8158241046365
world_model_cem,46,731,-236.03708171075414
world_model_cem,46,732,-242.73312447060258
world_model_cem,46,733,-251.71263561385658
world_model_cem,46,734,-243.1871927091167
world_model_cem,46,735,-251.57045100579012
world_model_cem,46,736,-273.2230771496481
world_model_cem,46,737,-279.29864887987594
world_model_cem,46,738,-278.8461873003256
world_model_cem,46,739,-283.98987610110623
world_model_cem,46,740,-291.962219476686
world_model_cem,46,741,-288.21083672994376
world_model_cem,46,742,-287.67030811812754
world_model_cem,46,743,-283.30717114573395
world_model_cem,46,744,-296.50572127337693
world_model_cem,46,745,-283.3103320377203
world_model_cem,46,746,-273.4236509825792
world_model_cem,46,747,-268.20836919014783
world_model_cem,46,748,-262.2843957252868
world_model_cem,46,749,-246.25224148160913
world_model_cem,46,750,-244.16516652549
world_model_cem,46,751,-248.04568763561846
world_model_cem,46,752,-241.70957389544222
world_model_cem,46,753,-243.36739559652648
world_model_cem,46,754,-252.82344290715736
world_model_cem,46,755,-246.5730101531547
world_model_cem,46,756,-265.6380053090061
world_model_cem,46,757,-275.42028278460555
world_model_cem,46,758,-273.6909085337568
world_model_cem,46,759,-291.9291604856402
world_model_cem,46,760,-285.23688769829175
world_model_cem,46,761,-295.6649057486777
world_model_cem,46,762,-282.22850393044877
world_model_cem,46,763,-291.196572166838
world_model_cem,46,764,-281.06588795136156
world_model_cem,46,765,-277.326325001781
world_model_cem,46,766,-268.6886808322493
world_model_cem,46,767,-255.23504679632975
world_model_cem,46,768,-262.25737753699843
world_model_cem,46,769,-261.59924587923786
world_model_cem,46,770,-246.1565986623963
world_model_cem,46,771,-248.81680918713593
world_model_cem,46,772,-247.0595448548516
world_model_cem,46,773,-253.94663235769104
world_model_cem,46,774,-247.46186601004672
world_model_cem,46,775,-257.31656537549884
world_model_cem,46,776,-268.19158259617416
world_model_cem,46,777,-276.73465080844716
world_model_cem,46,778,-278.57035378227613
world_model_cem,46,779,-284.54070467027776
world_model_cem,46,780,-290.1886184560123
world_model_cem,46,781,-279.57600447217095
world_model_cem,46,782,-288.9910304131003
world_model_cem,46,783,-292.14995051263134
world_model_cem,46,784,-281.6198646869725
world_model_cem,46,785,-272.7586189281148
world_model_cem,46,786,-267.4904844605055
world_model_cem,46,787,-257.88719010598896
world_model_cem,46,788,-255.69513016869348
world_model_cem,46,789,-253.02824620326032
world_model_cem,46,790,-245.92504570762097
world_model_cem,46,791,-250.38535062642313
world_model_cem,46,792,-249.84502346250977
world_model_cem,46,793,-254.09852054190048
world_model_cem,46,794,-259.5264447964483
world_model_cem,46,795,-269.78160868920247
world_model_cem,46,796,-275.65017635134046
world_model_cem,46,797,-284.90395051193275
world_model_cem,46,798,-285.84952416613635
world_model_cem,46,799,-287.4450615739057
world_model_cem,46,800,-292.4115512835576
world_model_cem,46,801,-291.7415610206381
world_model_cem,46,802,-283.13684088860606
world_model_cem,46,803,-271.3808491398804
world_model_cem,46,804,-280.6825469200975
world_model_cem,46,805,-279.76184715589653
world_model_cem,46,806,-280.45886453445564
world_model_cem,46,807,-282.40067532128614
world_model_cem,46,808,-282.86035117053467
world_model_cem,46,809,-273.6133232448467
world_model_cem,46,810,-272.79631318425845
world_model_cem,46,811,-278.0409964410067
world_model_cem,46,812,-279.82896929189843
world_model_cem,46,813,-284.8599680827533
world_model_cem,46,814,-274.01174209743675
world_model_cem,46,815,-282.9408984692333
world_model_cem,46,816,-275.4133576268281
world_model_cem,46,817,-284.80526161536847
world_model_cem,46,818,-270.4258097716091
world_model_cem,46,819,-292.3413393398886
world_model_cem,46,820,-279.86277440337494
world_model_cem,46,821,-269.83809665210947
world_model_cem,46,822,-261.1185429083524
world_model_cem,46,823,-274.248763142705
world_model_cem,46,824,-262.3616594549822
world_model_cem,46,825,-258.75754852569924
world_model_cem,46,826,-256.7703752996
world_model_cem,46,827,-251.21287130219878
world_model_cem,46,828,-243.30394012932615
world_model_cem,46,829,-242.8107402432642
world_model_cem,46,830,-238.88983674345985
world_model_cem,46,831,-256.95031383284277
world_model_cem,46,832,-260.5116369639163
world_model_cem,46,833,-258.9023380596675
world_model_cem,46,834,-268.34486694077776
world_model_cem,46,835,-273.55668869705073
world_model_cem,46,836,-275.2066355100576
world_model_cem,46,837,-280.2593458414027
world_model_cem,46,838,-286.6765289672888
world_model_cem,46,839,-279.47437865396284
world_model_cem,46,840,-269.71112104430574
world_model_cem,46,841,-267.25958668040994
world_model_cem,46,842,-279.2964186664753
world_model_cem,46,843,-268.4970592217304
world_model_cem,46,844,-254.1429634525797
world_model_cem,46,845,-253.7534540713918
world_model_cem,46,846,-258.69538406853775
world_model_cem,46,847,-239.6007655560059
world_model_cem,46,848,-245.068391009705
world_model_cem,46,849,-264.12321682927586
world_model_cem,46,850,-269.2860724409177
world_model_cem,46,851,-271.8110742322178
world_model_cem,46,852,-274.8855988194887
world_model_cem,46,853,-276.64679308104564
world_model_cem,46,854,-287.2438160311488
world_model_cem,46,855,-278.24710853629813
world_model_cem,46,856,-290.36251047237363
world_model_cem,46,857,-280.9964008959308
world_model_cem,46,858,-282.639989641606
world_model_cem,46,859,-277.9766478073468
world_model_cem,46,860,-290.20401201248876
world_model_cem,46,861,-273.3018637217729
world_model_cem,46,862,-270.71131090146963
world_model_cem,46,863,-277.09349623000804
world_model_cem,46,864,-264.78059289202696
world_model_cem,46,865,-254.580303054576
world_model_cem,46,866,-255.3672695791999
world_model_cem,46,867,-254.07169156898806
world_model_cem,46,868,-249.80155205492602
world_model_cem,46,869,-249.63557737169785
world_model_cem,46,870,-253.28985049991456
world_model_cem,46,871,-248.74768313525098
world_model_cem,46,872,-258.1623043794216
world_model_cem,46,873,-262.71510802499586
world_model_cem,46,874,-258.66695681911426
world_model_cem,46,875,-276.4233038144366
world_model_cem,46,876,-282.8695891828843
world_model_cem,46,877,-281.42127002295814
world_model_cem,46,878,-282.0773950304497
world_model_cem,46,879,-283.0089697488316
world_model_cem,46,880,-277.45633958888334
world_model_cem,46,881,-270.5721639570603
world_model_cem,46,882,-278.97802968529464
world_model_cem,46,883,-269.2820410233801
world_model_cem,46,884,-264.77331697543207
world_model_cem,46,885,-264.75715030198205
world_model_cem,46,886,-253.83223582398554
world_model_cem,46,887,-253.5602342162281
world_model_cem,46,888,-244.09515809878366
world_model_cem,46,889,-251.53370883707038
world_model_cem,46,890,-255.0464450800306
world_model_cem,46,891,-256.6796791747331
world_model_cem,46,892,-261.2612927274648
world_model_cem,46,893,-270.6889158371181
world_model_cem,46,894,-283.85008969562955
world_model_cem,46,895,-283.27910981155907
world_model_cem,46,896,-283.4833160417486
world_model_cem,46,897,-288.80372383722926
world_model_cem,46,898,-285.28889482213276
world_model_cem,46,899,-282.1774978425248
world_model_cem,46,900,-285.1614563376661
world_model_cem,46,901,-285.4749537597295
world_model_cem,46,902,-273.1537155127845
world_model_cem,46,903,-259.0108437519003
world_model_cem,46,904,-260.41803215852855
world_model_cem,46,905,-254.13193478672252
world_model_cem,46,906,-249.8540429592308
world_model_cem,46,907,-241.9476923303398
world_model_cem,46,908,-247.93141805696197
world_model_cem,46,909,-244.9451244412814
world_model_cem,46,910,-247.452871135702
world_model_cem,46,911,-253.7878796995384
world_model_cem,46,912,-267.71162797056684
world_model_cem,46,913,-268.3320555192219
world_model_cem,46,914,-283.9357734985985
world_model_cem,46,915,-289.08925959763235
world_model_cem,46,916,-283.32247481601576
world_model_cem,46,917,-288.70493840465474
world_model_cem,46,918,-273.24825649378647
world_model_cem,46,919,-292.34012820722546
world_model_cem,46,920,-277.65456127380537
world_model_cem,46,921,-275.383282488919
world_model_cem,46,922,-266.2372453674745
world_model_cem,46,923,-256.8838411967555
world_model_cem,46,924,-245.89858620986206
world_model_cem,46,925,-251.57138243423077
world_model_cem,46,926,-242.0027846190794
world_model_cem,46,927,-244.73679747919067
world_model_cem,46,928,-249.8962602650893
world_model_cem,46,929,-253.4545591351381
world_model_cem,46,930,-259.38424495704464
world_model_cem,46,931,-272.727209387122
world_model_cem,46,932,-277.32899185430165
world_model_cem,46,933,-265.1028039249065
world_model_cem,46,934,-280.42368763813204
world_model_cem,46,935,-294.3105187304047
world_model_cem,46,936,-289.60160771929964
world_model_cem,46,937,-286.81478614141105
world_model_cem,46,938,-287.42215228308487
world_model_cem,46,939,-277.13076006403764
world_model_cem,46,940,-287.93045251087676
world_model_cem,46,941,-268.6665661600572
world_model_cem,46,942,-271.8752948086388
world_model_cem,46,943,-262.679986295234
world_model_cem,46,944,-247.4674894107863
world_model_cem,46,945,-242.72985186884927
world_model_cem,46,946,-241.23036180487537
world_model_cem,46,947,-242.76061577008014
world_model_cem,46,948,-248.23605019155116
world_model_cem,46,949,-249.90980281495084
world_model_cem,46,950,-250.18917762402853
world_model_cem,46,951,-263.60924239750875
world_model_cem,46,952,-269.66030766789265
world_model_cem,46,953,-270.4352005239449
world_model_cem,46,954,-281.6291743814401
world_model_cem,46,955,-286.1863269886256
world_model_cem,46,956,-272.9303681431269
world_model_cem,46,957,-287.4439067117658
world_model_cem,46,958,-299.2587209299859
world_model_cem,46,959,-287.5269615466855
world_model_cem,46,960,-266.7943302346881
world_model_cem,46,961,-271.72636563364887
world_model_cem,46,962,-261.6528209614967
world_model_cem,46,963,-256.7792628068983
world_model_cem,46,964,-250.09618721733236
world_model_cem,46,965,-237.49181627571585
world_model_cem,46,966,-237.81968274214768
world_model_cem,46,967,-250.08148988338235
world_model_cem,46,968,-252.9994824423767
world_model_cem,46,969,-259.29828825018797
world_model_cem,46,970,-260.8564095681853
world_model_cem,46,971,-271.9062970386714
world_model_cem,46,972,-272.2776779244473
world_model_cem,46,973,-287.06265497081097
world_model_cem,46,974,-286.81400601306024
world_model_cem,46,975,-277.42935663725063
world_model_cem,46,976,-291.1967486107902
world_model_cem,46,977,-294.6728940159172
world_model_cem,46,978,-283.71577385452133
world_model_cem,46,979,-287.49205347887346
world_model_cem,46,980,-280.6312183061591
world_model_cem,46,981,-280.79896314160726
world_model_cem,46,982,-264.76461648369735
world_model_cem,46,983,-256.4769961208642
world_model_cem,46,984,-249.7424729617427
world_model_cem,46,985,-248.07409104530683
world_model_cem,46,986,-244.8017218070209
world_model_cem,46,987,-243.46366072468015
world_model_cem,46,988,-245.64676178569712
world_model_cem,46,989,-257.29941371619964
world_model_cem,46,990,-259.8825199220827
world_model_cem,46,991,-263.4822603136692
world_model_cem,46,992,-270.6194034345889
world_model_cem,46,993,-277.46843714686446
world_model_cem,46,994,-275.7807990839277
world_model_cem,46,995,-285.2176236137311
world_model_cem,46,996,-292.75311713177706
world_model_cem,46,997,-281.9821484955625
world_model_cem,46,998,-277.9440496651572
world_model_cem,46,999,-287.1057339143017
world_model_cem,46,1000,-269.0616865877674
world_model_cem,47,1,-186.80271036613357
world_model_cem,47,2,-207.3591683957243
world_model_cem,47,3,-199.14557350014962
world_model_cem,47,4,-187.22743455394334
world_model_cem,47,5,-175.94310104393327
world_model_cem,47,6,-199.21052573672637
world_model_cem,47,7,-180.04808533440632
world_model_cem,47,8,-189.43715323531643
world_model_cem,47,9,-207.39967169449494
world_model_cem,47,10,-188.46692863808588
world_model_cem,47,11,-181.34577486721244
world_model_cem,47,12,-212.72765497788527
world_model_cem,47,13,-226.36393257912596
world_model_cem,47,14,-202.1726047942695
world_model_cem,47,15,-203.94347928454187
world_model_cem,47,16,-267.24018249032184
world_model_cem,47,17,-219.23244980749774
world_model_cem,47,18,-234.96748903281062
world_model_cem,47,19,-231.62067647460634
world_model_cem,47,20,-257.3040804735701
world_model_cem,47,21,-325.08202313300586
world_model_cem,47,22,-286.7368264153678
world_model_cem,47,23,-340.45477296156275
world_model_cem,47,24,-285.27557667029646
world_model_cem,47,25,-267.15756865154714
world_model_cem,47,26,-302.7514082099939
world_model_cem,47,27,-320.35369843803045
world_model_cem,47,28,-205.55675717704258
world_model_cem,47,29,-222.46499249773842
world_model_cem,47,30,-188.02165947666163
world_model_cem,47,31,-323.59336553972173
world_model_cem,47,32,-174.667878660163
world_model_cem,47,33,-284.41446308458404
world_model_cem,47,34,-205.30409651603352
world_model_cem,47,35,-233.8236611217698
world_model_cem,47,36,-194.15365177841596
world_model_cem,47,37,-280.5769478020476
world_model_cem,47,38,-248.285958744558
world_model_cem,47,39,-283.4835809073391
world_model_cem,47,40,-225.8957474962338
world_model_cem,47,41,-296.60798496576155
world_model_cem,47,42,-291.31719490618894
world_model_cem,47,43,-293.97574915958205
world_model_cem,47,44,-294.9630216710145
world_model_cem,47,45,-276.26292322505947
world_model_cem,47,46,-275.7310709146751
world_model_cem,47,47,-273.171985239791
world_model_cem,47,48,-269.1895614489388
world_model_cem,47,49,-264.1249842778571
world_model_cem,47,50,-260.50344192565643
world_model_cem,47,51,-253.7040203951479
world_model_cem,47,52,-268.2943190463415
world_model_cem,47,53,-268.0801759253753
world_model_cem,47,54,-278.30676053956773
world_model_cem,47,55,-275.89245283925874
world_model_cem,47,56,-281.70940348880805
world_model_cem,47,57,-277.5727309157093
world_model_cem,47,58,-275.3929236033432
world_model_cem,47,59,-277.57559804841634
world_model_cem,47,60,-264.92489260912134
world_model_cem,47,61,-274.95151139746145
world_model_cem,47,62,-274.97348851590414
world_model_cem,47,63,-283.09335856785685
world_model_cem,47,64,-281.9592942349066
world_model_cem,47,65,-281.86773112223597
world_model_cem,47,66,-281.8058342097361
world_model_cem,47,67,-282.2172604218685
world_model_cem,47,68,-275.66519820740893
world_model_cem,47,69,-282.8242117449374
world_model_cem,47,70,-278.74368986929846
world_model_cem,47,71,-284.1306682190031
world_model_cem,47,72,-283.7951875720695
world_model_cem,47,73,-283.95198457891473
world_model_cem,47,74,-270.57090798102575
world_model_cem,47,75,-292.0592538716722
world_model_cem,47,76,-283.7839310948111
world_model_cem,47,77,-286.71623540978044
world_model_cem,47,78,-281.9829446587237
world_model_cem,47,79,-270.4540819737602
world_model_cem,47,80,-278.0843992155218
world_model_cem,47,81,-279.7710896264632
world_model_cem,47,82,-282.49843333004105
world_model_cem,47,83,-271.81021337865553
world_model_cem,47,84,-269.1487894090272
world_model_cem,47,85,-260.67019099789894
world_model_cem,47,86,-265.4138284810444
world_model_cem,47,87,-273.06354615785125
world_model_cem,47,88,-271.32298646688304
world_model_cem,47,89,-265.30655700592547
world_model_cem,47,90,-267.4464716716996
world_model_cem,47,91,-264.93936865647055
world_model_cem,47,92,-252.9859787691807
world_model_cem,47,93,-259.0513126401884
world_model_cem,47,94,-255.01889743128032
world_model_cem,47,95,-264.41426306852384
world_model_cem,47,96,-258.35379109074785
world_model_cem,47,97,-259.38171727152485
world_model_cem,47,98,-253.79139409309477
world_model_cem,47,99,-257.0654081081014
world_model_cem,47,100,-255.36859843957865
world_model_cem,47,101,-266.0351367210925
world_model_cem,47,102,-268.76800660362755
world_model_cem,47,103,-274.2510949595249
world_model_cem,47,104,-278.77684462473184
world_model_cem,47,105,-275.5072372526057
world_model_cem,47,106,-285.45186188401004
world_model_cem,47,107,-287.7693682590135
world_model_cem,47,108,-279.4252656093374
world_model_cem,47,109,-276.78855912006054
world_model_cem,47,110,-268.55775532821957
world_model_cem,47,111,-264.4033820280109
world_model_cem,47,112,-262.45182294125306
world_model_cem,47,113,-260.3125736415583
world_model_cem,47,114,-250.51230110271635
world_model_cem,47,115,-257.1198346230118
world_model_cem,47,116,-252.75448256771028
world_model_cem,47,117,-254.60354692449894
world_model_cem,47,118,-263.6155726776368
world_model_cem,47,119,-269.7519776410112
world_model_cem,47,120,-270.0565834355222
world_model_cem,47,121,-280.1679786419539
world_model_cem,47,122,-285.7429009006575
world_model_cem,47,123,-280.95237476068144
world_model_cem,47,124,-290.80041433471433
world_model_cem,47,125,-282.5605247053534
world_model_cem,47,126,-285.1022816960235
world_model_cem,47,127,-287.3309058968618
world_model_cem,47,128,-270.7796176485921
world_model_cem,47,129,-278.44704097335585
world_model_cem,47,130,-261.8848031308489
world_model_cem,47,131,-259.540410360639
world_model_cem,47,132,-247.22181336947278
world_model_cem,47,133,-256.13868201908804
world_model_cem,47,134,-244.8987815116331
world_model_cem,47,135,-240.70339162039596
world_model_cem,47,136,-245.4959181267942
world_model_cem,47,137,-250.91519283485948
world_model_cem,47,138,-254.09845633810357
world_model_cem,47,139,-259.65212694106134
world_model_cem,47,140,-269.0122515922743
world_model_cem,47,141,-277.4460904271172
world_model_cem,47,142,-272.8226973225164
world_model_cem,47,143,-280.88382625736057
world_model_cem,47,144,-292.74270057117064
world_model_cem,47,145,-275.8168363227571
world_model_cem,47,146,-281.44636206830296
world_model_cem,47,147,-273.4837600715794
world_model_cem,47,148,-263.24797971098883
world_model_cem,47,149,-265.53991195496656
world_model_cem,47,150,-256.12800407380035
world_model_cem,47,151,-257.06370374415707
world_model_cem,47,152,-255.00819396816772
world_model_cem,47,153,-242.75330602940085
world_model_cem,47,154,-250.76437070938277
world_model_cem,47,155,-253.65693021013604
world_model_cem,47,156,-250.13179129508893
world_model_cem,47,157,-257.8643466517844
world_model_cem,47,158,-273.51231617380637
world_model_cem,47,159,-276.1890344055585
world_model_cem,47,160,-291.41752964054376
world_model_cem,47,161,-280.9702074616304
world_model_cem,47,162,-287.6407806690956
world_model_cem,47,163,-281.25273096878755
world_model_cem,47,164,-285.8942244810505
world_model_cem,47,165,-284.7945819668828
world_model_cem,47,166,-281.2664293932341
world_model_cem,47,167,-272.139214043147
world_model_cem,47,168,-276.5011407474335
world_model_cem,47,169,-267.99902107280553
world_model_cem,47,170,-262.2948004065892
world_model_cem,47,171,-256.7714797167039
world_model_cem,47,172,-252.3604250576944
world_model_cem,47,173,-248.12888689805655
world_model_cem,47,174,-245.8341601718127
world_model_cem,47,175,-248.63272079641644
world_model_cem,47,176,-251.4983887337244
world_model_cem,47,177,-254.58523696016553
world_model_cem,47,178,-242.8572995375301
world_model_cem,47,179,-270.36063133484765
world_model_cem,47,180,-270.1131708794854
world_model_cem,47,181,-282.5705295722929
world_model_cem,47,182,-279.88031137729274
world_model_cem,47,183,-274.4642117333997
world_model_cem,47,184,-282.6282009518508
world_model_cem,47,185,-268.6408206924302
world_model_cem,47,186,-278.1530808690372
world_model_cem,47,187,-260.39104130078687
world_model_cem,47,188,-262.2481091467296
world_model_cem,47,189,-257.6013047704812
world_model_cem,47,190,-249.3527544848427
world_model_cem,47,191,-252.42428462273884
world_model_cem,47,192,-251.08756932989104
world_model_cem,47,193,-254.07233600750658
world_model_cem,47,194,-255.47799146530406
world_model_cem,47,195,-249.8587015138047
world_model_cem,47,196,-270.4335892425009
world_model_cem,47,197,-279.101882819668
world_model_cem,47,198,-283.912965772982
world_model_cem,47,199,-286.57086494483565
world_model_cem,47,200,-284.7547117884075
world_model_cem,47,201,-293.15283453177943
world_model_cem,47,202,-285.559186362709
world_model_cem,47,203,-289.8430926336646
world_model_cem,47,204,-280.46188426779906
world_model_cem,47,205,-282.4170846277745
world_model_cem,47,206,-283.42254869765287
world_model_cem,47,207,-282.75597482044486
world_model_cem,47,208,-266.8090495651648
world_model_cem,47,209,-269.65895316544237
world_model_cem,47,210,-267.05545614378775
world_model_cem,47,211,-262.90660341862923
world_model_cem,47,212,-248.55453394229608
world_model_cem,47,213,-253.4674214778807
world_model_cem,47,214,-255.7607064533783
world_model_cem,47,215,-250.26166175059836
world_model_cem,47,216,-254.69959630360407
world_model_cem,47,217,-256.46732939600827
world_model_cem,47,218,-253.36658890611915
world_model_cem,47,219,-260.4588897498868
world_model_cem,47,220,-261.34524363604265
world_model_cem,47,221,-273.0511474736473
world_model_cem,47,222,-269.6809328620912
world_model_cem,47,223,-279.1246328272243
world_model_cem,47,224,-282.9831558348958
world_model_cem,47,225,-282.91967391392916
world_model_cem,47,226,-274.71048503003834
world_model_cem,47,227,-263.71665179700466
world_model_cem,47,228,-256.61195085905257
world_model_cem,47,229,-257.3910995374016
world_model_cem,47,230,-259.569507357768
world_model_cem,47,231,-256.8047874062274
world_model_cem,47,232,-258.15993136865586
world_model_cem,47,233,-252.00293184735327
world_model_cem,47,234,-256.2318346210003
world_model_cem,47,235,-263.4539769716395
world_model_cem,47,236,-270.72127978398464
world_model_cem,47,237,-276.38951457347724
world_model_cem,47,238,-287.9191273328922
world_model_cem,47,239,-284.0578506034881
world_model_cem,47,240,-288.25371833693794
world_model_cem,47,241,-284.92308896098984
world_model_cem,47,242,-288.2556770570339
world_model_cem,47,243,-281.70087411160654
world_model_cem,47,244,-284.0043643179041
world_model_cem,47,245,-284.23202273871243
world_model_cem,47,246,-278.6952450032609
world_model_cem,47,247,-277.6456629965493
world_model_cem,47,248,-280.46730888838925
world_model_cem,47,249,-274.9193605151713
world_model_cem,47,250,-266.1270241586543
world_model_cem,47,251,-251.7486900749077
world_model_cem,47,252,-251.62154930275352
world_model_cem,47,253,-251.36110879891282
world_model_cem,47,254,-244.22916196755216
world_model_cem,47,255,-249.03509040006216
world_model_cem,47,256,-245.6644757441464
world_model_cem,47,257,-257.7220987308932
world_model_cem,47,258,-261.7823297719634
world_model_cem,47,259,-257.0336136071129
world_model_cem,47,260,-266.41677665819816
world_model_cem,47,261,-274.43072415247696
world_model_cem,47,262,-284.6728813795494
world_model_cem,47,263,-287.0573606829465
world_model_cem,47,264,-286.6105036778889
world_model_cem,47,265,-287.9447534055839
world_model_cem,47,266,-277.91855164412846
world_model_cem,47,267,-272.8974828065913
world_model_cem,47,268,-257.35936645471895
world_model_cem,47,269,-269.0586034952132
world_model_cem,47,270,-263.41179845195967
world_model_cem,47,271,-248.39806220240087
world_model_cem,47,272,-251.53128818060105
world_model_cem,47,273,-253.05418821139094
world_model_cem,47,274,-247.7243119906858
world_model_cem,47,275,-247.49054003065248
world_model_cem,47,276,-255.73628492000336
world_model_cem,47,277,-276.0032675067374
world_model_cem,47,278,-268.21696169992146
world_model_cem,47,279,-283.4765229764642
world_model_cem,47,280,-285.3434708105243
world_model_cem,47,281,-293.82155618065525
world_model_cem,47,282,-296.01479622021975
world_model_cem,47,283,-285.7402926266937
world_model_cem,47,284,-280.2703256039534
world_model_cem,47,285,-287.4608149478478
world_model_cem,47,286,-288.49481401271936
world_model_cem,47,287,-279.39399895238955
world_model_cem,47,288,-275.9401406952455
world_model_cem,47,289,-257.5320248043828
world_model_cem,47,290,-249.5490438207574
world_model_cem,47,291,-243.4761285860183
world_model_cem,47,292,-243.75252127292038
world_model_cem,47,293,-247.96712887660192
world_model_cem,47,294,-245.88097855605096
world_model_cem,47,295,-246.1816936715542
world_model_cem,47,296,-248.49562695627162
world_model_cem,47,297,-254.4565423142026
world_model_cem,47,298,-270.65495630973163
world_model_cem,47,299,-266.27912891228436
world_model_cem,47,300,-284.08616577862017
world_model_cem,47,301,-273.8630208696553
world_model_cem,47,302,-290.9591357439867
world_model_cem,47,303,-280.7110245250243
world_model_cem,47,304,-287.2916685745759
world_model_cem,47,305,-280.97099331281953
world_model_cem,47,306,-268.0195524022696
world_model_cem,47,307,-264.54885346697563
world_model_cem,47,308,-251.76225072812292
world_model_cem,47,309,-254.23750817349995
world_model_cem,47,310,-245.09704755953481
world_model_cem,47,311,-253.0342429154412
world_model_cem,47,312,-248.47236765250926
world_model_cem,47,313,-246.17321222257567
world_model_cem,47,314,-249.12358690210556
world_model_cem,47,315,-267.8532985632291
world_model_cem,47,316,-267.58085365535374
world_model_cem,47,317,-270.11181717599123
world_model_cem,47,318,-282.4181884165464
world_model_cem,47,319,-286.764210147406
world_model_cem,47,320,-288.3210469317022
world_model_cem,47,321,-292.66052564133525
world_model_cem,47,322,-291.9479460375612
world_model_cem,47,323,-287.5311472684779
world_model_cem,47,324,-285.35314056877087
world_model_cem,47,325,-288.97912417788734
world_model_cem,47,326,-269.4731605216899
world_model_cem,47,327,-254.7594294203185
world_model_cem,47,328,-258.8832344695599
world_model_cem,47,329,-250.53401814381317
world_model_cem,47,330,-249.33394970076284
world_model_cem,47,331,-238.84107428826428
world_model_cem,47,332,-246.50576070958158
world_model_cem,47,333,-247.24633063815548
world_model_cem,47,334,-251.72192596883187
world_model_cem,47,335,-259.2338817001085
world_model_cem,47,336,-266.4376210656866
world_model_cem,47,337,-277.74779807571724
world_model_cem,47,338,-283.37402316681573
world_model_cem,47,339,-287.86459891211064
world_model_cem,47,340,-286.1980198779922
world_model_cem,47,341,-286.7154391088681
world_model_cem,47,342,-289.4846365531196
world_model_cem,47,343,-282.76455879837914
world_model_cem,47,344,-283.68734097801007
world_model_cem,47,345,-269.96283895991786
world_model_cem,47,346,-255.28551956792455
world_model_cem,47,347,-246.21025650772248
world_model_cem,47,348,-256.4109537443528
world_model_cem,47,349,-250.00521080700196
world_model_cem,47,350,-239.80095265144072
world_model_cem,47,351,-245.90623674682212
world_model_cem,47,352,-243.39641432782065
world_model_cem,47,353,-253.05682286676594
world_model_cem,47,354,-261.5571614711612
world_model_cem,47,355,-269.0988257706988
world_model_cem,47,356,-273.6304807637295
world_model_cem,47,357,-272.5694877127792
world_model_cem,47,358,-286.3111134860882
world_model_cem,47,359,-281.9318707052231
world_model_cem,47,360,-294.3916629069082
world_model_cem,47,361,-286.1479160181236
world_model_cem,47,362,-293.2568488063413
world_model_cem,47,363,-278.96568331294816
world_model_cem,47,364,-273.14973766926084
world_model_cem,47,365,-263.6011823575248
world_model_cem,47,366,-255.48468803764126
world_model_cem,47,367,-245.06007361176995
world_model_cem,47,368,-250.5856066849249
world_model_cem,47,369,-245.60130346016382
world_model_cem,47,370,-251.78382376364635
world_model_cem,47,371,-243.63257382390293
world_model_cem,47,372,-257.06007358558963
world_model_cem,47,373,-259.6704423604447
world_model_cem,47,374,-260.85014503292035
world_model_cem,47,375,-282.38900031574155
world_model_cem,47,376,-288.1307622472578
world_model_cem,47,377,-293.3513556749233
world_model_cem,47,378,-289.9194490743149
world_model_cem,47,379,-291.51469048741933
world_model_cem,47,380,-286.4581600504558
world_model_cem,47,381,-296.9758012759868
world_model_cem,47,382,-274.92524739455143
world_model_cem,47,383,-270.37236322164017
world_model_cem,47,384,-264.5284241080187
world_model_cem,47,385,-259.322738942743
world_model_cem,47,386,-258.112164526833
world_model_cem,47,387,-247.04429748226752
world_model_cem,47,388,-242.59975300492124
world_model_cem,47,389,-246.00995779457537
world_model_cem,47,390,-250.27988587979408
world_model_cem,47,391,-255.87733292621132
world_model_cem,47,392,-265.61849352100717
world_model_cem,47,393,-265.19782674569666
world_model_cem,47,394,-280.5049702503412
world_model_cem,47,395,-286.9570547041729
world_model_cem,47,396,-290.8501778979895
world_model_cem,47,397,-292.55750085813935
world_model_cem,47,398,-296.9512155031317
world_model_cem,47,399,-289.24344031751696
world_model_cem,47,400,-285.9775746319389
world_model_cem,47,401,-285.3929209091365
world_model_cem,47,402,-273.01271032896375
world_model_cem,47,403,-271.8968236271038
world_model_cem,47,404,-262.04736256405687
world_model_cem,47,405,-255.33667521340982
world_model_cem,47,406,-248.2618471531796
world_model_cem,47,407,-252.7224945392137
world_model_cem,47,408,-245.81937964215325
world_model_cem,47,409,-250.0810280847354
world_model_cem,47,410,-244.6660599465134
world_model_cem,47,411,-257.09841134899443
world_model_cem,47,412,-255.1589469573115
world_model_cem,47,413,-260.1991280719828
world_model_cem,47,414,-272.2659487924595
world_model_cem,47,415,-287.466808620047
world_model_cem,47,416,-292.45588501132613
world_model_cem,47,417,-282.8955670034371
world_model_cem,47,418,-288.70643547736154
world_model_cem,47,419,-290.1475076094533
world_model_cem,47,420,-290.07181165600446
world_model_cem,47,421,-275.9357022468587
world_model_cem,47,422,-271.8162852898727
world_model_cem,47,423,-261.96504724554904
world_model_cem,47,424,-252.58762213922566
world_model_cem,47,425,-254.98769395833685
world_model_cem,47,426,-253.8016081849463
world_model_cem,47,427,-239.4495217187147
world_model_cem,47,428,-247.60466986376244
world_model_cem,47,429,-245.27324434494906
world_model_cem,47,430,-258.58964005468937
world_model_cem,47,431,-263.76728253269494
world_model_cem,47,432,-275.8595138138684
world_model_cem,47,433,-280.21641717208354
world_model_cem,47,434,-281.1372599338016
world_model_cem,47,435,-287.74609159488733
world_model_cem,47,436,-289.91804987716125
world_model_cem,47,437,-294.58532884440507
world_model_cem,47,438,-293.8418807700531
world_model_cem,47,439,-278.32857143615036
world_model_cem,47,440,-284.6614025395394
world_model_cem,47,441,-275.30547860469625
world_model_cem,47,442,-272.97742020051203
world_model_cem,47,443,-264.23288646393524
world_model_cem,47,444,-257.74362061511295
world_model_cem,47,445,-254.64928882989352
world_model_cem,47,446,-251.60684809016527
world_model_cem,47,447,-251.2526380202226
world_model_cem,47,448,-237.27184305213285
world_model_cem,47,449,-248.15332762726698
world_model_cem,47,450,-256.3263938109427
world_model_cem,47,451,-259.0007622141802
world_model_cem,47,452,-263.18513567975333
world_model_cem,47,453,-268.2933969377733
world_model_cem,47,454,-270.33046267629607
world_model_cem,47,455,-286.6610344763443
world_model_cem,47,456,-283.66008160702296
world_model_cem,47,457,-282.16941608570494
world_model_cem,47,458,-271.95979511361054
world_model_cem,47,459,-288.2039537365403
world_model_cem,47,460,-283.8012486698575
world_model_cem,47,461,-275.8749030308571
world_model_cem,47,462,-270.57322086900325
world_model_cem,47,463,-260.7424526247237
world_model_cem,47,464,-252.42917298254014
world_model_cem,47,465,-248.26932876235608
world_model_cem,47,466,-248.25811647883188
world_model_cem,47,467,-247.28069048187172
world_model_cem,47,468,-241.5195184147686
world_model_cem,47,469,-252.4459360312527
world_model_cem,47,470,-254.45274447382394
world_model_cem,47,471,-260.54554182879747
world_model_cem,47,472,-268.6764407217852
world_model_cem,47,473,-270.16061096577937
world_model_cem,47,474,-285.4437007443384
world_model_cem,47,475,-287.85204111807366
world_model_cem,47,476,-282.09463933547937
world_model_cem,47,477,-282.6961345469214
world_model_cem,47,478,-291.5221808528663
world_model_cem,47,479,-282.1480242716717
world_model_cem,47,480,-280.3862225031957
world_model_cem,47,481,-276.0583509792984
world_model_cem,47,482,-279.16615474341427
world_model_cem,47,483,-267.61392371108536
world_model_cem,47,484,-256.6793968197203
world_model_cem,47,485,-260.2246985165585
world_model_cem,47,486,-251.2908877812134
world_model_cem,47,487,-246.82733899318583
world_model_cem,47,488,-243.86993989637185
world_model_cem,47,489,-249.42442584966074
world_model_cem,47,490,-257.6618533531073
world_model_cem,47,491,-255.94275254872446
world_model_cem,47,492,-268.17960689320705
world_model_cem,47,493,-266.3706091652632
world_model_cem,47,494,-282.4527097544244
world_model_cem,47,495,-278.1146247667639
world_model_cem,47,496,-289.48667940195634
world_model_cem,47,497,-278.792013516666
world_model_cem,47,498,-293.3443395582353
world_model_cem,47,499,-284.69652846337107
world_model_cem,47,500,-274.73198714369363
world_model_cem,47,501,-269.9746372484003
world_model_cem,47,502,-262.50296665714967
world_model_cem,47,503,-256.7938671184374
world_model_cem,47,504,-250.82089818556565
world_model_cem,47,505,-246.10846471369544
world_model_cem,47,506,-227.4343979189445
world_model_cem,47,507,-237.78028369575276
world_model_cem,47,508,-245.99019262293393
world_model_cem,47,509,-256.86993527691965
world_model_cem,47,510,-258.27951506518536
world_model_cem,47,511,-270.5490101313262
world_model_cem,47,512,-281.70381571380966
world_model_cem,47,513,-288.4500051777811
world_model_cem,47,514,-288.77489513640455
world_model_cem,47,515,-293.2745025669511
world_model_cem,47,516,-293.46804546079517
world_model_cem,47,517,-289.2108205135816
world_model_cem,47,518,-283.35353476994817
world_model_cem,47,519,-277.5936792559861
world_model_cem,47,520,-290.7469284765912
world_model_cem,47,521,-282.19916138321406
world_model_cem,47,522,-277.8245394991066
world_model_cem,47,523,-277.1684423161406
world_model_cem,47,524,-272.1959278061628
world_model_cem,47,525,-265.7524582943021
world_model_cem,47,526,-261.9420056984291
world_model_cem,47,527,-242.30658680882976
world_model_cem,47,528,-254.63297989502558
world_model_cem,47,529,-246.52328550307624
world_model_cem,47,530,-256.5973722089908
world_model_cem,47,531,-258.79673570020316
world_model_cem,47,532,-249.93368351334738
world_model_cem,47,533,-253.0755996469241
world_model_cem,47,534,-260.6916380124438
world_model_cem,47,535,-268.6292601239622
world_model_cem,47,536,-273.08945335396453
world_model_cem,47,537,-265.92591208261473
world_model_cem,47,538,-263.61537453387695
world_model_cem,47,539,-280.7246731147063
world_model_cem,47,540,-270.9276557268826
world_model_cem,47,541,-280.63180835126656
world_model_cem,47,542,-266.27057713232887
world_model_cem,47,543,-263.28553015837247
world_model_cem,47,544,-262.61476372286046
world_model_cem,47,545,-260.8111579511164
world_model_cem,47,546,-260.537078324728
world_model_cem,47,547,-257.9804376064875
world_model_cem,47,548,-257.79062646763066
world_model_cem,47,549,-257.79187664279044
world_model_cem,47,550,-258.5022988282378
world_model_cem,47,551,-259.4371638784018
world_model_cem,47,552,-268.5451856399129
world_model_cem,47,553,-272.17826159224626
world_model_cem,47,554,-281.53295520525865
world_model_cem,47,555,-279.5094585259163
world_model_cem,47,556,-290.3253392338149
world_model_cem,47,557,-295.2245029304106
world_model_cem,47,558,-291.48868878328153
world_model_cem,47,559,-292.4068336131135
world_model_cem,47,560,-285.5369653606531
world_model_cem,47,561,-288.6574996729252
world_model_cem,47,562,-282.53218580023224
world_model_cem,47,563,-275.5281610884641
world_model_cem,47,564,-279.2607692726295
world_model_cem,47,565,-272.4485204880833
world_model_cem,47,566,-265.566139649162
world_model_cem,47,567,-250.49299508254393
world_model_cem,47,568,-258.1409030007897
world_model_cem,47,569,-260.6391089356081
world_model_cem,47,570,-235.85410859947868
world_model_cem,47,571,-250.02192691119396
world_model_cem,47,572,-250.22850505046597
world_model_cem,47,573,-249.96764989733379
world_model_cem,47,574,-259.3077200462428
world_model_cem,47,575,-246.99062939114344
world_model_cem,47,576,-259.5060781750159
world_model_cem,47,577,-264.033363530756
world_model_cem,47,578,-263.9094079641612
world_model_cem,47,579,-273.05431206317496
world_model_cem,47,580,-280.59490892835925
world_model_cem,47,581,-284.9437524718315
world_model_cem,47,582,-268.7411685034266
world_model_cem,47,583,-271.7424161495392
world_model_cem,47,584,-269.09444323622927
world_model_cem,47,585,-263.57199521022716
world_model_cem,47,586,-259.9896761231459
world_model_cem,47,587,-261.83284909234726
world_model_cem,47,588,-250.49598483220822
world_model_cem,47,589,-256.7924913909749
world_model_cem,47,590,-247.9911517569129
world_model_cem,47,591,-249.24093819160208
world_model_cem,47,592,-260.19375657885774
world_model_cem,47,593,-262.90647427703317
world_model_cem,47,594,-266.74377996321704
world_model_cem,47,595,-283.4671828345146
world_model_cem,47,596,-282.7650193346064
world_model_cem,47,597,-287.0236805380658
world_model_cem,47,598,-294.1615865424859
world_model_cem,47,599,-282.6439878770602
world_model_cem,47,600,-287.6069301158867
world_model_cem,47,601,-277.8260555514376
world_model_cem,47,602,-285.6216051284286
world_model_cem,47,603,-283.24763733266616
world_model_cem,47,604,-281.1487709492787
world_model_cem,47,605,-263.19183351975346
world_model_cem,47,606,-257.0890001971575
world_model_cem,47,607,-256.96406079089644
world_model_cem,47,608,-249.93741201691805
world_model_cem,47,609,-242.80474431805135
world_model_cem,47,610,-247.10314284991964
world_model_cem,47,611,-247.17904195078728
world_model_cem,47,612,-246.1518056618189
world_model_cem,47,613,-258.7548673856013
world_model_cem,47,614,-263.8680370206388
world_model_cem,47,615,-274.3171855770379
world_model_cem,47,616,-273.919402194367
world_model_cem,47,617,-282.2265882022687
world_model_cem,47,618,-284.38702349175935
world_model_cem,47,619,-283.31287652235204
world_model_cem,47,620,-283.2619786864741
world_model_cem,47,621,-281.52114686347625
world_model_cem,47,622,-285.35620068086274
world_model_cem,47,623,-282.5561831249635
world_model_cem,47,624,-279.4957265006714
world_model_cem,47,625,-274.3506312619614
world_model_cem,47,626,-273.40864830510014
world_model_cem,47,627,-260.57476795957325
world_model_cem,47,628,-259.89847078061314
world_model_cem,47,629,-256.6291825606906
world_model_cem,47,630,-246.76370295090555
world_model_cem,47,631,-248.34553905552482
world_model_cem,47,632,-251.9951607831971
world_model_cem,47,633,-247.7565227227243
world_model_cem,47,634,-251.11954465221984
world_model_cem,47,635,-262.5190680258897
world_model_cem,47,636,-266.5092154767649
world_model_cem,47,637,-267.502414266543
world_model_cem,47,638,-275.1978253732367
world_model_cem,47,639,-282.85330073413184
world_model_cem,47,640,-277.24940503818766
world_model_cem,47,641,-286.6941435023092
world_model_cem,47,642,-281.0497835461138
world_model_cem,47,643,-285.20065901698604
world_model_cem,47,644,-290.6988374081048
world_model_cem,47,645,-251.49726949906093
world_model_cem,47,646,-260.8175667379231
world_model_cem,47,647,-270.3527537857143
world_model_cem,47,648,-260.91969234792555
world_model_cem,47,649,-255.98429739305433
world_model_cem,47,650,-244.76525971831802
world_model_cem,47,651,-252.46428386876903
world_model_cem,47,652,-256.5967284142857
world_model_cem,47,653,-256.12140610577717
world_model_cem,47,654,-257.92361179874285
world_model_cem,47,655,-270.9805925764827
world_model_cem,47,656,-278.43868693743065
world_model_cem,47,657,-277.90059541991786
world_model_cem,47,658,-274.4145132427625
world_model_cem,47,659,-289.3215419924051
world_model_cem,47,660,-288.3904618958538
world_model_cem,47,661,-284.91929067230444
world_model_cem,47,662,-283.10439913874063
world_model_cem,47,663,-285.0034174973108
world_model_cem,47,664,-284.1178345837628
world_model_cem,47,665,-278.2818502649029
world_model_cem,47,666,-273.827369119844
world_model_cem,47,667,-271.46338216282396
world_model_cem,47,668,-270.9704030801495
world_model_cem,47,669,-265.63983881297526
world_model_cem,47,670,-258.9705986569964
world_model_cem,47,671,-244.71103592800722
world_model_cem,47,672,-252.23440877216922
world_model_cem,47,673,-248.21202404586904
world_model_cem,47,674,-245.34272236488718
world_model_cem,47,675,-244.04083671625548
world_model_cem,47,676,-261.97338807422125
world_model_cem,47,677,-261.32433143530386
world_model_cem,47,678,-261.87441135085646
world_model_cem,47,679,-273.5189023142265
world_model_cem,47,680,-272.7277803692257
world_model_cem,47,681,-280.8541785528615
world_model_cem,47,682,-282.91880507104344
world_model_cem,47,683,-284.10180341248594
world_model_cem,47,684,-283.3854257313317
world_model_cem,47,685,-279.1337064798598
world_model_cem,47,686,-271.21413494856216
world_model_cem,47,687,-262.4117632702495
world_model_cem,47,688,-263.4525394385075
world_model_cem,47,689,-255.17537043356285
world_model_cem,47,690,-255.42411859603038
world_model_cem,47,691,-254.15715331968198
world_model_cem,47,692,-246.43681367241092
world_model_cem,47,693,-253.96473578408612
world_model_cem,47,694,-255.41601846136786
world_model_cem,47,695,-265.8464450625039
world_model_cem,47,696,-274.79005583168015
world_model_cem,47,697,-278.1583770216882
world_model_cem,47,698,-288.31547027549317
world_model_cem,47,699,-293.49201806828887
world_model_cem,47,700,-294.34086731460496
world_model_cem,47,701,-288.25712337685343
world_model_cem,47,702,-294.1138738124758
world_model_cem,47,703,-292.2441205120165
world_model_cem,47,704,-285.0602684321437
world_model_cem,47,705,-281.48715144201054
world_model_cem,47,706,-270.25961058361133
world_model_cem,47,707,-266.1676987658366
world_model_cem,47,708,-257.550458813256
world_model_cem,47,709,-253.94704355335656
world_model_cem,47,710,-250.4235893265357
world_model_cem,47,711,-238.12416756657416
world_model_cem,47,712,-248.6217805850328
world_model_cem,47,713,-243.92328836797847
world_model_cem,47,714,-248.9568540648924
world_model_cem,47,715,-258.6144029715492
world_model_cem,47,716,-266.4312211531362
world_model_cem,47,717,-261.94942483636606
world_model_cem,47,718,-277.3419999061736
world_model_cem,47,719,-273.4923251582967
world_model_cem,47,720,-281.1185150552509
world_model_cem,47,721,-284.1537474777895
world_model_cem,47,722,-290.11676240951147
world_model_cem,47,723,-291.09860867331116
world_model_cem,47,724,-270.9765233559011
world_model_cem,47,725,-269.0880378013441
world_model_cem,47,726,-272.22342278714143
world_model_cem,47,727,-262.55971340275653
world_model_cem,47,728,-252.0803129071055
world_model_cem,47,729,-254.7830377707258
world_model_cem,47,730,-243.56769857744484
world_model_cem,47,731,-245.73005400301886
world_model_cem,47,732,-251.95850324491187
world_model_cem,47,733,-257.36542648364855
world_model_cem,47,734,-255.61330925989756
world_model_cem,47,735,-262.7761743630765
world_model_cem,47,736,-268.8407014007008
world_model_cem,47,737,-276.4938592254185
world_model_cem,47,738,-288.9738678524043
world_model_cem,47,739,-293.65555971250853
world_model_cem,47,740,-291.5472508314488
world_model_cem,47,741,-294.6170590214967
world_model_cem,47,742,-272.56509796291084
world_model_cem,47,743,-285.58235764059503
world_model_cem,47,744,-267.1544624462643
world_model_cem,47,745,-261.14701858913105
world_model_cem,47,746,-255.8685785560551
world_model_cem,47,747,-242.56401501637032
world_model_cem,47,748,-248.19787056688685
world_model_cem,47,749,-245.06360576627512
world_model_cem,47,750,-241.6686038404241
world_model_cem,47,751,-244.96164920128427
world_model_cem,47,752,-249.06635683043075
world_model_cem,47,753,-252.26092903254096
world_model_cem,47,754,-269.994709923466
world_model_cem,47,755,-278.54342616298976
world_model_cem,47,756,-286.3102244480957
world_model_cem,47,757,-290.1955170613798
world_model_cem,47,758,-294.3224842986626
world_model_cem,47,759,-289.9455552843263
world_model_cem,47,760,-288.70969834533605
world_model_cem,47,761,-296.8652952452003
world_model_cem,47,762,-285.5051093869856
world_model_cem,47,763,-280.9221113883341
world_model_cem,47,764,-286.5601468180081
world_model_cem,47,765,-280.49445987852215
world_model_cem,47,766,-269.04294041223693
world_model_cem,47,767,-268.48518744268983
world_model_cem,47,768,-262.95193535278014
world_model_cem,47,769,-252.8346814318562
world_model_cem,47,770,-253.51403377047293
world_model_cem,47,771,-242.7164866155083
world_model_cem,47,772,-248.56274871207867
world_model_cem,47,773,-244.52278854040063
world_model_cem,47,774,-224.96708263512932
world_model_cem,47,775,-255.55616189570333
world_model_cem,47,776,-259.0693772683088
world_model_cem,47,777,-264.6684395233991
world_model_cem,47,778,-275.0677216305294
world_model_cem,47,779,-272.155209341901
world_model_cem,47,780,-280.2600793876603
world_model_cem,47,781,-280.0714334232358
world_model_cem,47,782,-286.7509833798476
world_model_cem,47,783,-289.2453203389672
world_model_cem,47,784,-278.49024379100183
world_model_cem,47,785,-275.6895151577054
world_model_cem,47,786,-267.7305740670174
world_model_cem,47,787,-253.625084612055
world_model_cem,47,788,-256.7399615167705
world_model_cem,47,789,-253.74578261679298
world_model_cem,47,790,-250.43571070679118
world_model_cem,47,791,-254.49466782531476
world_model_cem,47,792,-252.5783186646215
world_model_cem,47,793,-262.3184311458901
world_model_cem,47,794,-267.4445059858647
world_model_cem,47,795,-271.5588836820195
world_model_cem,47,796,-279.5364967995171
world_model_cem,47,797,-285.8271663792
world_model_cem,47,798,-285.8913425475843
world_model_cem,47,799,-290.8208144343835
world_model_cem,47,800,-281.52864104816575
world_model_cem,47,801,-290.13033217577726
world_model_cem,47,802,-277.289226763931
world_model_cem,47,803,-288.60706902341434
world_model_cem,47,804,-289.36484109943467
world_model_cem,47,805,-289.0367445365015
world_model_cem,47,806,-279.01529724468986
world_model_cem,47,807,-267.61904733380453
world_model_cem,47,808,-242.85326236234368
world_model_cem,47,809,-259.3324701035039
world_model_cem,47,810,-253.7354642768178
world_model_cem,47,811,-250.60466565196248
world_model_cem,47,812,-248.65331993227636
world_model_cem,47,813,-240.41893608544848
world_model_cem,47,814,-249.6519859653381
world_model_cem,47,815,-256.09226132559627
world_model_cem,47,816,-258.2741181667635
world_model_cem,47,817,-259.8617326797161
world_model_cem,47,818,-273.27640479660874
world_model_cem,47,819,-274.67745070318847
world_model_cem,47,820,-287.787522354986
world_model_cem,47,821,-282.3078102574564
world_model_cem,47,822,-289.1842410016981
world_model_cem,47,823,-278.1180183935852
world_model_cem,47,824,-276.24991422101965
world_model_cem,47,825,-275.28449551313145
world_model_cem,47,826,-261.84290360080024
world_model_cem,47,827,-262.46231279886933
world_model_cem,47,828,-250.68456983166382
world_model_cem,47,829,-253.5133880793286
world_model_cem,47,830,-246.53190244779518
world_model_cem,47,831,-245.58000244071437
world_model_cem,47,832,-247.06428250532167
world_model_cem,47,833,-256.9261863336451
world_model_cem,47,834,-260.5496718647849
world_model_cem,47,835,-269.1692586608214
world_model_cem,47,836,-281.2607936093415
world_model_cem,47,837,-281.7660764848699
world_model_cem,47,838,-290.0067319472527
world_model_cem,47,839,-294.74247039987665
world_model_cem,47,840,-291.18270494727955
world_model_cem,47,841,-282.28270748268926
world_model_cem,47,842,-288.90717422279187
world_model_cem,47,843,-284.2669941197195
world_model_cem,47,844,-273.40797231734683
world_model_cem,47,845,-272.7964870032276
world_model_cem,47,846,-263.3650165659286
world_model_cem,47,847,-256.7239279327718
world_model_cem,47,848,-252.42686466719584
world_model_cem,47,849,-234.31634479206068
world_model_cem,47,850,-248.6823776023806
world_model_cem,47,851,-244.97313933446873
world_model_cem,47,852,-244.95752684041503
world_model_cem,47,853,-252.74825287522108
world_model_cem,47,854,-268.60665296623347
world_model_cem,47,855,-276.8629200482083
world_model_cem,47,856,-283.13038782823133
world_model_cem,47,857,-289.4427201001807
world_model_cem,47,858,-287.98566139894047
world_model_cem,47,859,-284.29942963839386
world_model_cem,47,860,-283.33846836105954
world_model_cem,47,861,-279.6706962571052
world_model_cem,47,862,-292.6191122426885
world_model_cem,47,863,-285.1586234057746
world_model_cem,47,864,-279.7346698520189
world_model_cem,47,865,-275.8260619861526
world_model_cem,47,866,-269.5565093886805
world_model_cem,47,867,-262.23194742875296
world_model_cem,47,868,-254.69959491546248
world_model_cem,47,869,-253.84086337700973
world_model_cem,47,870,-245.87865630807767
world_model_cem,47,871,-251.05922003302075
world_model_cem,47,872,-250.29256111390697
world_model_cem,47,873,-242.0824820856755
world_model_cem,47,874,-256.43640498982904
world_model_cem,47,875,-271.7366290342841
world_model_cem,47,876,-274.7210877045713
world_model_cem,47,877,-269.1403054201138
world_model_cem,47,878,-280.60948136141263
world_model_cem,47,879,-281.6313004096695
world_model_cem,47,880,-284.9778795828122
world_model_cem,47,881,-278.6623024803869
world_model_cem,47,882,-271.9296631511961
world_model_cem,47,883,-272.9277078501253
world_model_cem,47,884,-265.3993565434023
world_model_cem,47,885,-265.2078070732544
world_model_cem,47,886,-263.7854343567878
world_model_cem,47,887,-248.65719337660767
world_model_cem,47,888,-249.85327035709722
world_model_cem,47,889,-244.42324947098837
world_model_cem,47,890,-251.3059738664076
world_model_cem,47,891,-258.73601133062124
world_model_cem,47,892,-266.7928779109535
world_model_cem,47,893,-263.22781782545894
world_model_cem,47,894,-278.8417291725616
world_model_cem,47,895,-292.00425993754345
world_model_cem,47,896,-291.7774418256571
world_model_cem,47,897,-287.2795869600356
world_model_cem,47,898,-285.9579381979351
world_model_cem,47,899,-288.0872043024528
world_model_cem,47,900,-287.8746675821404
world_model_cem,47,901,-293.78978965856527
world_model_cem,47,902,-293.8757481468318
world_model_cem,47,903,-283.95818515083334
world_model_cem,47,904,-272.96097276883273
world_model_cem,47,905,-268.32211306414143
world_model_cem,47,906,-263.5682068990732
world_model_cem,47,907,-245.66637738643936
world_model_cem,47,908,-250.5528562968333
world_model_cem,47,909,-249.39454746486916
world_model_cem,47,910,-241.8463733076997
world_model_cem,47,911,-248.89298507239846
world_model_cem,47,912,-252.3398634111711
world_model_cem,47,913,-249.24500248576348
world_model_cem,47,914,-242.15257521101051
world_model_cem,47,915,-260.5215134022429
world_model_cem,47,916,-271.2095411051204
world_model_cem,47,917,-267.44250301170223
world_model_cem,47,918,-280.3946664786931
world_model_cem,47,919,-284.4749905856988
world_model_cem,47,920,-281.99715209417786
world_model_cem,47,921,-287.2949451563688
world_model_cem,47,922,-280.8849186466955
world_model_cem,47,923,-266.31111343076043
world_model_cem,47,924,-260.27021952347235
world_model_cem,47,925,-256.2251333317299
world_model_cem,47,926,-258.696560938582
world_model_cem,47,927,-253.0921916245827
world_model_cem,47,928,-251.296957267214
world_model_cem,47,929,-240.7853325394584
world_model_cem,47,930,-255.41781824406831
world_model_cem,47,931,-261.51733487582
world_model_cem,47,932,-265.80948972772995
world_model_cem,47,933,-267.0836699546043
world_model_cem,47,934,-273.9404210002465
world_model_cem,47,935,-275.0461109124885
world_model_cem,47,936,-286.2855129411641
world_model_cem,47,937,-289.64573790909776
world_model_cem,47,938,-293.6257739886069
world_model_cem,47,939,-282.97524813330756
world_model_cem,47,940,-293.23010827480647
world_model_cem,47,941,-288.8190094309035
world_model_cem,47,942,-283.36881109962854
world_model_cem,47,943,-264.20782783946595
world_model_cem,47,944,-266.6314917128219
world_model_cem,47,945,-262.4710933229375
world_model_cem,47,946,-251.94158891957886
world_model_cem,47,947,-254.18398968254394
world_model_cem,47,948,-249.60538349249845
world_model_cem,47,949,-246.18981544751836
world_model_cem,47,950,-245.81748617056195
world_model_cem,47,951,-255.13994147761633
world_model_cem,47,952,-258.68002777417706
world_model_cem,47,953,-254.86412961870414
world_model_cem,47,954,-268.23318933751557
world_model_cem,47,955,-271.91589532808223
world_model_cem,47,956,-282.6870283341837
world_model_cem,47,957,-273.00024892018706
world_model_cem,47,958,-286.6787171549163
world_model_cem,47,959,-284.97119681965546
world_model_cem,47,960,-276.22155236305105
world_model_cem,47,961,-284.7689920744781
world_model_cem,47,962,-288.1895459368389
world_model_cem,47,963,-281.3930922756254
world_model_cem,47,964,-267.6303296287065
world_model_cem,47,965,-258.36040252432326
world_model_cem,47,966,-249.42601789521873
world_model_cem,47,967,-243.8618211761563
world_model_cem,47,968,-245.75635165478107
world_model_cem,47,969,-242.06970678249036
world_model_cem,47,970,-240.7074199378999
world_model_cem,47,971,-250.5502709554122
world_model_cem,47,972,-241.0621978995605
world_model_cem,47,973,-255.60525740219936
world_model_cem,47,974,-257.56483572763227
world_model_cem,47,975,-274.9644388175773
world_model_cem,47,976,-280.92515649251783
world_model_cem,47,977,-288.63363701603697
world_model_cem,47,978,-287.63707037446585
world_model_cem,47,979,-282.74200256504594
world_model_cem,47,980,-285.5705942680928
world_model_cem,47,981,-286.9760097954247
world_model_cem,47,982,-283.37183010839874
world_model_cem,47,983,-283.75577699075905
world_model_cem,47,984,-283.8020771764925
world_model_cem,47,985,-277.78876422996063
world_model_cem,47,986,-264.81610474966914
world_model_cem,47,987,-263.4269195715039
world_model_cem,47,988,-249.07997988101903
world_model_cem,47,989,-248.5909342936422
world_model_cem,47,990,-250.57053186554154
world_model_cem,47,991,-244.04478629409294
world_model_cem,47,992,-241.76726361097315
world_model_cem,47,993,-257.12654839409146
world_model_cem,47,994,-244.7757241717273
world_model_cem,47,995,-261.5625293941581
world_model_cem,47,996,-273.2785470222189
world_model_cem,47,997,-271.9410232461887
world_model_cem,47,998,-281.6993159053984
world_model_cem,47,999,-283.73913381425217
world_model_cem,47,1000,-284.68649943527834
world_model_cem,48,1,-190.69061093888962
world_model_cem,48,2,-197.24825793162717
world_model_cem,48,3,-194.7754965936794
world_model_cem,48,4,-190.2995460422493
world_model_cem,48,5,-211.11469163990125
world_model_cem,48,6,-198.3909313090683
world_model_cem,48,7,-190.8124213569347
world_model_cem,48,8,-160.937880051033
world_model_cem,48,9,-182.29075604299192
world_model_cem,48,10,-173.3400262995011
world_model_cem,48,11,-195.89103619047265
world_model_cem,48,12,-188.98849310565816
world_model_cem,48,13,-196.51912400469809
world_model_cem,48,14,-225.76231823193882
world_model_cem,48,15,-217.5571432906085
world_model_cem,48,16,-265.69259305015055
world_model_cem,48,17,-331.5293967844945
world_model_cem,48,18,-285.7273602167709
world_model_cem,48,19,-374.35077956489056
world_model_cem,48,20,-341.5384593506791
world_model_cem,48,21,-362.9448737237195
world_model_cem,48,22,-307.78285731241346
world_model_cem,48,23,-221.78300092202392
world_model_cem,48,24,-244.38252433342768
world_model_cem,48,25,-317.945821715109
world_model_cem,48,26,-267.78294159924997
world_model_cem,48,27,-242.43798357959926
world_model_cem,48,28,-243.80505994166043
world_model_cem,48,29,-245.208408960329
world_model_cem,48,30,-315.5529703029351
world_model_cem,48,31,-210.294493574047
world_model_cem,48,32,-249.81399057998073
world_model_cem,48,33,-258.22295562431066
world_model_cem,48,34,-307.9403913046485
world_model_cem,48,35,-223.61491413692482
world_model_cem,48,36,-229.6880198706367
world_model_cem,48,37,-305.8053201273486
world_model_cem,48,38,-302.044649129078
world_model_cem,48,39,-298.6045402308745
world_model_cem,48,40,-287.4366360499261
world_model_cem,48,41,-286.86998705245446
world_model_cem,48,42,-285.8291289683494
world_model_cem,48,43,-283.4383011227533
world_model_cem,48,44,-273.2003024864229
world_model_cem,48,45,-278.4646163243534
world_model_cem,48,46,-273.8468100110939
world_model_cem,48,47,-271.26004064395664
world_model_cem,48,48,-264.53281409842344
world_model_cem,48,49,-251.65847399493146
world_model_cem,48,50,-252.30793524962868
world_model_cem,48,51,-248.92204360798303
world_model_cem,48,52,-251.71680771334417
world_model_cem,48,53,-250.4578240934254
world_model_cem,48,54,-238.81779850162633
world_model_cem,48,55,-239.81749091688346
world_model_cem,48,56,-253.40098310774664
world_model_cem,48,57,-259.5060589457661
world_model_cem,48,58,-269.17097106555343
world_model_cem,48,59,-263.68049838790944
world_model_cem,48,60,-277.9989642007947
world_model_cem,48,61,-267.6815562251849
world_model_cem,48,62,-285.40892279110545
world_model_cem,48,63,-282.1015440847817
world_model_cem,48,64,-285.400625096212
world_model_cem,48,65,-281.7557547242607
world_model_cem,48,66,-288.65618846930454
world_model_cem,48,67,-291.9658204665595
world_model_cem,48,68,-290.6986721420071
world_model_cem,48,69,-291.05436358435384
world_model_cem,48,70,-286.502582292875
world_model_cem,48,71,-291.67487021903844
world_model_cem,48,72,-288.9930360045654
world_model_cem,48,73,-279.35066855909366
world_model_cem,48,74,-277.9069449338641
world_model_cem,48,75,-286.37559944136274
world_model_cem,48,76,-280.29190882110146
world_model_cem,48,77,-278.51100987916476
world_model_cem,48,78,-282.6143424207599
world_model_cem,48,79,-280.9801134393523
world_model_cem,48,80,-280.8297230887591
world_model_cem,48,81,-275.19198959162827
world_model_cem,48,82,-274.53932724447617
world_model_cem,48,83,-276.3743370349124
world_model_cem,48,84,-262.02053436941657
world_model_cem,48,85,-272.07079399685796
world_model_cem,48,86,-268.2220719101619
world_model_cem,48,87,-275.7025980760392
world_model_cem,48,88,-272.2936439417738
world_model_cem,48,89,-263.27301547593754
world_model_cem,48,90,-267.57665385575785
world_model_cem,48,91,-280.13945861410707
world_model_cem,48,92,-276.22971945227306
world_model_cem,48,93,-272.00678785462406
world_model_cem,48,94,-277.74258119774413
world_model_cem,48,95,-272.7184150455535
world_model_cem,48,96,-272.90337911047766
world_model_cem,48,97,-269.4261630575636
world_model_cem,48,98,-262.6396076773482
world_model_cem,48,99,-263.2886130414954
world_model_cem,48,100,-262.7493637404097
world_model_cem,48,101,-250.94350512800736
world_model_cem,48,102,-241.72614373392545
world_model_cem,48,103,-243.28285745474227
world_model_cem,48,104,-256.2273550038072
world_model_cem,48,105,-257.99518832299077
world_model_cem,48,106,-271.1635177125899
world_model_cem,48,107,-269.5746458269972
world_model_cem,48,108,-268.39701472589394
world_model_cem,48,109,-261.83989321835287
world_model_cem,48,110,-285.27616557284296
world_model_cem,48,111,-285.9936177211945
world_model_cem,48,112,-277.32918055860176
world_model_cem,48,113,-273.01226959346656
world_model_cem,48,114,-270.91164152612004
world_model_cem,48,115,-279.55048204630236
world_model_cem,48,116,-280.94013269415825
world_model_cem,48,117,-278.05917876883444
world_model_cem,48,118,-260.43583181932524
world_model_cem,48,119,-265.44139264337747
world_model_cem,48,120,-256.03623815904837
world_model_cem,48,121,-252.2136730175858
world_model_cem,48,122,-251.49659320887616
world_model_cem,48,123,-248.9649119200432
world_model_cem,48,124,-251.5188120688834
world_model_cem,48,125,-256.69406556635323
world_model_cem,48,126,-258.38050414538577
world_model_cem,48,127,-268.8684637215133
world_model_cem,48,128,-272.3211295712241
world_model_cem,48,129,-278.1768984438988
world_model_cem,48,130,-286.54185384625384
world_model_cem,48,131,-287.1705339410477
world_model_cem,48,132,-279.9122005927875
world_model_cem,48,133,-277.3953745444752
world_model_cem,48,134,-284.7611810964613
world_model_cem,48,135,-275.5998550721334
world_model_cem,48,136,-290.14585511960394
world_model_cem,48,137,-273.47735331420165
world_model_cem,48,138,-277.6864191779488
world_model_cem,48,139,-269.4170132112551
world_model_cem,48,140,-260.90406943622776
world_model_cem,48,141,-259.80999154678506
world_model_cem,48,142,-251.94333241773407
world_model_cem,48,143,-250.2327116512727
world_model_cem,48,144,-244.2605247050305
world_model_cem,48,145,-252.14913713529162
world_model_cem,48,146,-260.10385652767314
world_model_cem,48,147,-263.0893625203812
world_model_cem,48,148,-255.9497167415969
world_model_cem,48,149,-267.92901917652597
world_model_cem,48,150,-269.04237567729285
world_model_cem,48,151,-279.3776212226918
world_model_cem,48,152,-287.4750095608076
world_model_cem,48,153,-278.43250108386917
world_model_cem,48,154,-281.8274203735473
world_model_cem,48,155,-276.0670367496891
world_model_cem,48,156,-269.75888441395637
world_model_cem,48,157,-268.8021025593068
world_model_cem,48,158,-257.0525295826505
world_model_cem,48,159,-259.97696642438984
world_model_cem,48,160,-253.0950214476996
world_model_cem,48,161,-252.39426217228544
world_model_cem,48,162,-248.19296515122565
world_model_cem,48,163,-250.34750664565956
world_model_cem,48,164,-261.0217787908739
world_model_cem,48,165,-260.6601037877358
world_model_cem,48,166,-269.9725658070625
world_model_cem,48,167,-276.1825585270194
world_model_cem,48,168,-289.07907996781546
world_model_cem,48,169,-282.45313302677704
world_model_cem,48,170,-295.684744791763
world_model_cem,48,171,-284.5240382596292
world_model_cem,48,172,-287.90282997551566
world_model_cem,48,173,-285.28154724538774
world_model_cem,48,174,-278.58396924812826
world_model_cem,48,175,-258.029824073605
world_model_cem,48,176,-274.15056687951886
world_model_cem,48,177,-261.6265427219673
world_model_cem,48,178,-263.6204624611287
world_model_cem,48,179,-257.05548277578123
world_model_cem,48,180,-250.33688030073245
world_model_cem,48,181,-245.93606977920024
world_model_cem,48,182,-247.64968532369716
world_model_cem,48,183,-246.91378344850628
world_model_cem,48,184,-249.71539647002072
world_model_cem,48,185,-255.6800153598214
world_model_cem,48,186,-259.8482304270666
world_model_cem,48,187,-273.36724380546747
world_model_cem,48,188,-279.13191260948577
world_model_cem,48,189,-284.89485827782875
world_model_cem,48,190,-292.5688821333066
world_model_cem,48,191,-288.3758324604337
world_model_cem,48,192,-286.45540298603305
world_model_cem,48,193,-285.7604740831628
world_model_cem,48,194,-276.5855862581016
world_model_cem,48,195,-279.12940478656355
world_model_cem,48,196,-264.03438843370566
world_model_cem,48,197,-264.2967159116071
world_model_cem,48,198,-258.3675961619459
world_model_cem,48,199,-247.0488250955349
world_model_cem,48,200,-237.91013269900304
world_model_cem,48,201,-249.88970136428566
world_model_cem,48,202,-248.65462885660153
world_model_cem,48,203,-256.0497583575387
world_model_cem,48,204,-251.0699858728251
world_model_cem,48,205,-263.76539903330445
world_model_cem,48,206,-273.5455789931623
world_model_cem,48,207,-285.45725771914033
world_model_cem,48,208,-285.09758985339573
world_model_cem,48,209,-291.8479446474299
world_model_cem,48,210,-282.7546722870738
world_model_cem,48,211,-286.03028528178703
world_model_cem,48,212,-283.0851353303203
world_model_cem,48,213,-279.851578100451
world_model_cem,48,214,-289.70158372253354
world_model_cem,48,215,-280.86131601606155
world_model_cem,48,216,-275.3832632169985
world_model_cem,48,217,-268.221592047629
world_model_cem,48,218,-256.81429134477384
world_model_cem,48,219,-247.69297709651408
world_model_cem,48,220,-244.21507338260614
world_model_cem,48,221,-239.2639893779587
world_model_cem,48,222,-240.53979599280316
world_model_cem,48,223,-249.52882898059468
world_model_cem,48,224,-252.61899316706763
world_model_cem,48,225,-254.30171136937804
world_model_cem,48,226,-262.779109892682
world_model_cem,48,227,-265.20149682356106
world_model_cem,48,228,-277.1068638429594
world_model_cem,48,229,-278.0876070708574
world_model_cem,48,230,-281.74297150659777
world_model_cem,48,231,-285.29618599545495
world_model_cem,48,232,-280.71204615622173
world_model_cem,48,233,-294.84114355181924
world_model_cem,48,234,-284.1169908135058
world_model_cem,48,235,-270.4502610783262
world_model_cem,48,236,-271.67852545353117
world_model_cem,48,237,-264.8102998867538
world_model_cem,48,238,-259.31859747380014
world_model_cem,48,239,-244.1556258499575
world_model_cem,48,240,-254.5298522454857
world_model_cem,48,241,-249.7163127527357
world_model_cem,48,242,-247.73975947563477
world_model_cem,48,243,-259.42535191685266
world_model_cem,48,244,-261.7953675841428
world_model_cem,48,245,-268.90584512496423
world_model_cem,48,246,-280.0869357011329
world_model_cem,48,247,-282.8577539185492
world_model_cem,48,248,-283.0869756184552
world_model_cem,48,249,-286.657599440853
world_model_cem,48,250,-281.85835958655525
world_model_cem,48,251,-288.6291376450372
world_model_cem,48,252,-280.86941959777505
world_model_cem,48,253,-273.31063767814203
world_model_cem,48,254,-260.0455028876005
world_model_cem,48,255,-259.2769737715038
world_model_cem,48,256,-251.27828538683994
world_model_cem,48,257,-248.00093149404645
world_model_cem,48,258,-239.95917330950712
world_model_cem,48,259,-243.3545812040719
world_model_cem,48,260,-252.2275132130189
world_model_cem,48,261,-246.96248994176955
world_model_cem,48,262,-268.2116404215797
world_model_cem,48,263,-265.9883713718441
world_model_cem,48,264,-282.9817710598501
world_model_cem,48,265,-284.78240419193924
world_model_cem,48,266,-292.0312211878808
world_model_cem,48,267,-287.4711212051998
world_model_cem,48,268,-291.29931352282676
world_model_cem,48,269,-283.64277256308196
world_model_cem,48,270,-285.0450057140539
world_model_cem,48,271,-287.67856338473854
world_model_cem,48,272,-290.32166869111563
world_model_cem,48,273,-283.16260076955166
world_model_cem,48,274,-266.1910240970194
world_model_cem,48,275,-262.5564005196658
world_model_cem,48,276,-257.0948869916786
world_model_cem,48,277,-251.19411170875702
world_model_cem,48,278,-244.7962644367734
world_model_cem,48,279,-246.65265207185888
world_model_cem,48,280,-250.85745194631346
world_model_cem,48,281,-253.2388627389284
world_model_cem,48,282,-251.50942466040624
world_model_cem,48,283,-267.98913804130393
world_model_cem,48,284,-269.3207504258684
world_model_cem,48,285,-271.4083740144786
world_model_cem,48,286,-284.1835003348821
world_model_cem,48,287,-291.2064587768067
world_model_cem,48,288,-284.0854012493491
world_model_cem,48,289,-288.00686972816453
world_model_cem,48,290,-276.91372958633826
world_model_cem,48,291,-276.94402765478884
world_model_cem,48,292,-270.0864206458422
world_model_cem,48,293,-266.3606091549455
world_model_cem,48,294,-258.26791580661467
world_model_cem,48,295,-255.6155037815705
world_model_cem,48,296,-240.42972144281717
world_model_cem,48,297,-238.15372496832413
world_model_cem,48,298,-247.49872546827805
world_model_cem,48,299,-256.0401624838281
world_model_cem,48,300,-262.37784853357437
world_model_cem,48,301,-272.8585717380628
world_model_cem,48,302,-267.5820580591242
world_model_cem,48,303,-279.9706412631713
world_model_cem,48,304,-277.59135106108397
world_model_cem,48,305,-289.46810568548426
world_model_cem,48,306,-294.82379237641084
world_model_cem,48,307,-287.6193820729511
world_model_cem,48,308,-278.8058737216888
world_model_cem,48,309,-287.0050187847114
world_model_cem,48,310,-287.8532556763509
world_model_cem,48,311,-280.61375644714457
world_model_cem,48,312,-269.24533927282255
world_model_cem,48,313,-275.0961972444576
world_model_cem,48,314,-274.64121691624143
world_model_cem,48,315,-263.77758094258047
world_model_cem,48,316,-263.3856414436137
world_model_cem,48,317,-257.0260675545629
world_model_cem,48,318,-260.49178714188696
world_model_cem,48,319,-249.8456264664244
world_model_cem,48,320,-250.79587124669843
world_model_cem,48,321,-263.2453670448406
world_model_cem,48,322,-259.9493079598163
world_model_cem,48,323,-258.06248811033385
world_model_cem,48,324,-266.45195172411553
world_model_cem,48,325,-266.5856334384475
world_model_cem,48,326,-270.1701472184713
world_model_cem,48,327,-275.59198170106356
world_model_cem,48,328,-280.866814431963
world_model_cem,48,329,-274.4785131794198
world_model_cem,48,330,-279.73052086581436
world_model_cem,48,331,-279.65429852786997
world_model_cem,48,332,-277.15327136748635
world_model_cem,48,333,-277.8357846483888
world_model_cem,48,334,-280.3713843108677
world_model_cem,48,335,-270.88810062708905
world_model_cem,48,336,-273.8259322052918
world_model_cem,48,337,-284.8747419273495
world_model_cem,48,338,-275.8074121649178
world_model_cem,48,339,-268.9017927575628
world_model_cem,48,340,-254.31778978462242
world_model_cem,48,341,-260.7397935513209
world_model_cem,48,342,-258.9556696968197
world_model_cem,48,343,-258.82438125579375
world_model_cem,48,344,-258.5435550968679
world_model_cem,48,345,-256.57818289368015
world_model_cem,48,346,-264.22581377557225
world_model_cem,48,347,-265.3155310413395
world_model_cem,48,348,-265.7479258083339
world_model_cem,48,349,-262.8637047393685
world_model_cem,48,350,-270.6683219180932
world_model_cem,48,351,-275.0218668075237
world_model_cem,48,352,-276.1890785773637
world_model_cem,48,353,-273.3219040252157
world_model_cem,48,354,-277.6964252922098
world_model_cem,48,355,-275.7803219439738
world_model_cem,48,356,-279.6661822238622
world_model_cem,48,357,-281.18516257321875
world_model_cem,48,358,-281.87579351661276
world_model_cem,48,359,-276.39416323324826
world_model_cem,48,360,-267.2207780287288
world_model_cem,48,361,-260.3342786341494
world_model_cem,48,362,-260.40232613597175
world_model_cem,48,363,-256.77803545978225
world_model_cem,48,364,-258.2034927783122
world_model_cem,48,365,-249.70286576134134
world_model_cem,48,366,-252.52837659453866
world_model_cem,48,367,-254.50016295198623
world_model_cem,48,368,-260.92912247177946
world_model_cem,48,369,-257.2652883867853
world_model_cem,48,370,-265.9530902186724
world_model_cem,48,371,-267.50735805321074
world_model_cem,48,372,-273.65895468275465
world_model_cem,48,373,-272.2707598239708
world_model_cem,48,374,-272.2883649945837
world_model_cem,48,375,-282.63573386101496
world_model_cem,48,376,-282.16856604104373
world_model_cem,48,377,-285.2705810056084
world_model_cem,48,378,-283.0457919618923
world_model_cem,48,379,-281.1962098943817
world_model_cem,48,380,-279.3853390658253
world_model_cem,48,381,-278.1818512783243
world_model_cem,48,382,-289.137601355386
world_model_cem,48,383,-271.1595736419411
world_model_cem,48,384,-260.9046930586702
world_model_cem,48,385,-259.4829575420189
world_model_cem,48,386,-259.03781894469716
world_model_cem,48,387,-259.97264680713937
world_model_cem,48,388,-255.15282764497277
world_model_cem,48,389,-249.5174281590633
world_model_cem,48,390,-255.81512209468016
world_model_cem,48,391,-259.2518704035424
world_model_cem,48,392,-262.1898967131133
world_model_cem,48,393,-256.09310718986586
world_model_cem,48,394,-271.01038460093025
world_model_cem,48,395,-266.8905087897306
world_model_cem,48,396,-283.51482728274686
world_model_cem,48,397,-276.08596006292765
world_model_cem,48,398,-270.6667886302301
world_model_cem,48,399,-271.6550694314932
world_model_cem,48,400,-273.05377198820804
world_model_cem,48,401,-256.2431685423224
world_model_cem,48,402,-268.22461785053395
world_model_cem,48,403,-262.2316607573844
world_model_cem,48,404,-253.48285653030132
world_model_cem,48,405,-253.88010931464436
world_model_cem,48,406,-245.53182636492332
world_model_cem,48,407,-251.93516950225217
world_model_cem,48,408,-261.1525444056852
world_model_cem,48,409,-254.3796263787253
world_model_cem,48,410,-267.76666816346005
world_model_cem,48,411,-270.30231917928165
world_model_cem,48,412,-275.98997391415213
world_model_cem,48,413,-289.4276076518346
world_model_cem,48,414,-296.0213040806589
world_model_cem,48,415,-295.12388426980317
world_model_cem,48,416,-291.8118393275961
world_model_cem,48,417,-273.81774014695355
world_model_cem,48,418,-290.9576376858896
world_model_cem,48,419,-290.32404148083185
world_model_cem,48,420,-276.6251899021588
world_model_cem,48,421,-280.4414371344575
world_model_cem,48,422,-280.1159290809294
world_model_cem,48,423,-271.0281227761819
world_model_cem,48,424,-264.36770964946083
world_model_cem,48,425,-250.8356726940438
world_model_cem,48,426,-252.67262339572915
world_model_cem,48,427,-246.52722558929221
world_model_cem,48,428,-243.73799992213668
world_model_cem,48,429,-248.74670930988037
world_model_cem,48,430,-250.24423768820282
world_model_cem,48,431,-258.28110043274717
world_model_cem,48,432,-262.72798372139493
world_model_cem,48,433,-259.6491430605224
world_model_cem,48,434,-272.6278512166076
world_model_cem,48,435,-270.9138182436758
world_model_cem,48,436,-280.7664834871223
world_model_cem,48,437,-287.6395351627426
world_model_cem,48,438,-274.7501173575246
world_model_cem,48,439,-284.81233709425317
world_model_cem,48,440,-276.3046543010915
world_model_cem,48,441,-274.78673655745797
world_model_cem,48,442,-268.4375380844483
world_model_cem,48,443,-237.329290480546
world_model_cem,48,444,-255.44304830119864
world_model_cem,48,445,-254.01172870525966
world_model_cem,48,446,-253.08730828141714
world_model_cem,48,447,-246.1479618372591
world_model_cem,48,448,-253.41744277484526
world_model_cem,48,449,-242.08685404486323
world_model_cem,48,450,-260.120263268034
world_model_cem,48,451,-264.78646314085677
world_model_cem,48,452,-269.18353979261246
world_model_cem,48,453,-282.7395351073896
world_model_cem,48,454,-292.6175402343639
world_model_cem,48,455,-286.9112144553886
world_model_cem,48,456,-288.21215463102556
world_model_cem,48,457,-294.4493808064419
world_model_cem,48,458,-290.5193956115553
world_model_cem,48,459,-286.70390946135274
world_model_cem,48,460,-283.9204701282846
world_model_cem,48,461,-271.3440597744758
world_model_cem,48,462,-264.5386891020228
world_model_cem,48,463,-257.6287624047072
world_model_cem,48,464,-248.9507376371787
world_model_cem,48,465,-248.24668504558042
world_model_cem,48,466,-241.9707382764101
world_model_cem,48,467,-244.05404929438276
world_model_cem,48,468,-256.1250536687366
world_model_cem,48,469,-255.60547992670408
world_model_cem,48,470,-267.6869564317984
world_model_cem,48,471,-258.8686799405924
world_model_cem,48,472,-280.0056948817775
world_model_cem,48,473,-286.0616146279609
world_model_cem,48,474,-284.1648165786071
world_model_cem,48,475,-283.89673885152035
world_model_cem,48,476,-276.645746050138
world_model_cem,48,477,-292.6900536280768
world_model_cem,48,478,-275.52660941751026
world_model_cem,48,479,-272.74656930722176
world_model_cem,48,480,-258.8913098151419
world_model_cem,48,481,-259.82495903794296
world_model_cem,48,482,-260.19826813844674
world_model_cem,48,483,-255.33027607740345
world_model_cem,48,484,-247.98353945526108
world_model_cem,48,485,-248.23274610715072
world_model_cem,48,486,-251.2555493519133
world_model_cem,48,487,-251.32574648084946
world_model_cem,48,488,-261.1366736950632
world_model_cem,48,489,-264.08929095933854
world_model_cem,48,490,-271.1146283812089
world_model_cem,48,491,-279.2352687043983
world_model_cem,48,492,-289.89339375237216
world_model_cem,48,493,-284.3414882186102
world_model_cem,48,494,-285.3965981839065
world_model_cem,48,495,-278.27194762590966
world_model_cem,48,496,-290.04840960446484
world_model_cem,48,497,-277.7453241561456
world_model_cem,48,498,-263.34724837093495
world_model_cem,48,499,-265.37576553515123
world_model_cem,48,500,-255.24706512234846
world_model_cem,48,501,-255.2236031636152
world_model_cem,48,502,-245.30153699134533
world_model_cem,48,503,-244.6133027426357
world_model_cem,48,504,-246.18894364284864
world_model_cem,48,505,-248.8209949928148
world_model_cem,48,506,-250.6328345631002
world_model_cem,48,507,-260.53833224006905
world_model_cem,48,508,-264.01688590702986
world_model_cem,48,509,-263.5274952121032
world_model_cem,48,510,-277.03974660491644
world_model_cem,48,511,-275.83627984710415
world_model_cem,48,512,-283.55679882177736
world_model_cem,48,513,-286.71477088397876
world_model_cem,48,514,-288.8666858129108
world_model_cem,48,515,-285.93952658513786
world_model_cem,48,516,-294.19670108508564
world_model_cem,48,517,-278.1380596736808
world_model_cem,48,518,-274.91190834830803
world_model_cem,48,519,-267.3206686378663
world_model_cem,48,520,-257.44061588569537
world_model_cem,48,521,-245.8374060661364
world_model_cem,48,522,-244.13902154316162
world_model_cem,48,523,-248.44770151354385
world_model_cem,48,524,-247.22689022763134
world_model_cem,48,525,-242.3868250842629
world_model_cem,48,526,-253.0602755355958
world_model_cem,48,527,-257.6148552012358
world_model_cem,48,528,-258.301152195498
world_model_cem,48,529,-265.5912943088384
world_model_cem,48,530,-283.3569932874377
world_model_cem,48,531,-289.33324223149395
world_model_cem,48,532,-293.6197543420456
world_model_cem,48,533,-291.50821641235376
world_model_cem,48,534,-288.000158554105
world_model_cem,48,535,-291.7056441555666
world_model_cem,48,536,-271.3017638650619
world_model_cem,48,537,-277.034830334217
world_model_cem,48,538,-268.4367860160654
world_model_cem,48,539,-256.6651175170553
world_model_cem,48,540,-255.97158627432754
world_model_cem,48,541,-251.65172688747367
world_model_cem,48,542,-244.7620604042016
world_model_cem,48,543,-250.51798937187354
world_model_cem,48,544,-244.36094085632067
world_model_cem,48,545,-253.05141206778188
world_model_cem,48,546,-259.5033119098322
world_model_cem,48,547,-264.5382729413592
world_model_cem,48,548,-275.2686705307311
world_model_cem,48,549,-279.8404127678265
world_model_cem,48,550,-283.8087009330556
world_model_cem,48,551,-284.9797617764432
world_model_cem,48,552,-287.79953502081713
world_model_cem,48,553,-275.95949988657475
world_model_cem,48,554,-280.14835411191416
world_model_cem,48,555,-273.59493674238325
world_model_cem,48,556,-282.44989881231317
world_model_cem,48,557,-286.97764869639525
world_model_cem,48,558,-281.00003000705374
world_model_cem,48,559,-273.28941034261766
world_model_cem,48,560,-262.6786242288594
world_model_cem,48,561,-263.88213105694274
world_model_cem,48,562,-253.10483776991438
world_model_cem,48,563,-254.32504480749986
world_model_cem,48,564,-247.55650616903998
world_model_cem,48,565,-255.0805972274742
world_model_cem,48,566,-234.15375435510742
world_model_cem,48,567,-253.80957602369034
world_model_cem,48,568,-254.88626478789735
world_model_cem,48,569,-268.30126430626365
world_model_cem,48,570,-270.60287539193604
world_model_cem,48,571,-266.35714240729743
world_model_cem,48,572,-274.00207820453676
world_model_cem,48,573,-284.59033647329136
world_model_cem,48,574,-278.715945766367
world_model_cem,48,575,-268.5324728250623
world_model_cem,48,576,-274.34430676686685
world_model_cem,48,577,-279.12998396778517
world_model_cem,48,578,-271.0707380009132
world_model_cem,48,579,-267.90080231487076
world_model_cem,48,580,-260.33676340748434
world_model_cem,48,581,-257.57335678522094
world_model_cem,48,582,-244.02869357403102
world_model_cem,48,583,-242.2720510842798
world_model_cem,48,584,-251.23060763142615
world_model_cem,48,585,-252.8488594139842
world_model_cem,48,586,-255.16848559341656
world_model_cem,48,587,-261.24240535720446
world_model_cem,48,588,-267.42775611061927
world_model_cem,48,589,-270.55365653261197
world_model_cem,48,590,-275.86083220790283
world_model_cem,48,591,-285.34875533228865
world_model_cem,48,592,-291.5524436221301
world_model_cem,48,593,-291.975998489391
world_model_cem,48,594,-280.72534455080483
world_model_cem,48,595,-282.08352287355865
world_model_cem,48,596,-281.31082283560545
world_model_cem,48,597,-284.1534389547776
world_model_cem,48,598,-284.8693706355088
world_model_cem,48,599,-276.60677062914715
world_model_cem,48,600,-267.97389392395326
world_model_cem,48,601,-262.6681932834698
world_model_cem,48,602,-250.778159028949
world_model_cem,48,603,-247.5272942910343
world_model_cem,48,604,-229.03679693233988
world_model_cem,48,605,-243.2342722690801
world_model_cem,48,606,-241.46961556848862
world_model_cem,48,607,-254.0485816355807
world_model_cem,48,608,-253.6988744405573
world_model_cem,48,609,-262.46709008035083
world_model_cem,48,610,-267.05499235353267
world_model_cem,48,611,-273.59928111000767
world_model_cem,48,612,-281.8834086667289
world_model_cem,48,613,-286.53730613814184
world_model_cem,48,614,-280.0645718221548
world_model_cem,48,615,-286.0303617930316
world_model_cem,48,616,-287.1021200492044
world_model_cem,48,617,-285.5917846738282
world_model_cem,48,618,-270.16494414157626
world_model_cem,48,619,-267.2418261919594
world_model_cem,48,620,-249.33890604144057
world_model_cem,48,621,-257.87759776038166
world_model_cem,48,622,-245.83803250719302
world_model_cem,48,623,-246.39235932199102
world_model_cem,48,624,-244.01440470641947
world_model_cem,48,625,-249.7381925612754
world_model_cem,48,626,-257.2253012514524
world_model_cem,48,627,-259.0088796351096
world_model_cem,48,628,-263.52767734539003
world_model_cem,48,629,-273.2906753040268
world_model_cem,48,630,-284.03188520247977
world_model_cem,48,631,-287.41539571948715
world_model_cem,48,632,-294.9228227486046
world_model_cem,48,633,-289.63335222810286
world_model_cem,48,634,-282.20738467519413
world_model_cem,48,635,-286.3788019504303
world_model_cem,48,636,-285.6544005585643
world_model_cem,48,637,-288.6049474009746
world_model_cem,48,638,-274.31791426095504
world_model_cem,48,639,-275.03118723565854
world_model_cem,48,640,-261.50560627571144
world_model_cem,48,641,-252.75162397892836
world_model_cem,48,642,-250.03575169940513
world_model_cem,48,643,-247.57497802304908
world_model_cem,48,644,-240.46723874007176
world_model_cem,48,645,-236.07331672737467
world_model_cem,48,646,-242.54597129185143
world_model_cem,48,647,-258.0267637083124
world_model_cem,48,648,-258.4878992026957
world_model_cem,48,649,-264.46106475927286
world_model_cem,48,650,-271.40198821252886
world_model_cem,48,651,-279.1933045454059
world_model_cem,48,652,-284.9836936187691
world_model_cem,48,653,-294.5892742209611
world_model_cem,48,654,-291.89453045017683
world_model_cem,48,655,-280.7748998497241
world_model_cem,48,656,-286.7517586021295
world_model_cem,48,657,-285.49568619635676
world_model_cem,48,658,-269.53754898361206
world_model_cem,48,659,-259.6289950716115
world_model_cem,48,660,-260.40375209541196
world_model_cem,48,661,-262.36888816431474
world_model_cem,48,662,-252.79425950342534
world_model_cem,48,663,-252.82334914227317
world_model_cem,48,664,-251.1273948141382
world_model_cem,48,665,-248.74651137070555
world_model_cem,48,666,-256.4758455062325
world_model_cem,48,667,-258.55769134912833
world_model_cem,48,668,-264.5117124167066
world_model_cem,48,669,-272.9545496469724
world_model_cem,48,670,-271.7087084619167
world_model_cem,48,671,-284.38811319579156
world_model_cem,48,672,-293.95577150932945
world_model_cem,48,673,-289.15126705560414
world_model_cem,48,674,-276.6355839045158
world_model_cem,48,675,-281.5354842195894
world_model_cem,48,676,-277.77403900527486
world_model_cem,48,677,-283.92176772802236
world_model_cem,48,678,-266.54141984918374
world_model_cem,48,679,-280.17506480581034
world_model_cem,48,680,-255.49510959972523
world_model_cem,48,681,-250.02900567140813
world_model_cem,48,682,-249.4294329710976
world_model_cem,48,683,-246.24520309649836
world_model_cem,48,684,-251.24680568474923
world_model_cem,48,685,-247.60427878413986
world_model_cem,48,686,-243.2286856879305
world_model_cem,48,687,-252.7905747427278
world_model_cem,48,688,-250.4426142995686
world_model_cem,48,689,-262.1923170936235
world_model_cem,48,690,-269.77765430711867
world_model_cem,48,691,-276.8108160846316
world_model_cem,48,692,-285.60273132010445
world_model_cem,48,693,-283.53011125117285
world_model_cem,48,694,-290.98548301052926
world_model_cem,48,695,-281.98369658661727
world_model_cem,48,696,-285.370053210393
world_model_cem,48,697,-283.8731605773537
world_model_cem,48,698,-275.9885786525499
world_model_cem,48,699,-278.5873727624112
world_model_cem,48,700,-285.9464415530882
world_model_cem,48,701,-284.2545839549846
world_model_cem,48,702,-279.7991449583847
world_model_cem,48,703,-269.88117846242034
world_model_cem,48,704,-255.61953749863136
world_model_cem,48,705,-257.5029916793687
world_model_cem,48,706,-246.12846780697583
world_model_cem,48,707,-253.18527419485892
world_model_cem,48,708,-247.11092025943725
world_model_cem,48,709,-251.69543668184326
world_model_cem,48,710,-246.6629804914581
world_model_cem,48,711,-241.92644353187112
world_model_cem,48,712,-257.7849409806678
world_model_cem,48,713,-264.77381812116084
world_model_cem,48,714,-268.2606857451318
world_model_cem,48,715,-271.95826155108847
world_model_cem,48,716,-272.16883652899105
world_model_cem,48,717,-271.1369935286633
world_model_cem,48,718,-270.36472993559505
world_model_cem,48,719,-276.1323617070056
world_model_cem,48,720,-282.9872005480948
world_model_cem,48,721,-274.37281483813547
world_model_cem,48,722,-270.7982623369312
world_model_cem,48,723,-268.73912037265353
world_model_cem,48,724,-262.4923022779759
world_model_cem,48,725,-259.16138275507495
world_model_cem,48,726,-258.5823969622587
world_model_cem,48,727,-257.62989230459266
world_model_cem,48,728,-245.06573324463295
world_model_cem,48,729,-250.47734793623553
world_model_cem,48,730,-262.3038753609803
world_model_cem,48,731,-266.0452873137525
world_model_cem,48,732,-265.0983665971209
world_model_cem,48,733,-277.98636795585566
world_model_cem,48,734,-276.49747237261084
world_model_cem,48,735,-285.31249857969453
world_model_cem,48,736,-284.25082408744186
world_model_cem,48,737,-286.58928399042827
world_model_cem,48,738,-281.2232621072512
world_model_cem,48,739,-282.0251070841472
world_model_cem,48,740,-274.40744733423713
world_model_cem,48,741,-271.4435458259776
world_model_cem,48,742,-256.0758571250565
world_model_cem,48,743,-258.115874912312
world_model_cem,48,744,-252.8919967056933
world_model_cem,48,745,-251.577715343077
world_model_cem,48,746,-246.56491015780438
world_model_cem,48,747,-241.67204765919845
world_model_cem,48,748,-244.28560747061627
world_model_cem,48,749,-257.6562215482886
world_model_cem,48,750,-260.4701988552364
world_model_cem,48,751,-264.66798656541005
world_model_cem,48,752,-272.7008008587834
world_model_cem,48,753,-284.6682942066499
world_model_cem,48,754,-292.3993391529114
world_model_cem,48,755,-290.6746784182823
world_model_cem,48,756,-284.61007516163477
world_model_cem,48,757,-284.55818263237416
world_model_cem,48,758,-287.7867397673046
world_model_cem,48,759,-292.7473664360034
world_model_cem,48,760,-284.53596763664007
world_model_cem,48,761,-276.82867255822225
world_model_cem,48,762,-258.6122170915902
world_model_cem,48,763,-253.87171952389792
world_model_cem,48,764,-251.22806828047382
world_model_cem,48,765,-241.2270493310746
world_model_cem,48,766,-247.24658943742884
world_model_cem,48,767,-245.42408448093394
world_model_cem,48,768,-252.6363508353523
world_model_cem,48,769,-253.87635467654246
world_model_cem,48,770,-258.72409569145606
world_model_cem,48,771,-261.1482031038826
world_model_cem,48,772,-249.73537232970517
world_model_cem,48,773,-280.63343055052883
world_model_cem,48,774,-287.47311711118505
world_model_cem,48,775,-284.4576862247875
world_model_cem,48,776,-285.9799626596656
world_model_cem,48,777,-283.49327809034025
world_model_cem,48,778,-284.90433474413226
world_model_cem,48,779,-286.14974150650266
world_model_cem,48,780,-273.42794955887405
world_model_cem,48,781,-273.91677891499415
world_model_cem,48,782,-262.86761140141505
world_model_cem,48,783,-248.94324311277833
world_model_cem,48,784,-251.1550243698324
world_model_cem,48,785,-245.69758878652362
world_model_cem,48,786,-245.96531495652374
world_model_cem,48,787,-248.3574299730867
world_model_cem,48,788,-249.6677751459339
world_model_cem,48,789,-256.10237795226817
world_model_cem,48,790,-254.63528318497856
world_model_cem,48,791,-266.65653143876375
world_model_cem,48,792,-271.3690202968653
world_model_cem,48,793,-282.01943312311465
world_model_cem,48,794,-292.36645094634036
world_model_cem,48,795,-289.09608888843366
world_model_cem,48,796,-286.4720365231604
world_model_cem,48,797,-281.9446240104734
world_model_cem,48,798,-283.5116048323549
world_model_cem,48,799,-289.45709848114257
world_model_cem,48,800,-283.4867179554832
world_model_cem,48,801,-282.8233941023089
world_model_cem,48,802,-275.5051427815344
world_model_cem,48,803,-267.0329572861968
world_model_cem,48,804,-262.99775078964166
world_model_cem,48,805,-256.6237195843909
world_model_cem,48,806,-248.58064887896774
world_model_cem,48,807,-249.9570484370532
world_model_cem,48,808,-252.4896408080851
world_model_cem,48,809,-239.80600905798212
world_model_cem,48,810,-253.49620056934685
world_model_cem,48,811,-253.7914546129184
world_model_cem,48,812,-261.85853455587164
world_model_cem,48,813,-263.309654443642
world_model_cem,48,814,-268.4027103087962
world_model_cem,48,815,-281.11188169398866
world_model_cem,48,816,-285.4963101862168
world_model_cem,48,817,-287.14456451216455
world_model_cem,48,818,-281.94046177198345
world_model_cem,48,819,-286.20322304166956
world_model_cem,48,820,-274.77705097594827
world_model_cem,48,821,-271.77493347956795
world_model_cem,48,822,-265.8391373550819
world_model_cem,48,823,-257.22222106238667
world_model_cem,48,824,-260.2892858140697
world_model_cem,48,825,-251.15982568564667
world_model_cem,48,826,-255.71260198965024
world_model_cem,48,827,-245.24425942185766
world_model_cem,48,828,-246.53980446808075
world_model_cem,48,829,-259.47620998227103
world_model_cem,48,830,-259.032742103867
world_model_cem,48,831,-265.38532966483785
world_model_cem,48,832,-272.81210294968696
world_model_cem,48,833,-271.8717262960718
world_model_cem,48,834,-288.52540769009863
world_model_cem,48,835,-294.78144515321935
world_model_cem,48,836,-285.016584353613
world_model_cem,48,837,-289.42658703219024
world_model_cem,48,838,-284.15533059090745
world_model_cem,48,839,-292.7669210929656
world_model_cem,48,840,-281.5363146710945
world_model_cem,48,841,-283.45772743053806
world_model_cem,48,842,-264.6357190098191
world_model_cem,48,843,-269.7283121798435
world_model_cem,48,844,-265.50502825996494
world_model_cem,48,845,-258.03947031160965
world_model_cem,48,846,-250.03170598534285
world_model_cem,48,847,-248.47888654961417
world_model_cem,48,848,-252.13471099120628
world_model_cem,48,849,-243.5077629928385
world_model_cem,48,850,-253.96480308216314
world_model_cem,48,851,-251.85341800892533
world_model_cem,48,852,-254.60622735485015
world_model_cem,48,853,-267.4769358949792
world_model_cem,48,854,-271.8859980846082
world_model_cem,48,855,-278.5013155283308
world_model_cem,48,856,-280.9817938656216
world_model_cem,48,857,-282.9608939521835
world_model_cem,48,858,-276.99851429721315
world_model_cem,48,859,-289.59700756579946
world_model_cem,48,860,-280.32168915634736
world_model_cem,48,861,-279.6767613853962
world_model_cem,48,862,-271.76768332879874
world_model_cem,48,863,-266.19882959562517
world_model_cem,48,864,-264.88290672238145
world_model_cem,48,865,-252.9527024219563
world_model_cem,48,866,-253.99870439022664
world_model_cem,48,867,-251.2482741110603
world_model_cem,48,868,-251.27865373001399
world_model_cem,48,869,-252.51357145230043
world_model_cem,48,870,-259.6970470485636
world_model_cem,48,871,-259.35704341135795
world_model_cem,48,872,-269.1416314837278
world_model_cem,48,873,-276.2762617769769
world_model_cem,48,874,-285.5160757245326
world_model_cem,48,875,-287.6266051944242
world_model_cem,48,876,-283.9390631267567
world_model_cem,48,877,-286.66675239428264
world_model_cem,48,878,-287.15395128309103
world_model_cem,48,879,-286.54069189992225
world_model_cem,48,880,-259.2720529774108
world_model_cem,48,881,-266.2736876218753
world_model_cem,48,882,-265.7143462014613
world_model_cem,48,883,-264.03581508992977
world_model_cem,48,884,-256.0039928815677
world_model_cem,48,885,-246.9438912561894
world_model_cem,48,886,-234.22838106046402
world_model_cem,48,887,-252.50563727561848
world_model_cem,48,888,-247.96603181288913
world_model_cem,48,889,-257.7765775595806
world_model_cem,48,890,-252.8375003269546
world_model_cem,48,891,-262.52947647349646
world_model_cem,48,892,-279.82907403484
world_model_cem,48,893,-283.1226021536852
world_model_cem,48,894,-288.1760011959488
world_model_cem,48,895,-284.112392979439
world_model_cem,48,896,-283.4679713441049
world_model_cem,48,897,-286.523335343671
world_model_cem,48,898,-289.4035310322722
world_model_cem,48,899,-278.93013578995954
world_model_cem,48,900,-278.2703781651065
world_model_cem,48,901,-282.56215831651576
world_model_cem,48,902,-267.6754840628157
world_model_cem,48,903,-259.7173551978293
world_model_cem,48,904,-251.82271661197956
world_model_cem,48,905,-238.19991945043256
world_model_cem,48,906,-250.46659733552804
world_model_cem,48,907,-251.87835801928736
world_model_cem,48,908,-252.11644722005124
world_model_cem,48,909,-250.77423566964552
world_model_cem,48,910,-248.2901416524485
world_model_cem,48,911,-258.4460240833886
world_model_cem,48,912,-269.6184118802089
world_model_cem,48,913,-276.87710043419116
world_model_cem,48,914,-284.6747864230967
world_model_cem,48,915,-277.5809668877561
world_model_cem,48,916,-274.7357511555893
world_model_cem,48,917,-291.4642176102707
world_model_cem,48,918,-279.1891683332457
world_model_cem,48,919,-284.2546064045621
world_model_cem,48,920,-280.07913719855577
world_model_cem,48,921,-277.7546097398232
world_model_cem,48,922,-271.5974489515383
world_model_cem,48,923,-263.2398052465902
world_model_cem,48,924,-261.9127375760436
world_model_cem,48,925,-251.08450969067084
world_model_cem,48,926,-245.17545237628622
world_model_cem,48,927,-244.90593494287901
world_model_cem,48,928,-249.5968828900494
world_model_cem,48,929,-253.9653770005943
world_model_cem,48,930,-242.76751413187168
world_model_cem,48,931,-249.3307548990079
world_model_cem,48,932,-260.74319236018835
world_model_cem,48,933,-269.9742083510861
world_model_cem,48,934,-281.9787064085674
world_model_cem,48,935,-286.6480425297509
world_model_cem,48,936,-281.9929057020577
world_model_cem,48,937,-275.5873525895113
world_model_cem,48,938,-289.0209124433104
world_model_cem,48,939,-290.6571195310339
world_model_cem,48,940,-273.24285186286727
world_model_cem,48,941,-262.85590184959244
world_model_cem,48,942,-255.71084339685692
world_model_cem,48,943,-255.45770723465438
world_model_cem,48,944,-251.68875495670028
world_model_cem,48,945,-246.6987878732711
world_model_cem,48,946,-247.1541373646029
world_model_cem,48,947,-251.52296022972848
world_model_cem,48,948,-252.2805991879028
world_model_cem,48,949,-263.0321393221078
world_model_cem,48,950,-262.0853305629622
world_model_cem,48,951,-265.80324361075674
world_model_cem,48,952,-282.77952650152486
world_model_cem,48,953,-289.86500759725004
world_model_cem,48,954,-292.87932952683644
world_model_cem,48,955,-284.02956597121147
world_model_cem,48,956,-281.3852885298767
world_model_cem,48,957,-281.9477510184557
world_model_cem,48,958,-286.2745914955826
world_model_cem,48,959,-288.5136051505703
world_model_cem,48,960,-282.76006036480476
world_model_cem,48,961,-274.30602563412856
world_model_cem,48,962,-270.84160759005147
world_model_cem,48,963,-253.32380862188936
world_model_cem,48,964,-257.7779407985556
world_model_cem,48,965,-247.68051490800775
world_model_cem,48,966,-234.30325061355205
world_model_cem,48,967,-245.71181186179243
world_model_cem,48,968,-241.9569552842025
world_model_cem,48,969,-257.52217022940414
world_model_cem,48,970,-247.89490863287256
world_model_cem,48,971,-265.21598650633393
world_model_cem,48,972,-274.7720041328556
world_model_cem,48,973,-272.5222517875454
world_model_cem,48,974,-279.68397430590153
world_model_cem,48,975,-275.9066064530638
world_model_cem,48,976,-286.2866841199625
world_model_cem,48,977,-281.6377943472521
world_model_cem,48,978,-281.18231472946053
world_model_cem,48,979,-278.0328316697189
world_model_cem,48,980,-268.2608924295239
world_model_cem,48,981,-268.34146890912245
world_model_cem,48,982,-253.91475984925626
world_model_cem,48,983,-252.01866241519878
world_model_cem,48,984,-252.73867511443598
world_model_cem,48,985,-242.5889450761268
world_model_cem,48,986,-247.1383183145578
world_model_cem,48,987,-238.53743432298774
world_model_cem,48,988,-255.04767214721556
world_model_cem,48,989,-260.4489197768858
world_model_cem,48,990,-260.37427629842637
world_model_cem,48,991,-261.5621871055249
world_model_cem,48,992,-280.65445220012566
world_model_cem,48,993,-286.75849481227004
world_model_cem,48,994,-284.31406026608886
world_model_cem,48,995,-289.8062219647635
world_model_cem,48,996,-285.0160479031184
world_model_cem,48,997,-291.15746691224484
world_model_cem,48,998,-284.9470768811953
world_model_cem,48,999,-286.01068758408013
world_model_cem,48,1000,-273.08620546025014
world_model_cem,49,1,-192.7171401721976
world_model_cem,49,2,-194.9053793042354
world_model_cem,49,3,-186.42172105626508
world_model_cem,49,4,-214.91468947343623
world_model_cem,49,5,-195.37907903565537
world_model_cem,49,6,-184.01457337839673
world_model_cem,49,7,-213.02575402633363
world_model_cem,49,8,-215.37640854255056
world_model_cem,49,9,-214.4473848910722
world_model_cem,49,10,-199.08030545789126
world_model_cem,49,11,-189.34794158347944
world_model_cem,49,12,-198.4021896704096
world_model_cem,49,13,-223.0383095501261
world_model_cem,49,14,-210.1983359055246
world_model_cem,49,15,-237.87518038744452
world_model_cem,49,16,-309.99056108808463
world_model_cem,49,17,-297.8596481680685
world_model_cem,49,18,-335.7531282257668
world_model_cem,49,19,-318.2478145160401
world_model_cem,49,20,-285.2984542922244
world_model_cem,49,21,-263.1288190805733
world_model_cem,49,22,-232.9212949857711
world_model_cem,49,23,-351.86040945463725
world_model_cem,49,24,-321.37136921634493
world_model_cem,49,25,-195.36330894219572
world_model_cem,49,26,-211.99794046323788
world_model_cem,49,27,-222.49503684764153
world_model_cem,49,28,-234.78954495524587
world_model_cem,49,29,-194.29754010062078
world_model_cem,49,30,-249.19331645485158
world_model_cem,49,31,-336.45278624520483
world_model_cem,49,32,-213.2967216928845
world_model_cem,49,33,-240.1501342554107
world_model_cem,49,34,-302.0202618711632
world_model_cem,49,35,-261.9960445528444
world_model_cem,49,36,-287.824039026993
world_model_cem,49,37,-234.27092182268242
world_model_cem,49,38,-313.2336740665089
world_model_cem,49,39,-299.75468421290105
world_model_cem,49,40,-303.2210899377988
world_model_cem,49,41,-297.0082875691363
world_model_cem,49,42,-289.24462255349925
world_model_cem,49,43,-290.19201125621174
world_model_cem,49,44,-284.0440738150199
world_model_cem,49,45,-286.85615065347264
world_model_cem,49,46,-273.4109338912726
world_model_cem,49,47,-274.31796521888003
world_model_cem,49,48,-269.98346220093754
world_model_cem,49,49,-260.47637901514497
world_model_cem,49,50,-249.84331944747933
world_model_cem,49,51,-259.58243093019075
world_model_cem,49,52,-256.41737252083
world_model_cem,49,53,-258.6839149687414
world_model_cem,49,54,-251.55664127609282
world_model_cem,49,55,-259.5677602950046
world_model_cem,49,56,-269.56688105776414
world_model_cem,49,57,-259.7644724461551
world_model_cem,49,58,-274.9782807482277
world_model_cem,49,59,-280.69960152082456
world_model_cem,49,60,-277.17284590614474
world_model_cem,49,61,-282.232705462364
world_model_cem,49,62,-283.00201356984456
world_model_cem,49,63,-289.5288623848056
world_model_cem,49,64,-281.130029243035
world_model_cem,49,65,-285.3951366544828
world_model_cem,49,66,-295.1620047515972
world_model_cem,49,67,-289.01926311753493
world_model_cem,49,68,-284.130189237832
world_model_cem,49,69,-273.17747331228077
world_model_cem,49,70,-284.098446279223
world_model_cem,49,71,-276.1170424923536
world_model_cem,49,72,-280.8302688785228
world_model_cem,49,73,-283.57271060646167
world_model_cem,49,74,-276.90820333052807
world_model_cem,49,75,-282.74420814565445
world_model_cem,49,76,-274.39911355871914
world_model_cem,49,77,-280.98508736232384
world_model_cem,49,78,-274.8284690700347
world_model_cem,49,79,-265.93234401222605
world_model_cem,49,80,-278.0115985508613
world_model_cem,49,81,-270.1927110380081
world_model_cem,49,82,-252.84752980309844
world_model_cem,49,83,-271.8811388771066
world_model_cem,49,84,-263.8181082423453
world_model_cem,49,85,-258.37022280769577
world_model_cem,49,86,-262.05332740009453
world_model_cem,49,87,-265.76839183443235
world_model_cem,49,88,-274.329100526402
world_model_cem,49,89,-273.83430962690926
world_model_cem,49,90,-266.5415319215915
world_model_cem,49,91,-263.6360080395309
world_model_cem,49,92,-262.83646124551524
world_model_cem,49,93,-263.5217417727133
world_model_cem,49,94,-256.19921321963034
world_model_cem,49,95,-262.99758779944943
world_model_cem,49,96,-263.39580034876667
world_model_cem,49,97,-264.9154441681809
world_model_cem,49,98,-260.2115863394844
world_model_cem,49,99,-260.6103462933013
world_model_cem,49,100,-255.72151546800367
world_model_cem,49,101,-272.24521584966396
world_model_cem,49,102,-280.11892829517575
world_model_cem,49,103,-273.57733556047873
world_model_cem,49,104,-283.2184388531282
world_model_cem,49,105,-282.02990887938256
world_model_cem,49,106,-283.5364879850038
world_model_cem,49,107,-272.784294061508
world_model_cem,49,108,-283.71426697862756
world_model_cem,49,109,-283.4612298651731
world_model_cem,49,110,-284.118094077764
world_model_cem,49,111,-277.86868404889844
world_model_cem,49,112,-276.8264926571393
world_model_cem,49,113,-270.8027974978654
world_model_cem,49,114,-267.25929790109967
world_model_cem,49,115,-256.3429074290338
world_model_cem,49,116,-258.3823261893873
world_model_cem,49,117,-243.88237756269757
world_model_cem,49,118,-253.00073542760762
world_model_cem,49,119,-248.84112069667074
world_model_cem,49,120,-251.51303411519982
world_model_cem,49,121,-256.5166236396235
world_model_cem,49,122,-253.65897121946045
world_model_cem,49,123,-261.088013526927
world_model_cem,49,124,-267.6671218281263
world_model_cem,49,125,-269.22132780610974
world_model_cem,49,126,-277.79900767515574
world_model_cem,49,127,-274.34862564290444
world_model_cem,49,128,-279.6289253310257
world_model_cem,49,129,-275.91764925650807
world_model_cem,49,130,-268.14742037302256
world_model_cem,49,131,-268.08232148512013
world_model_cem,49,132,-267.1683682947846
world_model_cem,49,133,-265.4752131478933
world_model_cem,49,134,-268.3553335403543
world_model_cem,49,135,-262.5921699913989
world_model_cem,49,136,-257.5343609942304
world_model_cem,49,137,-255.08640985336672
world_model_cem,49,138,-252.01010541274815
world_model_cem,49,139,-268.21180487277906
world_model_cem,49,140,-282.2275211957765
world_model_cem,49,141,-276.44867915364836
world_model_cem,49,142,-283.79155085316313
world_model_cem,49,143,-279.89187743623836
world_model_cem,49,144,-280.52141388147174
world_model_cem,49,145,-292.77751684235466
world_model_cem,49,146,-287.4718811063187
world_model_cem,49,147,-287.7669646633616
world_model_cem,49,148,-282.3419286830799
world_model_cem,49,149,-282.1269707788892
world_model_cem,49,150,-279.6226062376037
world_model_cem,49,151,-280.28252165918633
world_model_cem,49,152,-271.58313696069
world_model_cem,49,153,-273.05933354698493
world_model_cem,49,154,-268.91638680456975
world_model_cem,49,155,-255.58149796703094
world_model_cem,49,156,-254.6939732832859
world_model_cem,49,157,-250.537553633252
world_model_cem,49,158,-248.95162886356545
world_model_cem,49,159,-250.37552510114466
world_model_cem,49,160,-249.3470525927694
world_model_cem,49,161,-235.87620326351671
world_model_cem,49,162,-259.341029272725
world_model_cem,49,163,-247.02527237785796
world_model_cem,49,164,-264.48095201069737
world_model_cem,49,165,-264.39483103141964
world_model_cem,49,166,-261.40223185661335
world_model_cem,49,167,-280.45560484527806
world_model_cem,49,168,-287.9740224424013
world_model_cem,49,169,-281.2241815400632
world_model_cem,49,170,-295.10500637687653
world_model_cem,49,171,-267.7901224175742
world_model_cem,49,172,-276.77323434000624
world_model_cem,49,173,-264.0428965572472
world_model_cem,49,174,-267.9621157170834
world_model_cem,49,175,-247.19347637842117
world_model_cem,49,176,-257.6363344262948
world_model_cem,49,177,-249.2457876278675
world_model_cem,49,178,-248.24480202885167
world_model_cem,49,179,-260.68529398168516
world_model_cem,49,180,-261.9061688023214
world_model_cem,49,181,-254.7362801790722
world_model_cem,49,182,-272.58854306709867
world_model_cem,49,183,-266.94889159038286
world_model_cem,49,184,-273.0194617198591
world_model_cem,49,185,-278.6263363046519
world_model_cem,49,186,-285.55774591179494
world_model_cem,49,187,-283.25053567872385
world_model_cem,49,188,-283.27159276411396
world_model_cem,49,189,-273.0946929808137
world_model_cem,49,190,-285.1467903866791
world_model_cem,49,191,-283.12779902073873
world_model_cem,49,192,-276.4335454512959
world_model_cem,49,193,-271.6929465369288
world_model_cem,49,194,-259.3090256407123
world_model_cem,49,195,-258.73759737388843
world_model_cem,49,196,-255.62601592282275
world_model_cem,49,197,-253.6618312168104
world_model_cem,49,198,-249.88969035080763
world_model_cem,49,199,-248.06883718155643
world_model_cem,49,200,-249.1248778884306
world_model_cem,49,201,-251.05187318745334
world_model_cem,49,202,-255.20616655623581
world_model_cem,49,203,-261.4828722017066
world_model_cem,49,204,-258.6605741491063
world_model_cem,49,205,-273.0668167348108
world_model_cem,49,206,-280.31635393831306
world_model_cem,49,207,-283.02239261426433
world_model_cem,49,208,-285.41244632301004
world_model_cem,49,209,-279.21971955422225
world_model_cem,49,210,-278.71828756236016
world_model_cem,49,211,-270.1383905629765
world_model_cem,49,212,-269.4054708041347
world_model_cem,49,213,-268.1690047905979
world_model_cem,49,214,-262.0871329627032
world_model_cem,49,215,-249.42265046894494
world_model_cem,49,216,-246.67480422072916
world_model_cem,49,217,-247.5333956370608
world_model_cem,49,218,-251.19366799686938
world_model_cem,49,219,-243.1179495328816
world_model_cem,49,220,-257.2012884236455
world_model_cem,49,221,-258.47583160697627
world_model_cem,49,222,-270.8552908177569
world_model_cem,49,223,-280.41842718123854
world_model_cem,49,224,-286.0366440440855
world_model_cem,49,225,-282.98533965410866
world_model_cem,49,226,-288.62558102230514
world_model_cem,49,227,-282.3257424318357
world_model_cem,49,228,-282.68187619961725
world_model_cem,49,229,-282.6212161388041
world_model_cem,49,230,-279.0964662594271
world_model_cem,49,231,-288.95413312819255
world_model_cem,49,232,-281.1671131181971
world_model_cem,49,233,-285.53112723663355
world_model_cem,49,234,-268.5885118008084
world_model_cem,49,235,-258.3962181330456
world_model_cem,49,236,-252.79566789594537
world_model_cem,49,237,-258.827682905567
world_model_cem,49,238,-248.68265970329057
world_model_cem,49,239,-247.38195452164288
world_model_cem,49,240,-250.3004875404015
world_model_cem,49,241,-245.94512028209522
world_model_cem,49,242,-255.90277547619002
world_model_cem,49,243,-252.15113481821618
world_model_cem,49,244,-261.124614395453
world_model_cem,49,245,-268.4290776826152
world_model_cem,49,246,-264.6150134097116
world_model_cem,49,247,-274.92799764445306
world_model_cem,49,248,-278.12683006601674
world_model_cem,49,249,-270.3567963395514
world_model_cem,49,250,-284.3438539737617
world_model_cem,49,251,-265.8206396742616
world_model_cem,49,252,-278.62067767940374
world_model_cem,49,253,-263.61124018465887
world_model_cem,49,254,-261.42455413898244
world_model_cem,49,255,-244.7418038930744
world_model_cem,49,256,-253.65538479373467
world_model_cem,49,257,-250.68013880208977
world_model_cem,49,258,-251.14102057521154
world_model_cem,49,259,-255.36778676654058
world_model_cem,49,260,-262.0306307054342
world_model_cem,49,261,-268.0207394554195
world_model_cem,49,262,-271.572580698848
world_model_cem,49,263,-268.9110424410454
world_model_cem,49,264,-292.4742140672525
world_model_cem,49,265,-288.00349943608256
world_model_cem,49,266,-291.3963854083716
world_model_cem,49,267,-288.94467730770305
world_model_cem,49,268,-289.4544689974618
world_model_cem,49,269,-289.49976597519384
world_model_cem,49,270,-292.35316879393474
world_model_cem,49,271,-283.3667537809594
world_model_cem,49,272,-284.01162762713966
world_model_cem,49,273,-266.7097233249863
world_model_cem,49,274,-271.9343745500507
world_model_cem,49,275,-271.07466879418314
world_model_cem,49,276,-276.9439320494329
world_model_cem,49,277,-268.58140473776524
world_model_cem,49,278,-273.85878912850535
world_model_cem,49,279,-284.6996050383451
world_model_cem,49,280,-271.9470768903971
world_model_cem,49,281,-284.05415945366246
world_model_cem,49,282,-294.64767205203896
world_model_cem,49,283,-292.62361329372817
world_model_cem,49,284,-293.46524780735876
world_model_cem,49,285,-286.6427959933341
world_model_cem,49,286,-285.52947083784386
world_model_cem,49,287,-282.0557596874737
world_model_cem,49,288,-283.2570933698174
world_model_cem,49,289,-286.54441498416116
world_model_cem,49,290,-265.9296231713057
world_model_cem,49,291,-265.8445617176978
world_model_cem,49,292,-258.418067833534
world_model_cem,49,293,-262.3687183521162
world_model_cem,49,294,-254.4519808840118
world_model_cem,49,295,-246.01119208189596
world_model_cem,49,296,-251.4081704209409
world_model_cem,49,297,-236.40932745308595
world_model_cem,49,298,-240.07219731825944
world_model_cem,49,299,-250.3361443392336
world_model_cem,49,300,-234.8012549776878
world_model_cem,49,301,-246.91666213819997
world_model_cem,49,302,-260.63838874283516
world_model_cem,49,303,-265.3133590922439
world_model_cem,49,304,-267.54230703073404
world_model_cem,49,305,-280.3113072592761
world_model_cem,49,306,-281.41585636909144
world_model_cem,49,307,-284.3379567688951
world_model_cem,49,308,-293.4928253956854
world_model_cem,49,309,-273.6262024763627
world_model_cem,49,310,-280.7078539628355
world_model_cem,49,311,-266.58544764525453
world_model_cem,49,312,-269.79706209642103
world_model_cem,49,313,-258.49041926883353
world_model_cem,49,314,-262.0203731267743
world_model_cem,49,315,-252.48543748694124
world_model_cem,49,316,-256.0965701966831
world_model_cem,49,317,-257.97981602895794
world_model_cem,49,318,-251.28152107254928
world_model_cem,49,319,-268.13341632978023
world_model_cem,49,320,-270.88989850543976
world_model_cem,49,321,-276.0305802286563
world_model_cem,49,322,-276.73300926404585
world_model_cem,49,323,-284.4741985343961
world_model_cem,49,324,-281.0494378851893
world_model_cem,49,325,-289.54949168150563
world_model_cem,49,326,-290.15038318333217
world_model_cem,49,327,-290.96912628607015
world_model_cem,49,328,-288.74742756908154
world_model_cem,49,329,-279.3525864912644
world_model_cem,49,330,-285.18237965289586
world_model_cem,49,331,-274.7767890876348
world_model_cem,49,332,-268.99819795060887
world_model_cem,49,333,-259.15854502200546
world_model_cem,49,334,-259.20635780959685
world_model_cem,49,335,-254.49964427248716
world_model_cem,49,336,-247.45188139201463
world_model_cem,49,337,-242.3082937370915
world_model_cem,49,338,-250.18039768402548
world_model_cem,49,339,-254.74929457635363
world_model_cem,49,340,-251.2202695914586
world_model_cem,49,341,-263.15834148965314
world_model_cem,49,342,-260.4461129479785
world_model_cem,49,343,-273.920943485693
world_model_cem,49,344,-282.4384738450039
world_model_cem,49,345,-280.3897555183539
world_model_cem,49,346,-284.60603057549184
world_model_cem,49,347,-276.9524024412956
world_model_cem,49,348,-285.38929117297505
world_model_cem,49,349,-286.33796409289073
world_model_cem,49,350,-281.6406455861884
world_model_cem,49,351,-267.0361737287817
world_model_cem,49,352,-260.0270691154506
world_model_cem,49,353,-264.39665145916535
world_model_cem,49,354,-256.1813860410101
world_model_cem,49,355,-250.4296209642622
world_model_cem,49,356,-246.24466099512333
world_model_cem,49,357,-252.31459635458418
world_model_cem,49,358,-247.91296349325543
world_model_cem,49,359,-258.68422008764765
world_model_cem,49,360,-258.2587561166507
world_model_cem,49,361,-263.40255078185993
world_model_cem,49,362,-272.59049735042953
world_model_cem,49,363,-284.4106692913849
world_model_cem,49,364,-282.4921252285961
world_model_cem,49,365,-292.03241601492135
world_model_cem,49,366,-286.5849401862266
world_model_cem,49,367,-283.9995023828666
world_model_cem,49,368,-289.9250318502082
world_model_cem,49,369,-290.5291165504739
world_model_cem,49,370,-284.2190140714162
world_model_cem,49,371,-281.1445361139103
world_model_cem,49,372,-271.70239973323794
world_model_cem,49,373,-259.5465594667261
world_model_cem,49,374,-261.3011140944212
world_model_cem,49,375,-253.76419972620968
world_model_cem,49,376,-246.56795129499318
world_model_cem,49,377,-237.96796301242395
world_model_cem,49,378,-242.09822445510488
world_model_cem,49,379,-251.58134492416877
world_model_cem,49,380,-243.31149743425823
world_model_cem,49,381,-247.71992203676086
world_model_cem,49,382,-266.51462449355444
world_model_cem,49,383,-272.68545196749983
world_model_cem,49,384,-272.2228893631111
world_model_cem,49,385,-281.5224294797651
world_model_cem,49,386,-282.99230433480636
world_model_cem,49,387,-281.20182606932025
world_model_cem,49,388,-276.1766118870173
world_model_cem,49,389,-293.9329788177689
world_model_cem,49,390,-279.65549580984793
world_model_cem,49,391,-259.9954768332907
world_model_cem,49,392,-263.8148869777164
world_model_cem,49,393,-264.59573923317873
world_model_cem,49,394,-238.12424746156194
world_model_cem,49,395,-249.86812620975905
world_model_cem,49,396,-231.05429730179867
world_model_cem,49,397,-247.4321896934358
world_model_cem,49,398,-249.85544185296413
world_model_cem,49,399,-258.65324535775784
world_model_cem,49,400,-259.8392538670714
world_model_cem,49,401,-265.99161660085656
world_model_cem,49,402,-264.4234874123457
world_model_cem,49,403,-284.40485815695183
world_model_cem,49,404,-284.5028241701224
world_model_cem,49,405,-288.59270561204573
world_model_cem,49,406,-278.8572831141147
world_model_cem,49,407,-281.38284552315037
world_model_cem,49,408,-291.2253668220942
world_model_cem,49,409,-276.7539213345677
world_model_cem,49,410,-265.29665640619214
world_model_cem,49,411,-272.91529255223816
world_model_cem,49,412,-258.2582245866954
world_model_cem,49,413,-260.7411441299598
world_model_cem,49,414,-251.8297233718367
world_model_cem,49,415,-247.66188515870374
world_model_cem,49,416,-243.92730063627428
world_model_cem,49,417,-251.2499456717155
world_model_cem,49,418,-249.90866439137113
world_model_cem,49,419,-251.0989863650489
world_model_cem,49,420,-264.81892711571004
world_model_cem,49,421,-275.1227470617564
world_model_cem,49,422,-274.6572127537178
world_model_cem,49,423,-276.8072252946074
world_model_cem,49,424,-286.3184393339469
world_model_cem,49,425,-279.0666572735514
world_model_cem,49,426,-293.20470784280366
world_model_cem,49,427,-283.2467215093047
world_model_cem,49,428,-285.07544915632803
world_model_cem,49,429,-282.94804105310453
world_model_cem,49,430,-281.8854915253315
world_model_cem,49,431,-269.55825646844005
world_model_cem,49,432,-269.7450949043411
world_model_cem,49,433,-258.9761653594485
world_model_cem,49,434,-257.9134303052591
world_model_cem,49,435,-238.7498333254909
world_model_cem,49,436,-246.67868159625277
world_model_cem,49,437,-244.82017186423536
world_model_cem,49,438,-243.42524358044616
world_model_cem,49,439,-248.87437868069802
world_model_cem,49,440,-259.87124964547945
world_model_cem,49,441,-256.3495281003003
world_model_cem,49,442,-267.22520833664134
world_model_cem,49,443,-278.7033838029184
world_model_cem,49,444,-283.36261083672525
world_model_cem,49,445,-288.84252143690776
world_model_cem,49,446,-286.3377067342947
world_model_cem,49,447,-289.0366218046237
world_model_cem,49,448,-293.798485244236
world_model_cem,49,449,-288.4793740821063
world_model_cem,49,450,-272.1978946187628
world_model_cem,49,451,-274.00754017673995
world_model_cem,49,452,-262.97927599327534
world_model_cem,49,453,-262.8671710357639
world_model_cem,49,454,-258.23354725936434
world_model_cem,49,455,-251.75660201143415
world_model_cem,49,456,-239.40702702144864
world_model_cem,49,457,-240.0901322673888
world_model_cem,49,458,-242.46289528758274
world_model_cem,49,459,-241.51718967658294
world_model_cem,49,460,-255.1875464839273
world_model_cem,49,461,-265.8546762936345
world_model_cem,49,462,-266.73416828356847
world_model_cem,49,463,-281.1190221660049
world_model_cem,49,464,-284.2773320481363
world_model_cem,49,465,-293.2162355392358
world_model_cem,49,466,-280.54199065235525
world_model_cem,49,467,-289.17518160234107
world_model_cem,49,468,-284.6433510274496
world_model_cem,49,469,-285.12574511280513
world_model_cem,49,470,-282.0315030890736
world_model_cem,49,471,-283.99293696271366
world_model_cem,49,472,-286.3371916441234
world_model_cem,49,473,-277.9913431977358
world_model_cem,49,474,-264.5169759567699
world_model_cem,49,475,-266.117906392883
world_model_cem,49,476,-248.40511048337135
world_model_cem,49,477,-249.8373028338417
world_model_cem,49,478,-228.21993035209124
world_model_cem,49,479,-242.60040729825414
world_model_cem,49,480,-238.07653583549637
world_model_cem,49,481,-254.06777654739986
world_model_cem,49,482,-256.0482179662962
world_model_cem,49,483,-255.33507856119576
world_model_cem,49,484,-264.72329383245824
world_model_cem,49,485,-272.2990784494804
world_model_cem,49,486,-272.74697667073156
world_model_cem,49,487,-282.33852314327225
world_model_cem,49,488,-274.7360090374462
world_model_cem,49,489,-271.843225499873
world_model_cem,49,490,-275.96268832262643
world_model_cem,49,491,-269.6479464812927
world_model_cem,49,492,-268.0510678002057
world_model_cem,49,493,-258.75291963232945
world_model_cem,49,494,-260.10423565989817
world_model_cem,49,495,-252.48587845834754
world_model_cem,49,496,-260.25812403196926
world_model_cem,49,497,-255.40322940736232
world_model_cem,49,498,-251.07299451542588
world_model_cem,49,499,-259.2853862363504
world_model_cem,49,500,-261.48866631920384
world_model_cem,49,501,-270.4880764493436
world_model_cem,49,502,-267.35313352049315
world_model_cem,49,503,-283.1665791345279
world_model_cem,49,504,-281.1504292295216
world_model_cem,49,505,-283.86471514141107
world_model_cem,49,506,-294.5428014539705
world_model_cem,49,507,-283.480759103172
world_model_cem,49,508,-285.40551698763335
world_model_cem,49,509,-278.0287474315449
world_model_cem,49,510,-286.624192537267
world_model_cem,49,511,-286.11015177087336
world_model_cem,49,512,-267.3015213715742
world_model_cem,49,513,-264.5724566058938
world_model_cem,49,514,-260.6239916591265
world_model_cem,49,515,-256.7636675497909
world_model_cem,49,516,-250.46271484256022
world_model_cem,49,517,-247.4198654588375
world_model_cem,49,518,-248.57293540423836
world_model_cem,49,519,-233.8186827628361
world_model_cem,49,520,-257.22079902345354
world_model_cem,49,521,-253.53015556705697
world_model_cem,49,522,-265.9795694851671
world_model_cem,49,523,-270.28564847449087
world_model_cem,49,524,-278.91425830599036
world_model_cem,49,525,-279.32020631029206
world_model_cem,49,526,-280.1990249340628
world_model_cem,49,527,-286.2342540694007
world_model_cem,49,528,-276.53640087754525
world_model_cem,49,529,-281.934769344716
world_model_cem,49,530,-286.48496665970697
world_model_cem,49,531,-279.88946774801155
world_model_cem,49,532,-265.80917337633235
world_model_cem,49,533,-263.1181632232902
world_model_cem,49,534,-248.17575280638786
world_model_cem,49,535,-246.04166433342218
world_model_cem,49,536,-247.97475744060182
world_model_cem,49,537,-240.73702332268078
world_model_cem,49,538,-243.21795799679575
world_model_cem,49,539,-246.80239523246652
world_model_cem,49,540,-256.24113311715934
world_model_cem,49,541,-262.8524459233945
world_model_cem,49,542,-276.7399557932942
world_model_cem,49,543,-280.2789390243218
world_model_cem,49,544,-282.23951426701035
world_model_cem,49,545,-291.6922882478583
world_model_cem,49,546,-294.0748796133729
world_model_cem,49,547,-281.6475168190044
world_model_cem,49,548,-275.9753779134764
world_model_cem,49,549,-281.64660474350717
world_model_cem,49,550,-283.0662281372545
world_model_cem,49,551,-274.5844379519512
world_model_cem,49,552,-276.5434909748702
world_model_cem,49,553,-265.62597301041944
world_model_cem,49,554,-262.08106596282016
world_model_cem,49,555,-254.14398383279453
world_model_cem,49,556,-232.17159551269933
world_model_cem,49,557,-244.10214090910972
world_model_cem,49,558,-249.60264428599038
world_model_cem,49,559,-238.85414551363894
world_model_cem,49,560,-254.97756930011215
world_model_cem,49,561,-251.81770200076704
world_model_cem,49,562,-260.8611315677932
world_model_cem,49,563,-258.6947291144759
world_model_cem,49,564,-280.4269436060615
world_model_cem,49,565,-276.38900296915966
world_model_cem,49,566,-283.4830931023722
world_model_cem,49,567,-285.0396411143189
world_model_cem,49,568,-273.158947545558
world_model_cem,49,569,-288.41470538338535
world_model_cem,49,570,-275.99243195408013
world_model_cem,49,571,-272.82908902790535
world_model_cem,49,572,-265.4760705575483
world_model_cem,49,573,-260.4183462775524
world_model_cem,49,574,-258.5691953602928
world_model_cem,49,575,-250.5846324314632
world_model_cem,49,576,-248.48871314719474
world_model_cem,49,577,-246.02237657531674
world_model_cem,49,578,-247.3988838530396
world_model_cem,49,579,-253.5112141264345
world_model_cem,49,580,-267.38235576505826
world_model_cem,49,581,-266.9776688836146
world_model_cem,49,582,-275.95974555920805
world_model_cem,49,583,-283.3408068559183
world_model_cem,49,584,-289.99654067736066
world_model_cem,49,585,-278.88823117478313
world_model_cem,49,586,-281.1412791320495
world_model_cem,49,587,-286.60032802242057
world_model_cem,49,588,-292.28873389609646
world_model_cem,49,589,-287.24362037120636
world_model_cem,49,590,-281.31063283861
world_model_cem,49,591,-272.2775595385551
world_model_cem,49,592,-270.48892164660964
world_model_cem,49,593,-255.92160995541357
world_model_cem,49,594,-249.68926763022444
world_model_cem,49,595,-243.7030660635594
world_model_cem,49,596,-246.6885955228786
world_model_cem,49,597,-248.4698710256917
world_model_cem,49,598,-244.54913901548943
world_model_cem,49,599,-255.89119412552142
world_model_cem,49,600,-258.0215728879722
world_model_cem,49,601,-264.00021816258754
world_model_cem,49,602,-271.3212952380979
world_model_cem,49,603,-274.9012337706646
world_model_cem,49,604,-284.9057711914473
world_model_cem,49,605,-292.52268188675066
world_model_cem,49,606,-290.53185572584755
world_model_cem,49,607,-294.578807941991
world_model_cem,49,608,-283.7752036933968
world_model_cem,49,609,-288.498683107788
world_model_cem,49,610,-284.75422554853424
world_model_cem,49,611,-267.8057606445718
world_model_cem,49,612,-265.2900074609843
world_model_cem,49,613,-260.02995960931605
world_model_cem,49,614,-258.5846194246984
world_model_cem,49,615,-251.01218607765267
world_model_cem,49,616,-241.8360766963569
world_model_cem,49,617,-243.62705625078684
world_model_cem,49,618,-247.0937864111687
world_model_cem,49,619,-254.15347606259138
world_model_cem,49,620,-261.2721059787226
world_model_cem,49,621,-264.52412852810005
world_model_cem,49,622,-271.00749630495983
world_model_cem,49,623,-279.08574093859136
world_model_cem,49,624,-276.7723798521508
world_model_cem,49,625,-288.36761793400217
world_model_cem,49,626,-291.774267847042
world_model_cem,49,627,-274.78019126500953
world_model_cem,49,628,-286.1656359334154
world_model_cem,49,629,-275.9379774100259
world_model_cem,49,630,-284.01462681304974
world_model_cem,49,631,-271.377947174043
world_model_cem,49,632,-274.53429305724615
world_model_cem,49,633,-261.23516470535026
world_model_cem,49,634,-260.20282382977507
world_model_cem,49,635,-256.2049081798338
world_model_cem,49,636,-242.28517088173086
world_model_cem,49,637,-242.60544680436902
world_model_cem,49,638,-246.88662284073862
world_model_cem,49,639,-253.14434121341003
world_model_cem,49,640,-255.02699423106438
world_model_cem,49,641,-256.0566316480375
world_model_cem,49,642,-264.1376250262795
world_model_cem,49,643,-265.1263240552073
world_model_cem,49,644,-273.54849055339673
world_model_cem,49,645,-269.7440571165057
world_model_cem,49,646,-284.98572900234797
world_model_cem,49,647,-278.1245580687434
world_model_cem,49,648,-285.4603301902231
world_model_cem,49,649,-290.70760044629793
world_model_cem,49,650,-286.37183108217084
world_model_cem,49,651,-280.5499364488892
world_model_cem,49,652,-268.38977896979327
world_model_cem,49,653,-268.92835124804327
world_model_cem,49,654,-254.62644493938535
world_model_cem,49,655,-249.0478425753812
world_model_cem,49,656,-247.47151759133322
world_model_cem,49,657,-250.53653649957
world_model_cem,49,658,-247.01086364501606
world_model_cem,49,659,-250.01437460453903
world_model_cem,49,660,-258.03382827942744
world_model_cem,49,661,-264.940198765672
world_model_cem,49,662,-267.9100882845571
world_model_cem,49,663,-263.8163404157451
world_model_cem,49,664,-283.5926467334659
world_model_cem,49,665,-286.8956394345623
world_model_cem,49,666,-289.4757868022656
world_model_cem,49,667,-286.8949234430718
world_model_cem,49,668,-281.94278599526683
world_model_cem,49,669,-276.1458878312335
world_model_cem,49,670,-281.3311294860728
world_model_cem,49,671,-284.38304310153836
world_model_cem,49,672,-286.8281035259417
world_model_cem,49,673,-276.76963811215694
world_model_cem,49,674,-275.5113022282461
world_model_cem,49,675,-264.29599067812507
world_model_cem,49,676,-258.7300081139907
world_model_cem,49,677,-242.4985852309424
world_model_cem,49,678,-252.96777595455606
world_model_cem,49,679,-252.3927179466055
world_model_cem,49,680,-238.20726665314282
world_model_cem,49,681,-247.57787773668315
world_model_cem,49,682,-260.56628771848784
world_model_cem,49,683,-254.066794952318
world_model_cem,49,684,-266.28375079461136
world_model_cem,49,685,-270.00067729419186
world_model_cem,49,686,-266.321947996629
world_model_cem,49,687,-273.5853194743322
world_model_cem,49,688,-282.29233893334015
world_model_cem,49,689,-281.98382216749184
world_model_cem,49,690,-290.5846015106201
world_model_cem,49,691,-257.02853756062854
world_model_cem,49,692,-262.72278495891146
world_model_cem,49,693,-257.2804585864869
world_model_cem,49,694,-257.501913361331
world_model_cem,49,695,-251.6954372869008
world_model_cem,49,696,-255.44131686871026
world_model_cem,49,697,-252.9435676808252
world_model_cem,49,698,-246.55433342982826
world_model_cem,49,699,-249.19131144290932
world_model_cem,49,700,-257.64842599572904
world_model_cem,49,701,-261.2194396411411
world_model_cem,49,702,-275.28883189206084
world_model_cem,49,703,-285.3063216154392
world_model_cem,49,704,-285.9907806366506
world_model_cem,49,705,-290.4548811597741
world_model_cem,49,706,-291.8188455421567
world_model_cem,49,707,-295.8019181275472
world_model_cem,49,708,-289.63134271518663
world_model_cem,49,709,-282.95848874649965
world_model_cem,49,710,-286.9868649029912
world_model_cem,49,711,-277.95770314241076
world_model_cem,49,712,-273.76763241462595
world_model_cem,49,713,-257.0157234042245
world_model_cem,49,714,-244.9564277735774
world_model_cem,49,715,-250.03353229845595
world_model_cem,49,716,-246.83194738220988
world_model_cem,49,717,-245.7549638176594
world_model_cem,49,718,-245.93025463777076
world_model_cem,49,719,-250.70327082609379
world_model_cem,49,720,-261.5443057012367
world_model_cem,49,721,-265.8338678578864
world_model_cem,49,722,-274.87484742458383
world_model_cem,49,723,-282.443709087168
world_model_cem,49,724,-282.33742513185666
world_model_cem,49,725,-289.8346228566332
world_model_cem,49,726,-285.2038622768729
world_model_cem,49,727,-272.614509921544
world_model_cem,49,728,-290.744935447846
world_model_cem,49,729,-277.0146143291663
world_model_cem,49,730,-266.43360948563236
world_model_cem,49,731,-270.13844628779157
world_model_cem,49,732,-266.97466782979495
world_model_cem,49,733,-261.1660744818352
world_model_cem,49,734,-254.28921909265486
world_model_cem,49,735,-245.5897563467436
world_model_cem,49,736,-247.58981101368707
world_model_cem,49,737,-249.4899027991909
world_model_cem,49,738,-256.64658320641513
world_model_cem,49,739,-265.5582187835373
world_model_cem,49,740,-261.6655891680364
world_model_cem,49,741,-281.6451694824733
world_model_cem,49,742,-283.01754880751224
world_model_cem,49,743,-291.50498146115126
world_model_cem,49,744,-291.51647217146035
world_model_cem,49,745,-290.6502122679816
world_model_cem,49,746,-283.7905538186735
world_model_cem,49,747,-289.0055241433268
world_model_cem,49,748,-286.1583083522796
world_model_cem,49,749,-283.05152587423663
world_model_cem,49,750,-266.222680265625
world_model_cem,49,751,-266.6868840058556
world_model_cem,49,752,-260.49997412030984
world_model_cem,49,753,-247.44564522337873
world_model_cem,49,754,-243.01755308170166
world_model_cem,49,755,-245.3063272964891
world_model_cem,49,756,-246.84902681174339
world_model_cem,49,757,-247.9134704886459
world_model_cem,49,758,-251.38066286533441
world_model_cem,49,759,-252.8324520176359
world_model_cem,49,760,-270.4166180908345
world_model_cem,49,761,-270.82598067930877
world_model_cem,49,762,-286.2615521801695
world_model_cem,49,763,-286.8012476651149
world_model_cem,49,764,-281.5506860340043
world_model_cem,49,765,-275.93641785550744
world_model_cem,49,766,-287.2568063019735
world_model_cem,49,767,-276.1186775103158
world_model_cem,49,768,-282.6101802697774
world_model_cem,49,769,-268.1858569380574
world_model_cem,49,770,-265.3061934037789
world_model_cem,49,771,-262.92897894609405
world_model_cem,49,772,-252.85943642334126
world_model_cem,49,773,-249.81912661432654
world_model_cem,49,774,-254.20867324491752
world_model_cem,49,775,-257.1881749424067
world_model_cem,49,776,-252.18256503553164
world_model_cem,49,777,-259.28743119937275
world_model_cem,49,778,-268.26667263536467
world_model_cem,49,779,-276.49430320755823
world_model_cem,49,780,-273.9750924319025
world_model_cem,49,781,-272.1164994311498
world_model_cem,49,782,-290.12043733987326
world_model_cem,49,783,-284.0075817992592
world_model_cem,49,784,-288.9119336739324
world_model_cem,49,785,-292.7207632776297
world_model_cem,49,786,-282.8043067351604
world_model_cem,49,787,-262.1124187247809
world_model_cem,49,788,-263.96798642385784
world_model_cem,49,789,-260.59003287839977
world_model_cem,49,790,-252.8891382048089
world_model_cem,49,791,-245.6683905455873
world_model_cem,49,792,-245.00073594895863
world_model_cem,49,793,-239.48859952888915
world_model_cem,49,794,-250.5517238858861
world_model_cem,49,795,-253.50728029464491
world_model_cem,49,796,-250.90608254174674
world_model_cem,49,797,-261.06372344759944
world_model_cem,49,798,-269.19068879293656
world_model_cem,49,799,-277.02413971293043
world_model_cem,49,800,-280.01171861379294
world_model_cem,49,801,-293.93553883171836
world_model_cem,49,802,-293.28546147795964
world_model_cem,49,803,-289.6507179100797
world_model_cem,49,804,-291.6732904640161
world_model_cem,49,805,-296.18728899734174
world_model_cem,49,806,-289.1385034577638
world_model_cem,49,807,-280.04186147982216
world_model_cem,49,808,-268.04997812880055
world_model_cem,49,809,-255.14528277312104
world_model_cem,49,810,-252.63431987148192
world_model_cem,49,811,-250.36328683854745
world_model_cem,49,812,-249.00849074957483
world_model_cem,49,813,-252.63641581244923
world_model_cem,49,814,-243.5509617882029
world_model_cem,49,815,-245.03171543818945
world_model_cem,49,816,-253.0216531115521
world_model_cem,49,817,-261.1045488206367
world_model_cem,49,818,-261.5264927081555
world_model_cem,49,819,-275.673632700427
world_model_cem,49,820,-289.06171734146943
world_model_cem,49,821,-285.69371380409575
world_model_cem,49,822,-284.9691983823176
world_model_cem,49,823,-277.0984089815894
world_model_cem,49,824,-282.1728755392156
world_model_cem,49,825,-286.0892246284909
world_model_cem,49,826,-288.8551731623509
world_model_cem,49,827,-276.01020360841426
world_model_cem,49,828,-265.80589509117567
world_model_cem,49,829,-259.88549109725227
world_model_cem,49,830,-252.47986857089575
world_model_cem,49,831,-255.981107899735
world_model_cem,49,832,-239.761215945515
world_model_cem,49,833,-233.4214401250742
world_model_cem,49,834,-238.88887106014127
world_model_cem,49,835,-250.41633040665857
world_model_cem,49,836,-260.6379513930443
world_model_cem,49,837,-258.0114269126465
world_model_cem,49,838,-272.0253392009648
world_model_cem,49,839,-272.9657633599247
world_model_cem,49,840,-285.28792172280237
world_model_cem,49,841,-285.58787528962347
world_model_cem,49,842,-290.14741515155106
world_model_cem,49,843,-291.59508088590013
world_model_cem,49,844,-280.80862553571444
world_model_cem,49,845,-288.4420010132939
world_model_cem,49,846,-288.08100952358654
world_model_cem,49,847,-276.2254419322632
world_model_cem,49,848,-271.78510438003474
world_model_cem,49,849,-263.75571550822735
world_model_cem,49,850,-252.4805047383673
world_model_cem,49,851,-244.17267191356183
world_model_cem,49,852,-247.5098847465611
world_model_cem,49,853,-239.03466213277582
world_model_cem,49,854,-248.97251194386894
world_model_cem,49,855,-246.15117259011112
world_model_cem,49,856,-259.92531720335444
world_model_cem,49,857,-266.8536010562248
world_model_cem,49,858,-270.7193313297558
world_model_cem,49,859,-276.5652107731261
world_model_cem,49,860,-284.34655825011833
world_model_cem,49,861,-287.66992966718846
world_model_cem,49,862,-292.7033017085019
world_model_cem,49,863,-288.91272522773113
world_model_cem,49,864,-277.3211961626929
world_model_cem,49,865,-283.59052678845796
world_model_cem,49,866,-278.4861905712734
world_model_cem,49,867,-285.6976746511759
world_model_cem,49,868,-275.4894793726336
world_model_cem,49,869,-276.75981941412624
world_model_cem,49,870,-268.63740236851294
world_model_cem,49,871,-256.19983525592704
world_model_cem,49,872,-253.51906706076483
world_model_cem,49,873,-250.6263246854857
world_model_cem,49,874,-250.43566160341024
world_model_cem,49,875,-242.49178867232007
world_model_cem,49,876,-248.70681742449554
world_model_cem,49,877,-250.9554355078787
world_model_cem,49,878,-259.27065982897085
world_model_cem,49,879,-258.8759347830583
world_model_cem,49,880,-268.48498616849076
world_model_cem,49,881,-275.9833411308689
world_model_cem,49,882,-276.0066859913636
world_model_cem,49,883,-285.4032893543559
world_model_cem,49,884,-281.5065185669605
world_model_cem,49,885,-275.52733433094664
world_model_cem,49,886,-290.88664062241463
world_model_cem,49,887,-284.3865360116383
world_model_cem,49,888,-278.0472440099401
world_model_cem,49,889,-275.0013023626045
world_model_cem,49,890,-263.32039454130313
world_model_cem,49,891,-256.7882449592053
world_model_cem,49,892,-251.52274599945542
world_model_cem,49,893,-249.47237480865493
world_model_cem,49,894,-243.37271535994535
world_model_cem,49,895,-250.84973308457586
world_model_cem,49,896,-242.07268241260232
world_model_cem,49,897,-258.5272263361364
world_model_cem,49,898,-259.6399625924211
world_model_cem,49,899,-264.41159539005395
world_model_cem,49,900,-270.03214738424464
world_model_cem,49,901,-285.1834148776927
world_model_cem,49,902,-269.04395651933396
world_model_cem,49,903,-291.7047672801051
world_model_cem,49,904,-291.2358042500126
world_model_cem,49,905,-279.1724869688245
world_model_cem,49,906,-287.76205328981143
world_model_cem,49,907,-278.82716858337506
world_model_cem,49,908,-265.2192029748253
world_model_cem,49,909,-265.1460401604727
world_model_cem,49,910,-263.3532355519287
world_model_cem,49,911,-258.0441754243491
world_model_cem,49,912,-249.78655290275702
world_model_cem,49,913,-237.07483715829494
world_model_cem,49,914,-241.60727841265285
world_model_cem,49,915,-247.30229271323824
world_model_cem,49,916,-246.379656630926
world_model_cem,49,917,-258.5894503650594
world_model_cem,49,918,-277.1269885546722
world_model_cem,49,919,-267.00273825267766
world_model_cem,49,920,-289.24460073358495
world_model_cem,49,921,-290.42572175859647
world_model_cem,49,922,-293.1924306937311
world_model_cem,49,923,-285.57416150217927
world_model_cem,49,924,-293.7440069401966
world_model_cem,49,925,-287.39232425074783
world_model_cem,49,926,-281.964077575433
world_model_cem,49,927,-284.3309613119243
world_model_cem,49,928,-289.9061792517247
world_model_cem,49,929,-283.4420696338698
world_model_cem,49,930,-282.1747892642196
world_model_cem,49,931,-273.9936187512665
world_model_cem,49,932,-263.32367303913554
world_model_cem,49,933,-260.63007152424086
world_model_cem,49,934,-257.00231304595593
world_model_cem,49,935,-249.63265404635968
world_model_cem,49,936,-250.71336199142394
world_model_cem,49,937,-249.6136197595511
world_model_cem,49,938,-248.2201240186167
world_model_cem,49,939,-249.72003484615945
world_model_cem,49,940,-248.52272346304915
world_model_cem,49,941,-258.0033200592492
world_model_cem,49,942,-265.6623537119623
world_model_cem,49,943,-266.5782516025783
world_model_cem,49,944,-271.7735506265801
world_model_cem,49,945,-280.34007094174245
world_model_cem,49,946,-270.09938233997315
world_model_cem,49,947,-282.226735817179
world_model_cem,49,948,-268.3133632069029
world_model_cem,49,949,-282.2399879224664
world_model_cem,49,950,-285.14786726469265
world_model_cem,49,951,-277.2106826920819
world_model_cem,49,952,-287.0016963404716
world_model_cem,49,953,-280.7871255801539
world_model_cem,49,954,-285.7242333278143
world_model_cem,49,955,-271.12662140256475
world_model_cem,49,956,-260.6607667479766
world_model_cem,49,957,-269.58634256836086
world_model_cem,49,958,-258.2334293892073
world_model_cem,49,959,-255.83031420722688
world_model_cem,49,960,-254.84138234897705
world_model_cem,49,961,-247.02085283355214
world_model_cem,49,962,-251.67131742061684
world_model_cem,49,963,-252.41393815552783
world_model_cem,49,964,-244.73645640283127
world_model_cem,49,965,-264.46479735524025
world_model_cem,49,966,-266.0041665627815
world_model_cem,49,967,-266.1340016810966
world_model_cem,49,968,-276.96995225927515
world_model_cem,49,969,-278.326590202838
world_model_cem,49,970,-272.2135963023245
world_model_cem,49,971,-271.73609438474296
world_model_cem,49,972,-270.9664764630092
world_model_cem,49,973,-274.32550518765476
world_model_cem,49,974,-288.84037481549035
world_model_cem,49,975,-289.3208645506953
world_model_cem,49,976,-285.1643022600857
world_model_cem,49,977,-273.5876649294335
world_model_cem,49,978,-263.3087145336069
world_model_cem,49,979,-272.2211649974599
world_model_cem,49,980,-265.0339482607009
world_model_cem,49,981,-254.7261023706985
world_model_cem,49,982,-257.9038724252635
world_model_cem,49,983,-261.5720305755347
world_model_cem,49,984,-251.45974842199882
world_model_cem,49,985,-253.7625738313489
world_model_cem,49,986,-249.4818955576265
world_model_cem,49,987,-248.14667845916546
world_model_cem,49,988,-256.3982835876257
world_model_cem,49,989,-258.7450934187367
world_model_cem,49,990,-269.71464321919666
world_model_cem,49,991,-252.09982624344656
world_model_cem,49,992,-272.364131657198
world_model_cem,49,993,-276.0939236182796
world_model_cem,49,994,-277.9957799638088
world_model_cem,49,995,-278.79913800928455
world_model_cem,49,996,-275.5555413186065
world_model_cem,49,997,-280.4802092890162
world_model_cem,49,998,-283.4531915280321
world_model_cem,49,999,-286.31934641469536
world_model_cem,49,1000,-278.12795455150143
world_model_cem,50,1,-188.840423844324
world_model_cem,50,2,-205.5444085673084
world_model_cem,50,3,-187.85981641740992
world_model_cem,50,4,-180.63926697765663
world_model_cem,50,5,-190.3712208393183
world_model_cem,50,6,-180.67290798032764
world_model_cem,50,7,-181.68570695587624
world_model_cem,50,8,-184.66727757648204
world_model_cem,50,9,-200.8180401762118
world_model_cem,50,10,-192.56246204813363
world_model_cem,50,11,-229.68872163978534
world_model_cem,50,12,-235.0390095188879
world_model_cem,50,13,-209.12635995717088
world_model_cem,50,14,-253.74177437788492
world_model_cem,50,15,-213.7909994804854
world_model_cem,50,16,-237.0494718388727
world_model_cem,50,17,-270.2614121304515
world_model_cem,50,18,-299.41713850703934
world_model_cem,50,19,-323.3453991138274
world_model_cem,50,20,-368.59349783794005
world_model_cem,50,21,-352.6798702293371
world_model_cem,50,22,-244.4380203623943
world_model_cem,50,23,-271.81233196919186
world_model_cem,50,24,-281.7526063929432
world_model_cem,50,25,-219.07713528866185
world_model_cem,50,26,-219.04403387180577
world_model_cem,50,27,-325.8839386590196
world_model_cem,50,28,-255.67409692836583
world_model_cem,50,29,-173.47057761720325
world_model_cem,50,30,-215.5341653463951
world_model_cem,50,31,-254.96145762195414
world_model_cem,50,32,-197.165230071414
world_model_cem,50,33,-308.92899044708264
world_model_cem,50,34,-215.95102241968604
world_model_cem,50,35,-277.4957806527823
world_model_cem,50,36,-178.18659827021514
world_model_cem,50,37,-294.6919506264211
world_model_cem,50,38,-285.3453814445749
world_model_cem,50,39,-295.12318408579995
world_model_cem,50,40,-286.03869359644955
world_model_cem,50,41,-290.03707420030565
world_model_cem,50,42,-278.38194612115217
world_model_cem,50,43,-277.13788130483954
world_model_cem,50,44,-278.9727439683138
world_model_cem,50,45,-264.919401828644
world_model_cem,50,46,-275.4873576984849
world_model_cem,50,47,-266.1386806737901
world_model_cem,50,48,-268.3786004590347
world_model_cem,50,49,-260.796293125163
world_model_cem,50,50,-261.19487298707867
world_model_cem,50,51,-250.14546308646925
world_model_cem,50,52,-252.93661629677746
world_model_cem,50,53,-249.3578811660459
world_model_cem,50,54,-239.13559883204954
world_model_cem,50,55,-244.92366626568116
world_model_cem,50,56,-245.52395093298085
world_model_cem,50,57,-256.72693067216227
world_model_cem,50,58,-261.17096677044105
world_model_cem,50,59,-264.2620680342967
world_model_cem,50,60,-273.9063636818803
world_model_cem,50,61,-276.89994199011574
world_model_cem,50,62,-275.13730480590505
world_model_cem,50,63,-278.1800663650289
world_model_cem,50,64,-295.68108711387225
world_model_cem,50,65,-279.8247936922505
world_model_cem,50,66,-284.05853533135047
world_model_cem,50,67,-293.357881873591
world_model_cem,50,68,-287.44667048097796
world_model_cem,50,69,-285.1599072159512
world_model_cem,50,70,-285.0572968195399
world_model_cem,50,71,-284.05554201334235
world_model_cem,50,72,-287.98129399158256
world_model_cem,50,73,-284.3022771172368
world_model_cem,50,74,-281.9995590104098
world_model_cem,50,75,-281.605606356312
world_model_cem,50,76,-274.2184618131075
world_model_cem,50,77,-274.76145777618046
world_model_cem,50,78,-281.8614668032438
world_model_cem,50,79,-282.89721868564527
world_model_cem,50,80,-279.1294928436855
world_model_cem,50,81,-274.65095997098365
world_model_cem,50,82,-281.8243170620987
world_model_cem,50,83,-281.15786898519616
world_model_cem,50,84,-275.4603429371039
world_model_cem,50,85,-277.50383040292
world_model_cem,50,86,-280.6189479087192
world_model_cem,50,87,-267.1172300550662
world_model_cem,50,88,-253.28856750896853
world_model_cem,50,89,-266.35853382004757
world_model_cem,50,90,-256.96078812929824
world_model_cem,50,91,-260.33381686329125
world_model_cem,50,92,-254.21284194969851
world_model_cem,50,93,-253.91040318118885
world_model_cem,50,94,-252.7052278042747
world_model_cem,50,95,-242.4886793293307
world_model_cem,50,96,-254.4129214280975
world_model_cem,50,97,-254.7823953511991
world_model_cem,50,98,-253.66855729339426
world_model_cem,50,99,-258.4332055030929
world_model_cem,50,100,-263.5174345740304
world_model_cem,50,101,-261.903471987796
world_model_cem,50,102,-283.31332162837975
world_model_cem,50,103,-285.9458914305111
world_model_cem,50,104,-270.73834446558715
world_model_cem,50,105,-271.8765812123132
world_model_cem,50,106,-272.1900004163001
world_model_cem,50,107,-268.8577086264156
world_model_cem,50,108,-270.23600227890824
world_model_cem,50,109,-263.59585562864845
world_model_cem,50,110,-262.6020104713914
world_model_cem,50,111,-258.3582136586707
world_model_cem,50,112,-252.53475790333613
world_model_cem,50,113,-260.6319929677654
world_model_cem,50,114,-261.7645988347578
world_model_cem,50,115,-269.7335947937169
world_model_cem,50,116,-276.2973791630829
world_model_cem,50,117,-274.95214257912426
world_model_cem,50,118,-282.35529823513906
world_model_cem,50,119,-286.96384156676277
world_model_cem,50,120,-286.9089432705627
world_model_cem,50,121,-274.77753164011074
world_model_cem,50,122,-291.35904499439766
world_model_cem,50,123,-290.4901092870765
world_model_cem,50,124,-283.24653633596233
world_model_cem,50,125,-288.9306494298082
world_model_cem,50,126,-287.4499886424617
world_model_cem,50,127,-286.31367592266895
world_model_cem,50,128,-270.19976674554493
world_model_cem,50,129,-266.6260814670795
world_model_cem,50,130,-264.57595730933787
world_model_cem,50,131,-257.9546319618649
world_model_cem,50,132,-252.11521527299078
world_model_cem,50,133,-252.6984325392326
world_model_cem,50,134,-247.1691029497323
world_model_cem,50,135,-252.9895828822855
world_model_cem,50,136,-251.0409087007968
world_model_cem,50,137,-254.14940107283206
world_model_cem,50,138,-261.80604236870715
world_model_cem,50,139,-264.97431136709696
world_model_cem,50,140,-266.59290913515133
world_model_cem,50,141,-276.26333538326867
world_model_cem,50,142,-272.5823357708938
world_model_cem,50,143,-287.3546121001257
world_model_cem,50,144,-270.82928282901275
world_model_cem,50,145,-279.4259737692307
world_model_cem,50,146,-282.36175965257905
world_model_cem,50,147,-278.9724759698796
world_model_cem,50,148,-266.019214001669
world_model_cem,50,149,-263.51625544945875
world_model_cem,50,150,-256.97363050748027
world_model_cem,50,151,-264.04202856140046
world_model_cem,50,152,-252.26426859971968
world_model_cem,50,153,-249.59805972917064
world_model_cem,50,154,-249.21683829206015
world_model_cem,50,155,-261.58497783371655
world_model_cem,50,156,-266.65967691025935
world_model_cem,50,157,-268.8657774456847
world_model_cem,50,158,-285.3780215499197
world_model_cem,50,159,-286.29073200069945
world_model_cem,50,160,-283.2530548271556
world_model_cem,50,161,-283.1653433872601
world_model_cem,50,162,-293.20311162611506
world_model_cem,50,163,-284.9151104139791
world_model_cem,50,164,-283.8464491016798
world_model_cem,50,165,-282.2526199692663
world_model_cem,50,166,-280.1320570808129
world_model_cem,50,167,-272.4822013520976
world_model_cem,50,168,-273.410723557084
world_model_cem,50,169,-271.58163921097207
world_model_cem,50,170,-273.52450828137455
world_model_cem,50,171,-263.8179944650475
world_model_cem,50,172,-262.59850216924326
world_model_cem,50,173,-260.6444104077832
world_model_cem,50,174,-252.81548356463878
world_model_cem,50,175,-249.0928095449582
world_model_cem,50,176,-251.80815003893727
world_model_cem,50,177,-248.65903220447146
world_model_cem,50,178,-250.96812908741558
world_model_cem,50,179,-256.4966237999098
world_model_cem,50,180,-258.5437856460633
world_model_cem,50,181,-261.8875755741394
world_model_cem,50,182,-264.07212904466905
world_model_cem,50,183,-268.5498513446573
world_model_cem,50,184,-275.27922981895404
world_model_cem,50,185,-278.87867276778724
world_model_cem,50,186,-279.928562790211
world_model_cem,50,187,-276.24861780870316
world_model_cem,50,188,-269.9591303239789
world_model_cem,50,189,-269.0457177117876
world_model_cem,50,190,-257.8588436176947
world_model_cem,50,191,-254.21326540322252
world_model_cem,50,192,-248.08485946421735
world_model_cem,50,193,-250.45796369025265
world_model_cem,50,194,-251.25119563064732
world_model_cem,50,195,-262.2090975083944
world_model_cem,50,196,-261.97998603739256
world_model_cem,50,197,-269.3357283209377
world_model_cem,50,198,-277.51335492528455
world_model_cem,50,199,-284.5100858540554
world_model_cem,50,200,-285.43542029044545
world_model_cem,50,201,-296.8906534811874
world_model_cem,50,202,-285.63791206988606
world_model_cem,50,203,-283.0444687047761
world_model_cem,50,204,-285.6740976702532
world_model_cem,50,205,-287.3977959876837
world_model_cem,50,206,-287.0360303658582
world_model_cem,50,207,-289.4328471943237
world_model_cem,50,208,-276.63619663749284
world_model_cem,50,209,-279.9338956472306
world_model_cem,50,210,-277.0635245007588
world_model_cem,50,211,-264.5873440855485
world_model_cem,50,212,-278.3770258330318
world_model_cem,50,213,-267.564344053111
world_model_cem,50,214,-280.4503019130326
world_model_cem,50,215,-274.8144529336999
world_model_cem,50,216,-284.98071550235863
world_model_cem,50,217,-280.416509032931
world_model_cem,50,218,-291.3825075044531
world_model_cem,50,219,-290.9812292034295
world_model_cem,50,220,-278.97942380536335
world_model_cem,50,221,-279.553306565429
world_model_cem,50,222,-281.8028708436117
world_model_cem,50,223,-276.12569861652116
world_model_cem,50,224,-288.90181629594383
world_model_cem,50,225,-281.2267012864305
world_model_cem,50,226,-280.8404266945259
world_model_cem,50,227,-267.73945651024206
world_model_cem,50,228,-260.33037724199653
world_model_cem,50,229,-256.4804590891582
world_model_cem,50,230,-246.75077670474627
world_model_cem,50,231,-237.89422017447583
world_model_cem,50,232,-243.85803124734431
world_model_cem,50,233,-251.21846247625854
world_model_cem,50,234,-249.97982356299607
world_model_cem,50,235,-249.15654217205957
world_model_cem,50,236,-251.06926112677036
world_model_cem,50,237,-255.29518845538053
world_model_cem,50,238,-263.6770525153496
world_model_cem,50,239,-267.88368121127405
world_model_cem,50,240,-265.52181136396337
world_model_cem,50,241,-285.9520271545616
world_model_cem,50,242,-284.0921780278051
world_model_cem,50,243,-291.5566387570981
world_model_cem,50,244,-274.51960665621186
world_model_cem,50,245,-280.36588768468306
world_model_cem,50,246,-269.1646915367931
world_model_cem,50,247,-270.59758913077883
world_model_cem,50,248,-265.76363486733896
world_model_cem,50,249,-259.40725955768016
world_model_cem,50,250,-257.9452796213395
world_model_cem,50,251,-255.40438903724882
world_model_cem,50,252,-257.87909542955043
world_model_cem,50,253,-261.9257649623586
world_model_cem,50,254,-267.58513337411205
world_model_cem,50,255,-271.8203902155983
world_model_cem,50,256,-270.7144629571922
world_model_cem,50,257,-282.74579593212286
world_model_cem,50,258,-275.7638027221644
world_model_cem,50,259,-286.2976658758754
world_model_cem,50,260,-276.14793893296036
world_model_cem,50,261,-279.55160628234825
world_model_cem,50,262,-291.1243714232338
world_model_cem,50,263,-291.9353641430972
world_model_cem,50,264,-286.97613219227554
world_model_cem,50,265,-281.3452193129367
world_model_cem,50,266,-278.43141358599223
world_model_cem,50,267,-274.60967689893255
world_model_cem,50,268,-259.35911817262433
world_model_cem,50,269,-248.07071874578168
world_model_cem,50,270,-249.82912041056466
world_model_cem,50,271,-241.16610158762148
world_model_cem,50,272,-245.8406264087447
world_model_cem,50,273,-247.81830461020294
world_model_cem,50,274,-254.42345369086706
world_model_cem,50,275,-261.29424241197523
world_model_cem,50,276,-259.989356548693
world_model_cem,50,277,-270.2221013754605
world_model_cem,50,278,-274.0848249629325
world_model_cem,50,279,-276.83891288663335
world_model_cem,50,280,-287.6694363210627
world_model_cem,50,281,-286.88053374466404
world_model_cem,50,282,-291.37366632883527
world_model_cem,50,283,-276.36717244307624
world_model_cem,50,284,-284.11884377973513
world_model_cem,50,285,-277.52086652187484
world_model_cem,50,286,-271.33945155717913
world_model_cem,50,287,-265.65913264824036
world_model_cem,50,288,-254.7007777040526
world_model_cem,50,289,-250.78801767934095
world_model_cem,50,290,-251.4489366483645
world_model_cem,50,291,-251.8845450639551
world_model_cem,50,292,-251.85734079906018
world_model_cem,50,293,-253.27126970100852
world_model_cem,50,294,-263.3661961720353
world_model_cem,50,295,-271.92817405154716
world_model_cem,50,296,-272.73434916025826
world_model_cem,50,297,-282.2314249461053
world_model_cem,50,298,-283.8453056834898
world_model_cem,50,299,-289.6617417976338
world_model_cem,50,300,-293.7628195204745
world_model_cem,50,301,-290.12891215757946
world_model_cem,50,302,-287.11289321402194
world_model_cem,50,303,-286.35383540413886
world_model_cem,50,304,-295.0941796882723
world_model_cem,50,305,-292.8681313928351
world_model_cem,50,306,-272.47412286845105
world_model_cem,50,307,-280.12359958637273
world_model_cem,50,308,-273.5457516829199
world_model_cem,50,309,-275.8815449511449
world_model_cem,50,310,-278.24922433727966
world_model_cem,50,311,-278.98121023720597
world_model_cem,50,312,-283.4889615317027
world_model_cem,50,313,-274.91938423629426
world_model_cem,50,314,-280.42794919625226
world_model_cem,50,315,-288.31163002721564
world_model_cem,50,316,-284.95316584988797
world_model_cem,50,317,-290.3807537940528
world_model_cem,50,318,-282.36694067204326
world_model_cem,50,319,-281.68469103247696
world_model_cem,50,320,-281.2955653135201
world_model_cem,50,321,-280.29512801592676
world_model_cem,50,322,-282.91036761279264
world_model_cem,50,323,-283.73172254040134
world_model_cem,50,324,-269.989919119412
world_model_cem,50,325,-275.9496908005947
world_model_cem,50,326,-261.8550194368147
world_model_cem,50,327,-255.6455326317699
world_model_cem,50,328,-253.32634854509436
world_model_cem,50,329,-258.3750244482924
world_model_cem,50,330,-257.62037417639607
world_model_cem,50,331,-252.58043577329164
world_model_cem,50,332,-240.9025363227406
world_model_cem,50,333,-253.69699335780808
world_model_cem,50,334,-252.24069293279234
world_model_cem,50,335,-259.0830276960315
world_model_cem,50,336,-260.35572749375325
world_model_cem,50,337,-267.1731251738733
world_model_cem,50,338,-263.5868508701028
world_model_cem,50,339,-268.8905497084567
world_model_cem,50,340,-275.4282065637577
world_model_cem,50,341,-270.31613750669055
world_model_cem,50,342,-282.9536956255663
world_model_cem,50,343,-272.8503677628173
world_model_cem,50,344,-278.19580779192347
world_model_cem,50,345,-268.54798436999585
world_model_cem,50,346,-261.03947144781677
world_model_cem,50,347,-265.32597820341437
world_model_cem,50,348,-259.94422070275664
world_model_cem,50,349,-252.22351303130017
world_model_cem,50,350,-255.6581075733454
world_model_cem,50,351,-256.34782947900885
world_model_cem,50,352,-260.4744914728285
world_model_cem,50,353,-240.30645252205966
world_model_cem,50,354,-270.06777874330226
world_model_cem,50,355,-275.7281780069297
world_model_cem,50,356,-289.0147683389345
world_model_cem,50,357,-282.317312066035
world_model_cem,50,358,-285.11044072195097
world_model_cem,50,359,-288.272564746773
world_model_cem,50,360,-291.47754391781916
world_model_cem,50,361,-287.2979549508758
world_model_cem,50,362,-290.340056885535
world_model_cem,50,363,-287.0590603977448
world_model_cem,50,364,-291.5113253763667
world_model_cem,50,365,-273.8512793608706
world_model_cem,50,366,-262.75488449089033
world_model_cem,50,367,-274.23658515259103
world_model_cem,50,368,-274.5502871938259
world_model_cem,50,369,-278.80978260835195
world_model_cem,50,370,-278.6799369211092
world_model_cem,50,371,-283.81796234920887
world_model_cem,50,372,-285.44509003106754
world_model_cem,50,373,-281.7874952621616
world_model_cem,50,374,-292.3144713733638
world_model_cem,50,375,-285.1729244441557
world_model_cem,50,376,-289.0812087071806
world_model_cem,50,377,-284.5334784232032
world_model_cem,50,378,-281.13470463507684
world_model_cem,50,379,-277.4196611667343
world_model_cem,50,380,-283.4795485409548
world_model_cem,50,381,-284.99507000624624
world_model_cem,50,382,-281.5893067915093
world_model_cem,50,383,-267.72209333578434
world_model_cem,50,384,-262.9064881858005
world_model_cem,50,385,-244.04118736362275
world_model_cem,50,386,-250.350686847971
world_model_cem,50,387,-240.77637161992797
world_model_cem,50,388,-238.30236963630955
world_model_cem,50,389,-245.6642472598957
world_model_cem,50,390,-236.05334672554562
world_model_cem,50,391,-250.54168607315887
world_model_cem,50,392,-246.55840377773228
world_model_cem,50,393,-258.74728175130247
world_model_cem,50,394,-252.60097178942752
world_model_cem,50,395,-272.53749563066583
world_model_cem,50,396,-270.1753787328991
world_model_cem,50,397,-284.67577712060137
world_model_cem,50,398,-290.6241646509807
world_model_cem,50,399,-289.7591767636916
world_model_cem,50,400,-277.74004587358206
world_model_cem,50,401,-276.24064887292036
world_model_cem,50,402,-272.14869189366425
world_model_cem,50,403,-265.9512531177637
world_model_cem,50,404,-255.67039679738636
world_model_cem,50,405,-255.90757804995076
world_model_cem,50,406,-256.68857633843425
world_model_cem,50,407,-260.1167796501719
world_model_cem,50,408,-243.3261224451433
world_model_cem,50,409,-263.26226920853554
world_model_cem,50,410,-262.14181178171
world_model_cem,50,411,-267.770374693304
world_model_cem,50,412,-277.35596342390414
world_model_cem,50,413,-264.6815750740437
world_model_cem,50,414,-291.9483948728621
world_model_cem,50,415,-282.1107195191638
world_model_cem,50,416,-287.1042415071556
world_model_cem,50,417,-283.2209709412127
world_model_cem,50,418,-297.40464142147977
world_model_cem,50,419,-290.18058778917356
world_model_cem,50,420,-260.67564916138565
world_model_cem,50,421,-284.7691803012357
world_model_cem,50,422,-282.14785103248346
world_model_cem,50,423,-279.53069666940064
world_model_cem,50,424,-273.06202002520894
world_model_cem,50,425,-272.83802932585644
world_model_cem,50,426,-271.03593236371574
world_model_cem,50,427,-274.10022364462225
world_model_cem,50,428,-281.97290656820684
world_model_cem,50,429,-284.5131545162295
world_model_cem,50,430,-281.90527276674936
world_model_cem,50,431,-290.4565695071227
world_model_cem,50,432,-287.9804756362515
world_model_cem,50,433,-286.8536795087277
world_model_cem,50,434,-289.3156370636741
world_model_cem,50,435,-281.76689069264944
world_model_cem,50,436,-284.6403023925179
world_model_cem,50,437,-273.0963477044469
world_model_cem,50,438,-274.458156332914
world_model_cem,50,439,-268.57707228310545
world_model_cem,50,440,-275.5362653848676
world_model_cem,50,441,-267.6991764630635
world_model_cem,50,442,-257.4897169099904
world_model_cem,50,443,-253.9746534355554
world_model_cem,50,444,-249.793085402054
world_model_cem,50,445,-236.0906555478951
world_model_cem,50,446,-243.6307811074721
world_model_cem,50,447,-251.51029238902342
world_model_cem,50,448,-243.6017320636883
world_model_cem,50,449,-253.85036877907032
world_model_cem,50,450,-261.0155000255603
world_model_cem,50,451,-262.969900341652
world_model_cem,50,452,-270.57273235173983
world_model_cem,50,453,-278.99723147863097
world_model_cem,50,454,-278.34706173009386
world_model_cem,50,455,-287.35766471734956
world_model_cem,50,456,-278.41093821825774
world_model_cem,50,457,-277.19363905759917
world_model_cem,50,458,-274.60535727190853
world_model_cem,50,459,-269.66077393893545
world_model_cem,50,460,-264.4589494182313
world_model_cem,50,461,-258.908100287736
world_model_cem,50,462,-253.79234653058154
world_model_cem,50,463,-257.3204330821442
world_model_cem,50,464,-260.2288955560115
world_model_cem,50,465,-262.1095350669053
world_model_cem,50,466,-266.0688243764057
world_model_cem,50,467,-269.2855907124703
world_model_cem,50,468,-272.5400767890583
world_model_cem,50,469,-278.250661184673
world_model_cem,50,470,-283.27067927857087
world_model_cem,50,471,-279.0366695436397
world_model_cem,50,472,-288.98563816820933
world_model_cem,50,473,-289.9814237829858
world_model_cem,50,474,-270.91464834487226
world_model_cem,50,475,-285.99614395905957
world_model_cem,50,476,-272.9391546527504
world_model_cem,50,477,-278.7830236226022
world_model_cem,50,478,-278.613674655382
world_model_cem,50,479,-271.173734906375
world_model_cem,50,480,-268.57772236180494
world_model_cem,50,481,-258.15752471937424
world_model_cem,50,482,-243.2413479769407
world_model_cem,50,483,-251.58191025124168
world_model_cem,50,484,-246.1758785820145
world_model_cem,50,485,-249.61556024716717
world_model_cem,50,486,-250.05720124736155
world_model_cem,50,487,-255.63659854922463
world_model_cem,50,488,-261.8929525206419
world_model_cem,50,489,-266.10121473078294
world_model_cem,50,490,-271.3578111312022
world_model_cem,50,491,-278.13948930262166
world_model_cem,50,492,-281.7170672958094
world_model_cem,50,493,-288.8538145127303
world_model_cem,50,494,-280.42569255977924
world_model_cem,50,495,-280.62187454058267
world_model_cem,50,496,-269.72727339738407
world_model_cem,50,497,-258.82772378676543
world_model_cem,50,498,-268.2321116083634
world_model_cem,50,499,-260.7314313525515
world_model_cem,50,500,-251.0057232131862
world_model_cem,50,501,-251.427381844159
world_model_cem,50,502,-246.87373546682974
world_model_cem,50,503,-248.65686635415148
world_model_cem,50,504,-255.39749869426652
world_model_cem,50,505,-261.5185786746683
world_model_cem,50,506,-267.44410263113025
world_model_cem,50,507,-277.7650392233716
world_model_cem,50,508,-281.8980757612255
world_model_cem,50,509,-277.5770192655571
world_model_cem,50,510,-291.5822538276065
world_model_cem,50,511,-289.2720275392289
world_model_cem,50,512,-275.72495866376926
world_model_cem,50,513,-279.06618333174936
world_model_cem,50,514,-285.0163788053514
world_model_cem,50,515,-290.43363990417475
world_model_cem,50,516,-282.14704984154946
world_model_cem,50,517,-276.06202054224946
world_model_cem,50,518,-268.6059666205591
world_model_cem,50,519,-266.6985605341137
world_model_cem,50,520,-247.41082165630996
world_model_cem,50,521,-250.27602708409708
world_model_cem,50,522,-242.08903376435907
world_model_cem,50,523,-225.94695202669402
world_model_cem,50,524,-246.07067798494467
world_model_cem,50,525,-254.8650950328986
world_model_cem,50,526,-254.42905285226527
world_model_cem,50,527,-263.9765426758613
world_model_cem,50,528,-264.5600939549263
world_model_cem,50,529,-277.16238003245337
world_model_cem,50,530,-280.7392329556675
world_model_cem,50,531,-286.9426637173086
world_model_cem,50,532,-289.6219133659821
world_model_cem,50,533,-272.9564461546221
world_model_cem,50,534,-285.8428219341648
world_model_cem,50,535,-277.61446158520437
world_model_cem,50,536,-268.70850981305796
world_model_cem,50,537,-267.612866051533
world_model_cem,50,538,-260.1626815992075
world_model_cem,50,539,-248.93645759150604
world_model_cem,50,540,-246.4162462646102
world_model_cem,50,541,-251.0154230395391
world_model_cem,50,542,-245.4163651294456
world_model_cem,50,543,-250.82888826151787
world_model_cem,50,544,-255.540964585999
world_model_cem,50,545,-258.93275931006
world_model_cem,50,546,-267.0169593277119
world_model_cem,50,547,-266.7510232173172
world_model_cem,50,548,-281.3423790790175
world_model_cem,50,549,-290.40651195288314
world_model_cem,50,550,-286.74727623038956
world_model_cem,50,551,-291.74604991619947
world_model_cem,50,552,-290.9527638614876
world_model_cem,50,553,-281.44590620448815
world_model_cem,50,554,-286.55224396635066
world_model_cem,50,555,-283.76632102863573
world_model_cem,50,556,-279.8326056838554
world_model_cem,50,557,-276.4832699316065
world_model_cem,50,558,-275.45963603229126
world_model_cem,50,559,-258.64613448172156
world_model_cem,50,560,-262.3471230738118
world_model_cem,50,561,-256.477356643185
world_model_cem,50,562,-252.1231696548623
world_model_cem,50,563,-253.9828750205277
world_model_cem,50,564,-248.84824818196284
world_model_cem,50,565,-255.70544036144628
world_model_cem,50,566,-258.5466470007178
world_model_cem,50,567,-263.96967083694153
world_model_cem,50,568,-265.96953367503306
world_model_cem,50,569,-267.56212480644075
world_model_cem,50,570,-269.2984579347881
world_model_cem,50,571,-275.1436050453422
world_model_cem,50,572,-280.21321548161205
world_model_cem,50,573,-283.81810584102067
world_model_cem,50,574,-272.83867327303363
world_model_cem,50,575,-283.66294766063476
world_model_cem,50,576,-273.28818087534137
world_model_cem,50,577,-258.98168663806035
world_model_cem,50,578,-262.601023115313
world_model_cem,50,579,-257.31599403519084
world_model_cem,50,580,-251.23389305014908
world_model_cem,50,581,-249.35407436472977
world_model_cem,50,582,-250.16285924247393
world_model_cem,50,583,-247.67456807090988
world_model_cem,50,584,-256.14307845271696
world_model_cem,50,585,-254.56880686845477
world_model_cem,50,586,-262.80204586166445
world_model_cem,50,587,-271.5951138532594
world_model_cem,50,588,-284.2682281973443
world_model_cem,50,589,-286.9947796289508
world_model_cem,50,590,-286.3023132015802
world_model_cem,50,591,-295.7062113239393
world_model_cem,50,592,-286.7938091453895
world_model_cem,50,593,-289.16385112284354
world_model_cem,50,594,-291.4293033110144
world_model_cem,50,595,-280.41338775827154
world_model_cem,50,596,-281.5558911851512
world_model_cem,50,597,-269.6896336044938
world_model_cem,50,598,-252.92344981936378
world_model_cem,50,599,-250.12311803467685
world_model_cem,50,600,-248.2735713830682
world_model_cem,50,601,-248.09912650147697
world_model_cem,50,602,-245.16569571463177
world_model_cem,50,603,-248.39560162733002
world_model_cem,50,604,-247.1295571054906
world_model_cem,50,605,-251.8134648051296
world_model_cem,50,606,-260.2808329402178
world_model_cem,50,607,-261.7617857297229
world_model_cem,50,608,-262.6812973474207
world_model_cem,50,609,-281.7376077851594
world_model_cem,50,610,-284.66454156747193
world_model_cem,50,611,-288.3937112045677
world_model_cem,50,612,-280.89007216094086
world_model_cem,50,613,-292.73459326172326
world_model_cem,50,614,-283.12747106683736
world_model_cem,50,615,-281.9069264293006
world_model_cem,50,616,-269.1655129966738
world_model_cem,50,617,-260.9267220096043
world_model_cem,50,618,-258.69449999988785
world_model_cem,50,619,-253.38107609974952
world_model_cem,50,620,-237.29485787992925
world_model_cem,50,621,-248.7759990370742
world_model_cem,50,622,-255.70869051173253
world_model_cem,50,623,-253.65840349702336
world_model_cem,50,624,-257.3599527151621
world_model_cem,50,625,-265.5317494697825
world_model_cem,50,626,-268.81607444695294
world_model_cem,50,627,-278.8283205994837
world_model_cem,50,628,-290.80917877496597
world_model_cem,50,629,-280.1339978827223
world_model_cem,50,630,-277.9737585216784
world_model_cem,50,631,-285.7834869474659
world_model_cem,50,632,-283.14365773895264
world_model_cem,50,633,-277.23897365330413
world_model_cem,50,634,-283.3677960219605
world_model_cem,50,635,-270.3922682206222
world_model_cem,50,636,-260.8480309740311
world_model_cem,50,637,-255.38981574070937
world_model_cem,50,638,-252.021094240923
world_model_cem,50,639,-250.41506152484055
world_model_cem,50,640,-245.74397769583342
world_model_cem,50,641,-249.24193460161416
world_model_cem,50,642,-242.4795636188886
world_model_cem,50,643,-250.9921953688788
world_model_cem,50,644,-263.8016194969697
world_model_cem,50,645,-263.9277230038178
world_model_cem,50,646,-276.458738136015
world_model_cem,50,647,-275.5373772848458
world_model_cem,50,648,-281.566578403412
world_model_cem,50,649,-295.8204607862248
world_model_cem,50,650,-279.0943743863321
world_model_cem,50,651,-287.9823986452918
world_model_cem,50,652,-293.33924873413156
world_model_cem,50,653,-287.86381934659505
world_model_cem,50,654,-279.3970400509851
world_model_cem,50,655,-271.88754077749854
world_model_cem,50,656,-261.1373462631904
world_model_cem,50,657,-257.2387430846047
world_model_cem,50,658,-247.76525142461148
world_model_cem,50,659,-248.21676844817844
world_model_cem,50,660,-241.70061389713328
world_model_cem,50,661,-238.69280146343982
world_model_cem,50,662,-247.02163539833876
world_model_cem,50,663,-254.62789529337456
world_model_cem,50,664,-260.83114113333863
world_model_cem,50,665,-259.8551122243422
world_model_cem,50,666,-267.5703469130599
world_model_cem,50,667,-283.29712015713835
world_model_cem,50,668,-290.0333187481369
world_model_cem,50,669,-289.5015247255124
world_model_cem,50,670,-283.4249154853227
world_model_cem,50,671,-292.0543451488444
world_model_cem,50,672,-284.9841950977052
world_model_cem,50,673,-272.48606146247164
world_model_cem,50,674,-258.9316067535835
world_model_cem,50,675,-261.61352425807536
world_model_cem,50,676,-256.90080664293055
world_model_cem,50,677,-246.3228325669755
world_model_cem,50,678,-246.13449337049434
world_model_cem,50,679,-247.74301379337933
world_model_cem,50,680,-250.70998405642663
world_model_cem,50,681,-248.79452031261422
world_model_cem,50,682,-257.8453600339976
world_model_cem,50,683,-261.30943034282996
world_model_cem,50,684,-270.09201515447864
world_model_cem,50,685,-280.50360579037715
world_model_cem,50,686,-277.175942781417
world_model_cem,50,687,-288.3080214671695
world_model_cem,50,688,-284.80590354837113
world_model_cem,50,689,-288.94913873667707
world_model_cem,50,690,-290.3957311487057
world_model_cem,50,691,-279.30657083739504
world_model_cem,50,692,-286.1033190711096
world_model_cem,50,693,-277.89297334784976
world_model_cem,50,694,-268.3554767477941
world_model_cem,50,695,-258.24422958117896
world_model_cem,50,696,-246.51086489327417
world_model_cem,50,697,-238.64255048837447
world_model_cem,50,698,-245.75686010776133
world_model_cem,50,699,-239.65258211230372
world_model_cem,50,700,-246.0177361972286
world_model_cem,50,701,-244.4753168270231
world_model_cem,50,702,-248.925994404637
world_model_cem,50,703,-257.27296956623564
world_model_cem,50,704,-261.208667197836
world_model_cem,50,705,-272.60814410169854
world_model_cem,50,706,-280.9115129942923
world_model_cem,50,707,-277.3241843943655
world_model_cem,50,708,-279.3099627562717
world_model_cem,50,709,-285.6049694584571
world_model_cem,50,710,-271.70800920596963
world_model_cem,50,711,-276.21993980349407
world_model_cem,50,712,-268.1308517238076
world_model_cem,50,713,-269.82524091744176
world_model_cem,50,714,-261.3735958925726
world_model_cem,50,715,-253.18680434606335
world_model_cem,50,716,-240.18548850531113
world_model_cem,50,717,-249.14054788038274
world_model_cem,50,718,-243.1262497864619
world_model_cem,50,719,-246.92222876812286
world_model_cem,50,720,-250.1779266167971
world_model_cem,50,721,-253.42602052566662
world_model_cem,50,722,-255.08994339177997
world_model_cem,50,723,-258.47351466032325
world_model_cem,50,724,-278.98547701468567
world_model_cem,50,725,-292.2227898028381
world_model_cem,50,726,-285.6916875369775
world_model_cem,50,727,-293.6665740240594
world_model_cem,50,728,-286.12955478807567
world_model_cem,50,729,-284.17886319949577
world_model_cem,50,730,-294.4751371557806
world_model_cem,50,731,-290.7393974179567
world_model_cem,50,732,-276.7823471863471
world_model_cem,50,733,-265.52825798168783
world_model_cem,50,734,-264.7067421371701
world_model_cem,50,735,-256.3702574332271
world_model_cem,50,736,-248.7609840440982
world_model_cem,50,737,-231.21493245780033
world_model_cem,50,738,-240.33509461629689
world_model_cem,50,739,-252.14561175156308
world_model_cem,50,740,-255.4394333717364
world_model_cem,50,741,-258.63099681787867
world_model_cem,50,742,-263.81643580514253
world_model_cem,50,743,-265.1494650932124
world_model_cem,50,744,-279.4402973466716
world_model_cem,50,745,-285.8745917466102
world_model_cem,50,746,-291.0065179609833
world_model_cem,50,747,-284.309870179462
world_model_cem,50,748,-285.8830327044473
world_model_cem,50,749,-285.94964054938805
world_model_cem,50,750,-271.74718118781783
world_model_cem,50,751,-263.7197407912435
world_model_cem,50,752,-262.40398734698056
world_model_cem,50,753,-245.67315845926208
world_model_cem,50,754,-256.1278930722998
world_model_cem,50,755,-248.2308928128458
world_model_cem,50,756,-240.70643282461504
world_model_cem,50,757,-243.50301912781634
world_model_cem,50,758,-246.0806983779584
world_model_cem,50,759,-259.0318838154743
world_model_cem,50,760,-263.342218059122
world_model_cem,50,761,-261.96776509459266
world_model_cem,50,762,-276.7142470924367
world_model_cem,50,763,-281.25628007351304
world_model_cem,50,764,-290.08136749396516
world_model_cem,50,765,-292.03277145087003
world_model_cem,50,766,-286.1196510315256
world_model_cem,50,767,-295.17220063228194
world_model_cem,50,768,-290.0520679791534
world_model_cem,50,769,-284.6710173896897
world_model_cem,50,770,-270.1899177197088
world_model_cem,50,771,-258.83432332282774
world_model_cem,50,772,-249.82541721279915
world_model_cem,50,773,-243.0426784660429
world_model_cem,50,774,-247.8415083462139
world_model_cem,50,775,-242.26115094404628
world_model_cem,50,776,-243.36553936346326
world_model_cem,50,777,-247.3343969263075
world_model_cem,50,778,-246.9149501186402
world_model_cem,50,779,-267.2790381220397
world_model_cem,50,780,-268.43081305949045
world_model_cem,50,781,-285.6191890635678
world_model_cem,50,782,-283.8016432512169
world_model_cem,50,783,-296.43947273889296
world_model_cem,50,784,-292.0171685600815
world_model_cem,50,785,-287.3279149470647
world_model_cem,50,786,-287.64348238957524
world_model_cem,50,787,-290.0519554164617
world_model_cem,50,788,-281.4001588738015
world_model_cem,50,789,-291.5027419824616
world_model_cem,50,790,-281.1076062973366
world_model_cem,50,791,-272.700023402429
world_model_cem,50,792,-268.2206440145143
world_model_cem,50,793,-257.0146075217511
world_model_cem,50,794,-256.6246324080884
world_model_cem,50,795,-244.26923205292576
world_model_cem,50,796,-253.42900975721267
world_model_cem,50,797,-246.82068062867108
world_model_cem,50,798,-251.10749114839786
world_model_cem,50,799,-250.68423260478522
world_model_cem,50,800,-255.13174680434133
world_model_cem,50,801,-254.48491248833608
world_model_cem,50,802,-269.8597550215344
world_model_cem,50,803,-277.158372055469
world_model_cem,50,804,-278.65931551263634
world_model_cem,50,805,-283.7503573120558
world_model_cem,50,806,-289.46255789582034
world_model_cem,50,807,-278.3714955034338
world_model_cem,50,808,-285.2784449855248
world_model_cem,50,809,-282.138617431713
world_model_cem,50,810,-272.0243640452067
world_model_cem,50,811,-266.3079400007355
world_model_cem,50,812,-263.6156596903894
world_model_cem,50,813,-251.5187596480429
world_model_cem,50,814,-241.89158459595072
world_model_cem,50,815,-252.35656453820712
world_model_cem,50,816,-248.41760352443214
world_model_cem,50,817,-249.70442350502967
world_model_cem,50,818,-259.2398242939613
world_model_cem,50,819,-266.817159911913
world_model_cem,50,820,-275.85826863374274
world_model_cem,50,821,-280.188121504025
world_model_cem,50,822,-293.1813309882221
world_model_cem,50,823,-290.6874229249362
world_model_cem,50,824,-291.93715388397624
world_model_cem,50,825,-293.5416402869648
world_model_cem,50,826,-292.86433037242364
world_model_cem,50,827,-286.21356353313126
world_model_cem,50,828,-290.2425632086019
world_model_cem,50,829,-262.5688903254844
world_model_cem,50,830,-261.4643075152144
world_model_cem,50,831,-250.71076291892723
world_model_cem,50,832,-245.24806789475474
world_model_cem,50,833,-253.94018035406967
world_model_cem,50,834,-240.8473555139696
world_model_cem,50,835,-231.41995594021358
world_model_cem,50,836,-251.26316338104846
world_model_cem,50,837,-252.62710791187826
world_model_cem,50,838,-261.00138586087667
world_model_cem,50,839,-261.76482827327294
world_model_cem,50,840,-276.1887452877877
world_model_cem,50,841,-279.2255448719492
world_model_cem,50,842,-290.4047832385184
world_model_cem,50,843,-292.4804937066415
world_model_cem,50,844,-278.6878581138712
world_model_cem,50,845,-291.63987554101465
world_model_cem,50,846,-276.99862259464555
world_model_cem,50,847,-271.49947063162847
world_model_cem,50,848,-268.30563723006
world_model_cem,50,849,-254.30480945703698
world_model_cem,50,850,-254.7150217185678
world_model_cem,50,851,-249.87823396803122
world_model_cem,50,852,-250.85654318487747
world_model_cem,50,853,-247.88216965243555
world_model_cem,50,854,-247.54851258585845
world_model_cem,50,855,-245.40974811692388
world_model_cem,50,856,-260.2542781985883
world_model_cem,50,857,-264.0055261095041
world_model_cem,50,858,-273.92851724366363
world_model_cem,50,859,-282.5266163980997
world_model_cem,50,860,-287.9327597558888
world_model_cem,50,861,-289.68675405191163
world_model_cem,50,862,-297.78754287047104
world_model_cem,50,863,-282.14291158795373
world_model_cem,50,864,-295.9202996671073
world_model_cem,50,865,-288.94607962193464
world_model_cem,50,866,-278.86503046743815
world_model_cem,50,867,-277.45011895285626
world_model_cem,50,868,-276.8229027020084
world_model_cem,50,869,-255.39062349201225
world_model_cem,50,870,-259.8484078752665
world_model_cem,50,871,-240.39315294003467
world_model_cem,50,872,-250.05940540422586
world_model_cem,50,873,-244.59944607941028
world_model_cem,50,874,-240.5472836659016
world_model_cem,50,875,-245.3092726539623
world_model_cem,50,876,-248.19572283271935
world_model_cem,50,877,-248.27792354281831
world_model_cem,50,878,-263.48489051539167
world_model_cem,50,879,-269.68655395959956
world_model_cem,50,880,-275.1967632944138
world_model_cem,50,881,-283.88249131574287
world_model_cem,50,882,-284.3370175794615
world_model_cem,50,883,-288.35014539284793
world_model_cem,50,884,-282.56335279703086
world_model_cem,50,885,-280.7810692108986
world_model_cem,50,886,-280.81710390890305
world_model_cem,50,887,-283.17217194222656
world_model_cem,50,888,-259.95999030930125
world_model_cem,50,889,-256.8337408149797
world_model_cem,50,890,-260.7385992572145
world_model_cem,50,891,-251.75590223331534
world_model_cem,50,892,-241.88719125963044
world_model_cem,50,893,-247.10272158390978
world_model_cem,50,894,-253.4484521577313
world_model_cem,50,895,-252.70366457440034
world_model_cem,50,896,-249.71765591347238
world_model_cem,50,897,-261.7462441587278
world_model_cem,50,898,-267.3433993066984
world_model_cem,50,899,-270.79240886145135
world_model_cem,50,900,-277.54489290750325
world_model_cem,50,901,-293.3375108781895
world_model_cem,50,902,-297.7164821168224
world_model_cem,50,903,-289.7409756261352
world_model_cem,50,904,-284.73973609066417
world_model_cem,50,905,-285.6209759426737
world_model_cem,50,906,-284.70889056428
world_model_cem,50,907,-280.9412808380752
world_model_cem,50,908,-265.5738881094518
world_model_cem,50,909,-264.1556582806609
world_model_cem,50,910,-255.50326101169776
world_model_cem,50,911,-254.10582653650448
world_model_cem,50,912,-250.11815040323592
world_model_cem,50,913,-246.62264997386055
world_model_cem,50,914,-242.53256429551038
world_model_cem,50,915,-252.28553745363212
world_model_cem,50,916,-240.97667138699626
world_model_cem,50,917,-260.4252645797667
world_model_cem,50,918,-254.5354089140251
world_model_cem,50,919,-280.8962871325595
world_model_cem,50,920,-278.06486956219555
world_model_cem,50,921,-287.3144944601562
world_model_cem,50,922,-286.52780909443294
world_model_cem,50,923,-274.97683199905254
world_model_cem,50,924,-280.0576665545069
world_model_cem,50,925,-277.22104731660124
world_model_cem,50,926,-272.87105691796575
world_model_cem,50,927,-266.96109271640023
world_model_cem,50,928,-257.4782085680672
world_model_cem,50,929,-252.51942697902138
world_model_cem,50,930,-249.11878083369373
world_model_cem,50,931,-242.1317450208191
world_model_cem,50,932,-250.65291152179935
world_model_cem,50,933,-249.38353641994865
world_model_cem,50,934,-254.54686901213876
world_model_cem,50,935,-259.49769057603567
world_model_cem,50,936,-272.5497236546371
world_model_cem,50,937,-280.6232022444565
world_model_cem,50,938,-282.14422727847244
world_model_cem,50,939,-285.4931374872154
world_model_cem,50,940,-287.69663044266383
world_model_cem,50,941,-280.74304237156525
world_model_cem,50,942,-285.3223839243453
world_model_cem,50,943,-284.23832783167506
world_model_cem,50,944,-285.02554677181774
world_model_cem,50,945,-286.5261707050885
world_model_cem,50,946,-287.72680057529226
world_model_cem,50,947,-272.45897525375517
world_model_cem,50,948,-255.45750273703538
world_model_cem,50,949,-260.7044018421173
world_model_cem,50,950,-252.76660307875412
world_model_cem,50,951,-258.04932065917217
world_model_cem,50,952,-255.90214800942445
world_model_cem,50,953,-239.40073966155455
world_model_cem,50,954,-249.37657602043956
world_model_cem,50,955,-248.75285764912203
world_model_cem,50,956,-250.35335582256198
world_model_cem,50,957,-262.0286109518901
world_model_cem,50,958,-268.2798346529862
world_model_cem,50,959,-273.7679763153914
world_model_cem,50,960,-275.29330561274685
world_model_cem,50,961,-282.47341931345915
world_model_cem,50,962,-276.5057820634163
world_model_cem,50,963,-283.65981751656125
world_model_cem,50,964,-279.2402622599233
world_model_cem,50,965,-266.6003720140017
world_model_cem,50,966,-260.20132434484077
world_model_cem,50,967,-262.64364495237913
world_model_cem,50,968,-250.19040088009805
world_model_cem,50,969,-257.3600417211444
world_model_cem,50,970,-251.2692353784046
world_model_cem,50,971,-244.81220245988328
world_model_cem,50,972,-246.65500201993476
world_model_cem,50,973,-258.64913206286946
world_model_cem,50,974,-260.1963558804477
world_model_cem,50,975,-272.39460160567825
world_model_cem,50,976,-267.80278941472574
world_model_cem,50,977,-286.1688569517727
world_model_cem,50,978,-280.10272840003927
world_model_cem,50,979,-293.03097145669494
world_model_cem,50,980,-294.0924717432665
world_model_cem,50,981,-295.0139564333666
world_model_cem,50,982,-290.66874930607787
world_model_cem,50,983,-275.90006177577
world_model_cem,50,984,-279.4700610189118
world_model_cem,50,985,-274.17764317199845
world_model_cem,50,986,-261.1510836068253
world_model_cem,50,987,-252.56555704476204
world_model_cem,50,988,-252.64909629132256
world_model_cem,50,989,-240.0119469054681
world_model_cem,50,990,-241.7471258376551
world_model_cem,50,991,-243.3316883156483
world_model_cem,50,992,-244.27418111704986
world_model_cem,50,993,-256.21215125170335
world_model_cem,50,994,-255.91405423229259
world_model_cem,50,995,-265.9415936757682
world_model_cem,50,996,-282.1772992980976
world_model_cem,50,997,-285.5214574352332
world_model_cem,50,998,-294.4199749281294
world_model_cem,50,999,-285.34241187532837
world_model_cem,50,1000,-287.1967788782756
world_model_cem,51,1,-187.43632896518034
world_model_cem,51,2,-190.81625196996856
world_model_cem,51,3,-186.81074655247107
world_model_cem,51,4,-202.372853123509
world_model_cem,51,5,-180.51189940697753
world_model_cem,51,6,-178.13603513465227
world_model_cem,51,7,-169.79666829167786
world_model_cem,51,8,-175.14365973156112
world_model_cem,51,9,-173.90695790235114
world_model_cem,51,10,-197.24070913839446
world_model_cem,51,11,-197.5643028710191
world_model_cem,51,12,-196.04943836498865
world_model_cem,51,13,-234.91673867836838
world_model_cem,51,14,-213.95275618716414
world_model_cem,51,15,-242.2588318767101
world_model_cem,51,16,-264.2604500227638
world_model_cem,51,17,-333.51178070172523
world_model_cem,51,18,-371.29507321122003
world_model_cem,51,19,-311.5194196833736
world_model_cem,51,20,-284.18309967057326
world_model_cem,51,21,-284.59727079056427
world_model_cem,51,22,-340.6460362218745
world_model_cem,51,23,-266.17489511419524
world_model_cem,51,24,-268.1827422852515
world_model_cem,51,25,-182.11677258244896
world_model_cem,51,26,-284.2252484842722
world_model_cem,51,27,-310.44357386484467
world_model_cem,51,28,-333.3740231239867
world_model_cem,51,29,-218.39174105909194
world_model_cem,51,30,-231.68153144025166
world_model_cem,51,31,-197.01838955167904
world_model_cem,51,32,-181.65562527572416
world_model_cem,51,33,-188.50613543312812
world_model_cem,51,34,-249.55030928384926
world_model_cem,51,35,-327.9844107215739
world_model_cem,51,36,-267.3118146576173
world_model_cem,51,37,-280.04940363254303
world_model_cem,51,38,-276.69107622252415
world_model_cem,51,39,-272.81213360701406
world_model_cem,51,40,-142.6700918737502
world_model_cem,51,41,-278.58809826068523
world_model_cem,51,42,-284.4347823959997
world_model_cem,51,43,-286.7756486614762
world_model_cem,51,44,-280.33558144814634
world_model_cem,51,45,-273.12309757333526
world_model_cem,51,46,-280.7740642142696
world_model_cem,51,47,-269.85291150470124
world_model_cem,51,48,-257.69676523640754
world_model_cem,51,49,-223.97162168804667
world_model_cem,51,50,-249.8943216070496
world_model_cem,51,51,-254.88121786885927
world_model_cem,51,52,-254.50533933921417
world_model_cem,51,53,-249.57868231225606
world_model_cem,51,54,-257.7713853296269
world_model_cem,51,55,-257.0319305456208
world_model_cem,51,56,-248.46050055403614
world_model_cem,51,57,-261.72556396218357
world_model_cem,51,58,-267.9883542179839
world_model_cem,51,59,-270.51751513059185
world_model_cem,51,60,-271.9365471054673
world_model_cem,51,61,-276.51674930868
world_model_cem,51,62,-272.3763445866475
world_model_cem,51,63,-284.2126373367171
world_model_cem,51,64,-287.8609527809766
world_model_cem,51,65,-291.8455242391857
world_model_cem,51,66,-290.64243966310397
world_model_cem,51,67,-297.3335811182582
world_model_cem,51,68,-288.83715817351117
world_model_cem,51,69,-293.773475094976
world_model_cem,51,70,-276.730282834686
world_model_cem,51,71,-282.69167045775544
world_model_cem,51,72,-287.03006931869277
world_model_cem,51,73,-291.3735276786545
world_model_cem,51,74,-273.6286469414574
world_model_cem,51,75,-291.5598400886181
world_model_cem,51,76,-276.73256252230124
world_model_cem,51,77,-282.7083833570506
world_model_cem,51,78,-276.3410984305439
world_model_cem,51,79,-280.25138254333433
world_model_cem,51,80,-286.990462031898
world_model_cem,51,81,-249.14889186971405
world_model_cem,51,82,-274.6115890704473
world_model_cem,51,83,-276.8328940032213
world_model_cem,51,84,-272.1949292865435
world_model_cem,51,85,-269.42891750820115
world_model_cem,51,86,-266.62932477797733
world_model_cem,51,87,-271.73577849148387
world_model_cem,51,88,-283.86904417035726
world_model_cem,51,89,-266.9210874090018
world_model_cem,51,90,-278.7163511791616
world_model_cem,51,91,-266.85080734599353
world_model_cem,51,92,-272.769160764622
world_model_cem,51,93,-279.28945624728743
world_model_cem,51,94,-261.0637774271106
world_model_cem,51,95,-269.0980358121891
world_model_cem,51,96,-248.93886833954423
world_model_cem,51,97,-262.5247621211294
world_model_cem,51,98,-253.43382128986997
world_model_cem,51,99,-249.33769604403003
world_model_cem,51,100,-249.1992747040697
world_model_cem,51,101,-257.40274663715047
world_model_cem,51,102,-254.95744502588934
world_model_cem,51,103,-252.0424511111549
world_model_cem,51,104,-257.4308309767915
world_model_cem,51,105,-266.95760341154306
world_model_cem,51,106,-267.9425900823134
world_model_cem,51,107,-270.94507110945926
world_model_cem,51,108,-275.8728698573114
world_model_cem,51,109,-279.98495730274396
world_model_cem,51,110,-284.029207006497
world_model_cem,51,111,-279.3835613418479
world_model_cem,51,112,-283.78970842828477
world_model_cem,51,113,-283.8725555724999
world_model_cem,51,114,-277.33176976558343
world_model_cem,51,115,-295.09593006828925
world_model_cem,51,116,-278.70377295818355
world_model_cem,51,117,-283.2400522051213
world_model_cem,51,118,-271.7726569533256
world_model_cem,51,119,-275.98372401384455
world_model_cem,51,120,-262.40254484075746
world_model_cem,51,121,-262.36119726998385
world_model_cem,51,122,-256.02763764037985
world_model_cem,51,123,-257.5367933547893
world_model_cem,51,124,-256.7204980296774
world_model_cem,51,125,-250.02190164366797
world_model_cem,51,126,-254.15428512882187
world_model_cem,51,127,-256.47414615310464
world_model_cem,51,128,-256.55490994188574
world_model_cem,51,129,-256.48186184923384
world_model_cem,51,130,-272.0080918791707
world_model_cem,51,131,-264.7989852956963
world_model_cem,51,132,-273.5674938271804
world_model_cem,51,133,-279.1816954809029
world_model_cem,51,134,-284.81446815672984
world_model_cem,51,135,-280.51926248561557
world_model_cem,51,136,-279.5157408476853
world_model_cem,51,137,-289.6647749068859
world_model_cem,51,138,-288.6377033331447
world_model_cem,51,139,-278.12369193545925
world_model_cem,51,140,-271.5090631288527
world_model_cem,51,141,-276.7259568570219
world_model_cem,51,142,-268.4512471496912
world_model_cem,51,143,-246.5249187542962
world_model_cem,51,144,-246.61879625963806
world_model_cem,51,145,-249.80117993097667
world_model_cem,51,146,-243.57920943907706
world_model_cem,51,147,-254.74343772008376
world_model_cem,51,148,-250.8983524759998
world_model_cem,51,149,-269.20262753371856
world_model_cem,51,150,-270.6429907943827
world_model_cem,51,151,-269.5341855232364
world_model_cem,51,152,-280.0883617672026
world_model_cem,51,153,-279.6708841810311
world_model_cem,51,154,-285.04008225941607
world_model_cem,51,155,-282.2351105239844
world_model_cem,51,156,-276.1983203855139
world_model_cem,51,157,-281.1868588952419
world_model_cem,51,158,-279.84540705717427
world_model_cem,51,159,-275.2329749080575
world_model_cem,51,160,-265.3418214390361
world_model_cem,51,161,-251.28026359378865
world_model_cem,51,162,-253.73165584767156
world_model_cem,51,163,-250.40552996603657
world_model_cem,51,164,-245.7234879522007
world_model_cem,51,165,-245.29629051453634
world_model_cem,51,166,-245.83176566500185
world_model_cem,51,167,-253.62938820023882
world_model_cem,51,168,-260.10916874035473
world_model_cem,51,169,-260.7722641381977
world_model_cem,51,170,-265.909101853504
world_model_cem,51,171,-282.97018684113425
world_model_cem,51,172,-282.6548905921991
world_model_cem,51,173,-285.4005411530442
world_model_cem,51,174,-293.91969809237975
world_model_cem,51,175,-277.80642329912257
world_model_cem,51,176,-281.01548112451354
world_model_cem,51,177,-283.6263899385209
world_model_cem,51,178,-262.48213943174017
world_model_cem,51,179,-263.79435531369904
world_model_cem,51,180,-252.10554908533388
world_model_cem,51,181,-253.1752053116537
world_model_cem,51,182,-241.8681818179047
world_model_cem,51,183,-250.96682086707523
world_model_cem,51,184,-252.48900744767516
world_model_cem,51,185,-253.76461904396817
world_model_cem,51,186,-253.98948596878552
world_model_cem,51,187,-262.8539747620606
world_model_cem,51,188,-272.65756702945026
world_model_cem,51,189,-275.367870913127
world_model_cem,51,190,-286.26392091344684
world_model_cem,51,191,-287.0601744003727
world_model_cem,51,192,-291.34557821594467
world_model_cem,51,193,-293.5544058059387
world_model_cem,51,194,-287.9831999200787
world_model_cem,51,195,-279.784034955328
world_model_cem,51,196,-280.09456727662507
world_model_cem,51,197,-276.2057264717107
world_model_cem,51,198,-277.3353560495159
world_model_cem,51,199,-270.13262506719934
world_model_cem,51,200,-267.1104622161561
world_model_cem,51,201,-261.4697447281677
world_model_cem,51,202,-250.50529283247022
world_model_cem,51,203,-254.70062638912623
world_model_cem,51,204,-251.8795512707962
world_model_cem,51,205,-240.93313263290668
world_model_cem,51,206,-243.8646963553494
world_model_cem,51,207,-248.44232688110728
world_model_cem,51,208,-257.0211139457099
world_model_cem,51,209,-260.72632657800995
world_model_cem,51,210,-270.37384898123594
world_model_cem,51,211,-274.4113199098751
world_model_cem,51,212,-269.68747979156365
world_model_cem,51,213,-286.0507184291931
world_model_cem,51,214,-274.9918757871157
world_model_cem,51,215,-275.29834311626354
world_model_cem,51,216,-288.5642755559534
world_model_cem,51,217,-275.4147528603601
world_model_cem,51,218,-269.1406830757843
world_model_cem,51,219,-257.58932850281695
world_model_cem,51,220,-264.44020267648386
world_model_cem,51,221,-255.20417067668023
world_model_cem,51,222,-248.33019867791222
world_model_cem,51,223,-246.71924432811392
world_model_cem,51,224,-246.44766887706962
world_model_cem,51,225,-253.19888039968944
world_model_cem,51,226,-250.53140268753063
world_model_cem,51,227,-263.72887792167097
world_model_cem,51,228,-268.16288382897574
world_model_cem,51,229,-272.4422171481989
world_model_cem,51,230,-279.287468991015
world_model_cem,51,231,-285.3328666309088
world_model_cem,51,232,-282.78688743405695
world_model_cem,51,233,-291.11775531793984
world_model_cem,51,234,-283.1267325766768
world_model_cem,51,235,-286.2620470178017
world_model_cem,51,236,-283.71442305781056
world_model_cem,51,237,-287.0852701273687
world_model_cem,51,238,-280.84260416081383
world_model_cem,51,239,-275.1649697065159
world_model_cem,51,240,-267.48414842933073
world_model_cem,51,241,-266.53300380131844
world_model_cem,51,242,-262.39009030762423
world_model_cem,51,243,-255.97531053343718
world_model_cem,51,244,-253.6330831710021
world_model_cem,51,245,-248.37442189575992
world_model_cem,51,246,-248.36026701996977
world_model_cem,51,247,-241.50234839372703
world_model_cem,51,248,-252.91427362364084
world_model_cem,51,249,-244.67136921901897
world_model_cem,51,250,-258.2236299989005
world_model_cem,51,251,-268.1767286605436
world_model_cem,51,252,-260.4377086654797
world_model_cem,51,253,-277.6250206804782
world_model_cem,51,254,-280.39470211264114
world_model_cem,51,255,-273.527392950051
world_model_cem,51,256,-291.3078489860222
world_model_cem,51,257,-286.74790955795993
world_model_cem,51,258,-286.2717658629543
world_model_cem,51,259,-273.35465751518143
world_model_cem,51,260,-260.09620531329244
world_model_cem,51,261,-259.56598984960846
world_model_cem,51,262,-256.86611888476637
world_model_cem,51,263,-252.83392273172285
world_model_cem,51,264,-252.02782571044995
world_model_cem,51,265,-253.79618795222987
world_model_cem,51,266,-248.6024068836282
world_model_cem,51,267,-253.2906269655652
world_model_cem,51,268,-261.69484920483524
world_model_cem,51,269,-275.9451822300477
world_model_cem,51,270,-280.3983501071589
world_model_cem,51,271,-288.01201262210793
world_model_cem,51,272,-284.273891016046
world_model_cem,51,273,-292.2249761886579
world_model_cem,51,274,-292.1334991762998
world_model_cem,51,275,-282.43103226405924
world_model_cem,51,276,-281.341200712706
world_model_cem,51,277,-285.9584797731385
world_model_cem,51,278,-277.5141251715346
world_model_cem,51,279,-277.3614602977466
world_model_cem,51,280,-266.46391364460806
world_model_cem,51,281,-261.79620118785044
world_model_cem,51,282,-255.37208431923244
world_model_cem,51,283,-243.46823007441208
world_model_cem,51,284,-248.05889369707288
world_model_cem,51,285,-242.71026267597838
world_model_cem,51,286,-247.23228046867783
world_model_cem,51,287,-256.1635361262163
world_model_cem,51,288,-255.68978896801622
world_model_cem,51,289,-262.1852463902901
world_model_cem,51,290,-273.02468950246265
world_model_cem,51,291,-276.66744328160263
world_model_cem,51,292,-280.304323841215
world_model_cem,51,293,-286.944776389062
world_model_cem,51,294,-281.9152262726571
world_model_cem,51,295,-283.1836335441244
world_model_cem,51,296,-282.4329262569245
world_model_cem,51,297,-286.4756211909315
world_model_cem,51,298,-275.4031582546021
world_model_cem,51,299,-263.12591436170175
world_model_cem,51,300,-255.84583224235706
world_model_cem,51,301,-250.8087495074392
world_model_cem,51,302,-251.89758236581486
world_model_cem,51,303,-240.93597650551746
world_model_cem,51,304,-238.67559135059827
world_model_cem,51,305,-248.7206786403612
world_model_cem,51,306,-251.6103774058543
world_model_cem,51,307,-258.60104979845016
world_model_cem,51,308,-264.7511909791581
world_model_cem,51,309,-268.59413973455537
world_model_cem,51,310,-280.36084788786485
world_model_cem,51,311,-271.9192931940433
world_model_cem,51,312,-292.0872800755203
world_model_cem,51,313,-289.44907567685954
world_model_cem,51,314,-286.17463854510385
world_model_cem,51,315,-283.6034088473334
world_model_cem,51,316,-282.7881771184109
world_model_cem,51,317,-267.6279496260385
world_model_cem,51,318,-274.6551165405046
world_model_cem,51,319,-268.07733226053875
world_model_cem,51,320,-257.3181187140579
world_model_cem,51,321,-248.47630366270909
world_model_cem,51,322,-257.2939881834956
world_model_cem,51,323,-249.83809719707963
world_model_cem,51,324,-241.02125000111843
world_model_cem,51,325,-246.268315521334
world_model_cem,51,326,-255.00875727646454
world_model_cem,51,327,-260.3212675527153
world_model_cem,51,328,-261.0137526114875
world_model_cem,51,329,-260.16835148244087
world_model_cem,51,330,-276.7122228586768
world_model_cem,51,331,-283.29949238315436
world_model_cem,51,332,-287.1042819712352
world_model_cem,51,333,-288.24296971269496
world_model_cem,51,334,-280.2677248035742
world_model_cem,51,335,-282.09887789993024
world_model_cem,51,336,-285.02914099949794
world_model_cem,51,337,-287.9318698670155
world_model_cem,51,338,-285.6725125002982
world_model_cem,51,339,-278.784334521044
world_model_cem,51,340,-266.3458753550121
world_model_cem,51,341,-262.44904296287785
world_model_cem,51,342,-254.47558465523608
world_model_cem,51,343,-235.18366897417206
world_model_cem,51,344,-238.31624076504627
world_model_cem,51,345,-248.47123131413736
world_model_cem,51,346,-244.87541101271114
world_model_cem,51,347,-250.3862698558983
world_model_cem,51,348,-255.1633221618784
world_model_cem,51,349,-264.61743235548795
world_model_cem,51,350,-269.4899790536281
world_model_cem,51,351,-276.02844402730517
world_model_cem,51,352,-280.0529439769425
world_model_cem,51,353,-288.4257677714843
world_model_cem,51,354,-282.4533739483088
world_model_cem,51,355,-278.74295039845845
world_model_cem,51,356,-279.17117020920796
world_model_cem,51,357,-277.9259674121835
world_model_cem,51,358,-267.8968979368056
world_model_cem,51,359,-261.32178458383447
world_model_cem,51,360,-264.2415375137954
world_model_cem,51,361,-259.16525616009216
world_model_cem,51,362,-254.70527508721958
world_model_cem,51,363,-252.95839187533426
world_model_cem,51,364,-241.89740263905998
world_model_cem,51,365,-256.0860016231916
world_model_cem,51,366,-249.1571223458152
world_model_cem,51,367,-264.15050038684683
world_model_cem,51,368,-276.4694065191301
world_model_cem,51,369,-282.58735999396225
world_model_cem,51,370,-279.808926543173
world_model_cem,51,371,-293.9305450149594
world_model_cem,51,372,-289.4970067060397
world_model_cem,51,373,-289.6126017518068
world_model_cem,51,374,-274.4298683737437
world_model_cem,51,375,-284.59980596451106
world_model_cem,51,376,-273.95789862457406
world_model_cem,51,377,-284.7763171774619
world_model_cem,51,378,-281.42767639476494
world_model_cem,51,379,-278.96936929021535
world_model_cem,51,380,-271.11709784742084
world_model_cem,51,381,-259.64613030587225
world_model_cem,51,382,-259.38359489696904
world_model_cem,51,383,-238.21387614451547
world_model_cem,51,384,-250.69337624189254
world_model_cem,51,385,-244.5889239764564
world_model_cem,51,386,-246.09856395760642
world_model_cem,51,387,-250.04384953565054
world_model_cem,51,388,-253.72526367363395
world_model_cem,51,389,-261.3607217244111
world_model_cem,51,390,-248.79529680566867
world_model_cem,51,391,-271.9953447595919
world_model_cem,51,392,-275.6356003581111
world_model_cem,51,393,-280.50018673822115
world_model_cem,51,394,-288.667118203109
world_model_cem,51,395,-280.1826467768778
world_model_cem,51,396,-291.88015464707814
world_model_cem,51,397,-278.3338485497784
world_model_cem,51,398,-271.7091205345595
world_model_cem,51,399,-266.7607630851934
world_model_cem,51,400,-259.9497835794766
world_model_cem,51,401,-260.38511034916905
world_model_cem,51,402,-247.85005108075453
world_model_cem,51,403,-254.84489181900395
world_model_cem,51,404,-252.09421576619206
world_model_cem,51,405,-253.2217994524136
world_model_cem,51,406,-253.8041229235339
world_model_cem,51,407,-265.3301182552027
world_model_cem,51,408,-265.6357185329464
world_model_cem,51,409,-272.1696006335252
world_model_cem,51,410,-276.21352962439494
world_model_cem,51,411,-285.7825571572198
world_model_cem,51,412,-281.4483103903413
world_model_cem,51,413,-278.09414682529473
world_model_cem,51,414,-286.5312846976209
world_model_cem,51,415,-278.02760385610804
world_model_cem,51,416,-268.2818014565477
world_model_cem,51,417,-288.1712722492821
world_model_cem,51,418,-280.42995722906824
world_model_cem,51,419,-273.58431082561134
world_model_cem,51,420,-268.3067837077427
world_model_cem,51,421,-254.86441826509346
world_model_cem,51,422,-260.35736011118206
world_model_cem,51,423,-260.9938570141634
world_model_cem,51,424,-256.93719627157145
world_model_cem,51,425,-246.7134185458783
world_model_cem,51,426,-252.17612050583452
world_model_cem,51,427,-249.02593434059798
world_model_cem,51,428,-253.45084146234862
world_model_cem,51,429,-249.83146120359578
world_model_cem,51,430,-244.54727337982735
world_model_cem,51,431,-269.7845743416009
world_model_cem,51,432,-278.97043206590945
world_model_cem,51,433,-276.79542559383697
world_model_cem,51,434,-264.395955353756
world_model_cem,51,435,-281.9999921502397
world_model_cem,51,436,-276.8907777316454
world_model_cem,51,437,-271.30854698212414
world_model_cem,51,438,-267.279971920075
world_model_cem,51,439,-255.79857977406257
world_model_cem,51,440,-259.0518894369469
world_model_cem,51,441,-248.66195129569317
world_model_cem,51,442,-253.69095856002127
world_model_cem,51,443,-256.525526014079
world_model_cem,51,444,-263.08859528212037
world_model_cem,51,445,-262.063764314162
world_model_cem,51,446,-270.3412074737348
world_model_cem,51,447,-278.9454672084498
world_model_cem,51,448,-284.02991886070083
world_model_cem,51,449,-285.49049718458195
world_model_cem,51,450,-293.7746526244683
world_model_cem,51,451,-292.1912494011257
world_model_cem,51,452,-294.17177186667413
world_model_cem,51,453,-288.31229994652256
world_model_cem,51,454,-291.53813488082176
world_model_cem,51,455,-296.06244608656425
world_model_cem,51,456,-284.35692114964803
world_model_cem,51,457,-283.2054481962297
world_model_cem,51,458,-273.1981513590843
world_model_cem,51,459,-266.359437562554
world_model_cem,51,460,-251.77802548462716
world_model_cem,51,461,-242.31099951155522
world_model_cem,51,462,-248.52500189118547
world_model_cem,51,463,-251.4624469873156
world_model_cem,51,464,-244.83272853759294
world_model_cem,51,465,-248.79738245550385
world_model_cem,51,466,-244.74565836316006
world_model_cem,51,467,-261.08386541571093
world_model_cem,51,468,-250.12520310815603
world_model_cem,51,469,-270.33888338982547
world_model_cem,51,470,-273.5237104277319
world_model_cem,51,471,-280.27562930975466
world_model_cem,51,472,-278.7931361876231
world_model_cem,51,473,-289.03245293820294
world_model_cem,51,474,-270.42570569987345
world_model_cem,51,475,-285.66677400796976
world_model_cem,51,476,-284.26723677220224
world_model_cem,51,477,-272.3013753859433
world_model_cem,51,478,-265.2402230792582
world_model_cem,51,479,-267.2684886671357
world_model_cem,51,480,-264.6504754079758
world_model_cem,51,481,-261.13053197121525
world_model_cem,51,482,-258.61563407527336
world_model_cem,51,483,-241.48926873103957
world_model_cem,51,484,-246.67970492571396
world_model_cem,51,485,-256.5757226262463
world_model_cem,51,486,-256.8096984905445
world_model_cem,51,487,-267.09589258611527
world_model_cem,51,488,-275.7343986566732
world_model_cem,51,489,-267.7764979617343
world_model_cem,51,490,-283.2926565516129
world_model_cem,51,491,-291.40868255635843
world_model_cem,51,492,-282.614075549977
world_model_cem,51,493,-285.3132389008982
world_model_cem,51,494,-284.1825646686951
world_model_cem,51,495,-291.94346986181347
world_model_cem,51,496,-287.0057029550005
world_model_cem,51,497,-284.69833801349967
world_model_cem,51,498,-276.34245096534886
world_model_cem,51,499,-279.9673050694237
world_model_cem,51,500,-272.00967337291365
world_model_cem,51,501,-262.62547526512833
world_model_cem,51,502,-256.39452393012664
world_model_cem,51,503,-257.59525978276235
world_model_cem,51,504,-256.4441597759492
world_model_cem,51,505,-252.72577296634128
world_model_cem,51,506,-257.482350436285
world_model_cem,51,507,-257.372477716185
world_model_cem,51,508,-246.34629456725713
world_model_cem,51,509,-266.45402382107335
world_model_cem,51,510,-261.6911101129915
world_model_cem,51,511,-261.0818086113391
world_model_cem,51,512,-276.8354983339989
world_model_cem,51,513,-268.34825804360236
world_model_cem,51,514,-279.46533912939327
world_model_cem,51,515,-284.8771033849867
world_model_cem,51,516,-270.9432901964751
world_model_cem,51,517,-269.6772127528793
world_model_cem,51,518,-267.92140341008246
world_model_cem,51,519,-260.69408983213964
world_model_cem,51,520,-262.3028977510023
world_model_cem,51,521,-262.36482305841423
world_model_cem,51,522,-249.96790130288645
world_model_cem,51,523,-246.36210744048418
world_model_cem,51,524,-249.63305022846214
world_model_cem,51,525,-253.53205777974665
world_model_cem,51,526,-262.487076794273
world_model_cem,51,527,-271.86813580101466
world_model_cem,51,528,-270.2698010616419
world_model_cem,51,529,-283.2178899730776
world_model_cem,51,530,-283.19970194070396
world_model_cem,51,531,-284.49747025717244
world_model_cem,51,532,-291.5491870130792
world_model_cem,51,533,-281.2555643746315
world_model_cem,51,534,-288.41343690149733
world_model_cem,51,535,-272.6205851466361
world_model_cem,51,536,-275.1285907056681
world_model_cem,51,537,-280.78078637169733
world_model_cem,51,538,-284.78810385837403
world_model_cem,51,539,-254.11849822639647
world_model_cem,51,540,-249.17684020462394
world_model_cem,51,541,-252.162303887436
world_model_cem,51,542,-248.86211300752933
world_model_cem,51,543,-248.86292915037643
world_model_cem,51,544,-238.82114679662112
world_model_cem,51,545,-248.73323427403636
world_model_cem,51,546,-249.70150458647035
world_model_cem,51,547,-254.39583238184906
world_model_cem,51,548,-264.2788673248368
world_model_cem,51,549,-260.6512359736885
world_model_cem,51,550,-262.4215964028833
world_model_cem,51,551,-273.93303101080926
world_model_cem,51,552,-279.42080490009533
world_model_cem,51,553,-288.2595567949018
world_model_cem,51,554,-277.8217225438044
world_model_cem,51,555,-280.1468701616221
world_model_cem,51,556,-276.2528395980663
world_model_cem,51,557,-275.370929001608
world_model_cem,51,558,-267.9117336629296
world_model_cem,51,559,-259.6919840386952
world_model_cem,51,560,-261.37131775319483
world_model_cem,51,561,-255.49519814100557
world_model_cem,51,562,-249.3304865122039
world_model_cem,51,563,-240.58032744800062
world_model_cem,51,564,-253.2399761329824
world_model_cem,51,565,-249.27240603733736
world_model_cem,51,566,-253.97454103277104
world_model_cem,51,567,-274.5263263505744
world_model_cem,51,568,-263.86009340984344
world_model_cem,51,569,-284.2217141502674
world_model_cem,51,570,-295.21633313159566
world_model_cem,51,571,-294.08746586995085
world_model_cem,51,572,-279.89160365930593
world_model_cem,51,573,-282.68330948116557
world_model_cem,51,574,-284.11932287115434
world_model_cem,51,575,-279.9802851116945
world_model_cem,51,576,-267.91145825275333
world_model_cem,51,577,-269.02394200961885
world_model_cem,51,578,-263.41141958489
world_model_cem,51,579,-251.06501612742701
world_model_cem,51,580,-253.8963187641032
world_model_cem,51,581,-229.3679156143818
world_model_cem,51,582,-244.1922485869813
world_model_cem,51,583,-252.72531957256044
world_model_cem,51,584,-254.82009752755698
world_model_cem,51,585,-258.7979223127442
world_model_cem,51,586,-267.5628763856448
world_model_cem,51,587,-270.80828968613974
world_model_cem,51,588,-276.77173259172264
world_model_cem,51,589,-287.42839208176576
world_model_cem,51,590,-284.82034048779116
world_model_cem,51,591,-287.21626561056814
world_model_cem,51,592,-280.0635454218361
world_model_cem,51,593,-279.1131021653947
world_model_cem,51,594,-274.5848561942144
world_model_cem,51,595,-281.3738297337016
world_model_cem,51,596,-291.52857214825167
world_model_cem,51,597,-281.4489718234146
world_model_cem,51,598,-276.43570009820587
world_model_cem,51,599,-264.46065098982126
world_model_cem,51,600,-265.3842199548015
world_model_cem,51,601,-258.4016755051103
world_model_cem,51,602,-255.641262514264
world_model_cem,51,603,-242.8584574361213
world_model_cem,51,604,-249.71084032072145
world_model_cem,51,605,-253.90187211344565
world_model_cem,51,606,-250.94146049777106
world_model_cem,51,607,-256.02450877795235
world_model_cem,51,608,-259.2018990750721
world_model_cem,51,609,-265.3057671800291
world_model_cem,51,610,-267.1535766430161
world_model_cem,51,611,-278.4451497783326
world_model_cem,51,612,-277.9804379272014
world_model_cem,51,613,-279.10972752054084
world_model_cem,51,614,-274.97643986432547
world_model_cem,51,615,-261.7544456599809
world_model_cem,51,616,-258.18702974121027
world_model_cem,51,617,-253.67292726771637
world_model_cem,51,618,-258.44141600774617
world_model_cem,51,619,-257.6242662056577
world_model_cem,51,620,-254.4714216851819
world_model_cem,51,621,-259.79285410173037
world_model_cem,51,622,-257.89243042397237
world_model_cem,51,623,-255.4831716959051
world_model_cem,51,624,-262.2551988257285
world_model_cem,51,625,-265.0339585663752
world_model_cem,51,626,-259.4004527037774
world_model_cem,51,627,-285.3118564066306
world_model_cem,51,628,-286.0163351284421
world_model_cem,51,629,-294.5335672998923
world_model_cem,51,630,-283.10151275802843
world_model_cem,51,631,-291.87963745382444
world_model_cem,51,632,-279.6590646807708
world_model_cem,51,633,-285.13263316894586
world_model_cem,51,634,-291.6560399422628
world_model_cem,51,635,-281.26307892552563
world_model_cem,51,636,-283.20238885970355
world_model_cem,51,637,-270.26345442415555
world_model_cem,51,638,-263.64692497524874
world_model_cem,51,639,-254.59646546770432
world_model_cem,51,640,-243.50612158849367
world_model_cem,51,641,-247.57290386302265
world_model_cem,51,642,-252.61851676662107
world_model_cem,51,643,-233.93830468233315
world_model_cem,51,644,-247.47267377123268
world_model_cem,51,645,-253.63262047836193
world_model_cem,51,646,-262.29278346060585
world_model_cem,51,647,-266.4858832861945
world_model_cem,51,648,-270.4951946898771
world_model_cem,51,649,-272.46330357418793
world_model_cem,51,650,-278.27663253866035
world_model_cem,51,651,-284.2740055800617
world_model_cem,51,652,-288.6153487890993
world_model_cem,51,653,-289.43668634147417
world_model_cem,51,654,-294.9962041174181
world_model_cem,51,655,-267.3503453877411
world_model_cem,51,656,-262.9266409617543
world_model_cem,51,657,-265.53635501968745
world_model_cem,51,658,-254.3360375355511
world_model_cem,51,659,-254.06017623712987
world_model_cem,51,660,-247.06284808788786
world_model_cem,51,661,-253.09578104931418
world_model_cem,51,662,-243.3378014837183
world_model_cem,51,663,-248.32943823765154
world_model_cem,51,664,-257.53409051554013
world_model_cem,51,665,-267.0310568537509
world_model_cem,51,666,-266.1869779672303
world_model_cem,51,667,-276.7277284287653
world_model_cem,51,668,-280.44240924242365
world_model_cem,51,669,-282.72133672318364
world_model_cem,51,670,-291.34025553835295
world_model_cem,51,671,-280.31142765837836
world_model_cem,51,672,-282.334238313795
world_model_cem,51,673,-285.79320433563277
world_model_cem,51,674,-275.5957600782263
world_model_cem,51,675,-271.71529033094464
world_model_cem,51,676,-269.62191691922504
world_model_cem,51,677,-256.47889929297213
world_model_cem,51,678,-242.31871773339066
world_model_cem,51,679,-247.8488404891675
world_model_cem,51,680,-246.63166055655827
world_model_cem,51,681,-236.738034417554
world_model_cem,51,682,-251.94383876442348
world_model_cem,51,683,-256.5226908078153
world_model_cem,51,684,-257.6962801450986
world_model_cem,51,685,-268.0227005215538
world_model_cem,51,686,-261.1040709691733
world_model_cem,51,687,-282.0498076193455
world_model_cem,51,688,-293.05388499597007
world_model_cem,51,689,-290.25977949354944
world_model_cem,51,690,-280.4178397374299
world_model_cem,51,691,-293.426791788314
world_model_cem,51,692,-278.8781768606583
world_model_cem,51,693,-278.94531143698134
world_model_cem,51,694,-267.50984628265553
world_model_cem,51,695,-266.23621429785635
world_model_cem,51,696,-257.6809964133326
world_model_cem,51,697,-254.29286387618242
world_model_cem,51,698,-254.55030071850095
world_model_cem,51,699,-239.69053741834307
world_model_cem,51,700,-248.65861300849102
world_model_cem,51,701,-241.00363400981158
world_model_cem,51,702,-242.96029036088754
world_model_cem,51,703,-255.68087154930333
world_model_cem,51,704,-262.70114740274437
world_model_cem,51,705,-271.26913054521884
world_model_cem,51,706,-274.58101809471896
world_model_cem,51,707,-290.81708703463244
world_model_cem,51,708,-291.4237397153508
world_model_cem,51,709,-295.37999000630134
world_model_cem,51,710,-278.87494824386766
world_model_cem,51,711,-294.9686977973419
world_model_cem,51,712,-286.07153800360965
world_model_cem,51,713,-287.1610422439267
world_model_cem,51,714,-280.9850613123857
world_model_cem,51,715,-259.4374207834875
world_model_cem,51,716,-265.43230850143163
world_model_cem,51,717,-255.83110084140355
world_model_cem,51,718,-243.40493735560005
world_model_cem,51,719,-245.63402242443036
world_model_cem,51,720,-247.6826318274016
world_model_cem,51,721,-235.8995903458259
world_model_cem,51,722,-246.83576407466452
world_model_cem,51,723,-243.22711209824166
world_model_cem,51,724,-256.59038699669156
world_model_cem,51,725,-264.4818899575641
world_model_cem,51,726,-262.8428498987259
world_model_cem,51,727,-281.778325055183
world_model_cem,51,728,-287.3360143029091
world_model_cem,51,729,-288.8169416237794
world_model_cem,51,730,-282.8019008950685
world_model_cem,51,731,-287.0072579386997
world_model_cem,51,732,-285.16102744856244
world_model_cem,51,733,-284.07793888276194
world_model_cem,51,734,-290.91044087001217
world_model_cem,51,735,-279.09418040372833
world_model_cem,51,736,-274.951797974877
world_model_cem,51,737,-267.81171450507844
world_model_cem,51,738,-262.6779024009811
world_model_cem,51,739,-236.5892634458339
world_model_cem,51,740,-249.69724422128695
world_model_cem,51,741,-253.90058203970094
world_model_cem,51,742,-248.14107307897413
world_model_cem,51,743,-256.1832942205268
world_model_cem,51,744,-262.19961415608327
world_model_cem,51,745,-252.48829079323747
world_model_cem,51,746,-262.3550487692641
world_model_cem,51,747,-258.31671548805383
world_model_cem,51,748,-281.9116352958304
world_model_cem,51,749,-286.76751117765247
world_model_cem,51,750,-290.9460489760987
world_model_cem,51,751,-285.73251344940655
world_model_cem,51,752,-289.8303393550091
world_model_cem,51,753,-279.38783679614323
world_model_cem,51,754,-288.1607745266373
world_model_cem,51,755,-266.62479493565
world_model_cem,51,756,-264.4484095261587
world_model_cem,51,757,-264.5649959982281
world_model_cem,51,758,-254.62528897623037
world_model_cem,51,759,-250.5775559473953
world_model_cem,51,760,-248.83523293357658
world_model_cem,51,761,-245.06818890704028
world_model_cem,51,762,-245.49089845509843
world_model_cem,51,763,-257.18824173887776
world_model_cem,51,764,-257.89047755233605
world_model_cem,51,765,-253.9415185260255
world_model_cem,51,766,-268.4162394229845
world_model_cem,51,767,-284.8629057452757
world_model_cem,51,768,-288.9618958587898
world_model_cem,51,769,-286.9578596087737
world_model_cem,51,770,-283.69738280454055
world_model_cem,51,771,-292.6962795723578
world_model_cem,51,772,-286.80862306409904
world_model_cem,51,773,-290.7587016315866
world_model_cem,51,774,-279.7756955562281
world_model_cem,51,775,-282.86340942194556
world_model_cem,51,776,-255.00303887600853
world_model_cem,51,777,-263.9348011957251
world_model_cem,51,778,-253.3797946305113
world_model_cem,51,779,-251.5607500483134
world_model_cem,51,780,-245.90116381232448
world_model_cem,51,781,-240.73934069361096
world_model_cem,51,782,-248.86299348670877
world_model_cem,51,783,-243.64227103475088
world_model_cem,51,784,-254.677149932449
world_model_cem,51,785,-257.2180723508071
world_model_cem,51,786,-265.0150636660528
world_model_cem,51,787,-264.15294460607777
world_model_cem,51,788,-264.5154184514683
world_model_cem,51,789,-281.0677965930671
world_model_cem,51,790,-288.96038885441914
world_model_cem,51,791,-288.28357923249274
world_model_cem,51,792,-289.21258609682707
world_model_cem,51,793,-290.8870628633797
world_model_cem,51,794,-282.2473112985879
world_model_cem,51,795,-275.43281789478374
world_model_cem,51,796,-267.00897457194475
world_model_cem,51,797,-261.3885841928091
world_model_cem,51,798,-247.65240057288997
world_model_cem,51,799,-244.81831184762368
world_model_cem,51,800,-246.87776964273374
world_model_cem,51,801,-247.3923801214327
world_model_cem,51,802,-248.16268418540943
world_model_cem,51,803,-249.31543911839066
world_model_cem,51,804,-261.5636966414481
world_model_cem,51,805,-263.034855535981
world_model_cem,51,806,-271.8498571347646
world_model_cem,51,807,-285.0546789571446
world_model_cem,51,808,-286.0304283092392
world_model_cem,51,809,-291.48300872225957
world_model_cem,51,810,-295.47020047418187
world_model_cem,51,811,-285.41175699023336
world_model_cem,51,812,-285.7694793260101
world_model_cem,51,813,-286.5021282924678
world_model_cem,51,814,-293.1529195549522
world_model_cem,51,815,-274.3736655578901
world_model_cem,51,816,-268.256421560223
world_model_cem,51,817,-260.56454434555934
world_model_cem,51,818,-259.3505981042408
world_model_cem,51,819,-254.7129417363716
world_model_cem,51,820,-242.23331791859664
world_model_cem,51,821,-241.13110281468747
world_model_cem,51,822,-247.96333194415243
world_model_cem,51,823,-247.56123638433496
world_model_cem,51,824,-252.98977832295114
world_model_cem,51,825,-257.5716486791689
world_model_cem,51,826,-267.15832231724823
world_model_cem,51,827,-268.4851039736651
world_model_cem,51,828,-280.4517560866037
world_model_cem,51,829,-281.17219934218645
world_model_cem,51,830,-290.20743956131594
world_model_cem,51,831,-288.10387743830586
world_model_cem,51,832,-282.74336469522063
world_model_cem,51,833,-272.11077754654156
world_model_cem,51,834,-281.4431574206513
world_model_cem,51,835,-287.1144002239659
world_model_cem,51,836,-277.0162284947686
world_model_cem,51,837,-271.44609757322905
world_model_cem,51,838,-256.7720215152696
world_model_cem,51,839,-258.8287863496985
world_model_cem,51,840,-247.988598290898
world_model_cem,51,841,-244.80695526055558
world_model_cem,51,842,-254.25226382906772
world_model_cem,51,843,-243.5752605186242
world_model_cem,51,844,-257.58783365257915
world_model_cem,51,845,-253.83376996257118
world_model_cem,51,846,-264.9127681275013
world_model_cem,51,847,-267.45132337611415
world_model_cem,51,848,-272.5809270479659
world_model_cem,51,849,-282.20261765238183
world_model_cem,51,850,-287.45245930337114
world_model_cem,51,851,-283.99349557208654
world_model_cem,51,852,-280.8990602306233
world_model_cem,51,853,-288.1378419084065
world_model_cem,51,854,-277.0968341426369
world_model_cem,51,855,-286.43048672110444
world_model_cem,51,856,-258.84243179926796
world_model_cem,51,857,-264.59389999214517
world_model_cem,51,858,-263.17028256711393
world_model_cem,51,859,-250.89890710006216
world_model_cem,51,860,-241.51290531476866
world_model_cem,51,861,-249.5915674433194
world_model_cem,51,862,-250.70719263644887
world_model_cem,51,863,-248.76369787878713
world_model_cem,51,864,-247.78768836388554
world_model_cem,51,865,-258.26354843157185
world_model_cem,51,866,-261.41102146485645
world_model_cem,51,867,-264.5087570302434
world_model_cem,51,868,-276.7666431511944
world_model_cem,51,869,-272.8585763720249
world_model_cem,51,870,-283.522412901038
world_model_cem,51,871,-287.8240313315453
world_model_cem,51,872,-279.7115770278589
world_model_cem,51,873,-286.79674826178143
world_model_cem,51,874,-279.99804677503033
world_model_cem,51,875,-274.8217134459883
world_model_cem,51,876,-271.2056130900354
world_model_cem,51,877,-262.025972141419
world_model_cem,51,878,-260.22673972841375
world_model_cem,51,879,-249.16542838347488
world_model_cem,51,880,-249.06655460288047
world_model_cem,51,881,-245.58581306984104
world_model_cem,51,882,-245.07137280670935
world_model_cem,51,883,-252.59923619088852
world_model_cem,51,884,-253.63263976017262
world_model_cem,51,885,-265.4624962194897
world_model_cem,51,886,-268.7236567562211
world_model_cem,51,887,-278.5630189009175
world_model_cem,51,888,-283.7827693211277
world_model_cem,51,889,-287.24830016721535
world_model_cem,51,890,-285.30104074272475
world_model_cem,51,891,-289.0305044336019
world_model_cem,51,892,-287.41523668567373
world_model_cem,51,893,-280.02144984593247
world_model_cem,51,894,-284.93321982574207
world_model_cem,51,895,-275.1174872274385
world_model_cem,51,896,-269.8802783747657
world_model_cem,51,897,-248.3574079030857
world_model_cem,51,898,-253.16927925920692
world_model_cem,51,899,-253.90566441344177
world_model_cem,51,900,-243.26207731768915
world_model_cem,51,901,-248.97843173527662
world_model_cem,51,902,-251.76098609659053
world_model_cem,51,903,-250.88500730845112
world_model_cem,51,904,-256.2147226376444
world_model_cem,51,905,-268.72361125701764
world_model_cem,51,906,-275.5266679114083
world_model_cem,51,907,-280.08307842723696
world_model_cem,51,908,-290.79645687137906
world_model_cem,51,909,-281.0510624362886
world_model_cem,51,910,-291.6649173062424
world_model_cem,51,911,-277.8002391082948
world_model_cem,51,912,-284.66701701982055
world_model_cem,51,913,-284.7194353672749
world_model_cem,51,914,-277.90454471133853
world_model_cem,51,915,-281.40601766013674
world_model_cem,51,916,-276.0744310875031
world_model_cem,51,917,-262.9908928905719
world_model_cem,51,918,-260.66558770385666
world_model_cem,51,919,-256.5130300038639
world_model_cem,51,920,-239.02435254724276
world_model_cem,51,921,-245.66266522897985
world_model_cem,51,922,-249.38509977455772
world_model_cem,51,923,-248.1499745210674
world_model_cem,51,924,-254.07356450571947
world_model_cem,51,925,-257.25057151000044
world_model_cem,51,926,-266.31932824994203
world_model_cem,51,927,-264.8677652789966
world_model_cem,51,928,-273.12508609055385
world_model_cem,51,929,-279.13972588216245
world_model_cem,51,930,-279.88465805575163
world_model_cem,51,931,-275.9776982216941
world_model_cem,51,932,-272.92415467673527
world_model_cem,51,933,-289.44873289420445
world_model_cem,51,934,-274.75349596424445
world_model_cem,51,935,-269.6859897621114
world_model_cem,51,936,-269.07968720869155
world_model_cem,51,937,-258.93583294627945
world_model_cem,51,938,-250.4871548067575
world_model_cem,51,939,-251.76113543158573
world_model_cem,51,940,-255.40215329684793
world_model_cem,51,941,-252.73903370489174
world_model_cem,51,942,-240.77047620637452
world_model_cem,51,943,-253.13790089380677
world_model_cem,51,944,-256.4543319269783
world_model_cem,51,945,-266.0163777128222
world_model_cem,51,946,-272.25594305084616
world_model_cem,51,947,-274.5587380684008
world_model_cem,51,948,-286.68883762203416
world_model_cem,51,949,-289.7416750583295
world_model_cem,51,950,-285.0351803982448
world_model_cem,51,951,-289.0982028624079
world_model_cem,51,952,-288.65290844197347
world_model_cem,51,953,-288.20585643735797
world_model_cem,51,954,-279.3898822643772
world_model_cem,51,955,-271.0957202452764
world_model_cem,51,956,-266.88532625710945
world_model_cem,51,957,-258.167459588905
world_model_cem,51,958,-248.4760141133459
world_model_cem,51,959,-249.6892069781616
world_model_cem,51,960,-250.90805357928352
world_model_cem,51,961,-247.80655736360768
world_model_cem,51,962,-245.73349052948566
world_model_cem,51,963,-249.04485627587655
world_model_cem,51,964,-257.3706985805164
world_model_cem,51,965,-256.64928936291494
world_model_cem,51,966,-272.88784431062845
world_model_cem,51,967,-278.20380513179026
world_model_cem,51,968,-274.6678474932119
world_model_cem,51,969,-284.48732859798093
world_model_cem,51,970,-288.550482637563
world_model_cem,51,971,-289.1355304781668
world_model_cem,51,972,-280.5876310334468
world_model_cem,51,973,-275.34678066490744
world_model_cem,51,974,-271.179603566933
world_model_cem,51,975,-259.5269596622529
world_model_cem,51,976,-255.84998367782592
world_model_cem,51,977,-254.15710565943252
world_model_cem,51,978,-243.5101455475307
world_model_cem,51,979,-250.10522515430125
world_model_cem,51,980,-245.33609803282292
world_model_cem,51,981,-257.72280130985405
world_model_cem,51,982,-264.4092567235746
world_model_cem,51,983,-272.57525123858727
world_model_cem,51,984,-275.1327235647499
world_model_cem,51,985,-286.2614733204823
world_model_cem,51,986,-285.44304393833056
world_model_cem,51,987,-282.7391533467046
world_model_cem,51,988,-288.0127485520822
world_model_cem,51,989,-284.86559264937375
world_model_cem,51,990,-283.2264967398321
world_model_cem,51,991,-284.8695037569422
world_model_cem,51,992,-278.01704403939584
world_model_cem,51,993,-272.3088835436356
world_model_cem,51,994,-262.064640972862
world_model_cem,51,995,-256.1899008571752
world_model_cem,51,996,-257.84270610034366
world_model_cem,51,997,-246.01912861840822
world_model_cem,51,998,-245.21927277310158
world_model_cem,51,999,-246.09896141267686
world_model_cem,51,1000,-250.3588882328634
