policy,seed,step,reward
official_bc,42,1,-190.26788134736788
official_bc,42,2,-196.41314926517657
official_bc,42,3,-202.0186160039059
official_bc,42,4,-185.82538861505458
official_bc,42,5,-215.0803433760478
official_bc,42,6,-195.3105832946018
official_bc,42,7,-176.4780519158415
official_bc,42,8,-180.9634571441493
official_bc,42,9,-180.99819881471655
official_bc,42,10,-174.76327309187008
official_bc,42,11,-182.3367349211565
official_bc,42,12,-187.6655419292079
official_bc,42,13,-255.37740877978246
official_bc,42,14,-328.6581670283248
official_bc,42,15,-313.81645707897826
official_bc,42,16,-317.8062073158679
official_bc,42,17,-335.3308400618431
official_bc,42,18,-335.9752929931417
official_bc,42,19,-320.4885206414235
official_bc,42,20,-292.9521940870085
official_bc,42,21,-202.068552836113
official_bc,42,22,-276.69205973953126
official_bc,42,23,-314.6521826312258
official_bc,42,24,-227.27883142189222
official_bc,42,25,-302.52429555877256
official_bc,42,26,-297.8950361766165
official_bc,42,27,-239.89664803958405
official_bc,42,28,-207.16878936295683
official_bc,42,29,-188.44119604680066
official_bc,42,30,-274.82731919755156
official_bc,42,31,-251.01997901160615
official_bc,42,32,-293.24313040784943
official_bc,42,33,-293.61600173375115
official_bc,42,34,-300.6777183043574
official_bc,42,35,-298.08806275375844
official_bc,42,36,-296.3089817620081
official_bc,42,37,-295.23757677283487
official_bc,42,38,-289.63591762456724
official_bc,42,39,-279.16288397567314
official_bc,42,40,-274.93658312074774
official_bc,42,41,-285.5420800570306
official_bc,42,42,-276.6725740630732
official_bc,42,43,-281.7386546435697
official_bc,42,44,-266.4021352719516
official_bc,42,45,-280.21095833825245
official_bc,42,46,-270.7190156840883
official_bc,42,47,-266.6454143236106
official_bc,42,48,-262.35556063357683
official_bc,42,49,-254.403755003822
official_bc,42,50,-257.8659448958723
official_bc,42,51,-258.2488228330668
official_bc,42,52,-265.05770896475167
official_bc,42,53,-261.3810092056992
official_bc,42,54,-262.9412193140066
official_bc,42,55,-259.4242882757185
official_bc,42,56,-263.92227031167863
official_bc,42,57,-267.4798928184715
official_bc,42,58,-273.6529451646669
official_bc,42,59,-284.32153240265154
official_bc,42,60,-288.2109306839267
official_bc,42,61,-281.29156924419544
official_bc,42,62,-274.8364179342143
official_bc,42,63,-274.0806451080518
official_bc,42,64,-286.26432966642255
official_bc,42,65,-285.4652274255141
official_bc,42,66,-290.37902711555404
official_bc,42,67,-285.8039464477128
official_bc,42,68,-281.713825235066
official_bc,42,69,-275.34668779432513
official_bc,42,70,-288.046924664602
official_bc,42,71,-283.14449715150505
official_bc,42,72,-290.7030720855982
official_bc,42,73,-284.6864488754071
official_bc,42,74,-275.324705773281
official_bc,42,75,-294.0931146406268
official_bc,42,76,-285.831236928031
official_bc,42,77,-288.8842794349581
official_bc,42,78,-287.9696167357458
official_bc,42,79,-284.78815022043295
official_bc,42,80,-289.0800836428573
official_bc,42,81,-291.7360890432888
official_bc,42,82,-286.7406617228837
official_bc,42,83,-288.8964233771566
official_bc,42,84,-291.46163882116434
official_bc,42,85,-288.8162748043339
official_bc,42,86,-286.23085312066814
official_bc,42,87,-287.73320306940934
official_bc,42,88,-274.09017332890426
official_bc,42,89,-291.82727363334936
official_bc,42,90,-287.27395684940984
official_bc,42,91,-289.35557087195747
official_bc,42,92,-285.0735220726499
official_bc,42,93,-285.0924820228588
official_bc,42,94,-289.5213212396293
official_bc,42,95,-286.7753603746718
official_bc,42,96,-293.9659339438681
official_bc,42,97,-286.4772628397995
official_bc,42,98,-284.8502293119027
official_bc,42,99,-289.31739327665696
official_bc,42,100,-293.75374073514456
official_bc,42,101,-296.99312641322325
official_bc,42,102,-289.9720635059948
official_bc,42,103,-296.6912047995025
official_bc,42,104,-280.08574582995556
official_bc,42,105,-292.80403341978615
official_bc,42,106,-287.2180056554745
official_bc,42,107,-290.52972054171545
official_bc,42,108,-290.8996554613095
official_bc,42,109,-276.98306345812654
official_bc,42,110,-284.75746199164485
official_bc,42,111,-277.579517421952
official_bc,42,112,-288.2940528019493
official_bc,42,113,-285.7256832554947
official_bc,42,114,-283.1137467134585
official_bc,42,115,-283.8339548947649
official_bc,42,116,-282.18811363351114
official_bc,42,117,-293.73303959017784
official_bc,42,118,-292.580089360588
official_bc,42,119,-288.3867151458505
official_bc,42,120,-292.91824104497823
official_bc,42,121,-292.18008386470046
official_bc,42,122,-289.5808571002584
official_bc,42,123,-288.7729691994087
official_bc,42,124,-295.298026416544
official_bc,42,125,-288.3763910774731
official_bc,42,126,-296.55548336263337
official_bc,42,127,-286.4465279692704
official_bc,42,128,-287.3902402076211
official_bc,42,129,-291.47912517919957
official_bc,42,130,-286.98898536311646
official_bc,42,131,-281.94559436066277
official_bc,42,132,-292.8415052476196
official_bc,42,133,-290.0740004304423
official_bc,42,134,-287.86131922349944
official_bc,42,135,-284.717826300592
official_bc,42,136,-296.23148536792866
official_bc,42,137,-288.9859350279415
official_bc,42,138,-292.2895616994115
official_bc,42,139,-293.7682552085486
official_bc,42,140,-289.14581419330705
official_bc,42,141,-287.45951585896864
official_bc,42,142,-286.36764084135797
official_bc,42,143,-285.7186260613751
official_bc,42,144,-283.42209087022434
official_bc,42,145,-281.96351713220025
official_bc,42,146,-291.2250212742226
official_bc,42,147,-286.70082653532063
official_bc,42,148,-289.3605585136889
official_bc,42,149,-288.52577179823913
official_bc,42,150,-290.4731272713092
official_bc,42,151,-289.85144388756333
official_bc,42,152,-283.6782172039366
official_bc,42,153,-288.1567627541941
official_bc,42,154,-284.5781423445765
official_bc,42,155,-294.19893059118937
official_bc,42,156,-293.1956125052968
official_bc,42,157,-298.2004148976073
official_bc,42,158,-287.9121476226385
official_bc,42,159,-295.4286035611316
official_bc,42,160,-290.51224347230493
official_bc,42,161,-288.71890221181894
official_bc,42,162,-293.6580570520312
official_bc,42,163,-289.85420615295146
official_bc,42,164,-290.4434280257806
official_bc,42,165,-278.3504177718671
official_bc,42,166,-289.61333327565444
official_bc,42,167,-286.32757209263957
official_bc,42,168,-291.2728513395799
official_bc,42,169,-290.5347187972792
official_bc,42,170,-290.7323571657406
official_bc,42,171,-293.57638317564164
official_bc,42,172,-286.8466593301917
official_bc,42,173,-287.7744173353301
official_bc,42,174,-295.5256736067547
official_bc,42,175,-288.97350281401316
official_bc,42,176,-289.85786229771475
official_bc,42,177,-284.3829100149684
official_bc,42,178,-293.316012505035
official_bc,42,179,-283.2506401955165
official_bc,42,180,-291.9986096837216
official_bc,42,181,-278.9344559435019
official_bc,42,182,-282.5211458888619
official_bc,42,183,-285.6106492201751
official_bc,42,184,-290.17694924959295
official_bc,42,185,-278.41124863341764
official_bc,42,186,-286.0256561000473
official_bc,42,187,-291.4313957841571
official_bc,42,188,-288.36960697040143
official_bc,42,189,-295.83444542541827
official_bc,42,190,-287.70730920187674
official_bc,42,191,-290.8986667137236
official_bc,42,192,-276.77446040198316
official_bc,42,193,-286.99523869208184
official_bc,42,194,-291.1199477481647
official_bc,42,195,-284.13932403428595
official_bc,42,196,-291.072158939639
official_bc,42,197,-287.3619700043059
official_bc,42,198,-288.15263111682975
official_bc,42,199,-290.37399938739924
official_bc,42,200,-289.81026862168255
official_bc,42,201,-287.7214665562318
official_bc,42,202,-285.4689640207231
official_bc,42,203,-291.1364144347517
official_bc,42,204,-285.3472146779882
official_bc,42,205,-285.9244996645783
official_bc,42,206,-294.5247162372798
official_bc,42,207,-284.6281401977345
official_bc,42,208,-285.61982889844836
official_bc,42,209,-288.3772843756302
official_bc,42,210,-288.5712301042573
official_bc,42,211,-284.8608281888366
official_bc,42,212,-297.6745367582989
official_bc,42,213,-292.3986730260691
official_bc,42,214,-282.59734874234096
official_bc,42,215,-292.4989219767915
official_bc,42,216,-278.6549708034792
official_bc,42,217,-284.5287211108546
official_bc,42,218,-288.5167176231963
official_bc,42,219,-288.42699685224045
official_bc,42,220,-287.5885775399939
official_bc,42,221,-291.3536765095528
official_bc,42,222,-285.77242240954325
official_bc,42,223,-294.3759262134245
official_bc,42,224,-289.67152997878793
official_bc,42,225,-295.004368767601
official_bc,42,226,-288.30791910041637
official_bc,42,227,-296.1391474994591
official_bc,42,228,-278.6854185917693
official_bc,42,229,-292.6013662176597
official_bc,42,230,-284.9832227966224
official_bc,42,231,-282.7777218231067
official_bc,42,232,-280.3618953077125
official_bc,42,233,-292.67435556641607
official_bc,42,234,-291.13617164696285
official_bc,42,235,-291.06253818521634
official_bc,42,236,-294.69822674190345
official_bc,42,237,-288.09197527892775
official_bc,42,238,-294.32749785494525
official_bc,42,239,-270.87744883120536
official_bc,42,240,-280.5707938542041
official_bc,42,241,-291.3496293154644
official_bc,42,242,-288.6870437710244
official_bc,42,243,-284.92403412245943
official_bc,42,244,-274.9248255175463
official_bc,42,245,-287.90976911328244
official_bc,42,246,-290.8491421203424
official_bc,42,247,-284.8272100362127
official_bc,42,248,-292.52526677580653
official_bc,42,249,-289.35779623865983
official_bc,42,250,-289.2715776736271
official_bc,42,251,-288.69747398362335
official_bc,42,252,-288.1834524145946
official_bc,42,253,-291.637193120881
official_bc,42,254,-295.0757839423985
official_bc,42,255,-292.4163477931
official_bc,42,256,-292.21126938288023
official_bc,42,257,-281.24591716855286
official_bc,42,258,-294.7043747316566
official_bc,42,259,-290.8871404449078
official_bc,42,260,-288.3974315096313
official_bc,42,261,-284.94681152038316
official_bc,42,262,-289.5413019245414
official_bc,42,263,-286.43392619424867
official_bc,42,264,-283.0139634190347
official_bc,42,265,-287.46760581920125
official_bc,42,266,-282.4829849583289
official_bc,42,267,-267.4814164589085
official_bc,42,268,-292.05334878060324
official_bc,42,269,-295.9254405087257
official_bc,42,270,-286.99059394595133
official_bc,42,271,-281.5342696451477
official_bc,42,272,-289.9006156351343
official_bc,42,273,-292.8204675659834
official_bc,42,274,-289.42078265327405
official_bc,42,275,-288.71148833764
official_bc,42,276,-278.1012507345043
official_bc,42,277,-291.8364469030051
official_bc,42,278,-295.48309347576287
official_bc,42,279,-291.8732210441738
official_bc,42,280,-297.20665249805296
official_bc,42,281,-295.4730937328214
official_bc,42,282,-295.6404551282697
official_bc,42,283,-283.87210105115764
official_bc,42,284,-287.2516009507946
official_bc,42,285,-288.9858142561468
official_bc,42,286,-286.7612858650823
official_bc,42,287,-290.93168745822527
official_bc,42,288,-286.55466952130695
official_bc,42,289,-289.6853498065007
official_bc,42,290,-274.1961696451443
official_bc,42,291,-290.0980850807319
official_bc,42,292,-288.71579980634925
official_bc,42,293,-290.8099557793844
official_bc,42,294,-274.77668682749714
official_bc,42,295,-291.77137465905497
official_bc,42,296,-287.50794627703317
official_bc,42,297,-295.1376521534069
official_bc,42,298,-284.368959018665
official_bc,42,299,-292.6309158988235
official_bc,42,300,-292.0802894923242
official_bc,42,301,-290.5635372679331
official_bc,42,302,-278.41729791383113
official_bc,42,303,-282.3894188227087
official_bc,42,304,-292.54811757782073
official_bc,42,305,-267.39470623463086
official_bc,42,306,-291.77396609144284
official_bc,42,307,-287.1607074260844
official_bc,42,308,-288.55576342363463
official_bc,42,309,-283.87878833123557
official_bc,42,310,-292.93805155393454
official_bc,42,311,-293.2602682896704
official_bc,42,312,-291.8781894687389
official_bc,42,313,-289.56337776085036
official_bc,42,314,-294.76127381527806
official_bc,42,315,-293.14661093022426
official_bc,42,316,-287.67619578815504
official_bc,42,317,-290.5182853509158
official_bc,42,318,-289.5374129504354
official_bc,42,319,-291.398807706991
official_bc,42,320,-283.5671130313416
official_bc,42,321,-288.8587790290453
official_bc,42,322,-290.0867632650692
official_bc,42,323,-287.9475658171915
official_bc,42,324,-291.94745036224504
official_bc,42,325,-284.96145500593263
official_bc,42,326,-280.1541775286622
official_bc,42,327,-287.05471964457877
official_bc,42,328,-279.81515727433873
official_bc,42,329,-278.19642587309914
official_bc,42,330,-290.91237648257334
official_bc,42,331,-283.52533240249727
official_bc,42,332,-281.72754533399467
official_bc,42,333,-297.66209446707757
official_bc,42,334,-285.6662237962335
official_bc,42,335,-286.50660491983996
official_bc,42,336,-292.90638511959986
official_bc,42,337,-291.1031045464718
official_bc,42,338,-288.82286894969076
official_bc,42,339,-294.93473571580796
official_bc,42,340,-291.9816648653673
official_bc,42,341,-278.79916641112635
official_bc,42,342,-286.79002256137545
official_bc,42,343,-294.6142542199767
official_bc,42,344,-286.6001878144779
official_bc,42,345,-293.7286150782501
official_bc,42,346,-293.44327268787526
official_bc,42,347,-291.6258304415592
official_bc,42,348,-291.01250657002043
official_bc,42,349,-289.51627459847316
official_bc,42,350,-290.2488889705619
official_bc,42,351,-279.434721963448
official_bc,42,352,-290.30495671333506
official_bc,42,353,-286.8043416681065
official_bc,42,354,-292.39871437960295
official_bc,42,355,-284.70994744182883
official_bc,42,356,-288.5603345226099
official_bc,42,357,-291.48672734037416
official_bc,42,358,-290.81795787227867
official_bc,42,359,-291.48613014137595
official_bc,42,360,-285.8545837570685
official_bc,42,361,-287.2942984105492
official_bc,42,362,-294.7379836512044
official_bc,42,363,-291.6038315481876
official_bc,42,364,-279.6414173515548
official_bc,42,365,-289.7157835483141
official_bc,42,366,-294.0042944089591
official_bc,42,367,-286.58068365461145
official_bc,42,368,-286.5645060845268
official_bc,42,369,-293.7248909612081
official_bc,42,370,-290.54880057113144
official_bc,42,371,-280.60892304792316
official_bc,42,372,-285.5315126447771
official_bc,42,373,-284.93936304856743
official_bc,42,374,-291.73465748670185
official_bc,42,375,-295.53313980300845
official_bc,42,376,-287.661737756632
official_bc,42,377,-285.45442329294906
official_bc,42,378,-297.1900186561393
official_bc,42,379,-291.25625899233137
official_bc,42,380,-286.44240221488917
official_bc,42,381,-281.2470084645875
official_bc,42,382,-294.62331976888396
official_bc,42,383,-283.1076855358058
official_bc,42,384,-292.6675712560749
official_bc,42,385,-298.465688670995
official_bc,42,386,-290.1373043203672
official_bc,42,387,-285.02443288807643
official_bc,42,388,-296.18731118633434
official_bc,42,389,-276.9845444378279
official_bc,42,390,-291.4955551625325
official_bc,42,391,-291.062319948261
official_bc,42,392,-287.8710773679298
official_bc,42,393,-289.9318870843924
official_bc,42,394,-283.0982550353831
official_bc,42,395,-289.63250068406217
official_bc,42,396,-290.1681219949879
official_bc,42,397,-283.973676944942
official_bc,42,398,-290.891738452977
official_bc,42,399,-293.3478424519262
official_bc,42,400,-290.8107824284605
official_bc,42,401,-292.1268448292045
official_bc,42,402,-289.80053619889765
official_bc,42,403,-290.4494751916511
official_bc,42,404,-289.1987478117609
official_bc,42,405,-293.12734280106923
official_bc,42,406,-290.2062428938342
official_bc,42,407,-295.17925733622354
official_bc,42,408,-292.1734539334479
official_bc,42,409,-292.9243594756331
official_bc,42,410,-291.0488633079848
official_bc,42,411,-288.24562189132723
official_bc,42,412,-291.49605664379595
official_bc,42,413,-287.1747182013537
official_bc,42,414,-288.3696381830975
official_bc,42,415,-287.7329958843949
official_bc,42,416,-283.49468608686
official_bc,42,417,-292.05290715235543
official_bc,42,418,-293.7136782831767
official_bc,42,419,-290.9595459342931
official_bc,42,420,-295.92318243249053
official_bc,42,421,-287.4350257620828
official_bc,42,422,-294.58651605660634
official_bc,42,423,-294.581179287895
official_bc,42,424,-292.5594568514171
official_bc,42,425,-283.26989512407727
official_bc,42,426,-286.18137521989894
official_bc,42,427,-290.24903314086384
official_bc,42,428,-285.1582624376682
official_bc,42,429,-269.8091407771687
official_bc,42,430,-292.6592086093191
official_bc,42,431,-272.7827904787339
official_bc,42,432,-285.4231690102447
official_bc,42,433,-285.91839021658245
official_bc,42,434,-288.1556109877092
official_bc,42,435,-288.80252856839275
official_bc,42,436,-283.6164104880643
official_bc,42,437,-287.18576432048303
official_bc,42,438,-293.05907676799853
official_bc,42,439,-294.66148911919197
official_bc,42,440,-282.81617560675295
official_bc,42,441,-287.23050999554107
official_bc,42,442,-279.0909641467484
official_bc,42,443,-294.7406304181022
official_bc,42,444,-293.5921392033736
official_bc,42,445,-280.7450743329659
official_bc,42,446,-290.7793954308132
official_bc,42,447,-278.8713863924092
official_bc,42,448,-293.9055623024139
official_bc,42,449,-284.7586741890681
official_bc,42,450,-294.14933331586803
official_bc,42,451,-288.78772613559164
official_bc,42,452,-288.39712836384393
official_bc,42,453,-285.5068558400304
official_bc,42,454,-282.0967116882448
official_bc,42,455,-283.25482305486736
official_bc,42,456,-280.0309569773343
official_bc,42,457,-289.63099727041765
official_bc,42,458,-292.19144786030984
official_bc,42,459,-288.50753373575776
official_bc,42,460,-288.9721522476781
official_bc,42,461,-285.0390745218746
official_bc,42,462,-281.61443201918917
official_bc,42,463,-291.15962766533687
official_bc,42,464,-287.8482686624412
official_bc,42,465,-287.360540180719
official_bc,42,466,-288.6072862774024
official_bc,42,467,-291.9496378166217
official_bc,42,468,-287.25674378128264
official_bc,42,469,-268.97731201793795
official_bc,42,470,-286.25396983106174
official_bc,42,471,-289.8058640872526
official_bc,42,472,-285.0250986031983
official_bc,42,473,-284.1137923336162
official_bc,42,474,-291.5291102977411
official_bc,42,475,-296.1833892397416
official_bc,42,476,-286.15956410734753
official_bc,42,477,-293.2763018060855
official_bc,42,478,-280.4528777299143
official_bc,42,479,-292.6378657977458
official_bc,42,480,-291.0589903214382
official_bc,42,481,-282.87992630936117
official_bc,42,482,-286.69279135087834
official_bc,42,483,-293.42392773325093
official_bc,42,484,-291.58650234250183
official_bc,42,485,-288.27770184695225
official_bc,42,486,-289.24280398672613
official_bc,42,487,-282.2173728331393
official_bc,42,488,-284.71419161890526
official_bc,42,489,-286.38741635109625
official_bc,42,490,-292.6930724341708
official_bc,42,491,-290.4448653728444
official_bc,42,492,-293.9720378604403
official_bc,42,493,-285.97534038639844
official_bc,42,494,-291.26049234970833
official_bc,42,495,-282.31496814541885
official_bc,42,496,-296.79882955325513
official_bc,42,497,-282.0929541416739
official_bc,42,498,-287.05913181708104
official_bc,42,499,-292.664997520331
official_bc,42,500,-280.42552737551773
official_bc,42,501,-291.6537880165047
official_bc,42,502,-289.8445385020368
official_bc,42,503,-289.21804151818793
official_bc,42,504,-281.1791805172876
official_bc,42,505,-290.3341000972951
official_bc,42,506,-291.40580482351913
official_bc,42,507,-295.5542237922376
official_bc,42,508,-287.17198175105705
official_bc,42,509,-283.4886205752728
official_bc,42,510,-289.5232751585986
official_bc,42,511,-296.31403751145
official_bc,42,512,-288.3269211383015
official_bc,42,513,-289.1271812558784
official_bc,42,514,-291.47373423550545
official_bc,42,515,-292.32267677950097
official_bc,42,516,-288.9341161207072
official_bc,42,517,-295.6720732616345
official_bc,42,518,-287.03341193163317
official_bc,42,519,-285.9899490211383
official_bc,42,520,-292.3812792239674
official_bc,42,521,-289.32608154348827
official_bc,42,522,-294.81027114280977
official_bc,42,523,-283.9817627641623
official_bc,42,524,-281.4515038194739
official_bc,42,525,-287.61022945229695
official_bc,42,526,-290.24962616365855
official_bc,42,527,-288.370781457295
official_bc,42,528,-282.7444948258731
official_bc,42,529,-277.67217740393903
official_bc,42,530,-291.8067275334003
official_bc,42,531,-289.1196354390134
official_bc,42,532,-281.92398233648066
official_bc,42,533,-298.24362092144753
official_bc,42,534,-295.7775331021818
official_bc,42,535,-300.04254630824045
official_bc,42,536,-292.44691376119454
official_bc,42,537,-295.04991783376164
official_bc,42,538,-289.19021944936037
official_bc,42,539,-293.79873412460336
official_bc,42,540,-284.3729354040527
official_bc,42,541,-290.9412467843412
official_bc,42,542,-283.54818862762966
official_bc,42,543,-289.49484529328396
official_bc,42,544,-285.8110959874747
official_bc,42,545,-294.18618991650044
official_bc,42,546,-290.444728771683
official_bc,42,547,-292.17743311793026
official_bc,42,548,-294.71366675654195
official_bc,42,549,-290.68157096241094
official_bc,42,550,-290.00893361751275
official_bc,42,551,-289.9833450259454
official_bc,42,552,-294.0217160800962
official_bc,42,553,-280.6160055727907
official_bc,42,554,-292.8866762692095
official_bc,42,555,-286.6376591630785
official_bc,42,556,-284.6067612159037
official_bc,42,557,-274.52740677563395
official_bc,42,558,-295.033059819238
official_bc,42,559,-290.73667076140356
official_bc,42,560,-282.0965924073397
official_bc,42,561,-286.26216954841505
official_bc,42,562,-276.42819656329175
official_bc,42,563,-292.9953411637409
official_bc,42,564,-289.3172785341235
official_bc,42,565,-290.8046437581666
official_bc,42,566,-286.34700490530616
official_bc,42,567,-293.7891060507868
official_bc,42,568,-286.48371330999953
official_bc,42,569,-291.1759276610208
official_bc,42,570,-286.70375492878486
official_bc,42,571,-295.5948811875454
official_bc,42,572,-295.4688232134592
official_bc,42,573,-295.41451332386737
official_bc,42,574,-296.5980597656597
official_bc,42,575,-286.0699342635931
official_bc,42,576,-288.3809719525433
official_bc,42,577,-287.77599408382963
official_bc,42,578,-282.22534280140127
official_bc,42,579,-278.229076868985
official_bc,42,580,-272.56845614549695
official_bc,42,581,-283.82054522767345
official_bc,42,582,-284.6532194780159
official_bc,42,583,-291.2520301120859
official_bc,42,584,-286.9752722453753
official_bc,42,585,-287.67540530663985
official_bc,42,586,-282.1140198131261
official_bc,42,587,-296.57968135158
official_bc,42,588,-290.9444133113216
official_bc,42,589,-291.36486077967004
official_bc,42,590,-291.02893648156635
official_bc,42,591,-290.701183533967
official_bc,42,592,-296.7950836703721
official_bc,42,593,-292.079582236842
official_bc,42,594,-295.6099009334427
official_bc,42,595,-281.30175288849125
official_bc,42,596,-277.4057427619583
official_bc,42,597,-289.5347648625654
official_bc,42,598,-285.89216285549986
official_bc,42,599,-289.0368051419276
official_bc,42,600,-275.3924510854838
official_bc,42,601,-293.04893691012114
official_bc,42,602,-290.97301739595264
official_bc,42,603,-292.7638944851206
official_bc,42,604,-284.4718525081339
official_bc,42,605,-293.1099748476916
official_bc,42,606,-289.6334745651718
official_bc,42,607,-287.1845065487533
official_bc,42,608,-293.5234783522235
official_bc,42,609,-293.1197718222839
official_bc,42,610,-281.37005566400694
official_bc,42,611,-292.6658857782263
official_bc,42,612,-293.03277527841897
official_bc,42,613,-294.59527922005645
official_bc,42,614,-290.27389403764533
official_bc,42,615,-291.7938087896379
official_bc,42,616,-291.25876877478083
official_bc,42,617,-288.8872624487155
official_bc,42,618,-285.3880036993281
official_bc,42,619,-291.258083363763
official_bc,42,620,-284.88227959326076
official_bc,42,621,-286.97292604948086
official_bc,42,622,-295.17990793145543
official_bc,42,623,-285.8709847673706
official_bc,42,624,-290.5161495513924
official_bc,42,625,-295.71614239987576
official_bc,42,626,-291.9603500182385
official_bc,42,627,-295.53409410654535
official_bc,42,628,-295.54558043503323
official_bc,42,629,-289.45867817252037
official_bc,42,630,-294.1316882737137
official_bc,42,631,-281.43667655230877
official_bc,42,632,-286.25581543565227
official_bc,42,633,-276.9742282316745
official_bc,42,634,-287.4799120910732
official_bc,42,635,-288.97817151186945
official_bc,42,636,-292.3633989883524
official_bc,42,637,-288.41752788653986
official_bc,42,638,-287.4313470620357
official_bc,42,639,-283.9457333204298
official_bc,42,640,-280.0543036195799
official_bc,42,641,-282.9616489973788
official_bc,42,642,-283.65913847387196
official_bc,42,643,-291.8550439864043
official_bc,42,644,-290.98439962806543
official_bc,42,645,-286.0431223461168
official_bc,42,646,-293.97496998177564
official_bc,42,647,-295.20268673864007
official_bc,42,648,-287.02271387672033
official_bc,42,649,-291.641422390408
official_bc,42,650,-289.84815704806397
official_bc,42,651,-279.63717566059324
official_bc,42,652,-270.5391345459452
official_bc,42,653,-287.0356256586705
official_bc,42,654,-291.0527962972262
official_bc,42,655,-291.31485675461823
official_bc,42,656,-283.1769913234004
official_bc,42,657,-290.1822750014025
official_bc,42,658,-293.6462418061752
official_bc,42,659,-293.55974739484026
official_bc,42,660,-281.7405317058233
official_bc,42,661,-287.3446945474074
official_bc,42,662,-278.28800572520527
official_bc,42,663,-293.9007030413073
official_bc,42,664,-279.6337821040362
official_bc,42,665,-288.78491864171167
official_bc,42,666,-289.9638009748618
official_bc,42,667,-287.0509097581747
official_bc,42,668,-284.9884992062308
official_bc,42,669,-293.7126606107585
official_bc,42,670,-283.9405317531827
official_bc,42,671,-279.24893616565447
official_bc,42,672,-292.25666146054897
official_bc,42,673,-289.7384159572822
official_bc,42,674,-285.0034742740508
official_bc,42,675,-289.3805768991687
official_bc,42,676,-293.2455964667596
official_bc,42,677,-279.01167785052786
official_bc,42,678,-289.79557082617475
official_bc,42,679,-290.69573534328964
official_bc,42,680,-285.14465609575973
official_bc,42,681,-295.11835331711484
official_bc,42,682,-286.973592605413
official_bc,42,683,-280.50577762801686
official_bc,42,684,-292.06695900152937
official_bc,42,685,-288.8899396683743
official_bc,42,686,-286.364296694803
official_bc,42,687,-283.383737149054
official_bc,42,688,-292.5105635118455
official_bc,42,689,-290.20075634650937
official_bc,42,690,-283.86555334471893
official_bc,42,691,-281.2469291605078
official_bc,42,692,-280.9300649068852
official_bc,42,693,-282.08875315544424
official_bc,42,694,-290.0236273050953
official_bc,42,695,-287.7143098916318
official_bc,42,696,-295.20523418480735
official_bc,42,697,-292.0040463761267
official_bc,42,698,-297.21924018118204
official_bc,42,699,-289.7988898811576
official_bc,42,700,-290.77832293030815
official_bc,42,701,-292.67575827296474
official_bc,42,702,-285.5554639132689
official_bc,42,703,-295.27432710318215
official_bc,42,704,-291.90723268394163
official_bc,42,705,-290.34839389199243
official_bc,42,706,-288.4329915102576
official_bc,42,707,-289.79341451404434
official_bc,42,708,-283.08513706496944
official_bc,42,709,-284.68020242033055
official_bc,42,710,-290.01547478834686
official_bc,42,711,-290.54586152011285
official_bc,42,712,-270.9106703022526
official_bc,42,713,-279.15228414246315
official_bc,42,714,-287.72414198091565
official_bc,42,715,-293.18373769907237
official_bc,42,716,-289.5522165722296
official_bc,42,717,-295.4970844485636
official_bc,42,718,-297.2350381013996
official_bc,42,719,-291.11414676784256
official_bc,42,720,-297.4159117728672
official_bc,42,721,-279.9976191323698
official_bc,42,722,-295.212578092999
official_bc,42,723,-287.9986474102881
official_bc,42,724,-293.4388101397168
official_bc,42,725,-292.62290007301124
official_bc,42,726,-297.32524369572764
official_bc,42,727,-284.8427000135737
official_bc,42,728,-283.922065859779
official_bc,42,729,-288.82066562395096
official_bc,42,730,-282.1185740402774
official_bc,42,731,-282.2985436773328
official_bc,42,732,-282.8747335734163
official_bc,42,733,-290.74384781476505
official_bc,42,734,-288.1546200670374
official_bc,42,735,-295.01768691458346
official_bc,42,736,-286.3536430018495
official_bc,42,737,-289.6245035170418
official_bc,42,738,-288.1224914417904
official_bc,42,739,-288.49022308494034
official_bc,42,740,-286.658869634864
official_bc,42,741,-287.0044212882593
official_bc,42,742,-281.63581913103997
official_bc,42,743,-287.26634227757904
official_bc,42,744,-286.4967140842639
official_bc,42,745,-288.634660287918
official_bc,42,746,-286.65188499666044
official_bc,42,747,-291.3232600139842
official_bc,42,748,-290.955024834671
official_bc,42,749,-295.06671678584223
official_bc,42,750,-292.75224642972273
official_bc,42,751,-298.5997980011075
official_bc,42,752,-292.24057091736836
official_bc,42,753,-292.6377023100097
official_bc,42,754,-292.8356025597027
official_bc,42,755,-293.1730123259653
official_bc,42,756,-283.21809704099746
official_bc,42,757,-288.11142124228604
official_bc,42,758,-289.51795290640985
official_bc,42,759,-277.81312281963653
official_bc,42,760,-293.20543925495815
official_bc,42,761,-291.06542186559045
official_bc,42,762,-281.2022675876561
official_bc,42,763,-285.90953887823616
official_bc,42,764,-286.52463914051486
official_bc,42,765,-288.60427839183365
official_bc,42,766,-278.627068720416
official_bc,42,767,-285.1497340128566
official_bc,42,768,-292.61066803544816
official_bc,42,769,-297.9240427239197
official_bc,42,770,-286.5993889485394
official_bc,42,771,-292.4535604879464
official_bc,42,772,-293.8207959313217
official_bc,42,773,-289.9877988546844
official_bc,42,774,-297.1275452179329
official_bc,42,775,-286.8817264675387
official_bc,42,776,-284.3605200487305
official_bc,42,777,-295.2690323000769
official_bc,42,778,-290.6528728989793
official_bc,42,779,-295.585329201029
official_bc,42,780,-290.28111387222145
official_bc,42,781,-279.1023251059841
official_bc,42,782,-292.77881458564286
official_bc,42,783,-283.95509089297286
official_bc,42,784,-275.47337622700036
official_bc,42,785,-293.15272480777577
official_bc,42,786,-289.3150418580639
official_bc,42,787,-280.94269985085884
official_bc,42,788,-293.4547038663297
official_bc,42,789,-281.0893486636624
official_bc,42,790,-288.62026486583056
official_bc,42,791,-286.82661186840437
official_bc,42,792,-286.80982842738047
official_bc,42,793,-292.9022028227619
official_bc,42,794,-294.68007174253967
official_bc,42,795,-295.22210957225263
official_bc,42,796,-287.3143786673884
official_bc,42,797,-287.97709406885656
official_bc,42,798,-286.8753339943945
official_bc,42,799,-292.6135647138727
official_bc,42,800,-281.15594053981243
official_bc,42,801,-290.5522048356029
official_bc,42,802,-283.2302585913422
official_bc,42,803,-292.5403979195508
official_bc,42,804,-292.7671644543764
official_bc,42,805,-284.3510842763232
official_bc,42,806,-279.658296192241
official_bc,42,807,-276.86212115382773
official_bc,42,808,-279.07377591876497
official_bc,42,809,-285.3917852097446
official_bc,42,810,-291.8067139161386
official_bc,42,811,-288.0851002315707
official_bc,42,812,-293.65933381611853
official_bc,42,813,-286.3984380693236
official_bc,42,814,-294.00825040009715
official_bc,42,815,-288.1226002688083
official_bc,42,816,-278.31035453938057
official_bc,42,817,-289.80069894390806
official_bc,42,818,-286.7822092135583
official_bc,42,819,-290.4333241028564
official_bc,42,820,-293.8242846312085
official_bc,42,821,-292.84768645384685
official_bc,42,822,-289.07830320673816
official_bc,42,823,-290.9831144772261
official_bc,42,824,-293.3892302824222
official_bc,42,825,-295.08767028514615
official_bc,42,826,-283.5022177469621
official_bc,42,827,-289.23915837468167
official_bc,42,828,-287.05090867339425
official_bc,42,829,-287.47938432811446
official_bc,42,830,-287.9012134051244
official_bc,42,831,-287.51513666799235
official_bc,42,832,-293.70235870316617
official_bc,42,833,-291.07605153439704
official_bc,42,834,-295.44624302336933
official_bc,42,835,-288.7749436454587
official_bc,42,836,-290.36982096346406
official_bc,42,837,-288.80781998273767
official_bc,42,838,-287.81725842506756
official_bc,42,839,-294.3023072527455
official_bc,42,840,-283.21653198340096
official_bc,42,841,-286.6342284766205
official_bc,42,842,-294.51629218257744
official_bc,42,843,-286.91089801083433
official_bc,42,844,-289.9262909532879
official_bc,42,845,-290.84183079593686
official_bc,42,846,-282.04252086174154
official_bc,42,847,-284.7369068252935
official_bc,42,848,-294.7040699569794
official_bc,42,849,-294.25628006417776
official_bc,42,850,-287.4077312243592
official_bc,42,851,-292.29331403387386
official_bc,42,852,-292.1265020504172
official_bc,42,853,-294.45270730514363
official_bc,42,854,-288.9054528414584
official_bc,42,855,-294.0302140389432
official_bc,42,856,-292.5249607424763
official_bc,42,857,-287.40006979057944
official_bc,42,858,-296.5755244450985
official_bc,42,859,-285.71588138432725
official_bc,42,860,-290.26902243810116
official_bc,42,861,-293.24040860818155
official_bc,42,862,-282.73318757160723
official_bc,42,863,-285.4214315765669
official_bc,42,864,-287.4192989669088
official_bc,42,865,-290.0748241547204
official_bc,42,866,-296.66582377866877
official_bc,42,867,-270.501644003096
official_bc,42,868,-280.77671746376916
official_bc,42,869,-288.0326354682737
official_bc,42,870,-290.61279261608274
official_bc,42,871,-292.03821026451146
official_bc,42,872,-284.8964176730684
official_bc,42,873,-275.65124972280785
official_bc,42,874,-288.64096419936214
official_bc,42,875,-287.5329266600464
official_bc,42,876,-285.9784567282227
official_bc,42,877,-279.49041739342636
official_bc,42,878,-284.65915781994687
official_bc,42,879,-289.7260301345947
official_bc,42,880,-286.66523905174074
official_bc,42,881,-295.3011924296956
official_bc,42,882,-295.080742421119
official_bc,42,883,-280.77835372096285
official_bc,42,884,-294.48855787609557
official_bc,42,885,-295.72447709569917
official_bc,42,886,-292.40425129413165
official_bc,42,887,-290.85238790417094
official_bc,42,888,-288.6916222931061
official_bc,42,889,-294.62002394526536
official_bc,42,890,-295.0402944719345
official_bc,42,891,-289.37066321907474
official_bc,42,892,-295.0986062454423
official_bc,42,893,-282.12570856978334
official_bc,42,894,-283.063665616786
official_bc,42,895,-293.9266688964238
official_bc,42,896,-294.48150018705905
official_bc,42,897,-285.3747656282146
official_bc,42,898,-277.9056229384346
official_bc,42,899,-290.3146709418134
official_bc,42,900,-286.43816250575003
official_bc,42,901,-288.0428399056888
official_bc,42,902,-287.7286418286184
official_bc,42,903,-292.83613772833155
official_bc,42,904,-295.76172475103687
official_bc,42,905,-294.1635169291709
official_bc,42,906,-290.774611302486
official_bc,42,907,-290.2344275837233
official_bc,42,908,-291.9538933108836
official_bc,42,909,-283.4564593323949
official_bc,42,910,-292.8572996469982
official_bc,42,911,-288.92668619303817
official_bc,42,912,-287.375794463008
official_bc,42,913,-294.68808234662896
official_bc,42,914,-288.52907466325973
official_bc,42,915,-297.04723406082377
official_bc,42,916,-291.3442714205587
official_bc,42,917,-291.3033781380594
official_bc,42,918,-295.1375918612218
official_bc,42,919,-288.6650798933947
official_bc,42,920,-293.22730804649757
official_bc,42,921,-287.06338753088716
official_bc,42,922,-269.3921039286339
official_bc,42,923,-287.6992255665334
official_bc,42,924,-293.96917839055266
official_bc,42,925,-292.687431804757
official_bc,42,926,-290.5405059745822
official_bc,42,927,-291.7964277375682
official_bc,42,928,-291.09419088455877
official_bc,42,929,-284.6871795557345
official_bc,42,930,-285.22664606471494
official_bc,42,931,-296.48807367906056
official_bc,42,932,-283.6501611931924
official_bc,42,933,-285.6453481058527
official_bc,42,934,-286.49780468976763
official_bc,42,935,-293.34205476157723
official_bc,42,936,-289.6229726934619
official_bc,42,937,-295.18118395021787
official_bc,42,938,-285.94776250804324
official_bc,42,939,-291.7273268451567
official_bc,42,940,-289.136191311985
official_bc,42,941,-297.53914246090443
official_bc,42,942,-288.660065890939
official_bc,42,943,-287.2466405000494
official_bc,42,944,-284.1022305405563
official_bc,42,945,-289.27553745662595
official_bc,42,946,-280.3493082950003
official_bc,42,947,-298.66269197344775
official_bc,42,948,-292.3115176803656
official_bc,42,949,-292.101587945068
official_bc,42,950,-290.69080965725425
official_bc,42,951,-286.71949373608453
official_bc,42,952,-276.50309065055876
official_bc,42,953,-291.1576068279013
official_bc,42,954,-286.12142801980633
official_bc,42,955,-290.5636451382619
official_bc,42,956,-291.06415141873384
official_bc,42,957,-285.6924502971462
official_bc,42,958,-290.01316305583384
official_bc,42,959,-291.2605164463472
official_bc,42,960,-286.35511163518464
official_bc,42,961,-284.4744357573112
official_bc,42,962,-289.6895824941795
official_bc,42,963,-286.05892033444763
official_bc,42,964,-277.4601329509218
official_bc,42,965,-295.5837117800715
official_bc,42,966,-290.0287752526384
official_bc,42,967,-292.3966086281158
official_bc,42,968,-294.39714063365216
official_bc,42,969,-280.99843860556734
official_bc,42,970,-295.8026728122383
official_bc,42,971,-286.84503252843825
official_bc,42,972,-291.55250940551
official_bc,42,973,-283.04504532903024
official_bc,42,974,-278.0189848488641
official_bc,42,975,-286.8190198930646
official_bc,42,976,-286.30691959576654
official_bc,42,977,-287.4118129182003
official_bc,42,978,-296.3244923123053
official_bc,42,979,-292.2893502524704
official_bc,42,980,-294.1999367443101
official_bc,42,981,-294.96822408176297
official_bc,42,982,-281.35697395308375
official_bc,42,983,-284.6688250565808
official_bc,42,984,-279.3994502234825
official_bc,42,985,-281.06111076882235
official_bc,42,986,-288.4415888796405
official_bc,42,987,-278.96849382834034
official_bc,42,988,-285.9076866489654
official_bc,42,989,-287.8833275405634
official_bc,42,990,-294.2255051923737
official_bc,42,991,-285.45838052308807
official_bc,42,992,-294.91098874222774
official_bc,42,993,-287.9862075891001
official_bc,42,994,-291.96546248837996
official_bc,42,995,-291.9138791485972
official_bc,42,996,-290.41554470383227
official_bc,42,997,-293.5537970021277
official_bc,42,998,-292.86710230771394
official_bc,42,999,-277.09426521225794
official_bc,42,1000,-292.3967986646657
official_bc,43,1,-186.9340457901107
official_bc,43,2,-210.50018166078803
official_bc,43,3,-192.67458110603562
official_bc,43,4,-203.45489011780882
official_bc,43,5,-198.50914725456343
official_bc,43,6,-191.90516603211907
official_bc,43,7,-176.84931556164543
official_bc,43,8,-232.3462473205266
official_bc,43,9,-192.26554825272382
official_bc,43,10,-189.83694401220745
official_bc,43,11,-257.7437692769759
official_bc,43,12,-212.11336838863767
official_bc,43,13,-223.4521420575843
official_bc,43,14,-319.44826672993173
official_bc,43,15,-283.0585783448158
official_bc,43,16,-233.52031530101482
official_bc,43,17,-341.98165056309193
official_bc,43,18,-229.7809733706836
official_bc,43,19,-248.3596169024255
official_bc,43,20,-240.59908324891413
official_bc,43,21,-227.5575120936465
official_bc,43,22,-283.5054540335004
official_bc,43,23,-317.7245833407079
official_bc,43,24,-252.94741480510686
official_bc,43,25,-300.1004438228271
official_bc,43,26,-332.2491665291816
official_bc,43,27,-212.71045545169082
official_bc,43,28,-211.2081694972104
official_bc,43,29,-277.6932091896168
official_bc,43,30,-274.5099929267624
official_bc,43,31,-200.93783243406185
official_bc,43,32,-279.8689311733705
official_bc,43,33,-172.2715206034103
official_bc,43,34,-254.9489274500466
official_bc,43,35,-182.67394573864772
official_bc,43,36,-256.685472360195
official_bc,43,37,-305.38415502170596
official_bc,43,38,-294.4393035552228
official_bc,43,39,-293.0667505281692
official_bc,43,40,-275.70548004575846
official_bc,43,41,-291.3750944244911
official_bc,43,42,-285.96599542539064
official_bc,43,43,-285.09067015460306
official_bc,43,44,-260.0567920951453
official_bc,43,45,-280.3796704011328
official_bc,43,46,-271.2944342811488
official_bc,43,47,-256.75874917295357
official_bc,43,48,-259.73041190798193
official_bc,43,49,-249.54098615875733
official_bc,43,50,-254.02683125960135
official_bc,43,51,-255.37956619409852
official_bc,43,52,-251.42765633348392
official_bc,43,53,-252.52867323363876
official_bc,43,54,-254.77999314449931
official_bc,43,55,-261.0458252560417
official_bc,43,56,-260.4223609074685
official_bc,43,57,-268.47287364330487
official_bc,43,58,-275.622472575227
official_bc,43,59,-289.1389928929866
official_bc,43,60,-291.87802192560184
official_bc,43,61,-295.143028500297
official_bc,43,62,-292.6615496646242
official_bc,43,63,-297.14734355278364
official_bc,43,64,-295.50906517714935
official_bc,43,65,-291.34948205474103
official_bc,43,66,-290.85377393136287
official_bc,43,67,-290.1291751070004
official_bc,43,68,-286.81229193027843
official_bc,43,69,-283.3259071869803
official_bc,43,70,-282.58393223602656
official_bc,43,71,-288.0074478557092
official_bc,43,72,-281.7834283159891
official_bc,43,73,-279.84988903286813
official_bc,43,74,-288.8341843777772
official_bc,43,75,-286.4666038287072
official_bc,43,76,-287.6152782008288
official_bc,43,77,-282.39243385980075
official_bc,43,78,-280.45314011986954
official_bc,43,79,-280.1657951371037
official_bc,43,80,-286.53270901125404
official_bc,43,81,-280.8593009085332
official_bc,43,82,-287.4000952969894
official_bc,43,83,-284.1651766553365
official_bc,43,84,-280.03469877887403
official_bc,43,85,-281.38439865929377
official_bc,43,86,-285.846296861191
official_bc,43,87,-288.7511872650737
official_bc,43,88,-280.83941689385796
official_bc,43,89,-289.1568614448488
official_bc,43,90,-285.17938202757523
official_bc,43,91,-291.83215799286165
official_bc,43,92,-289.5548830240957
official_bc,43,93,-286.9346242572591
official_bc,43,94,-300.11086236279294
official_bc,43,95,-291.5882903566882
official_bc,43,96,-290.4226148788855
official_bc,43,97,-293.7398339982836
official_bc,43,98,-280.31195433873654
official_bc,43,99,-286.09701999752747
official_bc,43,100,-288.8870311643495
official_bc,43,101,-284.88252847945944
official_bc,43,102,-287.5690911230687
official_bc,43,103,-285.54236650431307
official_bc,43,104,-272.9696992243805
official_bc,43,105,-286.5070746053195
official_bc,43,106,-275.0654734675559
official_bc,43,107,-279.8616263726854
official_bc,43,108,-285.59731122678267
official_bc,43,109,-290.2174980617316
official_bc,43,110,-288.3580555423723
official_bc,43,111,-283.77016217369453
official_bc,43,112,-283.4550775985502
official_bc,43,113,-293.319440111576
official_bc,43,114,-288.22907570837907
official_bc,43,115,-294.7401438708589
official_bc,43,116,-281.2746573134374
official_bc,43,117,-279.45034468950985
official_bc,43,118,-296.5007476709267
official_bc,43,119,-297.23787323845977
official_bc,43,120,-290.6426152297455
official_bc,43,121,-282.37390468451133
official_bc,43,122,-291.07874878493664
official_bc,43,123,-284.32347050313047
official_bc,43,124,-290.431841082989
official_bc,43,125,-292.6407139953429
official_bc,43,126,-292.178390817301
official_bc,43,127,-283.1070254761177
official_bc,43,128,-285.68468966384506
official_bc,43,129,-294.2284049036101
official_bc,43,130,-288.96660559384895
official_bc,43,131,-295.86266245353397
official_bc,43,132,-292.64835555856564
official_bc,43,133,-290.5984432990895
official_bc,43,134,-294.37977545911394
official_bc,43,135,-290.36858538530976
official_bc,43,136,-289.86308331090123
official_bc,43,137,-293.34310531365816
official_bc,43,138,-292.9378997502249
official_bc,43,139,-288.83525989836414
official_bc,43,140,-292.12909666956864
official_bc,43,141,-291.0994910474426
official_bc,43,142,-286.63541195069445
official_bc,43,143,-286.92558686231786
official_bc,43,144,-294.7103827816024
official_bc,43,145,-291.3924169498746
official_bc,43,146,-282.57560854794116
official_bc,43,147,-284.3060776724042
official_bc,43,148,-289.43757838840287
official_bc,43,149,-282.69015621694825
official_bc,43,150,-293.9087306375682
official_bc,43,151,-290.84807107810923
official_bc,43,152,-292.74211892924563
official_bc,43,153,-284.94744099686847
official_bc,43,154,-284.36949065668256
official_bc,43,155,-285.9683823644866
official_bc,43,156,-292.4620232480363
official_bc,43,157,-286.660314061293
official_bc,43,158,-284.30183007125106
official_bc,43,159,-288.5821306856129
official_bc,43,160,-285.52482330379695
official_bc,43,161,-293.35156523585243
official_bc,43,162,-290.29789156982815
official_bc,43,163,-292.50846787374076
official_bc,43,164,-281.27613641195666
official_bc,43,165,-288.3549468689139
official_bc,43,166,-286.89604095954115
official_bc,43,167,-289.63435065695734
official_bc,43,168,-289.22302832139866
official_bc,43,169,-293.4155421082618
official_bc,43,170,-290.4434610241413
official_bc,43,171,-291.2616915727489
official_bc,43,172,-288.3838658755949
official_bc,43,173,-287.4775481921753
official_bc,43,174,-284.41860946478926
official_bc,43,175,-290.41025953757924
official_bc,43,176,-288.69217993886184
official_bc,43,177,-290.4946111141867
official_bc,43,178,-289.65871273347057
official_bc,43,179,-281.19669494785603
official_bc,43,180,-284.7443005131804
official_bc,43,181,-286.2054684046007
official_bc,43,182,-282.73317801554515
official_bc,43,183,-289.27877745724896
official_bc,43,184,-288.87730351245995
official_bc,43,185,-289.81972800771143
official_bc,43,186,-283.8663893688334
official_bc,43,187,-294.3210309373961
official_bc,43,188,-290.89892401355036
official_bc,43,189,-286.58328226193953
official_bc,43,190,-293.1400700030187
official_bc,43,191,-280.39630720461355
official_bc,43,192,-289.7687115864688
official_bc,43,193,-295.7294884432489
official_bc,43,194,-275.5937288978388
official_bc,43,195,-291.84120426953484
official_bc,43,196,-292.7243861034788
official_bc,43,197,-282.7286637645875
official_bc,43,198,-279.7938187091745
official_bc,43,199,-285.8154362411187
official_bc,43,200,-290.7337371992446
official_bc,43,201,-283.32375791523253
official_bc,43,202,-278.3490977498025
official_bc,43,203,-292.4682783742645
official_bc,43,204,-282.60304379079355
official_bc,43,205,-295.303332609247
official_bc,43,206,-272.0742110567971
official_bc,43,207,-288.1604371205501
official_bc,43,208,-286.6728204488817
official_bc,43,209,-289.53518844225755
official_bc,43,210,-284.44367388064603
official_bc,43,211,-294.1891791081345
official_bc,43,212,-291.23680944509954
official_bc,43,213,-293.6039435799009
official_bc,43,214,-282.07351398889057
official_bc,43,215,-294.9064133721186
official_bc,43,216,-284.77331095257625
official_bc,43,217,-287.8524871044225
official_bc,43,218,-291.83790466893333
official_bc,43,219,-296.5046324292921
official_bc,43,220,-288.4283951007369
official_bc,43,221,-273.93942597601693
official_bc,43,222,-279.0832669295471
official_bc,43,223,-287.8588582483188
official_bc,43,224,-291.63485629703774
official_bc,43,225,-294.4086101979148
official_bc,43,226,-288.36036884308834
official_bc,43,227,-280.8752154652957
official_bc,43,228,-278.5779081641118
official_bc,43,229,-291.92011762873574
official_bc,43,230,-286.6894967348907
official_bc,43,231,-293.97628101607705
official_bc,43,232,-289.7290810853009
official_bc,43,233,-289.7820647142902
official_bc,43,234,-286.6280680469657
official_bc,43,235,-290.3295103836599
official_bc,43,236,-285.747176770442
official_bc,43,237,-280.7933186407144
official_bc,43,238,-273.943869452415
official_bc,43,239,-277.8138574243125
official_bc,43,240,-286.24117287858434
official_bc,43,241,-293.46328408003035
official_bc,43,242,-289.0528418559644
official_bc,43,243,-292.41240501173377
official_bc,43,244,-289.560717169305
official_bc,43,245,-299.2747818892814
official_bc,43,246,-289.23999657833565
official_bc,43,247,-298.9983270191769
official_bc,43,248,-289.37118604982936
official_bc,43,249,-291.9677112451809
official_bc,43,250,-296.4602182615582
official_bc,43,251,-274.7586949404639
official_bc,43,252,-279.4756067004931
official_bc,43,253,-288.4710047183312
official_bc,43,254,-288.1272402150048
official_bc,43,255,-292.97067488117403
official_bc,43,256,-290.17458694799944
official_bc,43,257,-286.74774325153925
official_bc,43,258,-292.5587979599791
official_bc,43,259,-275.17075066554
official_bc,43,260,-278.00357322183254
official_bc,43,261,-288.57737529610097
official_bc,43,262,-280.5497118831772
official_bc,43,263,-289.8538691343416
official_bc,43,264,-289.10992325022596
official_bc,43,265,-295.8415495735137
official_bc,43,266,-291.4810349352009
official_bc,43,267,-275.9504446270011
official_bc,43,268,-288.5021198562179
official_bc,43,269,-290.3794610509228
official_bc,43,270,-290.1843907373524
official_bc,43,271,-292.60008583858666
official_bc,43,272,-283.9204938273158
official_bc,43,273,-294.4766861301303
official_bc,43,274,-291.9252078024483
official_bc,43,275,-294.53826932792856
official_bc,43,276,-290.2739101556549
official_bc,43,277,-287.39471782337904
official_bc,43,278,-291.8326272614197
official_bc,43,279,-296.01998782662304
official_bc,43,280,-294.5541561974192
official_bc,43,281,-292.5391056227548
official_bc,43,282,-292.1338342617902
official_bc,43,283,-289.71388423440743
official_bc,43,284,-292.3001772064779
official_bc,43,285,-287.2760092012666
official_bc,43,286,-286.82330863420015
official_bc,43,287,-290.2594586924158
official_bc,43,288,-282.46771686425416
official_bc,43,289,-292.4266950645191
official_bc,43,290,-281.42530233569
official_bc,43,291,-289.86662904806303
official_bc,43,292,-293.7866760057728
official_bc,43,293,-291.94090009632754
official_bc,43,294,-279.985510083762
official_bc,43,295,-286.2029901856857
official_bc,43,296,-285.45612298644744
official_bc,43,297,-296.16039454555596
official_bc,43,298,-290.8314977123233
official_bc,43,299,-298.492176577406
official_bc,43,300,-297.2436148281831
official_bc,43,301,-289.0555568970054
official_bc,43,302,-290.655914459497
official_bc,43,303,-290.3744610333354
official_bc,43,304,-286.5328915621348
official_bc,43,305,-283.60394366024127
official_bc,43,306,-290.9360832889043
official_bc,43,307,-289.5325192473971
official_bc,43,308,-292.4824533094684
official_bc,43,309,-292.7210476654173
official_bc,43,310,-286.25063834448565
official_bc,43,311,-292.89353875032566
official_bc,43,312,-285.0628736175952
official_bc,43,313,-289.80981474384635
official_bc,43,314,-288.0459825764202
official_bc,43,315,-282.8442155709789
official_bc,43,316,-290.1688367481419
official_bc,43,317,-294.447305138566
official_bc,43,318,-287.7270700954649
official_bc,43,319,-288.80156777085074
official_bc,43,320,-285.23443048119157
official_bc,43,321,-290.02743553930446
official_bc,43,322,-290.6057373081502
official_bc,43,323,-295.11310850246343
official_bc,43,324,-291.8998310545926
official_bc,43,325,-280.72283553412626
official_bc,43,326,-290.77583195833284
official_bc,43,327,-281.02531838908834
official_bc,43,328,-290.9876920849906
official_bc,43,329,-292.4523529015489
official_bc,43,330,-294.5923925337596
official_bc,43,331,-295.16995107225426
official_bc,43,332,-291.87215996265
official_bc,43,333,-295.52332519997094
official_bc,43,334,-283.3385391687698
official_bc,43,335,-268.24032385252883
official_bc,43,336,-289.8627992510061
official_bc,43,337,-290.48909037644506
official_bc,43,338,-284.7850828983887
official_bc,43,339,-291.54376123673126
official_bc,43,340,-286.90389716725207
official_bc,43,341,-286.6507127865933
official_bc,43,342,-296.37107426964434
official_bc,43,343,-287.9741647131416
official_bc,43,344,-288.789402296858
official_bc,43,345,-291.8156444875769
official_bc,43,346,-287.86228023980107
official_bc,43,347,-290.0620022113299
official_bc,43,348,-290.18325106332975
official_bc,43,349,-290.94229378693126
official_bc,43,350,-278.75493566195894
official_bc,43,351,-284.5075917263622
official_bc,43,352,-293.7654677171196
official_bc,43,353,-296.56119515791295
official_bc,43,354,-290.2781140877549
official_bc,43,355,-284.319263383843
official_bc,43,356,-287.39058084543
official_bc,43,357,-284.3790240477761
official_bc,43,358,-287.18653076385215
official_bc,43,359,-291.3491038368752
official_bc,43,360,-281.46465773688135
official_bc,43,361,-289.02370613577096
official_bc,43,362,-290.2260543431752
official_bc,43,363,-283.0920273695279
official_bc,43,364,-280.2156685806966
official_bc,43,365,-285.17667475340056
official_bc,43,366,-290.70011213138935
official_bc,43,367,-297.085231588012
official_bc,43,368,-295.08249662478744
official_bc,43,369,-288.4930811414618
official_bc,43,370,-293.80188295325206
official_bc,43,371,-297.29040975536964
official_bc,43,372,-287.4633339590212
official_bc,43,373,-300.44294381806685
official_bc,43,374,-288.90063080676777
official_bc,43,375,-270.47633474838784
official_bc,43,376,-286.6860142226939
official_bc,43,377,-293.6995382379558
official_bc,43,378,-294.43673674087074
official_bc,43,379,-285.15647547737746
official_bc,43,380,-278.77612736786944
official_bc,43,381,-283.3425944229134
official_bc,43,382,-287.10015732790106
official_bc,43,383,-286.21674732701985
official_bc,43,384,-286.66861860943095
official_bc,43,385,-292.508664145272
official_bc,43,386,-288.2200782026189
official_bc,43,387,-283.6389466673517
official_bc,43,388,-297.2260262767197
official_bc,43,389,-297.87179964002485
official_bc,43,390,-285.0129807407448
official_bc,43,391,-292.0574011247169
official_bc,43,392,-291.96240314448977
official_bc,43,393,-289.25420539513715
official_bc,43,394,-294.09283681183445
official_bc,43,395,-289.7065524019147
official_bc,43,396,-282.29397047490875
official_bc,43,397,-288.344443987482
official_bc,43,398,-284.6734853615218
official_bc,43,399,-286.39694113245974
official_bc,43,400,-276.5701083095711
official_bc,43,401,-284.556356627818
official_bc,43,402,-289.1482514004563
official_bc,43,403,-294.0742967426181
official_bc,43,404,-293.50922817534615
official_bc,43,405,-286.84288238390167
official_bc,43,406,-288.7614393441405
official_bc,43,407,-284.56957909753106
official_bc,43,408,-297.36828090124794
official_bc,43,409,-296.22764404106897
official_bc,43,410,-286.07065954138454
official_bc,43,411,-292.54593838563653
official_bc,43,412,-284.8444418823541
official_bc,43,413,-294.7650324587551
official_bc,43,414,-294.85330362186284
official_bc,43,415,-284.6384937456978
official_bc,43,416,-291.6547167734346
official_bc,43,417,-295.0681587719351
official_bc,43,418,-289.70699838382615
official_bc,43,419,-286.81022802634914
official_bc,43,420,-294.20739244696085
official_bc,43,421,-291.2644255258687
official_bc,43,422,-289.7169594374158
official_bc,43,423,-296.90084278612653
official_bc,43,424,-294.12304303751176
official_bc,43,425,-281.8261683724978
official_bc,43,426,-288.66796206870066
official_bc,43,427,-290.10882371152064
official_bc,43,428,-295.13102188202834
official_bc,43,429,-287.79855802016226
official_bc,43,430,-297.70086246159843
official_bc,43,431,-291.30823696479445
official_bc,43,432,-292.4727241150835
official_bc,43,433,-292.0763018704591
official_bc,43,434,-294.0066568526005
official_bc,43,435,-290.0354848736583
official_bc,43,436,-288.8546615164664
official_bc,43,437,-287.65875612744657
official_bc,43,438,-291.1427562196298
official_bc,43,439,-290.3934774330014
official_bc,43,440,-285.72372537612705
official_bc,43,441,-290.6203329248346
official_bc,43,442,-286.36157246414643
official_bc,43,443,-281.7957388547528
official_bc,43,444,-286.17216943020316
official_bc,43,445,-288.37737379005415
official_bc,43,446,-291.26447660852943
official_bc,43,447,-284.676333038315
official_bc,43,448,-293.541837556247
official_bc,43,449,-293.0384056720897
official_bc,43,450,-277.4126727797783
official_bc,43,451,-297.0490825769215
official_bc,43,452,-293.77171673433406
official_bc,43,453,-281.34466416810415
official_bc,43,454,-284.7366269266829
official_bc,43,455,-287.7961898523695
official_bc,43,456,-293.38809857268643
official_bc,43,457,-296.05706608361834
official_bc,43,458,-291.80550263231265
official_bc,43,459,-289.8888539104311
official_bc,43,460,-287.08451278542947
official_bc,43,461,-287.3287089897761
official_bc,43,462,-287.2781467402916
official_bc,43,463,-288.99145392039975
official_bc,43,464,-290.92542919073344
official_bc,43,465,-289.4039272124504
official_bc,43,466,-283.1349329118311
official_bc,43,467,-290.88740151590537
official_bc,43,468,-274.583302126362
official_bc,43,469,-275.42086087599864
official_bc,43,470,-289.66103687906866
official_bc,43,471,-278.3409275728366
official_bc,43,472,-278.4324582073715
official_bc,43,473,-277.706450295835
official_bc,43,474,-289.0222010642544
official_bc,43,475,-281.94263650076135
official_bc,43,476,-288.4647035323047
official_bc,43,477,-285.28340343279933
official_bc,43,478,-297.5754657364357
official_bc,43,479,-297.9626176799511
official_bc,43,480,-294.281267162163
official_bc,43,481,-293.3901646835043
official_bc,43,482,-292.9058143584688
official_bc,43,483,-287.5399092866826
official_bc,43,484,-281.8758905199747
official_bc,43,485,-293.7864004261978
official_bc,43,486,-289.42847135797524
official_bc,43,487,-287.82425644725765
official_bc,43,488,-287.21682480283044
official_bc,43,489,-293.0480830701763
official_bc,43,490,-278.03238691257263
official_bc,43,491,-290.03126345120427
official_bc,43,492,-283.7117916056766
official_bc,43,493,-292.0445271880644
official_bc,43,494,-286.986556538935
official_bc,43,495,-289.76592836488106
official_bc,43,496,-289.9365044716541
official_bc,43,497,-281.43803940655323
official_bc,43,498,-292.643680541311
official_bc,43,499,-288.7088395987379
official_bc,43,500,-295.2268809405098
official_bc,43,501,-295.0207113365275
official_bc,43,502,-290.37283296716924
official_bc,43,503,-285.640498728956
official_bc,43,504,-295.9697890111523
official_bc,43,505,-297.03669875321293
official_bc,43,506,-290.62102706036245
official_bc,43,507,-287.8315932323185
official_bc,43,508,-293.6914584500632
official_bc,43,509,-294.05251169063547
official_bc,43,510,-294.1004408371766
official_bc,43,511,-283.0773375378314
official_bc,43,512,-288.5766166303044
official_bc,43,513,-286.3204581640042
official_bc,43,514,-291.8631904173991
official_bc,43,515,-291.7188904694621
official_bc,43,516,-284.49413157377825
official_bc,43,517,-294.5888393087632
official_bc,43,518,-289.99654949703404
official_bc,43,519,-292.9732788658114
official_bc,43,520,-293.2168466435568
official_bc,43,521,-286.4239343524281
official_bc,43,522,-282.4360708722122
official_bc,43,523,-291.83410187875575
official_bc,43,524,-286.37324372325935
official_bc,43,525,-293.80011939588474
official_bc,43,526,-292.7566462650179
official_bc,43,527,-290.4392083282969
official_bc,43,528,-291.4033150431451
official_bc,43,529,-289.3722407994397
official_bc,43,530,-284.27521403759766
official_bc,43,531,-293.4037025715277
official_bc,43,532,-286.4671838316232
official_bc,43,533,-287.1972498726325
official_bc,43,534,-289.40192785655995
official_bc,43,535,-289.3053743097727
official_bc,43,536,-288.44942615218946
official_bc,43,537,-281.83539605660144
official_bc,43,538,-276.690746053075
official_bc,43,539,-288.94739902137877
official_bc,43,540,-289.13061335656073
official_bc,43,541,-294.0313822575898
official_bc,43,542,-291.42141315443
official_bc,43,543,-283.887670130331
official_bc,43,544,-276.7895816068939
official_bc,43,545,-286.92634920994175
official_bc,43,546,-290.95981880448926
official_bc,43,547,-293.35422156412113
official_bc,43,548,-289.1515959284335
official_bc,43,549,-289.2605577197152
official_bc,43,550,-296.17419822834086
official_bc,43,551,-288.83516201932474
official_bc,43,552,-290.3091417873391
official_bc,43,553,-290.6126143004491
official_bc,43,554,-284.21314623838043
official_bc,43,555,-287.72708554157737
official_bc,43,556,-292.92986585448875
official_bc,43,557,-288.6636497038237
official_bc,43,558,-292.85570774810014
official_bc,43,559,-287.9740857327746
official_bc,43,560,-287.69241913155
official_bc,43,561,-290.4742061266709
official_bc,43,562,-290.3723133063188
official_bc,43,563,-286.71582764813127
official_bc,43,564,-287.5145231424392
official_bc,43,565,-295.59581252683705
official_bc,43,566,-282.6261560056435
official_bc,43,567,-286.62947760716474
official_bc,43,568,-293.4336605520331
official_bc,43,569,-286.5937433213384
official_bc,43,570,-294.6431615903434
official_bc,43,571,-289.4641258715002
official_bc,43,572,-286.1038454619136
official_bc,43,573,-287.88447365800175
official_bc,43,574,-290.24016983532795
official_bc,43,575,-288.9313148176469
official_bc,43,576,-288.9801477188348
official_bc,43,577,-277.565184501929
official_bc,43,578,-290.6237173308508
official_bc,43,579,-283.8763216429213
official_bc,43,580,-292.649634591785
official_bc,43,581,-288.32497166182674
official_bc,43,582,-286.0836939910937
official_bc,43,583,-286.9887319350291
official_bc,43,584,-289.6079814605597
official_bc,43,585,-291.4779586936805
official_bc,43,586,-289.9613342803591
official_bc,43,587,-286.52551538953486
official_bc,43,588,-286.2143430079861
official_bc,43,589,-291.38107537303586
official_bc,43,590,-289.56256494989816
official_bc,43,591,-285.4067901511796
official_bc,43,592,-292.66049007682545
official_bc,43,593,-288.7225421020928
official_bc,43,594,-277.1660617618866
official_bc,43,595,-279.3154191516974
official_bc,43,596,-276.44190400603304
official_bc,43,597,-293.23491075704567
official_bc,43,598,-292.8294631222352
official_bc,43,599,-279.4555290497113
official_bc,43,600,-290.62203625209287
official_bc,43,601,-286.835732956913
official_bc,43,602,-290.818833245204
official_bc,43,603,-291.1590834984933
official_bc,43,604,-285.63253235799846
official_bc,43,605,-291.8127032615672
official_bc,43,606,-289.8014310479567
official_bc,43,607,-291.3470300620227
official_bc,43,608,-289.6799213489256
official_bc,43,609,-286.4608005292106
official_bc,43,610,-290.86170883384017
official_bc,43,611,-282.86304883742827
official_bc,43,612,-287.2438246992772
official_bc,43,613,-289.72197681534004
official_bc,43,614,-286.43074513931094
official_bc,43,615,-287.94802873131516
official_bc,43,616,-293.88524699032
official_bc,43,617,-281.0795039729442
official_bc,43,618,-295.7068229098579
official_bc,43,619,-290.2011871258169
official_bc,43,620,-291.34478697871083
official_bc,43,621,-284.31847588739623
official_bc,43,622,-291.51723209280783
official_bc,43,623,-289.3178435658242
official_bc,43,624,-284.8100034731895
official_bc,43,625,-288.83313096193655
official_bc,43,626,-295.00032906010154
official_bc,43,627,-287.39099136024583
official_bc,43,628,-288.4931720842693
official_bc,43,629,-292.05567727871926
official_bc,43,630,-285.6852764660489
official_bc,43,631,-289.18010503346767
official_bc,43,632,-290.90232792325367
official_bc,43,633,-283.7957717551318
official_bc,43,634,-289.36932076120803
official_bc,43,635,-280.1215113270194
official_bc,43,636,-288.2472224934972
official_bc,43,637,-282.74382291039876
official_bc,43,638,-296.5815362174572
official_bc,43,639,-285.4694539954494
official_bc,43,640,-292.30558971210115
official_bc,43,641,-289.0361186354476
official_bc,43,642,-283.7382473109562
official_bc,43,643,-294.4789887618373
official_bc,43,644,-289.1164514295723
official_bc,43,645,-296.3244049928509
official_bc,43,646,-290.29587585162193
official_bc,43,647,-288.3027536542736
official_bc,43,648,-288.2142765454037
official_bc,43,649,-284.9355261140295
official_bc,43,650,-290.3465886389603
official_bc,43,651,-285.67730193281034
official_bc,43,652,-291.35631462776803
official_bc,43,653,-290.5429145867769
official_bc,43,654,-289.16519732819756
official_bc,43,655,-291.6794448780824
official_bc,43,656,-287.8524537664446
official_bc,43,657,-283.10975719362204
official_bc,43,658,-290.7634051466682
official_bc,43,659,-283.9999415302272
official_bc,43,660,-292.66101026354374
official_bc,43,661,-286.27600275096034
official_bc,43,662,-281.3630793159046
official_bc,43,663,-292.42187037884
official_bc,43,664,-294.2912837037211
official_bc,43,665,-279.9810379985361
official_bc,43,666,-287.9593239396593
official_bc,43,667,-294.3629638995551
official_bc,43,668,-293.8210253729541
official_bc,43,669,-293.32293466990143
official_bc,43,670,-289.1559386294274
official_bc,43,671,-295.5065708067261
official_bc,43,672,-276.7540211855861
official_bc,43,673,-280.6086649836887
official_bc,43,674,-285.87557044530627
official_bc,43,675,-291.28658650081934
official_bc,43,676,-290.9023626375795
official_bc,43,677,-284.6243072395833
official_bc,43,678,-290.480232290416
official_bc,43,679,-276.0249543179595
official_bc,43,680,-282.60801791574755
official_bc,43,681,-292.49736833981234
official_bc,43,682,-292.0524418768655
official_bc,43,683,-296.03643335643653
official_bc,43,684,-288.98829645237424
official_bc,43,685,-296.49110763157046
official_bc,43,686,-272.2762684535535
official_bc,43,687,-288.2682542760738
official_bc,43,688,-286.8102226604623
official_bc,43,689,-291.922147573399
official_bc,43,690,-289.973942445123
official_bc,43,691,-287.2833545641456
official_bc,43,692,-283.5347209774248
official_bc,43,693,-284.8831696918619
official_bc,43,694,-293.4442571969363
official_bc,43,695,-287.97946896623324
official_bc,43,696,-293.86852128341513
official_bc,43,697,-293.7437442319288
official_bc,43,698,-294.19317057658003
official_bc,43,699,-279.6562771027615
official_bc,43,700,-297.5075437315975
official_bc,43,701,-296.1805538759652
official_bc,43,702,-296.2683537031752
official_bc,43,703,-290.39025322124485
official_bc,43,704,-287.8787569587306
official_bc,43,705,-293.1344824921784
official_bc,43,706,-292.41117481885556
official_bc,43,707,-289.6739075963882
official_bc,43,708,-289.68990140649004
official_bc,43,709,-287.7049130770761
official_bc,43,710,-290.7779429828678
official_bc,43,711,-283.5166437354886
official_bc,43,712,-293.6013213615603
official_bc,43,713,-289.84064053987913
official_bc,43,714,-290.60689648981963
official_bc,43,715,-285.59468577545863
official_bc,43,716,-281.89200453730564
official_bc,43,717,-283.7060534760739
official_bc,43,718,-285.01344973135383
official_bc,43,719,-280.6323548835343
official_bc,43,720,-292.7057965592176
official_bc,43,721,-285.42782764205367
official_bc,43,722,-289.4584821867296
official_bc,43,723,-285.08111194491863
official_bc,43,724,-292.47627332510206
official_bc,43,725,-278.0500638848221
official_bc,43,726,-292.41402731173537
official_bc,43,727,-288.1380014010008
official_bc,43,728,-294.17817358009466
official_bc,43,729,-296.55164928357976
official_bc,43,730,-286.3124072364174
official_bc,43,731,-285.6199191122723
official_bc,43,732,-296.7169656631809
official_bc,43,733,-290.6477257747535
official_bc,43,734,-290.8240340835488
official_bc,43,735,-288.4189934169917
official_bc,43,736,-288.8535610611026
official_bc,43,737,-293.33341266554123
official_bc,43,738,-293.11021495397955
official_bc,43,739,-282.10674806680385
official_bc,43,740,-281.90967542286813
official_bc,43,741,-291.1552905686832
official_bc,43,742,-288.31413645282606
official_bc,43,743,-280.4493592064161
official_bc,43,744,-290.0936809915882
official_bc,43,745,-279.071764989558
official_bc,43,746,-292.06361498955454
official_bc,43,747,-287.72518216755134
official_bc,43,748,-289.73057548247374
official_bc,43,749,-283.87449996314206
official_bc,43,750,-287.95091291164124
official_bc,43,751,-287.8931717937316
official_bc,43,752,-293.28891405155304
official_bc,43,753,-294.08775748801156
official_bc,43,754,-287.13465047403474
official_bc,43,755,-284.0797762945299
official_bc,43,756,-289.80537988181123
official_bc,43,757,-283.84232444655714
official_bc,43,758,-291.2085176988613
official_bc,43,759,-286.2622788520506
official_bc,43,760,-284.74206522202604
official_bc,43,761,-287.6052161883248
official_bc,43,762,-287.30672850243184
official_bc,43,763,-292.9428488329856
official_bc,43,764,-289.6369214423228
official_bc,43,765,-286.8473509487634
official_bc,43,766,-294.04320772642114
official_bc,43,767,-289.30061856645153
official_bc,43,768,-294.56081430691677
official_bc,43,769,-291.18846291635543
official_bc,43,770,-290.4853542034794
official_bc,43,771,-290.3198469928796
official_bc,43,772,-281.63263647846253
official_bc,43,773,-284.3614805605303
official_bc,43,774,-293.4291420754056
official_bc,43,775,-291.6372680077772
official_bc,43,776,-287.34180628664365
official_bc,43,777,-284.0649792610393
official_bc,43,778,-288.2451263348974
official_bc,43,779,-284.0564279533679
official_bc,43,780,-289.36556401179723
official_bc,43,781,-291.63123824544437
official_bc,43,782,-291.4194222647798
official_bc,43,783,-283.37294882125786
official_bc,43,784,-294.63381421920525
official_bc,43,785,-276.75360507048265
official_bc,43,786,-290.9894935947452
official_bc,43,787,-298.5617780482754
official_bc,43,788,-283.36812661678874
official_bc,43,789,-287.0584378796746
official_bc,43,790,-291.50462930607864
official_bc,43,791,-290.53348511287766
official_bc,43,792,-289.6792019178922
official_bc,43,793,-292.76604819998886
official_bc,43,794,-292.9874867208083
official_bc,43,795,-294.65211933717694
official_bc,43,796,-289.53581454886154
official_bc,43,797,-290.2494865569728
official_bc,43,798,-290.3152294069966
official_bc,43,799,-289.8613211963417
official_bc,43,800,-278.1956188438261
official_bc,43,801,-287.528453559248
official_bc,43,802,-289.12027699804383
official_bc,43,803,-284.7956034237377
official_bc,43,804,-287.0721237912995
official_bc,43,805,-285.65481667010476
official_bc,43,806,-290.72396099787136
official_bc,43,807,-293.1275187497397
official_bc,43,808,-292.88062141705393
official_bc,43,809,-295.33768549647215
official_bc,43,810,-289.28457232465075
official_bc,43,811,-291.61899746542053
official_bc,43,812,-282.50861637385304
official_bc,43,813,-293.88667530983275
official_bc,43,814,-294.5840530899916
official_bc,43,815,-287.74106048152413
official_bc,43,816,-278.60304242522227
official_bc,43,817,-295.275879181302
official_bc,43,818,-284.7557641152373
official_bc,43,819,-294.3766066562673
official_bc,43,820,-290.04081120649784
official_bc,43,821,-289.27524670948446
official_bc,43,822,-290.4562349846956
official_bc,43,823,-294.87558053607074
official_bc,43,824,-289.8912644008103
official_bc,43,825,-290.2930317646495
official_bc,43,826,-292.2748576975535
official_bc,43,827,-290.7143510974727
official_bc,43,828,-284.3492368000067
official_bc,43,829,-279.81754451177306
official_bc,43,830,-294.53503039761387
official_bc,43,831,-293.1907129980843
official_bc,43,832,-286.8337812388719
official_bc,43,833,-283.1139740180997
official_bc,43,834,-279.4308963291278
official_bc,43,835,-290.61640241041067
official_bc,43,836,-295.44749644819706
official_bc,43,837,-293.4016683054467
official_bc,43,838,-298.40886073713637
official_bc,43,839,-290.01896739361825
official_bc,43,840,-293.8566048619457
official_bc,43,841,-297.86671475720004
official_bc,43,842,-290.4172942984818
official_bc,43,843,-294.4377371407203
official_bc,43,844,-290.80561138665144
official_bc,43,845,-299.9238182198341
official_bc,43,846,-287.72409802410857
official_bc,43,847,-287.7225568547202
official_bc,43,848,-292.9635821163243
official_bc,43,849,-285.4807510136166
official_bc,43,850,-282.8140964970094
official_bc,43,851,-283.92963282429434
official_bc,43,852,-288.5678867544907
official_bc,43,853,-292.6223747419979
official_bc,43,854,-276.72871580022104
official_bc,43,855,-285.92941717955665
official_bc,43,856,-289.578842542703
official_bc,43,857,-286.5874646113298
official_bc,43,858,-290.02612710895113
official_bc,43,859,-287.71071694980833
official_bc,43,860,-290.10330941197196
official_bc,43,861,-287.1652599456029
official_bc,43,862,-290.30705801391036
official_bc,43,863,-280.7777862265583
official_bc,43,864,-296.9744787210858
official_bc,43,865,-294.1792645834007
official_bc,43,866,-288.5204772209089
official_bc,43,867,-297.7587634646543
official_bc,43,868,-285.90058364147563
official_bc,43,869,-291.4173806495048
official_bc,43,870,-290.25092302726677
official_bc,43,871,-293.106907004322
official_bc,43,872,-288.60401077218216
official_bc,43,873,-290.21630251056513
official_bc,43,874,-283.2145218812912
official_bc,43,875,-281.9956026525889
official_bc,43,876,-291.09014974373014
official_bc,43,877,-277.44164131305746
official_bc,43,878,-289.5082781729539
official_bc,43,879,-284.5016414389161
official_bc,43,880,-291.3606901317647
official_bc,43,881,-285.81272027830994
official_bc,43,882,-284.1851034113738
official_bc,43,883,-289.1122014456745
official_bc,43,884,-291.7053453398156
official_bc,43,885,-269.08555977832145
official_bc,43,886,-287.99134651032233
official_bc,43,887,-290.5785774793364
official_bc,43,888,-280.92984603871236
official_bc,43,889,-290.09490578757266
official_bc,43,890,-283.8253864661207
official_bc,43,891,-296.84136807058576
official_bc,43,892,-292.963829888342
official_bc,43,893,-287.09736610178845
official_bc,43,894,-289.9488367294995
official_bc,43,895,-291.5903903990486
official_bc,43,896,-293.09483687628506
official_bc,43,897,-288.44818297491304
official_bc,43,898,-283.97624825407775
official_bc,43,899,-292.70347975485834
official_bc,43,900,-287.5097020383375
official_bc,43,901,-293.1251881499154
official_bc,43,902,-287.0849455913497
official_bc,43,903,-286.95147017093535
official_bc,43,904,-279.1224945103941
official_bc,43,905,-283.7952049857097
official_bc,43,906,-290.1403666487601
official_bc,43,907,-285.0600665340886
official_bc,43,908,-285.6352317546232
official_bc,43,909,-284.04519776049426
official_bc,43,910,-291.75305443865665
official_bc,43,911,-285.6181448869386
official_bc,43,912,-282.60006961069263
official_bc,43,913,-287.4215337325146
official_bc,43,914,-290.34521390437203
official_bc,43,915,-285.8239056398919
official_bc,43,916,-296.10793072486547
official_bc,43,917,-292.4263258287391
official_bc,43,918,-296.69810157774907
official_bc,43,919,-293.9971084042561
official_bc,43,920,-285.9625108176041
official_bc,43,921,-290.3109875326956
official_bc,43,922,-296.891602225635
official_bc,43,923,-283.17750294501917
official_bc,43,924,-288.7772563878465
official_bc,43,925,-294.1979840920309
official_bc,43,926,-289.97767968361984
official_bc,43,927,-291.09337424198077
official_bc,43,928,-288.80670425132837
official_bc,43,929,-290.9774757214138
official_bc,43,930,-283.26880901226605
official_bc,43,931,-290.96687591521703
official_bc,43,932,-282.09723944825816
official_bc,43,933,-285.20451119440906
official_bc,43,934,-292.5736291335478
official_bc,43,935,-291.3752810426535
official_bc,43,936,-288.33679130409723
official_bc,43,937,-296.91484480896077
official_bc,43,938,-291.16823095615865
official_bc,43,939,-286.43641027133515
official_bc,43,940,-280.33083365452904
official_bc,43,941,-285.0965556389004
official_bc,43,942,-286.65315274505673
official_bc,43,943,-286.73296171220153
official_bc,43,944,-287.96241094828827
official_bc,43,945,-288.7954554668904
official_bc,43,946,-282.07042072299663
official_bc,43,947,-289.9894365396875
official_bc,43,948,-285.256171562784
official_bc,43,949,-296.8436090007429
official_bc,43,950,-271.0105133736604
official_bc,43,951,-295.6956680651604
official_bc,43,952,-283.114314435544
official_bc,43,953,-286.162407570651
official_bc,43,954,-295.438804759286
official_bc,43,955,-290.5425100067187
official_bc,43,956,-289.1014183516751
official_bc,43,957,-287.74878122046
official_bc,43,958,-291.8572444967803
official_bc,43,959,-292.1544659942956
official_bc,43,960,-297.3932752541018
official_bc,43,961,-285.51867915246555
official_bc,43,962,-289.9120951857926
official_bc,43,963,-290.43210039706395
official_bc,43,964,-284.6830774856968
official_bc,43,965,-284.46553583254916
official_bc,43,966,-290.2136098296931
official_bc,43,967,-286.96865161215305
official_bc,43,968,-281.9693607834298
official_bc,43,969,-291.1337575296512
official_bc,43,970,-283.05480023139137
official_bc,43,971,-287.7488622680829
official_bc,43,972,-281.2252089146811
official_bc,43,973,-287.2256625994727
official_bc,43,974,-293.10535528385884
official_bc,43,975,-284.99468098792283
official_bc,43,976,-280.8431828944833
official_bc,43,977,-294.0781644383119
official_bc,43,978,-293.861017108792
official_bc,43,979,-296.2330688878746
official_bc,43,980,-287.0382182533333
official_bc,43,981,-289.15004356543795
official_bc,43,982,-283.0088478448233
official_bc,43,983,-294.78991289762337
official_bc,43,984,-293.852525264501
official_bc,43,985,-291.56939657387954
official_bc,43,986,-292.4947545677718
official_bc,43,987,-290.92254704810415
official_bc,43,988,-293.9340616795482
official_bc,43,989,-291.59983276250733
official_bc,43,990,-290.52238114291
official_bc,43,991,-282.7817813745138
official_bc,43,992,-282.98122776189643
official_bc,43,993,-285.458548682327
official_bc,43,994,-285.92419031958485
official_bc,43,995,-286.941911231761
official_bc,43,996,-289.929430672675
official_bc,43,997,-278.25750901810466
official_bc,43,998,-291.026608660793
official_bc,43,999,-284.00345874956025
official_bc,43,1000,-292.0302798507689
official_bc,44,1,-223.3634196583502
official_bc,44,2,-199.3775095969787
official_bc,44,3,-197.70268511057995
official_bc,44,4,-194.8219779443491
official_bc,44,5,-222.2778943131043
official_bc,44,6,-193.13343920724645
official_bc,44,7,-173.88681155955123
official_bc,44,8,-226.18722265408218
official_bc,44,9,-187.75095816387994
official_bc,44,10,-174.38516259890338
official_bc,44,11,-267.2978263634152
official_bc,44,12,-260.5438316584173
official_bc,44,13,-215.44507917995486
official_bc,44,14,-316.1163356733425
official_bc,44,15,-265.1249463295856
official_bc,44,16,-250.94917903885852
official_bc,44,17,-301.6067032642834
official_bc,44,18,-257.0803763561991
official_bc,44,19,-278.2807604735467
official_bc,44,20,-294.4429060220603
official_bc,44,21,-260.69065542660223
official_bc,44,22,-265.5806021469624
official_bc,44,23,-192.92944828733152
official_bc,44,24,-228.5079295815704
official_bc,44,25,-280.01122838825887
official_bc,44,26,-311.9726245571484
official_bc,44,27,-231.22919994623265
official_bc,44,28,-208.32958533964194
official_bc,44,29,-240.31744008253435
official_bc,44,30,-326.90468634355165
official_bc,44,31,-216.29822496509797
official_bc,44,32,-178.8264585215511
official_bc,44,33,-310.9127476951087
official_bc,44,34,-304.1330346160588
official_bc,44,35,-302.22337841337776
official_bc,44,36,-304.49730777517397
official_bc,44,37,-299.44766082956613
official_bc,44,38,-292.3664877511375
official_bc,44,39,-271.2467985707734
official_bc,44,40,-286.43770785454825
official_bc,44,41,-285.64474371148856
official_bc,44,42,-276.4864703866529
official_bc,44,43,-279.1016214247404
official_bc,44,44,-260.81895015205146
official_bc,44,45,-264.9306390415502
official_bc,44,46,-264.8666609869971
official_bc,44,47,-269.0342179011577
official_bc,44,48,-255.33349798824804
official_bc,44,49,-258.55275675842427
official_bc,44,50,-255.3734515642671
official_bc,44,51,-249.64254123076546
official_bc,44,52,-257.15916597528604
official_bc,44,53,-259.81446399363847
official_bc,44,54,-260.3416189826676
official_bc,44,55,-268.71137905915396
official_bc,44,56,-278.580200093631
official_bc,44,57,-273.88179924301403
official_bc,44,58,-289.80630154023004
official_bc,44,59,-296.59984042758856
official_bc,44,60,-292.69633359589534
official_bc,44,61,-297.05785238136406
official_bc,44,62,-296.1794134884393
official_bc,44,63,-301.0256060640453
official_bc,44,64,-293.9804798059701
official_bc,44,65,-290.4909852994472
official_bc,44,66,-286.1681804836542
official_bc,44,67,-287.68059870415993
official_bc,44,68,-288.5835439552738
official_bc,44,69,-281.054436520449
official_bc,44,70,-282.30799969643385
official_bc,44,71,-278.90788553702924
official_bc,44,72,-277.30413992601837
official_bc,44,73,-281.53198814208724
official_bc,44,74,-282.7116436989208
official_bc,44,75,-273.8605694907782
official_bc,44,76,-288.26115323624185
official_bc,44,77,-286.5629498826099
official_bc,44,78,-284.4968229673679
official_bc,44,79,-284.8061398499806
official_bc,44,80,-287.00154932319197
official_bc,44,81,-287.32683762240475
official_bc,44,82,-292.4790847386568
official_bc,44,83,-284.0620097112854
official_bc,44,84,-279.5156011979933
official_bc,44,85,-287.48063780506527
official_bc,44,86,-284.0400927684573
official_bc,44,87,-292.9517476135533
official_bc,44,88,-285.48071684170225
official_bc,44,89,-294.4126071192357
official_bc,44,90,-291.0659082570286
official_bc,44,91,-290.9806633143925
official_bc,44,92,-290.7522187498124
official_bc,44,93,-290.672004431519
official_bc,44,94,-295.7519119111122
official_bc,44,95,-291.34457088045707
official_bc,44,96,-286.06171691091674
official_bc,44,97,-284.88714717884966
official_bc,44,98,-287.55601579826293
official_bc,44,99,-292.37419902956503
official_bc,44,100,-293.35383362336927
official_bc,44,101,-288.00448001443834
official_bc,44,102,-278.7165641967959
official_bc,44,103,-287.1240673469068
official_bc,44,104,-290.17873559669505
official_bc,44,105,-289.37870196227567
official_bc,44,106,-281.88309515007336
official_bc,44,107,-289.7918087333085
official_bc,44,108,-287.0522403918714
official_bc,44,109,-282.6781099066386
official_bc,44,110,-283.72152817247655
official_bc,44,111,-286.4415345279375
official_bc,44,112,-280.9480900809734
official_bc,44,113,-274.5873281830951
official_bc,44,114,-291.5916489299834
official_bc,44,115,-279.8249594087627
official_bc,44,116,-287.69972291487755
official_bc,44,117,-291.4920547988353
official_bc,44,118,-293.8917704337575
official_bc,44,119,-285.28079783033
official_bc,44,120,-287.6029617436715
official_bc,44,121,-290.0759977869485
official_bc,44,122,-276.2598394152955
official_bc,44,123,-282.28525731412765
official_bc,44,124,-291.15693148495336
official_bc,44,125,-273.6722218439781
official_bc,44,126,-292.72191269311884
official_bc,44,127,-293.9972330861783
official_bc,44,128,-288.9227233132496
official_bc,44,129,-292.9399180672864
official_bc,44,130,-274.6434183621211
official_bc,44,131,-291.26493081105906
official_bc,44,132,-289.484531043502
official_bc,44,133,-292.21570518804543
official_bc,44,134,-284.25802627036774
official_bc,44,135,-289.5227375568908
official_bc,44,136,-285.6925687914299
official_bc,44,137,-287.7265759196017
official_bc,44,138,-294.5701425521049
official_bc,44,139,-288.42810656375764
official_bc,44,140,-287.63795189390095
official_bc,44,141,-287.672829746978
official_bc,44,142,-294.2346788490577
official_bc,44,143,-282.24252730436956
official_bc,44,144,-279.8062337387562
official_bc,44,145,-288.4373992940641
official_bc,44,146,-294.3303002221054
official_bc,44,147,-291.7313535208182
official_bc,44,148,-293.81427971594405
official_bc,44,149,-291.45157355550333
official_bc,44,150,-293.7642664402622
official_bc,44,151,-295.4126643810231
official_bc,44,152,-291.55998314662344
official_bc,44,153,-294.7366556256607
official_bc,44,154,-285.83220008758224
official_bc,44,155,-287.654523560244
official_bc,44,156,-282.25239582128177
official_bc,44,157,-287.6903239546191
official_bc,44,158,-295.4942648794542
official_bc,44,159,-282.90416477524656
official_bc,44,160,-287.8821866230701
official_bc,44,161,-289.08443688454713
official_bc,44,162,-289.5315235378339
official_bc,44,163,-287.95660689764566
official_bc,44,164,-292.6301050859163
official_bc,44,165,-287.51809197128966
official_bc,44,166,-285.3541371775677
official_bc,44,167,-282.3133947367006
official_bc,44,168,-291.1171703635865
official_bc,44,169,-287.1239623685154
official_bc,44,170,-282.5568199778061
official_bc,44,171,-288.9837092907071
official_bc,44,172,-287.00730250852143
official_bc,44,173,-296.6726283779916
official_bc,44,174,-286.91077432379507
official_bc,44,175,-289.21598913521007
official_bc,44,176,-292.41237727539175
official_bc,44,177,-287.7995595296883
official_bc,44,178,-293.08199545975725
official_bc,44,179,-279.0302858158362
official_bc,44,180,-293.2355029115667
official_bc,44,181,-288.4659429772276
official_bc,44,182,-281.8900671054896
official_bc,44,183,-292.4140678974627
official_bc,44,184,-288.03172029330034
official_bc,44,185,-281.8996432394208
official_bc,44,186,-286.92601883896253
official_bc,44,187,-292.5218990844073
official_bc,44,188,-289.3442849149892
official_bc,44,189,-282.1238770838364
official_bc,44,190,-281.9485629682581
official_bc,44,191,-286.69386263481874
official_bc,44,192,-288.8350634956145
official_bc,44,193,-282.6883714875729
official_bc,44,194,-290.6351714984872
official_bc,44,195,-282.57765858186013
official_bc,44,196,-282.0515178461039
official_bc,44,197,-295.32502625323764
official_bc,44,198,-273.93773616282067
official_bc,44,199,-297.0359119685933
official_bc,44,200,-292.32057964757826
official_bc,44,201,-290.5867010447138
official_bc,44,202,-293.640559670493
official_bc,44,203,-291.21200416524005
official_bc,44,204,-288.2875098725075
official_bc,44,205,-289.4567465180302
official_bc,44,206,-288.6242464178713
official_bc,44,207,-289.93863144714754
official_bc,44,208,-286.28313478563484
official_bc,44,209,-293.06403399362273
official_bc,44,210,-287.07632866899553
official_bc,44,211,-287.0782035955084
official_bc,44,212,-291.7011476438462
official_bc,44,213,-282.6097457584049
official_bc,44,214,-286.8536482051933
official_bc,44,215,-292.63325732295357
official_bc,44,216,-287.67921429882
official_bc,44,217,-283.7789742327172
official_bc,44,218,-273.75614133152794
official_bc,44,219,-288.1673697742031
official_bc,44,220,-291.46753596565924
official_bc,44,221,-296.38155919213403
official_bc,44,222,-295.0278356991548
official_bc,44,223,-286.5246695799156
official_bc,44,224,-295.7728144422424
official_bc,44,225,-293.5238775154085
official_bc,44,226,-293.83473082458306
official_bc,44,227,-300.33556278070523
official_bc,44,228,-293.0548701945473
official_bc,44,229,-286.15448241485745
official_bc,44,230,-286.8666255221707
official_bc,44,231,-289.2377205824787
official_bc,44,232,-282.1935636545195
official_bc,44,233,-287.07289201441336
official_bc,44,234,-289.0188285202011
official_bc,44,235,-280.5382154884996
official_bc,44,236,-286.13034535900476
official_bc,44,237,-290.2989182468697
official_bc,44,238,-292.3954586722333
official_bc,44,239,-291.25892830896055
official_bc,44,240,-286.4929978729797
official_bc,44,241,-285.12332877117785
official_bc,44,242,-288.08933796898845
official_bc,44,243,-280.7644773575982
official_bc,44,244,-284.11534046290296
official_bc,44,245,-278.26500263700643
official_bc,44,246,-292.5398210006424
official_bc,44,247,-283.4395507542896
official_bc,44,248,-281.41818160710045
official_bc,44,249,-290.6184473303324
official_bc,44,250,-294.0828701965133
official_bc,44,251,-295.1863992293511
official_bc,44,252,-293.31463360153185
official_bc,44,253,-297.11249223939456
official_bc,44,254,-289.07623943638816
official_bc,44,255,-275.1468924051631
official_bc,44,256,-294.3454153716766
official_bc,44,257,-288.0794281182806
official_bc,44,258,-288.01557761474146
official_bc,44,259,-289.7339096020519
official_bc,44,260,-290.5954471544835
official_bc,44,261,-289.05729761599355
official_bc,44,262,-288.10899979163594
official_bc,44,263,-289.7784155660813
official_bc,44,264,-291.1911939948121
official_bc,44,265,-280.23570381667486
official_bc,44,266,-286.53455884281834
official_bc,44,267,-294.7294640586348
official_bc,44,268,-273.80368972426356
official_bc,44,269,-293.87417505969563
official_bc,44,270,-288.1166980050921
official_bc,44,271,-294.0555811609874
official_bc,44,272,-290.02096418792394
official_bc,44,273,-288.94112119026465
official_bc,44,274,-295.1415977199303
official_bc,44,275,-292.22590924784265
official_bc,44,276,-294.5928070793759
official_bc,44,277,-293.29853279067174
official_bc,44,278,-288.6671388184499
official_bc,44,279,-289.74315190613345
official_bc,44,280,-282.56803802317404
official_bc,44,281,-289.77587432840784
official_bc,44,282,-289.91546482958233
official_bc,44,283,-290.3781168735882
official_bc,44,284,-293.1601333818289
official_bc,44,285,-292.9904320199291
official_bc,44,286,-273.5082937117188
official_bc,44,287,-291.9186708982206
official_bc,44,288,-288.44020226236336
official_bc,44,289,-279.21938312852296
official_bc,44,290,-285.62799120742807
official_bc,44,291,-279.70502882453263
official_bc,44,292,-293.61484395208976
official_bc,44,293,-290.25584079414665
official_bc,44,294,-294.3638892003705
official_bc,44,295,-289.9201120889263
official_bc,44,296,-292.92140954063393
official_bc,44,297,-287.5985189844623
official_bc,44,298,-292.27861482999396
official_bc,44,299,-293.9552118831612
official_bc,44,300,-292.598712892559
official_bc,44,301,-281.7805214964188
official_bc,44,302,-282.20120208622893
official_bc,44,303,-295.66750732515044
official_bc,44,304,-282.89620075164987
official_bc,44,305,-290.8766448761021
official_bc,44,306,-290.8032806046277
official_bc,44,307,-287.3980824035088
official_bc,44,308,-292.87787628634374
official_bc,44,309,-292.53493469983016
official_bc,44,310,-283.7429167374306
official_bc,44,311,-284.34669446228963
official_bc,44,312,-283.1083127435443
official_bc,44,313,-278.63853988806227
official_bc,44,314,-290.95577615168764
official_bc,44,315,-293.0173067461737
official_bc,44,316,-284.1818377310154
official_bc,44,317,-294.89273694269656
official_bc,44,318,-285.81481343912935
official_bc,44,319,-289.8305321054998
official_bc,44,320,-287.063633781788
official_bc,44,321,-298.0504828968993
official_bc,44,322,-292.7183750421712
official_bc,44,323,-290.2757690126161
official_bc,44,324,-281.3733524488758
official_bc,44,325,-292.22896509853535
official_bc,44,326,-291.4484472313633
official_bc,44,327,-280.86297248674407
official_bc,44,328,-277.65823017956427
official_bc,44,329,-295.6394899622511
official_bc,44,330,-283.1932151218947
official_bc,44,331,-292.5130343632393
official_bc,44,332,-287.2326409546424
official_bc,44,333,-285.27911813425794
official_bc,44,334,-276.82475603890725
official_bc,44,335,-289.7961101828655
official_bc,44,336,-281.3215158284323
official_bc,44,337,-295.9415890043477
official_bc,44,338,-290.033980759769
official_bc,44,339,-287.6642152960575
official_bc,44,340,-290.5815846984206
official_bc,44,341,-297.3772034948012
official_bc,44,342,-288.60399976514896
official_bc,44,343,-290.60851114122545
official_bc,44,344,-289.2789263921393
official_bc,44,345,-299.27130091978495
official_bc,44,346,-283.66333037685166
official_bc,44,347,-282.33354793926026
official_bc,44,348,-293.6863089012679
official_bc,44,349,-288.2069582350932
official_bc,44,350,-287.12848169362996
official_bc,44,351,-290.854365062429
official_bc,44,352,-296.38565189406665
official_bc,44,353,-289.6493506351439
official_bc,44,354,-291.5605698600272
official_bc,44,355,-292.98410163504747
official_bc,44,356,-289.03364537983924
official_bc,44,357,-290.8887061109731
official_bc,44,358,-285.81904587315717
official_bc,44,359,-278.49257147834055
official_bc,44,360,-289.39730296082087
official_bc,44,361,-294.67074474109063
official_bc,44,362,-293.0497726356679
official_bc,44,363,-284.3119279963354
official_bc,44,364,-286.318604595595
official_bc,44,365,-292.58212898494855
official_bc,44,366,-280.3210715249179
official_bc,44,367,-286.0265408344382
official_bc,44,368,-289.548176422781
official_bc,44,369,-290.65331137043256
official_bc,44,370,-292.2248882118138
official_bc,44,371,-288.88327321244526
official_bc,44,372,-298.12009301035926
official_bc,44,373,-287.8239989569579
official_bc,44,374,-292.69226746868367
official_bc,44,375,-293.9697722862653
official_bc,44,376,-292.5971903343654
official_bc,44,377,-286.2692921753762
official_bc,44,378,-289.9321860623091
official_bc,44,379,-293.87265232618876
official_bc,44,380,-284.49845701867076
official_bc,44,381,-285.44614445804257
official_bc,44,382,-290.2542248978848
official_bc,44,383,-286.6878768088231
official_bc,44,384,-294.16604418197
official_bc,44,385,-290.73542609830395
official_bc,44,386,-286.9701090873076
official_bc,44,387,-294.8042565363399
official_bc,44,388,-287.4870689071316
official_bc,44,389,-291.0913286612541
official_bc,44,390,-289.05581558401053
official_bc,44,391,-283.57170703282986
official_bc,44,392,-285.23373054457363
official_bc,44,393,-291.66275918942597
official_bc,44,394,-290.4467464044757
official_bc,44,395,-282.97179787218727
official_bc,44,396,-282.75812508205973
official_bc,44,397,-287.29842905626333
official_bc,44,398,-290.5056304201901
official_bc,44,399,-289.83179048512716
official_bc,44,400,-287.76069601412996
official_bc,44,401,-299.3017664554667
official_bc,44,402,-289.20683445411976
official_bc,44,403,-289.42681268554225
official_bc,44,404,-282.9347031692038
official_bc,44,405,-292.38302601404433
official_bc,44,406,-284.7349998276974
official_bc,44,407,-290.79842093352505
official_bc,44,408,-298.6987946844467
official_bc,44,409,-280.4843258553651
official_bc,44,410,-290.85758575101005
official_bc,44,411,-293.9818318707743
official_bc,44,412,-280.1938700383638
official_bc,44,413,-300.6249504021235
official_bc,44,414,-286.18588959790867
official_bc,44,415,-288.4459815467473
official_bc,44,416,-285.25902385281483
official_bc,44,417,-279.1795479412885
official_bc,44,418,-284.3014465127828
official_bc,44,419,-290.5607735583646
official_bc,44,420,-292.0133992595663
official_bc,44,421,-292.48403505777617
official_bc,44,422,-283.68058513512824
official_bc,44,423,-295.0211516993164
official_bc,44,424,-291.10374650890935
official_bc,44,425,-291.47438876454646
official_bc,44,426,-288.1536114434907
official_bc,44,427,-278.73560838277837
official_bc,44,428,-292.951388356577
official_bc,44,429,-293.505887552579
official_bc,44,430,-283.74098407749466
official_bc,44,431,-295.0444975453403
official_bc,44,432,-287.7504217809386
official_bc,44,433,-294.804368117805
official_bc,44,434,-290.93968699079375
official_bc,44,435,-285.84858014579555
official_bc,44,436,-289.482926951745
official_bc,44,437,-287.7260828899482
official_bc,44,438,-290.6630950820752
official_bc,44,439,-280.4554927810022
official_bc,44,440,-291.077269056644
official_bc,44,441,-291.4700961103284
official_bc,44,442,-292.6240989626798
official_bc,44,443,-290.8186282983816
official_bc,44,444,-291.847747034924
official_bc,44,445,-287.74907781288647
official_bc,44,446,-294.9034305634319
official_bc,44,447,-292.1301574849144
official_bc,44,448,-283.48274916962964
official_bc,44,449,-293.2141968645091
official_bc,44,450,-285.2402180247843
official_bc,44,451,-291.0797711823684
official_bc,44,452,-287.2531016587789
official_bc,44,453,-289.1249011028718
official_bc,44,454,-289.98062158845505
official_bc,44,455,-290.2748081780799
official_bc,44,456,-283.3169522110947
official_bc,44,457,-291.23787748165444
official_bc,44,458,-291.4559684496654
official_bc,44,459,-289.4571737649656
official_bc,44,460,-287.7102707706757
official_bc,44,461,-287.1034359827678
official_bc,44,462,-291.1783843499516
official_bc,44,463,-288.0574284922816
official_bc,44,464,-283.13118971739266
official_bc,44,465,-291.11084536853787
official_bc,44,466,-288.78908035590155
official_bc,44,467,-289.49638633708423
official_bc,44,468,-287.79976178888677
official_bc,44,469,-295.23432163590707
official_bc,44,470,-296.1690694202157
official_bc,44,471,-270.8850225431753
official_bc,44,472,-296.8942110063773
official_bc,44,473,-291.303635059844
official_bc,44,474,-293.63399149928597
official_bc,44,475,-286.10936036679936
official_bc,44,476,-292.850540458534
official_bc,44,477,-285.68172970184105
official_bc,44,478,-286.0872666430427
official_bc,44,479,-288.1700048486096
official_bc,44,480,-284.63301212877326
official_bc,44,481,-284.75947418979
official_bc,44,482,-284.0618704544718
official_bc,44,483,-290.4379046118882
official_bc,44,484,-283.5538251846542
official_bc,44,485,-287.52512300852413
official_bc,44,486,-294.9316832837578
official_bc,44,487,-292.64357018267725
official_bc,44,488,-285.866504110642
official_bc,44,489,-283.52294651325656
official_bc,44,490,-288.63103585048003
official_bc,44,491,-289.82755667082154
official_bc,44,492,-292.9692829135196
official_bc,44,493,-289.2625406321673
official_bc,44,494,-291.42952115315603
official_bc,44,495,-290.43410745474773
official_bc,44,496,-288.895555569762
official_bc,44,497,-289.5894215811871
official_bc,44,498,-286.5406643357477
official_bc,44,499,-291.4834030584778
official_bc,44,500,-286.0734755586108
official_bc,44,501,-287.20704622234354
official_bc,44,502,-288.1559522370256
official_bc,44,503,-285.64934570107334
official_bc,44,504,-289.8464145499455
official_bc,44,505,-290.1242780909064
official_bc,44,506,-294.5049243677202
official_bc,44,507,-292.61227109602805
official_bc,44,508,-285.0737823858719
official_bc,44,509,-288.8379589898534
official_bc,44,510,-279.30691490848244
official_bc,44,511,-281.2352646434082
official_bc,44,512,-282.54679095978486
official_bc,44,513,-285.92111654081197
official_bc,44,514,-292.18219821912095
official_bc,44,515,-284.5959388558696
official_bc,44,516,-284.16557067031744
official_bc,44,517,-291.3467916693985
official_bc,44,518,-281.20795079469497
official_bc,44,519,-288.60368990628047
official_bc,44,520,-292.8106339383188
official_bc,44,521,-296.10989844514467
official_bc,44,522,-292.38588704984096
official_bc,44,523,-292.86504882092464
official_bc,44,524,-277.8346837242246
official_bc,44,525,-292.33435243909565
official_bc,44,526,-284.8268411757235
official_bc,44,527,-295.0489285658003
official_bc,44,528,-289.9678994360764
official_bc,44,529,-292.3615343325647
official_bc,44,530,-299.4622647376895
official_bc,44,531,-290.8712981071088
official_bc,44,532,-280.7677411008575
official_bc,44,533,-283.90441786314403
official_bc,44,534,-294.4892498592431
official_bc,44,535,-284.498624571827
official_bc,44,536,-287.8613522064676
official_bc,44,537,-285.6239870964563
official_bc,44,538,-287.7661490421607
official_bc,44,539,-290.12981033790584
official_bc,44,540,-292.7224534539494
official_bc,44,541,-290.43561015939486
official_bc,44,542,-284.3456313522896
official_bc,44,543,-281.72170362842087
official_bc,44,544,-291.9027174143612
official_bc,44,545,-285.1685252459167
official_bc,44,546,-287.59859796532453
official_bc,44,547,-288.4374676367913
official_bc,44,548,-283.0431920534375
official_bc,44,549,-295.61716843394754
official_bc,44,550,-293.08792259996335
official_bc,44,551,-290.2746428622556
official_bc,44,552,-288.9559147768583
official_bc,44,553,-291.7281612729378
official_bc,44,554,-293.0936466001018
official_bc,44,555,-294.0582952093916
official_bc,44,556,-293.65226804078725
official_bc,44,557,-290.7008523092916
official_bc,44,558,-295.1418077179574
official_bc,44,559,-278.2364118189786
official_bc,44,560,-271.90033953795364
official_bc,44,561,-286.1203124564828
official_bc,44,562,-289.3946593970558
official_bc,44,563,-285.3617569805304
official_bc,44,564,-286.6569524724204
official_bc,44,565,-287.624463508875
official_bc,44,566,-290.8723910015626
official_bc,44,567,-281.91982912595455
official_bc,44,568,-290.488043527472
official_bc,44,569,-286.4395837706412
official_bc,44,570,-272.97269850562225
official_bc,44,571,-290.99465951466544
official_bc,44,572,-297.53724525596647
official_bc,44,573,-289.98282292438887
official_bc,44,574,-286.9828017273345
official_bc,44,575,-277.78033346680724
official_bc,44,576,-294.7993198943275
official_bc,44,577,-282.143866764721
official_bc,44,578,-283.97526559205505
official_bc,44,579,-287.4611437972204
official_bc,44,580,-286.85206640569317
official_bc,44,581,-282.6156479328627
official_bc,44,582,-285.41141313635694
official_bc,44,583,-291.7302534334281
official_bc,44,584,-284.21349059313576
official_bc,44,585,-294.0425706893214
official_bc,44,586,-292.1190539190202
official_bc,44,587,-268.90294938347006
official_bc,44,588,-290.4846814397371
official_bc,44,589,-292.0586527248473
official_bc,44,590,-296.5448046083792
official_bc,44,591,-289.73824740508275
official_bc,44,592,-274.2884650193098
official_bc,44,593,-298.225564990576
official_bc,44,594,-277.23889881499576
official_bc,44,595,-284.6932561284069
official_bc,44,596,-288.7705280519637
official_bc,44,597,-294.63862682892625
official_bc,44,598,-283.87755133702285
official_bc,44,599,-287.06775171667454
official_bc,44,600,-285.7477300023445
official_bc,44,601,-284.14785664298074
official_bc,44,602,-283.4272178980656
official_bc,44,603,-274.2012519402785
official_bc,44,604,-292.6254587042158
official_bc,44,605,-289.8836819860169
official_bc,44,606,-285.4992675279264
official_bc,44,607,-296.5945963024978
official_bc,44,608,-293.05932048233933
official_bc,44,609,-292.58282014043607
official_bc,44,610,-287.32710913304345
official_bc,44,611,-295.18625073654
official_bc,44,612,-289.7485721383347
official_bc,44,613,-283.2761039797687
official_bc,44,614,-288.8829551709968
official_bc,44,615,-290.64504341449896
official_bc,44,616,-278.58400981406396
official_bc,44,617,-290.1017421699695
official_bc,44,618,-285.8080073400885
official_bc,44,619,-287.67004081542984
official_bc,44,620,-291.85674540344723
official_bc,44,621,-289.0320881364664
official_bc,44,622,-295.28481446818154
official_bc,44,623,-291.5055703449667
official_bc,44,624,-289.1989951690674
official_bc,44,625,-292.89573470814076
official_bc,44,626,-287.3129514239021
official_bc,44,627,-296.78558665662945
official_bc,44,628,-286.53088058131976
official_bc,44,629,-287.86653060858066
official_bc,44,630,-285.81143029359936
official_bc,44,631,-281.5403721004112
official_bc,44,632,-293.45200056634053
official_bc,44,633,-281.7014091417274
official_bc,44,634,-288.3240085815971
official_bc,44,635,-287.4509631261865
official_bc,44,636,-294.37664882275806
official_bc,44,637,-278.1898181525877
official_bc,44,638,-290.0697171235854
official_bc,44,639,-289.7383261462299
official_bc,44,640,-292.8597975250617
official_bc,44,641,-288.69399660696575
official_bc,44,642,-292.4451358264684
official_bc,44,643,-294.47094666655147
official_bc,44,644,-279.10569010509244
official_bc,44,645,-279.0952748298058
official_bc,44,646,-288.095511782086
official_bc,44,647,-288.9727945246387
official_bc,44,648,-293.13295282383933
official_bc,44,649,-292.94660496578916
official_bc,44,650,-289.74438545399465
official_bc,44,651,-280.91350213524186
official_bc,44,652,-291.80663785146464
official_bc,44,653,-289.53780210443495
official_bc,44,654,-290.6842928481114
official_bc,44,655,-295.89238636275456
official_bc,44,656,-294.4641328657168
official_bc,44,657,-286.02799765815087
official_bc,44,658,-294.34261218213555
official_bc,44,659,-292.1899468497366
official_bc,44,660,-291.2039076359939
official_bc,44,661,-294.96063895545313
official_bc,44,662,-287.9383372680648
official_bc,44,663,-286.36319695274096
official_bc,44,664,-287.75733734629364
official_bc,44,665,-295.5056466497336
official_bc,44,666,-288.1454900871481
official_bc,44,667,-285.32791101385203
official_bc,44,668,-280.9051195895265
official_bc,44,669,-290.94339215097176
official_bc,44,670,-281.13800346797524
official_bc,44,671,-296.53407543630414
official_bc,44,672,-285.0043647782051
official_bc,44,673,-287.5868256927961
official_bc,44,674,-293.3976210014084
official_bc,44,675,-294.35849803549536
official_bc,44,676,-296.5191198529471
official_bc,44,677,-295.91059811246214
official_bc,44,678,-286.6853231603033
official_bc,44,679,-294.43662238825704
official_bc,44,680,-287.986228336462
official_bc,44,681,-297.4127798294766
official_bc,44,682,-277.4070155773113
official_bc,44,683,-285.955506748585
official_bc,44,684,-287.4446877145331
official_bc,44,685,-288.49922924748773
official_bc,44,686,-291.5923307045819
official_bc,44,687,-288.38909142765925
official_bc,44,688,-293.92932182030285
official_bc,44,689,-282.6328727342369
official_bc,44,690,-295.8680681555503
official_bc,44,691,-292.255268001143
official_bc,44,692,-287.73439654278985
official_bc,44,693,-289.5153381879498
official_bc,44,694,-286.6300422872023
official_bc,44,695,-292.36826206555264
official_bc,44,696,-272.97239145757993
official_bc,44,697,-291.80233377317967
official_bc,44,698,-294.7372707453654
official_bc,44,699,-293.8267151585277
official_bc,44,700,-286.4372134799758
official_bc,44,701,-294.4413864316324
official_bc,44,702,-295.2300414198123
official_bc,44,703,-288.5653621210465
official_bc,44,704,-287.15676131543245
official_bc,44,705,-282.4453467793187
official_bc,44,706,-292.42210362545836
official_bc,44,707,-291.0073429014023
official_bc,44,708,-289.14893215291886
official_bc,44,709,-292.5995016552419
official_bc,44,710,-285.7109219511806
official_bc,44,711,-287.2688037676009
official_bc,44,712,-288.4420756136081
official_bc,44,713,-292.1524084249503
official_bc,44,714,-296.51823378465633
official_bc,44,715,-295.5537119436824
official_bc,44,716,-286.5706191302477
official_bc,44,717,-287.3403916894439
official_bc,44,718,-287.87198193493003
official_bc,44,719,-295.3192698283883
official_bc,44,720,-293.9657516476475
official_bc,44,721,-290.020518649345
official_bc,44,722,-295.6021773106091
official_bc,44,723,-286.5956048881268
official_bc,44,724,-290.84501115409546
official_bc,44,725,-289.3292032568637
official_bc,44,726,-284.9020063638356
official_bc,44,727,-290.54009345808356
official_bc,44,728,-285.42065009978285
official_bc,44,729,-292.5466417945232
official_bc,44,730,-280.23166462947506
official_bc,44,731,-285.1721022463251
official_bc,44,732,-288.3101063922344
official_bc,44,733,-284.5151276205587
official_bc,44,734,-292.63028672424537
official_bc,44,735,-284.0970816380117
official_bc,44,736,-291.3058292934271
official_bc,44,737,-281.98999353245785
official_bc,44,738,-293.8081708673658
official_bc,44,739,-292.12569594422075
official_bc,44,740,-293.7951734909938
official_bc,44,741,-289.16595381146067
official_bc,44,742,-285.72141258773763
official_bc,44,743,-291.3880552965043
official_bc,44,744,-297.6911783073725
official_bc,44,745,-293.07394367672
official_bc,44,746,-289.4670619700285
official_bc,44,747,-281.90387572692833
official_bc,44,748,-286.7595246580531
official_bc,44,749,-288.1380193522359
official_bc,44,750,-288.4197318716756
official_bc,44,751,-291.1591038870642
official_bc,44,752,-284.53875501848506
official_bc,44,753,-290.4493914691041
official_bc,44,754,-280.9502381926545
official_bc,44,755,-292.9993667025462
official_bc,44,756,-279.8019605604178
official_bc,44,757,-288.43006162023414
official_bc,44,758,-286.0389484501503
official_bc,44,759,-291.6447979699599
official_bc,44,760,-291.83142856168496
official_bc,44,761,-290.84075024984645
official_bc,44,762,-296.4208619870124
official_bc,44,763,-291.75815579647673
official_bc,44,764,-291.92724081016127
official_bc,44,765,-290.544821153433
official_bc,44,766,-292.21470260593344
official_bc,44,767,-288.62833851005246
official_bc,44,768,-293.5376987592907
official_bc,44,769,-282.15718120879546
official_bc,44,770,-283.30987030657536
official_bc,44,771,-291.349440124919
official_bc,44,772,-280.6681921778168
official_bc,44,773,-275.8195259326842
official_bc,44,774,-285.13076011360675
official_bc,44,775,-293.12587539801524
official_bc,44,776,-287.5517343135676
official_bc,44,777,-286.63414075455796
official_bc,44,778,-284.96430936506584
official_bc,44,779,-286.6249470542035
official_bc,44,780,-295.0577616053409
official_bc,44,781,-291.71302611887927
official_bc,44,782,-292.4287097465977
official_bc,44,783,-290.98837609561724
official_bc,44,784,-277.61043544427184
official_bc,44,785,-291.9118252452719
official_bc,44,786,-276.86558586979567
official_bc,44,787,-296.65940963195305
official_bc,44,788,-295.38142785154207
official_bc,44,789,-289.58733511923595
official_bc,44,790,-283.2129249652078
official_bc,44,791,-274.31136053897524
official_bc,44,792,-292.61189272532795
official_bc,44,793,-293.8928084115922
official_bc,44,794,-290.04661715961873
official_bc,44,795,-292.69256824853943
official_bc,44,796,-285.40452299714116
official_bc,44,797,-292.0395610824888
official_bc,44,798,-292.74931786876044
official_bc,44,799,-288.05884388460663
official_bc,44,800,-288.888980837737
official_bc,44,801,-283.3252866488509
official_bc,44,802,-288.4751024258518
official_bc,44,803,-285.84288149379313
official_bc,44,804,-288.2022579909412
official_bc,44,805,-292.9216136866537
official_bc,44,806,-282.86920252908504
official_bc,44,807,-290.222694793918
official_bc,44,808,-290.07439944021246
official_bc,44,809,-292.06419706593215
official_bc,44,810,-284.93943852623494
official_bc,44,811,-290.40355528193896
official_bc,44,812,-293.7002565984525
official_bc,44,813,-279.16459226720974
official_bc,44,814,-291.59202822785574
official_bc,44,815,-283.4767177003148
official_bc,44,816,-285.51448544703806
official_bc,44,817,-294.9207577806334
official_bc,44,818,-292.55989291775614
official_bc,44,819,-288.4530724871753
official_bc,44,820,-289.31652698836996
official_bc,44,821,-284.279071708719
official_bc,44,822,-281.39221559954603
official_bc,44,823,-280.7919850066149
official_bc,44,824,-287.9849874219306
official_bc,44,825,-292.61146176721064
official_bc,44,826,-293.0427600639239
official_bc,44,827,-278.0697934726074
official_bc,44,828,-294.0711579793327
official_bc,44,829,-290.65950397478326
official_bc,44,830,-288.02894261489644
official_bc,44,831,-288.68020614621014
official_bc,44,832,-291.6963387103898
official_bc,44,833,-284.5500564070388
official_bc,44,834,-290.220569068528
official_bc,44,835,-289.8661538841868
official_bc,44,836,-285.3851194368317
official_bc,44,837,-292.6328855122075
official_bc,44,838,-294.65166304013417
official_bc,44,839,-290.5903554844494
official_bc,44,840,-283.33474760675483
official_bc,44,841,-282.88654811119864
official_bc,44,842,-284.7508917746963
official_bc,44,843,-287.8681797964087
official_bc,44,844,-292.6483592434902
official_bc,44,845,-289.15368700000823
official_bc,44,846,-288.5425999793438
official_bc,44,847,-282.4596560015525
official_bc,44,848,-295.37029969224034
official_bc,44,849,-299.0418367608698
official_bc,44,850,-292.5162933150671
official_bc,44,851,-282.30166438298977
official_bc,44,852,-287.6440131392821
official_bc,44,853,-288.42724912532697
official_bc,44,854,-295.61815018192976
official_bc,44,855,-291.02674268493627
official_bc,44,856,-288.2342344554115
official_bc,44,857,-274.1055752495607
official_bc,44,858,-288.99658401878685
official_bc,44,859,-289.2130946931278
official_bc,44,860,-281.03412113742843
official_bc,44,861,-288.08262956489784
official_bc,44,862,-292.4443085471481
official_bc,44,863,-287.9392840317248
official_bc,44,864,-287.5215676395413
official_bc,44,865,-279.852240831762
official_bc,44,866,-284.459650448798
official_bc,44,867,-271.90106851605236
official_bc,44,868,-293.3157014545736
official_bc,44,869,-293.95542468771896
official_bc,44,870,-284.97634830651725
official_bc,44,871,-290.3767003951577
official_bc,44,872,-286.4101078575394
official_bc,44,873,-294.02327715804233
official_bc,44,874,-291.4244310854769
official_bc,44,875,-291.66176950413865
official_bc,44,876,-271.0558964593705
official_bc,44,877,-295.8431606693875
official_bc,44,878,-289.2031902898859
official_bc,44,879,-284.3477247828573
official_bc,44,880,-287.5647219168947
official_bc,44,881,-287.9959739620615
official_bc,44,882,-294.2406318139284
official_bc,44,883,-288.36253498534734
official_bc,44,884,-270.0036132154994
official_bc,44,885,-276.67083704572644
official_bc,44,886,-297.5670775235649
official_bc,44,887,-276.811947712025
official_bc,44,888,-284.46291706265697
official_bc,44,889,-292.63250377712535
official_bc,44,890,-290.6122315535836
official_bc,44,891,-284.85269751519877
official_bc,44,892,-290.3142661890985
official_bc,44,893,-291.8115434766464
official_bc,44,894,-280.721403905238
official_bc,44,895,-287.3605341082148
official_bc,44,896,-291.07192891526887
official_bc,44,897,-288.9824366763672
official_bc,44,898,-293.2759325801519
official_bc,44,899,-287.9637280064681
official_bc,44,900,-287.03556586229615
official_bc,44,901,-292.0849446439513
official_bc,44,902,-282.7701920429255
official_bc,44,903,-279.9106850589237
official_bc,44,904,-291.2450165383777
official_bc,44,905,-296.6840543207654
official_bc,44,906,-294.6712509213297
official_bc,44,907,-292.8061767770297
official_bc,44,908,-284.61412389939755
official_bc,44,909,-292.49900792476916
official_bc,44,910,-279.3597640914982
official_bc,44,911,-287.6216905671098
official_bc,44,912,-290.3441520630278
official_bc,44,913,-278.3536945975381
official_bc,44,914,-282.9567881652063
official_bc,44,915,-292.24992756560073
official_bc,44,916,-285.0681418847654
official_bc,44,917,-280.30791632836826
official_bc,44,918,-282.3979860041784
official_bc,44,919,-296.78489582073024
official_bc,44,920,-293.62909090484754
official_bc,44,921,-287.79852443857465
official_bc,44,922,-284.606938665737
official_bc,44,923,-292.5944632259084
official_bc,44,924,-293.76196162377227
official_bc,44,925,-280.64312186521624
official_bc,44,926,-293.5877138851989
official_bc,44,927,-289.55015199740774
official_bc,44,928,-288.5044908883513
official_bc,44,929,-290.5355763398889
official_bc,44,930,-293.6696372950546
official_bc,44,931,-290.1352021387832
official_bc,44,932,-285.4136430268661
official_bc,44,933,-294.2981720675681
official_bc,44,934,-288.30962003258276
official_bc,44,935,-284.1779682039885
official_bc,44,936,-284.12918572836986
official_bc,44,937,-292.1842015948348
official_bc,44,938,-290.0959144608322
official_bc,44,939,-288.82512719040966
official_bc,44,940,-285.94377791782296
official_bc,44,941,-294.3061849445727
official_bc,44,942,-287.05673450768967
official_bc,44,943,-289.6830094017122
official_bc,44,944,-292.24712665079176
official_bc,44,945,-289.79202976841526
official_bc,44,946,-281.7751532441822
official_bc,44,947,-273.5166364246805
official_bc,44,948,-292.75908469872445
official_bc,44,949,-294.39293183432756
official_bc,44,950,-271.93227095931036
official_bc,44,951,-289.5255033889447
official_bc,44,952,-285.57032711764055
official_bc,44,953,-281.3033816783451
official_bc,44,954,-283.99171332915273
official_bc,44,955,-295.1955526129822
official_bc,44,956,-287.0664390503031
official_bc,44,957,-292.3084057054414
official_bc,44,958,-293.61780211212545
official_bc,44,959,-293.68461289066045
official_bc,44,960,-289.787988465264
official_bc,44,961,-296.56200414203664
official_bc,44,962,-289.4628998083637
official_bc,44,963,-286.32404350246253
official_bc,44,964,-285.59008575409314
official_bc,44,965,-290.62226328644425
official_bc,44,966,-289.5997152730346
official_bc,44,967,-289.0432744751157
official_bc,44,968,-288.76817861230063
official_bc,44,969,-288.77222446766996
official_bc,44,970,-286.86201451821415
official_bc,44,971,-276.99205799987726
official_bc,44,972,-281.62231556243825
official_bc,44,973,-290.7047282672502
official_bc,44,974,-288.25286449356435
official_bc,44,975,-294.91216367374363
official_bc,44,976,-287.48124921246915
official_bc,44,977,-290.89152819860965
official_bc,44,978,-289.1714316176956
official_bc,44,979,-284.54424901021275
official_bc,44,980,-290.1770852912135
official_bc,44,981,-282.87388220279195
official_bc,44,982,-287.541886640763
official_bc,44,983,-288.0074274470905
official_bc,44,984,-293.25769437929364
official_bc,44,985,-297.77977484346275
official_bc,44,986,-288.31663116608917
official_bc,44,987,-286.8819451158995
official_bc,44,988,-293.7353360092807
official_bc,44,989,-290.34722218852636
official_bc,44,990,-284.65788102391684
official_bc,44,991,-295.9252075922345
official_bc,44,992,-277.6480913214448
official_bc,44,993,-287.79237607111116
official_bc,44,994,-285.92531433671365
official_bc,44,995,-290.2067375637144
official_bc,44,996,-292.5149759847373
official_bc,44,997,-291.6657779198244
official_bc,44,998,-290.0797918836337
official_bc,44,999,-291.7494039332599
official_bc,44,1000,-273.35412947585075
world_model_cem,42,1,-185.51256717266182
world_model_cem,42,2,-187.90845805943124
world_model_cem,42,3,-193.57264943952018
world_model_cem,42,4,-171.0847995428212
world_model_cem,42,5,-184.50794450318637
world_model_cem,42,6,-177.66334346309694
world_model_cem,42,7,-166.72576689266646
world_model_cem,42,8,-180.59164487436502
world_model_cem,42,9,-199.14054574731642
world_model_cem,42,10,-199.87039457407656
world_model_cem,42,11,-213.46433081447023
world_model_cem,42,12,-205.26496901392758
world_model_cem,42,13,-228.17350808940267
world_model_cem,42,14,-234.64339143803682
world_model_cem,42,15,-235.54259136073185
world_model_cem,42,16,-242.5799314446364
world_model_cem,42,17,-252.64495660985344
world_model_cem,42,18,-276.8391781756924
world_model_cem,42,19,-257.31474209282266
world_model_cem,42,20,-282.24522079685823
world_model_cem,42,21,-267.97482988449264
world_model_cem,42,22,-266.7582025512929
world_model_cem,42,23,-264.06324704877454
world_model_cem,42,24,-290.2010914139512
world_model_cem,42,25,-318.0473265593781
world_model_cem,42,26,-315.65762914258903
world_model_cem,42,27,-245.85527804185563
world_model_cem,42,28,-248.39885478135957
world_model_cem,42,29,-234.66983763624182
world_model_cem,42,30,-344.03163261209966
world_model_cem,42,31,-226.8855888177484
world_model_cem,42,32,-241.76396301221934
world_model_cem,42,33,-256.8684379533418
world_model_cem,42,34,-313.2131420767593
world_model_cem,42,35,-264.61618264196
world_model_cem,42,36,-284.77007023590613
world_model_cem,42,37,-259.10860231655374
world_model_cem,42,38,-230.85633927507934
world_model_cem,42,39,-303.5444394233857
world_model_cem,42,40,-264.94603500229897
world_model_cem,42,41,-249.49735672395877
world_model_cem,42,42,-242.00083786222135
world_model_cem,42,43,-323.4321482971049
world_model_cem,42,44,-225.9410534011662
world_model_cem,42,45,-245.92516842378643
world_model_cem,42,46,-267.2702584457451
world_model_cem,42,47,-181.16035245488385
world_model_cem,42,48,-227.25186791302445
world_model_cem,42,49,-198.47866879571686
world_model_cem,42,50,-156.34374394645408
world_model_cem,42,51,-240.4663432808058
world_model_cem,42,52,-258.99628399756546
world_model_cem,42,53,-279.32835237350304
world_model_cem,42,54,-224.2414696129589
world_model_cem,42,55,-253.5172515410968
world_model_cem,42,56,-290.2572429440983
world_model_cem,42,57,-286.7237529288107
world_model_cem,42,58,-290.7394050680898
world_model_cem,42,59,-299.73911706666496
world_model_cem,42,60,-303.152142117475
world_model_cem,42,61,-301.81573831378813
world_model_cem,42,62,-307.61925639615686
world_model_cem,42,63,-308.0854595375164
world_model_cem,42,64,-297.0010835343736
world_model_cem,42,65,-283.85543495986155
world_model_cem,42,66,-275.9784687700114
world_model_cem,42,67,-284.61285834788106
world_model_cem,42,68,-281.73520491903565
world_model_cem,42,69,-283.34282560004556
world_model_cem,42,70,-269.02364297321776
world_model_cem,42,71,-271.15439299320786
world_model_cem,42,72,-261.032136056508
world_model_cem,42,73,-264.95802051852706
world_model_cem,42,74,-258.0369398779852
world_model_cem,42,75,-265.47244754408115
world_model_cem,42,76,-258.11296622182516
world_model_cem,42,77,-250.2508753851558
world_model_cem,42,78,-272.29247229182613
world_model_cem,42,79,-263.3903479851861
world_model_cem,42,80,-266.9105466377913
world_model_cem,42,81,-265.55113369081647
world_model_cem,42,82,-265.13349024045436
world_model_cem,42,83,-267.98242398786977
world_model_cem,42,84,-274.1377270805854
world_model_cem,42,85,-274.8838558290198
world_model_cem,42,86,-281.32221205163324
world_model_cem,42,87,-286.78793516449974
world_model_cem,42,88,-285.4769092276454
world_model_cem,42,89,-283.0241447562703
world_model_cem,42,90,-285.16125758348664
world_model_cem,42,91,-272.9273259845955
world_model_cem,42,92,-289.72740655812504
world_model_cem,42,93,-284.54339730648434
world_model_cem,42,94,-285.58141210018994
world_model_cem,42,95,-281.4817957092503
world_model_cem,42,96,-281.681421176891
world_model_cem,42,97,-286.32304583475974
world_model_cem,42,98,-283.5143489191967
world_model_cem,42,99,-290.1171356367406
world_model_cem,42,100,-280.23911698435074
world_model_cem,42,101,-278.3025777675646
world_model_cem,42,102,-283.67455733186534
world_model_cem,42,103,-288.67229864983364
world_model_cem,42,104,-292.88425273896
world_model_cem,42,105,-285.11092829233274
world_model_cem,42,106,-290.0741547496004
world_model_cem,42,107,-274.2757139555388
world_model_cem,42,108,-287.4873463444699
world_model_cem,42,109,-281.66553864251364
world_model_cem,42,110,-284.7702649725874
world_model_cem,42,111,-283.72438520203696
world_model_cem,42,112,-268.9846358933997
world_model_cem,42,113,-275.5794483163779
world_model_cem,42,114,-266.65606582196494
world_model_cem,42,115,-271.9989285798719
world_model_cem,42,116,-269.56546521946814
world_model_cem,42,117,-265.4895988699484
world_model_cem,42,118,-268.4593268656621
world_model_cem,42,119,-271.5845190554254
world_model_cem,42,120,-283.5047424474212
world_model_cem,42,121,-281.07725325365027
world_model_cem,42,122,-273.80046026816535
world_model_cem,42,123,-275.70362637378713
world_model_cem,42,124,-280.02697012690703
world_model_cem,42,125,-281.0675078465974
world_model_cem,42,126,-283.57460970878225
world_model_cem,42,127,-290.21361208445717
world_model_cem,42,128,-282.42432807756376
world_model_cem,42,129,-281.52144606838635
world_model_cem,42,130,-272.2985780230067
world_model_cem,42,131,-272.9712026886378
world_model_cem,42,132,-280.950193019296
world_model_cem,42,133,-278.60808918337125
world_model_cem,42,134,-269.35189872032475
world_model_cem,42,135,-273.7199287642186
world_model_cem,42,136,-267.6197172739692
world_model_cem,42,137,-263.416361351894
world_model_cem,42,138,-261.5865370319932
world_model_cem,42,139,-275.24215736244753
world_model_cem,42,140,-270.35405117351235
world_model_cem,42,141,-268.5848001900004
world_model_cem,42,142,-274.4447839832061
world_model_cem,42,143,-275.23233234937334
world_model_cem,42,144,-277.2403682934299
world_model_cem,42,145,-277.9636153308005
world_model_cem,42,146,-278.5708555017427
world_model_cem,42,147,-278.0856897249198
world_model_cem,42,148,-268.75819892229913
world_model_cem,42,149,-273.9199628652133
world_model_cem,42,150,-272.5266666636609
world_model_cem,42,151,-276.2065640251727
world_model_cem,42,152,-278.6469754086551
world_model_cem,42,153,-278.8029713303032
world_model_cem,42,154,-277.9035730777907
world_model_cem,42,155,-272.40281706256985
world_model_cem,42,156,-275.8494387557105
world_model_cem,42,157,-271.90635148764136
world_model_cem,42,158,-277.410683902698
world_model_cem,42,159,-278.6064835796117
world_model_cem,42,160,-287.9393491116954
world_model_cem,42,161,-281.702743705741
world_model_cem,42,162,-290.86101894924155
world_model_cem,42,163,-286.9380734520637
world_model_cem,42,164,-285.9488460887118
world_model_cem,42,165,-291.7330741779052
world_model_cem,42,166,-286.62936920018774
world_model_cem,42,167,-285.84906108670407
world_model_cem,42,168,-270.047526771242
world_model_cem,42,169,-281.1163284494466
world_model_cem,42,170,-278.9016276844702
world_model_cem,42,171,-285.7759508938364
world_model_cem,42,172,-284.455780135443
world_model_cem,42,173,-280.7688397557775
world_model_cem,42,174,-280.77974450623486
world_model_cem,42,175,-275.31794948546167
world_model_cem,42,176,-275.81426286917815
world_model_cem,42,177,-286.57285819704936
world_model_cem,42,178,-280.7722592207235
world_model_cem,42,179,-278.91070470700816
world_model_cem,42,180,-267.62935720624574
world_model_cem,42,181,-277.62248876239875
world_model_cem,42,182,-269.53637902633693
world_model_cem,42,183,-280.70034140220355
world_model_cem,42,184,-271.1924126297952
world_model_cem,42,185,-274.5272676120553
world_model_cem,42,186,-278.82400895396023
world_model_cem,42,187,-284.22890478211485
world_model_cem,42,188,-272.82760719024566
world_model_cem,42,189,-273.8752821284926
world_model_cem,42,190,-281.85464624025934
world_model_cem,42,191,-277.4621400213936
world_model_cem,42,192,-285.9620599581928
world_model_cem,42,193,-276.9472749246687
world_model_cem,42,194,-278.9402395739189
world_model_cem,42,195,-261.8915232324271
world_model_cem,42,196,-270.5895459314321
world_model_cem,42,197,-274.0547329487545
world_model_cem,42,198,-269.4091400418498
world_model_cem,42,199,-275.82392876477206
world_model_cem,42,200,-269.04185350265567
world_model_cem,42,201,-266.0152351239138
world_model_cem,42,202,-265.8498461999389
world_model_cem,42,203,-266.63776945450655
world_model_cem,42,204,-269.5019094884857
world_model_cem,42,205,-271.3599941043889
world_model_cem,42,206,-281.8185715948202
world_model_cem,42,207,-277.6775578388798
world_model_cem,42,208,-279.7970295031288
world_model_cem,42,209,-289.9210196138016
world_model_cem,42,210,-280.6709316496771
world_model_cem,42,211,-281.06354293241435
world_model_cem,42,212,-283.8995876156272
world_model_cem,42,213,-283.66812698448575
world_model_cem,42,214,-282.0566482661617
world_model_cem,42,215,-296.12977175589856
world_model_cem,42,216,-290.72286417044313
world_model_cem,42,217,-277.11451203757247
world_model_cem,42,218,-286.7099704463572
world_model_cem,42,219,-274.37969951024024
world_model_cem,42,220,-281.2689820366018
world_model_cem,42,221,-285.3676941976171
world_model_cem,42,222,-284.2529820608821
world_model_cem,42,223,-282.9341413863681
world_model_cem,42,224,-287.1152066504663
world_model_cem,42,225,-281.8455723013705
world_model_cem,42,226,-291.3217639993221
world_model_cem,42,227,-287.0579906250214
world_model_cem,42,228,-292.2950038446113
world_model_cem,42,229,-284.4114434325366
world_model_cem,42,230,-290.94253672416295
world_model_cem,42,231,-273.34873906962207
world_model_cem,42,232,-285.5838623942724
world_model_cem,42,233,-277.87328748465757
world_model_cem,42,234,-275.26978620950024
world_model_cem,42,235,-272.5009305892462
world_model_cem,42,236,-284.4090363272909
world_model_cem,42,237,-283.01183092451606
world_model_cem,42,238,-284.0199993696649
world_model_cem,42,239,-289.32098866096004
world_model_cem,42,240,-284.2055855836011
world_model_cem,42,241,-291.2517318306421
world_model_cem,42,242,-267.89746356512023
world_model_cem,42,243,-278.39092193158945
world_model_cem,42,244,-289.3238491017764
world_model_cem,42,245,-285.4671084221551
world_model_cem,42,246,-281.9326466217431
world_model_cem,42,247,-272.4841543331718
world_model_cem,42,248,-283.7611686808262
world_model_cem,42,249,-286.1205977897671
world_model_cem,42,250,-277.642020080557
world_model_cem,42,251,-286.4219572416205
world_model_cem,42,252,-281.3737904254893
world_model_cem,42,253,-280.4211089935206
world_model_cem,42,254,-278.968368397572
world_model_cem,42,255,-279.49158697033135
world_model_cem,42,256,-281.1140202192806
world_model_cem,42,257,-280.4373211854241
world_model_cem,42,258,-277.0293788274267
world_model_cem,42,259,-274.0856585810322
world_model_cem,42,260,-260.56851091114385
world_model_cem,42,261,-268.299871219842
world_model_cem,42,262,-267.7007957281292
world_model_cem,42,263,-267.93633696848786
world_model_cem,42,264,-265.79724478594267
world_model_cem,42,265,-274.86195902095403
world_model_cem,42,266,-272.16329728182984
world_model_cem,42,267,-266.57400435340287
world_model_cem,42,268,-271.93943074721466
world_model_cem,42,269,-272.2189833455938
world_model_cem,42,270,-259.01179206314964
world_model_cem,42,271,-286.32837918057635
world_model_cem,42,272,-282.9599695306945
world_model_cem,42,273,-271.19284792040196
world_model_cem,42,274,-264.89425903657946
world_model_cem,42,275,-272.0922754018405
world_model_cem,42,276,-276.49897703895596
world_model_cem,42,277,-274.32930617311274
world_model_cem,42,278,-275.5709915497413
world_model_cem,42,279,-262.2463406802272
world_model_cem,42,280,-267.676792726688
world_model_cem,42,281,-269.7026498346717
world_model_cem,42,282,-270.02489228532613
world_model_cem,42,283,-279.6348511248359
world_model_cem,42,284,-282.2750956574062
world_model_cem,42,285,-285.9474565881025
world_model_cem,42,286,-277.17347316190114
world_model_cem,42,287,-281.7967343256022
world_model_cem,42,288,-284.22146372342786
world_model_cem,42,289,-281.1801829099542
world_model_cem,42,290,-285.6850167049157
world_model_cem,42,291,-281.42962221088794
world_model_cem,42,292,-284.81003635271884
world_model_cem,42,293,-270.4378129129537
world_model_cem,42,294,-286.80156286526204
world_model_cem,42,295,-284.3786380898863
world_model_cem,42,296,-285.8422806159655
world_model_cem,42,297,-269.8498473885046
world_model_cem,42,298,-287.2920180831031
world_model_cem,42,299,-283.817798529339
world_model_cem,42,300,-290.8307691236474
world_model_cem,42,301,-278.9598267004013
world_model_cem,42,302,-285.934576624044
world_model_cem,42,303,-285.35854670545234
world_model_cem,42,304,-286.2627092974983
world_model_cem,42,305,-275.52941165764116
world_model_cem,42,306,-279.5645146450449
world_model_cem,42,307,-289.01175667111625
world_model_cem,42,308,-264.2845173244241
world_model_cem,42,309,-288.4607351004528
world_model_cem,42,310,-281.5726463406019
world_model_cem,42,311,-281.7109008883259
world_model_cem,42,312,-276.69255013338653
world_model_cem,42,313,-284.5683997742087
world_model_cem,42,314,-284.5578749520918
world_model_cem,42,315,-284.18023523517246
world_model_cem,42,316,-282.32120779913896
world_model_cem,42,317,-287.2216951936224
world_model_cem,42,318,-286.7040431595636
world_model_cem,42,319,-281.0827160902753
world_model_cem,42,320,-284.82450398976187
world_model_cem,42,321,-284.3061794253125
world_model_cem,42,322,-287.28381594259247
world_model_cem,42,323,-280.2702310371815
world_model_cem,42,324,-285.3723647983124
world_model_cem,42,325,-286.46594375943704
world_model_cem,42,326,-284.36087874687405
world_model_cem,42,327,-288.2443849082855
world_model_cem,42,328,-282.7811568178464
world_model_cem,42,329,-277.98284449579756
world_model_cem,42,330,-281.8711969647039
world_model_cem,42,331,-271.38699407703564
world_model_cem,42,332,-269.2047354741868
world_model_cem,42,333,-283.4141663891982
world_model_cem,42,334,-277.191184252807
world_model_cem,42,335,-275.35605178882554
world_model_cem,42,336,-290.6573294127164
world_model_cem,42,337,-278.84899749929036
world_model_cem,42,338,-279.9403496638462
world_model_cem,42,339,-286.64025255471086
world_model_cem,42,340,-284.789918881419
world_model_cem,42,341,-282.91712018797625
world_model_cem,42,342,-288.90335074325753
world_model_cem,42,343,-285.23084359458267
world_model_cem,42,344,-271.2270425881836
world_model_cem,42,345,-279.69962092177366
world_model_cem,42,346,-287.44669475341993
world_model_cem,42,347,-274.0758492993813
world_model_cem,42,348,-281.30289526767876
world_model_cem,42,349,-281.2614200544348
world_model_cem,42,350,-279.44045206854275
world_model_cem,42,351,-277.45812454318633
world_model_cem,42,352,-276.3356323089107
world_model_cem,42,353,-274.4025020911719
world_model_cem,42,354,-263.2209503146405
world_model_cem,42,355,-273.7414872486496
world_model_cem,42,356,-272.8731774627965
world_model_cem,42,357,-279.2827508888391
world_model_cem,42,358,-273.67956848870205
world_model_cem,42,359,-276.4598031567735
world_model_cem,42,360,-277.0262473205944
world_model_cem,42,361,-273.07925469605414
world_model_cem,42,362,-277.27156231563725
world_model_cem,42,363,-275.92759458342243
world_model_cem,42,364,-279.01220771184796
world_model_cem,42,365,-284.97866562294007
world_model_cem,42,366,-281.3698320001806
world_model_cem,42,367,-266.311814180616
world_model_cem,42,368,-268.69926757376686
world_model_cem,42,369,-270.9867459921851
world_model_cem,42,370,-264.4907961721743
world_model_cem,42,371,-265.76547417127995
world_model_cem,42,372,-275.6780192810374
world_model_cem,42,373,-273.8422456668249
world_model_cem,42,374,-261.6437980873866
world_model_cem,42,375,-260.69159777750525
world_model_cem,42,376,-257.6380018483553
world_model_cem,42,377,-268.14489663324196
world_model_cem,42,378,-276.03767747604735
world_model_cem,42,379,-273.6980837079994
world_model_cem,42,380,-273.7344333411201
world_model_cem,42,381,-286.9131646841769
world_model_cem,42,382,-282.755241842989
world_model_cem,42,383,-280.02895055218573
world_model_cem,42,384,-275.43111480455485
world_model_cem,42,385,-289.13042018719227
world_model_cem,42,386,-278.1476357019378
world_model_cem,42,387,-289.89235354027693
world_model_cem,42,388,-296.3706351299179
world_model_cem,42,389,-287.8325220020775
world_model_cem,42,390,-282.939033466913
world_model_cem,42,391,-293.30631354849163
world_model_cem,42,392,-275.14933159431223
world_model_cem,42,393,-289.5821061197487
world_model_cem,42,394,-289.40714578150767
world_model_cem,42,395,-285.52049852931515
world_model_cem,42,396,-287.7988039982178
world_model_cem,42,397,-280.39339559389
world_model_cem,42,398,-287.013952773812
world_model_cem,42,399,-284.52853608267463
world_model_cem,42,400,-277.78262592041
world_model_cem,42,401,-284.1333654552624
world_model_cem,42,402,-288.18096653022076
world_model_cem,42,403,-285.33140545686047
world_model_cem,42,404,-285.58589307889224
world_model_cem,42,405,-280.889740997802
world_model_cem,42,406,-280.47032591194517
world_model_cem,42,407,-280.3477662866462
world_model_cem,42,408,-283.387629831736
world_model_cem,42,409,-280.3343276919102
world_model_cem,42,410,-285.3617980002981
world_model_cem,42,411,-282.7760670644559
world_model_cem,42,412,-283.9884343445175
world_model_cem,42,413,-284.61962070296846
world_model_cem,42,414,-284.18910032181094
world_model_cem,42,415,-288.72162098982386
world_model_cem,42,416,-286.03304607169355
world_model_cem,42,417,-289.0239543302723
world_model_cem,42,418,-288.6376539861285
world_model_cem,42,419,-284.2041675416521
world_model_cem,42,420,-292.58669771044265
world_model_cem,42,421,-294.19803668303103
world_model_cem,42,422,-291.3715628494082
world_model_cem,42,423,-296.21546941008023
world_model_cem,42,424,-285.8214334702997
world_model_cem,42,425,-290.6039184283642
world_model_cem,42,426,-288.20710775710336
world_model_cem,42,427,-286.62646022776903
world_model_cem,42,428,-275.11137375008997
world_model_cem,42,429,-266.7823356876058
world_model_cem,42,430,-267.09377857851655
world_model_cem,42,431,-261.4139952565156
world_model_cem,42,432,-246.71979678971462
world_model_cem,42,433,-266.23081428642075
world_model_cem,42,434,-246.71375411897114
world_model_cem,42,435,-257.7035525896589
world_model_cem,42,436,-256.27315720587126
world_model_cem,42,437,-261.6746602081377
world_model_cem,42,438,-265.2303527905116
world_model_cem,42,439,-258.7761951324014
world_model_cem,42,440,-267.19279894966695
world_model_cem,42,441,-279.27822847919714
world_model_cem,42,442,-285.0068150508747
world_model_cem,42,443,-276.44017230322436
world_model_cem,42,444,-281.08018258270147
world_model_cem,42,445,-276.01612371852156
world_model_cem,42,446,-294.05808285768717
world_model_cem,42,447,-295.131622806446
world_model_cem,42,448,-282.5950711026701
world_model_cem,42,449,-290.99641538462055
world_model_cem,42,450,-276.0787090648247
world_model_cem,42,451,-291.91013043151554
world_model_cem,42,452,-282.3817151718453
world_model_cem,42,453,-293.2726271899163
world_model_cem,42,454,-288.38695429704114
world_model_cem,42,455,-287.1458405100096
world_model_cem,42,456,-281.8736813777176
world_model_cem,42,457,-276.7808822939009
world_model_cem,42,458,-277.3300697500334
world_model_cem,42,459,-274.1658855172411
world_model_cem,42,460,-284.59298867398377
world_model_cem,42,461,-286.69866289246715
world_model_cem,42,462,-282.30745004308034
world_model_cem,42,463,-279.75208737336885
world_model_cem,42,464,-277.09252926227316
world_model_cem,42,465,-276.2604487421626
world_model_cem,42,466,-286.7576602012134
world_model_cem,42,467,-283.14507203018036
world_model_cem,42,468,-280.72066724271303
world_model_cem,42,469,-279.0627262758716
world_model_cem,42,470,-284.5488486778843
world_model_cem,42,471,-282.0701136536839
world_model_cem,42,472,-264.6302569589943
world_model_cem,42,473,-281.1629861346383
world_model_cem,42,474,-284.70556858082034
world_model_cem,42,475,-279.9543028006442
world_model_cem,42,476,-279.0615355287639
world_model_cem,42,477,-286.35048134546275
world_model_cem,42,478,-290.9950239057755
world_model_cem,42,479,-281.6170970807661
world_model_cem,42,480,-288.9039172931998
world_model_cem,42,481,-275.57801488411417
world_model_cem,42,482,-286.843224985328
world_model_cem,42,483,-283.8970931183242
world_model_cem,42,484,-276.85688558508383
world_model_cem,42,485,-282.17200096014807
world_model_cem,42,486,-290.41949207691744
world_model_cem,42,487,-288.3775904358973
world_model_cem,42,488,-284.6294464038401
world_model_cem,42,489,-284.8103213629355
world_model_cem,42,490,-278.0967099658366
world_model_cem,42,491,-282.52577532400824
world_model_cem,42,492,-284.9357039523259
world_model_cem,42,493,-289.41718137613725
world_model_cem,42,494,-284.73231538058025
world_model_cem,42,495,-288.59394019733026
world_model_cem,42,496,-281.3767410353635
world_model_cem,42,497,-284.8856318479115
world_model_cem,42,498,-277.11561492360124
world_model_cem,42,499,-291.7449553952871
world_model_cem,42,500,-277.38813175040605
world_model_cem,42,501,-282.8996721426063
world_model_cem,42,502,-288.546706170508
world_model_cem,42,503,-276.6729806432054
world_model_cem,42,504,-287.2197541089661
world_model_cem,42,505,-285.212998394883
world_model_cem,42,506,-283.97648505734895
world_model_cem,42,507,-276.1185137391046
world_model_cem,42,508,-285.6182280417347
world_model_cem,42,509,-286.4467715867664
world_model_cem,42,510,-290.5402533750552
world_model_cem,42,511,-282.414627944485
world_model_cem,42,512,-280.15716818900904
world_model_cem,42,513,-285.94714150797597
world_model_cem,42,514,-292.22751205206504
world_model_cem,42,515,-283.0806729616143
world_model_cem,42,516,-282.688271545655
world_model_cem,42,517,-286.249342917663
world_model_cem,42,518,-287.529178532101
world_model_cem,42,519,-284.7486934598074
world_model_cem,42,520,-290.96725769006423
world_model_cem,42,521,-282.97054832450135
world_model_cem,42,522,-280.94108799418854
world_model_cem,42,523,-286.3795352426535
world_model_cem,42,524,-283.8982938387023
world_model_cem,42,525,-289.2391934652029
world_model_cem,42,526,-279.8920551637514
world_model_cem,42,527,-277.78736466392866
world_model_cem,42,528,-283.8358035362416
world_model_cem,42,529,-286.61106114066945
world_model_cem,42,530,-284.9852153972927
world_model_cem,42,531,-280.5669126702522
world_model_cem,42,532,-275.5903985906987
world_model_cem,42,533,-287.7186023662826
world_model_cem,42,534,-283.765104264321
world_model_cem,42,535,-274.4668237915913
world_model_cem,42,536,-292.96295171296833
world_model_cem,42,537,-291.0539022208846
world_model_cem,42,538,-293.3700611970672
world_model_cem,42,539,-285.0764661351568
world_model_cem,42,540,-286.19500848864743
world_model_cem,42,541,-281.7655985883809
world_model_cem,42,542,-287.59229328879167
world_model_cem,42,543,-280.0130460718968
world_model_cem,42,544,-287.5820131856298
world_model_cem,42,545,-278.597842354083
world_model_cem,42,546,-284.2270337228337
world_model_cem,42,547,-280.01481479246706
world_model_cem,42,548,-288.9332289569217
world_model_cem,42,549,-285.24159100794213
world_model_cem,42,550,-286.50098259373055
world_model_cem,42,551,-289.44952780907965
world_model_cem,42,552,-282.81619058626427
world_model_cem,42,553,-281.92077703093736
world_model_cem,42,554,-282.8136684731647
world_model_cem,42,555,-287.9928935517055
world_model_cem,42,556,-276.41433404512196
world_model_cem,42,557,-287.63925985125377
world_model_cem,42,558,-279.12146983692963
world_model_cem,42,559,-275.32663293409297
world_model_cem,42,560,-268.23982370056143
world_model_cem,42,561,-291.0625771393539
world_model_cem,42,562,-287.1189412155294
world_model_cem,42,563,-279.40017012659973
world_model_cem,42,564,-280.96796930087595
world_model_cem,42,565,-269.6615409685717
world_model_cem,42,566,-287.211846203689
world_model_cem,42,567,-286.08946799644997
world_model_cem,42,568,-285.85696747904933
world_model_cem,42,569,-282.7944829346746
world_model_cem,42,570,-287.5364951346773
world_model_cem,42,571,-280.56476025299867
world_model_cem,42,572,-285.2744998266843
world_model_cem,42,573,-280.0458142483184
world_model_cem,42,574,-280.81612279799947
world_model_cem,42,575,-276.9795529991324
world_model_cem,42,576,-275.3227483336891
world_model_cem,42,577,-273.39001396708636
world_model_cem,42,578,-267.94532569893835
world_model_cem,42,579,-272.74134836526986
world_model_cem,42,580,-273.8127775527252
world_model_cem,42,581,-267.5265729591198
world_model_cem,42,582,-259.7491496446187
world_model_cem,42,583,-247.4479827984677
world_model_cem,42,584,-262.5546734227201
world_model_cem,42,585,-267.681686450219
world_model_cem,42,586,-278.31547538965555
world_model_cem,42,587,-275.43235859045353
world_model_cem,42,588,-267.3401079435414
world_model_cem,42,589,-258.8196931337673
world_model_cem,42,590,-267.727755230002
world_model_cem,42,591,-262.42445731697734
world_model_cem,42,592,-267.35283302690556
world_model_cem,42,593,-273.07846434446583
world_model_cem,42,594,-272.9966602397251
world_model_cem,42,595,-276.1477704022119
world_model_cem,42,596,-266.45753263373547
world_model_cem,42,597,-268.6573502515015
world_model_cem,42,598,-259.9594831993762
world_model_cem,42,599,-260.348039191195
world_model_cem,42,600,-276.9968669086195
world_model_cem,42,601,-277.68431908695277
world_model_cem,42,602,-283.2835532776999
world_model_cem,42,603,-272.6437538463313
world_model_cem,42,604,-289.21446763771405
world_model_cem,42,605,-287.04025952927856
world_model_cem,42,606,-289.4022258427003
world_model_cem,42,607,-283.77337997803824
world_model_cem,42,608,-293.12680049870977
world_model_cem,42,609,-290.4220892651247
world_model_cem,42,610,-286.5360994551521
world_model_cem,42,611,-291.2655982253887
world_model_cem,42,612,-290.7069676806981
world_model_cem,42,613,-277.9385165167801
world_model_cem,42,614,-288.42604659882517
world_model_cem,42,615,-287.0390529666757
world_model_cem,42,616,-288.0523669827646
world_model_cem,42,617,-282.97998746322656
world_model_cem,42,618,-284.5778489641613
world_model_cem,42,619,-281.4445561537997
world_model_cem,42,620,-280.1345399171026
world_model_cem,42,621,-278.4820607358363
world_model_cem,42,622,-284.9350293802629
world_model_cem,42,623,-278.8646435259161
world_model_cem,42,624,-281.47693575257836
world_model_cem,42,625,-289.68959143572744
world_model_cem,42,626,-280.88306470221266
world_model_cem,42,627,-284.8051718494803
world_model_cem,42,628,-290.4659567370794
world_model_cem,42,629,-284.87490002487027
world_model_cem,42,630,-289.3230715901408
world_model_cem,42,631,-290.5946773165286
world_model_cem,42,632,-284.32711675174903
world_model_cem,42,633,-288.9714324082205
world_model_cem,42,634,-276.5466027739198
world_model_cem,42,635,-279.93193459791127
world_model_cem,42,636,-268.8755717562423
world_model_cem,42,637,-278.2955235588702
world_model_cem,42,638,-278.1615703078881
world_model_cem,42,639,-273.87506090866844
world_model_cem,42,640,-267.3553155575319
world_model_cem,42,641,-265.5652127081864
world_model_cem,42,642,-261.4579989188079
world_model_cem,42,643,-259.78703799522617
world_model_cem,42,644,-264.38998843951555
world_model_cem,42,645,-267.4047710845972
world_model_cem,42,646,-274.62600961032365
world_model_cem,42,647,-270.40969772009794
world_model_cem,42,648,-267.30555972295
world_model_cem,42,649,-272.8528221733005
world_model_cem,42,650,-279.0971958031037
world_model_cem,42,651,-275.253679080499
world_model_cem,42,652,-284.4737459684449
world_model_cem,42,653,-284.31610497298726
world_model_cem,42,654,-275.7736375152416
world_model_cem,42,655,-267.55290080352313
world_model_cem,42,656,-284.41804438576685
world_model_cem,42,657,-288.483396459508
world_model_cem,42,658,-288.0306896001954
world_model_cem,42,659,-280.2378880887404
world_model_cem,42,660,-287.74090630422927
world_model_cem,42,661,-291.77420801094314
world_model_cem,42,662,-292.7980301552482
world_model_cem,42,663,-282.2899676277747
world_model_cem,42,664,-285.5334989203413
world_model_cem,42,665,-275.2223468109797
world_model_cem,42,666,-291.06222678668587
world_model_cem,42,667,-278.77589375603776
world_model_cem,42,668,-288.12454746108745
world_model_cem,42,669,-287.4445338763272
world_model_cem,42,670,-281.7794641798716
world_model_cem,42,671,-277.15921541038426
world_model_cem,42,672,-287.12264239173584
world_model_cem,42,673,-279.459086988375
world_model_cem,42,674,-274.26278538650246
world_model_cem,42,675,-286.6584344498788
world_model_cem,42,676,-281.9331863029902
world_model_cem,42,677,-275.6913725551425
world_model_cem,42,678,-280.0750397368539
world_model_cem,42,679,-283.9288990998018
world_model_cem,42,680,-271.7911218083575
world_model_cem,42,681,-282.11949503025863
world_model_cem,42,682,-283.9523415505833
world_model_cem,42,683,-278.25302792466243
world_model_cem,42,684,-287.9256049820287
world_model_cem,42,685,-280.86160164785827
world_model_cem,42,686,-275.6421635025269
world_model_cem,42,687,-288.5491232840377
world_model_cem,42,688,-285.67948261704606
world_model_cem,42,689,-281.32731344063757
world_model_cem,42,690,-275.6630905254138
world_model_cem,42,691,-287.19060898631733
world_model_cem,42,692,-285.05304756400335
world_model_cem,42,693,-279.7619644699447
world_model_cem,42,694,-277.2515166953132
world_model_cem,42,695,-274.276863303515
world_model_cem,42,696,-274.5179230946884
world_model_cem,42,697,-283.35422628283527
world_model_cem,42,698,-281.9170125628462
world_model_cem,42,699,-287.6487821785413
world_model_cem,42,700,-276.73542462999
world_model_cem,42,701,-280.2247464136015
world_model_cem,42,702,-273.5987113906421
world_model_cem,42,703,-274.59927254287874
world_model_cem,42,704,-276.40138243537706
world_model_cem,42,705,-269.07205191943007
world_model_cem,42,706,-276.8040486534367
world_model_cem,42,707,-272.7050382527388
world_model_cem,42,708,-270.84120829357613
world_model_cem,42,709,-271.586538428512
world_model_cem,42,710,-270.54047170883894
world_model_cem,42,711,-266.580945673997
world_model_cem,42,712,-272.05031079867615
world_model_cem,42,713,-281.1290675481477
world_model_cem,42,714,-284.3431812546352
world_model_cem,42,715,-265.40320681531745
world_model_cem,42,716,-274.51934215115455
world_model_cem,42,717,-284.7273761047546
world_model_cem,42,718,-291.577342469118
world_model_cem,42,719,-287.30566268239625
world_model_cem,42,720,-289.97908966275634
world_model_cem,42,721,-290.7310253486744
world_model_cem,42,722,-284.95616556743454
world_model_cem,42,723,-292.87860843211183
world_model_cem,42,724,-277.2998112464079
world_model_cem,42,725,-291.3781782794824
world_model_cem,42,726,-281.6007776656519
world_model_cem,42,727,-287.0018571927999
world_model_cem,42,728,-287.7338269746743
world_model_cem,42,729,-289.760220939549
world_model_cem,42,730,-279.7210838868488
world_model_cem,42,731,-278.59167005222446
world_model_cem,42,732,-281.6463711075167
world_model_cem,42,733,-274.1094932727477
world_model_cem,42,734,-275.2460779449622
world_model_cem,42,735,-278.456621737443
world_model_cem,42,736,-286.79755471875336
world_model_cem,42,737,-284.210912304634
world_model_cem,42,738,-289.30231350854706
world_model_cem,42,739,-277.78554111849047
world_model_cem,42,740,-280.19430445683986
world_model_cem,42,741,-280.5370939559418
world_model_cem,42,742,-282.15657391271867
world_model_cem,42,743,-279.66239221688346
world_model_cem,42,744,-279.0220899781062
world_model_cem,42,745,-270.9652281030468
world_model_cem,42,746,-275.12765982171493
world_model_cem,42,747,-277.23460880423625
world_model_cem,42,748,-281.6700497241282
world_model_cem,42,749,-279.3405251617036
world_model_cem,42,750,-284.11230197912306
world_model_cem,42,751,-282.8803503650812
world_model_cem,42,752,-289.1212563352209
world_model_cem,42,753,-285.0019805950751
world_model_cem,42,754,-290.6868274436718
world_model_cem,42,755,-287.8580515396523
world_model_cem,42,756,-286.5335658170303
world_model_cem,42,757,-285.8956230062343
world_model_cem,42,758,-286.0076425033726
world_model_cem,42,759,-276.71116863746676
world_model_cem,42,760,-280.98101251346213
world_model_cem,42,761,-280.54162885166056
world_model_cem,42,762,-265.7486658469742
world_model_cem,42,763,-278.0100096583312
world_model_cem,42,764,-279.20651960749984
world_model_cem,42,765,-270.03866075203223
world_model_cem,42,766,-275.98570053167776
world_model_cem,42,767,-274.5959408091702
world_model_cem,42,768,-274.61225023242366
world_model_cem,42,769,-264.87775633534227
world_model_cem,42,770,-271.8043397639183
world_model_cem,42,771,-280.33300767270475
world_model_cem,42,772,-284.3540934698452
world_model_cem,42,773,-272.87115404038934
world_model_cem,42,774,-273.9330128175804
world_model_cem,42,775,-277.7380042063028
world_model_cem,42,776,-278.28099019241415
world_model_cem,42,777,-288.4709976619234
world_model_cem,42,778,-278.5367669387142
world_model_cem,42,779,-275.20153579544683
world_model_cem,42,780,-284.9236711555623
world_model_cem,42,781,-280.19594052085154
world_model_cem,42,782,-287.7360822767672
world_model_cem,42,783,-284.36630893954873
world_model_cem,42,784,-273.0991664510083
world_model_cem,42,785,-275.7174276301181
world_model_cem,42,786,-270.2759648375311
world_model_cem,42,787,-263.4367371218619
world_model_cem,42,788,-280.89325241046237
world_model_cem,42,789,-276.5346969984811
world_model_cem,42,790,-266.20647982447497
world_model_cem,42,791,-274.1955645571938
world_model_cem,42,792,-258.91250495046074
world_model_cem,42,793,-265.3852703380407
world_model_cem,42,794,-262.7720474219969
world_model_cem,42,795,-262.9378007298863
world_model_cem,42,796,-272.79984806722297
world_model_cem,42,797,-279.09366906250176
world_model_cem,42,798,-283.4496183684196
world_model_cem,42,799,-278.21964647329196
world_model_cem,42,800,-279.50859922089376
world_model_cem,42,801,-279.1610585583543
world_model_cem,42,802,-287.31829957627895
world_model_cem,42,803,-278.5051290209831
world_model_cem,42,804,-289.08817543635246
world_model_cem,42,805,-281.53423828896723
world_model_cem,42,806,-291.5080103972274
world_model_cem,42,807,-292.2083976213284
world_model_cem,42,808,-284.62346332651646
world_model_cem,42,809,-280.20909445502986
world_model_cem,42,810,-277.38782773602935
world_model_cem,42,811,-278.34783557610274
world_model_cem,42,812,-282.59917723871047
world_model_cem,42,813,-288.1871010880682
world_model_cem,42,814,-284.3450303198619
world_model_cem,42,815,-290.49350306111495
world_model_cem,42,816,-284.4074183957789
world_model_cem,42,817,-290.7609787153559
world_model_cem,42,818,-283.90458322520226
world_model_cem,42,819,-275.2798744303864
world_model_cem,42,820,-287.66101711293356
world_model_cem,42,821,-282.33354435328386
world_model_cem,42,822,-286.0633878119399
world_model_cem,42,823,-287.6739067773515
world_model_cem,42,824,-284.607240713451
world_model_cem,42,825,-279.5441785932047
world_model_cem,42,826,-280.06036055069745
world_model_cem,42,827,-283.0101671756435
world_model_cem,42,828,-284.34461016097504
world_model_cem,42,829,-273.9822869126987
world_model_cem,42,830,-279.3273773377094
world_model_cem,42,831,-276.7528427293589
world_model_cem,42,832,-277.86989369134744
world_model_cem,42,833,-281.24324961700927
world_model_cem,42,834,-283.3086698900988
world_model_cem,42,835,-290.8479863947133
world_model_cem,42,836,-288.56578472771145
world_model_cem,42,837,-293.08072202219773
world_model_cem,42,838,-287.0399744854324
world_model_cem,42,839,-291.0271669364827
world_model_cem,42,840,-291.21145777174445
world_model_cem,42,841,-290.48839578248754
world_model_cem,42,842,-295.3996992482894
world_model_cem,42,843,-282.18244721645704
world_model_cem,42,844,-286.1560001350227
world_model_cem,42,845,-293.18704550586114
world_model_cem,42,846,-283.59077578308944
world_model_cem,42,847,-283.6500083806205
world_model_cem,42,848,-283.3174138344253
world_model_cem,42,849,-274.83175068100206
world_model_cem,42,850,-278.2267145977822
world_model_cem,42,851,-287.94041944225785
world_model_cem,42,852,-285.661335490099
world_model_cem,42,853,-279.70316884101425
world_model_cem,42,854,-285.0413146440262
world_model_cem,42,855,-286.184941146851
world_model_cem,42,856,-289.0951411047836
world_model_cem,42,857,-282.6835931555629
world_model_cem,42,858,-288.0412280150132
world_model_cem,42,859,-286.674312146656
world_model_cem,42,860,-283.4686966879892
world_model_cem,42,861,-293.11825452443315
world_model_cem,42,862,-282.3497495859728
world_model_cem,42,863,-285.85184227998496
world_model_cem,42,864,-287.30881226558364
world_model_cem,42,865,-277.96852204929985
world_model_cem,42,866,-280.10755722718704
world_model_cem,42,867,-280.3519603370983
world_model_cem,42,868,-284.15887061153614
world_model_cem,42,869,-291.6424432512188
world_model_cem,42,870,-264.4251004250918
world_model_cem,42,871,-273.12830690699775
world_model_cem,42,872,-281.4243510188095
world_model_cem,42,873,-284.73494358398614
world_model_cem,42,874,-287.83036275400895
world_model_cem,42,875,-280.0916081475334
world_model_cem,42,876,-271.3005827603646
world_model_cem,42,877,-281.7839249168662
world_model_cem,42,878,-280.81697425624145
world_model_cem,42,879,-278.63828894709536
world_model_cem,42,880,-273.22151808278477
world_model_cem,42,881,-279.1218519502054
world_model_cem,42,882,-284.18177697401893
world_model_cem,42,883,-281.79373162210237
world_model_cem,42,884,-288.33848624427503
world_model_cem,42,885,-287.17031650585034
world_model_cem,42,886,-273.8866459019576
world_model_cem,42,887,-288.32571120428827
world_model_cem,42,888,-288.9810686083734
world_model_cem,42,889,-287.66622782085665
world_model_cem,42,890,-285.2713920246593
world_model_cem,42,891,-283.0705025995257
world_model_cem,42,892,-287.01876904063
world_model_cem,42,893,-282.5849686906584
world_model_cem,42,894,-277.7320088999992
world_model_cem,42,895,-276.6299489026213
world_model_cem,42,896,-259.9683209765169
world_model_cem,42,897,-256.9234472871825
world_model_cem,42,898,-266.7468641932614
world_model_cem,42,899,-270.6471289966127
world_model_cem,42,900,-260.2707411709344
world_model_cem,42,901,-248.4675173993165
world_model_cem,42,902,-258.6335584845366
world_model_cem,42,903,-258.932042550936
world_model_cem,42,904,-265.44844124868433
world_model_cem,42,905,-270.489052718697
world_model_cem,42,906,-279.4598806455656
world_model_cem,42,907,-286.7111486956158
world_model_cem,42,908,-288.60610206469653
world_model_cem,42,909,-287.5093036776819
world_model_cem,42,910,-288.6413250106896
world_model_cem,42,911,-290.1089250990629
world_model_cem,42,912,-282.36365649516404
world_model_cem,42,913,-292.7199649520381
world_model_cem,42,914,-289.6124638365659
world_model_cem,42,915,-287.79531287700013
world_model_cem,42,916,-292.2596056965955
world_model_cem,42,917,-283.11035912292266
world_model_cem,42,918,-291.5485146553217
world_model_cem,42,919,-287.55756439852894
world_model_cem,42,920,-287.90736378919183
world_model_cem,42,921,-291.3042915868019
world_model_cem,42,922,-284.1194965825832
world_model_cem,42,923,-287.98347633977545
world_model_cem,42,924,-282.816387015186
world_model_cem,42,925,-266.7232937843931
world_model_cem,42,926,-284.66858682196323
world_model_cem,42,927,-290.0528384143354
world_model_cem,42,928,-286.8990298546985
world_model_cem,42,929,-284.12756900633633
world_model_cem,42,930,-285.85041363158206
world_model_cem,42,931,-286.04392680901657
world_model_cem,42,932,-278.4450486974383
world_model_cem,42,933,-277.3110035239683
world_model_cem,42,934,-285.8351602596281
world_model_cem,42,935,-272.23347722666216
world_model_cem,42,936,-274.5199233290624
world_model_cem,42,937,-276.463089517173
world_model_cem,42,938,-285.2164680995469
world_model_cem,42,939,-283.49396476784534
world_model_cem,42,940,-289.17005010907997
world_model_cem,42,941,-280.42157559573997
world_model_cem,42,942,-286.3450031223686
world_model_cem,42,943,-285.18709757517973
world_model_cem,42,944,-291.2368540125549
world_model_cem,42,945,-273.90634080762703
world_model_cem,42,946,-272.83718142621603
world_model_cem,42,947,-274.5642938618698
world_model_cem,42,948,-280.76037760436344
world_model_cem,42,949,-271.17903857207784
world_model_cem,42,950,-285.5871801619458
world_model_cem,42,951,-275.5398574372408
world_model_cem,42,952,-274.4355811190686
world_model_cem,42,953,-272.951254064001
world_model_cem,42,954,-271.2722093351971
world_model_cem,42,955,-262.39078664754544
world_model_cem,42,956,-278.2800876215031
world_model_cem,42,957,-268.8871077670716
world_model_cem,42,958,-275.0950098501149
world_model_cem,42,959,-280.2022235123848
world_model_cem,42,960,-277.3829619930338
world_model_cem,42,961,-284.1865458353623
world_model_cem,42,962,-284.4402590140249
world_model_cem,42,963,-279.61708048044045
world_model_cem,42,964,-279.5032812530055
world_model_cem,42,965,-284.60900519473614
world_model_cem,42,966,-280.64425513340495
world_model_cem,42,967,-272.563955510934
world_model_cem,42,968,-293.01074966950483
world_model_cem,42,969,-289.36780942105133
world_model_cem,42,970,-291.96243122993246
world_model_cem,42,971,-293.9153582265301
world_model_cem,42,972,-279.2793761066987
world_model_cem,42,973,-294.76948634420023
world_model_cem,42,974,-286.70780366470586
world_model_cem,42,975,-291.07331944881685
world_model_cem,42,976,-281.5329545164318
world_model_cem,42,977,-272.55895512850833
world_model_cem,42,978,-280.4293345113047
world_model_cem,42,979,-283.64920291665493
world_model_cem,42,980,-285.8921471730528
world_model_cem,42,981,-294.5305648939747
world_model_cem,42,982,-289.22870308411495
world_model_cem,42,983,-287.9483548853557
world_model_cem,42,984,-287.98803042046285
world_model_cem,42,985,-275.20245595539006
world_model_cem,42,986,-279.0490448125628
world_model_cem,42,987,-272.8435683457296
world_model_cem,42,988,-274.48910254303786
world_model_cem,42,989,-280.65066649612555
world_model_cem,42,990,-271.2009215677391
world_model_cem,42,991,-276.79068080399014
world_model_cem,42,992,-280.45315535290484
world_model_cem,42,993,-287.3165740319846
world_model_cem,42,994,-279.24487120021377
world_model_cem,42,995,-287.95235255878106
world_model_cem,42,996,-280.21549099963255
world_model_cem,42,997,-282.96299015961927
world_model_cem,42,998,-285.3116373486988
world_model_cem,42,999,-286.2525935601209
world_model_cem,42,1000,-291.31063490460656
world_model_cem,43,1,-179.63222887646822
world_model_cem,43,2,-201.1291954607903
world_model_cem,43,3,-175.4038910903944
world_model_cem,43,4,-187.65046522919658
world_model_cem,43,5,-178.24079484945372
world_model_cem,43,6,-174.6064305246333
world_model_cem,43,7,-169.2818947306381
world_model_cem,43,8,-208.04162749047413
world_model_cem,43,9,-202.53197887192042
world_model_cem,43,10,-206.99308182737718
world_model_cem,43,11,-210.94045610599778
world_model_cem,43,12,-215.6398389437374
world_model_cem,43,13,-216.92908351711137
world_model_cem,43,14,-242.3257834980435
world_model_cem,43,15,-229.55279570133138
world_model_cem,43,16,-234.29848646727606
world_model_cem,43,17,-279.63095505808576
world_model_cem,43,18,-249.58687604788423
world_model_cem,43,19,-275.0711113142861
world_model_cem,43,20,-283.9178732431054
world_model_cem,43,21,-288.43971713759606
world_model_cem,43,22,-282.4413491711447
world_model_cem,43,23,-279.90729254249027
world_model_cem,43,24,-297.18421733614355
world_model_cem,43,25,-322.4695315089929
world_model_cem,43,26,-270.30179914601206
world_model_cem,43,27,-260.74365979901904
world_model_cem,43,28,-255.49482457547046
world_model_cem,43,29,-332.5464622075828
world_model_cem,43,30,-338.42822728756875
world_model_cem,43,31,-278.12235507981075
world_model_cem,43,32,-350.45023592940174
world_model_cem,43,33,-237.30716987907198
world_model_cem,43,34,-319.9122783289567
world_model_cem,43,35,-240.4441765385018
world_model_cem,43,36,-306.58208623990856
world_model_cem,43,37,-314.45290609834615
world_model_cem,43,38,-278.4634633254401
world_model_cem,43,39,-234.96523889604498
world_model_cem,43,40,-326.76292949195556
world_model_cem,43,41,-193.40514740056403
world_model_cem,43,42,-213.67179313511042
world_model_cem,43,43,-263.85710256118784
world_model_cem,43,44,-196.11943721356567
world_model_cem,43,45,-303.58691643925323
world_model_cem,43,46,-305.58243754870045
world_model_cem,43,47,-311.35563429653195
world_model_cem,43,48,-287.2006361729793
world_model_cem,43,49,-193.79156164496013
world_model_cem,43,50,-257.7155156477787
world_model_cem,43,51,-240.12847437009378
world_model_cem,43,52,-290.7893744419791
world_model_cem,43,53,-291.64483405587254
world_model_cem,43,54,-289.7902982485595
world_model_cem,43,55,-287.6030829353768
world_model_cem,43,56,-286.93046792489383
world_model_cem,43,57,-274.3733568821357
world_model_cem,43,58,-285.32121823711253
world_model_cem,43,59,-285.6007900012986
world_model_cem,43,60,-292.110041811733
world_model_cem,43,61,-291.7527080066171
world_model_cem,43,62,-291.7219253911519
world_model_cem,43,63,-290.1629898002259
world_model_cem,43,64,-300.9274893113649
world_model_cem,43,65,-296.1761505363409
world_model_cem,43,66,-295.89882157470043
world_model_cem,43,67,-289.5274769334779
world_model_cem,43,68,-290.94133278303974
world_model_cem,43,69,-282.9401116482911
world_model_cem,43,70,-280.9985687095323
world_model_cem,43,71,-278.65606436943943
world_model_cem,43,72,-284.7272843137226
world_model_cem,43,73,-279.3099532668987
world_model_cem,43,74,-265.76449391485204
world_model_cem,43,75,-284.04919899197364
world_model_cem,43,76,-267.44256781078553
world_model_cem,43,77,-269.1746687139355
world_model_cem,43,78,-279.5618236668067
world_model_cem,43,79,-279.53392146765566
world_model_cem,43,80,-288.76534003034647
world_model_cem,43,81,-293.6627296834797
world_model_cem,43,82,-292.708900907197
world_model_cem,43,83,-289.1281322905398
world_model_cem,43,84,-296.8689894632418
world_model_cem,43,85,-291.531833451965
world_model_cem,43,86,-293.6700106944667
world_model_cem,43,87,-297.7302211108007
world_model_cem,43,88,-279.6015169869786
world_model_cem,43,89,-277.8496345117473
world_model_cem,43,90,-289.03000873994625
world_model_cem,43,91,-287.6136171370987
world_model_cem,43,92,-279.9869555260351
world_model_cem,43,93,-274.631727005734
world_model_cem,43,94,-284.7344740754854
world_model_cem,43,95,-281.70362489111665
world_model_cem,43,96,-273.9245714401648
world_model_cem,43,97,-266.5854828670375
world_model_cem,43,98,-279.69250326513327
world_model_cem,43,99,-278.3331146440685
world_model_cem,43,100,-278.7412463092305
world_model_cem,43,101,-285.40588366771993
world_model_cem,43,102,-279.0886740980584
world_model_cem,43,103,-285.218034534297
world_model_cem,43,104,-276.63840958929916
world_model_cem,43,105,-284.0609799263522
world_model_cem,43,106,-292.1209876914162
world_model_cem,43,107,-288.55762466017916
world_model_cem,43,108,-278.8261221748482
world_model_cem,43,109,-291.01467599054473
world_model_cem,43,110,-275.5875500406756
world_model_cem,43,111,-287.313419180359
world_model_cem,43,112,-278.43714473755153
world_model_cem,43,113,-285.6117836647518
world_model_cem,43,114,-279.34802161826735
world_model_cem,43,115,-277.62614256581253
world_model_cem,43,116,-273.6858800998268
world_model_cem,43,117,-274.7636680713137
world_model_cem,43,118,-272.2306363638345
world_model_cem,43,119,-272.5599788486802
world_model_cem,43,120,-276.9862655060813
world_model_cem,43,121,-264.75938337016714
world_model_cem,43,122,-261.6812415196192
world_model_cem,43,123,-271.0372136324737
world_model_cem,43,124,-272.3391894529041
world_model_cem,43,125,-278.5680061430244
world_model_cem,43,126,-276.7984809846232
world_model_cem,43,127,-270.53488188474864
world_model_cem,43,128,-263.82876692689865
world_model_cem,43,129,-276.6979310454364
world_model_cem,43,130,-284.8967313619154
world_model_cem,43,131,-280.60412145437425
world_model_cem,43,132,-276.10657493634545
world_model_cem,43,133,-281.72695286471406
world_model_cem,43,134,-274.4643906984533
world_model_cem,43,135,-275.88734712427805
world_model_cem,43,136,-274.16176843107314
world_model_cem,43,137,-263.4094201501829
world_model_cem,43,138,-264.4922253959714
world_model_cem,43,139,-264.12694942771435
world_model_cem,43,140,-276.2193782988477
world_model_cem,43,141,-254.3432738615443
world_model_cem,43,142,-255.04959950406905
world_model_cem,43,143,-254.69641752206786
world_model_cem,43,144,-261.26396908400955
world_model_cem,43,145,-266.69557739951847
world_model_cem,43,146,-273.5994534364147
world_model_cem,43,147,-278.5121406641615
world_model_cem,43,148,-271.27512199520015
world_model_cem,43,149,-289.1497432244105
world_model_cem,43,150,-289.27463431230774
world_model_cem,43,151,-288.43010356235135
world_model_cem,43,152,-290.69943806039373
world_model_cem,43,153,-289.35779556823184
world_model_cem,43,154,-286.0340516756816
world_model_cem,43,155,-283.982733580306
world_model_cem,43,156,-291.6571873672322
world_model_cem,43,157,-285.9109681552948
world_model_cem,43,158,-280.47263611778874
world_model_cem,43,159,-276.70602631454176
world_model_cem,43,160,-271.0760047959841
world_model_cem,43,161,-265.54836126879013
world_model_cem,43,162,-258.2453437782121
world_model_cem,43,163,-259.4537290815501
world_model_cem,43,164,-255.99673331895212
world_model_cem,43,165,-254.45559244510375
world_model_cem,43,166,-254.67240484139842
world_model_cem,43,167,-252.37972336205746
world_model_cem,43,168,-261.4758253469242
world_model_cem,43,169,-265.05407216710455
world_model_cem,43,170,-268.00469314366194
world_model_cem,43,171,-269.3397079728319
world_model_cem,43,172,-275.3123182460282
world_model_cem,43,173,-278.60378311020247
world_model_cem,43,174,-285.2891160097332
world_model_cem,43,175,-272.60898415783976
world_model_cem,43,176,-283.5501054607218
world_model_cem,43,177,-287.7760439543073
world_model_cem,43,178,-295.9333145775117
world_model_cem,43,179,-289.5204619043974
world_model_cem,43,180,-279.44013095756486
world_model_cem,43,181,-293.0829554231181
world_model_cem,43,182,-292.90459719769024
world_model_cem,43,183,-293.3098081907598
world_model_cem,43,184,-288.7558345657743
world_model_cem,43,185,-289.0797195548592
world_model_cem,43,186,-285.7882763420333
world_model_cem,43,187,-290.36843794765093
world_model_cem,43,188,-280.98607498235276
world_model_cem,43,189,-289.59555139369337
world_model_cem,43,190,-274.3320276048062
world_model_cem,43,191,-281.8987806441774
world_model_cem,43,192,-288.10816861156803
world_model_cem,43,193,-283.33905452067125
world_model_cem,43,194,-284.8463406016384
world_model_cem,43,195,-281.1910658315126
world_model_cem,43,196,-280.934326130483
world_model_cem,43,197,-280.76233657356863
world_model_cem,43,198,-277.4259285411422
world_model_cem,43,199,-283.0583803180819
world_model_cem,43,200,-283.85648126639086
world_model_cem,43,201,-272.6106447637597
world_model_cem,43,202,-276.5657761282845
world_model_cem,43,203,-277.75238944025307
world_model_cem,43,204,-280.8353160973414
world_model_cem,43,205,-272.3780219207509
world_model_cem,43,206,-268.59847147764833
world_model_cem,43,207,-272.5824703562897
world_model_cem,43,208,-273.14014907113983
world_model_cem,43,209,-279.0161931981752
world_model_cem,43,210,-277.4577457203475
world_model_cem,43,211,-278.473173806701
world_model_cem,43,212,-282.4733032686601
world_model_cem,43,213,-290.33555143491805
world_model_cem,43,214,-282.45593288253417
world_model_cem,43,215,-279.713606460305
world_model_cem,43,216,-292.2522086684674
world_model_cem,43,217,-292.6219190405284
world_model_cem,43,218,-289.2437702253667
world_model_cem,43,219,-293.6056487463348
world_model_cem,43,220,-287.9730119764531
world_model_cem,43,221,-278.6234167564145
world_model_cem,43,222,-287.293996307736
world_model_cem,43,223,-278.7488152800313
world_model_cem,43,224,-285.2094869218997
world_model_cem,43,225,-277.8326460937315
world_model_cem,43,226,-283.0116399069309
world_model_cem,43,227,-270.0597660745899
world_model_cem,43,228,-261.6769412031888
world_model_cem,43,229,-275.6422223184195
world_model_cem,43,230,-276.7559854009671
world_model_cem,43,231,-266.84458128657405
world_model_cem,43,232,-270.16090075181785
world_model_cem,43,233,-271.56696925660384
world_model_cem,43,234,-264.87209726732834
world_model_cem,43,235,-267.88793745393673
world_model_cem,43,236,-272.0446369401567
world_model_cem,43,237,-271.8365434368927
world_model_cem,43,238,-269.5188186790466
world_model_cem,43,239,-278.8229963814556
world_model_cem,43,240,-272.83512176216436
world_model_cem,43,241,-273.6012284441453
world_model_cem,43,242,-283.68433898802755
world_model_cem,43,243,-280.3854717378109
world_model_cem,43,244,-273.3971531850991
world_model_cem,43,245,-277.37715620711384
world_model_cem,43,246,-268.98037911121577
world_model_cem,43,247,-263.894479146687
world_model_cem,43,248,-266.25888221544466
world_model_cem,43,249,-275.3822646564981
world_model_cem,43,250,-274.4282600237646
world_model_cem,43,251,-274.20000159353634
world_model_cem,43,252,-265.40066403959656
world_model_cem,43,253,-267.9142554442987
world_model_cem,43,254,-259.16582741556033
world_model_cem,43,255,-264.8594882545238
world_model_cem,43,256,-274.4693976058761
world_model_cem,43,257,-276.2820800396173
world_model_cem,43,258,-279.52416893683846
world_model_cem,43,259,-284.7187854213811
world_model_cem,43,260,-283.12179860049207
world_model_cem,43,261,-285.42137575347425
world_model_cem,43,262,-290.4455997993542
world_model_cem,43,263,-287.07314008590936
world_model_cem,43,264,-287.4667564580656
world_model_cem,43,265,-285.7126847686087
world_model_cem,43,266,-292.2685618128878
world_model_cem,43,267,-289.5387445277794
world_model_cem,43,268,-275.0811674938787
world_model_cem,43,269,-290.4239352252116
world_model_cem,43,270,-280.01300663130223
world_model_cem,43,271,-284.15147726254065
world_model_cem,43,272,-281.9543759106007
world_model_cem,43,273,-284.6174868102137
world_model_cem,43,274,-293.29536855546394
world_model_cem,43,275,-279.937338530176
world_model_cem,43,276,-284.59950006990465
world_model_cem,43,277,-287.42101312202135
world_model_cem,43,278,-286.0138824335056
world_model_cem,43,279,-287.9613423687859
world_model_cem,43,280,-289.3420727668861
world_model_cem,43,281,-280.1314111118157
world_model_cem,43,282,-282.11406155041465
world_model_cem,43,283,-278.2181591017954
world_model_cem,43,284,-275.7549728244376
world_model_cem,43,285,-277.1635935590315
world_model_cem,43,286,-275.8225025017225
world_model_cem,43,287,-277.8309717360092
world_model_cem,43,288,-281.2046638629296
world_model_cem,43,289,-276.6263295753232
world_model_cem,43,290,-275.165887892822
world_model_cem,43,291,-282.81096583952586
world_model_cem,43,292,-280.059488470994
world_model_cem,43,293,-282.5145787176633
world_model_cem,43,294,-279.9654679130595
world_model_cem,43,295,-278.6031063095886
world_model_cem,43,296,-289.27233332276774
world_model_cem,43,297,-290.0041519013093
world_model_cem,43,298,-282.6953844769272
world_model_cem,43,299,-289.46531357591493
world_model_cem,43,300,-290.4606075689938
world_model_cem,43,301,-284.31647567035947
world_model_cem,43,302,-281.8866289174932
world_model_cem,43,303,-287.142409046222
world_model_cem,43,304,-277.0948770896284
world_model_cem,43,305,-282.5487411162217
world_model_cem,43,306,-281.47332785783294
world_model_cem,43,307,-285.50248084460355
world_model_cem,43,308,-276.92552013450984
world_model_cem,43,309,-286.1804534410447
world_model_cem,43,310,-285.58382251857927
world_model_cem,43,311,-287.5842977285578
world_model_cem,43,312,-282.98102399482065
world_model_cem,43,313,-284.9462859482776
world_model_cem,43,314,-287.54527987366185
world_model_cem,43,315,-289.62843097692644
world_model_cem,43,316,-282.3842790305881
world_model_cem,43,317,-288.63986155877865
world_model_cem,43,318,-287.45022365130467
world_model_cem,43,319,-272.6704562865989
world_model_cem,43,320,-285.6352715069594
world_model_cem,43,321,-289.9780515243224
world_model_cem,43,322,-289.3162033733125
world_model_cem,43,323,-272.4463946848749
world_model_cem,43,324,-281.76333693359226
world_model_cem,43,325,-277.0867720996265
world_model_cem,43,326,-275.13516576268876
world_model_cem,43,327,-275.63477026906514
world_model_cem,43,328,-278.71335496878055
world_model_cem,43,329,-280.969015789089
world_model_cem,43,330,-285.9394475744658
world_model_cem,43,331,-269.6229662108371
world_model_cem,43,332,-267.5580799670654
world_model_cem,43,333,-258.189586583193
world_model_cem,43,334,-264.0837502702684
world_model_cem,43,335,-265.33682964778916
world_model_cem,43,336,-265.6820042439283
world_model_cem,43,337,-271.657597706762
world_model_cem,43,338,-273.6366330517218
world_model_cem,43,339,-270.72815411348193
world_model_cem,43,340,-264.775394125533
world_model_cem,43,341,-269.37826758105814
world_model_cem,43,342,-264.98509223151297
world_model_cem,43,343,-280.07421824703084
world_model_cem,43,344,-278.09512485887706
world_model_cem,43,345,-273.0486903016715
world_model_cem,43,346,-290.6785483562291
world_model_cem,43,347,-284.3917614348151
world_model_cem,43,348,-285.30155771433965
world_model_cem,43,349,-289.9926814321691
world_model_cem,43,350,-289.3581293235021
world_model_cem,43,351,-287.7296315869844
world_model_cem,43,352,-290.17285284214535
world_model_cem,43,353,-293.51357291720973
world_model_cem,43,354,-291.0298587647786
world_model_cem,43,355,-267.41030937223627
world_model_cem,43,356,-281.6411659670986
world_model_cem,43,357,-288.2167413133272
world_model_cem,43,358,-287.6991848682425
world_model_cem,43,359,-284.6577267949925
world_model_cem,43,360,-289.45786413591406
world_model_cem,43,361,-272.8629220541506
world_model_cem,43,362,-289.32517581515384
world_model_cem,43,363,-289.61276279827587
world_model_cem,43,364,-268.98327315986717
world_model_cem,43,365,-280.78520723880115
world_model_cem,43,366,-286.35665850220835
world_model_cem,43,367,-286.64866678351444
world_model_cem,43,368,-276.0610640922456
world_model_cem,43,369,-277.45770937300506
world_model_cem,43,370,-275.0285587216633
world_model_cem,43,371,-275.0963815408988
world_model_cem,43,372,-283.26041648599767
world_model_cem,43,373,-280.2652846208599
world_model_cem,43,374,-280.2060568112991
world_model_cem,43,375,-278.4673152025764
world_model_cem,43,376,-277.154928822437
world_model_cem,43,377,-284.470064580969
world_model_cem,43,378,-274.6103378697776
world_model_cem,43,379,-264.5439018926617
world_model_cem,43,380,-269.3484465411324
world_model_cem,43,381,-272.6149866785937
world_model_cem,43,382,-278.31863728625393
world_model_cem,43,383,-272.04241663941104
world_model_cem,43,384,-262.07015857580717
world_model_cem,43,385,-269.92275675318143
world_model_cem,43,386,-270.80809725976064
world_model_cem,43,387,-265.76618319311444
world_model_cem,43,388,-266.29714964810745
world_model_cem,43,389,-276.7249931513665
world_model_cem,43,390,-275.47298635191555
world_model_cem,43,391,-279.0663903319539
world_model_cem,43,392,-276.69676939804594
world_model_cem,43,393,-284.7557552867245
world_model_cem,43,394,-287.07359096962205
world_model_cem,43,395,-283.0311737341431
world_model_cem,43,396,-283.33234392644295
world_model_cem,43,397,-290.8369633290885
world_model_cem,43,398,-286.68741540481005
world_model_cem,43,399,-297.1211971196451
world_model_cem,43,400,-294.0364241636997
world_model_cem,43,401,-288.5364980506902
world_model_cem,43,402,-288.63414227198734
world_model_cem,43,403,-288.453527079595
world_model_cem,43,404,-271.6991906090004
world_model_cem,43,405,-282.4929154346313
world_model_cem,43,406,-283.4752303789905
world_model_cem,43,407,-287.6563395992137
world_model_cem,43,408,-290.89612520980097
world_model_cem,43,409,-294.7449041532799
world_model_cem,43,410,-284.75638456127615
world_model_cem,43,411,-277.1569165551953
world_model_cem,43,412,-285.83123488938173
world_model_cem,43,413,-279.2592760138116
world_model_cem,43,414,-284.8867603375911
world_model_cem,43,415,-277.87812386353386
world_model_cem,43,416,-275.739610785993
world_model_cem,43,417,-278.80239383202974
world_model_cem,43,418,-278.67462902305743
world_model_cem,43,419,-271.9032320161836
world_model_cem,43,420,-277.5817497231154
world_model_cem,43,421,-286.1693560445856
world_model_cem,43,422,-283.69819362966865
world_model_cem,43,423,-274.4488690291086
world_model_cem,43,424,-281.0552747114151
world_model_cem,43,425,-276.20607519644835
world_model_cem,43,426,-282.0368829934308
world_model_cem,43,427,-279.3196767025233
world_model_cem,43,428,-284.88351261824243
world_model_cem,43,429,-287.2885131486319
world_model_cem,43,430,-287.83061610930537
world_model_cem,43,431,-281.55562632880367
world_model_cem,43,432,-278.5475058216874
world_model_cem,43,433,-282.6869089869062
world_model_cem,43,434,-291.10299445385
world_model_cem,43,435,-286.07190662569417
world_model_cem,43,436,-287.69236636850377
world_model_cem,43,437,-279.48471286094434
world_model_cem,43,438,-274.0915406585346
world_model_cem,43,439,-276.2827208003629
world_model_cem,43,440,-275.17244515423624
world_model_cem,43,441,-272.89204795535363
world_model_cem,43,442,-275.15680061153967
world_model_cem,43,443,-271.9361972110355
world_model_cem,43,444,-266.13132183615596
world_model_cem,43,445,-268.8771708342706
world_model_cem,43,446,-257.2885772137265
world_model_cem,43,447,-248.80009367172835
world_model_cem,43,448,-255.52952783727764
world_model_cem,43,449,-271.80122480326617
world_model_cem,43,450,-265.96179540461515
world_model_cem,43,451,-269.79601381164366
world_model_cem,43,452,-286.2560268295888
world_model_cem,43,453,-280.8159264614545
world_model_cem,43,454,-280.815519814352
world_model_cem,43,455,-289.8314786319332
world_model_cem,43,456,-289.1094475488449
world_model_cem,43,457,-293.0802763447672
world_model_cem,43,458,-282.69718061116623
world_model_cem,43,459,-289.0258322676092
world_model_cem,43,460,-293.6468866657838
world_model_cem,43,461,-284.13007640771116
world_model_cem,43,462,-286.95298997324846
world_model_cem,43,463,-292.9380871687731
world_model_cem,43,464,-289.3757963385027
world_model_cem,43,465,-285.0930826917667
world_model_cem,43,466,-289.8777744076646
world_model_cem,43,467,-277.6347302113171
world_model_cem,43,468,-281.55469888553245
world_model_cem,43,469,-280.76200843788206
world_model_cem,43,470,-287.19431332126686
world_model_cem,43,471,-285.16619008034166
world_model_cem,43,472,-279.73344336470996
world_model_cem,43,473,-282.204656721335
world_model_cem,43,474,-287.1813702800581
world_model_cem,43,475,-282.0538310282421
world_model_cem,43,476,-281.5626421486403
world_model_cem,43,477,-286.2630745807394
world_model_cem,43,478,-283.6907594457724
world_model_cem,43,479,-282.611177320956
world_model_cem,43,480,-277.24682156618655
world_model_cem,43,481,-276.2232676282072
world_model_cem,43,482,-268.67076303492627
world_model_cem,43,483,-274.2118735327567
world_model_cem,43,484,-266.4604520863827
world_model_cem,43,485,-275.76269702787584
world_model_cem,43,486,-276.12642586866616
world_model_cem,43,487,-280.7176698198018
world_model_cem,43,488,-278.47776359080535
world_model_cem,43,489,-281.52412020009314
world_model_cem,43,490,-271.604657384735
world_model_cem,43,491,-283.9431312265573
world_model_cem,43,492,-278.4780186110502
world_model_cem,43,493,-285.2832453746466
world_model_cem,43,494,-279.2878151548576
world_model_cem,43,495,-289.2003674537447
world_model_cem,43,496,-285.46904844718074
world_model_cem,43,497,-278.08867633058895
world_model_cem,43,498,-277.1551848452946
world_model_cem,43,499,-279.1610631767836
world_model_cem,43,500,-277.38082843852123
world_model_cem,43,501,-276.27210946184715
world_model_cem,43,502,-273.5385283209594
world_model_cem,43,503,-277.19335892942036
world_model_cem,43,504,-266.11906437346863
world_model_cem,43,505,-287.35038016173803
world_model_cem,43,506,-285.71852178229585
world_model_cem,43,507,-277.5891606021564
world_model_cem,43,508,-270.41478274482006
world_model_cem,43,509,-288.3444129440656
world_model_cem,43,510,-287.77063938702287
world_model_cem,43,511,-287.41344646772086
world_model_cem,43,512,-280.3457323862721
world_model_cem,43,513,-290.6307426146267
world_model_cem,43,514,-289.39386176619485
world_model_cem,43,515,-284.9836111940473
world_model_cem,43,516,-284.5281058916212
world_model_cem,43,517,-281.66261187382133
world_model_cem,43,518,-272.047979586377
world_model_cem,43,519,-280.6801477357598
world_model_cem,43,520,-280.73933378407935
world_model_cem,43,521,-264.5950620130357
world_model_cem,43,522,-267.68824234787553
world_model_cem,43,523,-264.62139703752825
world_model_cem,43,524,-263.36442243035634
world_model_cem,43,525,-265.0693096765595
world_model_cem,43,526,-262.04547648334767
world_model_cem,43,527,-269.1530269455095
world_model_cem,43,528,-259.165208998373
world_model_cem,43,529,-266.40906383340825
world_model_cem,43,530,-264.1864410210806
world_model_cem,43,531,-258.36093720155833
world_model_cem,43,532,-259.6136920927421
world_model_cem,43,533,-265.6259445302642
world_model_cem,43,534,-275.00325010590046
world_model_cem,43,535,-275.02656908493634
world_model_cem,43,536,-285.2484090461845
world_model_cem,43,537,-289.4728824344499
world_model_cem,43,538,-285.87255477104077
world_model_cem,43,539,-291.98660202768434
world_model_cem,43,540,-289.0847729344782
world_model_cem,43,541,-296.9142809924109
world_model_cem,43,542,-293.4290838181886
world_model_cem,43,543,-284.9741253864014
world_model_cem,43,544,-284.0193117279819
world_model_cem,43,545,-286.5433001036416
world_model_cem,43,546,-292.4082472135126
world_model_cem,43,547,-295.89390441441867
world_model_cem,43,548,-289.3387157440137
world_model_cem,43,549,-285.9346090880516
world_model_cem,43,550,-276.1458982081608
world_model_cem,43,551,-284.6726028661668
world_model_cem,43,552,-281.80345927846395
world_model_cem,43,553,-274.0068768853761
world_model_cem,43,554,-282.04051800252984
world_model_cem,43,555,-273.3464121528114
world_model_cem,43,556,-279.62155549295005
world_model_cem,43,557,-279.65649109569034
world_model_cem,43,558,-279.6839987181572
world_model_cem,43,559,-283.53982053305424
world_model_cem,43,560,-282.915788900321
world_model_cem,43,561,-273.04992170349624
world_model_cem,43,562,-282.9900184315827
world_model_cem,43,563,-282.42005150761844
world_model_cem,43,564,-281.1328502856409
world_model_cem,43,565,-279.1640772698917
world_model_cem,43,566,-273.83859143024176
world_model_cem,43,567,-275.3343422912868
world_model_cem,43,568,-270.93998832884984
world_model_cem,43,569,-278.06597098697165
world_model_cem,43,570,-277.1908098364363
world_model_cem,43,571,-273.19391455057695
world_model_cem,43,572,-268.1688577362543
world_model_cem,43,573,-270.9023663434
world_model_cem,43,574,-280.14031145995733
world_model_cem,43,575,-283.3106278477302
world_model_cem,43,576,-269.61344431331537
world_model_cem,43,577,-273.2330421050649
world_model_cem,43,578,-278.88276799102806
world_model_cem,43,579,-287.5497378692771
world_model_cem,43,580,-286.4213291724516
world_model_cem,43,581,-276.4058978794671
world_model_cem,43,582,-282.6264979799014
world_model_cem,43,583,-279.04012876618714
world_model_cem,43,584,-267.8038179935959
world_model_cem,43,585,-277.93912835926255
world_model_cem,43,586,-274.57858522573207
world_model_cem,43,587,-280.07028086887686
world_model_cem,43,588,-270.0416593772618
world_model_cem,43,589,-268.4048025292095
world_model_cem,43,590,-266.4632052770613
world_model_cem,43,591,-262.29980709134355
world_model_cem,43,592,-257.1979827554317
world_model_cem,43,593,-265.9611822698385
world_model_cem,43,594,-269.2680560738022
world_model_cem,43,595,-274.4105977708839
world_model_cem,43,596,-279.1393998025497
world_model_cem,43,597,-288.8572798821752
world_model_cem,43,598,-283.59190403265916
world_model_cem,43,599,-290.27971762587185
world_model_cem,43,600,-278.28510817073345
world_model_cem,43,601,-289.1513780850244
world_model_cem,43,602,-285.5213722589062
world_model_cem,43,603,-288.7582670811
world_model_cem,43,604,-289.86183597894717
world_model_cem,43,605,-289.7066897027717
world_model_cem,43,606,-279.76192269384853
world_model_cem,43,607,-287.4172196875131
world_model_cem,43,608,-284.9437686271418
world_model_cem,43,609,-291.66802852461404
world_model_cem,43,610,-283.3046691252016
world_model_cem,43,611,-285.9449307907591
world_model_cem,43,612,-278.8717291657017
world_model_cem,43,613,-287.63271436066344
world_model_cem,43,614,-284.1908090688991
world_model_cem,43,615,-278.10874039872954
world_model_cem,43,616,-282.0371763198014
world_model_cem,43,617,-282.75713386099363
world_model_cem,43,618,-290.63492794485165
world_model_cem,43,619,-288.26674020613666
world_model_cem,43,620,-289.2035532092491
world_model_cem,43,621,-285.20960440064096
world_model_cem,43,622,-284.93220506015336
world_model_cem,43,623,-286.9314542222965
world_model_cem,43,624,-283.51237836586677
world_model_cem,43,625,-278.75554543023424
world_model_cem,43,626,-284.48490111988315
world_model_cem,43,627,-286.18878578819977
world_model_cem,43,628,-282.1127311342869
world_model_cem,43,629,-281.78855671326517
world_model_cem,43,630,-285.47736564776494
world_model_cem,43,631,-276.66019905545
world_model_cem,43,632,-290.67089659577016
world_model_cem,43,633,-286.6530074853292
world_model_cem,43,634,-291.8570207235925
world_model_cem,43,635,-282.51606566061173
world_model_cem,43,636,-290.3477303728004
world_model_cem,43,637,-284.7756028843675
world_model_cem,43,638,-279.9000372166037
world_model_cem,43,639,-289.9380158414876
world_model_cem,43,640,-284.16397709957903
world_model_cem,43,641,-278.10030614859926
world_model_cem,43,642,-286.6515946940278
world_model_cem,43,643,-287.99020144982177
world_model_cem,43,644,-264.1522147629714
world_model_cem,43,645,-258.3690512905783
world_model_cem,43,646,-247.0400002206172
world_model_cem,43,647,-267.54215273332363
world_model_cem,43,648,-274.460919428077
world_model_cem,43,649,-272.1819238341227
world_model_cem,43,650,-275.3493666188945
world_model_cem,43,651,-280.1639223450958
world_model_cem,43,652,-274.8781866844637
world_model_cem,43,653,-280.2432274632782
world_model_cem,43,654,-283.32219996534894
world_model_cem,43,655,-276.974005784317
world_model_cem,43,656,-284.20892360219176
world_model_cem,43,657,-286.2676739303672
world_model_cem,43,658,-284.3201497404084
world_model_cem,43,659,-279.7291478649202
world_model_cem,43,660,-273.43043009943494
world_model_cem,43,661,-278.33621071809125
world_model_cem,43,662,-276.6190499881853
world_model_cem,43,663,-275.4916276196329
world_model_cem,43,664,-270.19316106744867
world_model_cem,43,665,-272.96839633146925
world_model_cem,43,666,-266.9963583396163
world_model_cem,43,667,-259.27579367114475
world_model_cem,43,668,-272.49013355959534
world_model_cem,43,669,-261.83075722896933
world_model_cem,43,670,-266.7355075284746
world_model_cem,43,671,-268.9502096947051
world_model_cem,43,672,-277.96977898985494
world_model_cem,43,673,-274.1306189125786
world_model_cem,43,674,-285.4636198788719
world_model_cem,43,675,-283.8958477906549
world_model_cem,43,676,-287.12721150216674
world_model_cem,43,677,-291.54650939336216
world_model_cem,43,678,-275.26315464582495
world_model_cem,43,679,-288.5244152004292
world_model_cem,43,680,-286.81644805545795
world_model_cem,43,681,-287.45723261473876
world_model_cem,43,682,-282.39450011160477
world_model_cem,43,683,-283.7108261430148
world_model_cem,43,684,-281.8219328589252
world_model_cem,43,685,-276.25553053503074
world_model_cem,43,686,-275.83025194473265
world_model_cem,43,687,-275.59856289305327
world_model_cem,43,688,-274.83968451789946
world_model_cem,43,689,-281.9641130255998
world_model_cem,43,690,-280.9043091035669
world_model_cem,43,691,-282.0790397864962
world_model_cem,43,692,-284.50488723627495
world_model_cem,43,693,-288.14512973187914
world_model_cem,43,694,-287.71818514131877
world_model_cem,43,695,-283.03057970608313
world_model_cem,43,696,-276.7160608262538
world_model_cem,43,697,-282.2388344728989
world_model_cem,43,698,-284.9520296073916
world_model_cem,43,699,-284.01902888568475
world_model_cem,43,700,-280.7127855192681
world_model_cem,43,701,-276.9045545037991
world_model_cem,43,702,-285.2511457807043
world_model_cem,43,703,-259.57490703592964
world_model_cem,43,704,-266.57922301382246
world_model_cem,43,705,-255.07064423852725
world_model_cem,43,706,-262.4822367231855
world_model_cem,43,707,-266.7479741204147
world_model_cem,43,708,-268.7740249110015
world_model_cem,43,709,-265.5525942427317
world_model_cem,43,710,-268.2514720898593
world_model_cem,43,711,-248.7432515043051
world_model_cem,43,712,-259.015461897267
world_model_cem,43,713,-258.5025331146832
world_model_cem,43,714,-263.7284084411118
world_model_cem,43,715,-273.39473611230477
world_model_cem,43,716,-281.47497334389396
world_model_cem,43,717,-267.386876880037
world_model_cem,43,718,-290.52385979795326
world_model_cem,43,719,-290.07052446581173
world_model_cem,43,720,-291.227447962925
world_model_cem,43,721,-288.82558344785053
world_model_cem,43,722,-286.18559946210956
world_model_cem,43,723,-282.66450907062506
world_model_cem,43,724,-280.1341772491839
world_model_cem,43,725,-274.16851564116644
world_model_cem,43,726,-269.2881459150746
world_model_cem,43,727,-269.96806388081257
world_model_cem,43,728,-267.8253707728605
world_model_cem,43,729,-255.54734457032157
world_model_cem,43,730,-257.6264872536672
world_model_cem,43,731,-259.5052165999057
world_model_cem,43,732,-247.74492438621354
world_model_cem,43,733,-269.4649892563403
world_model_cem,43,734,-269.2926050434134
world_model_cem,43,735,-271.1298423899349
world_model_cem,43,736,-274.25985740418247
world_model_cem,43,737,-287.3528676945508
world_model_cem,43,738,-280.914645994781
world_model_cem,43,739,-287.3318628556931
world_model_cem,43,740,-271.2439511765452
world_model_cem,43,741,-287.24130294067703
world_model_cem,43,742,-292.44654511053864
world_model_cem,43,743,-289.3791439322415
world_model_cem,43,744,-281.8084898443889
world_model_cem,43,745,-285.44650318793435
world_model_cem,43,746,-297.20802632453524
world_model_cem,43,747,-295.30374022268757
world_model_cem,43,748,-287.4738324362062
world_model_cem,43,749,-274.65232371595323
world_model_cem,43,750,-294.473885924846
world_model_cem,43,751,-284.39827315394035
world_model_cem,43,752,-290.4984285088539
world_model_cem,43,753,-288.24650561103215
world_model_cem,43,754,-293.7661720694855
world_model_cem,43,755,-285.7916275641473
world_model_cem,43,756,-285.7395941439693
world_model_cem,43,757,-298.69657827076253
world_model_cem,43,758,-292.1552372816262
world_model_cem,43,759,-293.8584618163139
world_model_cem,43,760,-275.9385168510763
world_model_cem,43,761,-286.77640272518073
world_model_cem,43,762,-279.4177196153963
world_model_cem,43,763,-280.65054904633473
world_model_cem,43,764,-272.83635154601143
world_model_cem,43,765,-265.6923302728238
world_model_cem,43,766,-282.6958283636742
world_model_cem,43,767,-280.8079716089205
world_model_cem,43,768,-268.2997478876964
world_model_cem,43,769,-270.5563492889317
world_model_cem,43,770,-276.8304822094284
world_model_cem,43,771,-281.25819806797546
world_model_cem,43,772,-283.62018997272935
world_model_cem,43,773,-282.300722540621
world_model_cem,43,774,-280.6245175245808
world_model_cem,43,775,-293.6132052783041
world_model_cem,43,776,-290.1328278638719
world_model_cem,43,777,-290.63361480071444
world_model_cem,43,778,-289.0349598797668
world_model_cem,43,779,-289.33996528305425
world_model_cem,43,780,-281.62425945747526
world_model_cem,43,781,-287.69786580613226
world_model_cem,43,782,-277.11751977302083
world_model_cem,43,783,-283.4689534064746
world_model_cem,43,784,-278.4155876696154
world_model_cem,43,785,-280.53966845929705
world_model_cem,43,786,-276.64218197566566
world_model_cem,43,787,-262.5990744923583
world_model_cem,43,788,-270.3773384719962
world_model_cem,43,789,-273.0999499110543
world_model_cem,43,790,-267.8134730483419
world_model_cem,43,791,-274.0442713744895
world_model_cem,43,792,-262.8186955627377
world_model_cem,43,793,-266.3600923883993
world_model_cem,43,794,-274.32784931229844
world_model_cem,43,795,-262.1538579499705
world_model_cem,43,796,-263.90255726988846
world_model_cem,43,797,-273.634959237566
world_model_cem,43,798,-275.9377665981141
world_model_cem,43,799,-281.3010220668441
world_model_cem,43,800,-284.8396535009355
world_model_cem,43,801,-283.4974946776062
world_model_cem,43,802,-285.86117232151946
world_model_cem,43,803,-289.38710268368817
world_model_cem,43,804,-269.46095413435205
world_model_cem,43,805,-283.91978256972345
world_model_cem,43,806,-283.90650789021186
world_model_cem,43,807,-291.6991488666336
world_model_cem,43,808,-280.742322588241
world_model_cem,43,809,-274.7084433622539
world_model_cem,43,810,-287.1736254125682
world_model_cem,43,811,-282.17400269568185
world_model_cem,43,812,-282.43166206767137
world_model_cem,43,813,-281.99228023063716
world_model_cem,43,814,-290.8756923074026
world_model_cem,43,815,-283.5816302045357
world_model_cem,43,816,-286.80401490487026
world_model_cem,43,817,-289.45203301734733
world_model_cem,43,818,-286.03355944516136
world_model_cem,43,819,-280.9062301103048
world_model_cem,43,820,-279.36437549153976
world_model_cem,43,821,-285.12911393585284
world_model_cem,43,822,-270.71115454947795
world_model_cem,43,823,-281.6833339015843
world_model_cem,43,824,-287.2121506787338
world_model_cem,43,825,-260.16435008030396
world_model_cem,43,826,-279.1889608988801
world_model_cem,43,827,-278.7185730699307
world_model_cem,43,828,-273.8173214367683
world_model_cem,43,829,-274.1051823652715
world_model_cem,43,830,-279.8605776203298
world_model_cem,43,831,-273.04268027655564
world_model_cem,43,832,-270.6648195921622
world_model_cem,43,833,-251.88639076930536
world_model_cem,43,834,-269.569582206817
world_model_cem,43,835,-274.1848648263901
world_model_cem,43,836,-281.57298911808186
world_model_cem,43,837,-271.22421996696085
world_model_cem,43,838,-270.0884793160457
world_model_cem,43,839,-262.9242570391662
world_model_cem,43,840,-268.98360195756743
world_model_cem,43,841,-267.1658561299928
world_model_cem,43,842,-266.52622611010895
world_model_cem,43,843,-271.44910637614794
world_model_cem,43,844,-275.6122687794115
world_model_cem,43,845,-281.64711267740364
world_model_cem,43,846,-283.7305406672589
world_model_cem,43,847,-284.39795258542387
world_model_cem,43,848,-268.6299452737001
world_model_cem,43,849,-293.2569880193631
world_model_cem,43,850,-292.4282004199368
world_model_cem,43,851,-289.54252384529497
world_model_cem,43,852,-299.5309423568471
world_model_cem,43,853,-295.9461343122955
world_model_cem,43,854,-286.9089024380274
world_model_cem,43,855,-286.20593535756024
world_model_cem,43,856,-279.3991946736653
world_model_cem,43,857,-293.83558458211814
world_model_cem,43,858,-284.5035340703131
world_model_cem,43,859,-288.1693419630527
world_model_cem,43,860,-278.5439982493641
world_model_cem,43,861,-274.63286611567656
world_model_cem,43,862,-264.6156940159767
world_model_cem,43,863,-288.3389733998175
world_model_cem,43,864,-287.1384778890315
world_model_cem,43,865,-287.932557640097
world_model_cem,43,866,-282.6033371187181
world_model_cem,43,867,-264.215016019898
world_model_cem,43,868,-281.61885920690355
world_model_cem,43,869,-278.2014891913777
world_model_cem,43,870,-277.04348769608055
world_model_cem,43,871,-283.75896855904705
world_model_cem,43,872,-282.19583819878113
world_model_cem,43,873,-289.371469116997
world_model_cem,43,874,-282.6784328701368
world_model_cem,43,875,-283.8157761667394
world_model_cem,43,876,-287.59585047506636
world_model_cem,43,877,-283.1302912825953
world_model_cem,43,878,-286.18772364764743
world_model_cem,43,879,-289.31926428662246
world_model_cem,43,880,-288.7975068102113
world_model_cem,43,881,-289.52199964436676
world_model_cem,43,882,-287.9829040295242
world_model_cem,43,883,-283.43595065682484
world_model_cem,43,884,-289.15795395670693
world_model_cem,43,885,-289.72270605051915
world_model_cem,43,886,-287.93595221971486
world_model_cem,43,887,-292.04949436845664
world_model_cem,43,888,-286.1832912544459
world_model_cem,43,889,-285.16184247923763
world_model_cem,43,890,-282.72828876010755
world_model_cem,43,891,-280.6809000915201
world_model_cem,43,892,-287.39537430798293
world_model_cem,43,893,-285.1254334597105
world_model_cem,43,894,-280.81891158774454
world_model_cem,43,895,-288.45031478141675
world_model_cem,43,896,-282.92648022505324
world_model_cem,43,897,-280.8795738846844
world_model_cem,43,898,-284.729593839126
world_model_cem,43,899,-285.8471253498572
world_model_cem,43,900,-278.0083257171001
world_model_cem,43,901,-284.4921118910794
world_model_cem,43,902,-284.0236848380136
world_model_cem,43,903,-284.88648474766933
world_model_cem,43,904,-281.09688880338695
world_model_cem,43,905,-276.5779186084902
world_model_cem,43,906,-273.94750351874563
world_model_cem,43,907,-276.2428205563434
world_model_cem,43,908,-280.5403279863702
world_model_cem,43,909,-268.8260517497754
world_model_cem,43,910,-276.1640356385676
world_model_cem,43,911,-274.9510189024735
world_model_cem,43,912,-275.9810068115921
world_model_cem,43,913,-276.75563731894835
world_model_cem,43,914,-275.25980500761193
world_model_cem,43,915,-279.9007936165102
world_model_cem,43,916,-276.14822271386373
world_model_cem,43,917,-273.04725419386426
world_model_cem,43,918,-275.2534922531604
world_model_cem,43,919,-278.9144619097461
world_model_cem,43,920,-280.71060095407967
world_model_cem,43,921,-279.11940054539326
world_model_cem,43,922,-274.8224181175286
world_model_cem,43,923,-290.27869655647777
world_model_cem,43,924,-267.25037872039167
world_model_cem,43,925,-286.9698389075286
world_model_cem,43,926,-288.17908367639666
world_model_cem,43,927,-280.1688819919998
world_model_cem,43,928,-284.60407046523153
world_model_cem,43,929,-280.60363197374204
world_model_cem,43,930,-289.4498144942394
world_model_cem,43,931,-282.1100882448642
world_model_cem,43,932,-288.172651349327
world_model_cem,43,933,-290.52136172186476
world_model_cem,43,934,-285.5144468966695
world_model_cem,43,935,-293.5463232890944
world_model_cem,43,936,-294.9750802307809
world_model_cem,43,937,-276.09328817129244
world_model_cem,43,938,-283.922076718685
world_model_cem,43,939,-276.5983377435751
world_model_cem,43,940,-271.3699974227668
world_model_cem,43,941,-287.17321643147795
world_model_cem,43,942,-268.8301844424568
world_model_cem,43,943,-283.0676928926883
world_model_cem,43,944,-281.59965685526174
world_model_cem,43,945,-283.73794454597373
world_model_cem,43,946,-283.7228417424802
world_model_cem,43,947,-279.17957152897543
world_model_cem,43,948,-276.6496222791168
world_model_cem,43,949,-281.31693852522585
world_model_cem,43,950,-286.5480628194281
world_model_cem,43,951,-283.9872891889555
world_model_cem,43,952,-258.100086584497
world_model_cem,43,953,-288.4097686438985
world_model_cem,43,954,-287.7892965795115
world_model_cem,43,955,-290.66143478322374
world_model_cem,43,956,-284.0128818959263
world_model_cem,43,957,-278.1979504524838
world_model_cem,43,958,-279.01185759999805
world_model_cem,43,959,-274.18609720416913
world_model_cem,43,960,-287.1044330736127
world_model_cem,43,961,-278.54344126411445
world_model_cem,43,962,-278.8998559771736
world_model_cem,43,963,-282.4387828336693
world_model_cem,43,964,-281.3844807907848
world_model_cem,43,965,-273.4959870506098
world_model_cem,43,966,-270.15926045555443
world_model_cem,43,967,-267.2135986461585
world_model_cem,43,968,-269.97434619762186
world_model_cem,43,969,-263.92567442634606
world_model_cem,43,970,-261.43612084285525
world_model_cem,43,971,-263.3665534525082
world_model_cem,43,972,-259.83472011252934
world_model_cem,43,973,-263.3869660923508
world_model_cem,43,974,-255.40104142730138
world_model_cem,43,975,-253.9137993216442
world_model_cem,43,976,-261.2537892364654
world_model_cem,43,977,-277.82255179479563
world_model_cem,43,978,-281.56866115724415
world_model_cem,43,979,-285.49934683406474
world_model_cem,43,980,-289.29828452873664
world_model_cem,43,981,-286.0331266244769
world_model_cem,43,982,-286.0796464929583
world_model_cem,43,983,-288.52889827556123
world_model_cem,43,984,-288.6367199215477
world_model_cem,43,985,-290.8163532350981
world_model_cem,43,986,-283.5437450265993
world_model_cem,43,987,-287.50553537039286
world_model_cem,43,988,-282.81050260347814
world_model_cem,43,989,-287.2717966006113
world_model_cem,43,990,-283.86319428018294
world_model_cem,43,991,-286.34306560852406
world_model_cem,43,992,-289.3716399021603
world_model_cem,43,993,-284.85307283041726
world_model_cem,43,994,-281.9930286366191
world_model_cem,43,995,-287.88210917571644
world_model_cem,43,996,-290.3932811193518
world_model_cem,43,997,-287.48677870154813
world_model_cem,43,998,-289.15359174635864
world_model_cem,43,999,-287.71566830363145
world_model_cem,43,1000,-286.26800593260236
world_model_cem,44,1,-212.78748632901846
world_model_cem,44,2,-186.36396162049937
world_model_cem,44,3,-185.72930907706518
world_model_cem,44,4,-179.2778940238735
world_model_cem,44,5,-175.11654225445454
world_model_cem,44,6,-171.6398240346797
world_model_cem,44,7,-162.17908414366036
world_model_cem,44,8,-191.05450280531014
world_model_cem,44,9,-187.68526991005348
world_model_cem,44,10,-186.48825639800936
world_model_cem,44,11,-202.26358841269052
world_model_cem,44,12,-207.9611111646245
world_model_cem,44,13,-220.6768775914268
world_model_cem,44,14,-251.4958328520703
world_model_cem,44,15,-241.20443012253594
world_model_cem,44,16,-245.7995039465967
world_model_cem,44,17,-273.13292249115864
world_model_cem,44,18,-275.2397735978528
world_model_cem,44,19,-279.93542362949177
world_model_cem,44,20,-266.1889831213223
world_model_cem,44,21,-290.21801397896803
world_model_cem,44,22,-289.58646852726696
world_model_cem,44,23,-273.9163314576883
world_model_cem,44,24,-268.27390308161097
world_model_cem,44,25,-270.85909183625006
world_model_cem,44,26,-260.4745478556654
world_model_cem,44,27,-287.97404454952016
world_model_cem,44,28,-282.00693141397977
world_model_cem,44,29,-307.494565553657
world_model_cem,44,30,-398.74348070442386
world_model_cem,44,31,-284.7337466912084
world_model_cem,44,32,-240.63461631453725
world_model_cem,44,33,-367.990563337715
world_model_cem,44,34,-335.95420673755564
world_model_cem,44,35,-226.15715299632228
world_model_cem,44,36,-317.79461775552744
world_model_cem,44,37,-212.50559104284116
world_model_cem,44,38,-208.02796476742654
world_model_cem,44,39,-314.1989008121305
world_model_cem,44,40,-310.7412483837729
world_model_cem,44,41,-173.89737141381482
world_model_cem,44,42,-261.52651720181956
world_model_cem,44,43,-227.2473665621264
world_model_cem,44,44,-300.8474277216103
world_model_cem,44,45,-239.83715869618248
world_model_cem,44,46,-236.42754895215276
world_model_cem,44,47,-310.52109335263685
world_model_cem,44,48,-310.76126281084413
world_model_cem,44,49,-261.3131593011008
world_model_cem,44,50,-229.46595703372404
world_model_cem,44,51,-305.77753551989423
world_model_cem,44,52,-298.7269960170574
world_model_cem,44,53,-295.2221286129104
world_model_cem,44,54,-291.74929966798464
world_model_cem,44,55,-278.8285249151969
world_model_cem,44,56,-280.0517963459119
world_model_cem,44,57,-283.43304237871956
world_model_cem,44,58,-279.35427697461023
world_model_cem,44,59,-276.0616407391577
world_model_cem,44,60,-286.95110822960885
world_model_cem,44,61,-289.4425021102429
world_model_cem,44,62,-267.1644548154589
world_model_cem,44,63,-268.8445097315397
world_model_cem,44,64,-268.835739167865
world_model_cem,44,65,-267.20734662654195
world_model_cem,44,66,-268.4018180560011
world_model_cem,44,67,-264.39744923616286
world_model_cem,44,68,-267.204944416823
world_model_cem,44,69,-277.95030500405846
world_model_cem,44,70,-275.42874834000907
world_model_cem,44,71,-269.504638485248
world_model_cem,44,72,-269.59687700717285
world_model_cem,44,73,-264.8161163480697
world_model_cem,44,74,-275.03650067187164
world_model_cem,44,75,-278.787590920263
world_model_cem,44,76,-278.577938187423
world_model_cem,44,77,-275.6481732405874
world_model_cem,44,78,-273.86253913245065
world_model_cem,44,79,-272.2889022024676
world_model_cem,44,80,-272.75098926304497
world_model_cem,44,81,-279.33487161296875
world_model_cem,44,82,-282.592703952778
world_model_cem,44,83,-285.5474651606225
world_model_cem,44,84,-283.02425500221096
world_model_cem,44,85,-277.07104605616604
world_model_cem,44,86,-284.99492426547135
world_model_cem,44,87,-277.30132010138715
world_model_cem,44,88,-275.16409631112606
world_model_cem,44,89,-266.8402908054028
world_model_cem,44,90,-265.55327907853734
world_model_cem,44,91,-272.23803910542927
world_model_cem,44,92,-273.12793237002734
world_model_cem,44,93,-273.222582023934
world_model_cem,44,94,-261.5202803066891
world_model_cem,44,95,-276.9619727635044
world_model_cem,44,96,-275.59553782946426
world_model_cem,44,97,-270.61198023684267
world_model_cem,44,98,-256.00301895639376
world_model_cem,44,99,-270.9391690200606
world_model_cem,44,100,-270.3587862966726
world_model_cem,44,101,-277.71913557171416
world_model_cem,44,102,-273.67537804183047
world_model_cem,44,103,-280.85870678726417
world_model_cem,44,104,-259.47961414262886
world_model_cem,44,105,-278.0170807834663
world_model_cem,44,106,-263.20752127525105
world_model_cem,44,107,-267.37019294579545
world_model_cem,44,108,-266.34776690073494
world_model_cem,44,109,-286.51920986525647
world_model_cem,44,110,-278.47533142305633
world_model_cem,44,111,-278.5834605275349
world_model_cem,44,112,-281.03289143081804
world_model_cem,44,113,-261.33902541340336
world_model_cem,44,114,-269.78011890734274
world_model_cem,44,115,-261.9660826896698
world_model_cem,44,116,-270.83456992675104
world_model_cem,44,117,-260.34813135619163
world_model_cem,44,118,-267.3493021494204
world_model_cem,44,119,-258.0096361929563
world_model_cem,44,120,-265.4110649481146
world_model_cem,44,121,-263.73368412648057
world_model_cem,44,122,-262.9932073431844
world_model_cem,44,123,-277.81691283869134
world_model_cem,44,124,-279.8902232994235
world_model_cem,44,125,-277.2591449629851
world_model_cem,44,126,-283.89039696361067
world_model_cem,44,127,-289.5419741945632
world_model_cem,44,128,-291.58937296450307
world_model_cem,44,129,-281.75819361829235
world_model_cem,44,130,-289.0629543831379
world_model_cem,44,131,-286.42593265706273
world_model_cem,44,132,-290.9427150747597
world_model_cem,44,133,-291.7683823521835
world_model_cem,44,134,-280.16052355347387
world_model_cem,44,135,-280.5795800984874
world_model_cem,44,136,-282.5981670294617
world_model_cem,44,137,-278.59970563370314
world_model_cem,44,138,-280.4871894796813
world_model_cem,44,139,-286.68465690593274
world_model_cem,44,140,-291.6138516193966
world_model_cem,44,141,-274.40974504790955
world_model_cem,44,142,-288.79134325982915
world_model_cem,44,143,-286.3581918456371
world_model_cem,44,144,-287.01719844906336
world_model_cem,44,145,-282.4252761084289
world_model_cem,44,146,-282.2683863027304
world_model_cem,44,147,-286.8500724393082
world_model_cem,44,148,-284.2845769639282
world_model_cem,44,149,-269.26238707840287
world_model_cem,44,150,-284.00525843746635
world_model_cem,44,151,-275.9209895628325
world_model_cem,44,152,-275.1294949653929
world_model_cem,44,153,-271.27842096834814
world_model_cem,44,154,-278.32527168326226
world_model_cem,44,155,-272.38301891144465
world_model_cem,44,156,-274.13520605624825
world_model_cem,44,157,-275.2923034164776
world_model_cem,44,158,-276.90217220934994
world_model_cem,44,159,-280.73053125946615
world_model_cem,44,160,-274.94518278566244
world_model_cem,44,161,-277.06948736758557
world_model_cem,44,162,-265.1598766029074
world_model_cem,44,163,-279.6317935754723
world_model_cem,44,164,-270.97806817069335
world_model_cem,44,165,-276.7955596792257
world_model_cem,44,166,-273.2726072747673
world_model_cem,44,167,-274.3393763379917
world_model_cem,44,168,-265.33840714505345
world_model_cem,44,169,-272.18924702923863
world_model_cem,44,170,-274.2026254351947
world_model_cem,44,171,-274.9580057489809
world_model_cem,44,172,-267.00907723061914
world_model_cem,44,173,-279.6038780773928
world_model_cem,44,174,-274.12011274295185
world_model_cem,44,175,-276.1015613301069
world_model_cem,44,176,-272.2182470371709
world_model_cem,44,177,-270.81168256052604
world_model_cem,44,178,-268.07165346203215
world_model_cem,44,179,-259.5967430964692
world_model_cem,44,180,-273.39934006432065
world_model_cem,44,181,-265.05954780842023
world_model_cem,44,182,-269.97581909660147
world_model_cem,44,183,-269.4131620483906
world_model_cem,44,184,-271.53482854897766
world_model_cem,44,185,-270.6645294140248
world_model_cem,44,186,-267.89189025929903
world_model_cem,44,187,-272.8805994575337
world_model_cem,44,188,-281.6524654399172
world_model_cem,44,189,-284.9456071251559
world_model_cem,44,190,-286.6599170799181
world_model_cem,44,191,-283.66466908644634
world_model_cem,44,192,-288.90794843374243
world_model_cem,44,193,-284.7802980019561
world_model_cem,44,194,-283.1732911643644
world_model_cem,44,195,-283.8861480078612
world_model_cem,44,196,-281.09384755763074
world_model_cem,44,197,-289.9163731064208
world_model_cem,44,198,-285.4777167041371
world_model_cem,44,199,-291.46011895926074
world_model_cem,44,200,-280.5400084158494
world_model_cem,44,201,-269.36872833602445
world_model_cem,44,202,-285.21159401790726
world_model_cem,44,203,-278.4407254912408
world_model_cem,44,204,-284.9644519791115
world_model_cem,44,205,-280.4956045206553
world_model_cem,44,206,-281.9353165910064
world_model_cem,44,207,-285.1313944868474
world_model_cem,44,208,-284.2564528856965
world_model_cem,44,209,-290.5915165440139
world_model_cem,44,210,-291.8992366079454
world_model_cem,44,211,-288.39813805142006
world_model_cem,44,212,-274.8926135043727
world_model_cem,44,213,-284.4814941862835
world_model_cem,44,214,-275.40061879506976
world_model_cem,44,215,-288.1542745101391
world_model_cem,44,216,-280.6713300439911
world_model_cem,44,217,-284.61935295197134
world_model_cem,44,218,-280.41753408051017
world_model_cem,44,219,-277.4616926306741
world_model_cem,44,220,-285.0290987293277
world_model_cem,44,221,-286.35548641952767
world_model_cem,44,222,-285.81428102433944
world_model_cem,44,223,-282.5253975674601
world_model_cem,44,224,-286.3492959733003
world_model_cem,44,225,-268.4496714635989
world_model_cem,44,226,-286.9709919795157
world_model_cem,44,227,-284.4383343941141
world_model_cem,44,228,-278.8887933299411
world_model_cem,44,229,-289.55275829341826
world_model_cem,44,230,-281.7949825263203
world_model_cem,44,231,-273.24288144104906
world_model_cem,44,232,-283.9714415000565
world_model_cem,44,233,-289.3151283416075
world_model_cem,44,234,-278.51438960789756
world_model_cem,44,235,-291.4269427332418
world_model_cem,44,236,-283.4262642821092
world_model_cem,44,237,-277.4238619107607
world_model_cem,44,238,-274.34555963885214
world_model_cem,44,239,-278.54189074488204
world_model_cem,44,240,-274.7365197009475
world_model_cem,44,241,-276.3422956806656
world_model_cem,44,242,-275.9964135263638
world_model_cem,44,243,-267.93656197019635
world_model_cem,44,244,-272.7400261358267
world_model_cem,44,245,-267.440693677783
world_model_cem,44,246,-266.82935169591303
world_model_cem,44,247,-271.1496549317064
world_model_cem,44,248,-273.3205520432059
world_model_cem,44,249,-276.15177298580403
world_model_cem,44,250,-268.88743669403993
world_model_cem,44,251,-278.1429655915785
world_model_cem,44,252,-282.400911948032
world_model_cem,44,253,-282.1390715865773
world_model_cem,44,254,-275.031515521848
world_model_cem,44,255,-282.39661922137975
world_model_cem,44,256,-276.70884596940243
world_model_cem,44,257,-280.6415729343699
world_model_cem,44,258,-289.6259599241538
world_model_cem,44,259,-279.3366990433075
world_model_cem,44,260,-270.5466318317541
world_model_cem,44,261,-282.10886919450786
world_model_cem,44,262,-270.11982162464557
world_model_cem,44,263,-276.4154438103595
world_model_cem,44,264,-271.9421372446405
world_model_cem,44,265,-270.68245323360316
world_model_cem,44,266,-276.8486800547562
world_model_cem,44,267,-267.7948086667491
world_model_cem,44,268,-275.9179448998867
world_model_cem,44,269,-277.2047885447856
world_model_cem,44,270,-270.13675930665727
world_model_cem,44,271,-271.28902384017914
world_model_cem,44,272,-276.3418142597151
world_model_cem,44,273,-273.352639933521
world_model_cem,44,274,-284.56262866324244
world_model_cem,44,275,-264.5250820938296
world_model_cem,44,276,-275.51485131969196
world_model_cem,44,277,-266.14843438923094
world_model_cem,44,278,-279.4641649844667
world_model_cem,44,279,-285.55637564028
world_model_cem,44,280,-273.30877187847716
world_model_cem,44,281,-280.8979625164338
world_model_cem,44,282,-283.00679283839503
world_model_cem,44,283,-290.0272573420149
world_model_cem,44,284,-280.5269137405493
world_model_cem,44,285,-283.82050614658857
world_model_cem,44,286,-294.3976870337071
world_model_cem,44,287,-286.89989951927936
world_model_cem,44,288,-285.29561556380077
world_model_cem,44,289,-296.8789911259057
world_model_cem,44,290,-291.4179647594767
world_model_cem,44,291,-292.68286158569987
world_model_cem,44,292,-294.61517928264533
world_model_cem,44,293,-288.6503291530658
world_model_cem,44,294,-290.3918918454195
world_model_cem,44,295,-279.8411434638921
world_model_cem,44,296,-279.70310454472957
world_model_cem,44,297,-286.2405724117927
world_model_cem,44,298,-282.42350069298266
world_model_cem,44,299,-275.5582993011461
world_model_cem,44,300,-278.41286671858563
world_model_cem,44,301,-279.50181122625594
world_model_cem,44,302,-269.4049927136349
world_model_cem,44,303,-279.5837683378859
world_model_cem,44,304,-283.339914945134
world_model_cem,44,305,-282.0154746715997
world_model_cem,44,306,-274.77173738385943
world_model_cem,44,307,-274.48548472358027
world_model_cem,44,308,-285.7845437955557
world_model_cem,44,309,-282.28237897768605
world_model_cem,44,310,-287.58346244361206
world_model_cem,44,311,-281.3815999130209
world_model_cem,44,312,-292.10865540769004
world_model_cem,44,313,-290.05380914498653
world_model_cem,44,314,-299.18734634408
world_model_cem,44,315,-288.6659526108767
world_model_cem,44,316,-281.7831316286664
world_model_cem,44,317,-286.658839765544
world_model_cem,44,318,-283.8730214315974
world_model_cem,44,319,-284.3606353086615
world_model_cem,44,320,-283.33310303328625
world_model_cem,44,321,-277.7676851952362
world_model_cem,44,322,-272.43261264243125
world_model_cem,44,323,-265.5667336746416
world_model_cem,44,324,-256.31584325782063
world_model_cem,44,325,-258.05338187560847
world_model_cem,44,326,-256.30499792230506
world_model_cem,44,327,-252.53810879285226
world_model_cem,44,328,-259.826095468921
world_model_cem,44,329,-257.55350130712117
world_model_cem,44,330,-263.05373982018574
world_model_cem,44,331,-269.35861001849037
world_model_cem,44,332,-264.4070418448954
world_model_cem,44,333,-268.9928914501988
world_model_cem,44,334,-276.7034150106904
world_model_cem,44,335,-275.008540410535
world_model_cem,44,336,-285.53309343297127
world_model_cem,44,337,-289.239494568028
world_model_cem,44,338,-291.5574746716438
world_model_cem,44,339,-287.1942708226218
world_model_cem,44,340,-286.03911704087216
world_model_cem,44,341,-269.70846697037973
world_model_cem,44,342,-279.6572256259352
world_model_cem,44,343,-289.5035531512318
world_model_cem,44,344,-281.58969865284297
world_model_cem,44,345,-288.046940338574
world_model_cem,44,346,-292.3314458551763
world_model_cem,44,347,-292.77785161612564
world_model_cem,44,348,-292.54253070988955
world_model_cem,44,349,-286.10192842331946
world_model_cem,44,350,-285.2030834286992
world_model_cem,44,351,-290.8690904188436
world_model_cem,44,352,-284.00868097020157
world_model_cem,44,353,-292.62246411618344
world_model_cem,44,354,-293.3396499922235
world_model_cem,44,355,-277.50265105085873
world_model_cem,44,356,-279.11428049972034
world_model_cem,44,357,-281.78407553012875
world_model_cem,44,358,-284.85169446780986
world_model_cem,44,359,-286.9543217841161
world_model_cem,44,360,-275.4879449680979
world_model_cem,44,361,-274.6686895057709
world_model_cem,44,362,-276.9963388976077
world_model_cem,44,363,-277.8803772047749
world_model_cem,44,364,-275.8166775520579
world_model_cem,44,365,-275.40318137748307
world_model_cem,44,366,-278.8969909938546
world_model_cem,44,367,-278.1522388498232
world_model_cem,44,368,-270.69326647511315
world_model_cem,44,369,-270.23904532947085
world_model_cem,44,370,-283.99256018548647
world_model_cem,44,371,-287.5505135570746
world_model_cem,44,372,-273.01053127357903
world_model_cem,44,373,-283.23595698109295
world_model_cem,44,374,-291.01048167964484
world_model_cem,44,375,-290.75155393399615
world_model_cem,44,376,-290.67303495043353
world_model_cem,44,377,-290.16129682308963
world_model_cem,44,378,-287.38154200120766
world_model_cem,44,379,-270.2050474446984
world_model_cem,44,380,-292.40011713296946
world_model_cem,44,381,-293.16550301033317
world_model_cem,44,382,-280.0674859985576
world_model_cem,44,383,-279.9218828515084
world_model_cem,44,384,-285.24529737958306
world_model_cem,44,385,-290.12818523507997
world_model_cem,44,386,-284.78381056247304
world_model_cem,44,387,-281.0436779918243
world_model_cem,44,388,-281.39352535788686
world_model_cem,44,389,-288.63293394728237
world_model_cem,44,390,-279.51630805102343
world_model_cem,44,391,-281.7839199930311
world_model_cem,44,392,-272.0033765979079
world_model_cem,44,393,-280.51064312482464
world_model_cem,44,394,-282.7288510650579
world_model_cem,44,395,-282.86747247305084
world_model_cem,44,396,-271.3669166969233
world_model_cem,44,397,-279.71013302737225
world_model_cem,44,398,-286.0498664857469
world_model_cem,44,399,-289.0262998254612
world_model_cem,44,400,-282.2523182842557
world_model_cem,44,401,-282.9952394057973
world_model_cem,44,402,-273.18693448457145
world_model_cem,44,403,-285.95760968671954
world_model_cem,44,404,-285.02398388051324
world_model_cem,44,405,-276.9460481128047
world_model_cem,44,406,-288.46753293620327
world_model_cem,44,407,-291.7576623670777
world_model_cem,44,408,-290.8940363066271
world_model_cem,44,409,-285.81127179278883
world_model_cem,44,410,-276.0442803095283
world_model_cem,44,411,-292.8598377621136
world_model_cem,44,412,-270.2158922218288
world_model_cem,44,413,-292.18235329127356
world_model_cem,44,414,-286.1135169490889
world_model_cem,44,415,-278.1075511087384
world_model_cem,44,416,-285.4645776046254
world_model_cem,44,417,-271.83989895474264
world_model_cem,44,418,-290.03159695339104
world_model_cem,44,419,-279.4707139884572
world_model_cem,44,420,-290.34942303336265
world_model_cem,44,421,-283.9999931525349
world_model_cem,44,422,-279.366214676984
world_model_cem,44,423,-285.3969497542214
world_model_cem,44,424,-281.2715606231054
world_model_cem,44,425,-268.4227721444498
world_model_cem,44,426,-286.3511596540981
world_model_cem,44,427,-277.0573831506511
world_model_cem,44,428,-279.4658802738872
world_model_cem,44,429,-289.64115619897285
world_model_cem,44,430,-279.7289517211227
world_model_cem,44,431,-288.2101728531941
world_model_cem,44,432,-280.9477447219254
world_model_cem,44,433,-293.40194116893457
world_model_cem,44,434,-284.82262300271384
world_model_cem,44,435,-278.754211102941
world_model_cem,44,436,-290.77693471505324
world_model_cem,44,437,-287.57156397306363
world_model_cem,44,438,-290.02830590736676
world_model_cem,44,439,-294.17083795188654
world_model_cem,44,440,-284.01787983183385
world_model_cem,44,441,-294.68799482927386
world_model_cem,44,442,-289.9216112083857
world_model_cem,44,443,-290.3466286540349
world_model_cem,44,444,-290.6437367790668
world_model_cem,44,445,-274.856341354762
world_model_cem,44,446,-286.67030840367204
world_model_cem,44,447,-277.2149752481722
world_model_cem,44,448,-281.9109863335968
world_model_cem,44,449,-284.2015834801264
world_model_cem,44,450,-278.0779004776424
world_model_cem,44,451,-288.29850724985397
world_model_cem,44,452,-276.07614771895
world_model_cem,44,453,-278.468439761802
world_model_cem,44,454,-289.1362722341641
world_model_cem,44,455,-278.2866613565406
world_model_cem,44,456,-276.4642979187848
world_model_cem,44,457,-284.0638237556138
world_model_cem,44,458,-277.3168011838181
world_model_cem,44,459,-285.5931188284485
world_model_cem,44,460,-285.54824070709776
world_model_cem,44,461,-292.84069939172826
world_model_cem,44,462,-285.68390406916365
world_model_cem,44,463,-289.05971910586317
world_model_cem,44,464,-283.66104768210926
world_model_cem,44,465,-287.40451391231454
world_model_cem,44,466,-273.9097253125126
world_model_cem,44,467,-287.1807750357833
world_model_cem,44,468,-287.6643175906614
world_model_cem,44,469,-286.47730931732303
world_model_cem,44,470,-270.66079303992746
world_model_cem,44,471,-279.9031982884774
world_model_cem,44,472,-288.0031021309246
world_model_cem,44,473,-285.94635294195956
world_model_cem,44,474,-271.1121124203732
world_model_cem,44,475,-289.5581836656347
world_model_cem,44,476,-279.24317388202803
world_model_cem,44,477,-283.7374469787406
world_model_cem,44,478,-288.6112746059041
world_model_cem,44,479,-289.69115975474466
world_model_cem,44,480,-282.5890572115028
world_model_cem,44,481,-288.9144426658425
world_model_cem,44,482,-286.28253321119604
world_model_cem,44,483,-277.74270045651735
world_model_cem,44,484,-287.32128764384254
world_model_cem,44,485,-282.99721164002057
world_model_cem,44,486,-277.4620544881648
world_model_cem,44,487,-288.7793619696111
world_model_cem,44,488,-283.5389703067965
world_model_cem,44,489,-286.5255604493118
world_model_cem,44,490,-276.6583030294545
world_model_cem,44,491,-284.0840749705472
world_model_cem,44,492,-291.2753982774626
world_model_cem,44,493,-284.27143091217994
world_model_cem,44,494,-291.69797999139143
world_model_cem,44,495,-285.96159009505874
world_model_cem,44,496,-279.18881003225476
world_model_cem,44,497,-288.09737437332666
world_model_cem,44,498,-283.02766402717157
world_model_cem,44,499,-290.12912001775476
world_model_cem,44,500,-288.28059617489714
world_model_cem,44,501,-286.4647750407452
world_model_cem,44,502,-287.9797434575895
world_model_cem,44,503,-280.29012228501904
world_model_cem,44,504,-289.22596734275726
world_model_cem,44,505,-289.61605368487756
world_model_cem,44,506,-277.7868141725862
world_model_cem,44,507,-278.1796332321542
world_model_cem,44,508,-289.2412158129984
world_model_cem,44,509,-274.12405726403836
world_model_cem,44,510,-287.2661758409112
world_model_cem,44,511,-280.32065813339284
world_model_cem,44,512,-279.8878428775104
world_model_cem,44,513,-289.4379296326381
world_model_cem,44,514,-281.65521363905697
world_model_cem,44,515,-289.30357934914855
world_model_cem,44,516,-281.29682098352606
world_model_cem,44,517,-284.4679798821484
world_model_cem,44,518,-288.7929450518397
world_model_cem,44,519,-275.06688321373707
world_model_cem,44,520,-283.828461915572
world_model_cem,44,521,-285.03057141241345
world_model_cem,44,522,-290.90163886081433
world_model_cem,44,523,-272.2074037635312
world_model_cem,44,524,-279.8958141247871
world_model_cem,44,525,-278.07166009668674
world_model_cem,44,526,-284.9534329488929
world_model_cem,44,527,-283.351566964578
world_model_cem,44,528,-290.92304291618177
world_model_cem,44,529,-277.30695757022454
world_model_cem,44,530,-287.33212658606465
world_model_cem,44,531,-275.49251464996576
world_model_cem,44,532,-274.50764794286164
world_model_cem,44,533,-266.09394212735043
world_model_cem,44,534,-279.8502553409155
world_model_cem,44,535,-287.10739082387795
world_model_cem,44,536,-285.6321337761498
world_model_cem,44,537,-281.3937835182369
world_model_cem,44,538,-281.84540045537585
world_model_cem,44,539,-278.35230370663277
world_model_cem,44,540,-278.36180293578354
world_model_cem,44,541,-267.04831925237204
world_model_cem,44,542,-272.2907237029876
world_model_cem,44,543,-266.6021446313138
world_model_cem,44,544,-273.1654685259183
world_model_cem,44,545,-278.811128807938
world_model_cem,44,546,-276.41301916974976
world_model_cem,44,547,-268.1449008969693
world_model_cem,44,548,-267.2944870894284
world_model_cem,44,549,-266.9884599665661
world_model_cem,44,550,-267.17817407807473
world_model_cem,44,551,-274.5890987071784
world_model_cem,44,552,-275.84448258044085
world_model_cem,44,553,-274.48690807037974
world_model_cem,44,554,-276.23244018649467
world_model_cem,44,555,-279.7414841295104
world_model_cem,44,556,-276.64305259706725
world_model_cem,44,557,-285.52212972785594
world_model_cem,44,558,-286.7502457309895
world_model_cem,44,559,-281.73162992936045
world_model_cem,44,560,-282.8536579686227
world_model_cem,44,561,-286.923726458453
world_model_cem,44,562,-289.9030106102005
world_model_cem,44,563,-298.51557156879306
world_model_cem,44,564,-291.4960313617812
world_model_cem,44,565,-291.2221874648407
world_model_cem,44,566,-291.1671412441267
world_model_cem,44,567,-292.4001789475125
world_model_cem,44,568,-285.1986172673004
world_model_cem,44,569,-279.57050734064455
world_model_cem,44,570,-291.8306258196085
world_model_cem,44,571,-283.0182746837143
world_model_cem,44,572,-281.3072187004167
world_model_cem,44,573,-282.5382131711034
world_model_cem,44,574,-283.2202540835193
world_model_cem,44,575,-279.7881166169909
world_model_cem,44,576,-277.6750728128711
world_model_cem,44,577,-271.8380825787886
world_model_cem,44,578,-275.12205572149554
world_model_cem,44,579,-284.09968261351963
world_model_cem,44,580,-275.62314629772055
world_model_cem,44,581,-276.8770877281684
world_model_cem,44,582,-289.66619198603865
world_model_cem,44,583,-286.69916832059033
world_model_cem,44,584,-288.3311745995409
world_model_cem,44,585,-292.09716996043585
world_model_cem,44,586,-291.275820455754
world_model_cem,44,587,-281.6040175618499
world_model_cem,44,588,-289.97463849968256
world_model_cem,44,589,-285.8678982355955
world_model_cem,44,590,-291.5896445534468
world_model_cem,44,591,-290.45754505388476
world_model_cem,44,592,-283.84439840117545
world_model_cem,44,593,-279.70035869389426
world_model_cem,44,594,-274.8669465020388
world_model_cem,44,595,-285.1529927131104
world_model_cem,44,596,-279.43166972279556
world_model_cem,44,597,-279.9310253233299
world_model_cem,44,598,-274.64528077758104
world_model_cem,44,599,-278.8763302489196
world_model_cem,44,600,-273.3936863930221
world_model_cem,44,601,-277.5591023334552
world_model_cem,44,602,-281.88261603489866
world_model_cem,44,603,-273.77718096723623
world_model_cem,44,604,-270.53011842404675
world_model_cem,44,605,-265.8915918329874
world_model_cem,44,606,-269.9502421271839
world_model_cem,44,607,-274.6528852748492
world_model_cem,44,608,-273.1105621466781
world_model_cem,44,609,-274.7669259671185
world_model_cem,44,610,-269.8373957029868
world_model_cem,44,611,-257.7383245214761
world_model_cem,44,612,-276.5354556929395
world_model_cem,44,613,-286.4978983798296
world_model_cem,44,614,-281.69706306458863
world_model_cem,44,615,-280.6486078407675
world_model_cem,44,616,-271.5144026030696
world_model_cem,44,617,-276.99947121229565
world_model_cem,44,618,-271.1516898594509
world_model_cem,44,619,-263.7557204213005
world_model_cem,44,620,-284.26589549239117
world_model_cem,44,621,-274.0914704529826
world_model_cem,44,622,-280.30024700366914
world_model_cem,44,623,-264.7352016785534
world_model_cem,44,624,-269.60975124835164
world_model_cem,44,625,-258.44336817063123
world_model_cem,44,626,-258.74945674600156
world_model_cem,44,627,-276.92645689100925
world_model_cem,44,628,-271.33967399292374
world_model_cem,44,629,-278.3089160376609
world_model_cem,44,630,-277.3999632097268
world_model_cem,44,631,-277.5374399695451
world_model_cem,44,632,-276.8273469404805
world_model_cem,44,633,-287.6519916774341
world_model_cem,44,634,-287.50697461282994
world_model_cem,44,635,-285.1549441169501
world_model_cem,44,636,-263.31732632957426
world_model_cem,44,637,-283.0487750358064
world_model_cem,44,638,-287.49720925179236
world_model_cem,44,639,-282.27738755029725
world_model_cem,44,640,-288.3187353598087
world_model_cem,44,641,-263.75064836989907
world_model_cem,44,642,-280.9961544004866
world_model_cem,44,643,-290.6026049229828
world_model_cem,44,644,-284.88962676154296
world_model_cem,44,645,-290.0001766902675
world_model_cem,44,646,-284.86234639735216
world_model_cem,44,647,-287.8364751533928
world_model_cem,44,648,-293.74020055603705
world_model_cem,44,649,-288.59619286393934
world_model_cem,44,650,-292.4880027264244
world_model_cem,44,651,-289.6834030714634
world_model_cem,44,652,-284.10382283983154
world_model_cem,44,653,-291.94033436022715
world_model_cem,44,654,-280.82778181342536
world_model_cem,44,655,-283.073136329177
world_model_cem,44,656,-282.5624587265951
world_model_cem,44,657,-286.0832118229755
world_model_cem,44,658,-275.75561992527196
world_model_cem,44,659,-272.97254993617594
world_model_cem,44,660,-275.4920292656197
world_model_cem,44,661,-278.44587442387035
world_model_cem,44,662,-277.56672990557746
world_model_cem,44,663,-271.6730834105328
world_model_cem,44,664,-274.7568055176908
world_model_cem,44,665,-278.47031381756085
world_model_cem,44,666,-284.9789836196378
world_model_cem,44,667,-281.9863069285332
world_model_cem,44,668,-275.7983304270926
world_model_cem,44,669,-289.6387857081456
world_model_cem,44,670,-294.84583701783026
world_model_cem,44,671,-291.43917097388476
world_model_cem,44,672,-286.31584881404916
world_model_cem,44,673,-290.96097139018667
world_model_cem,44,674,-286.3962591884295
world_model_cem,44,675,-280.39472831541525
world_model_cem,44,676,-291.98194442410045
world_model_cem,44,677,-284.62612528129125
world_model_cem,44,678,-278.66539622974545
world_model_cem,44,679,-273.9382469875692
world_model_cem,44,680,-273.70123850689737
world_model_cem,44,681,-274.43585855551146
world_model_cem,44,682,-284.53128827870387
world_model_cem,44,683,-282.9553635099646
world_model_cem,44,684,-278.20138382667807
world_model_cem,44,685,-281.398081245577
world_model_cem,44,686,-281.8691449809994
world_model_cem,44,687,-286.79154976130417
world_model_cem,44,688,-286.8774524794047
world_model_cem,44,689,-281.8977609091125
world_model_cem,44,690,-279.2739960138477
world_model_cem,44,691,-278.6654507181463
world_model_cem,44,692,-284.0104206645449
world_model_cem,44,693,-272.1045750480415
world_model_cem,44,694,-256.32392203774305
world_model_cem,44,695,-269.69720114723776
world_model_cem,44,696,-271.86069962269573
world_model_cem,44,697,-271.33370542645866
world_model_cem,44,698,-279.961776192156
world_model_cem,44,699,-278.67401000454015
world_model_cem,44,700,-273.5586365715589
world_model_cem,44,701,-270.3018315294787
world_model_cem,44,702,-263.3575927724248
world_model_cem,44,703,-273.1217262997164
world_model_cem,44,704,-270.9827071366104
world_model_cem,44,705,-267.78450769317203
world_model_cem,44,706,-260.0622499180789
world_model_cem,44,707,-282.6858358094264
world_model_cem,44,708,-283.47529939861727
world_model_cem,44,709,-267.99256848897767
world_model_cem,44,710,-282.5225358720938
world_model_cem,44,711,-286.24831252227096
world_model_cem,44,712,-280.2711207430412
world_model_cem,44,713,-283.04109006465706
world_model_cem,44,714,-287.1722780648965
world_model_cem,44,715,-283.16642442523795
world_model_cem,44,716,-288.06561360666757
world_model_cem,44,717,-290.77481798035177
world_model_cem,44,718,-281.5420424219779
world_model_cem,44,719,-288.95878865262284
world_model_cem,44,720,-283.1636649445828
world_model_cem,44,721,-288.56318663178274
world_model_cem,44,722,-277.0143130860615
world_model_cem,44,723,-267.89110352465275
world_model_cem,44,724,-283.95803333581586
world_model_cem,44,725,-283.0011803887634
world_model_cem,44,726,-280.9258944863174
world_model_cem,44,727,-271.5821028356478
world_model_cem,44,728,-277.67177352470367
world_model_cem,44,729,-283.9625724482162
world_model_cem,44,730,-290.9520991418883
world_model_cem,44,731,-282.6234769493907
world_model_cem,44,732,-281.6386257475292
world_model_cem,44,733,-274.3304288776365
world_model_cem,44,734,-283.43054905016277
world_model_cem,44,735,-288.66077453147403
world_model_cem,44,736,-269.82206823169594
world_model_cem,44,737,-287.9515369832293
world_model_cem,44,738,-288.9985943613398
world_model_cem,44,739,-282.6254783907728
world_model_cem,44,740,-281.2426247694918
world_model_cem,44,741,-284.13133431753204
world_model_cem,44,742,-286.33273606389724
world_model_cem,44,743,-267.49309189872554
world_model_cem,44,744,-282.18221260445955
world_model_cem,44,745,-289.2821090962321
world_model_cem,44,746,-285.8919825142196
world_model_cem,44,747,-283.6339968043844
world_model_cem,44,748,-281.0965978169274
world_model_cem,44,749,-287.3078094884812
world_model_cem,44,750,-294.6401834021662
world_model_cem,44,751,-288.01118600550694
world_model_cem,44,752,-292.9687229436496
world_model_cem,44,753,-281.82994379438765
world_model_cem,44,754,-286.63209334231357
world_model_cem,44,755,-274.0004115720055
world_model_cem,44,756,-284.4497484181562
world_model_cem,44,757,-285.55531918832907
world_model_cem,44,758,-285.9940962563244
world_model_cem,44,759,-278.7382153386096
world_model_cem,44,760,-283.4578342627819
world_model_cem,44,761,-282.99417637614954
world_model_cem,44,762,-286.1401316493965
world_model_cem,44,763,-282.11024436435025
world_model_cem,44,764,-280.9080815911461
world_model_cem,44,765,-284.331786007146
world_model_cem,44,766,-279.2573439931797
world_model_cem,44,767,-272.5837526940182
world_model_cem,44,768,-275.93738836523835
world_model_cem,44,769,-277.8124232050428
world_model_cem,44,770,-284.5017475326908
world_model_cem,44,771,-283.9847361822572
world_model_cem,44,772,-276.59230203402075
world_model_cem,44,773,-293.70274550022293
world_model_cem,44,774,-291.22251543143557
world_model_cem,44,775,-287.24239912443176
world_model_cem,44,776,-291.9668020565761
world_model_cem,44,777,-293.43048734487104
world_model_cem,44,778,-283.9589728181263
world_model_cem,44,779,-289.2910173369224
world_model_cem,44,780,-289.08119393635786
world_model_cem,44,781,-287.67887690626833
world_model_cem,44,782,-285.4509568493159
world_model_cem,44,783,-281.2925443084828
world_model_cem,44,784,-284.0850354538738
world_model_cem,44,785,-284.2401285168872
world_model_cem,44,786,-282.96429644736503
world_model_cem,44,787,-284.13786942992135
world_model_cem,44,788,-277.3079266773923
world_model_cem,44,789,-288.6841790608279
world_model_cem,44,790,-285.27321792235256
world_model_cem,44,791,-274.7673652771952
world_model_cem,44,792,-287.5595115469619
world_model_cem,44,793,-287.1589058885521
world_model_cem,44,794,-291.47024352247604
world_model_cem,44,795,-284.3871165656324
world_model_cem,44,796,-286.6480808386218
world_model_cem,44,797,-274.4256238937666
world_model_cem,44,798,-283.6310805702675
world_model_cem,44,799,-289.1907959562931
world_model_cem,44,800,-286.41845767477446
world_model_cem,44,801,-277.5483937815889
world_model_cem,44,802,-286.92236318448187
world_model_cem,44,803,-281.652649232213
world_model_cem,44,804,-285.0905885652926
world_model_cem,44,805,-284.5560303771992
world_model_cem,44,806,-265.4141140474028
world_model_cem,44,807,-273.39801903773974
world_model_cem,44,808,-261.1343006634538
world_model_cem,44,809,-272.6717326182703
world_model_cem,44,810,-263.50944210515786
world_model_cem,44,811,-271.3465113290656
world_model_cem,44,812,-268.33553944014915
world_model_cem,44,813,-270.3337199816201
world_model_cem,44,814,-269.487888354453
world_model_cem,44,815,-263.4860242596815
world_model_cem,44,816,-261.6426487114969
world_model_cem,44,817,-264.4579336657101
world_model_cem,44,818,-276.80870018136284
world_model_cem,44,819,-279.31246180302105
world_model_cem,44,820,-281.3519176158452
world_model_cem,44,821,-281.936899587211
world_model_cem,44,822,-285.0663124064744
world_model_cem,44,823,-294.0707956043323
world_model_cem,44,824,-282.06719274029774
world_model_cem,44,825,-292.9051787599666
world_model_cem,44,826,-297.1158459958043
world_model_cem,44,827,-287.0394508324739
world_model_cem,44,828,-284.0274066577225
world_model_cem,44,829,-283.2659890026366
world_model_cem,44,830,-288.1049541216715
world_model_cem,44,831,-285.91019148277263
world_model_cem,44,832,-285.28349760212393
world_model_cem,44,833,-286.5121763739471
world_model_cem,44,834,-275.2791055485817
world_model_cem,44,835,-292.47826974752473
world_model_cem,44,836,-279.5994193232265
world_model_cem,44,837,-281.6898120134786
world_model_cem,44,838,-276.22388576130453
world_model_cem,44,839,-291.36325727920706
world_model_cem,44,840,-290.3602990982332
world_model_cem,44,841,-274.9700699160018
world_model_cem,44,842,-281.3320845077992
world_model_cem,44,843,-281.7924256886221
world_model_cem,44,844,-279.491596829732
world_model_cem,44,845,-283.64737754206527
world_model_cem,44,846,-273.0420804995762
world_model_cem,44,847,-279.23507648651685
world_model_cem,44,848,-271.7873929490636
world_model_cem,44,849,-273.65709289559044
world_model_cem,44,850,-276.2403256544867
world_model_cem,44,851,-272.16653927036526
world_model_cem,44,852,-271.43940013181094
world_model_cem,44,853,-267.69941995536277
world_model_cem,44,854,-281.3328978247996
world_model_cem,44,855,-276.53276455780275
world_model_cem,44,856,-270.2296367019369
world_model_cem,44,857,-283.1920418104701
world_model_cem,44,858,-276.38233031385266
world_model_cem,44,859,-275.26610579735336
world_model_cem,44,860,-284.98983265741896
world_model_cem,44,861,-284.2104477183218
world_model_cem,44,862,-285.8625198433563
world_model_cem,44,863,-282.138886648811
world_model_cem,44,864,-294.8571784899319
world_model_cem,44,865,-289.2492949578258
world_model_cem,44,866,-279.77821438453407
world_model_cem,44,867,-288.77305948006125
world_model_cem,44,868,-284.6853814669033
world_model_cem,44,869,-289.6372089054662
world_model_cem,44,870,-290.31048254882273
world_model_cem,44,871,-278.6289363776175
world_model_cem,44,872,-275.35600817653994
world_model_cem,44,873,-273.45807462747
world_model_cem,44,874,-271.49618875136923
world_model_cem,44,875,-260.2091663512584
world_model_cem,44,876,-261.25732026036974
world_model_cem,44,877,-267.109768614423
world_model_cem,44,878,-274.21550895071323
world_model_cem,44,879,-271.43492986358075
world_model_cem,44,880,-270.28284189728976
world_model_cem,44,881,-259.5997735920853
world_model_cem,44,882,-265.7489068555569
world_model_cem,44,883,-265.9847575189626
world_model_cem,44,884,-274.94059073252004
world_model_cem,44,885,-276.4577909859136
world_model_cem,44,886,-282.521230773411
world_model_cem,44,887,-288.94470461235636
world_model_cem,44,888,-289.193681944127
world_model_cem,44,889,-283.8259338962517
world_model_cem,44,890,-287.38018896016126
world_model_cem,44,891,-284.8796809476007
world_model_cem,44,892,-287.73407679561046
world_model_cem,44,893,-278.76930703090653
world_model_cem,44,894,-290.5269772518461
world_model_cem,44,895,-292.10562465413676
world_model_cem,44,896,-289.39864870669453
world_model_cem,44,897,-289.9230928163357
world_model_cem,44,898,-288.5219849214714
world_model_cem,44,899,-282.25528197393606
world_model_cem,44,900,-285.5074978099425
world_model_cem,44,901,-289.09324590960387
world_model_cem,44,902,-285.40942493241573
world_model_cem,44,903,-286.59789951614204
world_model_cem,44,904,-278.9416422847217
world_model_cem,44,905,-265.9960522081771
world_model_cem,44,906,-287.6605698611042
world_model_cem,44,907,-288.2827083110409
world_model_cem,44,908,-284.8275467084594
world_model_cem,44,909,-279.5391122204277
world_model_cem,44,910,-287.19384341520674
world_model_cem,44,911,-282.45213186657975
world_model_cem,44,912,-278.00593713974774
world_model_cem,44,913,-288.34500951816784
world_model_cem,44,914,-281.3936954938712
world_model_cem,44,915,-283.44584031389496
world_model_cem,44,916,-281.5952666345838
world_model_cem,44,917,-275.2167153338792
world_model_cem,44,918,-285.11849958373756
world_model_cem,44,919,-278.93255088244655
world_model_cem,44,920,-286.907365868584
world_model_cem,44,921,-276.377734232234
world_model_cem,44,922,-286.12401633649597
world_model_cem,44,923,-276.4162823782641
world_model_cem,44,924,-276.5571972679765
world_model_cem,44,925,-284.6919961865261
world_model_cem,44,926,-288.5179342616297
world_model_cem,44,927,-281.7038558745413
world_model_cem,44,928,-287.43313617166797
world_model_cem,44,929,-283.2018654317409
world_model_cem,44,930,-276.74657351743326
world_model_cem,44,931,-278.1391268888469
world_model_cem,44,932,-267.97732475319197
world_model_cem,44,933,-279.6271206336843
world_model_cem,44,934,-265.81353684706215
world_model_cem,44,935,-277.08955304967196
world_model_cem,44,936,-275.1011940685866
world_model_cem,44,937,-276.25649093997856
world_model_cem,44,938,-272.584081813897
world_model_cem,44,939,-278.305697245475
world_model_cem,44,940,-272.9994790064708
world_model_cem,44,941,-275.08480872543123
world_model_cem,44,942,-272.14354773603367
world_model_cem,44,943,-271.712511909692
world_model_cem,44,944,-262.486290140101
world_model_cem,44,945,-261.858391038346
world_model_cem,44,946,-269.0002992011433
world_model_cem,44,947,-264.41774646119984
world_model_cem,44,948,-282.27622750399934
world_model_cem,44,949,-274.8890296134207
world_model_cem,44,950,-281.9090996752465
world_model_cem,44,951,-267.7745992186981
world_model_cem,44,952,-265.2580838177379
world_model_cem,44,953,-270.7689345409422
world_model_cem,44,954,-261.787446406704
world_model_cem,44,955,-271.29556677511215
world_model_cem,44,956,-281.1772237764375
world_model_cem,44,957,-285.2790899710418
world_model_cem,44,958,-270.83002545716386
world_model_cem,44,959,-267.13999106958534
world_model_cem,44,960,-267.9784758467047
world_model_cem,44,961,-258.7930832941327
world_model_cem,44,962,-281.25923324441067
world_model_cem,44,963,-279.8512009600761
world_model_cem,44,964,-273.5998716007239
world_model_cem,44,965,-273.84139666808045
world_model_cem,44,966,-285.1180486163728
world_model_cem,44,967,-283.0713978437085
world_model_cem,44,968,-281.9177903902643
world_model_cem,44,969,-281.7095793958744
world_model_cem,44,970,-288.7935007141098
world_model_cem,44,971,-285.14008915457924
world_model_cem,44,972,-286.1906007280521
world_model_cem,44,973,-285.65139528556944
world_model_cem,44,974,-296.12516138401287
world_model_cem,44,975,-281.4867835917374
world_model_cem,44,976,-286.99989841400094
world_model_cem,44,977,-285.2392961213834
world_model_cem,44,978,-280.3017810199152
world_model_cem,44,979,-287.60266342706086
world_model_cem,44,980,-283.086338523915
world_model_cem,44,981,-284.19246176190177
world_model_cem,44,982,-285.7550126146796
world_model_cem,44,983,-280.17846986738425
world_model_cem,44,984,-290.4311965172979
world_model_cem,44,985,-288.9711868480506
world_model_cem,44,986,-269.4291514587144
world_model_cem,44,987,-278.4677826597488
world_model_cem,44,988,-276.96584440906724
world_model_cem,44,989,-274.13887716416775
world_model_cem,44,990,-286.5244004105457
world_model_cem,44,991,-286.45589338223425
world_model_cem,44,992,-283.97846909885465
world_model_cem,44,993,-279.0362053533338
world_model_cem,44,994,-282.7859279071299
world_model_cem,44,995,-277.5310368235469
world_model_cem,44,996,-280.0303569822336
world_model_cem,44,997,-283.8175997082186
world_model_cem,44,998,-289.18698461606596
world_model_cem,44,999,-282.6630212627385
world_model_cem,44,1000,-283.6208584214251
