policy,seed,step,reward
official_bc,42,1,-194.43047219645035
official_bc,42,2,-203.42711263630875
official_bc,42,3,-210.70291549760339
official_bc,42,4,-246.65995036923906
official_bc,42,5,-196.52961408838792
official_bc,42,6,-253.18186172354555
official_bc,42,7,-263.0017136675544
official_bc,42,8,-178.91832015912024
official_bc,42,9,-169.00725096460516
official_bc,42,10,-203.09145474241333
official_bc,42,11,-267.00558441893236
official_bc,42,12,-163.44355520103153
official_bc,42,13,-228.9573293108091
official_bc,42,14,-293.76502197722033
official_bc,42,15,-277.394573696435
official_bc,42,16,-278.5268627712449
official_bc,42,17,-291.89760883744293
official_bc,42,18,-296.0077109221451
official_bc,42,19,-287.92597488977736
official_bc,42,20,-267.4123587072993
official_bc,42,21,-179.2192487406087
official_bc,42,22,-262.81776156038364
official_bc,42,23,-304.31473849655134
official_bc,42,24,-217.2067038758276
official_bc,42,25,-299.79857581803356
official_bc,42,26,-298.3633704720719
official_bc,42,27,-243.56061371616929
official_bc,42,28,-209.65498308475122
official_bc,42,29,-187.75793946542063
official_bc,42,30,-273.93781759298497
official_bc,42,31,-286.90161504733896
official_bc,42,32,-295.20462477575177
official_bc,42,33,-279.1988145627186
official_bc,42,34,-282.7749466902762
official_bc,42,35,-284.0299661067559
official_bc,42,36,-293.18060515284566
official_bc,42,37,-283.72143122704426
official_bc,42,38,-288.30402479455574
official_bc,42,39,-280.2653460903453
official_bc,42,40,-285.18269892606014
official_bc,42,41,-275.51391621044377
official_bc,42,42,-280.11383102584034
official_bc,42,43,-276.6416716662251
official_bc,42,44,-269.10998289585126
official_bc,42,45,-275.61141890505604
official_bc,42,46,-268.544415520765
official_bc,42,47,-271.89778162246586
official_bc,42,48,-272.2830524834095
official_bc,42,49,-281.4362368544847
official_bc,42,50,-283.2727176134828
official_bc,42,51,-279.43764633230785
official_bc,42,52,-284.48993636875497
official_bc,42,53,-289.38342268414715
official_bc,42,54,-287.65147487099074
official_bc,42,55,-294.18112761403887
official_bc,42,56,-294.23184809481285
official_bc,42,57,-296.37837718222494
official_bc,42,58,-298.8965841332185
official_bc,42,59,-293.82631601995297
official_bc,42,60,-289.22046304617004
official_bc,42,61,-291.45740057451815
official_bc,42,62,-303.33624236339233
official_bc,42,63,-301.2306907764016
official_bc,42,64,-294.7973132609212
official_bc,42,65,-287.6591673849913
official_bc,42,66,-285.9486011275702
official_bc,42,67,-283.68118006376284
official_bc,42,68,-289.1040357424135
official_bc,42,69,-270.6852750442656
official_bc,42,70,-280.14423427361623
official_bc,42,71,-275.8133508833524
official_bc,42,72,-273.5841285370084
official_bc,42,73,-281.28895082409116
official_bc,42,74,-283.60471875686187
official_bc,42,75,-284.35518377284416
official_bc,42,76,-290.02975080231704
official_bc,42,77,-280.6044616803651
official_bc,42,78,-282.5228070262829
official_bc,42,79,-296.9854239662387
official_bc,42,80,-288.4164358262376
official_bc,42,81,-291.5999231018145
official_bc,42,82,-289.2692494752488
official_bc,42,83,-282.57170922298803
official_bc,42,84,-284.9686848739904
official_bc,42,85,-289.18217123134684
official_bc,42,86,-291.4062154798104
official_bc,42,87,-290.8607107331527
official_bc,42,88,-291.99779492818243
official_bc,42,89,-283.7824474707022
official_bc,42,90,-274.5135608297544
official_bc,42,91,-286.37926792720873
official_bc,42,92,-284.98351261330896
official_bc,42,93,-283.2372696443616
official_bc,42,94,-294.64864626396417
official_bc,42,95,-288.8673103023145
official_bc,42,96,-290.1598860296191
official_bc,42,97,-286.92387915552865
official_bc,42,98,-295.4583795884206
official_bc,42,99,-279.8740569689344
official_bc,42,100,-277.8590577820512
official_bc,42,101,-290.1390541235351
official_bc,42,102,-289.42759207855494
official_bc,42,103,-284.32083489510325
official_bc,42,104,-276.48485592605493
official_bc,42,105,-293.40931865391843
official_bc,42,106,-282.11585772088085
official_bc,42,107,-285.4400608872411
official_bc,42,108,-285.3138297534191
official_bc,42,109,-289.5824768777071
official_bc,42,110,-294.9653643624001
official_bc,42,111,-295.15322168025216
official_bc,42,112,-292.44817591705294
official_bc,42,113,-284.8841339087902
official_bc,42,114,-295.8743286483492
official_bc,42,115,-292.85959703366245
official_bc,42,116,-285.1293077962765
official_bc,42,117,-293.56252535394214
official_bc,42,118,-287.72358924936543
official_bc,42,119,-289.68405303787176
official_bc,42,120,-293.6622170960529
official_bc,42,121,-292.85682048993203
official_bc,42,122,-292.085810760138
official_bc,42,123,-294.34242492647655
official_bc,42,124,-286.8178316594803
official_bc,42,125,-290.9416090788345
official_bc,42,126,-291.0256502418207
official_bc,42,127,-288.1280998592875
official_bc,42,128,-287.9509813352721
official_bc,42,129,-288.70442334662806
official_bc,42,130,-287.59982223677855
official_bc,42,131,-292.13519117882413
official_bc,42,132,-292.2634848940491
official_bc,42,133,-284.5771714208855
official_bc,42,134,-295.9716763839474
official_bc,42,135,-291.67284141451
official_bc,42,136,-292.98971600311177
official_bc,42,137,-286.74182735681126
official_bc,42,138,-293.1826072894714
official_bc,42,139,-291.95310735390865
official_bc,42,140,-286.2145283028658
official_bc,42,141,-290.55319792438814
official_bc,42,142,-296.96814116460087
official_bc,42,143,-292.1123986188338
official_bc,42,144,-293.2923399123565
official_bc,42,145,-298.9457307665449
official_bc,42,146,-293.40786582681267
official_bc,42,147,-291.1962740527006
official_bc,42,148,-292.6485260302444
official_bc,42,149,-293.3750135523612
official_bc,42,150,-294.58974680758905
official_bc,42,151,-283.46784360160746
official_bc,42,152,-276.042457252626
official_bc,42,153,-292.2779268791039
official_bc,42,154,-292.88145272977823
official_bc,42,155,-287.7820696527806
official_bc,42,156,-293.909114299855
official_bc,42,157,-291.6001371553014
official_bc,42,158,-288.64403318580355
official_bc,42,159,-291.73441235209043
official_bc,42,160,-294.11956903932435
official_bc,42,161,-281.0567080410716
official_bc,42,162,-295.060599810758
official_bc,42,163,-281.11108398753413
official_bc,42,164,-292.13674958750613
official_bc,42,165,-291.71227338618917
official_bc,42,166,-295.9060743379915
official_bc,42,167,-284.02726371886683
official_bc,42,168,-288.2020866416481
official_bc,42,169,-291.4691638345074
official_bc,42,170,-289.83465069337393
official_bc,42,171,-291.3943217908951
official_bc,42,172,-285.8561007376971
official_bc,42,173,-292.27116338018993
official_bc,42,174,-293.2313144663432
official_bc,42,175,-284.044182719537
official_bc,42,176,-292.2781818504647
official_bc,42,177,-296.0514425581133
official_bc,42,178,-280.4957429560843
official_bc,42,179,-297.62191580030947
official_bc,42,180,-280.6161074882514
official_bc,42,181,-295.7175405351441
official_bc,42,182,-292.7099353057718
official_bc,42,183,-296.7865365079474
official_bc,42,184,-293.7505577675362
official_bc,42,185,-292.9593897199462
official_bc,42,186,-299.88665361015387
official_bc,42,187,-296.5712792505954
official_bc,42,188,-294.6816293725282
official_bc,42,189,-281.23937437790295
official_bc,42,190,-289.4525207046447
official_bc,42,191,-290.0766866920229
official_bc,42,192,-288.9199577654451
official_bc,42,193,-292.3831087395302
official_bc,42,194,-289.75520457412006
official_bc,42,195,-286.57917938059677
official_bc,42,196,-289.0146875789171
official_bc,42,197,-290.7730313406221
official_bc,42,198,-283.31303526478814
official_bc,42,199,-299.52353726695975
official_bc,42,200,-291.67848051287325
official_bc,42,201,-288.2308103727099
official_bc,42,202,-297.0103782450039
official_bc,42,203,-291.7555903407597
official_bc,42,204,-280.21605769729507
official_bc,42,205,-299.151305413527
official_bc,42,206,-289.2520160740826
official_bc,42,207,-284.15153502529074
official_bc,42,208,-280.471834630905
official_bc,42,209,-293.2299340275008
official_bc,42,210,-294.00789625716607
official_bc,42,211,-287.22042496715443
official_bc,42,212,-292.0836325333701
official_bc,42,213,-287.49603707834
official_bc,42,214,-289.77271260438664
official_bc,42,215,-284.43310369704415
official_bc,42,216,-296.8179355067499
official_bc,42,217,-298.3451755095835
official_bc,42,218,-295.993319055023
official_bc,42,219,-287.0363119507496
official_bc,42,220,-290.96947163932936
official_bc,42,221,-293.1045237502661
official_bc,42,222,-285.0365176242758
official_bc,42,223,-293.5539770383754
official_bc,42,224,-280.6833125857947
official_bc,42,225,-285.0588064683827
official_bc,42,226,-288.05379025718264
official_bc,42,227,-290.5494411893177
official_bc,42,228,-290.8641776952053
official_bc,42,229,-293.7202756315155
official_bc,42,230,-298.6218969011428
official_bc,42,231,-292.11064726286264
official_bc,42,232,-291.3604688942095
official_bc,42,233,-295.0190380663774
official_bc,42,234,-296.68264338384665
official_bc,42,235,-280.1600387840239
official_bc,42,236,-286.9212363398132
official_bc,42,237,-289.5849545788282
official_bc,42,238,-288.1612946088552
official_bc,42,239,-293.053746049477
official_bc,42,240,-296.9891868780031
official_bc,42,241,-288.11013363442146
official_bc,42,242,-290.99893614167183
official_bc,42,243,-297.0394602299897
official_bc,42,244,-294.8888726632606
official_bc,42,245,-286.0091686443476
official_bc,42,246,-286.92274943859303
official_bc,42,247,-282.17309728620944
official_bc,42,248,-301.43843013976556
official_bc,42,249,-283.2977315394121
official_bc,42,250,-295.76791877747485
official_bc,42,251,-289.80538295188626
official_bc,42,252,-297.3847924305172
official_bc,42,253,-295.3171357385836
official_bc,42,254,-287.9558560423254
official_bc,42,255,-289.7116842209537
official_bc,42,256,-292.04516848953506
official_bc,42,257,-297.5526991120055
official_bc,42,258,-293.3460311641833
official_bc,42,259,-281.31955851182516
official_bc,42,260,-290.64323013820876
official_bc,42,261,-298.4726388013399
official_bc,42,262,-289.2125483539459
official_bc,42,263,-292.24078843851
official_bc,42,264,-298.15737915592945
official_bc,42,265,-284.4797554248326
official_bc,42,266,-290.69593996745095
official_bc,42,267,-295.30212063230033
official_bc,42,268,-291.10424406388637
official_bc,42,269,-292.5693489217953
official_bc,42,270,-290.87708549876044
official_bc,42,271,-285.28710281700853
official_bc,42,272,-291.30772936217437
official_bc,42,273,-286.8821743830253
official_bc,42,274,-288.33859735582814
official_bc,42,275,-283.46270650284964
official_bc,42,276,-295.4872562129084
official_bc,42,277,-287.168996111453
official_bc,42,278,-292.35165751003336
official_bc,42,279,-293.53752522285976
official_bc,42,280,-290.1935844294916
official_bc,42,281,-286.78516681241035
official_bc,42,282,-288.2769016997223
official_bc,42,283,-282.97702662331994
official_bc,42,284,-291.9561808668121
official_bc,42,285,-291.0102775287891
official_bc,42,286,-293.5249061303288
official_bc,42,287,-290.43107965157725
official_bc,42,288,-290.42134773185563
official_bc,42,289,-292.1443144647912
official_bc,42,290,-295.3425227078121
official_bc,42,291,-292.086064560125
official_bc,42,292,-296.82832664428224
official_bc,42,293,-291.67366562980953
official_bc,42,294,-291.1143108682559
official_bc,42,295,-293.8263991748266
official_bc,42,296,-291.0231582960065
official_bc,42,297,-288.21234171035627
official_bc,42,298,-268.56001932063367
official_bc,42,299,-290.69065594400814
official_bc,42,300,-290.9186660011903
official_bc,42,301,-293.18726427733003
official_bc,42,302,-288.61534809411194
official_bc,42,303,-294.1423105566637
official_bc,42,304,-287.62668962418576
official_bc,42,305,-283.1593687076645
official_bc,42,306,-293.1406861906879
official_bc,42,307,-296.42978745206796
official_bc,42,308,-291.44904927594337
official_bc,42,309,-295.7530483801652
official_bc,42,310,-288.2012802135049
official_bc,42,311,-291.64555497561315
official_bc,42,312,-296.8733358944468
official_bc,42,313,-297.53260561458023
official_bc,42,314,-283.50803688056783
official_bc,42,315,-283.80942919485454
official_bc,42,316,-285.7890387806019
official_bc,42,317,-292.73642049004627
official_bc,42,318,-284.0298117407785
official_bc,42,319,-290.78075942843316
official_bc,42,320,-293.78376824103754
official_bc,42,321,-280.6774778777991
official_bc,42,322,-291.54902615680237
official_bc,42,323,-280.82421924904435
official_bc,42,324,-291.5604577979054
official_bc,42,325,-295.5530227690699
official_bc,42,326,-285.8961001897284
official_bc,42,327,-299.15899369444884
official_bc,42,328,-291.93494307523366
official_bc,42,329,-292.6398954449916
official_bc,42,330,-293.5506395803807
official_bc,42,331,-293.40938492053635
official_bc,42,332,-295.1277174039782
official_bc,42,333,-290.4527917653823
official_bc,42,334,-289.9460985765694
official_bc,42,335,-296.2522097870963
official_bc,42,336,-293.4085314979509
official_bc,42,337,-284.5963942119246
official_bc,42,338,-292.79665174017487
official_bc,42,339,-292.29402152655484
official_bc,42,340,-286.6351476183141
official_bc,42,341,-293.87582824412857
official_bc,42,342,-292.4129034253481
official_bc,42,343,-289.80801265098637
official_bc,42,344,-285.0600402671467
official_bc,42,345,-291.09237903545517
official_bc,42,346,-294.4100359259666
official_bc,42,347,-281.65611661203513
official_bc,42,348,-289.89082907501006
official_bc,42,349,-293.1962972682053
official_bc,42,350,-294.41042121676605
official_bc,42,351,-296.89039243436315
official_bc,42,352,-288.21490904740455
official_bc,42,353,-293.1759998143174
official_bc,42,354,-284.0910696038286
official_bc,42,355,-293.0837068709352
official_bc,42,356,-283.34896376289646
official_bc,42,357,-278.52567089631043
official_bc,42,358,-295.22778407633854
official_bc,42,359,-289.1292228559126
official_bc,42,360,-296.3223394575285
official_bc,42,361,-286.42986489060496
official_bc,42,362,-289.65398838138674
official_bc,42,363,-285.0309303036021
official_bc,42,364,-296.13822689977087
official_bc,42,365,-294.17989793925665
official_bc,42,366,-288.5220038520388
official_bc,42,367,-298.08454204034615
official_bc,42,368,-289.3514719711278
official_bc,42,369,-292.95013833393864
official_bc,42,370,-283.45931977366104
official_bc,42,371,-301.14939047111966
official_bc,42,372,-294.7288033486033
official_bc,42,373,-294.67503943449753
official_bc,42,374,-294.432424722949
official_bc,42,375,-287.8390405061875
official_bc,42,376,-295.74345874753493
official_bc,42,377,-291.2259994834061
official_bc,42,378,-294.5225648551029
official_bc,42,379,-280.5350219192594
official_bc,42,380,-293.60833866787095
official_bc,42,381,-284.382435257231
official_bc,42,382,-284.68238759635443
official_bc,42,383,-293.45440147719785
official_bc,42,384,-289.5448057364084
official_bc,42,385,-285.9959649973587
official_bc,42,386,-284.49354532195946
official_bc,42,387,-294.56514745439074
official_bc,42,388,-291.0484408309495
official_bc,42,389,-280.2001613122735
official_bc,42,390,-294.8167127025319
official_bc,42,391,-296.81996425323814
official_bc,42,392,-295.41099219292545
official_bc,42,393,-297.34363204312626
official_bc,42,394,-296.15377479676647
official_bc,42,395,-295.0763901695177
official_bc,42,396,-283.1141140546466
official_bc,42,397,-297.41672385051527
official_bc,42,398,-285.43724690468747
official_bc,42,399,-292.60779962974146
official_bc,42,400,-279.94713573808474
official_bc,42,401,-291.4780571878099
official_bc,42,402,-293.8946913803951
official_bc,42,403,-289.037975408822
official_bc,42,404,-294.6849783067047
official_bc,42,405,-293.8100512553674
official_bc,42,406,-281.5930923511764
official_bc,42,407,-292.252150449151
official_bc,42,408,-291.4120548124538
official_bc,42,409,-284.64527171863193
official_bc,42,410,-294.2585794861216
official_bc,42,411,-284.4832883671703
official_bc,42,412,-287.75204246306134
official_bc,42,413,-287.1330410580713
official_bc,42,414,-294.25239554296206
official_bc,42,415,-288.24267777438746
official_bc,42,416,-292.2061499057905
official_bc,42,417,-284.5036168793463
official_bc,42,418,-287.599640391932
official_bc,42,419,-280.48864403343464
official_bc,42,420,-278.73731368807023
official_bc,42,421,-291.3858004475828
official_bc,42,422,-294.9776262603842
official_bc,42,423,-287.5388356577563
official_bc,42,424,-297.7819040792375
official_bc,42,425,-288.08627485729136
official_bc,42,426,-294.92376788362515
official_bc,42,427,-294.6662765290331
official_bc,42,428,-298.7853468265548
official_bc,42,429,-292.59837992212067
official_bc,42,430,-289.15260317553765
official_bc,42,431,-280.0140632112858
official_bc,42,432,-299.1932716140513
official_bc,42,433,-294.40012801735895
official_bc,42,434,-293.2171450460059
official_bc,42,435,-296.5832189450141
official_bc,42,436,-292.9511397395893
official_bc,42,437,-294.82443757974363
official_bc,42,438,-287.9931928862996
official_bc,42,439,-288.87455537113715
official_bc,42,440,-268.82496918685683
official_bc,42,441,-297.2281505799832
official_bc,42,442,-287.8508356976614
official_bc,42,443,-288.5896333030519
official_bc,42,444,-288.9776053442895
official_bc,42,445,-294.2824710454323
official_bc,42,446,-300.30079395225664
official_bc,42,447,-294.33137521744806
official_bc,42,448,-286.81864080772743
official_bc,42,449,-283.94941048858766
official_bc,42,450,-295.2902654163018
official_bc,42,451,-289.86412881680246
official_bc,42,452,-294.27670083853945
official_bc,42,453,-294.93309356238024
official_bc,42,454,-294.37047191326496
official_bc,42,455,-288.38567182626383
official_bc,42,456,-290.5766421718348
official_bc,42,457,-291.43741641134056
official_bc,42,458,-292.30273234660484
official_bc,42,459,-292.92061211476425
official_bc,42,460,-291.694832461573
official_bc,42,461,-292.4397716633822
official_bc,42,462,-294.81288378785075
official_bc,42,463,-291.49363351905254
official_bc,42,464,-292.03818210139184
official_bc,42,465,-288.01978610703
official_bc,42,466,-294.63809442210174
official_bc,42,467,-290.08521295946787
official_bc,42,468,-290.2445451320731
official_bc,42,469,-290.7944682948008
official_bc,42,470,-289.69624534203376
official_bc,42,471,-293.01028222354876
official_bc,42,472,-290.3449568571528
official_bc,42,473,-288.76780549452945
official_bc,42,474,-288.2131513036544
official_bc,42,475,-296.33521262033514
official_bc,42,476,-280.02285382553447
official_bc,42,477,-286.69441565162236
official_bc,42,478,-295.4994256481361
official_bc,42,479,-287.6134088442541
official_bc,42,480,-285.5425345812298
official_bc,42,481,-279.4325535288455
official_bc,42,482,-292.16745472600377
official_bc,42,483,-299.142490417596
official_bc,42,484,-286.7416757772615
official_bc,42,485,-292.7631109088676
official_bc,42,486,-292.19320915987805
official_bc,42,487,-296.0920549820537
official_bc,42,488,-297.8499192489029
official_bc,42,489,-292.70027855225567
official_bc,42,490,-288.57618577547345
official_bc,42,491,-292.45959507453233
official_bc,42,492,-283.1836473111918
official_bc,42,493,-290.66269652726794
official_bc,42,494,-291.28528267840454
official_bc,42,495,-285.4485951088996
official_bc,42,496,-290.3038850928661
official_bc,42,497,-282.77358798183883
official_bc,42,498,-295.0241743668049
official_bc,42,499,-287.23184078793196
official_bc,42,500,-286.8050053489783
official_bc,42,501,-281.785268318439
official_bc,42,502,-292.28215043976877
official_bc,42,503,-286.0024953898411
official_bc,42,504,-298.3353099214861
official_bc,42,505,-287.26304201949563
official_bc,42,506,-298.17247548270177
official_bc,42,507,-291.86777486192693
official_bc,42,508,-276.08592597983136
official_bc,42,509,-292.9841068604684
official_bc,42,510,-289.5292583019697
official_bc,42,511,-293.65832579945715
official_bc,42,512,-294.6107410807604
official_bc,42,513,-297.783592045386
official_bc,42,514,-283.5451632754103
official_bc,42,515,-283.87044860058194
official_bc,42,516,-282.8605655994006
official_bc,42,517,-288.8640926015655
official_bc,42,518,-276.76439579191606
official_bc,42,519,-291.36879751991484
official_bc,42,520,-279.37594734742584
official_bc,42,521,-291.1344541438714
official_bc,42,522,-290.2493350836221
official_bc,42,523,-288.68923871432423
official_bc,42,524,-295.37931451186444
official_bc,42,525,-298.9597389811953
official_bc,42,526,-285.2490222997819
official_bc,42,527,-285.1385597659296
official_bc,42,528,-300.52555368264984
official_bc,42,529,-295.04083541594883
official_bc,42,530,-291.29538893410427
official_bc,42,531,-286.53917225471247
official_bc,42,532,-296.8097389920178
official_bc,42,533,-289.23375576406295
official_bc,42,534,-282.04967701444707
official_bc,42,535,-285.5309912536796
official_bc,42,536,-281.391973009013
official_bc,42,537,-287.66126450189074
official_bc,42,538,-284.95238763277257
official_bc,42,539,-289.20380498921037
official_bc,42,540,-295.056433278374
official_bc,42,541,-293.72513289508584
official_bc,42,542,-294.3204325195964
official_bc,42,543,-291.6108106445318
official_bc,42,544,-294.45697901615546
official_bc,42,545,-297.9142767295989
official_bc,42,546,-283.8179020856813
official_bc,42,547,-295.0484468814806
official_bc,42,548,-289.0822625618446
official_bc,42,549,-291.9905007814893
official_bc,42,550,-293.74942076174017
official_bc,42,551,-294.8126344638808
official_bc,42,552,-284.823578481469
official_bc,42,553,-299.0411238044188
official_bc,42,554,-276.94870366446935
official_bc,42,555,-285.6623470142145
official_bc,42,556,-289.2690035438065
official_bc,42,557,-294.0749960838967
official_bc,42,558,-288.40937514735737
official_bc,42,559,-288.25137577457093
official_bc,42,560,-293.87968769504477
official_bc,42,561,-299.953344630655
official_bc,42,562,-292.9520683303689
official_bc,42,563,-292.80694081149545
official_bc,42,564,-290.8618498085691
official_bc,42,565,-298.86298450210154
official_bc,42,566,-293.19864083638436
official_bc,42,567,-287.1889647088201
official_bc,42,568,-281.4110828334287
official_bc,42,569,-280.8970434328608
official_bc,42,570,-285.0866023560351
official_bc,42,571,-293.18185763151195
official_bc,42,572,-290.5959545775469
official_bc,42,573,-289.82629154465576
official_bc,42,574,-293.23698359424924
official_bc,42,575,-286.5552194661491
official_bc,42,576,-290.89195003287495
official_bc,42,577,-286.4973348492962
official_bc,42,578,-295.78176183343805
official_bc,42,579,-297.7686739655555
official_bc,42,580,-293.6950713969617
official_bc,42,581,-292.07561934392027
official_bc,42,582,-297.2050048676479
official_bc,42,583,-290.8183101222039
official_bc,42,584,-287.912019180292
official_bc,42,585,-294.0967774142309
official_bc,42,586,-290.73374930846046
official_bc,42,587,-289.5808079929949
official_bc,42,588,-283.1321976263941
official_bc,42,589,-274.06460425117837
official_bc,42,590,-282.6027653160447
official_bc,42,591,-287.86392851085185
official_bc,42,592,-289.11968298740203
official_bc,42,593,-293.6396090908807
official_bc,42,594,-295.8674967425614
official_bc,42,595,-280.89175155657745
official_bc,42,596,-293.92388407834346
official_bc,42,597,-291.64430084710045
official_bc,42,598,-295.75399918443014
official_bc,42,599,-296.2837796300771
official_bc,42,600,-293.48475185654536
official_bc,42,601,-295.2417658008726
official_bc,42,602,-296.5169542846328
official_bc,42,603,-290.78209868829447
official_bc,42,604,-291.12503999752585
official_bc,42,605,-290.44916355612037
official_bc,42,606,-287.9843163456219
official_bc,42,607,-290.70185839232863
official_bc,42,608,-288.2388979026696
official_bc,42,609,-283.7905362207927
official_bc,42,610,-290.2161067174126
official_bc,42,611,-292.33111628860865
official_bc,42,612,-282.81857564310036
official_bc,42,613,-290.6853853716165
official_bc,42,614,-286.3535829978522
official_bc,42,615,-279.4116619144917
official_bc,42,616,-285.15539415504696
official_bc,42,617,-296.74561672848307
official_bc,42,618,-299.04782842636604
official_bc,42,619,-293.04818719884105
official_bc,42,620,-291.1448366463089
official_bc,42,621,-297.9570592248679
official_bc,42,622,-285.81210527756343
official_bc,42,623,-292.03197550823876
official_bc,42,624,-293.20677946870677
official_bc,42,625,-290.7475256771812
official_bc,42,626,-280.35492308758967
official_bc,42,627,-283.5757063812457
official_bc,42,628,-268.6940688330688
official_bc,42,629,-279.7237465952229
official_bc,42,630,-292.4955925020942
official_bc,42,631,-280.18141996971974
official_bc,42,632,-293.45184457243636
official_bc,42,633,-295.91662562584247
official_bc,42,634,-296.18458413804717
official_bc,42,635,-301.48536420991434
official_bc,42,636,-298.05359197997655
official_bc,42,637,-293.04126238201997
official_bc,42,638,-291.4582299942921
official_bc,42,639,-296.04364737302797
official_bc,42,640,-295.9738289172428
official_bc,42,641,-293.1027614286291
official_bc,42,642,-294.31093232794626
official_bc,42,643,-280.45944398219393
official_bc,42,644,-278.11285460373256
official_bc,42,645,-287.3344876665709
official_bc,42,646,-290.0370341702737
official_bc,42,647,-286.8422939505334
official_bc,42,648,-290.65122279913953
official_bc,42,649,-285.8574685243586
official_bc,42,650,-292.14650478962994
official_bc,42,651,-296.71707865288136
official_bc,42,652,-290.60751511063296
official_bc,42,653,-299.06616614616445
official_bc,42,654,-290.104899550941
official_bc,42,655,-289.1437290449523
official_bc,42,656,-298.84703095432195
official_bc,42,657,-294.2542407911251
official_bc,42,658,-295.5165493741616
official_bc,42,659,-277.61898814564654
official_bc,42,660,-298.4150724583902
official_bc,42,661,-276.90777875639117
official_bc,42,662,-295.5095141742886
official_bc,42,663,-283.9887326003485
official_bc,42,664,-292.641749452351
official_bc,42,665,-292.62535835879805
official_bc,42,666,-282.19251351850033
official_bc,42,667,-295.1087402281317
official_bc,42,668,-294.45216594961283
official_bc,42,669,-291.71447457437966
official_bc,42,670,-292.0054972340245
official_bc,42,671,-297.95764799945863
official_bc,42,672,-292.6219284123101
official_bc,42,673,-292.0894018921107
official_bc,42,674,-287.9421444526975
official_bc,42,675,-296.61775836808937
official_bc,42,676,-287.5376926881959
official_bc,42,677,-289.9296908469549
official_bc,42,678,-287.3631414876636
official_bc,42,679,-290.0889749731963
official_bc,42,680,-289.5971146696563
official_bc,42,681,-290.07545187013574
official_bc,42,682,-283.5548643420469
official_bc,42,683,-290.0396343605438
official_bc,42,684,-295.28161621758665
official_bc,42,685,-284.5750407281794
official_bc,42,686,-284.6741539070278
official_bc,42,687,-297.5803780623762
official_bc,42,688,-289.6952595179981
official_bc,42,689,-277.65390600416356
official_bc,42,690,-291.3222579479868
official_bc,42,691,-297.0262893642929
official_bc,42,692,-292.1323979913507
official_bc,42,693,-272.90528451366845
official_bc,42,694,-291.9687908386557
official_bc,42,695,-301.13520444890116
official_bc,42,696,-289.1699570823177
official_bc,42,697,-280.6096947646952
official_bc,42,698,-294.49370355711017
official_bc,42,699,-288.18773638130335
official_bc,42,700,-291.5062167528823
official_bc,42,701,-294.52183144460435
official_bc,42,702,-290.41526107781
official_bc,42,703,-288.83781367406255
official_bc,42,704,-292.7329288912243
official_bc,42,705,-289.5260418724265
official_bc,42,706,-286.7001182886103
official_bc,42,707,-292.49909964183723
official_bc,42,708,-292.532136310366
official_bc,42,709,-290.6303941770213
official_bc,42,710,-290.08645128548517
official_bc,42,711,-290.53232052563743
official_bc,42,712,-297.29698194184306
official_bc,42,713,-296.6616963110063
official_bc,42,714,-285.5681403709324
official_bc,42,715,-288.1511962643481
official_bc,42,716,-278.84271941484303
official_bc,42,717,-280.7090724562253
official_bc,42,718,-277.26707539952537
official_bc,42,719,-286.7467111267425
official_bc,42,720,-291.0619583565742
official_bc,42,721,-287.0301312276621
official_bc,42,722,-291.0663226613859
official_bc,42,723,-292.2851580116434
official_bc,42,724,-293.62753122412687
official_bc,42,725,-297.2964681558889
official_bc,42,726,-278.66551143453944
official_bc,42,727,-299.3925870837439
official_bc,42,728,-297.8288651408813
official_bc,42,729,-293.93443971470356
official_bc,42,730,-296.3105774761648
official_bc,42,731,-293.7039145389414
official_bc,42,732,-290.8453928383817
official_bc,42,733,-294.40650084024645
official_bc,42,734,-294.34347372969086
official_bc,42,735,-292.93907129929653
official_bc,42,736,-274.10150025350475
official_bc,42,737,-293.3811227546708
official_bc,42,738,-284.30358247746005
official_bc,42,739,-292.84531110034675
official_bc,42,740,-290.86648312736185
official_bc,42,741,-288.4189706110154
official_bc,42,742,-277.1387874947499
official_bc,42,743,-293.82909199836837
official_bc,42,744,-299.57892999282734
official_bc,42,745,-292.003747003962
official_bc,42,746,-291.0239331906284
official_bc,42,747,-291.8605722481019
official_bc,42,748,-290.51953388117636
official_bc,42,749,-287.8766049132721
official_bc,42,750,-292.69705512635426
official_bc,42,751,-292.7711900050862
official_bc,42,752,-288.07899041185584
official_bc,42,753,-295.0977065479188
official_bc,42,754,-291.4473370335204
official_bc,42,755,-289.6696097290296
official_bc,42,756,-290.71692920790235
official_bc,42,757,-288.82268675923115
official_bc,42,758,-292.5804052282368
official_bc,42,759,-299.2430976051286
official_bc,42,760,-284.25741999941
official_bc,42,761,-282.18973602321216
official_bc,42,762,-294.99453381113096
official_bc,42,763,-292.1150560655626
official_bc,42,764,-293.993455468726
official_bc,42,765,-290.88015621583355
official_bc,42,766,-293.9585476923035
official_bc,42,767,-292.58571950920975
official_bc,42,768,-292.7090557971803
official_bc,42,769,-289.0133967712883
official_bc,42,770,-286.9251305151042
official_bc,42,771,-298.763297785442
official_bc,42,772,-293.2921480544346
official_bc,42,773,-282.2813113684998
official_bc,42,774,-288.77020456050917
official_bc,42,775,-279.10088547056364
official_bc,42,776,-292.064876356562
official_bc,42,777,-292.658677156234
official_bc,42,778,-287.0582918194936
official_bc,42,779,-290.24980305791826
official_bc,42,780,-290.7320349702032
official_bc,42,781,-297.97828326179655
official_bc,42,782,-295.8472763964155
official_bc,42,783,-293.8617448706096
official_bc,42,784,-292.0359262672669
official_bc,42,785,-297.63845848597754
official_bc,42,786,-287.15595392150124
official_bc,42,787,-302.2054066932003
official_bc,42,788,-282.2830716362903
official_bc,42,789,-295.4274523892611
official_bc,42,790,-285.6504657946934
official_bc,42,791,-289.1051455205472
official_bc,42,792,-284.77132523697674
official_bc,42,793,-288.01577912225457
official_bc,42,794,-281.5135363908812
official_bc,42,795,-291.1134914025728
official_bc,42,796,-281.05085190435193
official_bc,42,797,-288.7448151324188
official_bc,42,798,-294.4196677209944
official_bc,42,799,-296.3403799024442
official_bc,42,800,-296.14391841895787
official_bc,42,801,-288.99024887345405
official_bc,42,802,-286.48552077092745
official_bc,42,803,-292.33946821970846
official_bc,42,804,-288.7624719589899
official_bc,42,805,-294.37135633389454
official_bc,42,806,-279.715210191928
official_bc,42,807,-298.1090297347971
official_bc,42,808,-295.4353535323019
official_bc,42,809,-296.83717586210844
official_bc,42,810,-293.46758879944827
official_bc,42,811,-284.7884211549825
official_bc,42,812,-278.30924444114544
official_bc,42,813,-288.18754205223314
official_bc,42,814,-287.0711230081445
official_bc,42,815,-282.4475059660369
official_bc,42,816,-291.41556740393395
official_bc,42,817,-290.75325642495375
official_bc,42,818,-288.51014425433476
official_bc,42,819,-295.47908049688596
official_bc,42,820,-293.3003149981948
official_bc,42,821,-284.8281604919114
official_bc,42,822,-284.9223656506124
official_bc,42,823,-290.90185907314356
official_bc,42,824,-293.38032185231083
official_bc,42,825,-286.64143630221963
official_bc,42,826,-289.19191863116333
official_bc,42,827,-290.63282934972216
official_bc,42,828,-281.31021809732187
official_bc,42,829,-293.3802469821443
official_bc,42,830,-293.50730499541345
official_bc,42,831,-293.35395362332974
official_bc,42,832,-285.59220117654377
official_bc,42,833,-292.7958810949197
official_bc,42,834,-294.73980585292304
official_bc,42,835,-279.6424767737797
official_bc,42,836,-291.57604883721615
official_bc,42,837,-290.2847809372534
official_bc,42,838,-296.9305736423606
official_bc,42,839,-286.8076356952965
official_bc,42,840,-292.16989367325783
official_bc,42,841,-296.08064192584885
official_bc,42,842,-291.39288398668873
official_bc,42,843,-280.1113497363833
official_bc,42,844,-295.8092377812411
official_bc,42,845,-285.27085663114696
official_bc,42,846,-295.2489842114234
official_bc,42,847,-301.3473783091107
official_bc,42,848,-288.22529779324975
official_bc,42,849,-286.6847734713794
official_bc,42,850,-293.9870146785167
official_bc,42,851,-292.3509123619389
official_bc,42,852,-290.7978907515926
official_bc,42,853,-291.256202033229
official_bc,42,854,-278.79459571108066
official_bc,42,855,-282.618249698067
official_bc,42,856,-289.4189643751373
official_bc,42,857,-285.4607846824076
official_bc,42,858,-289.73381187131713
official_bc,42,859,-284.27104978249986
official_bc,42,860,-295.4609423028742
official_bc,42,861,-290.39888249889077
official_bc,42,862,-290.26829804122224
official_bc,42,863,-289.8444869773698
official_bc,42,864,-300.2591417805175
official_bc,42,865,-291.8873704728203
official_bc,42,866,-287.80927380071034
official_bc,42,867,-294.8421322659402
official_bc,42,868,-297.1738342337569
official_bc,42,869,-295.7802043312864
official_bc,42,870,-295.35616408424414
official_bc,42,871,-287.9892038615882
official_bc,42,872,-284.9785792783166
official_bc,42,873,-290.1234150431309
official_bc,42,874,-287.5285106473024
official_bc,42,875,-287.0019263732692
official_bc,42,876,-291.81340630668114
official_bc,42,877,-293.4806260534837
official_bc,42,878,-298.1923234798442
official_bc,42,879,-281.4866563537406
official_bc,42,880,-297.32851059147896
official_bc,42,881,-288.96615228222527
official_bc,42,882,-293.4460720454461
official_bc,42,883,-288.2821187813563
official_bc,42,884,-285.77884505775876
official_bc,42,885,-291.1665816519973
official_bc,42,886,-293.57792456292214
official_bc,42,887,-281.85659903380525
official_bc,42,888,-291.70625218453887
official_bc,42,889,-291.4873247242854
official_bc,42,890,-289.5742209164351
official_bc,42,891,-275.26766309496344
official_bc,42,892,-291.11274564920865
official_bc,42,893,-289.2910344029121
official_bc,42,894,-294.52536709075014
official_bc,42,895,-285.71603538286877
official_bc,42,896,-283.3752733375881
official_bc,42,897,-293.2758438742883
official_bc,42,898,-295.0610792147266
official_bc,42,899,-288.7334433719443
official_bc,42,900,-295.44524155928946
official_bc,42,901,-297.498412622914
official_bc,42,902,-297.5038413418016
official_bc,42,903,-293.6184360576615
official_bc,42,904,-286.5537603294563
official_bc,42,905,-285.2367571868917
official_bc,42,906,-292.1783889899204
official_bc,42,907,-290.50554425126376
official_bc,42,908,-284.65310445403503
official_bc,42,909,-286.8263202664118
official_bc,42,910,-293.0982249853876
official_bc,42,911,-285.4526024258506
official_bc,42,912,-292.451198172566
official_bc,42,913,-280.95940460071915
official_bc,42,914,-288.2997086599852
official_bc,42,915,-291.80483462333535
official_bc,42,916,-286.0996265165561
official_bc,42,917,-294.43596942282517
official_bc,42,918,-281.72909551037526
official_bc,42,919,-291.06897749641814
official_bc,42,920,-284.2245366630986
official_bc,42,921,-291.3828937732841
official_bc,42,922,-300.8929338192423
official_bc,42,923,-292.13394566783563
official_bc,42,924,-282.5113290487433
official_bc,42,925,-297.8316464191725
official_bc,42,926,-293.1699532345234
official_bc,42,927,-284.1506848364721
official_bc,42,928,-289.0959316535201
official_bc,42,929,-289.79023592368674
official_bc,42,930,-293.1287585030344
official_bc,42,931,-289.64872505909943
official_bc,42,932,-293.9961171595598
official_bc,42,933,-290.7739138603389
official_bc,42,934,-291.9616570950842
official_bc,42,935,-291.71893248947384
official_bc,42,936,-289.1122647855825
official_bc,42,937,-289.8871575343837
official_bc,42,938,-291.1833189834997
official_bc,42,939,-283.85665410778734
official_bc,42,940,-296.0708849885272
official_bc,42,941,-288.12843860746955
official_bc,42,942,-289.16675745668687
official_bc,42,943,-283.6240199099571
official_bc,42,944,-291.6597265021611
official_bc,42,945,-290.6831854455488
official_bc,42,946,-293.4738563256144
official_bc,42,947,-291.64362390396354
official_bc,42,948,-279.8734818497027
official_bc,42,949,-296.5081325558318
official_bc,42,950,-296.064011437295
official_bc,42,951,-292.7513204422796
official_bc,42,952,-293.8009368721847
official_bc,42,953,-291.8295780396808
official_bc,42,954,-284.58655825699583
official_bc,42,955,-293.6581284479555
official_bc,42,956,-290.3943915662637
official_bc,42,957,-291.2387542779261
official_bc,42,958,-294.32068839615476
official_bc,42,959,-271.4944646224635
official_bc,42,960,-294.7537549114012
official_bc,42,961,-290.8497320144074
official_bc,42,962,-288.5933891203963
official_bc,42,963,-285.4297470311443
official_bc,42,964,-292.3227002929325
official_bc,42,965,-293.8094078642016
official_bc,42,966,-277.92426285139544
official_bc,42,967,-295.91041073807276
official_bc,42,968,-295.47603420043237
official_bc,42,969,-292.23719313367064
official_bc,42,970,-294.66175978494846
official_bc,42,971,-292.72561374653156
official_bc,42,972,-294.24095941220367
official_bc,42,973,-294.6787997022094
official_bc,42,974,-296.07957662410536
official_bc,42,975,-289.46513689323996
official_bc,42,976,-294.83920217819275
official_bc,42,977,-294.22423757608317
official_bc,42,978,-289.7921737054324
official_bc,42,979,-287.2395339845716
official_bc,42,980,-276.6588886941081
official_bc,42,981,-288.4963910682024
official_bc,42,982,-288.51219092867865
official_bc,42,983,-291.03200538088265
official_bc,42,984,-292.0206811922096
official_bc,42,985,-299.6762982920918
official_bc,42,986,-290.74429322689673
official_bc,42,987,-280.2422291389399
official_bc,42,988,-295.58798887201874
official_bc,42,989,-290.6348719656558
official_bc,42,990,-291.16102297053135
official_bc,42,991,-288.1360792525134
official_bc,42,992,-298.6604717615964
official_bc,42,993,-291.0192481955932
official_bc,42,994,-287.69397666092266
official_bc,42,995,-293.2597077264825
official_bc,42,996,-287.09502831144334
official_bc,42,997,-291.1225472769945
official_bc,42,998,-285.30070084709655
official_bc,42,999,-297.71602045553107
official_bc,42,1000,-280.48491338827085
official_bc,43,1,-232.6027503608843
official_bc,43,2,-219.2076500743765
official_bc,43,3,-198.898712994886
official_bc,43,4,-212.31927047794167
official_bc,43,5,-244.33248849550915
official_bc,43,6,-264.95928454229175
official_bc,43,7,-183.22313941420734
official_bc,43,8,-180.89325810105737
official_bc,43,9,-182.72182632993457
official_bc,43,10,-173.28174292299377
official_bc,43,11,-291.6952727082314
official_bc,43,12,-198.409463364532
official_bc,43,13,-200.51765612112473
official_bc,43,14,-287.3360420215951
official_bc,43,15,-242.42003830012823
official_bc,43,16,-190.46166332055788
official_bc,43,17,-295.9058105129929
official_bc,43,18,-186.200492758532
official_bc,43,19,-210.70546456007435
official_bc,43,20,-209.51928320471342
official_bc,43,21,-201.72115163652526
official_bc,43,22,-260.22766679739266
official_bc,43,23,-293.6623465220366
official_bc,43,24,-227.71652485786194
official_bc,43,25,-273.8525179484096
official_bc,43,26,-314.2777957402929
official_bc,43,27,-197.06859533279055
official_bc,43,28,-198.1920451679483
official_bc,43,29,-259.69880671888956
official_bc,43,30,-255.8775303157392
official_bc,43,31,-185.4722540545764
official_bc,43,32,-292.5713682985747
official_bc,43,33,-290.378262528837
official_bc,43,34,-286.8013746501979
official_bc,43,35,-288.64109284265714
official_bc,43,36,-283.93610882379994
official_bc,43,37,-281.74013636330506
official_bc,43,38,-281.74701259847654
official_bc,43,39,-283.77283576076314
official_bc,43,40,-267.7399124020627
official_bc,43,41,-272.9098394019701
official_bc,43,42,-274.949985481138
official_bc,43,43,-274.2470343912594
official_bc,43,44,-275.843073721701
official_bc,43,45,-266.0977242361523
official_bc,43,46,-277.27126787491903
official_bc,43,47,-274.5624087123011
official_bc,43,48,-276.2334711255357
official_bc,43,49,-270.51705343328956
official_bc,43,50,-278.33858017925377
official_bc,43,51,-276.5649296406991
official_bc,43,52,-283.68302780126714
official_bc,43,53,-287.8433120877826
official_bc,43,54,-286.889405443191
official_bc,43,55,-290.9787391730305
official_bc,43,56,-300.003239604848
official_bc,43,57,-305.544317100571
official_bc,43,58,-302.58074777794457
official_bc,43,59,-302.72214947823664
official_bc,43,60,-297.8872215108178
official_bc,43,61,-304.4281193071862
official_bc,43,62,-296.2304913093294
official_bc,43,63,-293.6862753231006
official_bc,43,64,-285.4779180557451
official_bc,43,65,-286.70102342360224
official_bc,43,66,-278.73430996962753
official_bc,43,67,-278.8494208416127
official_bc,43,68,-277.20598659720264
official_bc,43,69,-282.74997119948125
official_bc,43,70,-276.5520949524421
official_bc,43,71,-263.9700618420002
official_bc,43,72,-283.3925835407905
official_bc,43,73,-269.1969300167272
official_bc,43,74,-273.30034966222934
official_bc,43,75,-283.59482738623103
official_bc,43,76,-283.18807284127365
official_bc,43,77,-291.77566591838684
official_bc,43,78,-295.867299976722
official_bc,43,79,-295.1060182186307
official_bc,43,80,-294.9038448995582
official_bc,43,81,-303.5220332633786
official_bc,43,82,-296.9951399954824
official_bc,43,83,-296.6685748991867
official_bc,43,84,-299.6605575618707
official_bc,43,85,-283.1370321364303
official_bc,43,86,-281.84280322612403
official_bc,43,87,-291.96874570502524
official_bc,43,88,-290.32984571943064
official_bc,43,89,-281.73243321050546
official_bc,43,90,-276.9688747173
official_bc,43,91,-289.0212221042461
official_bc,43,92,-288.8533459100536
official_bc,43,93,-282.94656785110925
official_bc,43,94,-275.2079322721848
official_bc,43,95,-288.5617623668237
official_bc,43,96,-287.8166108854364
official_bc,43,97,-287.7643779566231
official_bc,43,98,-295.0040754762442
official_bc,43,99,-289.0236271719879
official_bc,43,100,-295.24818125380983
official_bc,43,101,-285.4648405180228
official_bc,43,102,-292.7793247385635
official_bc,43,103,-299.26885222443946
official_bc,43,104,-293.9286547939008
official_bc,43,105,-281.8024381083395
official_bc,43,106,-294.8175823618338
official_bc,43,107,-283.53239618373163
official_bc,43,108,-287.8668949462794
official_bc,43,109,-279.11992133219405
official_bc,43,110,-287.77669038733853
official_bc,43,111,-284.5644086102608
official_bc,43,112,-288.17602351228896
official_bc,43,113,-280.3240371591538
official_bc,43,114,-284.8258751797451
official_bc,43,115,-284.61799285054417
official_bc,43,116,-290.47752230058103
official_bc,43,117,-294.6763702087803
official_bc,43,118,-282.323547969515
official_bc,43,119,-280.90660930502156
official_bc,43,120,-293.7681161776636
official_bc,43,121,-293.64924466554106
official_bc,43,122,-296.62804668127853
official_bc,43,123,-292.61425372405233
official_bc,43,124,-282.4592426020251
official_bc,43,125,-273.5007001762824
official_bc,43,126,-287.9004943961907
official_bc,43,127,-291.45848430967754
official_bc,43,128,-283.9063533828818
official_bc,43,129,-278.7946550384744
official_bc,43,130,-285.0896168575188
official_bc,43,131,-284.23601310953006
official_bc,43,132,-289.4013835961245
official_bc,43,133,-290.8321122965875
official_bc,43,134,-283.8560337110988
official_bc,43,135,-285.0727512350246
official_bc,43,136,-283.55559921263466
official_bc,43,137,-296.86198520819505
official_bc,43,138,-276.58218245718206
official_bc,43,139,-284.26823925663143
official_bc,43,140,-287.1631798487509
official_bc,43,141,-288.19317731159555
official_bc,43,142,-288.4569519352892
official_bc,43,143,-290.4427415416542
official_bc,43,144,-290.98400218834695
official_bc,43,145,-279.56262995362545
official_bc,43,146,-294.7204268614955
official_bc,43,147,-293.43407591729397
official_bc,43,148,-292.34986803364166
official_bc,43,149,-294.57291605903475
official_bc,43,150,-292.27599813288407
official_bc,43,151,-289.7825651922677
official_bc,43,152,-288.4943802706744
official_bc,43,153,-297.2430826522255
official_bc,43,154,-294.0542932609558
official_bc,43,155,-288.45025204109936
official_bc,43,156,-293.9515430442369
official_bc,43,157,-295.46136066047285
official_bc,43,158,-295.3815254328432
official_bc,43,159,-288.2659012867399
official_bc,43,160,-291.7200584041233
official_bc,43,161,-288.5958155320185
official_bc,43,162,-291.19644554217086
official_bc,43,163,-293.15367644466863
official_bc,43,164,-291.0639200932968
official_bc,43,165,-297.3087368390127
official_bc,43,166,-296.0698058501835
official_bc,43,167,-293.09111802127893
official_bc,43,168,-288.5355929186612
official_bc,43,169,-289.9725598095314
official_bc,43,170,-288.3037585485382
official_bc,43,171,-292.7520742938593
official_bc,43,172,-276.5149351529086
official_bc,43,173,-287.0588816389264
official_bc,43,174,-289.54230069173076
official_bc,43,175,-297.963438161181
official_bc,43,176,-291.3219719014243
official_bc,43,177,-281.80435480757524
official_bc,43,178,-297.7918380285803
official_bc,43,179,-297.7553088684657
official_bc,43,180,-298.7976020642919
official_bc,43,181,-295.62438446306004
official_bc,43,182,-295.55981401462753
official_bc,43,183,-292.8353849059935
official_bc,43,184,-296.6007224357318
official_bc,43,185,-287.2619868926087
official_bc,43,186,-295.3227241588812
official_bc,43,187,-278.8587309915449
official_bc,43,188,-285.69703722204804
official_bc,43,189,-292.7349225501904
official_bc,43,190,-288.56897034425356
official_bc,43,191,-291.7823032224131
official_bc,43,192,-288.81218184555405
official_bc,43,193,-289.2239679682204
official_bc,43,194,-291.07166160332383
official_bc,43,195,-290.4862446565028
official_bc,43,196,-298.8361711940289
official_bc,43,197,-301.0226475602915
official_bc,43,198,-290.7140710850498
official_bc,43,199,-296.5024098618507
official_bc,43,200,-297.7422033692229
official_bc,43,201,-298.0282861315139
official_bc,43,202,-288.6074084044278
official_bc,43,203,-284.54865940275556
official_bc,43,204,-294.15947826046795
official_bc,43,205,-291.7307826563185
official_bc,43,206,-293.044468795752
official_bc,43,207,-286.40963476520034
official_bc,43,208,-285.302405630812
official_bc,43,209,-286.67044064460333
official_bc,43,210,-294.1490687400949
official_bc,43,211,-285.7252223892327
official_bc,43,212,-281.56838719879806
official_bc,43,213,-293.37072404304234
official_bc,43,214,-294.3385338661002
official_bc,43,215,-293.02503205123594
official_bc,43,216,-298.4817831757077
official_bc,43,217,-292.20813053301293
official_bc,43,218,-285.1983042576093
official_bc,43,219,-295.6432165652675
official_bc,43,220,-288.36402355339897
official_bc,43,221,-295.8067176594148
official_bc,43,222,-290.2066757417509
official_bc,43,223,-296.58332209524235
official_bc,43,224,-290.51488117428823
official_bc,43,225,-276.98007821519855
official_bc,43,226,-297.5360656132473
official_bc,43,227,-292.15769761036654
official_bc,43,228,-283.4033197422433
official_bc,43,229,-288.00034747208286
official_bc,43,230,-292.3656479825821
official_bc,43,231,-285.51483036093117
official_bc,43,232,-286.7554254076326
official_bc,43,233,-291.1652018878469
official_bc,43,234,-292.17475683639196
official_bc,43,235,-290.6712478223679
official_bc,43,236,-303.0627170820696
official_bc,43,237,-292.7997124279818
official_bc,43,238,-288.4572860489884
official_bc,43,239,-296.8222019613272
official_bc,43,240,-291.7331084982645
official_bc,43,241,-285.1121721761627
official_bc,43,242,-298.13023770985154
official_bc,43,243,-291.23843159006753
official_bc,43,244,-286.34952648231496
official_bc,43,245,-282.4674451763768
official_bc,43,246,-289.46750521168383
official_bc,43,247,-286.9372503889046
official_bc,43,248,-290.18041571200115
official_bc,43,249,-287.56748209492036
official_bc,43,250,-296.85112093857634
official_bc,43,251,-286.5136190773536
official_bc,43,252,-289.4983633642773
official_bc,43,253,-296.8818060661695
official_bc,43,254,-294.70389391145466
official_bc,43,255,-294.64766646920964
official_bc,43,256,-297.2358726330722
official_bc,43,257,-293.21116802779045
official_bc,43,258,-294.18681295795363
official_bc,43,259,-299.10960169027425
official_bc,43,260,-293.3252042361326
official_bc,43,261,-291.6528143944912
official_bc,43,262,-288.41643459422573
official_bc,43,263,-294.2816395601469
official_bc,43,264,-292.36731350663024
official_bc,43,265,-278.55923666316767
official_bc,43,266,-296.177151466794
official_bc,43,267,-286.1422227741589
official_bc,43,268,-287.71262742583065
official_bc,43,269,-287.2587544437282
official_bc,43,270,-290.4280296528924
official_bc,43,271,-300.1617752727664
official_bc,43,272,-286.80009176048344
official_bc,43,273,-292.5097455892999
official_bc,43,274,-297.0015666528699
official_bc,43,275,-293.89595222044363
official_bc,43,276,-293.08849150898527
official_bc,43,277,-293.305722314064
official_bc,43,278,-285.42663825329225
official_bc,43,279,-289.7520813440952
official_bc,43,280,-285.9075367062417
official_bc,43,281,-282.45847469192177
official_bc,43,282,-284.2768398338693
official_bc,43,283,-284.3285302415197
official_bc,43,284,-287.5802877233342
official_bc,43,285,-292.724222350643
official_bc,43,286,-287.0862373655632
official_bc,43,287,-285.8540411108975
official_bc,43,288,-293.49845384523775
official_bc,43,289,-288.4719949424542
official_bc,43,290,-291.3494219621143
official_bc,43,291,-288.3022109026302
official_bc,43,292,-285.9697350606461
official_bc,43,293,-296.5572562505176
official_bc,43,294,-298.0230832761971
official_bc,43,295,-290.02214867598434
official_bc,43,296,-295.75249192460836
official_bc,43,297,-293.9149979746796
official_bc,43,298,-286.71792356245805
official_bc,43,299,-284.5519226557519
official_bc,43,300,-292.2388652509702
official_bc,43,301,-284.59835116307875
official_bc,43,302,-289.5595822843905
official_bc,43,303,-287.46082706885267
official_bc,43,304,-291.8580607858657
official_bc,43,305,-283.40211965389284
official_bc,43,306,-293.0658840326234
official_bc,43,307,-293.1068362477763
official_bc,43,308,-294.3702455766882
official_bc,43,309,-288.9488344744782
official_bc,43,310,-289.7062582006398
official_bc,43,311,-292.2646805336728
official_bc,43,312,-296.33366430388656
official_bc,43,313,-289.5216648711306
official_bc,43,314,-296.30510493900283
official_bc,43,315,-294.5271627186379
official_bc,43,316,-278.36099121896825
official_bc,43,317,-290.9461138304427
official_bc,43,318,-297.22048102557545
official_bc,43,319,-298.84543893598106
official_bc,43,320,-283.1948854211787
official_bc,43,321,-291.98893716298096
official_bc,43,322,-287.7512759472703
official_bc,43,323,-284.27221346988625
official_bc,43,324,-286.00909065105947
official_bc,43,325,-289.67148124207023
official_bc,43,326,-292.0653813060288
official_bc,43,327,-296.4180844958176
official_bc,43,328,-288.39898569494574
official_bc,43,329,-291.42358102735693
official_bc,43,330,-285.6396044036045
official_bc,43,331,-292.51861131848875
official_bc,43,332,-292.4476973295469
official_bc,43,333,-290.02341999134296
official_bc,43,334,-292.43618710306805
official_bc,43,335,-295.61009478283825
official_bc,43,336,-294.8563812923835
official_bc,43,337,-293.9340903693617
official_bc,43,338,-294.0634597665767
official_bc,43,339,-283.32430270908657
official_bc,43,340,-292.99838353615223
official_bc,43,341,-286.05424637968974
official_bc,43,342,-279.67459137483394
official_bc,43,343,-296.47162643226784
official_bc,43,344,-289.8225572697962
official_bc,43,345,-289.93137648024526
official_bc,43,346,-294.41871647801224
official_bc,43,347,-293.652734165104
official_bc,43,348,-293.0860995906793
official_bc,43,349,-295.76363442592435
official_bc,43,350,-299.68769867884055
official_bc,43,351,-297.77239189477154
official_bc,43,352,-272.2818554807362
official_bc,43,353,-286.6036614578996
official_bc,43,354,-294.29321396207206
official_bc,43,355,-294.72550076449613
official_bc,43,356,-292.5228700433685
official_bc,43,357,-297.04576077317466
official_bc,43,358,-280.8848846133954
official_bc,43,359,-297.96952944324306
official_bc,43,360,-297.0147267955948
official_bc,43,361,-277.07498034450174
official_bc,43,362,-287.37531088253763
official_bc,43,363,-292.71741397031167
official_bc,43,364,-292.276915693529
official_bc,43,365,-282.2110156536365
official_bc,43,366,-285.3250288565129
official_bc,43,367,-283.1582345544902
official_bc,43,368,-284.87342024026117
official_bc,43,369,-293.9219953214161
official_bc,43,370,-289.7125415638169
official_bc,43,371,-289.20159581766586
official_bc,43,372,-287.54488602237336
official_bc,43,373,-288.95846847968625
official_bc,43,374,-298.9772565832824
official_bc,43,375,-291.033832235004
official_bc,43,376,-279.9738531088169
official_bc,43,377,-288.6555629802101
official_bc,43,378,-294.015910151414
official_bc,43,379,-299.25793774630006
official_bc,43,380,-288.07670038273596
official_bc,43,381,-278.5105352814177
official_bc,43,382,-290.269731211642
official_bc,43,383,-297.4638417806499
official_bc,43,384,-292.40476321921534
official_bc,43,385,-287.53547687141986
official_bc,43,386,-294.99609094685286
official_bc,43,387,-289.9923409444387
official_bc,43,388,-289.1046048205605
official_bc,43,389,-283.77834187696084
official_bc,43,390,-289.9246859677868
official_bc,43,391,-290.5931155789051
official_bc,43,392,-286.8785976851243
official_bc,43,393,-287.19545817113374
official_bc,43,394,-293.0909007925686
official_bc,43,395,-287.7828401767794
official_bc,43,396,-296.9175605667914
official_bc,43,397,-294.7531276243436
official_bc,43,398,-291.26616438757156
official_bc,43,399,-291.7064529170821
official_bc,43,400,-291.74515222880916
official_bc,43,401,-274.5341315446294
official_bc,43,402,-285.3604146049969
official_bc,43,403,-287.9512441000803
official_bc,43,404,-294.173103510367
official_bc,43,405,-297.0347872525973
official_bc,43,406,-300.51095135986986
official_bc,43,407,-290.3823901324106
official_bc,43,408,-283.2084380061755
official_bc,43,409,-293.94117270510856
official_bc,43,410,-288.5277685773684
official_bc,43,411,-295.32343866365215
official_bc,43,412,-290.2402334928282
official_bc,43,413,-286.87783059792343
official_bc,43,414,-289.11421106358745
official_bc,43,415,-288.51945986405383
official_bc,43,416,-281.1245336639346
official_bc,43,417,-287.1032807421155
official_bc,43,418,-295.2459097976443
official_bc,43,419,-291.14374345721916
official_bc,43,420,-280.36689728924534
official_bc,43,421,-286.3599626996651
official_bc,43,422,-281.2938258613858
official_bc,43,423,-288.61388273542326
official_bc,43,424,-286.6271160877352
official_bc,43,425,-289.29313373640946
official_bc,43,426,-291.39406179454005
official_bc,43,427,-292.39446525622463
official_bc,43,428,-285.9229155237389
official_bc,43,429,-284.61590270370147
official_bc,43,430,-289.349092055905
official_bc,43,431,-295.6812819326668
official_bc,43,432,-292.0114292137616
official_bc,43,433,-294.8890478400515
official_bc,43,434,-289.8087078449708
official_bc,43,435,-293.74731664159157
official_bc,43,436,-296.79902430596024
official_bc,43,437,-293.74038531516095
official_bc,43,438,-289.9403921368357
official_bc,43,439,-292.9135233184641
official_bc,43,440,-291.27396948626324
official_bc,43,441,-287.9173366198849
official_bc,43,442,-297.3065964515632
official_bc,43,443,-288.45223430605995
official_bc,43,444,-277.6265684993301
official_bc,43,445,-282.29997592097936
official_bc,43,446,-294.78404560100665
official_bc,43,447,-283.34849708945757
official_bc,43,448,-284.41583368146195
official_bc,43,449,-298.7326617187807
official_bc,43,450,-289.9214243134194
official_bc,43,451,-288.08074643009974
official_bc,43,452,-295.627464506552
official_bc,43,453,-294.315632541331
official_bc,43,454,-298.117126357807
official_bc,43,455,-286.480389163258
official_bc,43,456,-290.98494878492147
official_bc,43,457,-296.37270291671825
official_bc,43,458,-287.1229702299754
official_bc,43,459,-290.80954617544023
official_bc,43,460,-297.20952457354673
official_bc,43,461,-292.6930382457346
official_bc,43,462,-288.94857467324243
official_bc,43,463,-295.5846502130156
official_bc,43,464,-284.0830807961482
official_bc,43,465,-289.3754385570402
official_bc,43,466,-288.0252747913472
official_bc,43,467,-293.3043257957841
official_bc,43,468,-292.6353744553782
official_bc,43,469,-288.551900526587
official_bc,43,470,-292.0967846761882
official_bc,43,471,-299.74996353630866
official_bc,43,472,-294.1118940349857
official_bc,43,473,-292.08672918371036
official_bc,43,474,-297.80704178037286
official_bc,43,475,-296.31441420757983
official_bc,43,476,-295.4201905219471
official_bc,43,477,-289.9008384213971
official_bc,43,478,-288.573164202221
official_bc,43,479,-280.5471483215349
official_bc,43,480,-287.6418512045877
official_bc,43,481,-283.9320562066905
official_bc,43,482,-293.9541728688531
official_bc,43,483,-293.3795580822204
official_bc,43,484,-296.1572962913492
official_bc,43,485,-290.77053840586484
official_bc,43,486,-293.5823117466699
official_bc,43,487,-283.1300177398587
official_bc,43,488,-297.22796450031643
official_bc,43,489,-290.43544892016723
official_bc,43,490,-296.17076451744595
official_bc,43,491,-287.21241147008453
official_bc,43,492,-297.53340346131574
official_bc,43,493,-295.3493794986049
official_bc,43,494,-289.30938040887685
official_bc,43,495,-295.45090411351543
official_bc,43,496,-294.44398293094395
official_bc,43,497,-288.7899465543055
official_bc,43,498,-283.71091466202495
official_bc,43,499,-283.2232762488968
official_bc,43,500,-285.860062084918
official_bc,43,501,-272.34483080903243
official_bc,43,502,-292.48880393759225
official_bc,43,503,-291.82270073475934
official_bc,43,504,-284.227046356282
official_bc,43,505,-277.6715364120207
official_bc,43,506,-295.80441341404367
official_bc,43,507,-293.08743930194544
official_bc,43,508,-291.7071703506878
official_bc,43,509,-285.09234244973834
official_bc,43,510,-297.92757452883086
official_bc,43,511,-299.5441390437942
official_bc,43,512,-293.284696244332
official_bc,43,513,-292.14757503799797
official_bc,43,514,-291.3678170170206
official_bc,43,515,-282.8707879984069
official_bc,43,516,-292.4350279694053
official_bc,43,517,-292.5811017168146
official_bc,43,518,-278.52661422170405
official_bc,43,519,-291.37339982459207
official_bc,43,520,-289.55214403333696
official_bc,43,521,-290.29594750687306
official_bc,43,522,-290.0004882204667
official_bc,43,523,-286.4472023500351
official_bc,43,524,-290.5396907137316
official_bc,43,525,-283.8372841549816
official_bc,43,526,-296.1045606862794
official_bc,43,527,-295.762810232587
official_bc,43,528,-287.25633150162173
official_bc,43,529,-285.9332770637084
official_bc,43,530,-286.89947037395535
official_bc,43,531,-292.98242798063336
official_bc,43,532,-287.68713947104123
official_bc,43,533,-293.9834394759105
official_bc,43,534,-295.7600488469694
official_bc,43,535,-291.69023950597295
official_bc,43,536,-296.2615916019957
official_bc,43,537,-290.69858979718174
official_bc,43,538,-297.2382144796278
official_bc,43,539,-292.7822679894002
official_bc,43,540,-287.06860727710455
official_bc,43,541,-286.3516466426807
official_bc,43,542,-288.4893487365314
official_bc,43,543,-294.04746824574937
official_bc,43,544,-297.58604590432856
official_bc,43,545,-294.5750907232764
official_bc,43,546,-293.21094286565506
official_bc,43,547,-284.5983699584473
official_bc,43,548,-294.33383834772786
official_bc,43,549,-291.4113329176709
official_bc,43,550,-284.0826360677643
official_bc,43,551,-293.8181265188387
official_bc,43,552,-284.47007140095195
official_bc,43,553,-290.972641252296
official_bc,43,554,-290.0904050733099
official_bc,43,555,-288.16243700042685
official_bc,43,556,-291.94866276396164
official_bc,43,557,-291.5643216604221
official_bc,43,558,-281.37881348650194
official_bc,43,559,-290.4758247867715
official_bc,43,560,-289.86271836369525
official_bc,43,561,-290.32717092291097
official_bc,43,562,-292.1496731243586
official_bc,43,563,-293.45944843906244
official_bc,43,564,-292.71169401632676
official_bc,43,565,-287.68139051433377
official_bc,43,566,-292.3507496548529
official_bc,43,567,-290.99374064377935
official_bc,43,568,-287.7914657640318
official_bc,43,569,-285.51344460026223
official_bc,43,570,-289.75377044702907
official_bc,43,571,-296.6823679182895
official_bc,43,572,-297.0744759155665
official_bc,43,573,-282.6756401636845
official_bc,43,574,-287.3253322195126
official_bc,43,575,-291.59020350180276
official_bc,43,576,-296.8098250474839
official_bc,43,577,-293.101185885521
official_bc,43,578,-285.0090244474587
official_bc,43,579,-291.51918041138083
official_bc,43,580,-290.3733954386364
official_bc,43,581,-286.8823096906058
official_bc,43,582,-297.5519938200798
official_bc,43,583,-289.53647135977155
official_bc,43,584,-293.96522902349983
official_bc,43,585,-285.61700064060716
official_bc,43,586,-286.7430898572183
official_bc,43,587,-290.4563329603607
official_bc,43,588,-290.8835354168101
official_bc,43,589,-284.2296371101042
official_bc,43,590,-292.0048196376045
official_bc,43,591,-292.2546315727779
official_bc,43,592,-292.50894426184334
official_bc,43,593,-293.5530671694596
official_bc,43,594,-300.3230961104663
official_bc,43,595,-291.34712071984745
official_bc,43,596,-296.134619822252
official_bc,43,597,-283.4879553840283
official_bc,43,598,-293.5741142344124
official_bc,43,599,-290.77912174910057
official_bc,43,600,-291.9747825936419
official_bc,43,601,-293.3063539394557
official_bc,43,602,-292.73013962980536
official_bc,43,603,-283.5803113187318
official_bc,43,604,-293.3144326220892
official_bc,43,605,-291.7115732716425
official_bc,43,606,-299.5438611745252
official_bc,43,607,-291.6536086715949
official_bc,43,608,-294.49337160058656
official_bc,43,609,-287.8500557417987
official_bc,43,610,-294.8624706047934
official_bc,43,611,-290.6795549248694
official_bc,43,612,-282.8687446047076
official_bc,43,613,-286.67894704653963
official_bc,43,614,-287.18936199371524
official_bc,43,615,-294.75421542022747
official_bc,43,616,-292.58410818901797
official_bc,43,617,-294.5459957064736
official_bc,43,618,-291.19650913371925
official_bc,43,619,-292.6591315339759
official_bc,43,620,-294.8687719992856
official_bc,43,621,-292.32212238544787
official_bc,43,622,-288.32585465984175
official_bc,43,623,-294.11413990642995
official_bc,43,624,-295.09151205917675
official_bc,43,625,-292.1353862457372
official_bc,43,626,-290.97727199391517
official_bc,43,627,-293.82185546689436
official_bc,43,628,-283.17305025116104
official_bc,43,629,-297.17996582865095
official_bc,43,630,-293.15305061310175
official_bc,43,631,-297.5678594306258
official_bc,43,632,-287.7293566484202
official_bc,43,633,-296.0387046111596
official_bc,43,634,-291.78560553431765
official_bc,43,635,-287.66077881002934
official_bc,43,636,-295.88131700112234
official_bc,43,637,-289.59382140007494
official_bc,43,638,-283.9282456958938
official_bc,43,639,-293.66552256237907
official_bc,43,640,-296.72064026604295
official_bc,43,641,-281.42365896451986
official_bc,43,642,-277.9662104199498
official_bc,43,643,-269.7587283006123
official_bc,43,644,-290.16682782992353
official_bc,43,645,-294.41113047238264
official_bc,43,646,-287.52009481100663
official_bc,43,647,-292.72788221061666
official_bc,43,648,-298.6883452315491
official_bc,43,649,-291.7063939166835
official_bc,43,650,-296.3048590903054
official_bc,43,651,-297.8148679537685
official_bc,43,652,-289.07854451698995
official_bc,43,653,-295.83031056056467
official_bc,43,654,-296.0504748093755
official_bc,43,655,-293.5268557329593
official_bc,43,656,-292.4438461217652
official_bc,43,657,-287.3613041227052
official_bc,43,658,-291.5371559482493
official_bc,43,659,-290.9304760103647
official_bc,43,660,-290.8353306214275
official_bc,43,661,-287.1036115837644
official_bc,43,662,-289.403252822977
official_bc,43,663,-284.45712072298477
official_bc,43,664,-278.71986562986893
official_bc,43,665,-294.38755768132876
official_bc,43,666,-284.62411288061014
official_bc,43,667,-285.11819490568774
official_bc,43,668,-284.24692499406797
official_bc,43,669,-291.61894067059575
official_bc,43,670,-284.92396314663495
official_bc,43,671,-293.89563848335064
official_bc,43,672,-291.3408538084808
official_bc,43,673,-295.68916693034174
official_bc,43,674,-299.9381406914143
official_bc,43,675,-282.2855594539574
official_bc,43,676,-295.1629291244911
official_bc,43,677,-293.5902745599201
official_bc,43,678,-294.6727146612427
official_bc,43,679,-291.53544453873633
official_bc,43,680,-293.06842226292304
official_bc,43,681,-292.3861298500396
official_bc,43,682,-286.0827809039846
official_bc,43,683,-285.8133997596145
official_bc,43,684,-285.0833839159128
official_bc,43,685,-284.8875897768605
official_bc,43,686,-293.7189499820837
official_bc,43,687,-291.2776428497135
official_bc,43,688,-289.80346715109454
official_bc,43,689,-290.0600609074316
official_bc,43,690,-293.64337591425084
official_bc,43,691,-292.67432728489086
official_bc,43,692,-288.8924314901351
official_bc,43,693,-282.59297652528596
official_bc,43,694,-287.00516856209913
official_bc,43,695,-290.2530787588253
official_bc,43,696,-292.6840224017638
official_bc,43,697,-291.1458755939637
official_bc,43,698,-286.51032268709935
official_bc,43,699,-295.7566779421235
official_bc,43,700,-275.9264320595273
official_bc,43,701,-288.245494744118
official_bc,43,702,-282.4587862578199
official_bc,43,703,-292.9172626341433
official_bc,43,704,-294.2193544500776
official_bc,43,705,-291.91570636534533
official_bc,43,706,-289.858163233141
official_bc,43,707,-297.17164997348686
official_bc,43,708,-277.7518851868437
official_bc,43,709,-292.36266682557005
official_bc,43,710,-285.3193065742012
official_bc,43,711,-284.43876045372735
official_bc,43,712,-287.69149292115327
official_bc,43,713,-290.74831132889153
official_bc,43,714,-273.4325576574838
official_bc,43,715,-296.8301772611091
official_bc,43,716,-295.7145566118565
official_bc,43,717,-296.7292182413286
official_bc,43,718,-292.82085191724775
official_bc,43,719,-292.9246512346113
official_bc,43,720,-296.9424619427513
official_bc,43,721,-299.1404390186608
official_bc,43,722,-293.86471773631587
official_bc,43,723,-288.8215011954614
official_bc,43,724,-289.9236464687312
official_bc,43,725,-287.9859767022896
official_bc,43,726,-277.16879823602824
official_bc,43,727,-286.44310352702036
official_bc,43,728,-291.44416402330614
official_bc,43,729,-278.0660543593967
official_bc,43,730,-296.14407155337767
official_bc,43,731,-291.35787819337196
official_bc,43,732,-288.4937442584651
official_bc,43,733,-288.357659225405
official_bc,43,734,-300.3386212442444
official_bc,43,735,-290.0690905361554
official_bc,43,736,-294.6296947903505
official_bc,43,737,-275.7544280072043
official_bc,43,738,-290.7064142395774
official_bc,43,739,-295.84539517521006
official_bc,43,740,-292.3552383219191
official_bc,43,741,-284.6324818743583
official_bc,43,742,-288.30662162872534
official_bc,43,743,-298.8475062643525
official_bc,43,744,-295.06499898321374
official_bc,43,745,-288.68975840876124
official_bc,43,746,-277.3426860603547
official_bc,43,747,-298.98791426622967
official_bc,43,748,-288.430143503879
official_bc,43,749,-293.40351515937317
official_bc,43,750,-290.6149728597738
official_bc,43,751,-295.9080537093936
official_bc,43,752,-289.28761465843826
official_bc,43,753,-288.9845568855804
official_bc,43,754,-301.6103868302161
official_bc,43,755,-294.2867767746873
official_bc,43,756,-295.9454322169297
official_bc,43,757,-280.8945119850031
official_bc,43,758,-294.9556717577854
official_bc,43,759,-292.6089913563086
official_bc,43,760,-292.9250835082821
official_bc,43,761,-283.14187458243094
official_bc,43,762,-275.7041767803041
official_bc,43,763,-294.08118906242953
official_bc,43,764,-293.70916111223573
official_bc,43,765,-282.50964710957373
official_bc,43,766,-284.50415236655385
official_bc,43,767,-289.06712805661715
official_bc,43,768,-290.94524444241114
official_bc,43,769,-292.67280209456385
official_bc,43,770,-292.4692242668166
official_bc,43,771,-292.02636971732545
official_bc,43,772,-301.2085758311248
official_bc,43,773,-294.4938837000534
official_bc,43,774,-292.7686302765985
official_bc,43,775,-291.54652149057034
official_bc,43,776,-294.0713603916665
official_bc,43,777,-285.9283457887964
official_bc,43,778,-293.4287085401188
official_bc,43,779,-284.1490518006481
official_bc,43,780,-292.69210924245886
official_bc,43,781,-288.8738086623008
official_bc,43,782,-291.60168442548456
official_bc,43,783,-291.80983910385623
official_bc,43,784,-278.82843337362596
official_bc,43,785,-287.9636613914925
official_bc,43,786,-292.4337309995328
official_bc,43,787,-289.69361352869095
official_bc,43,788,-296.3591353845734
official_bc,43,789,-287.44998914421967
official_bc,43,790,-288.46822065078135
official_bc,43,791,-297.4856323928414
official_bc,43,792,-286.84328049106864
official_bc,43,793,-288.83686811919193
official_bc,43,794,-293.60238783377883
official_bc,43,795,-291.33165639519785
official_bc,43,796,-291.8774571596244
official_bc,43,797,-294.1083930920249
official_bc,43,798,-291.2785783238818
official_bc,43,799,-292.0821370114012
official_bc,43,800,-294.014186027474
official_bc,43,801,-273.4586749266082
official_bc,43,802,-289.38507568044247
official_bc,43,803,-289.81127036887256
official_bc,43,804,-296.6760308780104
official_bc,43,805,-286.49224342541004
official_bc,43,806,-280.205130855825
official_bc,43,807,-292.71706927211085
official_bc,43,808,-288.3568802849569
official_bc,43,809,-289.0521088541683
official_bc,43,810,-289.67895516118534
official_bc,43,811,-298.9466163264465
official_bc,43,812,-291.7285703603524
official_bc,43,813,-294.135805047453
official_bc,43,814,-294.79349770213673
official_bc,43,815,-290.487954414606
official_bc,43,816,-283.9104303047858
official_bc,43,817,-282.6019916429905
official_bc,43,818,-290.92980567388054
official_bc,43,819,-276.4367692019937
official_bc,43,820,-287.47045346931094
official_bc,43,821,-294.2922296344836
official_bc,43,822,-268.96450759490926
official_bc,43,823,-294.08987496100735
official_bc,43,824,-295.0863722615921
official_bc,43,825,-293.9753144624796
official_bc,43,826,-288.32991981840473
official_bc,43,827,-295.8731991007447
official_bc,43,828,-296.5141954681619
official_bc,43,829,-292.9846804355351
official_bc,43,830,-272.48019823099406
official_bc,43,831,-292.3202582297595
official_bc,43,832,-292.80517826261644
official_bc,43,833,-296.3980102307926
official_bc,43,834,-285.0147653145117
official_bc,43,835,-288.06070222104955
official_bc,43,836,-287.9568838068575
official_bc,43,837,-294.4860222613134
official_bc,43,838,-287.68134658873424
official_bc,43,839,-282.745432281882
official_bc,43,840,-283.84789815929537
official_bc,43,841,-283.8198114544863
official_bc,43,842,-289.28591364174207
official_bc,43,843,-289.61353994766336
official_bc,43,844,-288.22371195792545
official_bc,43,845,-272.4839720305273
official_bc,43,846,-297.4616975402053
official_bc,43,847,-294.5382165918845
official_bc,43,848,-290.31861037254765
official_bc,43,849,-300.2858327062854
official_bc,43,850,-296.9996969965843
official_bc,43,851,-290.8808495956582
official_bc,43,852,-291.5700548788709
official_bc,43,853,-284.8706573733807
official_bc,43,854,-299.6531500028685
official_bc,43,855,-289.6737061418361
official_bc,43,856,-295.2461480279501
official_bc,43,857,-286.7724778928294
official_bc,43,858,-283.7291995165299
official_bc,43,859,-272.45530518316434
official_bc,43,860,-296.1169362700457
official_bc,43,861,-293.96632501899416
official_bc,43,862,-295.7463029462891
official_bc,43,863,-290.9323063853303
official_bc,43,864,-271.7749240878301
official_bc,43,865,-290.79465935688313
official_bc,43,866,-288.0200210071142
official_bc,43,867,-286.44234316245564
official_bc,43,868,-292.4936252722725
official_bc,43,869,-289.7663720543884
official_bc,43,870,-295.85949295440713
official_bc,43,871,-290.1819309059589
official_bc,43,872,-292.06450928790434
official_bc,43,873,-296.3872204396366
official_bc,43,874,-291.47343334828065
official_bc,43,875,-294.2037928994029
official_bc,43,876,-295.1220091217071
official_bc,43,877,-294.16521704316943
official_bc,43,878,-294.450800984
official_bc,43,879,-293.45061400314074
official_bc,43,880,-287.3625223740316
official_bc,43,881,-292.10714131295583
official_bc,43,882,-291.9716146209883
official_bc,43,883,-289.8210840907698
official_bc,43,884,-296.112531291535
official_bc,43,885,-293.3967142399299
official_bc,43,886,-293.5250752582372
official_bc,43,887,-292.31961182554556
official_bc,43,888,-290.4617636953663
official_bc,43,889,-295.92290024430145
official_bc,43,890,-293.44625705862745
official_bc,43,891,-289.7388674252141
official_bc,43,892,-299.08802082074027
official_bc,43,893,-292.80568517921347
official_bc,43,894,-290.24248941564787
official_bc,43,895,-292.8857433047304
official_bc,43,896,-294.2272272338919
official_bc,43,897,-284.78966036750296
official_bc,43,898,-292.7935903262097
official_bc,43,899,-293.49580668518126
official_bc,43,900,-292.9329013103198
official_bc,43,901,-288.50028305363145
official_bc,43,902,-286.736543054016
official_bc,43,903,-293.08892692641894
official_bc,43,904,-293.01425339374543
official_bc,43,905,-295.6674605773592
official_bc,43,906,-285.1303498420169
official_bc,43,907,-294.36384504103324
official_bc,43,908,-294.6690510961165
official_bc,43,909,-295.23192818908603
official_bc,43,910,-295.32123359021955
official_bc,43,911,-292.2337089384813
official_bc,43,912,-294.15594351506223
official_bc,43,913,-289.44978392162983
official_bc,43,914,-287.3228298950822
official_bc,43,915,-287.09085127496456
official_bc,43,916,-287.3486933587283
official_bc,43,917,-286.56543356466193
official_bc,43,918,-285.2935176971289
official_bc,43,919,-280.4077146743677
official_bc,43,920,-295.6001672705602
official_bc,43,921,-269.60589809510276
official_bc,43,922,-289.24994645530626
official_bc,43,923,-293.3716509217752
official_bc,43,924,-287.4157568686707
official_bc,43,925,-290.81137949925795
official_bc,43,926,-285.85435872933715
official_bc,43,927,-294.76227798503857
official_bc,43,928,-285.5640143386506
official_bc,43,929,-292.0728679863827
official_bc,43,930,-296.09075688049694
official_bc,43,931,-291.69436994177636
official_bc,43,932,-296.860968721502
official_bc,43,933,-297.11764555985576
official_bc,43,934,-277.58734441070055
official_bc,43,935,-286.4627475652724
official_bc,43,936,-281.10596694611854
official_bc,43,937,-277.8194327133132
official_bc,43,938,-296.57492382442206
official_bc,43,939,-279.21288923992313
official_bc,43,940,-292.7084729014251
official_bc,43,941,-291.46296302507045
official_bc,43,942,-292.65270686851477
official_bc,43,943,-294.1794931029712
official_bc,43,944,-292.2310405929786
official_bc,43,945,-289.13502687406015
official_bc,43,946,-292.2950497681863
official_bc,43,947,-295.7891372844698
official_bc,43,948,-292.4509402063634
official_bc,43,949,-265.4531342127582
official_bc,43,950,-297.0326054661469
official_bc,43,951,-293.99605919425176
official_bc,43,952,-296.53253887128335
official_bc,43,953,-288.78260343485573
official_bc,43,954,-283.9551654597017
official_bc,43,955,-293.17025237725056
official_bc,43,956,-286.31120149966046
official_bc,43,957,-296.7599928498043
official_bc,43,958,-284.4000555938675
official_bc,43,959,-285.94719147676875
official_bc,43,960,-290.00542237309133
official_bc,43,961,-292.78265834872605
official_bc,43,962,-291.6060799468424
official_bc,43,963,-292.25742426157683
official_bc,43,964,-288.5292603503957
official_bc,43,965,-292.3513895652808
official_bc,43,966,-288.18363222170797
official_bc,43,967,-288.7257711214453
official_bc,43,968,-295.3812366790363
official_bc,43,969,-294.5490393863305
official_bc,43,970,-299.6169037348478
official_bc,43,971,-287.5627451414859
official_bc,43,972,-282.4077454978415
official_bc,43,973,-284.70219418601056
official_bc,43,974,-297.07907630160685
official_bc,43,975,-295.2794028226185
official_bc,43,976,-294.90477113349306
official_bc,43,977,-295.9248452824371
official_bc,43,978,-291.9315329061785
official_bc,43,979,-287.8395074826345
official_bc,43,980,-289.4639658039358
official_bc,43,981,-287.89496423624223
official_bc,43,982,-290.45192734594525
official_bc,43,983,-285.52983556316514
official_bc,43,984,-290.2233025275204
official_bc,43,985,-286.185551213601
official_bc,43,986,-290.30509417991794
official_bc,43,987,-287.465530758681
official_bc,43,988,-289.70802103391804
official_bc,43,989,-292.19191508262645
official_bc,43,990,-287.92938080757835
official_bc,43,991,-286.2287661271933
official_bc,43,992,-292.80963290346824
official_bc,43,993,-295.6395092594353
official_bc,43,994,-291.9724852034742
official_bc,43,995,-294.2332973259931
official_bc,43,996,-292.8655436830874
official_bc,43,997,-292.06447788037383
official_bc,43,998,-286.968522449392
official_bc,43,999,-296.4331962396617
official_bc,43,1000,-286.0379772371023
official_bc,44,1,-233.85725086438543
official_bc,44,2,-207.93412287780615
official_bc,44,3,-204.45760320637643
official_bc,44,4,-269.4902989325939
official_bc,44,5,-205.64591774083513
official_bc,44,6,-212.81446582921905
official_bc,44,7,-212.2286399700563
official_bc,44,8,-175.5816940773789
official_bc,44,9,-237.38580874699375
official_bc,44,10,-175.11825192985452
official_bc,44,11,-298.4374175705487
official_bc,44,12,-267.76908835406664
official_bc,44,13,-191.3698261152011
official_bc,44,14,-279.8777334744057
official_bc,44,15,-223.46336155707021
official_bc,44,16,-207.40426176393748
official_bc,44,17,-258.37767618137804
official_bc,44,18,-216.77752102743403
official_bc,44,19,-245.84169080186052
official_bc,44,20,-269.14261547484057
official_bc,44,21,-240.1015910418081
official_bc,44,22,-243.49697037750713
official_bc,44,23,-168.56251197714494
official_bc,44,24,-208.76203054218684
official_bc,44,25,-262.20761732384284
official_bc,44,26,-293.449951102916
official_bc,44,27,-214.2823988622967
official_bc,44,28,-196.73267185861448
official_bc,44,29,-229.4130951443302
official_bc,44,30,-311.4554384340182
official_bc,44,31,-204.3220374988299
official_bc,44,32,-304.1474583925622
official_bc,44,33,-292.7686963608231
official_bc,44,34,-282.77284202556655
official_bc,44,35,-281.6424020006663
official_bc,44,36,-287.3951239354761
official_bc,44,37,-291.82807072721096
official_bc,44,38,-290.1580654434652
official_bc,44,39,-269.33096340497895
official_bc,44,40,-277.7305099748222
official_bc,44,41,-273.18077571377694
official_bc,44,42,-270.67438646380526
official_bc,44,43,-262.2187449085372
official_bc,44,44,-251.75558871651452
official_bc,44,45,-256.48951972414454
official_bc,44,46,-259.287755673281
official_bc,44,47,-261.6293371646191
official_bc,44,48,-246.38274706258963
official_bc,44,49,-248.21425182174795
official_bc,44,50,-245.5452628186273
official_bc,44,51,-246.0981608686607
official_bc,44,52,-259.1900175355057
official_bc,44,53,-266.62493651339497
official_bc,44,54,-268.39257871367766
official_bc,44,55,-280.3896132917993
official_bc,44,56,-293.1306302797208
official_bc,44,57,-290.0631592521493
official_bc,44,58,-304.0742949285526
official_bc,44,59,-311.90540182696043
official_bc,44,60,-307.1551799728694
official_bc,44,61,-310.42089065315366
official_bc,44,62,-308.8177772999796
official_bc,44,63,-313.59756614825324
official_bc,44,64,-305.9489744837537
official_bc,44,65,-301.8381478863198
official_bc,44,66,-296.6897891160946
official_bc,44,67,-298.19725678834146
official_bc,44,68,-298.5374693629847
official_bc,44,69,-289.23069706732747
official_bc,44,70,-290.3137047178956
official_bc,44,71,-286.19014014013396
official_bc,44,72,-284.8452617162174
official_bc,44,73,-289.098526356555
official_bc,44,74,-290.1194687131773
official_bc,44,75,-280.0850523308785
official_bc,44,76,-296.62353906837563
official_bc,44,77,-295.1879768677294
official_bc,44,78,-293.06627709258527
official_bc,44,79,-292.9549723235132
official_bc,44,80,-294.5842507747092
official_bc,44,81,-293.5222244493775
official_bc,44,82,-297.4674187490925
official_bc,44,83,-286.58091968810453
official_bc,44,84,-280.64475897533487
official_bc,44,85,-287.68155765199884
official_bc,44,86,-283.01302827550705
official_bc,44,87,-291.2759155882047
official_bc,44,88,-283.5578227529914
official_bc,44,89,-292.55610763064084
official_bc,44,90,-289.3015097694455
official_bc,44,91,-289.8003163893556
official_bc,44,92,-290.14802356582845
official_bc,44,93,-291.81293229236314
official_bc,44,94,-298.447838353622
official_bc,44,95,-294.75640199671267
official_bc,44,96,-289.7786521445952
official_bc,44,97,-290.1520681405817
official_bc,44,98,-294.0171955819559
official_bc,44,99,-299.45511619745207
official_bc,44,100,-300.1210191482814
official_bc,44,101,-294.7506040512423
official_bc,44,102,-284.4805075010966
official_bc,44,103,-292.6098519186829
official_bc,44,104,-294.3463795372128
official_bc,44,105,-292.1987664832922
official_bc,44,106,-283.7600213529837
official_bc,44,107,-291.2215400441154
official_bc,44,108,-287.58791447104664
official_bc,44,109,-282.55809934388856
official_bc,44,110,-283.4231522470627
official_bc,44,111,-285.98460238360764
official_bc,44,112,-280.7096361059306
official_bc,44,113,-274.5396298560812
official_bc,44,114,-291.53213780719125
official_bc,44,115,-280.17268410601935
official_bc,44,116,-288.3849276943489
official_bc,44,117,-292.73382213331143
official_bc,44,118,-296.1457044447156
official_bc,44,119,-287.7693659634299
official_bc,44,120,-290.1228169735268
official_bc,44,121,-292.5439834334064
official_bc,44,122,-279.00276208143487
official_bc,44,123,-284.3450202435944
official_bc,44,124,-292.8201347961696
official_bc,44,125,-274.9562713495693
official_bc,44,126,-293.5524536709203
official_bc,44,127,-294.0610921798736
official_bc,44,128,-288.80759913681936
official_bc,44,129,-292.8183847895022
official_bc,44,130,-275.0119388157895
official_bc,44,131,-291.6624572470062
official_bc,44,132,-289.79571959086286
official_bc,44,133,-292.38016361332683
official_bc,44,134,-285.0761603838427
official_bc,44,135,-291.20295059960944
official_bc,44,136,-287.4145016336938
official_bc,44,137,-289.8508317458915
official_bc,44,138,-296.73521592068255
official_bc,44,139,-290.6114432513574
official_bc,44,140,-289.5080314827135
official_bc,44,141,-289.348490443232
official_bc,44,142,-295.6024035559495
official_bc,44,143,-283.2189830804132
official_bc,44,144,-280.31611515366234
official_bc,44,145,-288.4157249125571
official_bc,44,146,-293.70634502365823
official_bc,44,147,-290.44830097396436
official_bc,44,148,-292.6066547167861
official_bc,44,149,-290.4751094861083
official_bc,44,150,-293.0399464415078
official_bc,44,151,-294.9256084695735
official_bc,44,152,-291.54463140499075
official_bc,44,153,-294.9445282740127
official_bc,44,154,-286.730853458436
official_bc,44,155,-288.7707361100564
official_bc,44,156,-284.22531162122806
official_bc,44,157,-289.97961735617395
official_bc,44,158,-297.6291292899234
official_bc,44,159,-285.032248104069
official_bc,44,160,-289.9292254503639
official_bc,44,161,-291.2761164813219
official_bc,44,162,-291.5149511785339
official_bc,44,163,-289.6986062348125
official_bc,44,164,-293.9720267869942
official_bc,44,165,-288.7094510268548
official_bc,44,166,-286.3526662710809
official_bc,44,167,-282.83045283883166
official_bc,44,168,-291.2456137769829
official_bc,44,169,-287.38903731703084
official_bc,44,170,-282.748947962555
official_bc,44,171,-288.9838710067996
official_bc,44,172,-286.9960624880325
official_bc,44,173,-296.5125050903554
official_bc,44,174,-286.9307996500361
official_bc,44,175,-289.740777211168
official_bc,44,176,-293.24844899667806
official_bc,44,177,-288.6478210488885
official_bc,44,178,-293.71682970118206
official_bc,44,179,-279.90913180078246
official_bc,44,180,-294.1651086470707
official_bc,44,181,-289.57432549008547
official_bc,44,182,-283.17178998726934
official_bc,44,183,-293.6836060344097
official_bc,44,184,-288.9600769170014
official_bc,44,185,-282.5442734266215
official_bc,44,186,-287.6445685716912
official_bc,44,187,-293.25875052943496
official_bc,44,188,-290.22152345087756
official_bc,44,189,-283.1050525155506
official_bc,44,190,-282.80159547328924
official_bc,44,191,-287.5985090240387
official_bc,44,192,-289.90100499394634
official_bc,44,193,-283.6624448807017
official_bc,44,194,-292.02284212376844
official_bc,44,195,-284.50675627444355
official_bc,44,196,-284.1919075645828
official_bc,44,197,-297.2923059168339
official_bc,44,198,-275.78556682434834
official_bc,44,199,-299.00202532558467
official_bc,44,200,-294.21866399687275
official_bc,44,201,-292.3320710513493
official_bc,44,202,-295.0136246068847
official_bc,44,203,-292.2976671407115
official_bc,44,204,-288.55321428896355
official_bc,44,205,-289.76064747270595
official_bc,44,206,-288.622157473152
official_bc,44,207,-289.91440142253145
official_bc,44,208,-286.7721607760657
official_bc,44,209,-293.259960898944
official_bc,44,210,-287.3569130115454
official_bc,44,211,-287.99185110622943
official_bc,44,212,-292.7458113865184
official_bc,44,213,-284.0529819217926
official_bc,44,214,-288.7904510776101
official_bc,44,215,-295.0216538463997
official_bc,44,216,-290.1727074868769
official_bc,44,217,-286.41719740401254
official_bc,44,218,-276.62962281663016
official_bc,44,219,-290.98777390604334
official_bc,44,220,-294.1754484282809
official_bc,44,221,-298.76181911189025
official_bc,44,222,-297.0408299432104
official_bc,44,223,-287.7698444171225
official_bc,44,224,-296.87473495923314
official_bc,44,225,-293.99896381309316
official_bc,44,226,-294.0398623992228
official_bc,44,227,-300.8887400105774
official_bc,44,228,-293.4397228070028
official_bc,44,229,-286.346212258391
official_bc,44,230,-287.59492174315324
official_bc,44,231,-290.4671118585224
official_bc,44,232,-283.70082498955804
official_bc,44,233,-289.1543964780534
official_bc,44,234,-291.1199990950507
official_bc,44,235,-282.6467880468339
official_bc,44,236,-288.6072580567361
official_bc,44,237,-292.99453917143205
official_bc,44,238,-295.2908089575218
official_bc,44,239,-294.54474022554666
official_bc,44,240,-289.47886406642436
official_bc,44,241,-287.5290975940348
official_bc,44,242,-290.5704422811981
official_bc,44,243,-282.6938061345087
official_bc,44,244,-285.8817263216507
official_bc,44,245,-280.26510809183526
official_bc,44,246,-294.111393524396
official_bc,44,247,-284.28538761667244
official_bc,44,248,-282.2607097100905
official_bc,44,249,-291.5655235036589
official_bc,44,250,-295.1701546230285
official_bc,44,251,-296.6403146728011
official_bc,44,252,-294.8848431887366
official_bc,44,253,-298.6139910622866
official_bc,44,254,-290.5887244631127
official_bc,44,255,-276.63622420242405
official_bc,44,256,-295.97232039465916
official_bc,44,257,-289.74562932055005
official_bc,44,258,-289.5108352241513
official_bc,44,259,-291.1398383850084
official_bc,44,260,-291.7039385320604
official_bc,44,261,-290.1745073948545
official_bc,44,262,-289.24217141196056
official_bc,44,263,-291.06334386881906
official_bc,44,264,-293.2289084466746
official_bc,44,265,-282.22756698568196
official_bc,44,266,-288.2460427949369
official_bc,44,267,-297.0730241766813
official_bc,44,268,-276.1374104601248
official_bc,44,269,-296.6338083636734
official_bc,44,270,-290.88055441957704
official_bc,44,271,-296.6735807175887
official_bc,44,272,-292.2121719835843
official_bc,44,273,-290.69006866271354
official_bc,44,274,-296.78304778588483
official_bc,44,275,-293.8614011917389
official_bc,44,276,-296.0599043246587
official_bc,44,277,-295.00244793591537
official_bc,44,278,-289.99119542128557
official_bc,44,279,-290.7399622464277
official_bc,44,280,-283.67839076876584
official_bc,44,281,-291.2959567644094
official_bc,44,282,-291.32507899099966
official_bc,44,283,-291.5154525909151
official_bc,44,284,-294.50709477997617
official_bc,44,285,-294.4397392016933
official_bc,44,286,-274.8414624541579
official_bc,44,287,-293.9331017875672
official_bc,44,288,-291.0557558597287
official_bc,44,289,-281.75349984063496
official_bc,44,290,-288.7105329096462
official_bc,44,291,-282.59244552067764
official_bc,44,292,-296.65232544560513
official_bc,44,293,-293.1095879012563
official_bc,44,294,-297.2687925902136
official_bc,44,295,-292.8787706722656
official_bc,44,296,-295.78430161327765
official_bc,44,297,-289.40937344421644
official_bc,44,298,-293.8219925444572
official_bc,44,299,-295.3958635263506
official_bc,44,300,-293.62258043954915
official_bc,44,301,-282.77019822595526
official_bc,44,302,-283.2985996550807
official_bc,44,303,-296.35010447218605
official_bc,44,304,-283.31504727267526
official_bc,44,305,-291.3685142599996
official_bc,44,306,-291.64786275099146
official_bc,44,307,-288.70265370031086
official_bc,44,308,-294.75686478478997
official_bc,44,309,-294.6545558255517
official_bc,44,310,-285.9471211026438
official_bc,44,311,-287.1034946802522
official_bc,44,312,-286.0201674877302
official_bc,44,313,-281.54590154843174
official_bc,44,314,-293.9918343246567
official_bc,44,315,-295.9624102052482
official_bc,44,316,-286.4419394522447
official_bc,44,317,-296.9172052695693
official_bc,44,318,-287.27046836775696
official_bc,44,319,-291.15270621631885
official_bc,44,320,-288.62074973105825
official_bc,44,321,-299.4458809335678
official_bc,44,322,-293.73492246951463
official_bc,44,323,-291.3987919663566
official_bc,44,324,-282.41702010800674
official_bc,44,325,-293.4561975700881
official_bc,44,326,-292.98867260394695
official_bc,44,327,-282.15293088808585
official_bc,44,328,-279.0159678469745
official_bc,44,329,-297.3656963425085
official_bc,44,330,-284.85786947645533
official_bc,44,331,-294.19895894261447
official_bc,44,332,-289.44890678987355
official_bc,44,333,-288.0264560302784
official_bc,44,334,-279.50817550052636
official_bc,44,335,-292.5057497853005
official_bc,44,336,-283.7702867436473
official_bc,44,337,-298.44490090915934
official_bc,44,338,-292.2852437296468
official_bc,44,339,-289.7522006911694
official_bc,44,340,-292.8961129690942
official_bc,44,341,-299.4504132085544
official_bc,44,342,-289.8340105537417
official_bc,44,343,-291.6198221358543
official_bc,44,344,-290.52861381614605
official_bc,44,345,-300.3657202183036
official_bc,44,346,-284.73337919062146
official_bc,44,347,-283.3912887491862
official_bc,44,348,-294.6360788904964
official_bc,44,349,-289.2035638344779
official_bc,44,350,-288.1821940378617
official_bc,44,351,-291.9395787323158
official_bc,44,352,-298.0845172373069
official_bc,44,353,-291.4572656514411
official_bc,44,354,-293.7875470142651
official_bc,44,355,-295.5227123189088
official_bc,44,356,-292.38913494049905
official_bc,44,357,-293.94091250672994
official_bc,44,358,-288.52173283215853
official_bc,44,359,-281.2300103548258
official_bc,44,360,-292.41499900244185
official_bc,44,361,-297.0422343873331
official_bc,44,362,-294.7646838307994
official_bc,44,363,-285.54817895602525
official_bc,44,364,-287.35530244795314
official_bc,44,365,-293.54560359081387
official_bc,44,366,-280.8925940727133
official_bc,44,367,-286.40612998571044
official_bc,44,368,-290.1624922089264
official_bc,44,369,-291.67030919620515
official_bc,44,370,-293.16333942368857
official_bc,44,371,-289.96341276589266
official_bc,44,372,-299.8181590996313
official_bc,44,373,-289.95605481157094
official_bc,44,374,-294.5329967103529
official_bc,44,375,-296.0871410591719
official_bc,44,376,-294.8503253514065
official_bc,44,377,-288.0812775728791
official_bc,44,378,-291.75664799768
official_bc,44,379,-295.6897185403582
official_bc,44,380,-285.9555693590059
official_bc,44,381,-286.7249012685474
official_bc,44,382,-291.573320500546
official_bc,44,383,-288.0193663304244
official_bc,44,384,-295.4824763286726
official_bc,44,385,-291.92094214406103
official_bc,44,386,-288.54146571165074
official_bc,44,387,-296.8793138340505
official_bc,44,388,-289.1657420936083
official_bc,44,389,-292.6029893914558
official_bc,44,390,-290.45484311338646
official_bc,44,391,-284.9261336141228
official_bc,44,392,-286.8786219064639
official_bc,44,393,-293.60996191724166
official_bc,44,394,-291.62871493614665
official_bc,44,395,-284.2679238010869
official_bc,44,396,-284.5049695008853
official_bc,44,397,-289.36942189261964
official_bc,44,398,-292.3232928230664
official_bc,44,399,-291.6187617263564
official_bc,44,400,-289.42959917992516
official_bc,44,401,-300.97638028922097
official_bc,44,402,-290.6183017014456
official_bc,44,403,-290.4254546201848
official_bc,44,404,-283.87901871838676
official_bc,44,405,-293.6601966619096
official_bc,44,406,-285.78802984266053
official_bc,44,407,-291.8257596267544
official_bc,44,408,-299.58687382468395
official_bc,44,409,-281.7028586192913
official_bc,44,410,-292.2588954934897
official_bc,44,411,-295.5541115459205
official_bc,44,412,-281.79388751290657
official_bc,44,413,-302.2606835554253
official_bc,44,414,-287.7558746572978
official_bc,44,415,-289.9850353701865
official_bc,44,416,-287.15645209323833
official_bc,44,417,-281.2948242878693
official_bc,44,418,-286.27636072004356
official_bc,44,419,-292.6263202762886
official_bc,44,420,-293.4575908924327
official_bc,44,421,-293.75459860668684
official_bc,44,422,-285.13053599449205
official_bc,44,423,-296.1215737487273
official_bc,44,424,-292.4486698690544
official_bc,44,425,-292.57744362046594
official_bc,44,426,-289.1602429716278
official_bc,44,427,-279.7753808918144
official_bc,44,428,-293.9995008427437
official_bc,44,429,-294.8556795291373
official_bc,44,430,-285.3686666583161
official_bc,44,431,-297.2237317399062
official_bc,44,432,-289.91598699502345
official_bc,44,433,-296.3953233786748
official_bc,44,434,-292.36440544961954
official_bc,44,435,-287.43061994031234
official_bc,44,436,-291.3331528119158
official_bc,44,437,-289.6282734908033
official_bc,44,438,-292.42603376622156
official_bc,44,439,-282.1425781403267
official_bc,44,440,-293.04445274389315
official_bc,44,441,-293.2083059838897
official_bc,44,442,-294.51459592203014
official_bc,44,443,-292.74727296880314
official_bc,44,444,-293.96957032001956
official_bc,44,445,-289.81842003554027
official_bc,44,446,-296.5839387828048
official_bc,44,447,-293.49118575925445
official_bc,44,448,-284.976579159172
official_bc,44,449,-295.1369247686109
official_bc,44,450,-287.04033124039665
official_bc,44,451,-292.82049100830596
official_bc,44,452,-289.09288788191475
official_bc,44,453,-290.6729687654576
official_bc,44,454,-291.25334472229855
official_bc,44,455,-291.84744134899046
official_bc,44,456,-284.6331483834386
official_bc,44,457,-292.7090711389602
official_bc,44,458,-292.85934710876313
official_bc,44,459,-290.8334825659708
official_bc,44,460,-289.1176163015805
official_bc,44,461,-289.0835898622602
official_bc,44,462,-293.20805699946055
official_bc,44,463,-290.2504576877151
official_bc,44,464,-285.13486250242437
official_bc,44,465,-293.2810382433166
official_bc,44,466,-290.76437383085283
official_bc,44,467,-291.1408674114805
official_bc,44,468,-289.22591421884005
official_bc,44,469,-296.8633339326309
official_bc,44,470,-298.09805767176226
official_bc,44,471,-272.42985660397466
official_bc,44,472,-298.45058818030543
official_bc,44,473,-292.8683215091013
official_bc,44,474,-295.04760693252183
official_bc,44,475,-287.32844647074876
official_bc,44,476,-294.61883761385786
official_bc,44,477,-287.00213873198095
official_bc,44,478,-287.162774392878
official_bc,44,479,-289.22366197672125
official_bc,44,480,-285.9282459607361
official_bc,44,481,-286.24155201506534
official_bc,44,482,-285.5898714945007
official_bc,44,483,-292.3080994285418
official_bc,44,484,-285.74162887712544
official_bc,44,485,-289.9328237084441
official_bc,44,486,-297.14369611403725
official_bc,44,487,-295.01371041122945
official_bc,44,488,-288.0767310661083
official_bc,44,489,-285.66603639281266
official_bc,44,490,-290.90765915398373
official_bc,44,491,-291.78332466883876
official_bc,44,492,-294.0035638281338
official_bc,44,493,-290.28867806031093
official_bc,44,494,-292.41987036780455
official_bc,44,495,-291.4666530589399
official_bc,44,496,-289.58851578420587
official_bc,44,497,-290.8076045447914
official_bc,44,498,-287.64743796232784
official_bc,44,499,-292.47744327158233
official_bc,44,500,-287.62121158579157
official_bc,44,501,-288.9747113249098
official_bc,44,502,-290.3033572525824
official_bc,44,503,-288.25238069656496
official_bc,44,504,-292.44903282054156
official_bc,44,505,-292.4466787368684
official_bc,44,506,-296.95758000578195
official_bc,44,507,-294.73120246598745
official_bc,44,508,-287.1423786166546
official_bc,44,509,-290.89226306874525
official_bc,44,510,-281.3180116155693
official_bc,44,511,-283.2378907684971
official_bc,44,512,-284.0015268258255
official_bc,44,513,-287.2554129663333
official_bc,44,514,-293.57189187853015
official_bc,44,515,-286.0655905423562
official_bc,44,516,-286.1595990446501
official_bc,44,517,-293.4861835219036
official_bc,44,518,-282.9264436798968
official_bc,44,519,-290.45829282391946
official_bc,44,520,-295.040832097771
official_bc,44,521,-298.4146329277879
official_bc,44,522,-294.7934842495833
official_bc,44,523,-295.4436727942279
official_bc,44,524,-280.3933899520638
official_bc,44,525,-294.62144186197315
official_bc,44,526,-286.6137145499919
official_bc,44,527,-296.351067479508
official_bc,44,528,-291.2034871096538
official_bc,44,529,-293.5913711137294
official_bc,44,530,-300.3908121200833
official_bc,44,531,-291.68695929199316
official_bc,44,532,-281.68173468367695
official_bc,44,533,-285.17490370140274
official_bc,44,534,-295.94414783877176
official_bc,44,535,-285.6409004646687
official_bc,44,536,-289.5683539097637
official_bc,44,537,-287.9990967184678
official_bc,44,538,-290.59997221750115
official_bc,44,539,-292.55880423993955
official_bc,44,540,-295.1989145681318
official_bc,44,541,-292.8916248072926
official_bc,44,542,-287.07271412628086
official_bc,44,543,-284.18230332319655
official_bc,44,544,-294.49832728288584
official_bc,44,545,-287.32680372262706
official_bc,44,546,-289.9260395070839
official_bc,44,547,-290.4798539201342
official_bc,44,548,-284.77949962008495
official_bc,44,549,-297.11293121094235
official_bc,44,550,-294.28628358912044
official_bc,44,551,-291.22497939014005
official_bc,44,552,-289.9737029542585
official_bc,44,553,-292.66902321026964
official_bc,44,554,-293.7004661802613
official_bc,44,555,-295.2342732488283
official_bc,44,556,-294.87159957784803
official_bc,44,557,-292.34859377496366
official_bc,44,558,-297.0849181407057
official_bc,44,559,-280.0862712137097
official_bc,44,560,-273.88395037687405
official_bc,44,561,-288.8912178930988
official_bc,44,562,-291.66855276165245
official_bc,44,563,-287.3391072888802
official_bc,44,564,-288.98431914225006
official_bc,44,565,-290.0843977289305
official_bc,44,566,-293.18759791224466
official_bc,44,567,-284.15794478576964
official_bc,44,568,-293.115097980262
official_bc,44,569,-289.0745163902431
official_bc,44,570,-275.2505628495065
official_bc,44,571,-293.1212925701096
official_bc,44,572,-299.53131910987986
official_bc,44,573,-291.8257862862412
official_bc,44,574,-288.83188363757483
official_bc,44,575,-279.2335262506849
official_bc,44,576,-296.5026489297261
official_bc,44,577,-283.6577088087715
official_bc,44,578,-284.86146074863143
official_bc,44,579,-288.4761384571027
official_bc,44,580,-288.4058269230246
official_bc,44,581,-284.0343322195055
official_bc,44,582,-287.1558692612861
official_bc,44,583,-293.79890733274254
official_bc,44,584,-285.8043057863999
official_bc,44,585,-295.7131078294064
official_bc,44,586,-294.1888466993126
official_bc,44,587,-270.96839202788277
official_bc,44,588,-293.2999480611295
official_bc,44,589,-294.58491845116487
official_bc,44,590,-298.6011743524052
official_bc,44,591,-291.9753059597663
official_bc,44,592,-276.7297073679954
official_bc,44,593,-301.12312762485755
official_bc,44,594,-279.83426545014726
official_bc,44,595,-287.03716566738683
official_bc,44,596,-291.01363122602436
official_bc,44,597,-297.14886485267215
official_bc,44,598,-285.37567939332615
official_bc,44,599,-288.4966447438492
official_bc,44,600,-287.35673549260656
official_bc,44,601,-286.4143143248633
official_bc,44,602,-284.96209498095527
official_bc,44,603,-275.3111628422547
official_bc,44,604,-294.20696882675287
official_bc,44,605,-291.2033794244245
official_bc,44,606,-286.8249718641933
official_bc,44,607,-298.88007568034845
official_bc,44,608,-296.0892608909567
official_bc,44,609,-295.20265671659666
official_bc,44,610,-290.0554321906395
official_bc,44,611,-298.0596179676031
official_bc,44,612,-292.3742706618857
official_bc,44,613,-285.7991503787636
official_bc,44,614,-291.12630568642226
official_bc,44,615,-292.6712656151824
official_bc,44,616,-280.17497501470825
official_bc,44,617,-290.81359877970107
official_bc,44,618,-286.64122483199094
official_bc,44,619,-288.3302874933139
official_bc,44,620,-293.0749965615412
official_bc,44,621,-290.4767055894596
official_bc,44,622,-296.8553489486565
official_bc,44,623,-293.47074238172445
official_bc,44,624,-291.21154355079176
official_bc,44,625,-295.62559871203143
official_bc,44,626,-290.514944587679
official_bc,44,627,-299.66535457712195
official_bc,44,628,-289.36064854897955
official_bc,44,629,-290.6924259870921
official_bc,44,630,-288.0930582072659
official_bc,44,631,-283.6539928874289
official_bc,44,632,-295.4971677412068
official_bc,44,633,-283.20750255207565
official_bc,44,634,-289.4203858174919
official_bc,44,635,-288.52139059866425
official_bc,44,636,-295.533172688295
official_bc,44,637,-278.75965682437993
official_bc,44,638,-291.004071589039
official_bc,44,639,-290.6522852397429
official_bc,44,640,-294.01137396931983
official_bc,44,641,-289.9622137547786
official_bc,44,642,-294.0057003873783
official_bc,44,643,-295.8978442008093
official_bc,44,644,-280.6423001433257
official_bc,44,645,-281.00836335262386
official_bc,44,646,-290.56496932900905
official_bc,44,647,-291.0051070773644
official_bc,44,648,-294.6588529667532
official_bc,44,649,-294.6349327396855
official_bc,44,650,-291.6837950261744
official_bc,44,651,-283.18353357303016
official_bc,44,652,-293.83787066056084
official_bc,44,653,-291.20589759845603
official_bc,44,654,-292.18500940645055
official_bc,44,655,-297.40074373515563
official_bc,44,656,-295.5884562086975
official_bc,44,657,-287.2541518525038
official_bc,44,658,-295.52225195941287
official_bc,44,659,-293.4888935937931
official_bc,44,660,-292.2832849444662
official_bc,44,661,-295.88535110048315
official_bc,44,662,-288.62683430300626
official_bc,44,663,-287.32575081321806
official_bc,44,664,-289.3125487226441
official_bc,44,665,-297.09783790626886
official_bc,44,666,-289.7204960941151
official_bc,44,667,-287.1826681082955
official_bc,44,668,-282.7345295712609
official_bc,44,669,-292.8636850454544
official_bc,44,670,-283.0894411543011
official_bc,44,671,-298.8144539038191
official_bc,44,672,-287.21319247818303
official_bc,44,673,-290.07164911168513
official_bc,44,674,-295.46533631030434
official_bc,44,675,-296.12996116475824
official_bc,44,676,-298.1288362094328
official_bc,44,677,-297.7554360444143
official_bc,44,678,-288.3136700850499
official_bc,44,679,-296.09167039431435
official_bc,44,680,-289.48637254251196
official_bc,44,681,-298.2991682859111
official_bc,44,682,-278.1983837445738
official_bc,44,683,-287.08248852445803
official_bc,44,684,-288.6114210999905
official_bc,44,685,-289.683112835715
official_bc,44,686,-292.7562778028874
official_bc,44,687,-289.27496646638883
official_bc,44,688,-295.15564188822947
official_bc,44,689,-284.21023597813337
official_bc,44,690,-297.92996528918
official_bc,44,691,-294.17039479300377
official_bc,44,692,-289.7618366596344
official_bc,44,693,-291.4372482180976
official_bc,44,694,-288.7940564150527
official_bc,44,695,-294.3916321572922
official_bc,44,696,-274.88300140244326
official_bc,44,697,-293.47493061009345
official_bc,44,698,-296.37697897785796
official_bc,44,699,-295.3435615367446
official_bc,44,700,-287.36984630340754
official_bc,44,701,-295.5041342377574
official_bc,44,702,-296.404091735769
official_bc,44,703,-289.55688796698587
official_bc,44,704,-288.2299705063609
official_bc,44,705,-283.85130701925254
official_bc,44,706,-293.8705508664911
official_bc,44,707,-292.04238577987223
official_bc,44,708,-290.4165217240965
official_bc,44,709,-294.6860964248509
official_bc,44,710,-287.8529221837827
official_bc,44,711,-289.3838736682737
official_bc,44,712,-290.209732868476
official_bc,44,713,-293.75046681275177
official_bc,44,714,-298.3232713027862
official_bc,44,715,-297.3473983727683
official_bc,44,716,-288.1846501538575
official_bc,44,717,-289.0494059521727
official_bc,44,718,-289.4489716405842
official_bc,44,719,-296.40027957257894
official_bc,44,720,-294.90453734439575
official_bc,44,721,-290.65254275739346
official_bc,44,722,-296.5860115195003
official_bc,44,723,-287.9933522850549
official_bc,44,724,-291.83552280996537
official_bc,44,725,-290.20043542485024
official_bc,44,726,-285.95626638185416
official_bc,44,727,-291.85051429829434
official_bc,44,728,-287.0918844292024
official_bc,44,729,-294.54697204166405
official_bc,44,730,-282.358692190868
official_bc,44,731,-287.19789238623474
official_bc,44,732,-290.45500246739147
official_bc,44,733,-286.67333273000975
official_bc,44,734,-294.35747257232936
official_bc,44,735,-285.77621436301575
official_bc,44,736,-293.40336317391905
official_bc,44,737,-283.8916817838982
official_bc,44,738,-295.4112587173304
official_bc,44,739,-293.47114989568183
official_bc,44,740,-295.1693302008389
official_bc,44,741,-290.3108057596335
official_bc,44,742,-287.0342300175477
official_bc,44,743,-292.87839401748687
official_bc,44,744,-298.88278495505926
official_bc,44,745,-293.7675458459177
official_bc,44,746,-290.36706222875637
official_bc,44,747,-283.0902012942545
official_bc,44,748,-288.43395716505205
official_bc,44,749,-289.832803072393
official_bc,44,750,-290.2476679445511
official_bc,44,751,-292.89215736802703
official_bc,44,752,-286.37443143354835
official_bc,44,753,-292.369198937822
official_bc,44,754,-282.7743718852825
official_bc,44,755,-295.04572493646236
official_bc,44,756,-281.89769300221616
official_bc,44,757,-290.81239583589763
official_bc,44,758,-287.83414809567796
official_bc,44,759,-293.5433331187522
official_bc,44,760,-293.73368847201056
official_bc,44,761,-292.93272431835004
official_bc,44,762,-298.507989777528
official_bc,44,763,-293.9719157987957
official_bc,44,764,-293.63266637142226
official_bc,44,765,-291.5098825677669
official_bc,44,766,-293.00890162555277
official_bc,44,767,-289.29455197810853
official_bc,44,768,-294.5353632280177
official_bc,44,769,-283.1899553856588
official_bc,44,770,-284.37193329418744
official_bc,44,771,-292.5464789460609
official_bc,44,772,-282.1027892474394
official_bc,44,773,-277.42677557034506
official_bc,44,774,-287.6185554209944
official_bc,44,775,-295.81606411273725
official_bc,44,776,-290.3050501963529
official_bc,44,777,-289.1972708852717
official_bc,44,778,-287.4163510660849
official_bc,44,779,-288.954079455305
official_bc,44,780,-297.4309387409317
official_bc,44,781,-293.9374789768887
official_bc,44,782,-294.7577637209109
official_bc,44,783,-293.3551923519436
official_bc,44,784,-279.134100034884
official_bc,44,785,-293.3766489750673
official_bc,44,786,-278.0772251379308
official_bc,44,787,-298.1768982970658
official_bc,44,788,-296.606438941311
official_bc,44,789,-290.67453756182454
official_bc,44,790,-284.1493815396688
official_bc,44,791,-275.63089789518864
official_bc,44,792,-294.3171834177671
official_bc,44,793,-295.6767043260135
official_bc,44,794,-291.65939261662083
official_bc,44,795,-294.7634531252168
official_bc,44,796,-288.1212026846484
official_bc,44,797,-294.6808198985207
official_bc,44,798,-295.46141456396606
official_bc,44,799,-290.5868290216866
official_bc,44,800,-291.75271051888916
official_bc,44,801,-286.13926591658554
official_bc,44,802,-291.090698703871
official_bc,44,803,-288.16578734085607
official_bc,44,804,-290.42850264083546
official_bc,44,805,-295.3190935437421
official_bc,44,806,-285.283367683932
official_bc,44,807,-292.40341644401315
official_bc,44,808,-291.9634795129429
official_bc,44,809,-293.53727498946444
official_bc,44,810,-286.4274223386923
official_bc,44,811,-292.4761648318475
official_bc,44,812,-295.9923193968884
official_bc,44,813,-281.10211561083435
official_bc,44,814,-293.3020822863109
official_bc,44,815,-285.3279020091989
official_bc,44,816,-287.6276922769187
official_bc,44,817,-297.43783016145267
official_bc,44,818,-295.0467004445622
official_bc,44,819,-290.7337623063862
official_bc,44,820,-291.9044608216909
official_bc,44,821,-286.7538039689592
official_bc,44,822,-283.6727988058974
official_bc,44,823,-283.2189583933908
official_bc,44,824,-290.41168403058947
official_bc,44,825,-294.7836300992948
official_bc,44,826,-294.89038192865917
official_bc,44,827,-279.5231924111778
official_bc,44,828,-295.5803292024622
official_bc,44,829,-292.2611237230707
official_bc,44,830,-289.45374976799343
official_bc,44,831,-290.11157895676575
official_bc,44,832,-293.441097908
official_bc,44,833,-286.34597543662073
official_bc,44,834,-292.0025654082091
official_bc,44,835,-291.65569066203085
official_bc,44,836,-287.5152011272925
official_bc,44,837,-295.21894255258076
official_bc,44,838,-296.8012680431812
official_bc,44,839,-292.2986096469082
official_bc,44,840,-284.6315906569775
official_bc,44,841,-284.41550906203196
official_bc,44,842,-286.459369234392
official_bc,44,843,-289.6246492688326
official_bc,44,844,-294.00877862226855
official_bc,44,845,-290.51739268069826
official_bc,44,846,-289.97358222738666
official_bc,44,847,-284.1328780498806
official_bc,44,848,-297.48569566835306
official_bc,44,849,-301.25761328575084
official_bc,44,850,-294.4670331792314
official_bc,44,851,-284.1381734472575
official_bc,44,852,-289.471127384021
official_bc,44,853,-290.1056586266781
official_bc,44,854,-296.8953431469217
official_bc,44,855,-292.52712916892335
official_bc,44,856,-290.0354571803614
official_bc,44,857,-275.67427539159
official_bc,44,858,-290.68128112036743
official_bc,44,859,-290.3503740732245
official_bc,44,860,-282.35071761748736
official_bc,44,861,-289.9584571023536
official_bc,44,862,-294.8133549676304
official_bc,44,863,-290.0725860900924
official_bc,44,864,-289.40829133215897
official_bc,44,865,-281.75146879531854
official_bc,44,866,-286.6658482100502
official_bc,44,867,-274.4150726845144
official_bc,44,868,-295.80730785364176
official_bc,44,869,-295.94987004978213
official_bc,44,870,-286.83319252091314
official_bc,44,871,-292.2610828771954
official_bc,44,872,-288.3439978426733
official_bc,44,873,-296.07073594552935
official_bc,44,874,-292.9856638587926
official_bc,44,875,-293.045643772875
official_bc,44,876,-272.6162610070955
official_bc,44,877,-297.6575904822141
official_bc,44,878,-289.89456842760217
official_bc,44,879,-285.2305644977558
official_bc,44,880,-289.23981597358033
official_bc,44,881,-289.82109291622675
official_bc,44,882,-295.7438085578791
official_bc,44,883,-289.8853275588293
official_bc,44,884,-271.33153232533283
official_bc,44,885,-278.9603683780894
official_bc,44,886,-300.6487149262437
official_bc,44,887,-278.7164789919083
official_bc,44,888,-286.61063686516275
official_bc,44,889,-295.50025826344205
official_bc,44,890,-293.2270082284816
official_bc,44,891,-287.11621325075464
official_bc,44,892,-293.05961119338934
official_bc,44,893,-294.57427629346347
official_bc,44,894,-283.40400262042755
official_bc,44,895,-289.338590139174
official_bc,44,896,-292.95410211437166
official_bc,44,897,-290.52269874710345
official_bc,44,898,-294.8116153009127
official_bc,44,899,-289.06768115695553
official_bc,44,900,-288.321594550134
official_bc,44,901,-293.3481682669832
official_bc,44,902,-283.3087539196211
official_bc,44,903,-280.2979331162698
official_bc,44,904,-292.6657486680814
official_bc,44,905,-298.6352091309767
official_bc,44,906,-296.34877544952906
official_bc,44,907,-295.1727431942451
official_bc,44,908,-287.1278669249389
official_bc,44,909,-295.3793067107527
official_bc,44,910,-282.2918797648449
official_bc,44,911,-290.62931898849
official_bc,44,912,-293.06698591343303
official_bc,44,913,-281.014856282746
official_bc,44,914,-285.1726861743887
official_bc,44,915,-293.7914224304181
official_bc,44,916,-286.62253572482575
official_bc,44,917,-282.0156271049033
official_bc,44,918,-284.18628186655656
official_bc,44,919,-298.7531561150689
official_bc,44,920,-295.3927271797568
official_bc,44,921,-288.94434782625984
official_bc,44,922,-285.8773288932786
official_bc,44,923,-294.564175962539
official_bc,44,924,-295.74677992622793
official_bc,44,925,-282.1991423647182
official_bc,44,926,-295.56278100674695
official_bc,44,927,-290.9407132991871
official_bc,44,928,-289.7394527562523
official_bc,44,929,-291.9303149918455
official_bc,44,930,-295.36749281763525
official_bc,44,931,-291.9369749474857
official_bc,44,932,-287.09227905453747
official_bc,44,933,-295.68501128132436
official_bc,44,934,-289.8963140149387
official_bc,44,935,-285.9458613732563
official_bc,44,936,-286.00087222527986
official_bc,44,937,-294.71315181635003
official_bc,44,938,-292.5211405974916
official_bc,44,939,-290.82962157245015
official_bc,44,940,-287.40913366795706
official_bc,44,941,-295.8077090516878
official_bc,44,942,-288.3758733026487
official_bc,44,943,-290.99119932529294
official_bc,44,944,-293.85176783728747
official_bc,44,945,-291.2927027466697
official_bc,44,946,-282.8030407896164
official_bc,44,947,-274.75828982612285
official_bc,44,948,-294.4795561889022
official_bc,44,949,-296.41863616764346
official_bc,44,950,-273.881335369207
official_bc,44,951,-292.199714127104
official_bc,44,952,-287.86367005748804
official_bc,44,953,-282.76397658470853
official_bc,44,954,-285.5033254202012
official_bc,44,955,-296.9575118375795
official_bc,44,956,-288.6278375894773
official_bc,44,957,-293.9412558005015
official_bc,44,958,-294.9805013758851
official_bc,44,959,-294.969859076279
official_bc,44,960,-291.49849751432737
official_bc,44,961,-297.9248419547203
official_bc,44,962,-290.3917226829021
official_bc,44,963,-287.58484046073136
official_bc,44,964,-286.85162557931824
official_bc,44,965,-291.4246069752047
official_bc,44,966,-290.4704304485221
official_bc,44,967,-289.8278902621787
official_bc,44,968,-290.0530678306314
official_bc,44,969,-290.6039568147577
official_bc,44,970,-288.75908192285067
official_bc,44,971,-278.60031417741095
official_bc,44,972,-284.04202275927054
official_bc,44,973,-293.20281739193774
official_bc,44,974,-290.3494629664659
official_bc,44,975,-296.9991264605577
official_bc,44,976,-289.5884677819379
official_bc,44,977,-292.56673074338846
official_bc,44,978,-290.9809626048277
official_bc,44,979,-286.20460704701156
official_bc,44,980,-291.9613841394505
official_bc,44,981,-284.66626978139067
official_bc,44,982,-289.4576531436742
official_bc,44,983,-289.89460105662425
official_bc,44,984,-295.16697273131535
official_bc,44,985,-299.8450110255847
official_bc,44,986,-290.3193035642042
official_bc,44,987,-288.66392929812145
official_bc,44,988,-295.5902608632557
official_bc,44,989,-291.8894997962334
official_bc,44,990,-285.8816557910198
official_bc,44,991,-297.30593241790865
official_bc,44,992,-279.10946749382765
official_bc,44,993,-289.35617424566715
official_bc,44,994,-287.33037453093516
official_bc,44,995,-291.6266818520662
official_bc,44,996,-294.15598853652
official_bc,44,997,-293.3641287551261
official_bc,44,998,-291.630523668479
official_bc,44,999,-293.8561869261939
official_bc,44,1000,-275.5976755753924
official_bc,45,1,-207.23680343750482
official_bc,45,2,-203.51682802828088
official_bc,45,3,-217.83605687704693
official_bc,45,4,-206.39758302923278
official_bc,45,5,-204.2666576119202
official_bc,45,6,-205.35806655187736
official_bc,45,7,-254.68676628884646
official_bc,45,8,-254.51277202005684
official_bc,45,9,-310.93209845942766
official_bc,45,10,-271.0592668631972
official_bc,45,11,-271.6678160360835
official_bc,45,12,-181.342400827147
official_bc,45,13,-202.69555785206063
official_bc,45,14,-189.85478419319486
official_bc,45,15,-209.08407279247209
official_bc,45,16,-210.26996687061103
official_bc,45,17,-254.2972278906984
official_bc,45,18,-185.93236589830948
official_bc,45,19,-252.91973436125366
official_bc,45,20,-194.9713792562556
official_bc,45,21,-246.64612044404114
official_bc,45,22,-319.1984110370758
official_bc,45,23,-255.16095097570644
official_bc,45,24,-263.4176880601532
official_bc,45,25,-311.79556928135656
official_bc,45,26,-188.124871521998
official_bc,45,27,-314.0753696422486
official_bc,45,28,-298.1291790131327
official_bc,45,29,-284.64766064612445
official_bc,45,30,-277.15847531510195
official_bc,45,31,-251.93392121951527
official_bc,45,32,-214.7180186457024
official_bc,45,33,-209.6352605270792
official_bc,45,34,-262.84129084895767
official_bc,45,35,-143.46890754163653
official_bc,45,36,-281.4474522999252
official_bc,45,37,-273.6921715709694
official_bc,45,38,-282.6920826188888
official_bc,45,39,-286.19781122405175
official_bc,45,40,-289.1088203164108
official_bc,45,41,-280.9017256787419
official_bc,45,42,-271.19462499446576
official_bc,45,43,-278.66242587951353
official_bc,45,44,-273.1153000493006
official_bc,45,45,-267.1003372686602
official_bc,45,46,-281.3145408254537
official_bc,45,47,-277.90179623843784
official_bc,45,48,-276.8275629989756
official_bc,45,49,-274.0117732041127
official_bc,45,50,-278.4248084350704
official_bc,45,51,-283.8216866138457
official_bc,45,52,-281.99652017222644
official_bc,45,53,-294.86199382210935
official_bc,45,54,-295.08694132231585
official_bc,45,55,-296.71438563121666
official_bc,45,56,-285.6834167676099
official_bc,45,57,-300.69504991368285
official_bc,45,58,-296.90456108570265
official_bc,45,59,-290.7527537417146
official_bc,45,60,-301.3087965216111
official_bc,45,61,-295.4192162864409
official_bc,45,62,-293.2276620067058
official_bc,45,63,-294.44758729781216
official_bc,45,64,-295.72793577271386
official_bc,45,65,-282.5056443240569
official_bc,45,66,-283.842781964659
official_bc,45,67,-286.28228228485744
official_bc,45,68,-283.8896126778068
official_bc,45,69,-276.1622607055822
official_bc,45,70,-274.2113986982057
official_bc,45,71,-283.16696046771006
official_bc,45,72,-275.5802278492729
official_bc,45,73,-272.9003459106265
official_bc,45,74,-281.57080979969214
official_bc,45,75,-285.24632969689986
official_bc,45,76,-281.31876418435456
official_bc,45,77,-291.82171933833183
official_bc,45,78,-295.79720856499773
official_bc,45,79,-279.07683413404584
official_bc,45,80,-293.48728001826197
official_bc,45,81,-297.7977631016568
official_bc,45,82,-301.5880202196929
official_bc,45,83,-302.17311347784266
official_bc,45,84,-294.3009392591629
official_bc,45,85,-294.5990473486178
official_bc,45,86,-295.7235610506384
official_bc,45,87,-288.51895791545064
official_bc,45,88,-287.2999287129911
official_bc,45,89,-289.23498232512696
official_bc,45,90,-289.6065359673712
official_bc,45,91,-290.1295186322164
official_bc,45,92,-288.5597682806225
official_bc,45,93,-287.89679968307837
official_bc,45,94,-287.2743197376606
official_bc,45,95,-283.6258415022758
official_bc,45,96,-293.6423093740363
official_bc,45,97,-285.82073327529196
official_bc,45,98,-288.21885862118927
official_bc,45,99,-288.23132437816435
official_bc,45,100,-293.95564182964387
official_bc,45,101,-291.2922334441547
official_bc,45,102,-286.650203092684
official_bc,45,103,-283.239939236115
official_bc,45,104,-289.01730831626935
official_bc,45,105,-289.53702966358134
official_bc,45,106,-286.6217696473632
official_bc,45,107,-280.94769235221264
official_bc,45,108,-288.0024614759972
official_bc,45,109,-289.43601930327424
official_bc,45,110,-286.73210294007845
official_bc,45,111,-287.84678304616017
official_bc,45,112,-295.00525465542233
official_bc,45,113,-289.78196463763504
official_bc,45,114,-299.2713999523147
official_bc,45,115,-291.6972867418784
official_bc,45,116,-292.40027771814795
official_bc,45,117,-296.7724980774502
official_bc,45,118,-296.56558642886876
official_bc,45,119,-293.9700368956614
official_bc,45,120,-296.8317015673839
official_bc,45,121,-280.345027651062
official_bc,45,122,-298.0478310023661
official_bc,45,123,-293.14113133537813
official_bc,45,124,-286.02663488227097
official_bc,45,125,-287.21562765707716
official_bc,45,126,-289.69758413524323
official_bc,45,127,-284.47895439810134
official_bc,45,128,-291.5754588402837
official_bc,45,129,-294.7016384974702
official_bc,45,130,-287.13717143886447
official_bc,45,131,-292.8075096140578
official_bc,45,132,-282.83601043008395
official_bc,45,133,-296.62321874408553
official_bc,45,134,-290.9454342947901
official_bc,45,135,-297.27576226414004
official_bc,45,136,-288.2268727125766
official_bc,45,137,-282.67412268259415
official_bc,45,138,-281.9355352862116
official_bc,45,139,-286.7336061963086
official_bc,45,140,-287.85052719594734
official_bc,45,141,-292.1942975329266
official_bc,45,142,-290.90607300925785
official_bc,45,143,-289.8644258803787
official_bc,45,144,-294.76056159015275
official_bc,45,145,-296.33678290601557
official_bc,45,146,-294.19908575594985
official_bc,45,147,-294.38225748064247
official_bc,45,148,-294.47547067725435
official_bc,45,149,-289.1294491107858
official_bc,45,150,-286.5550727014982
official_bc,45,151,-288.5663526697394
official_bc,45,152,-288.24779341537237
official_bc,45,153,-285.43200124504295
official_bc,45,154,-291.29813343869426
official_bc,45,155,-290.11224289707224
official_bc,45,156,-294.5240396404255
official_bc,45,157,-279.45034498385706
official_bc,45,158,-287.67418186240843
official_bc,45,159,-288.3520805650601
official_bc,45,160,-283.9718271530618
official_bc,45,161,-297.72815360132483
official_bc,45,162,-289.12768522110525
official_bc,45,163,-286.82154006379153
official_bc,45,164,-270.49312566935197
official_bc,45,165,-274.085708616271
official_bc,45,166,-296.33328700548645
official_bc,45,167,-292.9092622450826
official_bc,45,168,-290.13439478095523
official_bc,45,169,-289.68707358106076
official_bc,45,170,-297.0155222866423
official_bc,45,171,-288.9166368253767
official_bc,45,172,-284.2715862111786
official_bc,45,173,-297.7275549246898
official_bc,45,174,-294.30956758484376
official_bc,45,175,-290.26216007767033
official_bc,45,176,-297.0937397458366
official_bc,45,177,-286.9429198379856
official_bc,45,178,-289.61135559370854
official_bc,45,179,-287.9718539301273
official_bc,45,180,-284.5310122642662
official_bc,45,181,-288.52810031288425
official_bc,45,182,-291.00957225359883
official_bc,45,183,-280.7047678602651
official_bc,45,184,-288.3572614354805
official_bc,45,185,-297.6767528319042
official_bc,45,186,-291.37077650357696
official_bc,45,187,-286.3522366948308
official_bc,45,188,-287.67551697490103
official_bc,45,189,-291.72252235695834
official_bc,45,190,-292.3499627669795
official_bc,45,191,-292.3015166923024
official_bc,45,192,-291.03571854640717
official_bc,45,193,-281.8585519349574
official_bc,45,194,-294.32053872928975
official_bc,45,195,-292.7468885156983
official_bc,45,196,-291.4314703536153
official_bc,45,197,-292.291924071461
official_bc,45,198,-287.66731657632107
official_bc,45,199,-288.90026379874536
official_bc,45,200,-289.5169910601695
official_bc,45,201,-295.88714526902766
official_bc,45,202,-293.23095508548175
official_bc,45,203,-278.6562011513019
official_bc,45,204,-283.2148038302055
official_bc,45,205,-288.1615787188071
official_bc,45,206,-290.79302845840067
official_bc,45,207,-284.46960720923767
official_bc,45,208,-295.8836351652741
official_bc,45,209,-295.6251733599246
official_bc,45,210,-294.49869359632453
official_bc,45,211,-296.11945086863557
official_bc,45,212,-296.39532185473746
official_bc,45,213,-291.77618299055774
official_bc,45,214,-289.88292283992627
official_bc,45,215,-294.6973083687916
official_bc,45,216,-287.0058201897868
official_bc,45,217,-288.81109516883896
official_bc,45,218,-290.0194008052547
official_bc,45,219,-290.7621317347696
official_bc,45,220,-286.5095130601138
official_bc,45,221,-289.26378148611127
official_bc,45,222,-292.8132722012255
official_bc,45,223,-287.1985498363406
official_bc,45,224,-288.8281246452596
official_bc,45,225,-297.39654768143964
official_bc,45,226,-296.891445672989
official_bc,45,227,-287.12408866678896
official_bc,45,228,-293.4401028241199
official_bc,45,229,-292.90173042298477
official_bc,45,230,-291.2885786333085
official_bc,45,231,-285.96145998453574
official_bc,45,232,-292.71414488546344
official_bc,45,233,-295.46523212639113
official_bc,45,234,-292.60696813100884
official_bc,45,235,-290.5698147782613
official_bc,45,236,-292.90457137393855
official_bc,45,237,-289.27226157410746
official_bc,45,238,-286.97680256340243
official_bc,45,239,-281.98902314495007
official_bc,45,240,-292.0749953994207
official_bc,45,241,-279.8987907781148
official_bc,45,242,-289.23831825035467
official_bc,45,243,-289.33653979394825
official_bc,45,244,-294.02531667979696
official_bc,45,245,-287.801217040834
official_bc,45,246,-295.11268244248544
official_bc,45,247,-292.2072788977521
official_bc,45,248,-283.04341162263216
official_bc,45,249,-294.01893330399525
official_bc,45,250,-274.24736155276236
official_bc,45,251,-285.4219708954262
official_bc,45,252,-287.67439843478985
official_bc,45,253,-287.9248383639055
official_bc,45,254,-292.0654565132281
official_bc,45,255,-280.5890602962524
official_bc,45,256,-291.60088496966017
official_bc,45,257,-293.13530078984655
official_bc,45,258,-289.5259134780953
official_bc,45,259,-289.36221600819
official_bc,45,260,-287.7123323190569
official_bc,45,261,-292.67427089850423
official_bc,45,262,-289.491644379464
official_bc,45,263,-296.9216809977571
official_bc,45,264,-296.08512404662946
official_bc,45,265,-292.47751772360493
official_bc,45,266,-290.6378652124884
official_bc,45,267,-289.4883979861493
official_bc,45,268,-298.83930713488877
official_bc,45,269,-284.1141374025645
official_bc,45,270,-289.9578769060574
official_bc,45,271,-291.32238856770255
official_bc,45,272,-287.07107518231294
official_bc,45,273,-289.6504664724984
official_bc,45,274,-288.5117157164802
official_bc,45,275,-290.368982063326
official_bc,45,276,-285.18343651551635
official_bc,45,277,-289.9172481626241
official_bc,45,278,-285.94651881755965
official_bc,45,279,-293.9165242938987
official_bc,45,280,-292.7796331727429
official_bc,45,281,-291.441927760058
official_bc,45,282,-290.32808356148195
official_bc,45,283,-281.1065771106956
official_bc,45,284,-291.7687714005489
official_bc,45,285,-294.0396038625814
official_bc,45,286,-284.67794692886145
official_bc,45,287,-295.44325294217043
official_bc,45,288,-292.13800349972803
official_bc,45,289,-291.54148503008946
official_bc,45,290,-292.8249357806446
official_bc,45,291,-299.14129344128713
official_bc,45,292,-289.018625311704
official_bc,45,293,-282.75423291606603
official_bc,45,294,-288.2889081180131
official_bc,45,295,-295.8288059574294
official_bc,45,296,-289.1375917516195
official_bc,45,297,-285.2250803731593
official_bc,45,298,-291.8576020826662
official_bc,45,299,-289.22589165408664
official_bc,45,300,-280.7106289934924
official_bc,45,301,-288.97650138232314
official_bc,45,302,-295.79211346540785
official_bc,45,303,-296.311372627089
official_bc,45,304,-296.6012455840705
official_bc,45,305,-280.6698455153399
official_bc,45,306,-288.8649854321794
official_bc,45,307,-289.464824097453
official_bc,45,308,-288.2035242510063
official_bc,45,309,-282.9321974120278
official_bc,45,310,-292.6882041772607
official_bc,45,311,-287.26828586704227
official_bc,45,312,-291.24958235642873
official_bc,45,313,-279.9258929607025
official_bc,45,314,-294.9323321329898
official_bc,45,315,-302.8140062555782
official_bc,45,316,-283.0289189963205
official_bc,45,317,-293.79859090761846
official_bc,45,318,-286.9664515501016
official_bc,45,319,-292.8357542460482
official_bc,45,320,-288.58290536794095
official_bc,45,321,-290.0062045105672
official_bc,45,322,-284.9848213824784
official_bc,45,323,-291.0218091214342
official_bc,45,324,-291.1523701780482
official_bc,45,325,-285.9326166701831
official_bc,45,326,-288.0928434385169
official_bc,45,327,-287.4431416799
official_bc,45,328,-297.65238069740894
official_bc,45,329,-284.8116231864657
official_bc,45,330,-296.8372363180842
official_bc,45,331,-287.28207031203266
official_bc,45,332,-293.0940689182855
official_bc,45,333,-293.33435741734
official_bc,45,334,-292.736741379156
official_bc,45,335,-298.8326386750829
official_bc,45,336,-296.087391215583
official_bc,45,337,-286.2309727683566
official_bc,45,338,-286.0277343610246
official_bc,45,339,-295.5504071210354
official_bc,45,340,-296.5036779007664
official_bc,45,341,-284.399478715977
official_bc,45,342,-295.1665890477486
official_bc,45,343,-291.9185547436428
official_bc,45,344,-289.4410496090304
official_bc,45,345,-290.20387905810713
official_bc,45,346,-287.16684748582867
official_bc,45,347,-279.4060280178916
official_bc,45,348,-292.0276073957959
official_bc,45,349,-284.60940920232224
official_bc,45,350,-292.24035535392215
official_bc,45,351,-294.0549746198867
official_bc,45,352,-298.1695905675974
official_bc,45,353,-292.40968195083104
official_bc,45,354,-278.8973161797026
official_bc,45,355,-294.6448479387154
official_bc,45,356,-280.70590531858886
official_bc,45,357,-287.6508098604123
official_bc,45,358,-294.32237802201394
official_bc,45,359,-292.10782460661164
official_bc,45,360,-273.3012178717142
official_bc,45,361,-296.924117812255
official_bc,45,362,-291.3264738779977
official_bc,45,363,-292.8791329507359
official_bc,45,364,-293.0026625376206
official_bc,45,365,-288.80697944785226
official_bc,45,366,-291.4401935702299
official_bc,45,367,-288.7375587415517
official_bc,45,368,-288.1231788927687
official_bc,45,369,-285.8227345012261
official_bc,45,370,-291.75051913785506
official_bc,45,371,-295.340179130872
official_bc,45,372,-290.56542213686265
official_bc,45,373,-290.0389557252125
official_bc,45,374,-288.9834699358848
official_bc,45,375,-290.7890647512788
official_bc,45,376,-293.0199378535164
official_bc,45,377,-294.5765687196649
official_bc,45,378,-286.20490421071105
official_bc,45,379,-287.597236894034
official_bc,45,380,-283.5012835655301
official_bc,45,381,-285.6521800558557
official_bc,45,382,-297.3894951934135
official_bc,45,383,-288.675148808477
official_bc,45,384,-289.9717508856155
official_bc,45,385,-277.83284654821364
official_bc,45,386,-298.7220274011538
official_bc,45,387,-293.97575856659364
official_bc,45,388,-291.6685862219998
official_bc,45,389,-283.7658731385942
official_bc,45,390,-299.70760198597475
official_bc,45,391,-292.03503429097
official_bc,45,392,-286.20120083213413
official_bc,45,393,-286.7809943808694
official_bc,45,394,-295.2216771579789
official_bc,45,395,-285.24841090154285
official_bc,45,396,-283.5879835535576
official_bc,45,397,-291.06325437572514
official_bc,45,398,-289.9711184107908
official_bc,45,399,-297.539619916335
official_bc,45,400,-291.96498334428975
official_bc,45,401,-294.4807193312532
official_bc,45,402,-278.74068896251
official_bc,45,403,-292.6597954756122
official_bc,45,404,-300.24822007705814
official_bc,45,405,-288.21325993888445
official_bc,45,406,-294.18266663874715
official_bc,45,407,-296.6733101580536
official_bc,45,408,-294.7792148978598
official_bc,45,409,-288.18392259629707
official_bc,45,410,-289.1063324549725
official_bc,45,411,-284.78896843948445
official_bc,45,412,-296.114601402506
official_bc,45,413,-290.30281743609953
official_bc,45,414,-283.8507941728627
official_bc,45,415,-283.51032437275313
official_bc,45,416,-291.5354665087098
official_bc,45,417,-292.8986850405343
official_bc,45,418,-288.0090581625729
official_bc,45,419,-289.64252633278136
official_bc,45,420,-287.76328635184507
official_bc,45,421,-298.1339188403395
official_bc,45,422,-282.2010639114675
official_bc,45,423,-293.3239974917276
official_bc,45,424,-293.37577397541753
official_bc,45,425,-294.8203145826906
official_bc,45,426,-296.40169633256414
official_bc,45,427,-281.681204692694
official_bc,45,428,-292.5684368858615
official_bc,45,429,-290.41347580913816
official_bc,45,430,-267.7851335867798
official_bc,45,431,-294.7177686273535
official_bc,45,432,-282.7351931940456
official_bc,45,433,-291.4832665884968
official_bc,45,434,-289.95964685646624
official_bc,45,435,-289.768698220212
official_bc,45,436,-297.55623197923495
official_bc,45,437,-298.08691019354995
official_bc,45,438,-293.386734267366
official_bc,45,439,-292.9848605419603
official_bc,45,440,-300.53356999332584
official_bc,45,441,-294.6422532028936
official_bc,45,442,-290.8330011115761
official_bc,45,443,-290.4626425761425
official_bc,45,444,-283.3509728482715
official_bc,45,445,-291.4090094451214
official_bc,45,446,-291.4304670625283
official_bc,45,447,-290.5855279659033
official_bc,45,448,-287.40136039219897
official_bc,45,449,-287.07374893311686
official_bc,45,450,-290.98487520052834
official_bc,45,451,-292.6013908233782
official_bc,45,452,-285.7480985179387
official_bc,45,453,-288.07951345882174
official_bc,45,454,-280.3508352105838
official_bc,45,455,-282.81196917927457
official_bc,45,456,-297.0955318438365
official_bc,45,457,-292.64870681643185
official_bc,45,458,-292.2121188817123
official_bc,45,459,-280.6676492784767
official_bc,45,460,-290.1706792394887
official_bc,45,461,-292.34375722876234
official_bc,45,462,-294.482518470294
official_bc,45,463,-299.33759651824323
official_bc,45,464,-294.9572211605798
official_bc,45,465,-290.72971888501667
official_bc,45,466,-292.6630405777173
official_bc,45,467,-287.1782703863302
official_bc,45,468,-294.96548672791516
official_bc,45,469,-289.47150980285863
official_bc,45,470,-286.77919460310284
official_bc,45,471,-292.7452253709469
official_bc,45,472,-281.064256855585
official_bc,45,473,-295.20177356042296
official_bc,45,474,-291.4163860270027
official_bc,45,475,-285.8780917896192
official_bc,45,476,-287.5892754259855
official_bc,45,477,-273.38042312663936
official_bc,45,478,-282.8552752605721
official_bc,45,479,-296.13776185447557
official_bc,45,480,-293.30159470016355
official_bc,45,481,-287.76765360628883
official_bc,45,482,-290.28451770730635
official_bc,45,483,-297.0946411918636
official_bc,45,484,-287.89503249756774
official_bc,45,485,-293.0874299205741
official_bc,45,486,-293.25936233678505
official_bc,45,487,-291.21366760731456
official_bc,45,488,-290.6499302512145
official_bc,45,489,-292.72736835324054
official_bc,45,490,-277.0018597138435
official_bc,45,491,-289.8250916637249
official_bc,45,492,-275.9021248777692
official_bc,45,493,-290.8210210962238
official_bc,45,494,-298.5091283203054
official_bc,45,495,-286.77066266875227
official_bc,45,496,-289.22049148321867
official_bc,45,497,-289.34774254335315
official_bc,45,498,-293.14048434310916
official_bc,45,499,-294.81526583300865
official_bc,45,500,-298.16659641859167
official_bc,45,501,-287.96185858495994
official_bc,45,502,-296.214526242269
official_bc,45,503,-281.53345278501166
official_bc,45,504,-283.9715218699309
official_bc,45,505,-283.3912873340904
official_bc,45,506,-295.4209605545718
official_bc,45,507,-288.75900501979504
official_bc,45,508,-295.3717984477356
official_bc,45,509,-291.08192694701336
official_bc,45,510,-296.02005494219407
official_bc,45,511,-288.7913905734953
official_bc,45,512,-294.0697623694835
official_bc,45,513,-297.2578432888705
official_bc,45,514,-290.9150220182921
official_bc,45,515,-295.19193781744576
official_bc,45,516,-295.5749034611202
official_bc,45,517,-290.6135658976097
official_bc,45,518,-291.7352300217444
official_bc,45,519,-289.67251925751486
official_bc,45,520,-286.26801941912686
official_bc,45,521,-289.4298994270079
official_bc,45,522,-281.46934062357764
official_bc,45,523,-293.5553408781878
official_bc,45,524,-290.351435148076
official_bc,45,525,-284.0308918760071
official_bc,45,526,-292.24135940581016
official_bc,45,527,-293.2283074901968
official_bc,45,528,-290.85493556878293
official_bc,45,529,-294.671362366022
official_bc,45,530,-291.18559465560963
official_bc,45,531,-284.7199926403917
official_bc,45,532,-299.27162744810744
official_bc,45,533,-291.4353915920442
official_bc,45,534,-285.5099022898502
official_bc,45,535,-294.4289792746026
official_bc,45,536,-278.7031709822949
official_bc,45,537,-287.3676146103867
official_bc,45,538,-297.8623324795269
official_bc,45,539,-294.94443190190276
official_bc,45,540,-290.54801253494065
official_bc,45,541,-296.2237201718905
official_bc,45,542,-292.3597003689428
official_bc,45,543,-287.5534415592801
official_bc,45,544,-291.726558385206
official_bc,45,545,-279.5970360712121
official_bc,45,546,-294.2393091196557
official_bc,45,547,-284.80034255458514
official_bc,45,548,-292.9720419213215
official_bc,45,549,-294.5779729223208
official_bc,45,550,-293.93366463365663
official_bc,45,551,-283.86177606360064
official_bc,45,552,-295.23272530068334
official_bc,45,553,-289.2094843047102
official_bc,45,554,-289.81772467148903
official_bc,45,555,-292.14624668564204
official_bc,45,556,-282.3721829957416
official_bc,45,557,-288.6205325648653
official_bc,45,558,-287.4273887026244
official_bc,45,559,-282.1994523723495
official_bc,45,560,-285.916787432136
official_bc,45,561,-293.5720325524825
official_bc,45,562,-292.23077085487046
official_bc,45,563,-295.36158847704473
official_bc,45,564,-295.89601165560623
official_bc,45,565,-285.79653730378334
official_bc,45,566,-296.5432354361426
official_bc,45,567,-296.43702342731433
official_bc,45,568,-293.42585608573415
official_bc,45,569,-287.9183518408679
official_bc,45,570,-294.8547788843518
official_bc,45,571,-288.1845711417962
official_bc,45,572,-290.89925041220386
official_bc,45,573,-292.1655636928002
official_bc,45,574,-294.125520171639
official_bc,45,575,-289.84936562610136
official_bc,45,576,-293.01393386818404
official_bc,45,577,-298.001896789875
official_bc,45,578,-292.4756596734505
official_bc,45,579,-285.7954080631488
official_bc,45,580,-287.50888947429104
official_bc,45,581,-290.87526718592864
official_bc,45,582,-280.95720058774697
official_bc,45,583,-289.7932456617511
official_bc,45,584,-299.2952087265206
official_bc,45,585,-293.9988952122771
official_bc,45,586,-293.3510427709952
official_bc,45,587,-283.43408613448923
official_bc,45,588,-297.2150881164435
official_bc,45,589,-298.575892347648
official_bc,45,590,-294.3604948020316
official_bc,45,591,-286.2187745016637
official_bc,45,592,-291.0771144368479
official_bc,45,593,-299.9883737900027
official_bc,45,594,-294.79756812944385
official_bc,45,595,-292.0128406925578
official_bc,45,596,-291.15813196571776
official_bc,45,597,-292.0441956356133
official_bc,45,598,-295.32500828045477
official_bc,45,599,-292.74590483425135
official_bc,45,600,-291.35042996399767
official_bc,45,601,-300.0464346588138
official_bc,45,602,-280.42214212849393
official_bc,45,603,-290.667800173781
official_bc,45,604,-293.0903670425557
official_bc,45,605,-280.91751310731
official_bc,45,606,-274.53064313953564
official_bc,45,607,-294.26355225976147
official_bc,45,608,-292.38345774024697
official_bc,45,609,-283.46399269845745
official_bc,45,610,-282.01308329357926
official_bc,45,611,-291.17117528500285
official_bc,45,612,-284.49659614914754
official_bc,45,613,-294.5286351559747
official_bc,45,614,-297.999467962523
official_bc,45,615,-294.48121439027045
official_bc,45,616,-297.180225845535
official_bc,45,617,-286.17494751147086
official_bc,45,618,-291.82898140783766
official_bc,45,619,-299.9965986863966
official_bc,45,620,-289.7457033385926
official_bc,45,621,-292.6103897776003
official_bc,45,622,-291.0434918998305
official_bc,45,623,-290.1821508165641
official_bc,45,624,-296.0385281591343
official_bc,45,625,-287.2737161514918
official_bc,45,626,-290.0613285918171
official_bc,45,627,-289.5944011124838
official_bc,45,628,-294.00423239723426
official_bc,45,629,-291.23755048555824
official_bc,45,630,-286.7972720806729
official_bc,45,631,-286.40172169578204
official_bc,45,632,-291.87145068097107
official_bc,45,633,-291.1515174776704
official_bc,45,634,-297.82971080960635
official_bc,45,635,-291.41529702970496
official_bc,45,636,-293.4516436567943
official_bc,45,637,-290.19069568504
official_bc,45,638,-288.95197712456286
official_bc,45,639,-281.64390031360836
official_bc,45,640,-289.92923117901773
official_bc,45,641,-289.70572860519405
official_bc,45,642,-295.57573786454395
official_bc,45,643,-287.4741364557949
official_bc,45,644,-282.85827747700114
official_bc,45,645,-285.2929148905297
official_bc,45,646,-294.63505170773647
official_bc,45,647,-293.2365274775327
official_bc,45,648,-287.72484777777333
official_bc,45,649,-286.7237765382946
official_bc,45,650,-293.33820400939214
official_bc,45,651,-293.3112685132144
official_bc,45,652,-296.7383376220586
official_bc,45,653,-290.23398503894435
official_bc,45,654,-298.2227198218296
official_bc,45,655,-280.89870846047813
official_bc,45,656,-294.2843562455027
official_bc,45,657,-290.34699658953843
official_bc,45,658,-293.6288067148051
official_bc,45,659,-279.82486278857004
official_bc,45,660,-288.42246906529397
official_bc,45,661,-292.92539740733207
official_bc,45,662,-291.8322092535278
official_bc,45,663,-292.5983469297388
official_bc,45,664,-288.89473135840825
official_bc,45,665,-293.6104565630621
official_bc,45,666,-295.523297561991
official_bc,45,667,-294.2517900237419
official_bc,45,668,-294.9982952550274
official_bc,45,669,-294.74176923287894
official_bc,45,670,-292.3483082171887
official_bc,45,671,-297.1084137544005
official_bc,45,672,-290.89506062176565
official_bc,45,673,-287.84782843060714
official_bc,45,674,-279.05735941972875
official_bc,45,675,-283.6753168029703
official_bc,45,676,-290.4952234261277
official_bc,45,677,-290.7609576344007
official_bc,45,678,-282.3305347740766
official_bc,45,679,-290.3756728230579
official_bc,45,680,-290.7010583515044
official_bc,45,681,-290.28951521540995
official_bc,45,682,-277.9027372760938
official_bc,45,683,-276.94658208340593
official_bc,45,684,-293.77072256413646
official_bc,45,685,-284.9484800692603
official_bc,45,686,-298.93604038617707
official_bc,45,687,-284.12668877964666
official_bc,45,688,-298.729283884624
official_bc,45,689,-294.527835176897
official_bc,45,690,-288.7327414034187
official_bc,45,691,-292.79581343340067
official_bc,45,692,-288.8464063682326
official_bc,45,693,-295.6630127042985
official_bc,45,694,-288.4090925868019
official_bc,45,695,-288.75144442794834
official_bc,45,696,-283.93033518440353
official_bc,45,697,-288.52106202699173
official_bc,45,698,-279.90608867647137
official_bc,45,699,-295.3624788762358
official_bc,45,700,-293.32119671068716
official_bc,45,701,-293.79298180196236
official_bc,45,702,-296.90471316647535
official_bc,45,703,-278.15463097252626
official_bc,45,704,-298.6693042858346
official_bc,45,705,-285.7674439057928
official_bc,45,706,-287.0072665997533
official_bc,45,707,-291.2900797542425
official_bc,45,708,-288.67374079516316
official_bc,45,709,-289.12153665666824
official_bc,45,710,-295.90318885322006
official_bc,45,711,-295.3417580465526
official_bc,45,712,-290.560264349068
official_bc,45,713,-285.84223100870724
official_bc,45,714,-296.0969252909852
official_bc,45,715,-291.66470531136827
official_bc,45,716,-289.6849527021807
official_bc,45,717,-292.1794196969038
official_bc,45,718,-292.76789660962095
official_bc,45,719,-287.21376057879706
official_bc,45,720,-293.569987863768
official_bc,45,721,-288.4723297478355
official_bc,45,722,-294.47114726341204
official_bc,45,723,-288.23230157958585
official_bc,45,724,-294.3021590189083
official_bc,45,725,-291.1212415858514
official_bc,45,726,-290.0121283734504
official_bc,45,727,-288.06969056867223
official_bc,45,728,-293.4400341107995
official_bc,45,729,-293.1299739153449
official_bc,45,730,-293.83855324735123
official_bc,45,731,-293.16263191293467
official_bc,45,732,-285.67066696635857
official_bc,45,733,-292.0063533879038
official_bc,45,734,-293.93044504263503
official_bc,45,735,-287.2486708308057
official_bc,45,736,-294.9645805223598
official_bc,45,737,-279.57291523977267
official_bc,45,738,-291.2375362474612
official_bc,45,739,-286.5942966406197
official_bc,45,740,-296.0829039573551
official_bc,45,741,-289.25868560984054
official_bc,45,742,-285.3467322883758
official_bc,45,743,-287.3839394550238
official_bc,45,744,-295.5710152777109
official_bc,45,745,-292.7715281562015
official_bc,45,746,-292.51123674758367
official_bc,45,747,-291.23179788234313
official_bc,45,748,-294.7457711652925
official_bc,45,749,-288.4058308918984
official_bc,45,750,-280.4823535896155
official_bc,45,751,-290.12063337327635
official_bc,45,752,-293.65690667316926
official_bc,45,753,-287.64410297155507
official_bc,45,754,-294.45825362227885
official_bc,45,755,-281.4519043831843
official_bc,45,756,-286.4463999730253
official_bc,45,757,-291.7859492645656
official_bc,45,758,-285.9335746194968
official_bc,45,759,-287.8369198400427
official_bc,45,760,-290.10579627654465
official_bc,45,761,-296.70884344130263
official_bc,45,762,-295.4975106747918
official_bc,45,763,-288.3967147759426
official_bc,45,764,-286.8939451946839
official_bc,45,765,-290.3058137175922
official_bc,45,766,-297.3111507515488
official_bc,45,767,-284.7426830745752
official_bc,45,768,-288.694849457042
official_bc,45,769,-296.5617767356707
official_bc,45,770,-294.85243697791304
official_bc,45,771,-294.3428828678438
official_bc,45,772,-291.44234818978424
official_bc,45,773,-272.26050488774257
official_bc,45,774,-282.9048308365342
official_bc,45,775,-296.9246963717331
official_bc,45,776,-286.7780484702217
official_bc,45,777,-289.44756004460044
official_bc,45,778,-291.2463454787792
official_bc,45,779,-293.138735528467
official_bc,45,780,-289.4059646832037
official_bc,45,781,-290.27208626763957
official_bc,45,782,-289.6324476306862
official_bc,45,783,-288.1209127016152
official_bc,45,784,-295.5488550791496
official_bc,45,785,-295.4797424592526
official_bc,45,786,-291.1473047647196
official_bc,45,787,-276.28817213766865
official_bc,45,788,-287.41221100592145
official_bc,45,789,-290.84155602692095
official_bc,45,790,-290.53384363043415
official_bc,45,791,-288.28634003271947
official_bc,45,792,-291.973018346246
official_bc,45,793,-286.70161605424005
official_bc,45,794,-281.582880834152
official_bc,45,795,-285.209203930475
official_bc,45,796,-283.60561158941755
official_bc,45,797,-288.6031548064991
official_bc,45,798,-297.41861919879796
official_bc,45,799,-291.22014023427397
official_bc,45,800,-291.6603686437886
official_bc,45,801,-287.104368656287
official_bc,45,802,-291.38797031690183
official_bc,45,803,-296.83384030041964
official_bc,45,804,-289.0116125839237
official_bc,45,805,-299.5061766767451
official_bc,45,806,-285.6180299956508
official_bc,45,807,-294.10248958251225
official_bc,45,808,-278.5308514710578
official_bc,45,809,-295.7885480641887
official_bc,45,810,-275.91925334117786
official_bc,45,811,-294.207556427013
official_bc,45,812,-288.1270306821641
official_bc,45,813,-289.03199993277843
official_bc,45,814,-285.4273942719664
official_bc,45,815,-284.7033562711142
official_bc,45,816,-279.61080777473177
official_bc,45,817,-286.9020789663477
official_bc,45,818,-275.0981654987443
official_bc,45,819,-292.65740738799036
official_bc,45,820,-287.8723126387333
official_bc,45,821,-293.52387571084654
official_bc,45,822,-302.27690778493707
official_bc,45,823,-295.349227404654
official_bc,45,824,-296.06878488096925
official_bc,45,825,-292.24437143603865
official_bc,45,826,-292.6532241523752
official_bc,45,827,-297.744385586885
official_bc,45,828,-290.5212138695765
official_bc,45,829,-296.4760037755288
official_bc,45,830,-292.57648170402246
official_bc,45,831,-292.1992795098118
official_bc,45,832,-286.3089790271445
official_bc,45,833,-283.4118618984608
official_bc,45,834,-282.01862132980364
official_bc,45,835,-284.3367037954464
official_bc,45,836,-286.05848720058134
official_bc,45,837,-285.6278704185246
official_bc,45,838,-291.69541825671155
official_bc,45,839,-292.3918325695094
official_bc,45,840,-289.9978921478041
official_bc,45,841,-301.3918461065649
official_bc,45,842,-296.7836206184066
official_bc,45,843,-298.94252169647945
official_bc,45,844,-295.04999573197006
official_bc,45,845,-297.8959365488266
official_bc,45,846,-298.0264254853953
official_bc,45,847,-293.1353905369963
official_bc,45,848,-292.46913976354165
official_bc,45,849,-291.3941751148069
official_bc,45,850,-270.2020326309787
official_bc,45,851,-296.7522827801548
official_bc,45,852,-290.76692722662534
official_bc,45,853,-288.3300703499381
official_bc,45,854,-288.37125687933235
official_bc,45,855,-294.8883560314106
official_bc,45,856,-295.80780069257344
official_bc,45,857,-288.5614292339442
official_bc,45,858,-295.7081045396079
official_bc,45,859,-287.342032938142
official_bc,45,860,-293.89982044378655
official_bc,45,861,-286.1437147776412
official_bc,45,862,-295.0737846371608
official_bc,45,863,-292.73595987092045
official_bc,45,864,-291.114914323848
official_bc,45,865,-294.19442962271165
official_bc,45,866,-296.8376642851279
official_bc,45,867,-292.13902076135497
official_bc,45,868,-283.3388434059121
official_bc,45,869,-292.7348280767682
official_bc,45,870,-296.24949879274004
official_bc,45,871,-286.5888964398278
official_bc,45,872,-289.1532942877732
official_bc,45,873,-287.2213102926976
official_bc,45,874,-286.6106362250832
official_bc,45,875,-288.2464400387064
official_bc,45,876,-284.96382824034634
official_bc,45,877,-282.1907400986585
official_bc,45,878,-291.2915849823575
official_bc,45,879,-286.98632319826584
official_bc,45,880,-295.2540080410295
official_bc,45,881,-285.5766375980328
official_bc,45,882,-297.4791288737964
official_bc,45,883,-284.2101803149658
official_bc,45,884,-294.60335172969314
official_bc,45,885,-295.56086621982234
official_bc,45,886,-296.3653367289878
official_bc,45,887,-300.1710014095116
official_bc,45,888,-298.8254493122168
official_bc,45,889,-296.2660956222915
official_bc,45,890,-285.08810783906097
official_bc,45,891,-284.1803567682897
official_bc,45,892,-292.35274983831624
official_bc,45,893,-291.2808031249838
official_bc,45,894,-274.41818887880265
official_bc,45,895,-288.59642707370347
official_bc,45,896,-286.3211857500071
official_bc,45,897,-285.04217039501526
official_bc,45,898,-290.709185001132
official_bc,45,899,-291.20182509680103
official_bc,45,900,-286.5848298421263
official_bc,45,901,-290.7613109558083
official_bc,45,902,-289.24739002064115
official_bc,45,903,-294.78518830781104
official_bc,45,904,-295.9498230409663
official_bc,45,905,-297.5833662226056
official_bc,45,906,-282.4008124127531
official_bc,45,907,-290.90706905998684
official_bc,45,908,-296.19751125300553
official_bc,45,909,-293.39546862385816
official_bc,45,910,-297.4304027508178
official_bc,45,911,-292.2570071448409
official_bc,45,912,-276.71511048816296
official_bc,45,913,-291.42815473908746
official_bc,45,914,-288.4704568862628
official_bc,45,915,-288.3628756441975
official_bc,45,916,-284.09241569548635
official_bc,45,917,-292.81215404988745
official_bc,45,918,-283.06184920876547
official_bc,45,919,-284.58586372765524
official_bc,45,920,-286.1816205719494
official_bc,45,921,-291.73851022739206
official_bc,45,922,-293.4614467763212
official_bc,45,923,-293.9339029561883
official_bc,45,924,-299.5958083475067
official_bc,45,925,-294.5897131881061
official_bc,45,926,-288.4180320100876
official_bc,45,927,-288.77804818239326
official_bc,45,928,-294.8969780093447
official_bc,45,929,-286.5522163983273
official_bc,45,930,-287.82056952023754
official_bc,45,931,-281.5786600651066
official_bc,45,932,-299.19762077619873
official_bc,45,933,-282.97346449209965
official_bc,45,934,-296.5746517273257
official_bc,45,935,-296.19986183771783
official_bc,45,936,-291.992983225339
official_bc,45,937,-295.70467997100207
official_bc,45,938,-285.72111580761305
official_bc,45,939,-296.8614197205634
official_bc,45,940,-285.8696119449646
official_bc,45,941,-290.8345658640131
official_bc,45,942,-288.9300244075059
official_bc,45,943,-277.7289192602224
official_bc,45,944,-284.7051989288269
official_bc,45,945,-290.39501863876967
official_bc,45,946,-293.9711397700569
official_bc,45,947,-288.3468328001343
official_bc,45,948,-293.70220268803644
official_bc,45,949,-295.0846559457013
official_bc,45,950,-299.2680696398643
official_bc,45,951,-284.56432603423673
official_bc,45,952,-287.46652599049145
official_bc,45,953,-286.90549352507253
official_bc,45,954,-292.04474575135885
official_bc,45,955,-288.0913364765663
official_bc,45,956,-287.1899251585203
official_bc,45,957,-291.24235061347446
official_bc,45,958,-293.9719930131611
official_bc,45,959,-287.3132529351494
official_bc,45,960,-294.80565742113225
official_bc,45,961,-296.120197397574
official_bc,45,962,-296.11226634397246
official_bc,45,963,-284.1451196387501
official_bc,45,964,-281.6120543728631
official_bc,45,965,-293.33778876039696
official_bc,45,966,-292.0702875950448
official_bc,45,967,-294.6536025720185
official_bc,45,968,-285.6982006828172
official_bc,45,969,-290.603970240042
official_bc,45,970,-296.9645776562683
official_bc,45,971,-294.35337952594085
official_bc,45,972,-285.3006363333673
official_bc,45,973,-289.3113600435488
official_bc,45,974,-280.8864279006626
official_bc,45,975,-293.66394986147134
official_bc,45,976,-286.618416951714
official_bc,45,977,-297.1672830902327
official_bc,45,978,-296.8783465541011
official_bc,45,979,-284.71504092919673
official_bc,45,980,-288.25920410083427
official_bc,45,981,-291.68365231462803
official_bc,45,982,-295.42723286786656
official_bc,45,983,-292.95322711507555
official_bc,45,984,-294.16095300036494
official_bc,45,985,-294.8466754935412
official_bc,45,986,-296.74150025675954
official_bc,45,987,-286.02798509205337
official_bc,45,988,-293.76371529521475
official_bc,45,989,-295.54179404802517
official_bc,45,990,-290.8666945361692
official_bc,45,991,-296.4871918166118
official_bc,45,992,-286.5454480832796
official_bc,45,993,-293.4876228891305
official_bc,45,994,-293.1493401197049
official_bc,45,995,-290.93839982923566
official_bc,45,996,-287.01031932172276
official_bc,45,997,-290.6947966147659
official_bc,45,998,-290.7682020458969
official_bc,45,999,-282.4449222650221
official_bc,45,1000,-290.80776937133413
official_bc,46,1,-213.53020172966404
official_bc,46,2,-208.61717172926032
official_bc,46,3,-224.58751562435856
official_bc,46,4,-208.82656273166052
official_bc,46,5,-192.2673480479503
official_bc,46,6,-208.58462773285564
official_bc,46,7,-234.71991957060965
official_bc,46,8,-267.3564628969693
official_bc,46,9,-205.6336395649348
official_bc,46,10,-235.1052395134492
official_bc,46,11,-164.5376949443812
official_bc,46,12,-206.58414827430437
official_bc,46,13,-219.48342461415223
official_bc,46,14,-159.64668199240606
official_bc,46,15,-181.90440230014215
official_bc,46,16,-245.1786632274746
official_bc,46,17,-271.5100205093294
official_bc,46,18,-217.88272537854948
official_bc,46,19,-242.56030959625997
official_bc,46,20,-271.1228303587768
official_bc,46,21,-290.18121688201137
official_bc,46,22,-303.1530860583164
official_bc,46,23,-191.20612883755632
official_bc,46,24,-171.97087894197207
official_bc,46,25,-292.13819867725977
official_bc,46,26,-264.31912788508276
official_bc,46,27,-177.33144631051175
official_bc,46,28,-290.5308152838228
official_bc,46,29,-158.8071568858052
official_bc,46,30,-266.4942873048426
official_bc,46,31,-263.7576381196331
official_bc,46,32,-258.48998484783846
official_bc,46,33,-234.19667701753804
official_bc,46,34,-227.59296641555892
official_bc,46,35,-275.0940469840477
official_bc,46,36,-284.7097355469644
official_bc,46,37,-286.61518609267154
official_bc,46,38,-282.6193261933327
official_bc,46,39,-277.1113865463102
official_bc,46,40,-282.77548051178076
official_bc,46,41,-277.31120565789445
official_bc,46,42,-273.37282480181045
official_bc,46,43,-286.8840970346297
official_bc,46,44,-276.5394546597747
official_bc,46,45,-269.3052300337892
official_bc,46,46,-277.67868466320857
official_bc,46,47,-281.8723175878632
official_bc,46,48,-277.42473302348697
official_bc,46,49,-277.463713085131
official_bc,46,50,-280.773173998095
official_bc,46,51,-282.80298022900706
official_bc,46,52,-278.1579443860622
official_bc,46,53,-290.01365842014036
official_bc,46,54,-285.23897801654323
official_bc,46,55,-299.49932380523194
official_bc,46,56,-301.1649246872299
official_bc,46,57,-292.51805896064764
official_bc,46,58,-307.7679446248178
official_bc,46,59,-298.70664423346153
official_bc,46,60,-298.4963496264528
official_bc,46,61,-296.1925300479151
official_bc,46,62,-297.16220752446935
official_bc,46,63,-287.2556080835154
official_bc,46,64,-295.53783085443894
official_bc,46,65,-283.89722289083943
official_bc,46,66,-293.1012883430353
official_bc,46,67,-285.40949707348
official_bc,46,68,-285.2967258980975
official_bc,46,69,-283.2556106555306
official_bc,46,70,-281.8209969534717
official_bc,46,71,-278.79255287491355
official_bc,46,72,-281.3691162094577
official_bc,46,73,-282.9278600734845
official_bc,46,74,-278.3357270070771
official_bc,46,75,-288.32646048709637
official_bc,46,76,-290.4254113052051
official_bc,46,77,-294.14986872453045
official_bc,46,78,-291.2056246153698
official_bc,46,79,-290.8136913388628
official_bc,46,80,-295.03192331150075
official_bc,46,81,-287.2797855017146
official_bc,46,82,-295.01704480858405
official_bc,46,83,-286.38772962421467
official_bc,46,84,-295.18714582466714
official_bc,46,85,-299.2647457561651
official_bc,46,86,-283.90870311119755
official_bc,46,87,-275.99701310342175
official_bc,46,88,-287.63071541637487
official_bc,46,89,-288.3407849789229
official_bc,46,90,-288.69824485013777
official_bc,46,91,-288.40110937037247
official_bc,46,92,-287.11375334621255
official_bc,46,93,-292.2508477198765
official_bc,46,94,-282.9584956793751
official_bc,46,95,-293.0982800297189
official_bc,46,96,-285.56708172693726
official_bc,46,97,-277.51671682415446
official_bc,46,98,-292.2729462645761
official_bc,46,99,-290.23513057274124
official_bc,46,100,-286.2572562868398
official_bc,46,101,-293.3500859237462
official_bc,46,102,-286.8851458920838
official_bc,46,103,-289.91967660091154
official_bc,46,104,-287.96215807331686
official_bc,46,105,-289.47983483799163
official_bc,46,106,-283.23939874587563
official_bc,46,107,-280.87675478034566
official_bc,46,108,-290.81350003904265
official_bc,46,109,-271.8932762074179
official_bc,46,110,-283.3746293109308
official_bc,46,111,-290.3588832297629
official_bc,46,112,-289.2398193790686
official_bc,46,113,-288.8982054577843
official_bc,46,114,-290.9688374157779
official_bc,46,115,-278.8307618217281
official_bc,46,116,-297.13752154623313
official_bc,46,117,-292.1658235294534
official_bc,46,118,-288.2229746381205
official_bc,46,119,-297.6675349622742
official_bc,46,120,-297.8317715400389
official_bc,46,121,-292.8851959764745
official_bc,46,122,-291.1159570256449
official_bc,46,123,-288.14506832233957
official_bc,46,124,-277.67359434285936
official_bc,46,125,-281.6855256116047
official_bc,46,126,-285.35784548234847
official_bc,46,127,-290.44152128582346
official_bc,46,128,-275.4334045758862
official_bc,46,129,-286.51946023377394
official_bc,46,130,-287.4518203387251
official_bc,46,131,-293.29937210745953
official_bc,46,132,-289.10217597806667
official_bc,46,133,-280.0781727619257
official_bc,46,134,-284.09452771567203
official_bc,46,135,-285.32039743684174
official_bc,46,136,-287.91001126978443
official_bc,46,137,-295.6954486673396
official_bc,46,138,-289.00913233491804
official_bc,46,139,-292.9348345061614
official_bc,46,140,-291.9645998276802
official_bc,46,141,-293.25326361027123
official_bc,46,142,-295.3184864086088
official_bc,46,143,-289.4036250521341
official_bc,46,144,-290.49467136259915
official_bc,46,145,-282.09636116714387
official_bc,46,146,-293.3833919612656
official_bc,46,147,-294.00147413852045
official_bc,46,148,-289.57442542874503
official_bc,46,149,-282.7858829420509
official_bc,46,150,-293.3172429850351
official_bc,46,151,-285.3724728682066
official_bc,46,152,-295.67593187609674
official_bc,46,153,-287.3577439805495
official_bc,46,154,-286.895810227314
official_bc,46,155,-289.70193868918
official_bc,46,156,-281.3883616477005
official_bc,46,157,-291.62777652457703
official_bc,46,158,-281.8944728565852
official_bc,46,159,-284.4344961601016
official_bc,46,160,-295.8243233804603
official_bc,46,161,-289.84515776901276
official_bc,46,162,-283.8924987011666
official_bc,46,163,-288.3930763190855
official_bc,46,164,-293.2385371518698
official_bc,46,165,-295.37243814466217
official_bc,46,166,-286.1436393597526
official_bc,46,167,-289.6921909247859
official_bc,46,168,-290.06522209989816
official_bc,46,169,-299.5245498872356
official_bc,46,170,-287.0249809956744
official_bc,46,171,-297.4681991840753
official_bc,46,172,-287.14084196931043
official_bc,46,173,-293.4568615708574
official_bc,46,174,-288.22106457920256
official_bc,46,175,-294.9727804414546
official_bc,46,176,-291.6129337668738
official_bc,46,177,-293.6228999702939
official_bc,46,178,-290.9262019601134
official_bc,46,179,-295.40724270513175
official_bc,46,180,-288.65382813458325
official_bc,46,181,-294.78930167498413
official_bc,46,182,-290.7327267559295
official_bc,46,183,-293.0197311838359
official_bc,46,184,-286.0639547048951
official_bc,46,185,-286.3630761611057
official_bc,46,186,-291.2380574814684
official_bc,46,187,-295.2915243688718
official_bc,46,188,-291.36689688833064
official_bc,46,189,-280.0207076196744
official_bc,46,190,-295.61303327599086
official_bc,46,191,-291.902196648078
official_bc,46,192,-298.42644985787786
official_bc,46,193,-286.3621345586592
official_bc,46,194,-292.48338004146933
official_bc,46,195,-289.4456587256411
official_bc,46,196,-296.17238986936013
official_bc,46,197,-293.7223985119924
official_bc,46,198,-284.8817433028795
official_bc,46,199,-294.29335660605784
official_bc,46,200,-291.76057749803863
official_bc,46,201,-292.9492952179488
official_bc,46,202,-294.9642955940186
official_bc,46,203,-294.3553957451936
official_bc,46,204,-285.15933558538404
official_bc,46,205,-281.4195909126404
official_bc,46,206,-289.9116790760331
official_bc,46,207,-282.58921579029163
official_bc,46,208,-287.0248959394242
official_bc,46,209,-286.8807135254937
official_bc,46,210,-289.2718569951659
official_bc,46,211,-292.381264414169
official_bc,46,212,-288.9433485566875
official_bc,46,213,-289.5197368404866
official_bc,46,214,-292.84156359498263
official_bc,46,215,-295.37436940206976
official_bc,46,216,-295.4306825165619
official_bc,46,217,-287.56126316147777
official_bc,46,218,-297.0494937989902
official_bc,46,219,-285.291105927343
official_bc,46,220,-292.7095254096214
official_bc,46,221,-296.29395694291077
official_bc,46,222,-291.0364553857306
official_bc,46,223,-295.3403612802639
official_bc,46,224,-294.15454345934825
official_bc,46,225,-286.9823395810747
official_bc,46,226,-292.352863856642
official_bc,46,227,-290.94090706444496
official_bc,46,228,-298.1974174206058
official_bc,46,229,-285.64670193992396
official_bc,46,230,-287.8225582525988
official_bc,46,231,-292.8875978844406
official_bc,46,232,-293.82155900918775
official_bc,46,233,-285.099957926722
official_bc,46,234,-289.2179977447076
official_bc,46,235,-288.9197911905221
official_bc,46,236,-286.377498010443
official_bc,46,237,-294.1040415881756
official_bc,46,238,-289.7410571390186
official_bc,46,239,-294.94355567681527
official_bc,46,240,-296.73781890043233
official_bc,46,241,-295.821739038925
official_bc,46,242,-294.8360557716088
official_bc,46,243,-297.9923603694218
official_bc,46,244,-287.87140023778
official_bc,46,245,-291.614866713946
official_bc,46,246,-298.96833776872523
official_bc,46,247,-281.9240581032712
official_bc,46,248,-295.5876212973226
official_bc,46,249,-283.42575252505185
official_bc,46,250,-291.27408556570333
official_bc,46,251,-284.899722019086
official_bc,46,252,-293.23303462701404
official_bc,46,253,-291.36991417687597
official_bc,46,254,-298.9804985807238
official_bc,46,255,-282.55976148496313
official_bc,46,256,-291.20886110167095
official_bc,46,257,-296.3413947131809
official_bc,46,258,-292.71541032040005
official_bc,46,259,-297.1945808269695
official_bc,46,260,-296.6029237571847
official_bc,46,261,-294.5306757076786
official_bc,46,262,-294.4923122819463
official_bc,46,263,-295.25269463240454
official_bc,46,264,-291.86813831793705
official_bc,46,265,-288.8896901136992
official_bc,46,266,-278.3756543880737
official_bc,46,267,-285.6613057755212
official_bc,46,268,-286.92286627357436
official_bc,46,269,-294.9650770498398
official_bc,46,270,-281.4614516227496
official_bc,46,271,-289.7653436875503
official_bc,46,272,-286.2282009065535
official_bc,46,273,-293.1735601927801
official_bc,46,274,-289.9777599575435
official_bc,46,275,-297.00405654418665
official_bc,46,276,-292.9804325063476
official_bc,46,277,-291.50868971380805
official_bc,46,278,-290.2262010331098
official_bc,46,279,-297.7715965250143
official_bc,46,280,-298.26454376603357
official_bc,46,281,-281.204250003268
official_bc,46,282,-284.975908374112
official_bc,46,283,-289.780440623062
official_bc,46,284,-296.13543698271195
official_bc,46,285,-285.3342202262917
official_bc,46,286,-285.89189944898203
official_bc,46,287,-293.5738043063967
official_bc,46,288,-282.3363225734106
official_bc,46,289,-288.06332961027374
official_bc,46,290,-293.8736573777286
official_bc,46,291,-288.87645680275284
official_bc,46,292,-300.51476129676564
official_bc,46,293,-294.1284399654968
official_bc,46,294,-296.6991923510361
official_bc,46,295,-290.31432638037626
official_bc,46,296,-294.5785249044997
official_bc,46,297,-288.39977212342626
official_bc,46,298,-278.1988331334226
official_bc,46,299,-293.72704315467615
official_bc,46,300,-291.1427587545138
official_bc,46,301,-279.07065194631906
official_bc,46,302,-291.019437690044
official_bc,46,303,-290.1026491050014
official_bc,46,304,-296.29273381664837
official_bc,46,305,-286.35224242204646
official_bc,46,306,-289.43805022787205
official_bc,46,307,-289.22073287521016
official_bc,46,308,-294.8122305692995
official_bc,46,309,-288.4139676583149
official_bc,46,310,-290.1419668809458
official_bc,46,311,-291.4929377129523
official_bc,46,312,-287.03292772282816
official_bc,46,313,-295.0709506217371
official_bc,46,314,-284.83023504832687
official_bc,46,315,-281.50498371914097
official_bc,46,316,-290.2136129995231
official_bc,46,317,-292.81122041674536
official_bc,46,318,-297.71684793228724
official_bc,46,319,-288.4967639211851
official_bc,46,320,-293.6396375830274
official_bc,46,321,-296.2691964097969
official_bc,46,322,-289.512541963662
official_bc,46,323,-281.8575954250982
official_bc,46,324,-292.22412601961594
official_bc,46,325,-287.22709109797216
official_bc,46,326,-285.2355230192096
official_bc,46,327,-295.82934120733654
official_bc,46,328,-292.7056155279628
official_bc,46,329,-286.1105091845278
official_bc,46,330,-284.54889880960263
official_bc,46,331,-294.60140038090293
official_bc,46,332,-286.9686362515307
official_bc,46,333,-283.504353158492
official_bc,46,334,-295.2258249082608
official_bc,46,335,-294.55623015112315
official_bc,46,336,-295.9727548090365
official_bc,46,337,-292.6122735204394
official_bc,46,338,-279.91149745923633
official_bc,46,339,-295.19487420681185
official_bc,46,340,-292.28578973087036
official_bc,46,341,-296.6341232713293
official_bc,46,342,-296.2057849066692
official_bc,46,343,-284.83266851982376
official_bc,46,344,-285.2106531507281
official_bc,46,345,-290.20421685078315
official_bc,46,346,-288.90502058684433
official_bc,46,347,-289.8694205471131
official_bc,46,348,-290.7136560102169
official_bc,46,349,-286.5750823412378
official_bc,46,350,-293.99717915523183
official_bc,46,351,-288.9243829299219
official_bc,46,352,-290.59302021940425
official_bc,46,353,-295.48064234253314
official_bc,46,354,-292.6734989163623
official_bc,46,355,-295.5787858722705
official_bc,46,356,-290.4146849482149
official_bc,46,357,-282.67030481019435
official_bc,46,358,-297.83539934054846
official_bc,46,359,-291.29086293197054
official_bc,46,360,-283.5155080942859
official_bc,46,361,-295.46692846209396
official_bc,46,362,-294.358131733831
official_bc,46,363,-290.21736666185035
official_bc,46,364,-285.1590959748046
official_bc,46,365,-276.6086210105916
official_bc,46,366,-298.03214894693883
official_bc,46,367,-294.22991564557447
official_bc,46,368,-291.7503842691094
official_bc,46,369,-287.15533839679716
official_bc,46,370,-292.6553335624277
official_bc,46,371,-293.7469481270682
official_bc,46,372,-286.155870240022
official_bc,46,373,-290.23895489455145
official_bc,46,374,-285.99371202218674
official_bc,46,375,-292.3108317138456
official_bc,46,376,-293.92174178538625
official_bc,46,377,-283.3897739147105
official_bc,46,378,-293.5236638382396
official_bc,46,379,-295.2572962016576
official_bc,46,380,-293.0316599571684
official_bc,46,381,-291.2782121487309
official_bc,46,382,-296.1819396727816
official_bc,46,383,-296.33511327004373
official_bc,46,384,-292.0447579279195
official_bc,46,385,-294.821026547604
official_bc,46,386,-285.46962133178056
official_bc,46,387,-289.72109356417457
official_bc,46,388,-280.60811961163097
official_bc,46,389,-294.78556325428445
official_bc,46,390,-298.7991043337228
official_bc,46,391,-287.83296659019953
official_bc,46,392,-290.1547477773844
official_bc,46,393,-293.62529761573626
official_bc,46,394,-293.88119095187204
official_bc,46,395,-288.540483722774
official_bc,46,396,-288.7083514684167
official_bc,46,397,-282.1955346304976
official_bc,46,398,-285.3058822145855
official_bc,46,399,-290.7218688751846
official_bc,46,400,-293.235027927411
official_bc,46,401,-294.1558557033414
official_bc,46,402,-272.65455816895576
official_bc,46,403,-294.98678179213596
official_bc,46,404,-294.65958159865806
official_bc,46,405,-288.63068735655213
official_bc,46,406,-289.1200342792305
official_bc,46,407,-299.6483835181178
official_bc,46,408,-294.21165713845903
official_bc,46,409,-293.52321826665883
official_bc,46,410,-293.0565740000251
official_bc,46,411,-290.8426426806827
official_bc,46,412,-287.6150160718896
official_bc,46,413,-288.60742791158566
official_bc,46,414,-293.08017345940704
official_bc,46,415,-283.58634593719756
official_bc,46,416,-291.95201725773626
official_bc,46,417,-294.6304188716698
official_bc,46,418,-290.98013614098994
official_bc,46,419,-289.2024847261084
official_bc,46,420,-290.80888019340597
official_bc,46,421,-288.27066804757493
official_bc,46,422,-287.7844449079664
official_bc,46,423,-288.59479465381895
official_bc,46,424,-290.6984543375016
official_bc,46,425,-291.5672921946933
official_bc,46,426,-283.96800583023
official_bc,46,427,-294.39664156945713
official_bc,46,428,-293.7452336262861
official_bc,46,429,-297.0258044586243
official_bc,46,430,-290.1596348145665
official_bc,46,431,-292.83312227900524
official_bc,46,432,-278.82227424208475
official_bc,46,433,-291.6005133317971
official_bc,46,434,-290.68429577178017
official_bc,46,435,-289.56809249868707
official_bc,46,436,-292.47746439369155
official_bc,46,437,-289.52564224138104
official_bc,46,438,-288.93752373070157
official_bc,46,439,-283.9441963729727
official_bc,46,440,-283.27853986225915
official_bc,46,441,-290.54998871853456
official_bc,46,442,-291.71645935814036
official_bc,46,443,-292.8320692345142
official_bc,46,444,-295.6594940323558
official_bc,46,445,-291.3023106210713
official_bc,46,446,-277.3105578064569
official_bc,46,447,-292.4344171455068
official_bc,46,448,-281.5980205594689
official_bc,46,449,-296.91259957104523
official_bc,46,450,-289.4177475046991
official_bc,46,451,-294.31753912721945
official_bc,46,452,-301.24913684179717
official_bc,46,453,-298.2679100967106
official_bc,46,454,-297.46651687954017
official_bc,46,455,-290.6656201042487
official_bc,46,456,-295.60861797519453
official_bc,46,457,-287.44492453988323
official_bc,46,458,-294.0679447791596
official_bc,46,459,-282.3357346867974
official_bc,46,460,-291.5697287088193
official_bc,46,461,-289.38040863086246
official_bc,46,462,-294.8738355498648
official_bc,46,463,-280.60904750134716
official_bc,46,464,-296.3277681160985
official_bc,46,465,-294.63304042696495
official_bc,46,466,-294.79857296581974
official_bc,46,467,-293.9019512393311
official_bc,46,468,-293.662896614962
official_bc,46,469,-294.59359309263425
official_bc,46,470,-289.96731062084905
official_bc,46,471,-290.2047354400893
official_bc,46,472,-288.1654954676227
official_bc,46,473,-294.330540331798
official_bc,46,474,-290.6173512592186
official_bc,46,475,-293.5553502175463
official_bc,46,476,-291.6174109438253
official_bc,46,477,-281.5554050108438
official_bc,46,478,-290.697546325323
official_bc,46,479,-286.14585601247256
official_bc,46,480,-286.07757918503916
official_bc,46,481,-279.75325496647537
official_bc,46,482,-286.18419348443956
official_bc,46,483,-283.4842735528896
official_bc,46,484,-293.16249844787745
official_bc,46,485,-297.72403652735903
official_bc,46,486,-294.0625022110074
official_bc,46,487,-295.77097507706026
official_bc,46,488,-292.3659959327539
official_bc,46,489,-292.3496476402961
official_bc,46,490,-295.07383603267147
official_bc,46,491,-300.62790994720797
official_bc,46,492,-293.96329073812484
official_bc,46,493,-289.1755337461656
official_bc,46,494,-287.4851440038917
official_bc,46,495,-291.10129335768045
official_bc,46,496,-281.65733767705
official_bc,46,497,-291.3361636270281
official_bc,46,498,-286.92538042329363
official_bc,46,499,-295.7032807234271
official_bc,46,500,-293.42887694071726
official_bc,46,501,-289.61083499389116
official_bc,46,502,-288.66509219638385
official_bc,46,503,-294.0275292664002
official_bc,46,504,-288.84600214166716
official_bc,46,505,-290.4932007867476
official_bc,46,506,-290.35449849185864
official_bc,46,507,-295.89343297964217
official_bc,46,508,-288.75002519657454
official_bc,46,509,-292.74309369908093
official_bc,46,510,-298.1328811220766
official_bc,46,511,-284.5709251159503
official_bc,46,512,-296.15869477345655
official_bc,46,513,-298.14359412299154
official_bc,46,514,-286.9250102436302
official_bc,46,515,-286.0743555857903
official_bc,46,516,-296.6425450840918
official_bc,46,517,-294.53577061694233
official_bc,46,518,-296.65429504003873
official_bc,46,519,-293.1379633888521
official_bc,46,520,-285.27318055873104
official_bc,46,521,-285.57501027866067
official_bc,46,522,-291.77898708493933
official_bc,46,523,-283.52774844254486
official_bc,46,524,-291.6372860275669
official_bc,46,525,-293.67829949958417
official_bc,46,526,-291.0604370765718
official_bc,46,527,-292.2888277222488
official_bc,46,528,-285.50117497694913
official_bc,46,529,-286.0837429767838
official_bc,46,530,-296.48815750099254
official_bc,46,531,-283.5209021045157
official_bc,46,532,-296.28428403266145
official_bc,46,533,-287.73684828973376
official_bc,46,534,-294.2558781430372
official_bc,46,535,-288.5884587169957
official_bc,46,536,-290.02811358659835
official_bc,46,537,-291.7004142857239
official_bc,46,538,-291.17597707502796
official_bc,46,539,-291.97681614673485
official_bc,46,540,-291.06596464291397
official_bc,46,541,-292.84472288950366
official_bc,46,542,-293.55920119184964
official_bc,46,543,-293.75541750189257
official_bc,46,544,-274.9434402473432
official_bc,46,545,-293.1741621018915
official_bc,46,546,-292.89682246115854
official_bc,46,547,-289.2250023107101
official_bc,46,548,-286.9246287100684
official_bc,46,549,-292.34319669087785
official_bc,46,550,-289.88249841775416
official_bc,46,551,-290.5784416399751
official_bc,46,552,-289.0010934426424
official_bc,46,553,-293.910843971967
official_bc,46,554,-286.21552622375475
official_bc,46,555,-295.71115077695475
official_bc,46,556,-289.43540505201554
official_bc,46,557,-291.77343513104165
official_bc,46,558,-296.9462258629777
official_bc,46,559,-293.79459624185
official_bc,46,560,-300.2508313879479
official_bc,46,561,-292.365050786306
official_bc,46,562,-289.36744073626795
official_bc,46,563,-295.330445920761
official_bc,46,564,-295.46299576493226
official_bc,46,565,-296.7986385703673
official_bc,46,566,-290.1142317622125
official_bc,46,567,-290.2334623076532
official_bc,46,568,-291.7753215742364
official_bc,46,569,-279.4059440737338
official_bc,46,570,-294.86433636464125
official_bc,46,571,-293.1398428140799
official_bc,46,572,-281.13448134613714
official_bc,46,573,-290.8056007975851
official_bc,46,574,-294.7974324359365
official_bc,46,575,-286.0162111733392
official_bc,46,576,-293.41359150743637
official_bc,46,577,-296.0150011323
official_bc,46,578,-290.92790072828814
official_bc,46,579,-292.4701087851496
official_bc,46,580,-295.03286163010233
official_bc,46,581,-286.2658798525992
official_bc,46,582,-290.7712353431861
official_bc,46,583,-286.46500344024946
official_bc,46,584,-286.74346921382346
official_bc,46,585,-288.9231925483173
official_bc,46,586,-278.7690981762019
official_bc,46,587,-290.38291905713925
official_bc,46,588,-290.0714278759589
official_bc,46,589,-276.3891615341672
official_bc,46,590,-291.06680903128245
official_bc,46,591,-300.1411583113263
official_bc,46,592,-295.0472672219143
official_bc,46,593,-294.45592438690295
official_bc,46,594,-290.73227025015876
official_bc,46,595,-299.5725086237914
official_bc,46,596,-289.5681329805226
official_bc,46,597,-292.32598787245104
official_bc,46,598,-300.4046001006206
official_bc,46,599,-287.39988583844246
official_bc,46,600,-289.9903623927231
official_bc,46,601,-292.48501788300763
official_bc,46,602,-280.7390784524535
official_bc,46,603,-293.0285553356667
official_bc,46,604,-278.6854215142508
official_bc,46,605,-290.26789900286684
official_bc,46,606,-287.8118978218136
official_bc,46,607,-291.4427795429617
official_bc,46,608,-296.0512277534899
official_bc,46,609,-288.5835930395692
official_bc,46,610,-294.4286245888991
official_bc,46,611,-291.29467630004604
official_bc,46,612,-290.44950456054664
official_bc,46,613,-287.20616912202235
official_bc,46,614,-294.1914729283923
official_bc,46,615,-294.1372837888067
official_bc,46,616,-295.08207880135666
official_bc,46,617,-286.6757175819759
official_bc,46,618,-295.5716893870454
official_bc,46,619,-287.79744028803583
official_bc,46,620,-295.37897688522327
official_bc,46,621,-290.47361596872344
official_bc,46,622,-288.48280939454696
official_bc,46,623,-294.5620629215155
official_bc,46,624,-287.4179212230335
official_bc,46,625,-275.3682755781515
official_bc,46,626,-288.91277431902154
official_bc,46,627,-290.9612539094352
official_bc,46,628,-290.46733872746364
official_bc,46,629,-292.4377387912875
official_bc,46,630,-295.0641361782851
official_bc,46,631,-290.0767862946626
official_bc,46,632,-296.12532223677556
official_bc,46,633,-294.5650927524516
official_bc,46,634,-286.8705150654826
official_bc,46,635,-284.6577227512733
official_bc,46,636,-275.15045050663286
official_bc,46,637,-290.56809685991414
official_bc,46,638,-284.963402633839
official_bc,46,639,-291.48593449625514
official_bc,46,640,-287.135227303167
official_bc,46,641,-290.64818282779845
official_bc,46,642,-297.07005750193485
official_bc,46,643,-289.48064637216726
official_bc,46,644,-293.3936989730539
official_bc,46,645,-291.0080722519054
official_bc,46,646,-294.07095577029366
official_bc,46,647,-292.99518627220687
official_bc,46,648,-294.3228258144195
official_bc,46,649,-294.0002616262214
official_bc,46,650,-293.21244608217415
official_bc,46,651,-286.48049273274876
official_bc,46,652,-294.9957627819757
official_bc,46,653,-272.6370188838364
official_bc,46,654,-292.27584247880657
official_bc,46,655,-290.5398769300955
official_bc,46,656,-288.0069602246758
official_bc,46,657,-290.5912885571638
official_bc,46,658,-288.1538266367095
official_bc,46,659,-288.2397614360143
official_bc,46,660,-291.4856240704064
official_bc,46,661,-289.049472689753
official_bc,46,662,-284.53293410233323
official_bc,46,663,-291.2333973053203
official_bc,46,664,-288.85692168806895
official_bc,46,665,-288.3315923497443
official_bc,46,666,-293.2553893897123
official_bc,46,667,-288.5323937862643
official_bc,46,668,-293.7962889827688
official_bc,46,669,-299.72366155644
official_bc,46,670,-295.03367578196105
official_bc,46,671,-290.7754781708551
official_bc,46,672,-284.82778157045965
official_bc,46,673,-290.82332496379064
official_bc,46,674,-278.06991859782397
official_bc,46,675,-291.80339045541444
official_bc,46,676,-283.3511068872731
official_bc,46,677,-292.61329815072867
official_bc,46,678,-292.3754703146126
official_bc,46,679,-290.4170549102032
official_bc,46,680,-289.6099586273249
official_bc,46,681,-296.55905781490753
official_bc,46,682,-285.6809577264865
official_bc,46,683,-283.11786496041
official_bc,46,684,-286.58373672561004
official_bc,46,685,-281.17625136272625
official_bc,46,686,-296.52026648594807
official_bc,46,687,-291.1162176649852
official_bc,46,688,-290.01167534754336
official_bc,46,689,-285.516297785531
official_bc,46,690,-296.81874631628426
official_bc,46,691,-291.9129295859548
official_bc,46,692,-281.6428895103959
official_bc,46,693,-289.1877921165027
official_bc,46,694,-278.083960313503
official_bc,46,695,-285.99958737831184
official_bc,46,696,-291.7000304186753
official_bc,46,697,-292.89086578310986
official_bc,46,698,-295.82694844263114
official_bc,46,699,-293.86114566340814
official_bc,46,700,-289.2603345159183
official_bc,46,701,-286.33546520142613
official_bc,46,702,-295.90173042473504
official_bc,46,703,-287.29123667291395
official_bc,46,704,-300.44297751608013
official_bc,46,705,-295.1192918184095
official_bc,46,706,-297.6574994810852
official_bc,46,707,-292.1198047959848
official_bc,46,708,-288.6899574963171
official_bc,46,709,-286.0747255252336
official_bc,46,710,-276.745231317093
official_bc,46,711,-289.91493059365905
official_bc,46,712,-289.5711688917465
official_bc,46,713,-293.1559615660394
official_bc,46,714,-288.4164001549944
official_bc,46,715,-292.94737157153384
official_bc,46,716,-289.8518168270863
official_bc,46,717,-284.48585309013487
official_bc,46,718,-296.08493257314103
official_bc,46,719,-292.62236516135795
official_bc,46,720,-291.4858603095298
official_bc,46,721,-297.77871719637886
official_bc,46,722,-284.0171243034409
official_bc,46,723,-293.3528894131033
official_bc,46,724,-292.388009315108
official_bc,46,725,-298.8590095366168
official_bc,46,726,-295.54375312609926
official_bc,46,727,-294.33940106114255
official_bc,46,728,-288.8099224787911
official_bc,46,729,-300.5926442007914
official_bc,46,730,-278.0455944394754
official_bc,46,731,-285.28139626103155
official_bc,46,732,-293.5799447031509
official_bc,46,733,-278.31313785117374
official_bc,46,734,-281.43049018657035
official_bc,46,735,-297.80423232691106
official_bc,46,736,-296.6201388063463
official_bc,46,737,-287.5477325377235
official_bc,46,738,-287.9779681381981
official_bc,46,739,-292.8002439799937
official_bc,46,740,-289.6911595466652
official_bc,46,741,-292.3017890354516
official_bc,46,742,-286.69195582839217
official_bc,46,743,-300.15368101209975
official_bc,46,744,-291.0042633376247
official_bc,46,745,-294.5709489862567
official_bc,46,746,-297.1536666997323
official_bc,46,747,-295.81182202018203
official_bc,46,748,-284.5295091742455
official_bc,46,749,-288.5608247591146
official_bc,46,750,-295.2717893500761
official_bc,46,751,-287.96538949169
official_bc,46,752,-286.7622717112592
official_bc,46,753,-291.627369784586
official_bc,46,754,-277.4043704665381
official_bc,46,755,-291.3096936001443
official_bc,46,756,-293.7429080463768
official_bc,46,757,-282.4372322571089
official_bc,46,758,-297.5757160076115
official_bc,46,759,-286.24173150350396
official_bc,46,760,-298.96935598687963
official_bc,46,761,-289.4167614482842
official_bc,46,762,-293.4465398151182
official_bc,46,763,-286.87626256496316
official_bc,46,764,-290.57908654586214
official_bc,46,765,-288.4951066161279
official_bc,46,766,-281.36768424966147
official_bc,46,767,-297.3796621316315
official_bc,46,768,-302.8087722039515
official_bc,46,769,-288.71058242456604
official_bc,46,770,-293.8289023436135
official_bc,46,771,-290.80165844206454
official_bc,46,772,-295.3524188892178
official_bc,46,773,-282.153207304071
official_bc,46,774,-285.9199112790653
official_bc,46,775,-291.9190106302674
official_bc,46,776,-293.505725957433
official_bc,46,777,-287.56694937166276
official_bc,46,778,-289.4807792123251
official_bc,46,779,-292.3993412320392
official_bc,46,780,-281.3754523089253
official_bc,46,781,-294.7781700522113
official_bc,46,782,-294.5953273776125
official_bc,46,783,-294.7304915323649
official_bc,46,784,-293.1499310994468
official_bc,46,785,-294.104944697374
official_bc,46,786,-291.41680202858333
official_bc,46,787,-295.51674626150407
official_bc,46,788,-298.0679912633759
official_bc,46,789,-291.029917777808
official_bc,46,790,-294.85092940575043
official_bc,46,791,-290.23342817487253
official_bc,46,792,-288.88861083399996
official_bc,46,793,-287.4062536927466
official_bc,46,794,-289.868516435448
official_bc,46,795,-287.20034060250464
official_bc,46,796,-288.85577346282855
official_bc,46,797,-287.40399754483343
official_bc,46,798,-285.93567137883406
official_bc,46,799,-292.8209022010321
official_bc,46,800,-295.08254927234486
official_bc,46,801,-287.9664933180706
official_bc,46,802,-277.08049292514704
official_bc,46,803,-288.4023724915256
official_bc,46,804,-289.67268840169004
official_bc,46,805,-292.044618363896
official_bc,46,806,-295.8277986040365
official_bc,46,807,-297.1045007157732
official_bc,46,808,-289.4795230733179
official_bc,46,809,-289.9391413965955
official_bc,46,810,-293.2748439452029
official_bc,46,811,-292.2557850925253
official_bc,46,812,-294.1865484661211
official_bc,46,813,-278.56344183766475
official_bc,46,814,-287.2301799247099
official_bc,46,815,-278.7562213703518
official_bc,46,816,-289.10129773411154
official_bc,46,817,-272.0202868000519
official_bc,46,818,-294.4203730506125
official_bc,46,819,-284.19805509940477
official_bc,46,820,-282.27978539300614
official_bc,46,821,-285.20523011805017
official_bc,46,822,-291.87950739611284
official_bc,46,823,-291.1134706130379
official_bc,46,824,-295.26411861179287
official_bc,46,825,-299.5505142670449
official_bc,46,826,-296.0605770409177
official_bc,46,827,-289.14910992630433
official_bc,46,828,-288.99996633643565
official_bc,46,829,-281.33651409974436
official_bc,46,830,-299.3787433820456
official_bc,46,831,-296.7281954904409
official_bc,46,832,-287.2512339162876
official_bc,46,833,-289.64984500918007
official_bc,46,834,-288.5146141837182
official_bc,46,835,-279.21319306597246
official_bc,46,836,-294.7243232421043
official_bc,46,837,-289.114633512842
official_bc,46,838,-290.7297992138497
official_bc,46,839,-284.10280502560147
official_bc,46,840,-287.0199361436528
official_bc,46,841,-302.8037281302371
official_bc,46,842,-293.5553296474686
official_bc,46,843,-282.88997939095316
official_bc,46,844,-286.92278032199476
official_bc,46,845,-296.61643887206105
official_bc,46,846,-274.15544082717867
official_bc,46,847,-278.8946230015814
official_bc,46,848,-295.7496679056054
official_bc,46,849,-295.0631555092665
official_bc,46,850,-288.75189088191337
official_bc,46,851,-284.779149984872
official_bc,46,852,-284.1383867244719
official_bc,46,853,-291.2736085261382
official_bc,46,854,-279.6273521793929
official_bc,46,855,-292.6589680932077
official_bc,46,856,-285.0183614285444
official_bc,46,857,-290.60180030566573
official_bc,46,858,-286.7275032700092
official_bc,46,859,-296.5993591125385
official_bc,46,860,-281.30308001629953
official_bc,46,861,-284.9484682225494
official_bc,46,862,-298.9435558626365
official_bc,46,863,-293.08401692303295
official_bc,46,864,-287.27892655348813
official_bc,46,865,-294.08528004435254
official_bc,46,866,-296.6307760953248
official_bc,46,867,-292.6145861269968
official_bc,46,868,-292.1717409910144
official_bc,46,869,-294.81404706270837
official_bc,46,870,-285.6526836400554
official_bc,46,871,-291.9817850400332
official_bc,46,872,-292.63420049102723
official_bc,46,873,-284.0515335459336
official_bc,46,874,-298.616930661095
official_bc,46,875,-299.6417129989695
official_bc,46,876,-291.9393841391499
official_bc,46,877,-288.3410935265192
official_bc,46,878,-289.5750714582133
official_bc,46,879,-290.98674065035476
official_bc,46,880,-277.8552267616443
official_bc,46,881,-296.94935380865604
official_bc,46,882,-290.91327411327427
official_bc,46,883,-291.75385451316515
official_bc,46,884,-296.2694689806114
official_bc,46,885,-288.85596469248605
official_bc,46,886,-294.2573172405831
official_bc,46,887,-285.5537101986226
official_bc,46,888,-291.6022193832687
official_bc,46,889,-291.00511192965115
official_bc,46,890,-287.65858905462403
official_bc,46,891,-286.4495217971811
official_bc,46,892,-290.56582058492074
official_bc,46,893,-297.39017638806985
official_bc,46,894,-290.8429970811517
official_bc,46,895,-285.96147005204097
official_bc,46,896,-291.1638915715886
official_bc,46,897,-290.26031537673896
official_bc,46,898,-290.28421101650423
official_bc,46,899,-293.1002972620203
official_bc,46,900,-293.46038526058527
official_bc,46,901,-292.1772638568862
official_bc,46,902,-284.62416737738147
official_bc,46,903,-293.9698410144498
official_bc,46,904,-292.9425180718804
official_bc,46,905,-293.98361439285844
official_bc,46,906,-286.82793809005057
official_bc,46,907,-295.6811715860924
official_bc,46,908,-289.74925699016853
official_bc,46,909,-287.3706219666335
official_bc,46,910,-286.8533847710177
official_bc,46,911,-295.3986347227908
official_bc,46,912,-286.6750186834406
official_bc,46,913,-294.79241832818315
official_bc,46,914,-294.1595778886327
official_bc,46,915,-285.6089418211633
official_bc,46,916,-290.57997786182375
official_bc,46,917,-283.53440011990597
official_bc,46,918,-294.1100176136632
official_bc,46,919,-292.1049973736933
official_bc,46,920,-297.79700513019975
official_bc,46,921,-294.9038773265897
official_bc,46,922,-289.054657097398
official_bc,46,923,-283.84759727833153
official_bc,46,924,-296.1066737908045
official_bc,46,925,-286.598749918265
official_bc,46,926,-288.42977410294907
official_bc,46,927,-289.7947243096383
official_bc,46,928,-287.38176394948465
official_bc,46,929,-287.1704344974032
official_bc,46,930,-294.4057619417607
official_bc,46,931,-290.8500546337138
official_bc,46,932,-269.63599226788256
official_bc,46,933,-283.52387383200687
official_bc,46,934,-297.01019444091924
official_bc,46,935,-294.32454606937085
official_bc,46,936,-292.46513999442624
official_bc,46,937,-291.31874046566145
official_bc,46,938,-281.67273247699063
official_bc,46,939,-300.5165582916623
official_bc,46,940,-287.2495569929448
official_bc,46,941,-299.2365430306098
official_bc,46,942,-297.32261212324477
official_bc,46,943,-287.2780246501561
official_bc,46,944,-286.89575136547666
official_bc,46,945,-287.38444068492754
official_bc,46,946,-287.4863123639978
official_bc,46,947,-289.689732762238
official_bc,46,948,-286.97447003659
official_bc,46,949,-280.33506877349765
official_bc,46,950,-289.0016864287545
official_bc,46,951,-287.6333657849369
official_bc,46,952,-281.2675024611
official_bc,46,953,-286.39601176198903
official_bc,46,954,-289.883370214177
official_bc,46,955,-277.89313664207003
official_bc,46,956,-295.95915999821267
official_bc,46,957,-301.5749024246338
official_bc,46,958,-292.00804435542597
official_bc,46,959,-284.68607945467386
official_bc,46,960,-296.91099721233593
official_bc,46,961,-292.60640079198345
official_bc,46,962,-293.8938900422124
official_bc,46,963,-293.00760708231803
official_bc,46,964,-282.2878469772602
official_bc,46,965,-284.2850038445335
official_bc,46,966,-294.9282612683355
official_bc,46,967,-291.01172773250534
official_bc,46,968,-290.0806439999082
official_bc,46,969,-284.0274000734836
official_bc,46,970,-288.5091979059443
official_bc,46,971,-282.14142948545305
official_bc,46,972,-291.3612771522788
official_bc,46,973,-288.4537330982662
official_bc,46,974,-277.61234643988956
official_bc,46,975,-293.75992894255967
official_bc,46,976,-297.63861433155466
official_bc,46,977,-287.77499549719033
official_bc,46,978,-295.1408309578408
official_bc,46,979,-290.42245702545233
official_bc,46,980,-297.0956112809931
official_bc,46,981,-292.3907794888125
official_bc,46,982,-291.0605763701235
official_bc,46,983,-290.4521920523416
official_bc,46,984,-293.0690815781879
official_bc,46,985,-290.8470782673647
official_bc,46,986,-287.8777213383403
official_bc,46,987,-288.52812595923626
official_bc,46,988,-296.9537539036596
official_bc,46,989,-294.4289980236272
official_bc,46,990,-290.52979732111197
official_bc,46,991,-291.16951483543403
official_bc,46,992,-290.6646082991871
official_bc,46,993,-282.69930699747476
official_bc,46,994,-286.374161183934
official_bc,46,995,-295.8565624492691
official_bc,46,996,-292.95136307845945
official_bc,46,997,-283.1688205605952
official_bc,46,998,-294.65347088522435
official_bc,46,999,-286.3373351321222
official_bc,46,1000,-292.3026544596726
official_bc,47,1,-191.63995178313587
official_bc,47,2,-216.26083431082043
official_bc,47,3,-215.93200516438878
official_bc,47,4,-269.83011232956324
official_bc,47,5,-217.63474870927237
official_bc,47,6,-250.5061427726813
official_bc,47,7,-184.0427586321032
official_bc,47,8,-191.98515265158153
official_bc,47,9,-174.9136537620471
official_bc,47,10,-233.4771758875365
official_bc,47,11,-289.70938457916685
official_bc,47,12,-228.5781799379539
official_bc,47,13,-254.603391531922
official_bc,47,14,-270.63907940746043
official_bc,47,15,-239.1251931023015
official_bc,47,16,-289.1066688310816
official_bc,47,17,-280.08954560785537
official_bc,47,18,-231.91418848958477
official_bc,47,19,-265.1857699171705
official_bc,47,20,-191.61133924914094
official_bc,47,21,-260.80620821855854
official_bc,47,22,-223.1620819807963
official_bc,47,23,-281.1352321300288
official_bc,47,24,-234.2391769769688
official_bc,47,25,-232.59717283738024
official_bc,47,26,-286.4067846276395
official_bc,47,27,-311.8154027434075
official_bc,47,28,-195.5554712209144
official_bc,47,29,-213.64675493423766
official_bc,47,30,-289.075793170619
official_bc,47,31,-302.24358057423746
official_bc,47,32,-302.2560131693673
official_bc,47,33,-298.06695801405965
official_bc,47,34,-294.3919926589322
official_bc,47,35,-288.21008064133275
official_bc,47,36,-286.94463833217924
official_bc,47,37,-285.45286609138725
official_bc,47,38,-285.8641348182867
official_bc,47,39,-277.28496812930644
official_bc,47,40,-280.65382043235206
official_bc,47,41,-270.6745589909737
official_bc,47,42,-268.1722288908034
official_bc,47,43,-264.15680377964304
official_bc,47,44,-259.29943618014426
official_bc,47,45,-265.11218273197795
official_bc,47,46,-261.16325705958667
official_bc,47,47,-261.8062701385674
official_bc,47,48,-252.0005536821974
official_bc,47,49,-255.14007740966738
official_bc,47,50,-252.8193987813589
official_bc,47,51,-261.9837793533602
official_bc,47,52,-270.5049990582429
official_bc,47,53,-264.5034017738272
official_bc,47,54,-284.38619537944726
official_bc,47,55,-290.4213564757997
official_bc,47,56,-296.25271239749657
official_bc,47,57,-303.5524986872846
official_bc,47,58,-299.1631509882634
official_bc,47,59,-307.4083384808744
official_bc,47,60,-303.06388917793436
official_bc,47,61,-297.22152068233197
official_bc,47,62,-303.4300040379364
official_bc,47,63,-304.79456400468297
official_bc,47,64,-303.5106447278555
official_bc,47,65,-288.57827353156597
official_bc,47,66,-299.1543728854265
official_bc,47,67,-290.0936526267535
official_bc,47,68,-279.515262624431
official_bc,47,69,-286.6984193451302
official_bc,47,70,-284.81065204193834
official_bc,47,71,-284.23235255082255
official_bc,47,72,-285.16889492065735
official_bc,47,73,-283.76206822604865
official_bc,47,74,-281.803928959418
official_bc,47,75,-287.6935773704314
official_bc,47,76,-285.0163659916105
official_bc,47,77,-281.34647368242145
official_bc,47,78,-287.8065626256598
official_bc,47,79,-287.43917691556226
official_bc,47,80,-282.1115798473662
official_bc,47,81,-278.5066274202976
official_bc,47,82,-283.8636634020721
official_bc,47,83,-292.8790761459921
official_bc,47,84,-283.5141549536718
official_bc,47,85,-290.3641672911176
official_bc,47,86,-289.69303973254324
official_bc,47,87,-290.1153816472357
official_bc,47,88,-280.0166897079499
official_bc,47,89,-287.62299191677835
official_bc,47,90,-293.81721441488844
official_bc,47,91,-297.3949264230155
official_bc,47,92,-283.03587761456487
official_bc,47,93,-284.71897742817254
official_bc,47,94,-293.8158921699986
official_bc,47,95,-291.4622898798244
official_bc,47,96,-298.155934456934
official_bc,47,97,-291.1210563164319
official_bc,47,98,-294.07264777574215
official_bc,47,99,-292.3202674519006
official_bc,47,100,-287.0816961949013
official_bc,47,101,-292.02706259194315
official_bc,47,102,-292.7047458821023
official_bc,47,103,-281.4123654899019
official_bc,47,104,-285.76341562992945
official_bc,47,105,-287.44067572043684
official_bc,47,106,-286.97970443171243
official_bc,47,107,-284.8345288412024
official_bc,47,108,-289.75324058626325
official_bc,47,109,-284.3265604219149
official_bc,47,110,-290.68297184805584
official_bc,47,111,-284.31750792601247
official_bc,47,112,-283.5155256225639
official_bc,47,113,-287.1578761475688
official_bc,47,114,-288.8778159046875
official_bc,47,115,-288.0131198242532
official_bc,47,116,-279.9421867076876
official_bc,47,117,-281.01120754079676
official_bc,47,118,-293.9046410768401
official_bc,47,119,-293.3679736944844
official_bc,47,120,-292.5697034595945
official_bc,47,121,-295.49183632095315
official_bc,47,122,-268.64565658556296
official_bc,47,123,-287.18044456825214
official_bc,47,124,-290.3770474555115
official_bc,47,125,-293.21695458456344
official_bc,47,126,-280.11220461860364
official_bc,47,127,-283.12432253041214
official_bc,47,128,-293.132346174319
official_bc,47,129,-293.49547945802186
official_bc,47,130,-284.4938634554667
official_bc,47,131,-289.3064765367914
official_bc,47,132,-286.6968919049001
official_bc,47,133,-291.55214366163756
official_bc,47,134,-297.7571161976413
official_bc,47,135,-293.7535663546325
official_bc,47,136,-290.99754911259413
official_bc,47,137,-298.75125339082194
official_bc,47,138,-287.2492640692482
official_bc,47,139,-291.8802127542745
official_bc,47,140,-292.6893941064752
official_bc,47,141,-289.8985970126481
official_bc,47,142,-277.69433700743946
official_bc,47,143,-289.94456830546454
official_bc,47,144,-293.67345907105266
official_bc,47,145,-294.6483794288306
official_bc,47,146,-293.1099867165485
official_bc,47,147,-295.33469358347935
official_bc,47,148,-289.50372552021054
official_bc,47,149,-294.18404778173254
official_bc,47,150,-292.08553234946834
official_bc,47,151,-280.334528412936
official_bc,47,152,-289.1677566386486
official_bc,47,153,-286.308350298486
official_bc,47,154,-298.0045857751105
official_bc,47,155,-289.3338867339834
official_bc,47,156,-293.9256509096782
official_bc,47,157,-293.333506957849
official_bc,47,158,-284.39189019701496
official_bc,47,159,-298.8547336249264
official_bc,47,160,-283.4149331308424
official_bc,47,161,-290.6195184977253
official_bc,47,162,-284.5275901100171
official_bc,47,163,-270.7339738442243
official_bc,47,164,-291.4379750093235
official_bc,47,165,-286.8458240273778
official_bc,47,166,-289.9709488809792
official_bc,47,167,-288.6465824372625
official_bc,47,168,-275.18496902841144
official_bc,47,169,-290.78684592948684
official_bc,47,170,-285.7755569079135
official_bc,47,171,-290.688762811499
official_bc,47,172,-287.09071356852604
official_bc,47,173,-292.63247530839703
official_bc,47,174,-288.89655342899914
official_bc,47,175,-294.1393367115222
official_bc,47,176,-286.74777638020794
official_bc,47,177,-290.2774311642331
official_bc,47,178,-292.69031844255164
official_bc,47,179,-283.9760392097111
official_bc,47,180,-296.11195062963964
official_bc,47,181,-283.95072140640286
official_bc,47,182,-288.9729790617451
official_bc,47,183,-295.8225345040981
official_bc,47,184,-288.62213456613273
official_bc,47,185,-294.25220799845795
official_bc,47,186,-290.9892405474833
official_bc,47,187,-289.7928291029599
official_bc,47,188,-294.0016522170274
official_bc,47,189,-288.3971690777984
official_bc,47,190,-286.960060913603
official_bc,47,191,-290.7230619150594
official_bc,47,192,-292.8387581376186
official_bc,47,193,-287.73014465300776
official_bc,47,194,-289.3965833921292
official_bc,47,195,-289.4093168256772
official_bc,47,196,-294.9355092893833
official_bc,47,197,-298.3035216118308
official_bc,47,198,-294.59958687142824
official_bc,47,199,-288.5637049792902
official_bc,47,200,-296.7651289867218
official_bc,47,201,-290.7864871894813
official_bc,47,202,-292.07616890956103
official_bc,47,203,-287.5616913811283
official_bc,47,204,-290.268729312429
official_bc,47,205,-290.2886790032169
official_bc,47,206,-292.10228067169885
official_bc,47,207,-289.06907645828534
official_bc,47,208,-293.84685226684934
official_bc,47,209,-294.68772141080234
official_bc,47,210,-293.86461439815355
official_bc,47,211,-278.848698434564
official_bc,47,212,-284.49574601196827
official_bc,47,213,-294.8265671260157
official_bc,47,214,-281.9658723232497
official_bc,47,215,-292.0021330650103
official_bc,47,216,-291.14919660019643
official_bc,47,217,-286.9004718601288
official_bc,47,218,-296.4746289384005
official_bc,47,219,-294.0360312030989
official_bc,47,220,-288.98752597140697
official_bc,47,221,-298.0932427155394
official_bc,47,222,-285.6071240424363
official_bc,47,223,-287.0078295736398
official_bc,47,224,-292.15977570070913
official_bc,47,225,-287.2303273699746
official_bc,47,226,-291.15690577653993
official_bc,47,227,-293.9535651566077
official_bc,47,228,-292.6959566007283
official_bc,47,229,-290.9200095884476
official_bc,47,230,-291.1401175605632
official_bc,47,231,-289.9312536962277
official_bc,47,232,-291.80833916327333
official_bc,47,233,-290.922921508999
official_bc,47,234,-285.9859745836809
official_bc,47,235,-289.0569307679457
official_bc,47,236,-289.1668890090166
official_bc,47,237,-284.13926812741033
official_bc,47,238,-293.4763126547827
official_bc,47,239,-298.14761656117565
official_bc,47,240,-285.32592754294654
official_bc,47,241,-297.0921373696781
official_bc,47,242,-290.97176608768416
official_bc,47,243,-291.52492502953675
official_bc,47,244,-293.97351627660055
official_bc,47,245,-286.3582770502681
official_bc,47,246,-290.3506244704965
official_bc,47,247,-292.44320780158097
official_bc,47,248,-282.0766129335598
official_bc,47,249,-293.85254729814625
official_bc,47,250,-288.9968033904877
official_bc,47,251,-296.1501616031817
official_bc,47,252,-292.681005044317
official_bc,47,253,-286.58872579767524
official_bc,47,254,-292.9709146852507
official_bc,47,255,-290.570784931183
official_bc,47,256,-287.52017106028177
official_bc,47,257,-293.0308887818416
official_bc,47,258,-283.7253293301913
official_bc,47,259,-287.7981731906514
official_bc,47,260,-296.2778101510928
official_bc,47,261,-283.41908451996574
official_bc,47,262,-299.0920261058004
official_bc,47,263,-292.2280230682099
official_bc,47,264,-289.2382985220079
official_bc,47,265,-295.2567842697846
official_bc,47,266,-283.1439534294092
official_bc,47,267,-287.96136016683676
official_bc,47,268,-293.59674233609945
official_bc,47,269,-297.55006043875505
official_bc,47,270,-290.1802238537085
official_bc,47,271,-290.0825511655791
official_bc,47,272,-279.4008730923643
official_bc,47,273,-295.26700961157525
official_bc,47,274,-274.81746996317395
official_bc,47,275,-287.90303605529516
official_bc,47,276,-285.0805671726267
official_bc,47,277,-287.295020302633
official_bc,47,278,-285.4997990975459
official_bc,47,279,-290.22988880690286
official_bc,47,280,-292.61577504999894
official_bc,47,281,-295.74851078218114
official_bc,47,282,-291.62416614800463
official_bc,47,283,-289.29837147877566
official_bc,47,284,-281.3968709170049
official_bc,47,285,-290.32318785788925
official_bc,47,286,-281.9647614170354
official_bc,47,287,-288.3762418389241
official_bc,47,288,-300.14483201439623
official_bc,47,289,-293.0533961225829
official_bc,47,290,-290.55868660581376
official_bc,47,291,-291.3074445525895
official_bc,47,292,-291.82574271949875
official_bc,47,293,-296.99898392106815
official_bc,47,294,-296.04314227276734
official_bc,47,295,-286.27987935959356
official_bc,47,296,-286.43648461102566
official_bc,47,297,-290.38897487061786
official_bc,47,298,-292.76153801918065
official_bc,47,299,-290.87440439525153
official_bc,47,300,-289.224230188054
official_bc,47,301,-287.48412265316097
official_bc,47,302,-296.1473074981564
official_bc,47,303,-288.50356242424425
official_bc,47,304,-296.3485067117382
official_bc,47,305,-296.866419951819
official_bc,47,306,-295.4877357933153
official_bc,47,307,-294.72953817833275
official_bc,47,308,-292.8491168090226
official_bc,47,309,-292.25168082312183
official_bc,47,310,-294.8763604467594
official_bc,47,311,-299.6064404308614
official_bc,47,312,-290.75377437366024
official_bc,47,313,-291.9110163704597
official_bc,47,314,-296.32269483146666
official_bc,47,315,-288.66581483020593
official_bc,47,316,-294.81685808996184
official_bc,47,317,-286.8879539211151
official_bc,47,318,-287.95697329243944
official_bc,47,319,-291.1620232146071
official_bc,47,320,-284.38611103583816
official_bc,47,321,-288.01199253840724
official_bc,47,322,-291.94686978637907
official_bc,47,323,-290.08640388248295
official_bc,47,324,-298.39360599120914
official_bc,47,325,-291.7886583709758
official_bc,47,326,-285.5744244978397
official_bc,47,327,-292.2032115583769
official_bc,47,328,-290.72389063358935
official_bc,47,329,-290.1391544941795
official_bc,47,330,-287.5213678795289
official_bc,47,331,-294.6252192496928
official_bc,47,332,-280.2410402221649
official_bc,47,333,-291.28987941060524
official_bc,47,334,-296.8316138816732
official_bc,47,335,-286.237300416854
official_bc,47,336,-295.0463328921209
official_bc,47,337,-288.7817366434489
official_bc,47,338,-296.648049195073
official_bc,47,339,-294.5840511529882
official_bc,47,340,-282.56254346533245
official_bc,47,341,-283.48378838590156
official_bc,47,342,-288.0179465869379
official_bc,47,343,-294.88578266067424
official_bc,47,344,-287.3882938795071
official_bc,47,345,-295.4034679152028
official_bc,47,346,-286.2442809074326
official_bc,47,347,-299.38917605320387
official_bc,47,348,-288.92209760020967
official_bc,47,349,-287.77900257145575
official_bc,47,350,-279.25245407736514
official_bc,47,351,-290.60174481921626
official_bc,47,352,-280.06327519751125
official_bc,47,353,-290.9747669797732
official_bc,47,354,-286.55111731462404
official_bc,47,355,-293.4796743930474
official_bc,47,356,-290.94120332594105
official_bc,47,357,-294.38713474763114
official_bc,47,358,-288.8948879464892
official_bc,47,359,-291.94282119260447
official_bc,47,360,-280.86465879454204
official_bc,47,361,-295.1500641448941
official_bc,47,362,-286.92864739197313
official_bc,47,363,-294.4971051436641
official_bc,47,364,-294.9936990631858
official_bc,47,365,-290.65509193712495
official_bc,47,366,-293.7939918017075
official_bc,47,367,-288.0060529745827
official_bc,47,368,-289.27219881512235
official_bc,47,369,-295.32084517712764
official_bc,47,370,-294.9575533421919
official_bc,47,371,-298.61653307315754
official_bc,47,372,-294.66519822627424
official_bc,47,373,-288.12160942562997
official_bc,47,374,-289.05713439948534
official_bc,47,375,-293.6034068461767
official_bc,47,376,-288.9682560042425
official_bc,47,377,-286.5776856459425
official_bc,47,378,-286.7138090250733
official_bc,47,379,-284.9540614964517
official_bc,47,380,-295.24580662317584
official_bc,47,381,-293.7387425762208
official_bc,47,382,-297.69137012936824
official_bc,47,383,-284.7629560262949
official_bc,47,384,-276.53760887431395
official_bc,47,385,-292.9698141069098
official_bc,47,386,-289.0963591809075
official_bc,47,387,-289.5413056862667
official_bc,47,388,-293.4963839070819
official_bc,47,389,-282.8845109681164
official_bc,47,390,-290.2950136471298
official_bc,47,391,-295.00346786465224
official_bc,47,392,-291.7289868017783
official_bc,47,393,-285.21350291576704
official_bc,47,394,-297.727113559282
official_bc,47,395,-292.95293375986006
official_bc,47,396,-287.8674907864423
official_bc,47,397,-285.28105934345115
official_bc,47,398,-291.2279126806992
official_bc,47,399,-295.75114260331253
official_bc,47,400,-295.1314012986203
official_bc,47,401,-277.6627633997911
official_bc,47,402,-285.4609554325128
official_bc,47,403,-284.49029232738224
official_bc,47,404,-292.34071514804305
official_bc,47,405,-288.37998852923124
official_bc,47,406,-289.37971078940916
official_bc,47,407,-289.8937559823444
official_bc,47,408,-293.4083764664503
official_bc,47,409,-288.9090413093975
official_bc,47,410,-290.89824741920836
official_bc,47,411,-296.70104556525683
official_bc,47,412,-291.1205968413235
official_bc,47,413,-289.2638600370055
official_bc,47,414,-277.29260116388417
official_bc,47,415,-298.10091474787424
official_bc,47,416,-290.2949528664746
official_bc,47,417,-293.7626364878831
official_bc,47,418,-290.7528796091611
official_bc,47,419,-288.0849979587587
official_bc,47,420,-299.28451970137235
official_bc,47,421,-285.67215297794945
official_bc,47,422,-292.6597366538712
official_bc,47,423,-289.2720173344582
official_bc,47,424,-289.76140286778866
official_bc,47,425,-282.81663085270674
official_bc,47,426,-291.6836695650862
official_bc,47,427,-292.32135443347136
official_bc,47,428,-293.866620460257
official_bc,47,429,-294.406123407001
official_bc,47,430,-288.2649194751092
official_bc,47,431,-290.9671182088387
official_bc,47,432,-295.76597808458564
official_bc,47,433,-294.0379606810942
official_bc,47,434,-286.6082227293228
official_bc,47,435,-289.7963953631335
official_bc,47,436,-287.7798500390841
official_bc,47,437,-286.5896199982948
official_bc,47,438,-290.39983167948793
official_bc,47,439,-295.55435492764013
official_bc,47,440,-297.717535622912
official_bc,47,441,-282.5794706037813
official_bc,47,442,-293.83446455244416
official_bc,47,443,-287.8957588063847
official_bc,47,444,-288.3854893928184
official_bc,47,445,-296.12488485602114
official_bc,47,446,-297.7067420096316
official_bc,47,447,-289.20795848839964
official_bc,47,448,-284.7821689191397
official_bc,47,449,-294.926882287965
official_bc,47,450,-295.24964679310364
official_bc,47,451,-299.91041284638465
official_bc,47,452,-284.5701270045969
official_bc,47,453,-292.874698770707
official_bc,47,454,-289.69612035904237
official_bc,47,455,-292.7852607091473
official_bc,47,456,-288.5813230467252
official_bc,47,457,-291.9775725524211
official_bc,47,458,-298.81424156381115
official_bc,47,459,-295.6250401627673
official_bc,47,460,-286.41461280286427
official_bc,47,461,-284.90790439153966
official_bc,47,462,-284.0266622625225
official_bc,47,463,-296.13555926587424
official_bc,47,464,-294.3175427479248
official_bc,47,465,-293.8470404791099
official_bc,47,466,-294.1060486717853
official_bc,47,467,-283.1433027241823
official_bc,47,468,-297.93724244009155
official_bc,47,469,-285.2589978131306
official_bc,47,470,-292.08876572009274
official_bc,47,471,-282.04331361988545
official_bc,47,472,-276.34038735371655
official_bc,47,473,-295.6176772311057
official_bc,47,474,-283.5589676948649
official_bc,47,475,-294.05842441337853
official_bc,47,476,-280.54127494386466
official_bc,47,477,-285.41518991606233
official_bc,47,478,-277.5191973473585
official_bc,47,479,-284.59975702682027
official_bc,47,480,-296.110815857141
official_bc,47,481,-300.17952421695566
official_bc,47,482,-292.2378711106748
official_bc,47,483,-284.30809626901953
official_bc,47,484,-286.8561169142009
official_bc,47,485,-299.75498194897625
official_bc,47,486,-288.45089957312814
official_bc,47,487,-285.0442482059681
official_bc,47,488,-290.1251353986439
official_bc,47,489,-291.98759570684206
official_bc,47,490,-276.5457379216671
official_bc,47,491,-290.36527905492903
official_bc,47,492,-282.3874132262578
official_bc,47,493,-287.3234425547362
official_bc,47,494,-290.3237473013392
official_bc,47,495,-292.5232574243991
official_bc,47,496,-290.00197565490976
official_bc,47,497,-297.338792391069
official_bc,47,498,-292.9696873210192
official_bc,47,499,-290.66784054281936
official_bc,47,500,-293.7437152324244
official_bc,47,501,-289.5013435316156
official_bc,47,502,-281.2698113684661
official_bc,47,503,-287.6676243126753
official_bc,47,504,-287.50064785325094
official_bc,47,505,-295.2454841461926
official_bc,47,506,-289.5682979105334
official_bc,47,507,-287.0186784221408
official_bc,47,508,-293.6541662599691
official_bc,47,509,-289.5975940803389
official_bc,47,510,-295.7725786427952
official_bc,47,511,-291.77453885092586
official_bc,47,512,-295.93130887523046
official_bc,47,513,-293.36499620575233
official_bc,47,514,-291.74846508828506
official_bc,47,515,-290.50497964541864
official_bc,47,516,-296.117208845591
official_bc,47,517,-289.63177677662816
official_bc,47,518,-289.8619932500771
official_bc,47,519,-298.5817968412926
official_bc,47,520,-295.5646424955629
official_bc,47,521,-290.29067097192905
official_bc,47,522,-291.7239395434477
official_bc,47,523,-287.62179024465877
official_bc,47,524,-291.07867580084115
official_bc,47,525,-291.0211638620521
official_bc,47,526,-293.7576317175927
official_bc,47,527,-283.6868170116128
official_bc,47,528,-288.556855622556
official_bc,47,529,-291.99737461823264
official_bc,47,530,-292.30026908618635
official_bc,47,531,-296.42148992330846
official_bc,47,532,-293.93600191818757
official_bc,47,533,-294.897789045456
official_bc,47,534,-291.0692921880312
official_bc,47,535,-300.1313114239014
official_bc,47,536,-283.85177148585433
official_bc,47,537,-292.0591066764294
official_bc,47,538,-296.5279477617845
official_bc,47,539,-291.01909133648326
official_bc,47,540,-292.10355590002473
official_bc,47,541,-288.117514437294
official_bc,47,542,-290.58996454461357
official_bc,47,543,-289.0257648366262
official_bc,47,544,-291.5754174828997
official_bc,47,545,-291.7718426745789
official_bc,47,546,-291.75161271810214
official_bc,47,547,-288.63727634714627
official_bc,47,548,-287.5315603242168
official_bc,47,549,-288.44554567954015
official_bc,47,550,-287.127009943873
official_bc,47,551,-294.1082303359783
official_bc,47,552,-293.7391781048597
official_bc,47,553,-294.5220196231577
official_bc,47,554,-284.11426214371147
official_bc,47,555,-293.98954005916437
official_bc,47,556,-284.5860692145443
official_bc,47,557,-291.50917880269986
official_bc,47,558,-293.9744322569319
official_bc,47,559,-287.74690666874295
official_bc,47,560,-286.3982312773555
official_bc,47,561,-286.51567872286745
official_bc,47,562,-291.3692770329045
official_bc,47,563,-276.8970758645413
official_bc,47,564,-286.5073101985201
official_bc,47,565,-291.0460234268901
official_bc,47,566,-291.2124744119465
official_bc,47,567,-290.5372903976077
official_bc,47,568,-300.2965768082563
official_bc,47,569,-294.3132467652648
official_bc,47,570,-291.630500493694
official_bc,47,571,-282.8450936919518
official_bc,47,572,-293.87697388612537
official_bc,47,573,-296.81802986223454
official_bc,47,574,-295.3976561604919
official_bc,47,575,-289.8640644634354
official_bc,47,576,-286.83600918307604
official_bc,47,577,-294.34206277852
official_bc,47,578,-291.2266072705486
official_bc,47,579,-282.00575511721615
official_bc,47,580,-293.40271037547603
official_bc,47,581,-288.2468485074761
official_bc,47,582,-289.66618858251235
official_bc,47,583,-295.78414037672997
official_bc,47,584,-281.5158871943758
official_bc,47,585,-290.63082056697726
official_bc,47,586,-294.88054723895414
official_bc,47,587,-295.8248897854266
official_bc,47,588,-296.3063863227313
official_bc,47,589,-293.9053650020521
official_bc,47,590,-295.858244675764
official_bc,47,591,-285.476298237294
official_bc,47,592,-295.52224522101176
official_bc,47,593,-289.7471879513772
official_bc,47,594,-286.4687223837836
official_bc,47,595,-290.11054312354844
official_bc,47,596,-286.6787120560638
official_bc,47,597,-287.14024883035677
official_bc,47,598,-293.0573397655377
official_bc,47,599,-291.8868189977236
official_bc,47,600,-291.94398879216817
official_bc,47,601,-291.56722833229196
official_bc,47,602,-299.5308184763032
official_bc,47,603,-285.84993586369126
official_bc,47,604,-297.036301590917
official_bc,47,605,-284.833242189579
official_bc,47,606,-288.5108136532841
official_bc,47,607,-285.07721187090306
official_bc,47,608,-290.28907520934365
official_bc,47,609,-291.97068166163484
official_bc,47,610,-290.63817629180096
official_bc,47,611,-290.4447209517858
official_bc,47,612,-288.4869732107984
official_bc,47,613,-278.63932794198786
official_bc,47,614,-296.8552637043274
official_bc,47,615,-281.5413035071506
official_bc,47,616,-272.95569548262733
official_bc,47,617,-288.9883751596934
official_bc,47,618,-277.24383697694896
official_bc,47,619,-297.5779505458635
official_bc,47,620,-297.7526109251394
official_bc,47,621,-290.75215326244046
official_bc,47,622,-296.14382432189984
official_bc,47,623,-295.30771435010877
official_bc,47,624,-291.5996102787457
official_bc,47,625,-296.46251258324185
official_bc,47,626,-296.0437787216564
official_bc,47,627,-293.499301751512
official_bc,47,628,-292.81658614139593
official_bc,47,629,-288.08222427774297
official_bc,47,630,-293.94617454405034
official_bc,47,631,-298.19415955179176
official_bc,47,632,-284.98159857926515
official_bc,47,633,-291.44554016569003
official_bc,47,634,-269.3237844672027
official_bc,47,635,-287.14209077216776
official_bc,47,636,-283.85052514362326
official_bc,47,637,-289.0626298283315
official_bc,47,638,-290.39561354494657
official_bc,47,639,-282.0815329722161
official_bc,47,640,-295.5167593721472
official_bc,47,641,-288.20687932791066
official_bc,47,642,-292.596780048997
official_bc,47,643,-298.147921888136
official_bc,47,644,-282.7629305963618
official_bc,47,645,-292.4598150140724
official_bc,47,646,-292.91783651654623
official_bc,47,647,-295.26783564440626
official_bc,47,648,-291.24702768398583
official_bc,47,649,-293.7498024859978
official_bc,47,650,-289.25408077556466
official_bc,47,651,-292.09288040239846
official_bc,47,652,-291.1577391534613
official_bc,47,653,-288.4748700344405
official_bc,47,654,-291.6466261568234
official_bc,47,655,-293.68277498245504
official_bc,47,656,-291.6081496950391
official_bc,47,657,-287.3739045245118
official_bc,47,658,-286.5081707318195
official_bc,47,659,-294.69938121401407
official_bc,47,660,-284.9092594023535
official_bc,47,661,-293.1248682922163
official_bc,47,662,-296.5396041817134
official_bc,47,663,-299.0059315000657
official_bc,47,664,-292.7217872176052
official_bc,47,665,-294.4618056530278
official_bc,47,666,-285.80863010263533
official_bc,47,667,-284.76567093918095
official_bc,47,668,-292.0359227244142
official_bc,47,669,-293.57864836607166
official_bc,47,670,-289.6926917036066
official_bc,47,671,-280.9714855895494
official_bc,47,672,-290.3473999059525
official_bc,47,673,-289.346650874333
official_bc,47,674,-284.00889499546315
official_bc,47,675,-291.7104511795476
official_bc,47,676,-294.33117755760804
official_bc,47,677,-292.37894751501824
official_bc,47,678,-294.8009712936693
official_bc,47,679,-295.31308938845416
official_bc,47,680,-289.5726093817228
official_bc,47,681,-296.35413180678506
official_bc,47,682,-293.2855967667892
official_bc,47,683,-294.074095639215
official_bc,47,684,-291.40884342360295
official_bc,47,685,-295.6779714652969
official_bc,47,686,-289.8491189968519
official_bc,47,687,-291.1998530057322
official_bc,47,688,-289.55456134830405
official_bc,47,689,-285.0001267805999
official_bc,47,690,-289.6173239056705
official_bc,47,691,-292.18923267340784
official_bc,47,692,-287.27516240141057
official_bc,47,693,-286.2223575176193
official_bc,47,694,-282.369741913979
official_bc,47,695,-287.4618964288848
official_bc,47,696,-288.5707048520817
official_bc,47,697,-294.0591756170616
official_bc,47,698,-299.27888431003845
official_bc,47,699,-294.32875656785245
official_bc,47,700,-287.52391281105724
official_bc,47,701,-299.986667433709
official_bc,47,702,-292.1565919353409
official_bc,47,703,-297.67195604681325
official_bc,47,704,-291.5060172689806
official_bc,47,705,-281.251311380656
official_bc,47,706,-290.15253065659306
official_bc,47,707,-289.3592692406149
official_bc,47,708,-285.12843829045096
official_bc,47,709,-287.97547143195254
official_bc,47,710,-292.61174232102286
official_bc,47,711,-292.12359505977236
official_bc,47,712,-288.0395641351505
official_bc,47,713,-287.4629103446949
official_bc,47,714,-294.9635273098171
official_bc,47,715,-291.1267957971944
official_bc,47,716,-297.73147293994896
official_bc,47,717,-298.2639215761602
official_bc,47,718,-295.12331667085
official_bc,47,719,-296.9389111016192
official_bc,47,720,-291.04155193752075
official_bc,47,721,-304.8480272971964
official_bc,47,722,-296.1399677109686
official_bc,47,723,-295.8601432231684
official_bc,47,724,-295.10968691020116
official_bc,47,725,-288.23439509682885
official_bc,47,726,-287.08675798156526
official_bc,47,727,-295.2703580810755
official_bc,47,728,-283.74725573357796
official_bc,47,729,-290.79660955824886
official_bc,47,730,-268.9552041776491
official_bc,47,731,-289.08112273884467
official_bc,47,732,-290.28940445068804
official_bc,47,733,-298.12966737795773
official_bc,47,734,-288.88860227430024
official_bc,47,735,-288.01177883461526
official_bc,47,736,-294.69701329128094
official_bc,47,737,-277.7149082987159
official_bc,47,738,-299.4465671256181
official_bc,47,739,-297.36120195841886
official_bc,47,740,-287.6351433200351
official_bc,47,741,-296.03134275661864
official_bc,47,742,-288.72102215708486
official_bc,47,743,-297.587826373752
official_bc,47,744,-297.39783218079833
official_bc,47,745,-295.4187671008955
official_bc,47,746,-290.5092110284433
official_bc,47,747,-290.88524580206854
official_bc,47,748,-294.4334175814004
official_bc,47,749,-281.7006773875573
official_bc,47,750,-293.67514646984904
official_bc,47,751,-294.20205145737026
official_bc,47,752,-289.5809820750874
official_bc,47,753,-289.01956336664483
official_bc,47,754,-291.1877560051408
official_bc,47,755,-291.32181737572404
official_bc,47,756,-290.43950950112986
official_bc,47,757,-297.6739748822241
official_bc,47,758,-290.17734134050625
official_bc,47,759,-290.11708456473394
official_bc,47,760,-287.76420204030705
official_bc,47,761,-291.75471405059517
official_bc,47,762,-286.1765532170566
official_bc,47,763,-290.7053360924109
official_bc,47,764,-291.6510077364139
official_bc,47,765,-289.66614934285343
official_bc,47,766,-292.80757690911344
official_bc,47,767,-292.7414044882856
official_bc,47,768,-292.6557574292427
official_bc,47,769,-295.19116484093024
official_bc,47,770,-292.42146440078966
official_bc,47,771,-301.1300178998967
official_bc,47,772,-283.5038652561609
official_bc,47,773,-290.0767587514291
official_bc,47,774,-283.4832730474909
official_bc,47,775,-287.8761002644008
official_bc,47,776,-294.6260864694286
official_bc,47,777,-294.7823574036088
official_bc,47,778,-300.8336600847215
official_bc,47,779,-295.35113111754106
official_bc,47,780,-287.4003174006856
official_bc,47,781,-288.4706362725508
official_bc,47,782,-284.20243228164077
official_bc,47,783,-283.68425861987305
official_bc,47,784,-295.371417452219
official_bc,47,785,-285.4280351906136
official_bc,47,786,-290.8040880968263
official_bc,47,787,-288.5940369228764
official_bc,47,788,-295.1679697101924
official_bc,47,789,-289.5267523274806
official_bc,47,790,-294.13986364347033
official_bc,47,791,-285.3377086819298
official_bc,47,792,-283.4766664150019
official_bc,47,793,-283.5829773014494
official_bc,47,794,-296.5119081468704
official_bc,47,795,-294.27850871364586
official_bc,47,796,-288.2700297049356
official_bc,47,797,-290.6654397853906
official_bc,47,798,-297.2455049029997
official_bc,47,799,-292.65194950169496
official_bc,47,800,-289.7140353714342
official_bc,47,801,-283.15439451821356
official_bc,47,802,-294.83299059468914
official_bc,47,803,-282.3021938008338
official_bc,47,804,-287.28555160609045
official_bc,47,805,-292.34057219089766
official_bc,47,806,-294.6433178391137
official_bc,47,807,-293.1024371102916
official_bc,47,808,-281.80674521624655
official_bc,47,809,-287.96363046008884
official_bc,47,810,-299.2112040819001
official_bc,47,811,-287.25181432985113
official_bc,47,812,-295.88830008437606
official_bc,47,813,-294.6739155210359
official_bc,47,814,-294.6211354525278
official_bc,47,815,-294.08638898574225
official_bc,47,816,-287.8421211403674
official_bc,47,817,-294.7208106931335
official_bc,47,818,-278.64848792376057
official_bc,47,819,-292.225375941044
official_bc,47,820,-293.76382665046356
official_bc,47,821,-291.05918279589724
official_bc,47,822,-292.6520026366293
official_bc,47,823,-290.797488261018
official_bc,47,824,-294.93210777911816
official_bc,47,825,-288.6792632011567
official_bc,47,826,-294.0725483211763
official_bc,47,827,-295.64294084797575
official_bc,47,828,-289.694180364731
official_bc,47,829,-289.5332912209158
official_bc,47,830,-291.7131569494825
official_bc,47,831,-292.5698450249191
official_bc,47,832,-290.6051624289272
official_bc,47,833,-297.21943108449335
official_bc,47,834,-283.7733181588502
official_bc,47,835,-292.66058342339056
official_bc,47,836,-283.2408678929679
official_bc,47,837,-281.2443006894363
official_bc,47,838,-292.6184770581891
official_bc,47,839,-291.3780627104178
official_bc,47,840,-292.7768261358417
official_bc,47,841,-295.7011360204165
official_bc,47,842,-291.8754498348154
official_bc,47,843,-293.0920329453788
official_bc,47,844,-294.7816614359984
official_bc,47,845,-284.05405978169017
official_bc,47,846,-293.5391701650691
official_bc,47,847,-293.87045248442007
official_bc,47,848,-286.95400893540443
official_bc,47,849,-284.9754681131334
official_bc,47,850,-295.0930725467015
official_bc,47,851,-291.82616836389093
official_bc,47,852,-290.0728842899253
official_bc,47,853,-293.96460698726116
official_bc,47,854,-285.440978170531
official_bc,47,855,-291.2197786163534
official_bc,47,856,-295.25789891175145
official_bc,47,857,-289.0620838525637
official_bc,47,858,-293.0450417335353
official_bc,47,859,-288.9397142252589
official_bc,47,860,-286.87604004461843
official_bc,47,861,-294.7044722481794
official_bc,47,862,-291.63238696056123
official_bc,47,863,-282.5490091266813
official_bc,47,864,-286.67295113763043
official_bc,47,865,-279.6738745653896
official_bc,47,866,-291.29875579827495
official_bc,47,867,-293.6373165102908
official_bc,47,868,-276.0560379041855
official_bc,47,869,-287.895063618099
official_bc,47,870,-300.12140475766944
official_bc,47,871,-296.2429941145917
official_bc,47,872,-295.4432078379564
official_bc,47,873,-286.0317978754906
official_bc,47,874,-292.0102282960468
official_bc,47,875,-296.5562879994573
official_bc,47,876,-294.4092271308878
official_bc,47,877,-276.91495072229026
official_bc,47,878,-294.7501172457833
official_bc,47,879,-295.07205818633696
official_bc,47,880,-294.76391035616757
official_bc,47,881,-290.0161751377996
official_bc,47,882,-290.4845563666968
official_bc,47,883,-289.7608403576352
official_bc,47,884,-283.7487043752684
official_bc,47,885,-292.97404301223474
official_bc,47,886,-291.6693105689332
official_bc,47,887,-283.85496643676674
official_bc,47,888,-291.7377808658282
official_bc,47,889,-298.49321759333003
official_bc,47,890,-292.11547837397984
official_bc,47,891,-293.2471889580589
official_bc,47,892,-294.1206320277198
official_bc,47,893,-286.4208236790732
official_bc,47,894,-294.68169767144155
official_bc,47,895,-292.0558370956903
official_bc,47,896,-297.1075016866942
official_bc,47,897,-290.88787761696676
official_bc,47,898,-271.30028093423635
official_bc,47,899,-289.5741213027401
official_bc,47,900,-278.1810338539283
official_bc,47,901,-297.05061728865684
official_bc,47,902,-289.69701500377676
official_bc,47,903,-284.1426896428617
official_bc,47,904,-292.7682410476241
official_bc,47,905,-294.342741832103
official_bc,47,906,-294.15680650666985
official_bc,47,907,-291.35285864402454
official_bc,47,908,-289.5855544048744
official_bc,47,909,-291.8583688506599
official_bc,47,910,-295.7718625131929
official_bc,47,911,-297.68502319715134
official_bc,47,912,-289.34309041906437
official_bc,47,913,-296.9868337093201
official_bc,47,914,-293.6074595081451
official_bc,47,915,-287.88705670747663
official_bc,47,916,-285.1514768753684
official_bc,47,917,-284.0388676438418
official_bc,47,918,-282.5605486130025
official_bc,47,919,-282.4999401096387
official_bc,47,920,-284.52114163633803
official_bc,47,921,-290.75576840567913
official_bc,47,922,-295.2357002603362
official_bc,47,923,-294.7210026553846
official_bc,47,924,-285.93855367373544
official_bc,47,925,-288.31199282131234
official_bc,47,926,-302.2605372513522
official_bc,47,927,-288.61016911032874
official_bc,47,928,-295.1963865517041
official_bc,47,929,-294.4615652339614
official_bc,47,930,-283.56632612953285
official_bc,47,931,-300.2534660325148
official_bc,47,932,-284.57550247218416
official_bc,47,933,-290.3872128189321
official_bc,47,934,-291.2110359543545
official_bc,47,935,-287.73702751403255
official_bc,47,936,-291.0559425422872
official_bc,47,937,-277.06793213146034
official_bc,47,938,-289.02077714047465
official_bc,47,939,-292.6705549158463
official_bc,47,940,-295.3319861461463
official_bc,47,941,-293.37674808753724
official_bc,47,942,-291.3101172282591
official_bc,47,943,-293.42445278126195
official_bc,47,944,-292.15722722927023
official_bc,47,945,-286.0450818874271
official_bc,47,946,-283.9795007594793
official_bc,47,947,-293.2064206667893
official_bc,47,948,-285.29336443071287
official_bc,47,949,-292.21636203904956
official_bc,47,950,-286.68035323409504
official_bc,47,951,-290.69462738556444
official_bc,47,952,-293.76959006659285
official_bc,47,953,-287.75229366905216
official_bc,47,954,-298.76164421942445
official_bc,47,955,-292.54849299517923
official_bc,47,956,-280.68335901426235
official_bc,47,957,-286.08239054029957
official_bc,47,958,-292.4726179202071
official_bc,47,959,-297.72567062376567
official_bc,47,960,-292.6238099361515
official_bc,47,961,-286.10482784499925
official_bc,47,962,-293.2479757981504
official_bc,47,963,-297.4452817453109
official_bc,47,964,-296.52718271214235
official_bc,47,965,-295.6780919209871
official_bc,47,966,-282.9949453860702
official_bc,47,967,-291.09368790708254
official_bc,47,968,-290.42534919648585
official_bc,47,969,-291.581401052764
official_bc,47,970,-295.1777767702676
official_bc,47,971,-297.02069945365145
official_bc,47,972,-292.54372229280966
official_bc,47,973,-286.11502236959706
official_bc,47,974,-284.86314818460596
official_bc,47,975,-290.5295991680226
official_bc,47,976,-295.80735005525
official_bc,47,977,-291.5934394343019
official_bc,47,978,-293.02804898791334
official_bc,47,979,-287.0485212229498
official_bc,47,980,-293.9734880313989
official_bc,47,981,-287.6781948617052
official_bc,47,982,-286.73239906377296
official_bc,47,983,-287.0845784004115
official_bc,47,984,-294.11433704141535
official_bc,47,985,-291.69737921689875
official_bc,47,986,-290.55024500766365
official_bc,47,987,-292.4210392836486
official_bc,47,988,-295.631679553489
official_bc,47,989,-293.5309096688301
official_bc,47,990,-295.59651095412676
official_bc,47,991,-287.8525821872735
official_bc,47,992,-296.18073304667007
official_bc,47,993,-288.33380174063177
official_bc,47,994,-285.7335237807275
official_bc,47,995,-295.5513746892367
official_bc,47,996,-294.5176749945289
official_bc,47,997,-294.075793604696
official_bc,47,998,-282.71569165898495
official_bc,47,999,-291.39979411161846
official_bc,47,1000,-281.53336846799897
official_bc,48,1,-193.89244414799094
official_bc,48,2,-203.3079690458315
official_bc,48,3,-209.74430497716963
official_bc,48,4,-202.95596876247538
official_bc,48,5,-200.20131431262257
official_bc,48,6,-189.08136337278546
official_bc,48,7,-239.1780458623335
official_bc,48,8,-276.3084431181968
official_bc,48,9,-184.84030197703888
official_bc,48,10,-291.4470255329183
official_bc,48,11,-224.38956956992786
official_bc,48,12,-275.6535701148913
official_bc,48,13,-267.09530173348827
official_bc,48,14,-191.0325303144096
official_bc,48,15,-168.40555171365537
official_bc,48,16,-228.88450991519267
official_bc,48,17,-278.9814352067272
official_bc,48,18,-214.45525975059547
official_bc,48,19,-301.4403218952034
official_bc,48,20,-276.4353286390432
official_bc,48,21,-303.3715853136881
official_bc,48,22,-256.9644640571263
official_bc,48,23,-178.4887763750613
official_bc,48,24,-219.6762672136071
official_bc,48,25,-307.03523603742406
official_bc,48,26,-262.0019158232672
official_bc,48,27,-235.3359117701476
official_bc,48,28,-237.9683394664766
official_bc,48,29,-233.8543013329395
official_bc,48,30,-296.4856090713785
official_bc,48,31,-178.60340049647198
official_bc,48,32,-283.2848746425677
official_bc,48,33,-279.54738494089764
official_bc,48,34,-273.2273552058419
official_bc,48,35,-274.801307668592
official_bc,48,36,-288.0526174141157
official_bc,48,37,-272.2441190614487
official_bc,48,38,-279.10857263639025
official_bc,48,39,-287.4999500837624
official_bc,48,40,-283.20346320764185
official_bc,48,41,-284.6179640082462
official_bc,48,42,-283.116614718585
official_bc,48,43,-274.18919624680865
official_bc,48,44,-275.2630423742361
official_bc,48,45,-273.9205659912929
official_bc,48,46,-277.4785489703688
official_bc,48,47,-274.7136285417682
official_bc,48,48,-277.72488213018755
official_bc,48,49,-278.4422274321555
official_bc,48,50,-277.3248230778893
official_bc,48,51,-281.58093942571446
official_bc,48,52,-286.7185255153501
official_bc,48,53,-287.6032698395539
official_bc,48,54,-294.6144197272704
official_bc,48,55,-291.2594941356039
official_bc,48,56,-296.6295454081729
official_bc,48,57,-291.61405003567694
official_bc,48,58,-281.21606983661684
official_bc,48,59,-306.8624348749983
official_bc,48,60,-298.9571315317945
official_bc,48,61,-300.44317663829617
official_bc,48,62,-296.2977163481916
official_bc,48,63,-297.58718403546857
official_bc,48,64,-295.06337276334915
official_bc,48,65,-292.65582053374857
official_bc,48,66,-291.41447686514084
official_bc,48,67,-283.3944349166701
official_bc,48,68,-276.40387566554244
official_bc,48,69,-277.63168708001155
official_bc,48,70,-281.36108959779233
official_bc,48,71,-282.331912378839
official_bc,48,72,-279.7764836785651
official_bc,48,73,-283.6547598284327
official_bc,48,74,-281.50093233394335
official_bc,48,75,-277.6741952156086
official_bc,48,76,-288.55744795079926
official_bc,48,77,-285.72733805797554
official_bc,48,78,-290.4263379225604
official_bc,48,79,-290.4694914676709
official_bc,48,80,-287.1666718237876
official_bc,48,81,-296.71763127887374
official_bc,48,82,-298.48297559759015
official_bc,48,83,-301.409788145748
official_bc,48,84,-298.70506919747254
official_bc,48,85,-291.6559113606862
official_bc,48,86,-289.087821774424
official_bc,48,87,-279.3188022675777
official_bc,48,88,-284.8152703224009
official_bc,48,89,-296.242589220661
official_bc,48,90,-289.3103658256257
official_bc,48,91,-278.0110650202795
official_bc,48,92,-291.8755581923597
official_bc,48,93,-276.92241390318077
official_bc,48,94,-287.5321378992884
official_bc,48,95,-289.79257008584455
official_bc,48,96,-288.3447409470758
official_bc,48,97,-294.71787530721787
official_bc,48,98,-293.70325198122737
official_bc,48,99,-289.7444613284729
official_bc,48,100,-292.69613068365436
official_bc,48,101,-299.1395766413867
official_bc,48,102,-283.6337709342584
official_bc,48,103,-295.9300853065306
official_bc,48,104,-294.78665214561295
official_bc,48,105,-279.1288760757558
official_bc,48,106,-279.25022140910147
official_bc,48,107,-292.00650964426944
official_bc,48,108,-286.5974322710581
official_bc,48,109,-288.63997155816656
official_bc,48,110,-280.4437690281607
official_bc,48,111,-284.56241617847036
official_bc,48,112,-281.24950010887704
official_bc,48,113,-292.0180325768465
official_bc,48,114,-295.5120581424265
official_bc,48,115,-288.13572259950723
official_bc,48,116,-292.2737570381884
official_bc,48,117,-294.87633955038746
official_bc,48,118,-292.77725905291527
official_bc,48,119,-291.698656981865
official_bc,48,120,-297.3982620423086
official_bc,48,121,-300.3240055258953
official_bc,48,122,-292.14859299988143
official_bc,48,123,-287.5947034813207
official_bc,48,124,-292.02362646435074
official_bc,48,125,-287.2465567542781
official_bc,48,126,-287.51582325851734
official_bc,48,127,-288.58813618964246
official_bc,48,128,-276.68312789860676
official_bc,48,129,-276.6862471387203
official_bc,48,130,-282.88141900459743
official_bc,48,131,-278.32805384150646
official_bc,48,132,-294.61031134095253
official_bc,48,133,-277.9553025456207
official_bc,48,134,-298.26454126945737
official_bc,48,135,-293.318267524885
official_bc,48,136,-294.343590378898
official_bc,48,137,-294.3947839171805
official_bc,48,138,-291.45943875548613
official_bc,48,139,-292.3088591290229
official_bc,48,140,-298.9895046059038
official_bc,48,141,-284.23819730484684
official_bc,48,142,-296.53766786738197
official_bc,48,143,-292.3897768746997
official_bc,48,144,-279.2197519001164
official_bc,48,145,-295.3659727376504
official_bc,48,146,-281.8090296553204
official_bc,48,147,-294.8745791852016
official_bc,48,148,-295.7785401666581
official_bc,48,149,-289.58651191493834
official_bc,48,150,-289.4791855928419
official_bc,48,151,-288.46270040499894
official_bc,48,152,-288.515415607675
official_bc,48,153,-294.93294036587884
official_bc,48,154,-293.9039648964108
official_bc,48,155,-290.65487718109836
official_bc,48,156,-281.49507211565094
official_bc,48,157,-296.9965193212524
official_bc,48,158,-299.96935731426055
official_bc,48,159,-295.28890738067844
official_bc,48,160,-288.68606592847783
official_bc,48,161,-298.08816517960906
official_bc,48,162,-294.3748295196433
official_bc,48,163,-290.7131297829263
official_bc,48,164,-296.5554405541736
official_bc,48,165,-296.19406469630593
official_bc,48,166,-289.50755295172274
official_bc,48,167,-284.64093370872024
official_bc,48,168,-288.27111596459275
official_bc,48,169,-290.34209139368204
official_bc,48,170,-275.04373335573024
official_bc,48,171,-295.61413977023676
official_bc,48,172,-291.52017896103183
official_bc,48,173,-286.97034346018665
official_bc,48,174,-301.9852421960731
official_bc,48,175,-298.96866469985133
official_bc,48,176,-286.3806372925616
official_bc,48,177,-300.91871733017723
official_bc,48,178,-291.717731653415
official_bc,48,179,-294.6803611960885
official_bc,48,180,-289.10897596057964
official_bc,48,181,-294.4716072423966
official_bc,48,182,-287.5290331816448
official_bc,48,183,-285.8618895317425
official_bc,48,184,-289.08208450061295
official_bc,48,185,-296.232614757671
official_bc,48,186,-284.86663859790485
official_bc,48,187,-282.8132945117386
official_bc,48,188,-286.9877098276296
official_bc,48,189,-287.58579285382626
official_bc,48,190,-287.18440973273687
official_bc,48,191,-292.626618546871
official_bc,48,192,-291.5317719116676
official_bc,48,193,-294.2160336763694
official_bc,48,194,-289.0208708490504
official_bc,48,195,-284.2468960602496
official_bc,48,196,-284.36266430434426
official_bc,48,197,-292.63773100312335
official_bc,48,198,-285.6112906506024
official_bc,48,199,-297.34395926893586
official_bc,48,200,-295.8388599139845
official_bc,48,201,-287.7514658297743
official_bc,48,202,-291.5625796557161
official_bc,48,203,-295.30665321249336
official_bc,48,204,-294.05839061054337
official_bc,48,205,-285.1179424397406
official_bc,48,206,-285.3629037043087
official_bc,48,207,-284.97484827208604
official_bc,48,208,-293.78859562926874
official_bc,48,209,-293.48646999330464
official_bc,48,210,-294.8888460069481
official_bc,48,211,-290.22295350297964
official_bc,48,212,-293.9321984047443
official_bc,48,213,-289.8355670483433
official_bc,48,214,-292.8229803915341
official_bc,48,215,-285.61023372828964
official_bc,48,216,-294.3206280580779
official_bc,48,217,-281.3628314455129
official_bc,48,218,-290.77151541991486
official_bc,48,219,-296.6057740529273
official_bc,48,220,-280.23788490188394
official_bc,48,221,-296.09622992461385
official_bc,48,222,-292.48425881652634
official_bc,48,223,-291.3259619856885
official_bc,48,224,-279.65835007016256
official_bc,48,225,-284.7987031872312
official_bc,48,226,-287.85056978724117
official_bc,48,227,-294.86678605828297
official_bc,48,228,-289.0633637566496
official_bc,48,229,-288.0672044130009
official_bc,48,230,-290.74927385661755
official_bc,48,231,-298.57757657207094
official_bc,48,232,-288.9496437931797
official_bc,48,233,-284.12608341748734
official_bc,48,234,-293.48977576985476
official_bc,48,235,-290.33732395022616
official_bc,48,236,-288.5717727894546
official_bc,48,237,-293.67655021990544
official_bc,48,238,-290.09751392332225
official_bc,48,239,-290.40456990470227
official_bc,48,240,-287.1939592533081
official_bc,48,241,-296.1696649147293
official_bc,48,242,-287.0982086369328
official_bc,48,243,-294.5349870196931
official_bc,48,244,-288.01495306687406
official_bc,48,245,-287.73295341231517
official_bc,48,246,-290.88642785276505
official_bc,48,247,-293.5702257050207
official_bc,48,248,-289.8952989670213
official_bc,48,249,-293.1020631389513
official_bc,48,250,-295.70569480512165
official_bc,48,251,-287.235685319128
official_bc,48,252,-289.6208375406434
official_bc,48,253,-294.48149238644737
official_bc,48,254,-289.42502716244167
official_bc,48,255,-294.89135705947217
official_bc,48,256,-298.1013484440823
official_bc,48,257,-289.7728498758642
official_bc,48,258,-296.96521515496545
official_bc,48,259,-294.8010812223407
official_bc,48,260,-289.41476909316924
official_bc,48,261,-291.7804076937647
official_bc,48,262,-291.81368710064714
official_bc,48,263,-284.1763027343736
official_bc,48,264,-273.9616185491556
official_bc,48,265,-284.68316636595625
official_bc,48,266,-296.4815907366631
official_bc,48,267,-294.05259184589
official_bc,48,268,-297.2267442726994
official_bc,48,269,-292.61855160446436
official_bc,48,270,-293.9896157690639
official_bc,48,271,-284.474344015713
official_bc,48,272,-284.99373932298215
official_bc,48,273,-295.45741870164954
official_bc,48,274,-297.72720242705384
official_bc,48,275,-288.3691281194425
official_bc,48,276,-287.09920600460026
official_bc,48,277,-289.44859787547574
official_bc,48,278,-298.2243334953761
official_bc,48,279,-282.09372155866384
official_bc,48,280,-287.7297761930909
official_bc,48,281,-295.67251583038524
official_bc,48,282,-275.68563278629824
official_bc,48,283,-285.10253404921593
official_bc,48,284,-287.1652722213166
official_bc,48,285,-290.6496770931922
official_bc,48,286,-286.4473641481308
official_bc,48,287,-292.12021891572067
official_bc,48,288,-287.26430874129414
official_bc,48,289,-291.39890218724184
official_bc,48,290,-288.4812053539723
official_bc,48,291,-296.5374877783407
official_bc,48,292,-282.0840917655056
official_bc,48,293,-290.0892358191628
official_bc,48,294,-292.83055038639355
official_bc,48,295,-291.59300855688684
official_bc,48,296,-298.21006576765757
official_bc,48,297,-288.4340140879182
official_bc,48,298,-293.87416435521584
official_bc,48,299,-297.2608480184307
official_bc,48,300,-282.7892648318502
official_bc,48,301,-285.80538094158203
official_bc,48,302,-290.0617698290829
official_bc,48,303,-297.83076077590727
official_bc,48,304,-288.19461331072273
official_bc,48,305,-291.6877660268169
official_bc,48,306,-295.6951745721954
official_bc,48,307,-296.1039639476736
official_bc,48,308,-293.80652566795607
official_bc,48,309,-291.6241868099594
official_bc,48,310,-290.5881862962034
official_bc,48,311,-295.4559208192053
official_bc,48,312,-293.11603809760675
official_bc,48,313,-280.65843838729114
official_bc,48,314,-289.99394961327494
official_bc,48,315,-290.16644924228876
official_bc,48,316,-289.1267378174191
official_bc,48,317,-287.29600703154813
official_bc,48,318,-287.0400725718845
official_bc,48,319,-293.03128452721495
official_bc,48,320,-289.42940461874264
official_bc,48,321,-262.2066926250669
official_bc,48,322,-293.19374910908573
official_bc,48,323,-289.06535698331095
official_bc,48,324,-295.9372273019405
official_bc,48,325,-296.12399230405106
official_bc,48,326,-296.0321079560265
official_bc,48,327,-287.007368934356
official_bc,48,328,-296.89280699745143
official_bc,48,329,-293.01591937367107
official_bc,48,330,-281.94962473977904
official_bc,48,331,-294.5102150331451
official_bc,48,332,-290.09872964580023
official_bc,48,333,-287.0028218174755
official_bc,48,334,-298.71149240150004
official_bc,48,335,-296.87405940745595
official_bc,48,336,-289.25345023789646
official_bc,48,337,-285.39041388787336
official_bc,48,338,-282.45590035460293
official_bc,48,339,-293.9850080401665
official_bc,48,340,-290.64846334799176
official_bc,48,341,-287.7384991684502
official_bc,48,342,-294.85012131149733
official_bc,48,343,-267.5497010017119
official_bc,48,344,-296.58860362209754
official_bc,48,345,-290.6670107838235
official_bc,48,346,-285.2165678571587
official_bc,48,347,-279.953504322391
official_bc,48,348,-293.6414871193355
official_bc,48,349,-296.19303398945954
official_bc,48,350,-287.43405511366296
official_bc,48,351,-296.7293451701286
official_bc,48,352,-295.61743865948927
official_bc,48,353,-292.1740611474768
official_bc,48,354,-296.83504970688546
official_bc,48,355,-293.94060383414165
official_bc,48,356,-299.7035227103994
official_bc,48,357,-290.4413132367225
official_bc,48,358,-286.70245194610226
official_bc,48,359,-280.61458529838416
official_bc,48,360,-291.7629801019254
official_bc,48,361,-285.77106729871815
official_bc,48,362,-279.2357768710972
official_bc,48,363,-293.38220227483066
official_bc,48,364,-275.41043819563515
official_bc,48,365,-282.120918766313
official_bc,48,366,-295.5884761013814
official_bc,48,367,-290.63147486635665
official_bc,48,368,-288.33732654119547
official_bc,48,369,-299.5403869290938
official_bc,48,370,-298.21394028431087
official_bc,48,371,-291.27906732189444
official_bc,48,372,-298.02787869930216
official_bc,48,373,-299.91859463936737
official_bc,48,374,-295.1316874083743
official_bc,48,375,-293.74689332332906
official_bc,48,376,-287.2730957087082
official_bc,48,377,-287.76506482507784
official_bc,48,378,-292.04369532461516
official_bc,48,379,-288.14411585145615
official_bc,48,380,-284.23624393596776
official_bc,48,381,-288.22177545258273
official_bc,48,382,-284.04066248219425
official_bc,48,383,-294.10791487074147
official_bc,48,384,-282.50032925855646
official_bc,48,385,-285.08469933879985
official_bc,48,386,-277.1742961478428
official_bc,48,387,-287.96102941107233
official_bc,48,388,-295.1134620514433
official_bc,48,389,-293.0233106827644
official_bc,48,390,-285.8817760993362
official_bc,48,391,-293.7233145842672
official_bc,48,392,-300.20047302303556
official_bc,48,393,-301.36481160798274
official_bc,48,394,-288.0941336271743
official_bc,48,395,-285.31477233097013
official_bc,48,396,-288.2964584974795
official_bc,48,397,-293.555572439772
official_bc,48,398,-296.4124267363275
official_bc,48,399,-291.6411448803421
official_bc,48,400,-292.52463251541076
official_bc,48,401,-289.2326527009594
official_bc,48,402,-293.30365249147906
official_bc,48,403,-296.4900839414414
official_bc,48,404,-291.02300264466055
official_bc,48,405,-292.9464985484177
official_bc,48,406,-295.91266185301
official_bc,48,407,-275.0251589107708
official_bc,48,408,-290.4604249283605
official_bc,48,409,-293.74359286036645
official_bc,48,410,-288.14181598251594
official_bc,48,411,-292.48159411574676
official_bc,48,412,-285.09727053922
official_bc,48,413,-292.855961053101
official_bc,48,414,-284.42760506874146
official_bc,48,415,-289.4903645882903
official_bc,48,416,-294.0267674193452
official_bc,48,417,-289.4941103707957
official_bc,48,418,-285.39423941285787
official_bc,48,419,-283.30405942850484
official_bc,48,420,-285.22380388358
official_bc,48,421,-287.31741465645854
official_bc,48,422,-284.63457313032995
official_bc,48,423,-290.9726495780395
official_bc,48,424,-297.1276641163257
official_bc,48,425,-290.44528394881036
official_bc,48,426,-290.87707573063733
official_bc,48,427,-298.4162588396487
official_bc,48,428,-293.77295585330427
official_bc,48,429,-291.239366547291
official_bc,48,430,-291.9371780543773
official_bc,48,431,-293.98876816976997
official_bc,48,432,-285.7973029285992
official_bc,48,433,-290.50401720240535
official_bc,48,434,-289.85851298567394
official_bc,48,435,-292.9095239229787
official_bc,48,436,-287.2795381347512
official_bc,48,437,-280.9591106973866
official_bc,48,438,-290.23745171184186
official_bc,48,439,-291.1948331930711
official_bc,48,440,-289.893871943235
official_bc,48,441,-284.06625654312427
official_bc,48,442,-290.24233467738907
official_bc,48,443,-291.0774641891081
official_bc,48,444,-292.1074700653783
official_bc,48,445,-292.1514711687172
official_bc,48,446,-296.56228240517237
official_bc,48,447,-294.68394156603284
official_bc,48,448,-298.5265990984378
official_bc,48,449,-295.736655364144
official_bc,48,450,-294.71740884123176
official_bc,48,451,-293.3607897470516
official_bc,48,452,-287.12328198957965
official_bc,48,453,-290.02632214705557
official_bc,48,454,-285.5673198184007
official_bc,48,455,-286.9367083308773
official_bc,48,456,-290.19013091186036
official_bc,48,457,-286.1317152443497
official_bc,48,458,-286.11770248096883
official_bc,48,459,-279.3517069534795
official_bc,48,460,-283.7315305760404
official_bc,48,461,-287.76009806828137
official_bc,48,462,-284.4564828873373
official_bc,48,463,-296.2174822794069
official_bc,48,464,-292.8464028672969
official_bc,48,465,-293.08384516595936
official_bc,48,466,-290.8176759530006
official_bc,48,467,-293.9443432815491
official_bc,48,468,-273.36267902959554
official_bc,48,469,-295.6296760708924
official_bc,48,470,-295.43843849537495
official_bc,48,471,-289.3499040862789
official_bc,48,472,-284.88495655347856
official_bc,48,473,-297.5647919426511
official_bc,48,474,-285.08584249810224
official_bc,48,475,-293.9491787544787
official_bc,48,476,-292.0591191615527
official_bc,48,477,-291.5975502275163
official_bc,48,478,-293.294200253975
official_bc,48,479,-295.7188360982802
official_bc,48,480,-291.981656767529
official_bc,48,481,-286.74746406578726
official_bc,48,482,-290.4085815881515
official_bc,48,483,-288.6696255903337
official_bc,48,484,-289.89853772080767
official_bc,48,485,-287.0513541688501
official_bc,48,486,-298.9592680359399
official_bc,48,487,-291.3577560045844
official_bc,48,488,-291.76680801668954
official_bc,48,489,-298.13725689209133
official_bc,48,490,-280.7121929282239
official_bc,48,491,-294.16411459491894
official_bc,48,492,-297.7513482735694
official_bc,48,493,-297.509858514669
official_bc,48,494,-286.827733394695
official_bc,48,495,-295.20757196285615
official_bc,48,496,-284.6256917019963
official_bc,48,497,-295.8541915300917
official_bc,48,498,-295.07347158195057
official_bc,48,499,-287.0454864741456
official_bc,48,500,-287.0579281897603
official_bc,48,501,-293.7589989938201
official_bc,48,502,-290.7453804587005
official_bc,48,503,-293.5076400420993
official_bc,48,504,-282.2379546235134
official_bc,48,505,-292.852032727001
official_bc,48,506,-287.30981646918514
official_bc,48,507,-285.4096835942178
official_bc,48,508,-302.4424841648745
official_bc,48,509,-290.5927895344765
official_bc,48,510,-299.55874231385735
official_bc,48,511,-291.20250355476986
official_bc,48,512,-294.05170267433186
official_bc,48,513,-296.5202421230631
official_bc,48,514,-294.64036703429656
official_bc,48,515,-293.2695563497195
official_bc,48,516,-283.7571950746011
official_bc,48,517,-293.40209099477755
official_bc,48,518,-284.6223297556082
official_bc,48,519,-289.065399079615
official_bc,48,520,-286.235846048092
official_bc,48,521,-296.8305732337981
official_bc,48,522,-288.8516933669725
official_bc,48,523,-289.1464904622639
official_bc,48,524,-288.5345015927975
official_bc,48,525,-295.47761002658086
official_bc,48,526,-292.6846644130796
official_bc,48,527,-290.8647350526304
official_bc,48,528,-292.80472167220825
official_bc,48,529,-298.32074663503215
official_bc,48,530,-296.0680766021403
official_bc,48,531,-284.66074477495744
official_bc,48,532,-296.22935813765037
official_bc,48,533,-294.53234559646484
official_bc,48,534,-293.9548172027261
official_bc,48,535,-295.386396360271
official_bc,48,536,-294.54503504976367
official_bc,48,537,-279.75316459209233
official_bc,48,538,-290.8660419329691
official_bc,48,539,-287.9737477167124
official_bc,48,540,-284.94401367864896
official_bc,48,541,-292.3577024339987
official_bc,48,542,-290.70337406376694
official_bc,48,543,-292.34074819935574
official_bc,48,544,-295.6854287356336
official_bc,48,545,-280.43052858660934
official_bc,48,546,-297.0665103892854
official_bc,48,547,-290.52788877791846
official_bc,48,548,-294.8214105783952
official_bc,48,549,-293.44007693114145
official_bc,48,550,-298.8992293400738
official_bc,48,551,-285.9337950555456
official_bc,48,552,-292.370468943934
official_bc,48,553,-293.8361823444827
official_bc,48,554,-290.2700010043207
official_bc,48,555,-296.19849820605873
official_bc,48,556,-293.99114211821757
official_bc,48,557,-283.37745618649546
official_bc,48,558,-287.4239861741218
official_bc,48,559,-289.55910716118825
official_bc,48,560,-293.97873717591347
official_bc,48,561,-290.8909727439169
official_bc,48,562,-290.26518500457644
official_bc,48,563,-292.2389786509432
official_bc,48,564,-293.4439806920037
official_bc,48,565,-283.52356662783154
official_bc,48,566,-296.8875952823805
official_bc,48,567,-292.11604007393913
official_bc,48,568,-289.43311922921635
official_bc,48,569,-295.5531066238078
official_bc,48,570,-294.4774283104672
official_bc,48,571,-289.05324917058584
official_bc,48,572,-289.9455284726301
official_bc,48,573,-296.28906714654624
official_bc,48,574,-292.21190531547256
official_bc,48,575,-296.477188607055
official_bc,48,576,-294.0870448141904
official_bc,48,577,-289.18327933994976
official_bc,48,578,-290.2793319773873
official_bc,48,579,-285.4470758795691
official_bc,48,580,-292.2206699031971
official_bc,48,581,-282.5292656449677
official_bc,48,582,-291.82683446372323
official_bc,48,583,-282.16677409054455
official_bc,48,584,-288.2136205736069
official_bc,48,585,-292.571720458574
official_bc,48,586,-294.28798392414274
official_bc,48,587,-293.34023564833967
official_bc,48,588,-294.14432966564965
official_bc,48,589,-296.4392257408283
official_bc,48,590,-296.99006157705355
official_bc,48,591,-294.4060842733942
official_bc,48,592,-292.4992925929504
official_bc,48,593,-293.16406804396877
official_bc,48,594,-290.32433916396735
official_bc,48,595,-296.1800114763253
official_bc,48,596,-290.489933993464
official_bc,48,597,-290.2148340685195
official_bc,48,598,-293.1282048371083
official_bc,48,599,-287.4180618411481
official_bc,48,600,-265.905130136108
official_bc,48,601,-293.2562871523319
official_bc,48,602,-291.5979060437675
official_bc,48,603,-278.26461895225043
official_bc,48,604,-278.22231539401463
official_bc,48,605,-296.3871673504413
official_bc,48,606,-293.64757509004505
official_bc,48,607,-295.70462937197055
official_bc,48,608,-287.9863886390922
official_bc,48,609,-298.21988366086794
official_bc,48,610,-299.92221211019023
official_bc,48,611,-293.8156878045838
official_bc,48,612,-287.0378766453177
official_bc,48,613,-291.77199394964657
official_bc,48,614,-294.0975620110688
official_bc,48,615,-290.2009937746545
official_bc,48,616,-295.98214077449245
official_bc,48,617,-282.5704904133492
official_bc,48,618,-291.92868613890266
official_bc,48,619,-297.6060410809993
official_bc,48,620,-294.92080036211553
official_bc,48,621,-286.2595318712316
official_bc,48,622,-271.61983824687496
official_bc,48,623,-286.47828036636787
official_bc,48,624,-295.37031069180813
official_bc,48,625,-279.34088071717724
official_bc,48,626,-289.1637602232444
official_bc,48,627,-296.3533477945292
official_bc,48,628,-299.26867085257885
official_bc,48,629,-292.724729802648
official_bc,48,630,-286.9005524066015
official_bc,48,631,-292.1657003846661
official_bc,48,632,-288.43201046634124
official_bc,48,633,-292.6019926846218
official_bc,48,634,-293.71888666424405
official_bc,48,635,-283.8707462518388
official_bc,48,636,-291.2369173269468
official_bc,48,637,-286.76359294853614
official_bc,48,638,-290.65492426456444
official_bc,48,639,-289.88519687641457
official_bc,48,640,-286.35323168309003
official_bc,48,641,-284.4976630538892
official_bc,48,642,-292.2092842695097
official_bc,48,643,-297.25676350509906
official_bc,48,644,-299.3334367897795
official_bc,48,645,-293.87458772206276
official_bc,48,646,-294.94196728002476
official_bc,48,647,-285.9967311688867
official_bc,48,648,-291.68639963366286
official_bc,48,649,-289.0319262732033
official_bc,48,650,-292.34106997136576
official_bc,48,651,-282.6356579878363
official_bc,48,652,-287.0903922880859
official_bc,48,653,-281.91572014100734
official_bc,48,654,-294.00471453261804
official_bc,48,655,-287.9965265900489
official_bc,48,656,-288.2270685094578
official_bc,48,657,-294.45855004038276
official_bc,48,658,-291.2349990039347
official_bc,48,659,-295.6581980534824
official_bc,48,660,-294.78746627105096
official_bc,48,661,-290.53839497722237
official_bc,48,662,-281.6103445655102
official_bc,48,663,-279.74735650675575
official_bc,48,664,-282.0704378222411
official_bc,48,665,-285.20104368655734
official_bc,48,666,-281.69928366318834
official_bc,48,667,-288.28189800223925
official_bc,48,668,-294.36513951726994
official_bc,48,669,-290.3036350013908
official_bc,48,670,-291.70366161311347
official_bc,48,671,-291.59420082102577
official_bc,48,672,-281.3014748693416
official_bc,48,673,-295.62236845052837
official_bc,48,674,-300.0772586563682
official_bc,48,675,-291.5109845661174
official_bc,48,676,-293.21540242529795
official_bc,48,677,-295.5965723172987
official_bc,48,678,-293.15810843898055
official_bc,48,679,-299.1646887208532
official_bc,48,680,-296.54913993283094
official_bc,48,681,-294.4559918616172
official_bc,48,682,-292.0081535276571
official_bc,48,683,-290.42894175813177
official_bc,48,684,-293.7651351790757
official_bc,48,685,-288.40125125150274
official_bc,48,686,-280.87116922849816
official_bc,48,687,-292.6736061593304
official_bc,48,688,-293.59306754360676
official_bc,48,689,-286.5157819718639
official_bc,48,690,-291.7263661138144
official_bc,48,691,-285.57504021171053
official_bc,48,692,-287.2393641989505
official_bc,48,693,-296.2896545238435
official_bc,48,694,-283.13235829821326
official_bc,48,695,-293.2882493428788
official_bc,48,696,-289.9748524351046
official_bc,48,697,-288.1716804847138
official_bc,48,698,-299.04946444706866
official_bc,48,699,-298.1743598286321
official_bc,48,700,-293.45943231601973
official_bc,48,701,-283.86112548710514
official_bc,48,702,-290.06332464676007
official_bc,48,703,-288.7980044436286
official_bc,48,704,-295.9749653367141
official_bc,48,705,-296.64290583900925
official_bc,48,706,-294.940748867763
official_bc,48,707,-287.3430909198827
official_bc,48,708,-289.0482593219439
official_bc,48,709,-291.1578657570712
official_bc,48,710,-288.18697547587647
official_bc,48,711,-293.0245162070352
official_bc,48,712,-287.23153174817196
official_bc,48,713,-293.999842300515
official_bc,48,714,-286.3034405980525
official_bc,48,715,-292.08518979244013
official_bc,48,716,-292.9220263420376
official_bc,48,717,-300.8365969449962
official_bc,48,718,-297.85391130594445
official_bc,48,719,-290.350218639848
official_bc,48,720,-293.2193744186079
official_bc,48,721,-289.85132234115974
official_bc,48,722,-294.05936742887224
official_bc,48,723,-289.8509330326903
official_bc,48,724,-290.2093132537035
official_bc,48,725,-289.469384083252
official_bc,48,726,-289.21950174932414
official_bc,48,727,-293.66701395489076
official_bc,48,728,-294.37456432404167
official_bc,48,729,-287.1215023654293
official_bc,48,730,-293.3546985885737
official_bc,48,731,-285.98463813787424
official_bc,48,732,-291.0334952666733
official_bc,48,733,-294.0785726408906
official_bc,48,734,-283.63709150581406
official_bc,48,735,-295.4473896420759
official_bc,48,736,-292.1779611918025
official_bc,48,737,-286.3636118319215
official_bc,48,738,-293.3379576110983
official_bc,48,739,-282.8271905804527
official_bc,48,740,-295.8736378526031
official_bc,48,741,-292.9393334890597
official_bc,48,742,-293.01122508904103
official_bc,48,743,-280.5986837295109
official_bc,48,744,-277.83728219982675
official_bc,48,745,-284.1550969533711
official_bc,48,746,-295.6231558903791
official_bc,48,747,-298.89331957891835
official_bc,48,748,-289.2380855392497
official_bc,48,749,-294.6393715534993
official_bc,48,750,-292.08595073591107
official_bc,48,751,-296.2902142810165
official_bc,48,752,-295.18110215349606
official_bc,48,753,-287.5540309043921
official_bc,48,754,-280.66378189678676
official_bc,48,755,-294.1863480044373
official_bc,48,756,-285.2985943302903
official_bc,48,757,-294.3967517825033
official_bc,48,758,-287.52117800072557
official_bc,48,759,-286.07019004650516
official_bc,48,760,-292.67882612926496
official_bc,48,761,-297.12915522714275
official_bc,48,762,-292.8008348608988
official_bc,48,763,-291.3619301010867
official_bc,48,764,-293.04693433238947
official_bc,48,765,-290.9444545688069
official_bc,48,766,-289.2032305804986
official_bc,48,767,-285.83642618732483
official_bc,48,768,-293.26384917658334
official_bc,48,769,-287.88353484114236
official_bc,48,770,-298.4809494368195
official_bc,48,771,-292.8220441063838
official_bc,48,772,-297.20151043852707
official_bc,48,773,-295.36113024997024
official_bc,48,774,-292.88436018728834
official_bc,48,775,-291.05088268737995
official_bc,48,776,-294.5053527736483
official_bc,48,777,-285.4811485594173
official_bc,48,778,-295.1308194652448
official_bc,48,779,-292.0359843973833
official_bc,48,780,-297.8710442285461
official_bc,48,781,-276.7774491211615
official_bc,48,782,-296.05439260748267
official_bc,48,783,-288.6771386441246
official_bc,48,784,-287.85458797100694
official_bc,48,785,-295.68831728364603
official_bc,48,786,-284.4300746151932
official_bc,48,787,-295.1196835580357
official_bc,48,788,-290.8396761494679
official_bc,48,789,-293.1751065251459
official_bc,48,790,-295.42029545993546
official_bc,48,791,-292.2267594917834
official_bc,48,792,-298.47514464640483
official_bc,48,793,-285.9223882815206
official_bc,48,794,-268.05102629600964
official_bc,48,795,-290.36075240130947
official_bc,48,796,-292.53975061542627
official_bc,48,797,-296.52690836875513
official_bc,48,798,-291.72843801784006
official_bc,48,799,-290.0805885578248
official_bc,48,800,-290.47163099690613
official_bc,48,801,-294.42187925382405
official_bc,48,802,-286.26604132901355
official_bc,48,803,-292.6562825333737
official_bc,48,804,-285.57759259572686
official_bc,48,805,-291.9848916972787
official_bc,48,806,-288.1053804288895
official_bc,48,807,-286.95866081816473
official_bc,48,808,-290.52680277725204
official_bc,48,809,-292.5323703848313
official_bc,48,810,-295.1277215827688
official_bc,48,811,-297.5423051544954
official_bc,48,812,-288.60339206766935
official_bc,48,813,-294.89354889351074
official_bc,48,814,-291.35607048715303
official_bc,48,815,-292.5418065358119
official_bc,48,816,-280.2697747307321
official_bc,48,817,-288.5296921187595
official_bc,48,818,-291.8374368523258
official_bc,48,819,-290.83170910548984
official_bc,48,820,-291.96560864728366
official_bc,48,821,-293.38505073253657
official_bc,48,822,-282.43582598255097
official_bc,48,823,-284.4726011422349
official_bc,48,824,-290.1057092636525
official_bc,48,825,-291.13734110649693
official_bc,48,826,-292.46492248174144
official_bc,48,827,-290.37639071274515
official_bc,48,828,-295.3430530969029
official_bc,48,829,-293.98442402631696
official_bc,48,830,-294.48725492962024
official_bc,48,831,-280.4301489142564
official_bc,48,832,-294.1470528928133
official_bc,48,833,-296.28866553965725
official_bc,48,834,-290.0253158516101
official_bc,48,835,-293.43241761656446
official_bc,48,836,-291.1401827281251
official_bc,48,837,-293.2331987813488
official_bc,48,838,-285.9028662779421
official_bc,48,839,-285.1542809331598
official_bc,48,840,-292.3832962886659
official_bc,48,841,-283.71410019361247
official_bc,48,842,-293.9974097760136
official_bc,48,843,-284.06812234894585
official_bc,48,844,-288.85944277851064
official_bc,48,845,-291.3494084152367
official_bc,48,846,-293.2400498139591
official_bc,48,847,-293.28485292627244
official_bc,48,848,-294.161868637626
official_bc,48,849,-288.4873458371961
official_bc,48,850,-293.904314299151
official_bc,48,851,-296.2397718271889
official_bc,48,852,-288.2492855678887
official_bc,48,853,-287.2145806229582
official_bc,48,854,-290.41663499124286
official_bc,48,855,-297.57240864250855
official_bc,48,856,-282.0896775553956
official_bc,48,857,-290.0120725149435
official_bc,48,858,-284.68410537265277
official_bc,48,859,-282.66467771357935
official_bc,48,860,-293.32828614801053
official_bc,48,861,-292.577441880283
official_bc,48,862,-291.48071345837377
official_bc,48,863,-285.19533917198885
official_bc,48,864,-284.16978709016286
official_bc,48,865,-291.7635230708367
official_bc,48,866,-289.39994312834745
official_bc,48,867,-292.5755567636594
official_bc,48,868,-291.8573904126333
official_bc,48,869,-270.0867241288963
official_bc,48,870,-295.1900452744169
official_bc,48,871,-297.2027130671474
official_bc,48,872,-293.7748055572256
official_bc,48,873,-290.1235865231602
official_bc,48,874,-294.26377097731324
official_bc,48,875,-284.34110378081687
official_bc,48,876,-295.7127917981818
official_bc,48,877,-296.4068307761239
official_bc,48,878,-296.2093173990475
official_bc,48,879,-300.8751569130933
official_bc,48,880,-292.8780082618616
official_bc,48,881,-287.7171268225237
official_bc,48,882,-281.4077730211498
official_bc,48,883,-272.3888216956026
official_bc,48,884,-284.15824305322474
official_bc,48,885,-291.7863955159999
official_bc,48,886,-287.6945507858676
official_bc,48,887,-295.49799914032826
official_bc,48,888,-289.3687383282896
official_bc,48,889,-299.6329922826567
official_bc,48,890,-302.9765840620138
official_bc,48,891,-295.10397536381345
official_bc,48,892,-293.0225913505533
official_bc,48,893,-285.60031877478906
official_bc,48,894,-291.1079860682507
official_bc,48,895,-296.87498420809055
official_bc,48,896,-282.01261299622774
official_bc,48,897,-292.6706843516296
official_bc,48,898,-289.14983086815175
official_bc,48,899,-294.00259794058127
official_bc,48,900,-294.88488252709436
official_bc,48,901,-284.81061784137967
official_bc,48,902,-294.2223971868531
official_bc,48,903,-290.6268569179237
official_bc,48,904,-284.8533773450646
official_bc,48,905,-293.44120416388387
official_bc,48,906,-281.7078546301751
official_bc,48,907,-273.68830944493266
official_bc,48,908,-284.6983605646768
official_bc,48,909,-293.5316420174174
official_bc,48,910,-298.6400176485325
official_bc,48,911,-292.8224857466187
official_bc,48,912,-287.06651384283043
official_bc,48,913,-289.8010045896079
official_bc,48,914,-296.832673525116
official_bc,48,915,-293.31900262085105
official_bc,48,916,-288.6544908179738
official_bc,48,917,-282.3227744194869
official_bc,48,918,-292.5817146219347
official_bc,48,919,-293.7942906862157
official_bc,48,920,-296.1970367144979
official_bc,48,921,-287.19661279190893
official_bc,48,922,-288.0329725137592
official_bc,48,923,-296.8651073342216
official_bc,48,924,-279.7722385889995
official_bc,48,925,-284.0761455326375
official_bc,48,926,-289.09050284833097
official_bc,48,927,-281.0736297929134
official_bc,48,928,-292.1724456957373
official_bc,48,929,-298.0436377789295
official_bc,48,930,-297.1885867529732
official_bc,48,931,-296.7036038599475
official_bc,48,932,-291.8651781941127
official_bc,48,933,-288.9847436932646
official_bc,48,934,-293.58360288938303
official_bc,48,935,-293.8264243949962
official_bc,48,936,-299.7293725468088
official_bc,48,937,-289.8841379795615
official_bc,48,938,-282.7437020340642
official_bc,48,939,-289.558944080732
official_bc,48,940,-295.8109181572226
official_bc,48,941,-284.0838134161693
official_bc,48,942,-292.61489667205683
official_bc,48,943,-282.98130067158115
official_bc,48,944,-286.3475232312739
official_bc,48,945,-292.23258840011
official_bc,48,946,-273.92206541512303
official_bc,48,947,-291.79181250660736
official_bc,48,948,-292.4610737792119
official_bc,48,949,-291.0247558204244
official_bc,48,950,-296.7363565881144
official_bc,48,951,-289.063527100746
official_bc,48,952,-293.7604674548998
official_bc,48,953,-292.0647637682288
official_bc,48,954,-295.6155473776757
official_bc,48,955,-297.10575578300416
official_bc,48,956,-298.83481467087734
official_bc,48,957,-292.30198104579136
official_bc,48,958,-291.3520042871272
official_bc,48,959,-288.08351236491626
official_bc,48,960,-289.42871436027264
official_bc,48,961,-294.5849514690402
official_bc,48,962,-272.6525296377027
official_bc,48,963,-280.954905221266
official_bc,48,964,-271.3450008163167
official_bc,48,965,-294.5054382883726
official_bc,48,966,-297.05386547279045
official_bc,48,967,-293.0918286733554
official_bc,48,968,-281.8811534524947
official_bc,48,969,-291.4644917758162
official_bc,48,970,-298.40570813080103
official_bc,48,971,-290.1677358595053
official_bc,48,972,-296.3649887442994
official_bc,48,973,-286.23604537097526
official_bc,48,974,-300.3274813541133
official_bc,48,975,-289.37173341714134
official_bc,48,976,-291.0027663703018
official_bc,48,977,-300.2460570325986
official_bc,48,978,-297.97464712116727
official_bc,48,979,-292.95615582844124
official_bc,48,980,-295.8496931226519
official_bc,48,981,-289.50751312583157
official_bc,48,982,-290.12326014325845
official_bc,48,983,-291.78356197128994
official_bc,48,984,-291.23271236997186
official_bc,48,985,-283.31733789394116
official_bc,48,986,-291.1205233847143
official_bc,48,987,-284.30453587970584
official_bc,48,988,-293.78085062282656
official_bc,48,989,-293.648158358224
official_bc,48,990,-295.7878426109025
official_bc,48,991,-295.67197460031355
official_bc,48,992,-281.4215916807033
official_bc,48,993,-289.4579290332697
official_bc,48,994,-292.63221952065635
official_bc,48,995,-287.9204474130706
official_bc,48,996,-280.15715529927564
official_bc,48,997,-281.9622772886516
official_bc,48,998,-291.7832725929161
official_bc,48,999,-288.80712544862695
official_bc,48,1000,-292.99127170067857
official_bc,49,1,-198.9500246082756
official_bc,49,2,-242.82517815571055
official_bc,49,3,-205.5152008725392
official_bc,49,4,-223.75413905715553
official_bc,49,5,-196.67501718460346
official_bc,49,6,-197.81343955784166
official_bc,49,7,-193.9149668677806
official_bc,49,8,-255.363729346911
official_bc,49,9,-168.20739701417094
official_bc,49,10,-174.00656589801736
official_bc,49,11,-258.4484458619719
official_bc,49,12,-289.44877230180697
official_bc,49,13,-221.35351185186917
official_bc,49,14,-235.54820940628957
official_bc,49,15,-202.23587155434666
official_bc,49,16,-288.35618077824313
official_bc,49,17,-237.8400885219512
official_bc,49,18,-257.1765122934392
official_bc,49,19,-243.60068457650408
official_bc,49,20,-216.70710064933502
official_bc,49,21,-202.98933039368862
official_bc,49,22,-179.5744895723682
official_bc,49,23,-313.35027023759096
official_bc,49,24,-291.4581987106135
official_bc,49,25,-169.7882877035828
official_bc,49,26,-198.02656258270645
official_bc,49,27,-211.68313415756165
official_bc,49,28,-217.44411800030042
official_bc,49,29,-171.0865144533057
official_bc,49,30,-219.96042258952912
official_bc,49,31,-308.14784152540227
official_bc,49,32,-301.45699130894155
official_bc,49,33,-295.6916551888938
official_bc,49,34,-284.87449739477336
official_bc,49,35,-284.3142664820308
official_bc,49,36,-298.29460013243875
official_bc,49,37,-298.33362426660415
official_bc,49,38,-288.64740286276253
official_bc,49,39,-291.99231296011135
official_bc,49,40,-282.1664747631452
official_bc,49,41,-283.84508470866155
official_bc,49,42,-278.4748226465763
official_bc,49,43,-268.0569639066838
official_bc,49,44,-275.07612675310247
official_bc,49,45,-258.95497084636213
official_bc,49,46,-258.4573279193801
official_bc,49,47,-256.974259632438
official_bc,49,48,-252.53190309892796
official_bc,49,49,-241.88191522897372
official_bc,49,50,-251.58380716978715
official_bc,49,51,-253.68938571710163
official_bc,49,52,-255.15970162674168
official_bc,49,53,-246.7207051486661
official_bc,49,54,-258.86063626025
official_bc,49,55,-273.7639678284464
official_bc,49,56,-267.7988862632896
official_bc,49,57,-290.7892776917448
official_bc,49,58,-300.8920734905025
official_bc,49,59,-297.4545982620938
official_bc,49,60,-303.1930592870572
official_bc,49,61,-303.9018636085311
official_bc,49,62,-310.3780204190109
official_bc,49,63,-299.628801096423
official_bc,49,64,-298.4333763080217
official_bc,49,65,-305.4177178706504
official_bc,49,66,-298.28830529624776
official_bc,49,67,-294.22445370965056
official_bc,49,68,-284.70965196636655
official_bc,49,69,-294.68776179059455
official_bc,49,70,-286.59829955665975
official_bc,49,71,-290.04326942705654
official_bc,49,72,-293.9180992839697
official_bc,49,73,-287.8393700698058
official_bc,49,74,-297.9760393105287
official_bc,49,75,-290.2498956346599
official_bc,49,76,-298.87943447209227
official_bc,49,77,-297.1377079672641
official_bc,49,78,-289.85880236873453
official_bc,49,79,-301.98074677076664
official_bc,49,80,-294.3039296262513
official_bc,49,81,-281.0760942643502
official_bc,49,82,-296.7866182478065
official_bc,49,83,-286.8893748357427
official_bc,49,84,-278.37354413727496
official_bc,49,85,-285.50115104652514
official_bc,49,86,-284.1441569561171
official_bc,49,87,-288.854547221332
official_bc,49,88,-282.98557921448173
official_bc,49,89,-283.46721692521
official_bc,49,90,-284.3949318560226
official_bc,49,91,-286.2318043727241
official_bc,49,92,-290.2752556021607
official_bc,49,93,-282.8966704763244
official_bc,49,94,-292.7295423358951
official_bc,49,95,-296.194201544055
official_bc,49,96,-301.1684398945664
official_bc,49,97,-294.67218903470376
official_bc,49,98,-293.4799672364569
official_bc,49,99,-285.3337869599633
official_bc,49,100,-299.44783740637973
official_bc,49,101,-301.934795659219
official_bc,49,102,-288.36400210937165
official_bc,49,103,-296.5437396590207
official_bc,49,104,-297.43957348975374
official_bc,49,105,-297.0095909407831
official_bc,49,106,-285.19018228539744
official_bc,49,107,-292.4693544906726
official_bc,49,108,-289.151810470235
official_bc,49,109,-289.5562658848544
official_bc,49,110,-280.483289430598
official_bc,49,111,-285.6667645721276
official_bc,49,112,-286.36708429662804
official_bc,49,113,-288.34134749593545
official_bc,49,114,-283.4386634955878
official_bc,49,115,-292.227259309051
official_bc,49,116,-281.22633851680337
official_bc,49,117,-293.67421856596525
official_bc,49,118,-289.2935096335259
official_bc,49,119,-293.11574797044744
official_bc,49,120,-295.3356351645709
official_bc,49,121,-290.24377740110174
official_bc,49,122,-293.4141713106455
official_bc,49,123,-295.7192471135798
official_bc,49,124,-291.2146691960866
official_bc,49,125,-290.65252924857805
official_bc,49,126,-292.18554999542107
official_bc,49,127,-289.2434536039945
official_bc,49,128,-288.85547409036144
official_bc,49,129,-283.2361048101139
official_bc,49,130,-287.16588873205444
official_bc,49,131,-286.6421321599592
official_bc,49,132,-285.604688371818
official_bc,49,133,-290.95807885168733
official_bc,49,134,-287.65041882117475
official_bc,49,135,-288.7567092478311
official_bc,49,136,-286.2699573328787
official_bc,49,137,-278.63737024911006
official_bc,49,138,-290.91289870343326
official_bc,49,139,-300.32858689122867
official_bc,49,140,-286.57909351222236
official_bc,49,141,-288.4614105703434
official_bc,49,142,-281.32876804036334
official_bc,49,143,-279.69413524116413
official_bc,49,144,-291.53789988801884
official_bc,49,145,-285.9803283088397
official_bc,49,146,-287.71118368802365
official_bc,49,147,-285.98885964201247
official_bc,49,148,-287.21809066692686
official_bc,49,149,-290.6149779011961
official_bc,49,150,-292.5441305645729
official_bc,49,151,-289.6101888417192
official_bc,49,152,-289.6998492726178
official_bc,49,153,-296.07301648052163
official_bc,49,154,-287.05387022668936
official_bc,49,155,-291.6526774901955
official_bc,49,156,-291.98609258193466
official_bc,49,157,-292.2292697435168
official_bc,49,158,-294.3783854359417
official_bc,49,159,-291.7264807408287
official_bc,49,160,-273.2599255907873
official_bc,49,161,-296.379585008521
official_bc,49,162,-277.3922527637255
official_bc,49,163,-291.090733653777
official_bc,49,164,-283.97076398496955
official_bc,49,165,-273.7318109418696
official_bc,49,166,-286.28954329708955
official_bc,49,167,-294.4375664034452
official_bc,49,168,-294.6067792023034
official_bc,49,169,-296.36906694915683
official_bc,49,170,-278.0210892022539
official_bc,49,171,-292.9954132138073
official_bc,49,172,-284.73918387156164
official_bc,49,173,-292.8281079558048
official_bc,49,174,-276.17286795032646
official_bc,49,175,-293.789215216886
official_bc,49,176,-286.77689417299854
official_bc,49,177,-286.11293190338336
official_bc,49,178,-297.6328688023135
official_bc,49,179,-294.73062761604035
official_bc,49,180,-280.7645256173519
official_bc,49,181,-293.78005422753495
official_bc,49,182,-280.1181401090378
official_bc,49,183,-281.12522654359736
official_bc,49,184,-281.46473196172036
official_bc,49,185,-288.3200659961119
official_bc,49,186,-289.4416497880783
official_bc,49,187,-286.0316835709777
official_bc,49,188,-274.76628399596194
official_bc,49,189,-290.54130804065153
official_bc,49,190,-292.8425982232841
official_bc,49,191,-287.09650747101784
official_bc,49,192,-287.9121785292419
official_bc,49,193,-287.7119135500682
official_bc,49,194,-293.9353469643392
official_bc,49,195,-295.1367292443051
official_bc,49,196,-295.90618263544684
official_bc,49,197,-293.42953706510116
official_bc,49,198,-291.34542663183055
official_bc,49,199,-289.54842753311567
official_bc,49,200,-287.58629780811935
official_bc,49,201,-287.8617281077662
official_bc,49,202,-288.561861240902
official_bc,49,203,-279.3240978097148
official_bc,49,204,-288.9995234607658
official_bc,49,205,-289.70956246190974
official_bc,49,206,-287.7498872717459
official_bc,49,207,-290.9255392240195
official_bc,49,208,-292.30346490350786
official_bc,49,209,-282.7578985207308
official_bc,49,210,-284.7795153863529
official_bc,49,211,-290.0942887767226
official_bc,49,212,-293.7218554723129
official_bc,49,213,-293.2683781349663
official_bc,49,214,-285.7248271577964
official_bc,49,215,-287.53784019724503
official_bc,49,216,-291.2111489599099
official_bc,49,217,-293.7527680258312
official_bc,49,218,-281.2162139785281
official_bc,49,219,-291.97036649609424
official_bc,49,220,-285.64702260257064
official_bc,49,221,-292.98395919392567
official_bc,49,222,-294.9876762472084
official_bc,49,223,-295.55121238505455
official_bc,49,224,-285.74736259886186
official_bc,49,225,-289.91351096738936
official_bc,49,226,-282.0152105026035
official_bc,49,227,-285.6962072293059
official_bc,49,228,-289.31893568888745
official_bc,49,229,-287.4749099904307
official_bc,49,230,-293.446431050534
official_bc,49,231,-287.9150229662074
official_bc,49,232,-299.2322085652586
official_bc,49,233,-289.9707007868809
official_bc,49,234,-286.1162667444861
official_bc,49,235,-286.3143746127461
official_bc,49,236,-298.919099633159
official_bc,49,237,-289.8665667617081
official_bc,49,238,-290.21552591767096
official_bc,49,239,-293.57023347239976
official_bc,49,240,-286.73941688089843
official_bc,49,241,-294.22144158468
official_bc,49,242,-285.88425329330937
official_bc,49,243,-289.5137902716758
official_bc,49,244,-291.32092970781406
official_bc,49,245,-280.2759615805942
official_bc,49,246,-285.8096088130832
official_bc,49,247,-284.36926314363313
official_bc,49,248,-278.03126923591407
official_bc,49,249,-288.8597083804874
official_bc,49,250,-275.5858013612344
official_bc,49,251,-297.5742200293998
official_bc,49,252,-287.978302951963
official_bc,49,253,-291.3055366248926
official_bc,49,254,-277.48007912697403
official_bc,49,255,-293.5202507822946
official_bc,49,256,-291.3446255249853
official_bc,49,257,-291.6779807053762
official_bc,49,258,-293.14218701947493
official_bc,49,259,-296.0322778999873
official_bc,49,260,-296.1243556123869
official_bc,49,261,-292.5573129283285
official_bc,49,262,-280.76504949549496
official_bc,49,263,-297.9641032501202
official_bc,49,264,-288.367676844772
official_bc,49,265,-289.16218517276843
official_bc,49,266,-287.4818097992952
official_bc,49,267,-288.7544904334195
official_bc,49,268,-287.8932753429917
official_bc,49,269,-290.9867145148422
official_bc,49,270,-284.38664747805103
official_bc,49,271,-291.34671686213335
official_bc,49,272,-279.4221550824848
official_bc,49,273,-288.4482248220171
official_bc,49,274,-288.50145685487206
official_bc,49,275,-294.6575897164323
official_bc,49,276,-284.1594800808248
official_bc,49,277,-288.7799910982214
official_bc,49,278,-299.9122144880498
official_bc,49,279,-285.2263491722887
official_bc,49,280,-296.3504828301039
official_bc,49,281,-299.54213077550605
official_bc,49,282,-291.6154670940889
official_bc,49,283,-291.0141417128099
official_bc,49,284,-287.8676515060784
official_bc,49,285,-294.04265615338596
official_bc,49,286,-296.06602890939945
official_bc,49,287,-291.78864777887634
official_bc,49,288,-293.6064393256781
official_bc,49,289,-277.43509604562786
official_bc,49,290,-283.8577183509664
official_bc,49,291,-283.54343470129834
official_bc,49,292,-294.84777547513374
official_bc,49,293,-292.4382156703699
official_bc,49,294,-287.8384921042436
official_bc,49,295,-297.91020897974295
official_bc,49,296,-283.3389537568461
official_bc,49,297,-287.86298754834473
official_bc,49,298,-297.1945750103594
official_bc,49,299,-277.0366138616153
official_bc,49,300,-284.8146494914629
official_bc,49,301,-294.7372358225729
official_bc,49,302,-291.56192053832655
official_bc,49,303,-287.0048845197057
official_bc,49,304,-293.78452477941727
official_bc,49,305,-287.3550136024422
official_bc,49,306,-291.6188955422305
official_bc,49,307,-297.6641459839045
official_bc,49,308,-285.24922710830765
official_bc,49,309,-298.0814735634276
official_bc,49,310,-286.57396780031934
official_bc,49,311,-294.0019606673805
official_bc,49,312,-283.5665699465096
official_bc,49,313,-291.0839646827603
official_bc,49,314,-283.9470035869806
official_bc,49,315,-291.3814141775483
official_bc,49,316,-292.10851362242704
official_bc,49,317,-281.85045156700977
official_bc,49,318,-296.97290003238913
official_bc,49,319,-295.20531012383987
official_bc,49,320,-293.2419539824414
official_bc,49,321,-287.23783269025523
official_bc,49,322,-290.9117817431872
official_bc,49,323,-283.0674133747667
official_bc,49,324,-290.07740445073614
official_bc,49,325,-291.38337600416673
official_bc,49,326,-294.93560657965304
official_bc,49,327,-296.29747927428616
official_bc,49,328,-285.8613661115721
official_bc,49,329,-295.17021011160017
official_bc,49,330,-292.86223665068917
official_bc,49,331,-294.22161687289656
official_bc,49,332,-289.554119315112
official_bc,49,333,-296.15122931183384
official_bc,49,334,-295.58620178452304
official_bc,49,335,-290.9931316182242
official_bc,49,336,-286.87218932332627
official_bc,49,337,-294.7456906281631
official_bc,49,338,-297.0754269457634
official_bc,49,339,-288.84252347803744
official_bc,49,340,-296.4705226348428
official_bc,49,341,-286.88658830675433
official_bc,49,342,-295.2500073199495
official_bc,49,343,-297.1979313764104
official_bc,49,344,-287.7777605403111
official_bc,49,345,-290.0042931850936
official_bc,49,346,-291.0390146488854
official_bc,49,347,-293.311454968491
official_bc,49,348,-288.8424370959743
official_bc,49,349,-293.9814914412415
official_bc,49,350,-284.9493602980353
official_bc,49,351,-284.9548102653607
official_bc,49,352,-296.2436385400795
official_bc,49,353,-292.0989250309337
official_bc,49,354,-291.1086902391145
official_bc,49,355,-289.64054485236693
official_bc,49,356,-296.74310607998495
official_bc,49,357,-289.18431485282736
official_bc,49,358,-296.23349732080334
official_bc,49,359,-288.54304589579533
official_bc,49,360,-286.48557256671427
official_bc,49,361,-289.265789227746
official_bc,49,362,-294.62495908472636
official_bc,49,363,-286.68326275934544
official_bc,49,364,-292.8082383051036
official_bc,49,365,-286.52350193214073
official_bc,49,366,-288.26825025130756
official_bc,49,367,-294.0926374027591
official_bc,49,368,-292.47414231155614
official_bc,49,369,-287.5268372015835
official_bc,49,370,-291.5042626926262
official_bc,49,371,-290.43372226373526
official_bc,49,372,-284.8007676225341
official_bc,49,373,-295.14251542293505
official_bc,49,374,-292.7313276468464
official_bc,49,375,-290.2705061598589
official_bc,49,376,-284.07302717288843
official_bc,49,377,-289.6717946071755
official_bc,49,378,-297.26179395330564
official_bc,49,379,-283.21255021070795
official_bc,49,380,-282.2754095459511
official_bc,49,381,-296.2833849544122
official_bc,49,382,-295.5124399896722
official_bc,49,383,-286.54909858730207
official_bc,49,384,-289.1163411048926
official_bc,49,385,-288.9329066312549
official_bc,49,386,-289.86201921784425
official_bc,49,387,-285.2432921473534
official_bc,49,388,-295.32996359064106
official_bc,49,389,-289.3153846546981
official_bc,49,390,-275.91097309772397
official_bc,49,391,-288.7115769246293
official_bc,49,392,-297.96585183325203
official_bc,49,393,-274.4754014779007
official_bc,49,394,-292.39252829819236
official_bc,49,395,-273.61197791594986
official_bc,49,396,-293.33703084635147
official_bc,49,397,-294.24628704602424
official_bc,49,398,-298.62609757917613
official_bc,49,399,-292.40509705473505
official_bc,49,400,-291.76551767839584
official_bc,49,401,-281.34442960739057
official_bc,49,402,-296.6275450448301
official_bc,49,403,-290.86615697732066
official_bc,49,404,-293.0614278603624
official_bc,49,405,-285.020597004193
official_bc,49,406,-292.5585931040704
official_bc,49,407,-296.812572316684
official_bc,49,408,-281.5813950558976
official_bc,49,409,-278.081004452401
official_bc,49,410,-294.4062011215967
official_bc,49,411,-285.6922737870539
official_bc,49,412,-295.7847698995779
official_bc,49,413,-291.73977012290544
official_bc,49,414,-289.3787635806266
official_bc,49,415,-288.6016096404774
official_bc,49,416,-297.83856146867004
official_bc,49,417,-292.9565058784592
official_bc,49,418,-287.95290838302856
official_bc,49,419,-296.297401550883
official_bc,49,420,-300.25221459003484
official_bc,49,421,-293.1745242748402
official_bc,49,422,-287.4212537701131
official_bc,49,423,-292.4962848535631
official_bc,49,424,-280.63559577656395
official_bc,49,425,-297.35777664672673
official_bc,49,426,-291.18264918668496
official_bc,49,427,-287.7669933524929
official_bc,49,428,-288.69479120687987
official_bc,49,429,-295.0126750654282
official_bc,49,430,-287.59343201221066
official_bc,49,431,-296.13113456394865
official_bc,49,432,-292.1013901782431
official_bc,49,433,-297.1874239251498
official_bc,49,434,-278.8536677926353
official_bc,49,435,-292.35653844296723
official_bc,49,436,-290.9411570149014
official_bc,49,437,-286.2303101099339
official_bc,49,438,-285.68289045740056
official_bc,49,439,-292.3756707360019
official_bc,49,440,-281.14446120584387
official_bc,49,441,-286.78493450177723
official_bc,49,442,-291.4682894522391
official_bc,49,443,-289.4656277025931
official_bc,49,444,-293.3787459900062
official_bc,49,445,-292.29968952762493
official_bc,49,446,-294.4783779855513
official_bc,49,447,-294.40961887878905
official_bc,49,448,-293.2035818598574
official_bc,49,449,-283.43471724307653
official_bc,49,450,-294.048016219504
official_bc,49,451,-289.7646569786899
official_bc,49,452,-296.48420232184026
official_bc,49,453,-297.15539845669804
official_bc,49,454,-295.01567118082204
official_bc,49,455,-283.609305258958
official_bc,49,456,-284.1718328929416
official_bc,49,457,-283.45052229170346
official_bc,49,458,-277.9199777017509
official_bc,49,459,-286.6722949881199
official_bc,49,460,-291.8327437098731
official_bc,49,461,-285.3018258095123
official_bc,49,462,-294.36320996408165
official_bc,49,463,-292.1034166708394
official_bc,49,464,-296.1479489759223
official_bc,49,465,-282.96176770664835
official_bc,49,466,-295.08374119031924
official_bc,49,467,-294.995817098072
official_bc,49,468,-295.1255466180475
official_bc,49,469,-288.2082290808629
official_bc,49,470,-290.03602446116633
official_bc,49,471,-298.4013989267971
official_bc,49,472,-294.8592112580483
official_bc,49,473,-287.71282012435574
official_bc,49,474,-295.8938701554418
official_bc,49,475,-281.1370959676701
official_bc,49,476,-287.2856382254774
official_bc,49,477,-265.51751716638
official_bc,49,478,-283.2041384576526
official_bc,49,479,-277.0401802745893
official_bc,49,480,-292.61042232399353
official_bc,49,481,-292.5937868523933
official_bc,49,482,-288.8408650159401
official_bc,49,483,-295.66239469207034
official_bc,49,484,-299.26759973143817
official_bc,49,485,-295.147375377322
official_bc,49,486,-298.4649543538717
official_bc,49,487,-286.05411792973655
official_bc,49,488,-294.1783178546797
official_bc,49,489,-286.07315448488174
official_bc,49,490,-289.0140343423577
official_bc,49,491,-292.2431885486543
official_bc,49,492,-286.03933735542915
official_bc,49,493,-290.34771035555434
official_bc,49,494,-283.9720461736879
official_bc,49,495,-295.05227062202397
official_bc,49,496,-292.9338365925027
official_bc,49,497,-288.0514569207215
official_bc,49,498,-292.5011509627742
official_bc,49,499,-290.27887761334824
official_bc,49,500,-293.92015712911973
official_bc,49,501,-283.6857496033214
official_bc,49,502,-294.2777138271366
official_bc,49,503,-287.85701878034473
official_bc,49,504,-286.6714158123813
official_bc,49,505,-298.50398529897615
official_bc,49,506,-290.6808682435319
official_bc,49,507,-293.164295872238
official_bc,49,508,-284.6462928202891
official_bc,49,509,-292.54847202898935
official_bc,49,510,-297.9309987720123
official_bc,49,511,-285.42644621322654
official_bc,49,512,-290.2555648473997
official_bc,49,513,-294.0457146321544
official_bc,49,514,-295.76545913087693
official_bc,49,515,-292.39502251837644
official_bc,49,516,-291.67887789039145
official_bc,49,517,-293.25935843088286
official_bc,49,518,-273.4876729876359
official_bc,49,519,-295.7455832558496
official_bc,49,520,-286.88560721291407
official_bc,49,521,-295.0014848739947
official_bc,49,522,-292.96896987181026
official_bc,49,523,-296.13089571681905
official_bc,49,524,-290.06270441751843
official_bc,49,525,-285.78689362314856
official_bc,49,526,-290.9839013179512
official_bc,49,527,-285.2752611663588
official_bc,49,528,-288.4093661912455
official_bc,49,529,-293.26997517791426
official_bc,49,530,-294.8478562852406
official_bc,49,531,-286.06685766351615
official_bc,49,532,-291.02480305722054
official_bc,49,533,-280.03820467224216
official_bc,49,534,-283.77928251340484
official_bc,49,535,-289.32525759140157
official_bc,49,536,-283.00598353512464
official_bc,49,537,-285.17852982892634
official_bc,49,538,-285.3697197785083
official_bc,49,539,-290.1530716851227
official_bc,49,540,-290.3790210332524
official_bc,49,541,-297.80633128990837
official_bc,49,542,-294.09769272322916
official_bc,49,543,-289.89911840991175
official_bc,49,544,-295.7739334202768
official_bc,49,545,-297.4382789184572
official_bc,49,546,-287.015591707771
official_bc,49,547,-282.62396996578985
official_bc,49,548,-290.61033572574036
official_bc,49,549,-286.5183237198095
official_bc,49,550,-280.6073499742965
official_bc,49,551,-291.40289473750914
official_bc,49,552,-290.0326276292861
official_bc,49,553,-294.33394979601724
official_bc,49,554,-292.3328287743625
official_bc,49,555,-272.7753308581426
official_bc,49,556,-289.4751141114873
official_bc,49,557,-296.890284160895
official_bc,49,558,-282.4450014716827
official_bc,49,559,-297.3133760347007
official_bc,49,560,-289.42194411369655
official_bc,49,561,-292.4392373205018
official_bc,49,562,-283.06014451669756
official_bc,49,563,-300.2865276923231
official_bc,49,564,-288.3500119840259
official_bc,49,565,-294.0625841594241
official_bc,49,566,-293.68625050533296
official_bc,49,567,-287.3460805790741
official_bc,49,568,-292.221411827966
official_bc,49,569,-290.2570861705274
official_bc,49,570,-291.6404212582543
official_bc,49,571,-289.25718284376643
official_bc,49,572,-288.9028849354112
official_bc,49,573,-293.3112764037021
official_bc,49,574,-290.31535273053805
official_bc,49,575,-289.39267729410284
official_bc,49,576,-286.52748178150784
official_bc,49,577,-284.52989966145515
official_bc,49,578,-287.16671895528026
official_bc,49,579,-294.8185282326013
official_bc,49,580,-287.16873111639507
official_bc,49,581,-287.9718417760299
official_bc,49,582,-291.1573958656135
official_bc,49,583,-292.98838851643546
official_bc,49,584,-278.61830999588074
official_bc,49,585,-281.6179967435344
official_bc,49,586,-291.8104666813302
official_bc,49,587,-299.7938598276037
official_bc,49,588,-292.0831754678303
official_bc,49,589,-292.2577465174811
official_bc,49,590,-291.40391888367935
official_bc,49,591,-297.867290634916
official_bc,49,592,-289.3859881765416
official_bc,49,593,-289.3939272736956
official_bc,49,594,-287.6743422453239
official_bc,49,595,-293.86505173688323
official_bc,49,596,-295.58309699566627
official_bc,49,597,-289.376016811324
official_bc,49,598,-296.9703725795602
official_bc,49,599,-293.272028777971
official_bc,49,600,-292.64604255753835
official_bc,49,601,-292.01220308725055
official_bc,49,602,-288.48328175410296
official_bc,49,603,-291.46184674113937
official_bc,49,604,-295.1823453342719
official_bc,49,605,-292.607964254884
official_bc,49,606,-297.84317117397353
official_bc,49,607,-290.59387176897417
official_bc,49,608,-291.00585659260685
official_bc,49,609,-290.88502250972226
official_bc,49,610,-286.4809565792846
official_bc,49,611,-290.79135293376476
official_bc,49,612,-291.40786020183793
official_bc,49,613,-293.81084386087275
official_bc,49,614,-291.7482889420784
official_bc,49,615,-284.4737400988353
official_bc,49,616,-287.90867697273364
official_bc,49,617,-290.2051916933218
official_bc,49,618,-293.2328984530093
official_bc,49,619,-295.13656135043595
official_bc,49,620,-292.16873226851135
official_bc,49,621,-292.423485432376
official_bc,49,622,-293.24414494893483
official_bc,49,623,-284.54453478467235
official_bc,49,624,-291.7655026943333
official_bc,49,625,-294.9151419143636
official_bc,49,626,-281.66596934372865
official_bc,49,627,-295.05619423962395
official_bc,49,628,-282.59904694702686
official_bc,49,629,-289.3361828056294
official_bc,49,630,-281.31310878148247
official_bc,49,631,-293.0204674259305
official_bc,49,632,-285.33009159414075
official_bc,49,633,-291.60560121132767
official_bc,49,634,-293.8450672296975
official_bc,49,635,-283.8677451506582
official_bc,49,636,-286.2423567800407
official_bc,49,637,-291.3895483823316
official_bc,49,638,-296.79818939620776
official_bc,49,639,-295.22030137506863
official_bc,49,640,-291.55928841277756
official_bc,49,641,-295.19191855882576
official_bc,49,642,-290.2530152666191
official_bc,49,643,-293.87597162895287
official_bc,49,644,-281.2147565877751
official_bc,49,645,-292.0845787870758
official_bc,49,646,-282.9537946553721
official_bc,49,647,-290.588228285887
official_bc,49,648,-296.4973258280584
official_bc,49,649,-293.65734601577867
official_bc,49,650,-286.16368211479806
official_bc,49,651,-284.6705087402321
official_bc,49,652,-292.9732284672496
official_bc,49,653,-283.59743559360817
official_bc,49,654,-282.4382390757297
official_bc,49,655,-284.74049448875434
official_bc,49,656,-292.6298466576925
official_bc,49,657,-289.55366851517397
official_bc,49,658,-290.68621140731113
official_bc,49,659,-294.3554957344982
official_bc,49,660,-296.60062218267745
official_bc,49,661,-293.67890970221515
official_bc,49,662,-280.7704089387635
official_bc,49,663,-294.88398602162636
official_bc,49,664,-293.21924495933933
official_bc,49,665,-290.2209393515958
official_bc,49,666,-290.18890401086287
official_bc,49,667,-289.28795101921014
official_bc,49,668,-288.63549099275497
official_bc,49,669,-289.2837591719207
official_bc,49,670,-290.4084413941423
official_bc,49,671,-295.68491374504066
official_bc,49,672,-289.84194514598636
official_bc,49,673,-295.06224135189007
official_bc,49,674,-290.7218808783446
official_bc,49,675,-290.786095947528
official_bc,49,676,-277.8585530890327
official_bc,49,677,-292.9545458743708
official_bc,49,678,-294.4734642666709
official_bc,49,679,-278.47394709218497
official_bc,49,680,-287.8757478706236
official_bc,49,681,-299.00005144327866
official_bc,49,682,-288.277025986122
official_bc,49,683,-297.793825049719
official_bc,49,684,-296.3854558108228
official_bc,49,685,-286.82611035145334
official_bc,49,686,-289.68514097542015
official_bc,49,687,-292.5306047980566
official_bc,49,688,-292.8400652610099
official_bc,49,689,-299.4705525829571
official_bc,49,690,-274.6678229517079
official_bc,49,691,-286.0544426162764
official_bc,49,692,-285.7874350095974
official_bc,49,693,-290.1455783757244
official_bc,49,694,-287.59474170442576
official_bc,49,695,-295.8507149525376
official_bc,49,696,-293.74431790056394
official_bc,49,697,-285.1033444055285
official_bc,49,698,-285.67031536562854
official_bc,49,699,-290.1409174929346
official_bc,49,700,-286.5724026868076
official_bc,49,701,-294.83018783522544
official_bc,49,702,-298.8551492019837
official_bc,49,703,-294.20023057690287
official_bc,49,704,-294.67592091026034
official_bc,49,705,-294.88279566100266
official_bc,49,706,-297.54421795939345
official_bc,49,707,-291.55256466451794
official_bc,49,708,-285.2247503092295
official_bc,49,709,-289.5795079087778
official_bc,49,710,-291.1696059641555
official_bc,49,711,-293.7399572986918
official_bc,49,712,-284.1594289885983
official_bc,49,713,-278.8768188756841
official_bc,49,714,-292.01185891309706
official_bc,49,715,-291.20308086763555
official_bc,49,716,-290.9011968305522
official_bc,49,717,-289.761621431927
official_bc,49,718,-291.6750057143008
official_bc,49,719,-298.55641852059784
official_bc,49,720,-294.9870973455358
official_bc,49,721,-295.8386588209759
official_bc,49,722,-295.99650034700176
official_bc,49,723,-290.6321664370641
official_bc,49,724,-296.8358959157845
official_bc,49,725,-290.6951893714821
official_bc,49,726,-285.48758089954475
official_bc,49,727,-293.3463367050362
official_bc,49,728,-290.78472214942076
official_bc,49,729,-285.14811758093276
official_bc,49,730,-294.4622202052693
official_bc,49,731,-297.3323216629626
official_bc,49,732,-296.40688818296195
official_bc,49,733,-294.80189012117535
official_bc,49,734,-288.6358868909876
official_bc,49,735,-290.62551766095123
official_bc,49,736,-288.4109437097702
official_bc,49,737,-289.8880341563139
official_bc,49,738,-292.48914371058413
official_bc,49,739,-280.2228451297009
official_bc,49,740,-294.8589981737284
official_bc,49,741,-288.85769073889753
official_bc,49,742,-293.00768978877153
official_bc,49,743,-292.03834472393453
official_bc,49,744,-294.8285143297987
official_bc,49,745,-293.6588449423889
official_bc,49,746,-298.24672703363507
official_bc,49,747,-290.92759652648385
official_bc,49,748,-291.76425318979443
official_bc,49,749,-284.17210416444
official_bc,49,750,-292.88905803132695
official_bc,49,751,-294.3223758359143
official_bc,49,752,-287.37516096814363
official_bc,49,753,-287.23590399743307
official_bc,49,754,-291.55920396623617
official_bc,49,755,-293.1141725842871
official_bc,49,756,-292.34314384360795
official_bc,49,757,-289.8775991712344
official_bc,49,758,-284.7806515908329
official_bc,49,759,-296.58110976603734
official_bc,49,760,-288.833236507841
official_bc,49,761,-298.6196601265543
official_bc,49,762,-292.3933383390517
official_bc,49,763,-284.261203725185
official_bc,49,764,-276.7775768042552
official_bc,49,765,-290.0702657102055
official_bc,49,766,-288.90051925648527
official_bc,49,767,-301.3883990781854
official_bc,49,768,-291.9288373701972
official_bc,49,769,-293.96614369904904
official_bc,49,770,-296.9361451776391
official_bc,49,771,-291.5531159109613
official_bc,49,772,-291.723061119284
official_bc,49,773,-297.88611662188805
official_bc,49,774,-297.6944239726403
official_bc,49,775,-287.090389009001
official_bc,49,776,-288.9445440640303
official_bc,49,777,-291.692998284298
official_bc,49,778,-292.2523534901078
official_bc,49,779,-281.4089769551298
official_bc,49,780,-273.9322379993036
official_bc,49,781,-291.5423022357952
official_bc,49,782,-284.6999576946631
official_bc,49,783,-291.9416861759228
official_bc,49,784,-294.36963161614284
official_bc,49,785,-287.0841647981523
official_bc,49,786,-279.5314814605288
official_bc,49,787,-290.77945738115636
official_bc,49,788,-295.11768290293344
official_bc,49,789,-292.41436483484483
official_bc,49,790,-288.1622135591908
official_bc,49,791,-292.2152890480145
official_bc,49,792,-286.5671732559084
official_bc,49,793,-296.1500905408787
official_bc,49,794,-295.2301520254738
official_bc,49,795,-284.6403449375891
official_bc,49,796,-287.89811801503674
official_bc,49,797,-289.1013095830308
official_bc,49,798,-288.3514580263392
official_bc,49,799,-284.45414134362215
official_bc,49,800,-295.1927071979136
official_bc,49,801,-291.3524108233411
official_bc,49,802,-288.96586319467406
official_bc,49,803,-291.9767351135064
official_bc,49,804,-298.5482084954184
official_bc,49,805,-292.79616809020644
official_bc,49,806,-287.3352273597934
official_bc,49,807,-290.0827821865844
official_bc,49,808,-284.6926122189042
official_bc,49,809,-289.30593320877716
official_bc,49,810,-291.77342602310745
official_bc,49,811,-293.179755665933
official_bc,49,812,-298.52708667630714
official_bc,49,813,-289.1052080078018
official_bc,49,814,-286.5216983507202
official_bc,49,815,-289.45846698055004
official_bc,49,816,-291.703251419092
official_bc,49,817,-284.3873853285346
official_bc,49,818,-291.92582274071987
official_bc,49,819,-298.4591680020462
official_bc,49,820,-289.4773756039656
official_bc,49,821,-288.4752228515643
official_bc,49,822,-288.18769256898975
official_bc,49,823,-290.87020859795035
official_bc,49,824,-289.97348731221217
official_bc,49,825,-298.76625707604944
official_bc,49,826,-291.60222793593726
official_bc,49,827,-288.6581989308696
official_bc,49,828,-290.95491052087186
official_bc,49,829,-289.9210304803157
official_bc,49,830,-299.118358518916
official_bc,49,831,-283.1108691374296
official_bc,49,832,-276.4805792488283
official_bc,49,833,-281.61295580848605
official_bc,49,834,-291.10830946765674
official_bc,49,835,-295.8905270307184
official_bc,49,836,-285.34000005845326
official_bc,49,837,-293.3574301863835
official_bc,49,838,-286.6543337575624
official_bc,49,839,-292.08834702863476
official_bc,49,840,-286.2839509040782
official_bc,49,841,-291.22909828454107
official_bc,49,842,-297.95596469315956
official_bc,49,843,-290.257240278641
official_bc,49,844,-291.7059931801631
official_bc,49,845,-296.7895576573784
official_bc,49,846,-291.8636593821135
official_bc,49,847,-295.4410474203951
official_bc,49,848,-294.72165657595326
official_bc,49,849,-289.6958119177448
official_bc,49,850,-285.6949078675933
official_bc,49,851,-292.28331590372824
official_bc,49,852,-283.122307366546
official_bc,49,853,-292.7453327964254
official_bc,49,854,-285.1327627633634
official_bc,49,855,-294.8797201081991
official_bc,49,856,-295.77631022523093
official_bc,49,857,-292.6280274401022
official_bc,49,858,-292.76237139492844
official_bc,49,859,-293.68203806378796
official_bc,49,860,-292.0712450368188
official_bc,49,861,-293.1698116631795
official_bc,49,862,-293.2017041402183
official_bc,49,863,-284.0155105365046
official_bc,49,864,-289.5957440893625
official_bc,49,865,-281.5572913999058
official_bc,49,866,-291.9687839948628
official_bc,49,867,-287.80598100338506
official_bc,49,868,-296.9832866767679
official_bc,49,869,-295.27009301337364
official_bc,49,870,-289.4782667057388
official_bc,49,871,-292.0086368467132
official_bc,49,872,-292.84973732477187
official_bc,49,873,-294.802675060571
official_bc,49,874,-284.998031905519
official_bc,49,875,-289.3808218978253
official_bc,49,876,-286.8276109032592
official_bc,49,877,-291.49755403351867
official_bc,49,878,-286.4138535982925
official_bc,49,879,-290.256755740132
official_bc,49,880,-291.8648387583213
official_bc,49,881,-285.54668467410113
official_bc,49,882,-292.6222987524012
official_bc,49,883,-288.33367163900266
official_bc,49,884,-291.7764543391139
official_bc,49,885,-297.4637543508595
official_bc,49,886,-291.4469110282285
official_bc,49,887,-288.1463660376209
official_bc,49,888,-297.18214361958235
official_bc,49,889,-290.8366708004626
official_bc,49,890,-289.9943317958956
official_bc,49,891,-290.2976767199198
official_bc,49,892,-291.1834522219026
official_bc,49,893,-285.2271270784407
official_bc,49,894,-292.6959925160511
official_bc,49,895,-278.9893322400368
official_bc,49,896,-292.4025658464277
official_bc,49,897,-287.1255552017316
official_bc,49,898,-285.8637991184579
official_bc,49,899,-285.14406603408037
official_bc,49,900,-294.7852660290615
official_bc,49,901,-272.08769279688454
official_bc,49,902,-296.28168553806955
official_bc,49,903,-294.9016734006956
official_bc,49,904,-293.813372101422
official_bc,49,905,-293.3600900352719
official_bc,49,906,-296.4486045029595
official_bc,49,907,-288.7961152016005
official_bc,49,908,-295.57206794495846
official_bc,49,909,-297.62330691278277
official_bc,49,910,-296.96139226424754
official_bc,49,911,-290.9524765719795
official_bc,49,912,-280.86990217266447
official_bc,49,913,-284.5154948019069
official_bc,49,914,-286.6503583719067
official_bc,49,915,-278.80981628632065
official_bc,49,916,-284.7997466219064
official_bc,49,917,-297.31220897714013
official_bc,49,918,-276.65064380886395
official_bc,49,919,-295.6187093824373
official_bc,49,920,-291.784670938722
official_bc,49,921,-293.79467361789807
official_bc,49,922,-287.3442924884863
official_bc,49,923,-299.3771490261498
official_bc,49,924,-297.6919774902404
official_bc,49,925,-289.8688049979263
official_bc,49,926,-291.3074078142041
official_bc,49,927,-297.6703226239982
official_bc,49,928,-294.97479513223254
official_bc,49,929,-297.6614647938161
official_bc,49,930,-294.4307774057185
official_bc,49,931,-288.6537907921652
official_bc,49,932,-291.0324344279769
official_bc,49,933,-290.01472215783974
official_bc,49,934,-285.697665660562
official_bc,49,935,-287.96399958309445
official_bc,49,936,-286.8908302644245
official_bc,49,937,-285.3466136863086
official_bc,49,938,-285.83129876074497
official_bc,49,939,-281.7126375471849
official_bc,49,940,-290.9134791524965
official_bc,49,941,-295.80496870313317
official_bc,49,942,-292.2334326019161
official_bc,49,943,-293.4571992396719
official_bc,49,944,-298.92725775849027
official_bc,49,945,-284.72550671157313
official_bc,49,946,-297.4038423822785
official_bc,49,947,-280.25437322250417
official_bc,49,948,-294.1633005129753
official_bc,49,949,-294.6433558028205
official_bc,49,950,-291.05027334741794
official_bc,49,951,-298.5945109965044
official_bc,49,952,-283.7429534533418
official_bc,49,953,-295.6965475414197
official_bc,49,954,-285.51753272318996
official_bc,49,955,-279.2163086905445
official_bc,49,956,-293.8547219027678
official_bc,49,957,-287.12570291797533
official_bc,49,958,-289.4980381651729
official_bc,49,959,-292.66606678596423
official_bc,49,960,-286.4383148608645
official_bc,49,961,-292.0861782049893
official_bc,49,962,-290.9049897723928
official_bc,49,963,-279.8720945445531
official_bc,49,964,-298.037030531556
official_bc,49,965,-295.50641520368623
official_bc,49,966,-289.70764075522334
official_bc,49,967,-296.5073997504585
official_bc,49,968,-293.27308519739654
official_bc,49,969,-284.8664548673826
official_bc,49,970,-286.70661220600573
official_bc,49,971,-283.212802586528
official_bc,49,972,-282.45980427282245
official_bc,49,973,-289.8967382809505
official_bc,49,974,-289.3297591976832
official_bc,49,975,-287.11111360017105
official_bc,49,976,-277.70269304358544
official_bc,49,977,-273.91889816954404
official_bc,49,978,-290.4454587279737
official_bc,49,979,-288.25453183426646
official_bc,49,980,-282.2247403428154
official_bc,49,981,-290.1722049286075
official_bc,49,982,-296.97682677701266
official_bc,49,983,-288.24957626429926
official_bc,49,984,-292.0083752419696
official_bc,49,985,-287.0212212861303
official_bc,49,986,-284.40991565269206
official_bc,49,987,-291.30282059695935
official_bc,49,988,-289.97480587834724
official_bc,49,989,-298.5250251735948
official_bc,49,990,-273.88414960035277
official_bc,49,991,-293.92229486767536
official_bc,49,992,-293.4288088011638
official_bc,49,993,-291.60916321988304
official_bc,49,994,-290.1182387859714
official_bc,49,995,-286.78033301193466
official_bc,49,996,-292.69119446251693
official_bc,49,997,-292.4847411175775
official_bc,49,998,-293.3803110816477
official_bc,49,999,-280.3903688997458
official_bc,49,1000,-292.04028599311573
official_bc,50,1,-194.53681682020903
official_bc,50,2,-214.53530855501828
official_bc,50,3,-204.2198571732149
official_bc,50,4,-234.04154557701509
official_bc,50,5,-259.92068269218566
official_bc,50,6,-207.16559386308967
official_bc,50,7,-188.2677625045723
official_bc,50,8,-180.00679314971023
official_bc,50,9,-174.63055709899672
official_bc,50,10,-298.73376975134715
official_bc,50,11,-277.8118079446386
official_bc,50,12,-252.1579341309498
official_bc,50,13,-194.06435191955907
official_bc,50,14,-241.5708034297163
official_bc,50,15,-167.14359790261392
official_bc,50,16,-168.924001168238
official_bc,50,17,-197.827034921656
official_bc,50,18,-227.64760143312972
official_bc,50,19,-260.2035638707896
official_bc,50,20,-315.285669747099
official_bc,50,21,-308.06241622167727
official_bc,50,22,-204.00691108119554
official_bc,50,23,-237.76052763967914
official_bc,50,24,-265.34841713405643
official_bc,50,25,-208.74217130537502
official_bc,50,26,-212.12596784430838
official_bc,50,27,-320.8118730629838
official_bc,50,28,-239.24218180297498
official_bc,50,29,-151.93292040731333
official_bc,50,30,-191.33974060978534
official_bc,50,31,-230.74720581195265
official_bc,50,32,-172.82400864569945
official_bc,50,33,-286.96830897976383
official_bc,50,34,-293.8338679070631
official_bc,50,35,-292.0271650999044
official_bc,50,36,-307.2812512115937
official_bc,50,37,-302.5987197292952
official_bc,50,38,-300.2833662323137
official_bc,50,39,-287.62795271355174
official_bc,50,40,-288.1228348945898
official_bc,50,41,-279.08259405139097
official_bc,50,42,-277.6562255603301
official_bc,50,43,-281.6527141552948
official_bc,50,44,-268.11789289550757
official_bc,50,45,-282.3309840842722
official_bc,50,46,-270.201766885005
official_bc,50,47,-272.4188237723541
official_bc,50,48,-271.99403330494505
official_bc,50,49,-281.389377337354
official_bc,50,50,-275.41349631338187
official_bc,50,51,-281.6346118211345
official_bc,50,52,-280.8745871856082
official_bc,50,53,-273.62577057541284
official_bc,50,54,-283.93033207338664
official_bc,50,55,-285.4064047954892
official_bc,50,56,-296.6186108759659
official_bc,50,57,-300.85090749999017
official_bc,50,58,-302.01574035809836
official_bc,50,59,-304.84668829235045
official_bc,50,60,-301.30369223871503
official_bc,50,61,-290.34330693667914
official_bc,50,62,-287.42025324388914
official_bc,50,63,-301.856321943485
official_bc,50,64,-281.0041920178621
official_bc,50,65,-284.5340939539391
official_bc,50,66,-293.85735856724204
official_bc,50,67,-287.409723348696
official_bc,50,68,-283.48300792452056
official_bc,50,69,-283.7032828206646
official_bc,50,70,-282.9769113408645
official_bc,50,71,-288.87848664410006
official_bc,50,72,-286.81385512577145
official_bc,50,73,-286.5919497341767
official_bc,50,74,-287.75998189196815
official_bc,50,75,-281.616660718325
official_bc,50,76,-284.13463007460695
official_bc,50,77,-292.6206856856997
official_bc,50,78,-293.1379887947821
official_bc,50,79,-290.1146382431426
official_bc,50,80,-287.95496877378906
official_bc,50,81,-298.0311499621862
official_bc,50,82,-297.7782385584556
official_bc,50,83,-290.17158571316884
official_bc,50,84,-290.8710119688577
official_bc,50,85,-296.4102547868407
official_bc,50,86,-284.1443864441872
official_bc,50,87,-278.2689129506219
official_bc,50,88,-284.35774508401187
official_bc,50,89,-279.6593554450402
official_bc,50,90,-290.12905707765464
official_bc,50,91,-285.2837622686942
official_bc,50,92,-286.5578284659035
official_bc,50,93,-286.07204556423073
official_bc,50,94,-275.36015134119805
official_bc,50,95,-292.0901768672278
official_bc,50,96,-292.8481067387321
official_bc,50,97,-288.72009512621486
official_bc,50,98,-289.2251771027061
official_bc,50,99,-289.65985846063626
official_bc,50,100,-281.26046679096487
official_bc,50,101,-298.27436199420924
official_bc,50,102,-295.4140942800181
official_bc,50,103,-287.00728476100653
official_bc,50,104,-289.3309403078756
official_bc,50,105,-292.6557388658475
official_bc,50,106,-289.19473228418195
official_bc,50,107,-292.3451198936666
official_bc,50,108,-287.3639135029972
official_bc,50,109,-292.9308757154316
official_bc,50,110,-290.055474874469
official_bc,50,111,-282.17971049461164
official_bc,50,112,-289.89463493075334
official_bc,50,113,-289.4982231458105
official_bc,50,114,-293.4387526878228
official_bc,50,115,-295.1768013699225
official_bc,50,116,-286.06697759550036
official_bc,50,117,-291.21359036447495
official_bc,50,118,-293.10426673752545
official_bc,50,119,-292.31908020541755
official_bc,50,120,-278.40082244104116
official_bc,50,121,-295.04527214041184
official_bc,50,122,-293.81789340474046
official_bc,50,123,-292.61736678635236
official_bc,50,124,-302.61604864774233
official_bc,50,125,-298.70315584907917
official_bc,50,126,-296.68420169817955
official_bc,50,127,-286.95508947811743
official_bc,50,128,-291.15375245859593
official_bc,50,129,-293.83085446941504
official_bc,50,130,-291.1599916973772
official_bc,50,131,-288.12195680142787
official_bc,50,132,-291.8432000248957
official_bc,50,133,-287.3919189993666
official_bc,50,134,-294.29272757643895
official_bc,50,135,-290.3970173845312
official_bc,50,136,-290.80834616292384
official_bc,50,137,-295.38074570729157
official_bc,50,138,-293.93219688037277
official_bc,50,139,-289.98748489192565
official_bc,50,140,-295.85167445475713
official_bc,50,141,-285.0226930959677
official_bc,50,142,-295.35186244145643
official_bc,50,143,-282.833052645165
official_bc,50,144,-282.4169948526318
official_bc,50,145,-294.2842074897188
official_bc,50,146,-296.8431060547538
official_bc,50,147,-286.038942616157
official_bc,50,148,-288.4578836608132
official_bc,50,149,-284.9361887152803
official_bc,50,150,-297.4503504126186
official_bc,50,151,-286.9896221526373
official_bc,50,152,-284.4038296261162
official_bc,50,153,-282.33185850214215
official_bc,50,154,-293.7730718289816
official_bc,50,155,-294.3523430149089
official_bc,50,156,-289.93791753768807
official_bc,50,157,-300.5635488869895
official_bc,50,158,-295.60968922472347
official_bc,50,159,-288.44968047306764
official_bc,50,160,-285.99218520102124
official_bc,50,161,-296.68748549024485
official_bc,50,162,-289.45612570830485
official_bc,50,163,-288.0604571000674
official_bc,50,164,-286.2061986942402
official_bc,50,165,-285.022914186737
official_bc,50,166,-283.9909607582949
official_bc,50,167,-290.13000184765616
official_bc,50,168,-290.08445293266954
official_bc,50,169,-293.73503568695565
official_bc,50,170,-290.9167137566262
official_bc,50,171,-294.52803617971034
official_bc,50,172,-297.43465268266266
official_bc,50,173,-292.2692032558472
official_bc,50,174,-289.95411930237265
official_bc,50,175,-293.80186139824747
official_bc,50,176,-288.8969368638093
official_bc,50,177,-288.8451759392259
official_bc,50,178,-291.77079153942924
official_bc,50,179,-290.21930252237536
official_bc,50,180,-289.85415054061116
official_bc,50,181,-286.360653938019
official_bc,50,182,-285.6429829538045
official_bc,50,183,-285.47386699505705
official_bc,50,184,-286.5375825858744
official_bc,50,185,-292.651433951224
official_bc,50,186,-294.39796189744925
official_bc,50,187,-293.6382905715236
official_bc,50,188,-296.0814130985888
official_bc,50,189,-287.5843387224836
official_bc,50,190,-287.20666208260127
official_bc,50,191,-284.32863706846
official_bc,50,192,-287.4255115364225
official_bc,50,193,-286.53466413507465
official_bc,50,194,-294.7335383040373
official_bc,50,195,-290.2498831533105
official_bc,50,196,-293.00808084595434
official_bc,50,197,-294.89212188182455
official_bc,50,198,-294.44936067207897
official_bc,50,199,-292.2989334757173
official_bc,50,200,-300.51207003223544
official_bc,50,201,-286.06666889519704
official_bc,50,202,-284.5715329956213
official_bc,50,203,-287.04631412482865
official_bc,50,204,-289.93758616064036
official_bc,50,205,-293.0492549468056
official_bc,50,206,-296.36242610540484
official_bc,50,207,-287.58715876382894
official_bc,50,208,-293.0667599703691
official_bc,50,209,-292.20357712438295
official_bc,50,210,-279.10436511721826
official_bc,50,211,-295.7891138975384
official_bc,50,212,-282.1355710407925
official_bc,50,213,-295.07733230013463
official_bc,50,214,-285.35855224637186
official_bc,50,215,-296.081193439852
official_bc,50,216,-289.54527985836825
official_bc,50,217,-298.43257647745213
official_bc,50,218,-295.0467020936813
official_bc,50,219,-285.08693717308586
official_bc,50,220,-286.6060400926077
official_bc,50,221,-294.11887266048996
official_bc,50,222,-285.88342028270813
official_bc,50,223,-297.76743974895123
official_bc,50,224,-291.91217200856977
official_bc,50,225,-299.4029674239314
official_bc,50,226,-293.7079565338713
official_bc,50,227,-292.3318331864413
official_bc,50,228,-294.9238542619001
official_bc,50,229,-289.2112488358444
official_bc,50,230,-282.5565762729025
official_bc,50,231,-290.53145971357407
official_bc,50,232,-298.62345740982096
official_bc,50,233,-295.10375407574116
official_bc,50,234,-290.5265338548944
official_bc,50,235,-287.9578199585099
official_bc,50,236,-287.26461879201497
official_bc,50,237,-289.3517069989789
official_bc,50,238,-286.3026288289109
official_bc,50,239,-275.24520955828075
official_bc,50,240,-293.8057978796153
official_bc,50,241,-291.7934724164986
official_bc,50,242,-293.7323609973454
official_bc,50,243,-287.1618226610828
official_bc,50,244,-297.5056795432158
official_bc,50,245,-289.68192550025117
official_bc,50,246,-295.39389582635766
official_bc,50,247,-293.5578277297929
official_bc,50,248,-292.65632066815266
official_bc,50,249,-294.4709383776567
official_bc,50,250,-291.75356557346373
official_bc,50,251,-293.44737107600804
official_bc,50,252,-293.8097679033455
official_bc,50,253,-294.8174004536162
official_bc,50,254,-293.20581628360355
official_bc,50,255,-284.4610040601524
official_bc,50,256,-289.6944381395743
official_bc,50,257,-279.80739692844446
official_bc,50,258,-287.60092355431254
official_bc,50,259,-278.5101887863318
official_bc,50,260,-283.56087844351816
official_bc,50,261,-297.3712556279479
official_bc,50,262,-299.7912703896668
official_bc,50,263,-294.10708529471515
official_bc,50,264,-294.8925526600427
official_bc,50,265,-293.24341872615247
official_bc,50,266,-294.16508256229037
official_bc,50,267,-291.08653354404044
official_bc,50,268,-285.20534635689677
official_bc,50,269,-292.2870817114573
official_bc,50,270,-284.6019303488882
official_bc,50,271,-290.15200889139726
official_bc,50,272,-290.6504948384564
official_bc,50,273,-294.4315169237183
official_bc,50,274,-296.69130630248156
official_bc,50,275,-289.27637889388217
official_bc,50,276,-294.5487497010158
official_bc,50,277,-292.9365252542015
official_bc,50,278,-289.4198327663757
official_bc,50,279,-294.94897271662927
official_bc,50,280,-292.76955694138326
official_bc,50,281,-294.6188844975915
official_bc,50,282,-278.4406750848878
official_bc,50,283,-298.8373535423742
official_bc,50,284,-296.15902564212126
official_bc,50,285,-296.3711801736752
official_bc,50,286,-295.4239324055203
official_bc,50,287,-290.12120449499434
official_bc,50,288,-291.77331133386474
official_bc,50,289,-294.9044458033329
official_bc,50,290,-295.4601061995206
official_bc,50,291,-293.2669192933199
official_bc,50,292,-289.2945506713991
official_bc,50,293,-293.5417066828516
official_bc,50,294,-295.02129978647446
official_bc,50,295,-286.692738933521
official_bc,50,296,-288.96422661980046
official_bc,50,297,-287.12199058535776
official_bc,50,298,-290.61660863906116
official_bc,50,299,-294.06322472735445
official_bc,50,300,-289.8222119260712
official_bc,50,301,-288.09795765647505
official_bc,50,302,-287.87628484417735
official_bc,50,303,-298.9753844952122
official_bc,50,304,-299.5285409700872
official_bc,50,305,-281.9401363756182
official_bc,50,306,-297.2667742923479
official_bc,50,307,-293.6388682636552
official_bc,50,308,-296.3443239809913
official_bc,50,309,-294.079426756329
official_bc,50,310,-293.4555129132423
official_bc,50,311,-296.3902064049803
official_bc,50,312,-284.7422472860882
official_bc,50,313,-290.21143913468336
official_bc,50,314,-296.5126854449923
official_bc,50,315,-287.0204050034964
official_bc,50,316,-290.8075739001189
official_bc,50,317,-285.43737992605395
official_bc,50,318,-291.0321650084701
official_bc,50,319,-296.19428224616024
official_bc,50,320,-290.83227138959415
official_bc,50,321,-291.25816401480586
official_bc,50,322,-292.9653072222127
official_bc,50,323,-282.96173865278695
official_bc,50,324,-294.2633373205799
official_bc,50,325,-285.6565937029387
official_bc,50,326,-283.85255604079543
official_bc,50,327,-285.6970644391185
official_bc,50,328,-294.66629492899034
official_bc,50,329,-296.57920867664757
official_bc,50,330,-292.6535243415009
official_bc,50,331,-279.0888960248951
official_bc,50,332,-293.1352919183052
official_bc,50,333,-288.36621392909683
official_bc,50,334,-292.53660227787395
official_bc,50,335,-291.2934303997198
official_bc,50,336,-295.6697909853989
official_bc,50,337,-286.5495993233376
official_bc,50,338,-286.3112512797527
official_bc,50,339,-286.9756413993464
official_bc,50,340,-285.2592643123264
official_bc,50,341,-288.4952049120541
official_bc,50,342,-286.488485369271
official_bc,50,343,-296.9090454025715
official_bc,50,344,-289.91553488472726
official_bc,50,345,-285.6526548614353
official_bc,50,346,-294.1390144272855
official_bc,50,347,-293.50626444042393
official_bc,50,348,-287.39274827335373
official_bc,50,349,-291.89175506318395
official_bc,50,350,-291.6467913402404
official_bc,50,351,-293.56722153366115
official_bc,50,352,-265.3181401365469
official_bc,50,353,-293.4198212305268
official_bc,50,354,-291.22167839994
official_bc,50,355,-297.7272674703983
official_bc,50,356,-286.2733734492836
official_bc,50,357,-287.75150302268474
official_bc,50,358,-292.0319344632294
official_bc,50,359,-295.16954439610276
official_bc,50,360,-289.6433944551302
official_bc,50,361,-292.53261264781133
official_bc,50,362,-290.4412617697588
official_bc,50,363,-297.8819449911672
official_bc,50,364,-285.28387890410295
official_bc,50,365,-279.9759387893206
official_bc,50,366,-294.381518355014
official_bc,50,367,-294.0734300447764
official_bc,50,368,-295.7854114998318
official_bc,50,369,-292.7720864123601
official_bc,50,370,-297.4231866392741
official_bc,50,371,-297.3078791879209
official_bc,50,372,-291.1176882934101
official_bc,50,373,-297.5413824418863
official_bc,50,374,-286.950617348449
official_bc,50,375,-289.9592809718475
official_bc,50,376,-287.99389620202567
official_bc,50,377,-289.0150128523593
official_bc,50,378,-291.05665494738884
official_bc,50,379,-293.0748080688984
official_bc,50,380,-293.2368465882739
official_bc,50,381,-295.83810065096276
official_bc,50,382,-288.95585532814977
official_bc,50,383,-291.62759761343995
official_bc,50,384,-278.7174323392462
official_bc,50,385,-292.70766007431087
official_bc,50,386,-285.4978051869654
official_bc,50,387,-284.3035462134195
official_bc,50,388,-292.8004549272703
official_bc,50,389,-279.6085502691337
official_bc,50,390,-295.4782329292165
official_bc,50,391,-285.4911675766642
official_bc,50,392,-292.2591927788123
official_bc,50,393,-276.5150746595707
official_bc,50,394,-290.83000633837037
official_bc,50,395,-279.2060927718408
official_bc,50,396,-289.18968088543295
official_bc,50,397,-296.80440355918734
official_bc,50,398,-295.5068197669166
official_bc,50,399,-292.2382710452393
official_bc,50,400,-295.7542431383158
official_bc,50,401,-296.44698613045
official_bc,50,402,-294.7310946367369
official_bc,50,403,-287.25220334782136
official_bc,50,404,-290.83359580709646
official_bc,50,405,-294.68192271415325
official_bc,50,406,-298.54833659881245
official_bc,50,407,-276.8304900787175
official_bc,50,408,-295.8192008057266
official_bc,50,409,-289.82530797423897
official_bc,50,410,-289.41034679685265
official_bc,50,411,-292.57008421519276
official_bc,50,412,-272.9476976326518
official_bc,50,413,-297.63758601186976
official_bc,50,414,-282.1740623619222
official_bc,50,415,-285.4988757439707
official_bc,50,416,-281.8806845575786
official_bc,50,417,-298.67628748474726
official_bc,50,418,-295.5710715822914
official_bc,50,419,-267.1645962786529
official_bc,50,420,-295.45895354786376
official_bc,50,421,-295.5299139416785
official_bc,50,422,-295.9658509733821
official_bc,50,423,-291.3779819992914
official_bc,50,424,-295.5002388887954
official_bc,50,425,-290.1127281253946
official_bc,50,426,-289.4240167084202
official_bc,50,427,-293.55779228376883
official_bc,50,428,-293.5008739936999
official_bc,50,429,-288.12608192624987
official_bc,50,430,-296.663374293263
official_bc,50,431,-290.98271718123226
official_bc,50,432,-289.2612277224009
official_bc,50,433,-290.1158172847223
official_bc,50,434,-283.0129266763097
official_bc,50,435,-286.39966083828534
official_bc,50,436,-277.9574202406152
official_bc,50,437,-293.36654014628925
official_bc,50,438,-290.2067374415372
official_bc,50,439,-292.4032013734893
official_bc,50,440,-291.63105162878776
official_bc,50,441,-290.1685259118865
official_bc,50,442,-293.21697937930145
official_bc,50,443,-293.25013169898136
official_bc,50,444,-279.6819169213434
official_bc,50,445,-288.9641201034437
official_bc,50,446,-294.46007085415033
official_bc,50,447,-285.9497854428699
official_bc,50,448,-296.14431936812673
official_bc,50,449,-298.91946189076623
official_bc,50,450,-294.4559666628862
official_bc,50,451,-296.48856246893445
official_bc,50,452,-292.71304112125654
official_bc,50,453,-287.68373461349995
official_bc,50,454,-297.0221306082061
official_bc,50,455,-294.33655299591703
official_bc,50,456,-294.43376954951566
official_bc,50,457,-294.34394449215415
official_bc,50,458,-291.8261822553327
official_bc,50,459,-289.8896387697255
official_bc,50,460,-286.57211181375146
official_bc,50,461,-284.8685675304423
official_bc,50,462,-291.1950088036826
official_bc,50,463,-292.7749765866621
official_bc,50,464,-292.1493512188496
official_bc,50,465,-293.7329263552294
official_bc,50,466,-292.74111924637236
official_bc,50,467,-290.3780332767
official_bc,50,468,-291.2212686508118
official_bc,50,469,-291.9320122931159
official_bc,50,470,-285.90642845168964
official_bc,50,471,-296.13562145096444
official_bc,50,472,-294.9911874101143
official_bc,50,473,-275.2578718573743
official_bc,50,474,-291.25976459016056
official_bc,50,475,-284.7723508440119
official_bc,50,476,-296.80608265086255
official_bc,50,477,-293.36851121469687
official_bc,50,478,-286.56023298559194
official_bc,50,479,-298.5254153150786
official_bc,50,480,-293.92858724278153
official_bc,50,481,-282.37483239362007
official_bc,50,482,-294.98460396853056
official_bc,50,483,-290.1829750190193
official_bc,50,484,-292.8041507747644
official_bc,50,485,-291.3059524244867
official_bc,50,486,-293.87167061588707
official_bc,50,487,-295.1258313751044
official_bc,50,488,-293.1354312622141
official_bc,50,489,-291.3944751817629
official_bc,50,490,-292.7293637683839
official_bc,50,491,-288.6611877881998
official_bc,50,492,-293.6905153757472
official_bc,50,493,-292.54722256414595
official_bc,50,494,-284.55103120584675
official_bc,50,495,-283.8645436844597
official_bc,50,496,-277.2954976245332
official_bc,50,497,-293.2417270578248
official_bc,50,498,-290.559207014384
official_bc,50,499,-284.9026623166027
official_bc,50,500,-291.4638633256243
official_bc,50,501,-288.9740719517112
official_bc,50,502,-290.11472769045395
official_bc,50,503,-294.8005789293059
official_bc,50,504,-296.75435274633014
official_bc,50,505,-296.8038611451742
official_bc,50,506,-299.5813597004402
official_bc,50,507,-296.04763015075963
official_bc,50,508,-285.0285561515365
official_bc,50,509,-294.53047194520104
official_bc,50,510,-289.6202329110125
official_bc,50,511,-276.36056242054093
official_bc,50,512,-281.47524700927727
official_bc,50,513,-286.6490236424991
official_bc,50,514,-290.6899281975876
official_bc,50,515,-290.306039561811
official_bc,50,516,-292.0481288037811
official_bc,50,517,-292.76706374035285
official_bc,50,518,-299.87395121763876
official_bc,50,519,-286.20384639122364
official_bc,50,520,-295.4418802416045
official_bc,50,521,-289.16407051968497
official_bc,50,522,-270.8890922655282
official_bc,50,523,-291.78781288288525
official_bc,50,524,-297.07037838374265
official_bc,50,525,-291.06714824359693
official_bc,50,526,-294.4733331453451
official_bc,50,527,-288.4408309614001
official_bc,50,528,-295.70861475158046
official_bc,50,529,-291.9531021741426
official_bc,50,530,-291.80921482185136
official_bc,50,531,-293.63268035473413
official_bc,50,532,-281.39798264580554
official_bc,50,533,-288.83151919300394
official_bc,50,534,-285.44106611514496
official_bc,50,535,-284.21469945199624
official_bc,50,536,-290.3125620378093
official_bc,50,537,-290.34018280929075
official_bc,50,538,-284.74700228199396
official_bc,50,539,-287.8260708994851
official_bc,50,540,-296.4110986108254
official_bc,50,541,-290.89094992116327
official_bc,50,542,-294.21190721347534
official_bc,50,543,-295.2058130711375
official_bc,50,544,-292.2890164273324
official_bc,50,545,-294.1679152520137
official_bc,50,546,-286.157250569627
official_bc,50,547,-294.3254229148306
official_bc,50,548,-296.6085682292563
official_bc,50,549,-287.8467192696158
official_bc,50,550,-292.27014106700415
official_bc,50,551,-295.8180585417664
official_bc,50,552,-289.9611818468597
official_bc,50,553,-293.43164836850326
official_bc,50,554,-287.04607689811934
official_bc,50,555,-285.054356392064
official_bc,50,556,-286.5663344586168
official_bc,50,557,-293.035706954149
official_bc,50,558,-282.4918396606819
official_bc,50,559,-294.0153180941749
official_bc,50,560,-293.2540849471574
official_bc,50,561,-292.5065984347335
official_bc,50,562,-295.8730599355327
official_bc,50,563,-289.61285652016727
official_bc,50,564,-296.0678446017775
official_bc,50,565,-296.8233009133031
official_bc,50,566,-298.5628787567959
official_bc,50,567,-296.4660340196121
official_bc,50,568,-292.7479188095563
official_bc,50,569,-289.19451486576406
official_bc,50,570,-291.3282150985764
official_bc,50,571,-290.4798911887987
official_bc,50,572,-291.87856373406373
official_bc,50,573,-291.575381205858
official_bc,50,574,-290.8641873593659
official_bc,50,575,-290.9871923331417
official_bc,50,576,-281.3806496050112
official_bc,50,577,-291.5700236542787
official_bc,50,578,-291.53704944536594
official_bc,50,579,-288.1997003837217
official_bc,50,580,-289.18627109170825
official_bc,50,581,-292.6870410926594
official_bc,50,582,-288.5704372829655
official_bc,50,583,-294.1975561808613
official_bc,50,584,-287.0345118082446
official_bc,50,585,-289.0814089433666
official_bc,50,586,-290.70183238635116
official_bc,50,587,-296.311887917572
official_bc,50,588,-293.51514300225614
official_bc,50,589,-288.0500767693678
official_bc,50,590,-297.5601424500963
official_bc,50,591,-287.9149645212532
official_bc,50,592,-290.11853193852056
official_bc,50,593,-292.8049991054261
official_bc,50,594,-283.94961280135664
official_bc,50,595,-290.3648084662873
official_bc,50,596,-291.44705688073594
official_bc,50,597,-281.82581414616044
official_bc,50,598,-287.1403156039405
official_bc,50,599,-290.2997145789028
official_bc,50,600,-294.1744288462595
official_bc,50,601,-292.96553368917597
official_bc,50,602,-296.5028717788972
official_bc,50,603,-291.97549049030505
official_bc,50,604,-292.0523151263214
official_bc,50,605,-295.0991054564755
official_bc,50,606,-288.02265989985887
official_bc,50,607,-280.2397872843046
official_bc,50,608,-293.2459025872688
official_bc,50,609,-288.2989829661755
official_bc,50,610,-292.2106211098228
official_bc,50,611,-286.81907378588795
official_bc,50,612,-293.8682030484273
official_bc,50,613,-291.11851556711474
official_bc,50,614,-295.9058062965815
official_bc,50,615,-289.8477133840822
official_bc,50,616,-288.6783635309299
official_bc,50,617,-292.3713088436659
official_bc,50,618,-293.04266348726503
official_bc,50,619,-278.1553138420589
official_bc,50,620,-292.8400051340245
official_bc,50,621,-298.6345628031481
official_bc,50,622,-292.28774205617617
official_bc,50,623,-290.555793004517
official_bc,50,624,-292.120616088214
official_bc,50,625,-287.8363637037188
official_bc,50,626,-289.8340377502397
official_bc,50,627,-295.9892105954823
official_bc,50,628,-280.7819062116301
official_bc,50,629,-279.7845324651942
official_bc,50,630,-290.88990363713435
official_bc,50,631,-288.6177799621805
official_bc,50,632,-281.240989553814
official_bc,50,633,-291.88843544396155
official_bc,50,634,-290.88695103552595
official_bc,50,635,-288.7667453724196
official_bc,50,636,-289.99295753981755
official_bc,50,637,-292.81548375679193
official_bc,50,638,-295.62756585858955
official_bc,50,639,-293.3034095966702
official_bc,50,640,-296.6489745128939
official_bc,50,641,-285.8874810198371
official_bc,50,642,-289.7554812869807
official_bc,50,643,-296.7947364357221
official_bc,50,644,-288.015683733257
official_bc,50,645,-294.33911890602667
official_bc,50,646,-283.94709790932296
official_bc,50,647,-284.12997869059984
official_bc,50,648,-298.18602008401484
official_bc,50,649,-281.98382620545385
official_bc,50,650,-292.2051607287808
official_bc,50,651,-292.66507238500026
official_bc,50,652,-293.2392379467711
official_bc,50,653,-292.1860781114355
official_bc,50,654,-293.0203879011205
official_bc,50,655,-289.88726713577313
official_bc,50,656,-293.69127953873544
official_bc,50,657,-290.1091220999429
official_bc,50,658,-293.9287461702469
official_bc,50,659,-287.45644010501786
official_bc,50,660,-282.6714015907828
official_bc,50,661,-288.86970992137356
official_bc,50,662,-291.863006430382
official_bc,50,663,-290.5478077406767
official_bc,50,664,-281.2454383672142
official_bc,50,665,-282.0555541522517
official_bc,50,666,-291.8630685957533
official_bc,50,667,-294.4366427003596
official_bc,50,668,-292.3266865667664
official_bc,50,669,-284.21787990182247
official_bc,50,670,-295.0647424271289
official_bc,50,671,-289.33084082540415
official_bc,50,672,-289.1658634187853
official_bc,50,673,-283.31074145968813
official_bc,50,674,-293.80547695038456
official_bc,50,675,-293.97226990305546
official_bc,50,676,-288.2415033848636
official_bc,50,677,-291.87172809339796
official_bc,50,678,-294.76687588437665
official_bc,50,679,-295.41518832587144
official_bc,50,680,-288.60202593565145
official_bc,50,681,-292.6745815854028
official_bc,50,682,-287.350289602987
official_bc,50,683,-288.61628691791606
official_bc,50,684,-291.3301453127171
official_bc,50,685,-282.18864943203283
official_bc,50,686,-290.2907474964301
official_bc,50,687,-285.8245197150537
official_bc,50,688,-294.5861088198842
official_bc,50,689,-297.05729412220677
official_bc,50,690,-285.43686344261283
official_bc,50,691,-290.9591848809126
official_bc,50,692,-287.7187049109708
official_bc,50,693,-287.6765346440965
official_bc,50,694,-285.10033545203316
official_bc,50,695,-279.8739346167514
official_bc,50,696,-277.40411791476697
official_bc,50,697,-290.5581219077187
official_bc,50,698,-286.41591086909034
official_bc,50,699,-293.0903013660161
official_bc,50,700,-288.4288264415166
official_bc,50,701,-289.04229651267724
official_bc,50,702,-292.0533285967722
official_bc,50,703,-289.21990292138986
official_bc,50,704,-294.1210944735501
official_bc,50,705,-297.1780716849553
official_bc,50,706,-286.18228620020136
official_bc,50,707,-286.5773737485398
official_bc,50,708,-291.4610621305378
official_bc,50,709,-282.3461010663332
official_bc,50,710,-282.3341052101979
official_bc,50,711,-285.22804316638405
official_bc,50,712,-294.21799311392516
official_bc,50,713,-292.16686197976486
official_bc,50,714,-289.4918023501307
official_bc,50,715,-280.50294319009964
official_bc,50,716,-294.6402087892355
official_bc,50,717,-288.3621657974291
official_bc,50,718,-290.71252251229464
official_bc,50,719,-289.6564288993515
official_bc,50,720,-287.39319818581595
official_bc,50,721,-281.7521079158514
official_bc,50,722,-277.9991613536315
official_bc,50,723,-292.50605281045154
official_bc,50,724,-297.7990339600737
official_bc,50,725,-287.20520813933774
official_bc,50,726,-296.3387977272445
official_bc,50,727,-292.1573417671209
official_bc,50,728,-290.26278810939243
official_bc,50,729,-300.33717658638
official_bc,50,730,-299.4454693178883
official_bc,50,731,-295.3403788892491
official_bc,50,732,-290.51136903225444
official_bc,50,733,-297.91181525845525
official_bc,50,734,-295.5432590211283
official_bc,50,735,-292.6937693185979
official_bc,50,736,-275.3495552397327
official_bc,50,737,-286.8812386057166
official_bc,50,738,-296.47555000350513
official_bc,50,739,-294.0906861207215
official_bc,50,740,-290.5317796931876
official_bc,50,741,-288.9838215204496
official_bc,50,742,-283.2631198435398
official_bc,50,743,-290.8841465791113
official_bc,50,744,-290.45634657982094
official_bc,50,745,-293.51500231707377
official_bc,50,746,-285.77988004630816
official_bc,50,747,-286.8289629887211
official_bc,50,748,-288.4374940521161
official_bc,50,749,-286.8171654445197
official_bc,50,750,-285.73853959367955
official_bc,50,751,-291.8643493782929
official_bc,50,752,-279.5813702272754
official_bc,50,753,-297.05853773220076
official_bc,50,754,-293.23579378060083
official_bc,50,755,-286.30640716679625
official_bc,50,756,-289.08051860644787
official_bc,50,757,-286.78755718038525
official_bc,50,758,-294.4192647149356
official_bc,50,759,-291.15444301893695
official_bc,50,760,-281.5703210717354
official_bc,50,761,-289.9647681077944
official_bc,50,762,-290.0886589217377
official_bc,50,763,-294.24326030127867
official_bc,50,764,-294.6913917253782
official_bc,50,765,-287.9208919825094
official_bc,50,766,-296.7926905978061
official_bc,50,767,-292.35882395343947
official_bc,50,768,-298.9492263533522
official_bc,50,769,-293.5126448524222
official_bc,50,770,-288.9001065490275
official_bc,50,771,-284.88767754522877
official_bc,50,772,-283.870085945254
official_bc,50,773,-293.3404173775102
official_bc,50,774,-287.79296870701614
official_bc,50,775,-287.6028708099513
official_bc,50,776,-287.3536708668312
official_bc,50,777,-280.4139604319942
official_bc,50,778,-294.1057074537797
official_bc,50,779,-287.1054357570633
official_bc,50,780,-297.1549470696147
official_bc,50,781,-288.522043213072
official_bc,50,782,-298.09853882560725
official_bc,50,783,-291.95541419035226
official_bc,50,784,-289.0774180316979
official_bc,50,785,-290.9597758690818
official_bc,50,786,-295.49632561862506
official_bc,50,787,-285.53966273754884
official_bc,50,788,-298.2422081533625
official_bc,50,789,-292.5336060106817
official_bc,50,790,-290.6223518086187
official_bc,50,791,-294.69765475655834
official_bc,50,792,-288.7044456034279
official_bc,50,793,-293.7332248029029
official_bc,50,794,-283.1424991274007
official_bc,50,795,-295.09817586999617
official_bc,50,796,-287.1161128546605
official_bc,50,797,-290.45719316252047
official_bc,50,798,-286.25212506988714
official_bc,50,799,-287.05070514116244
official_bc,50,800,-281.519520522417
official_bc,50,801,-292.3739421262014
official_bc,50,802,-294.6753373324421
official_bc,50,803,-291.27532140881584
official_bc,50,804,-291.20337592743226
official_bc,50,805,-295.8410808802561
official_bc,50,806,-286.0084418761238
official_bc,50,807,-294.6351719894868
official_bc,50,808,-301.06045072704865
official_bc,50,809,-296.5347388129337
official_bc,50,810,-297.2385768221212
official_bc,50,811,-298.92819492840755
official_bc,50,812,-290.0060763592703
official_bc,50,813,-283.10995580072995
official_bc,50,814,-296.45121143196394
official_bc,50,815,-288.89843405938313
official_bc,50,816,-286.11824068876444
official_bc,50,817,-290.46598790695924
official_bc,50,818,-291.02776034049054
official_bc,50,819,-294.0592460825532
official_bc,50,820,-291.11118925384005
official_bc,50,821,-298.31418448363036
official_bc,50,822,-290.9011669866432
official_bc,50,823,-291.89012917370746
official_bc,50,824,-296.8024018002543
official_bc,50,825,-297.20538909409817
official_bc,50,826,-290.77346758809085
official_bc,50,827,-298.46241974132744
official_bc,50,828,-280.0478861126463
official_bc,50,829,-287.63325024670274
official_bc,50,830,-282.27615589599867
official_bc,50,831,-280.6081010931556
official_bc,50,832,-294.9152285561409
official_bc,50,833,-284.17743482322527
official_bc,50,834,-274.3442584491918
official_bc,50,835,-294.7715801700374
official_bc,50,836,-290.8141809392739
official_bc,50,837,-291.9245363651896
official_bc,50,838,-284.6429309087347
official_bc,50,839,-294.11429137514943
official_bc,50,840,-290.5501022783478
official_bc,50,841,-296.3059467881592
official_bc,50,842,-298.3519092151132
official_bc,50,843,-285.87569206022243
official_bc,50,844,-294.4926396274058
official_bc,50,845,-283.4448053195988
official_bc,50,846,-288.1544235883554
official_bc,50,847,-291.395430518148
official_bc,50,848,-282.7419676453695
official_bc,50,849,-290.0868404184596
official_bc,50,850,-290.26547406478437
official_bc,50,851,-294.51872474849637
official_bc,50,852,-292.2875172528422
official_bc,50,853,-290.41607039646374
official_bc,50,854,-283.0825359518829
official_bc,50,855,-293.0567194073777
official_bc,50,856,-288.60193235348294
official_bc,50,857,-291.8888662179105
official_bc,50,858,-292.776668295027
official_bc,50,859,-291.65683239736796
official_bc,50,860,-290.00337307156815
official_bc,50,861,-296.902313020967
official_bc,50,862,-281.36981355227715
official_bc,50,863,-297.6038968492922
official_bc,50,864,-294.24236047273956
official_bc,50,865,-286.2388360980843
official_bc,50,866,-286.7492129776406
official_bc,50,867,-289.8470842889245
official_bc,50,868,-280.8300305374875
official_bc,50,869,-293.4427671886194
official_bc,50,870,-278.01302631998715
official_bc,50,871,-292.6145421887991
official_bc,50,872,-289.04409675993475
official_bc,50,873,-285.05557842930267
official_bc,50,874,-289.8381582590795
official_bc,50,875,-288.44356451277906
official_bc,50,876,-283.15955763283847
official_bc,50,877,-293.7636380210554
official_bc,50,878,-292.91338043276585
official_bc,50,879,-291.1351375967732
official_bc,50,880,-293.17059942513106
official_bc,50,881,-289.0872490588054
official_bc,50,882,-291.2787755585068
official_bc,50,883,-294.34630227121875
official_bc,50,884,-292.86629370562326
official_bc,50,885,-284.45187858978875
official_bc,50,886,-292.27534672867864
official_bc,50,887,-278.0901868784437
official_bc,50,888,-283.08026905558324
official_bc,50,889,-293.01253364560205
official_bc,50,890,-289.70675085571514
official_bc,50,891,-284.4631903560155
official_bc,50,892,-293.40744228899604
official_bc,50,893,-300.1341761250181
official_bc,50,894,-297.3252222284648
official_bc,50,895,-288.7782089200047
official_bc,50,896,-295.6763073796309
official_bc,50,897,-293.7002957489879
official_bc,50,898,-288.80298947078364
official_bc,50,899,-288.6448643927938
official_bc,50,900,-298.97696604840587
official_bc,50,901,-301.0134246290467
official_bc,50,902,-296.80876498386965
official_bc,50,903,-290.5613477978617
official_bc,50,904,-289.84124465913806
official_bc,50,905,-288.1505740545725
official_bc,50,906,-292.58087918717234
official_bc,50,907,-285.3643014042084
official_bc,50,908,-291.5703842641901
official_bc,50,909,-289.67223067717174
official_bc,50,910,-293.72038456120043
official_bc,50,911,-293.9585974003006
official_bc,50,912,-292.6069490919262
official_bc,50,913,-287.27528468847476
official_bc,50,914,-295.82939702414217
official_bc,50,915,-277.3996708578833
official_bc,50,916,-292.45961250436346
official_bc,50,917,-278.3843986248403
official_bc,50,918,-300.5696956196226
official_bc,50,919,-289.6877256404525
official_bc,50,920,-292.7476540255647
official_bc,50,921,-291.2371225250405
official_bc,50,922,-280.7751293640321
official_bc,50,923,-284.2359073615879
official_bc,50,924,-293.1388456943952
official_bc,50,925,-294.7231956294195
official_bc,50,926,-293.6560724005024
official_bc,50,927,-288.9677257488594
official_bc,50,928,-289.21509555777004
official_bc,50,929,-292.2037368970807
official_bc,50,930,-286.6120521769334
official_bc,50,931,-294.7088264674944
official_bc,50,932,-290.15332351264533
official_bc,50,933,-289.71618814589664
official_bc,50,934,-288.24058439016335
official_bc,50,935,-294.86538735670615
official_bc,50,936,-295.06161870493565
official_bc,50,937,-288.7919382052086
official_bc,50,938,-288.5295735008241
official_bc,50,939,-289.41782058391726
official_bc,50,940,-285.20440867971905
official_bc,50,941,-293.8727948682436
official_bc,50,942,-288.85337555574756
official_bc,50,943,-286.3600123693801
official_bc,50,944,-290.11524731957746
official_bc,50,945,-295.42124724674113
official_bc,50,946,-287.48269399051793
official_bc,50,947,-277.3868701699655
official_bc,50,948,-291.2646043041044
official_bc,50,949,-288.337668228425
official_bc,50,950,-297.3606517092482
official_bc,50,951,-296.44904885318306
official_bc,50,952,-279.2999192092622
official_bc,50,953,-290.12100211715654
official_bc,50,954,-286.75440927344454
official_bc,50,955,-285.6104342174366
official_bc,50,956,-294.1901352590719
official_bc,50,957,-296.06664833926277
official_bc,50,958,-296.8746756446586
official_bc,50,959,-294.02553255843145
official_bc,50,960,-294.80038483742595
official_bc,50,961,-286.1938962535387
official_bc,50,962,-292.78587118671095
official_bc,50,963,-286.47998860501207
official_bc,50,964,-283.6879478968775
official_bc,50,965,-281.5077122749053
official_bc,50,966,-288.5444448220787
official_bc,50,967,-280.1426579252277
official_bc,50,968,-291.6573009665324
official_bc,50,969,-289.2321090381571
official_bc,50,970,-283.31072011470627
official_bc,50,971,-284.17833652852545
official_bc,50,972,-295.47459867326234
official_bc,50,973,-291.91296702887274
official_bc,50,974,-298.88451964104735
official_bc,50,975,-286.6146197963541
official_bc,50,976,-299.0616214916688
official_bc,50,977,-286.6141396744143
official_bc,50,978,-296.30812479222516
official_bc,50,979,-296.51617961803674
official_bc,50,980,-297.26864336886473
official_bc,50,981,-292.3435183306715
official_bc,50,982,-278.8757119004362
official_bc,50,983,-295.1197278034825
official_bc,50,984,-296.7994155776846
official_bc,50,985,-290.3813398247519
official_bc,50,986,-287.634982443415
official_bc,50,987,-295.70146340221714
official_bc,50,988,-284.64590225655814
official_bc,50,989,-288.1996377724839
official_bc,50,990,-287.37543563390216
official_bc,50,991,-284.13695292993924
official_bc,50,992,-292.0876569048764
official_bc,50,993,-283.81657846028054
official_bc,50,994,-286.4298596254241
official_bc,50,995,-296.6770460320052
official_bc,50,996,-293.1567082328644
official_bc,50,997,-297.4481099126332
official_bc,50,998,-285.8502002930174
official_bc,50,999,-287.8427276296605
official_bc,50,1000,-291.39575236448286
official_bc,51,1,-195.36925849862334
official_bc,51,2,-206.57935354501217
official_bc,51,3,-202.31531593650476
official_bc,51,4,-218.6746743223021
official_bc,51,5,-231.9222761487169
official_bc,51,6,-197.73913508421185
official_bc,51,7,-277.83669514735436
official_bc,51,8,-189.97176644648397
official_bc,51,9,-161.7050401161069
official_bc,51,10,-199.38176188292076
official_bc,51,11,-295.5589890209716
official_bc,51,12,-259.46176687428726
official_bc,51,13,-302.0271271663813
official_bc,51,14,-227.7377190086549
official_bc,51,15,-198.6993444370953
official_bc,51,16,-203.4211570938367
official_bc,51,17,-266.6793999263739
official_bc,51,18,-284.6335101855547
official_bc,51,19,-232.31233838128236
official_bc,51,20,-212.78031964903656
official_bc,51,21,-222.03842290041982
official_bc,51,22,-287.92367131764206
official_bc,51,23,-226.1625548097852
official_bc,51,24,-240.29533604798345
official_bc,51,25,-162.85876399860945
official_bc,51,26,-274.28587886073245
official_bc,51,27,-295.4833242182128
official_bc,51,28,-314.2690068256209
official_bc,51,29,-193.81319344731196
official_bc,51,30,-201.1379630300534
official_bc,51,31,-158.24842316442454
official_bc,51,32,-286.41094002106166
official_bc,51,33,-288.64735291890094
official_bc,51,34,-292.4175888583747
official_bc,51,35,-292.69581803295756
official_bc,51,36,-289.8689353699972
official_bc,51,37,-289.069177449688
official_bc,51,38,-291.16383150582965
official_bc,51,39,-283.69025399806947
official_bc,51,40,-286.4883321779121
official_bc,51,41,-266.3553285795393
official_bc,51,42,-282.774599448166
official_bc,51,43,-267.15041048702705
official_bc,51,44,-266.333528913548
official_bc,51,45,-263.8674560338968
official_bc,51,46,-258.6620920508734
official_bc,51,47,-266.02571258059925
official_bc,51,48,-257.7729687426939
official_bc,51,49,-252.4260749529584
official_bc,51,50,-253.25479801514834
official_bc,51,51,-244.2471677565325
official_bc,51,52,-252.44126130563313
official_bc,51,53,-260.06385834760613
official_bc,51,54,-269.8157026025217
official_bc,51,55,-283.3318020882641
official_bc,51,56,-285.55340667102416
official_bc,51,57,-291.8409814863232
official_bc,51,58,-308.67037120987146
official_bc,51,59,-304.4623167611595
official_bc,51,60,-306.22221440597275
official_bc,51,61,-303.61556884314376
official_bc,51,62,-294.6696275676385
official_bc,51,63,-299.31201859093636
official_bc,51,64,-298.89579068277186
official_bc,51,65,-309.9116213783287
official_bc,51,66,-293.0798384964259
official_bc,51,67,-289.31208601415136
official_bc,51,68,-303.49827007202504
official_bc,51,69,-289.7898682692289
official_bc,51,70,-288.2025325503421
official_bc,51,71,-291.2267062553726
official_bc,51,72,-279.72526679533263
official_bc,51,73,-286.0797232788184
official_bc,51,74,-289.9952174319212
official_bc,51,75,-290.1502278917953
official_bc,51,76,-295.5582312303908
official_bc,51,77,-295.9021545371498
official_bc,51,78,-291.86983940555547
official_bc,51,79,-289.407471672098
official_bc,51,80,-298.5575437686645
official_bc,51,81,-288.9376214373917
official_bc,51,82,-287.661568183078
official_bc,51,83,-291.6298573020096
official_bc,51,84,-286.4596587776797
official_bc,51,85,-290.5861128708088
official_bc,51,86,-288.9127373756934
official_bc,51,87,-282.6700291761456
official_bc,51,88,-286.3355171827186
official_bc,51,89,-287.60254994430557
official_bc,51,90,-286.941875702293
official_bc,51,91,-287.42691661846675
official_bc,51,92,-294.42313474465277
official_bc,51,93,-281.09740540417954
official_bc,51,94,-293.03766667679525
official_bc,51,95,-294.40347568101635
official_bc,51,96,-293.47767507681203
official_bc,51,97,-303.02451732596603
official_bc,51,98,-299.79962895767767
official_bc,51,99,-291.6338224422436
official_bc,51,100,-295.5473465701798
official_bc,51,101,-298.74669966065085
official_bc,51,102,-297.6520608403305
official_bc,51,103,-291.1010521779234
official_bc,51,104,-283.59000133415157
official_bc,51,105,-295.640257907639
official_bc,51,106,-291.54625133260345
official_bc,51,107,-288.455365871841
official_bc,51,108,-283.10636598392756
official_bc,51,109,-283.55460670660153
official_bc,51,110,-283.8996137109657
official_bc,51,111,-271.59020088970044
official_bc,51,112,-288.60172190940534
official_bc,51,113,-290.4542925866447
official_bc,51,114,-285.2649392040851
official_bc,51,115,-293.06169687756574
official_bc,51,116,-289.7653211206874
official_bc,51,117,-295.9276661886288
official_bc,51,118,-285.2720450539793
official_bc,51,119,-295.09496631776227
official_bc,51,120,-290.7859923213625
official_bc,51,121,-284.07293872145027
official_bc,51,122,-285.951552213897
official_bc,51,123,-284.83348936275297
official_bc,51,124,-285.3823082730866
official_bc,51,125,-279.48218723201865
official_bc,51,126,-282.7200472758533
official_bc,51,127,-291.9961650127
official_bc,51,128,-285.4306744072456
official_bc,51,129,-286.16933305705436
official_bc,51,130,-296.59421299194014
official_bc,51,131,-296.00148669142305
official_bc,51,132,-280.357977700149
official_bc,51,133,-292.4984689358256
official_bc,51,134,-284.9454935722866
official_bc,51,135,-288.7980358784732
official_bc,51,136,-286.0832450788556
official_bc,51,137,-295.49190516953996
official_bc,51,138,-288.83438004144756
official_bc,51,139,-283.51011619844144
official_bc,51,140,-287.3234347514793
official_bc,51,141,-295.763120552787
official_bc,51,142,-293.96332080848504
official_bc,51,143,-295.3525092295598
official_bc,51,144,-287.6702237634446
official_bc,51,145,-292.36075591045386
official_bc,51,146,-291.40298773530685
official_bc,51,147,-287.92811648236
official_bc,51,148,-285.7719104595494
official_bc,51,149,-288.43523688117523
official_bc,51,150,-293.5893066304697
official_bc,51,151,-284.7995279938267
official_bc,51,152,-280.5903045455618
official_bc,51,153,-285.5919572481332
official_bc,51,154,-292.7857962176726
official_bc,51,155,-292.90390341307796
official_bc,51,156,-295.19196529359976
official_bc,51,157,-283.22521376789814
official_bc,51,158,-292.36344183808666
official_bc,51,159,-285.684169997033
official_bc,51,160,-296.70809339479854
official_bc,51,161,-286.2781031148386
official_bc,51,162,-290.652694133465
official_bc,51,163,-291.2861486008049
official_bc,51,164,-279.9744600679904
official_bc,51,165,-289.5867917539622
official_bc,51,166,-285.0659295355636
official_bc,51,167,-276.8307477018959
official_bc,51,168,-289.7533264274073
official_bc,51,169,-290.2914858266075
official_bc,51,170,-287.45609456518235
official_bc,51,171,-297.3529060925035
official_bc,51,172,-269.1350027250529
official_bc,51,173,-285.5730356637457
official_bc,51,174,-288.29205061762326
official_bc,51,175,-294.3832277192784
official_bc,51,176,-290.8165830099664
official_bc,51,177,-294.77715586874524
official_bc,51,178,-291.31840265331937
official_bc,51,179,-293.83641862053537
official_bc,51,180,-295.170861230333
official_bc,51,181,-283.7073870248202
official_bc,51,182,-285.92004099298526
official_bc,51,183,-290.0813516888767
official_bc,51,184,-284.034337431024
official_bc,51,185,-292.1077191363647
official_bc,51,186,-284.6766366860084
official_bc,51,187,-289.37075891197924
official_bc,51,188,-275.6976629099098
official_bc,51,189,-290.52103939228755
official_bc,51,190,-293.78131962307987
official_bc,51,191,-282.6900223599081
official_bc,51,192,-289.64340561187146
official_bc,51,193,-298.6298946387492
official_bc,51,194,-296.0321686793691
official_bc,51,195,-289.018773033147
official_bc,51,196,-284.80476728788324
official_bc,51,197,-299.46530720658967
official_bc,51,198,-292.323619339701
official_bc,51,199,-297.78987480805773
official_bc,51,200,-285.8606670389373
official_bc,51,201,-293.94486910754677
official_bc,51,202,-290.65914420631276
official_bc,51,203,-293.3285631576089
official_bc,51,204,-292.58113755557076
official_bc,51,205,-293.94474627099515
official_bc,51,206,-286.9115940140253
official_bc,51,207,-289.61246215533623
official_bc,51,208,-290.24184738965187
official_bc,51,209,-284.99858756802155
official_bc,51,210,-296.4311773373837
official_bc,51,211,-291.860545163534
official_bc,51,212,-286.28993866200324
official_bc,51,213,-297.7263096484361
official_bc,51,214,-290.37672942099863
official_bc,51,215,-289.206736679431
official_bc,51,216,-294.1742409957662
official_bc,51,217,-293.6877107968674
official_bc,51,218,-290.08685834761894
official_bc,51,219,-293.22118221176044
official_bc,51,220,-278.43074573792336
official_bc,51,221,-293.61688679609097
official_bc,51,222,-288.9719691856588
official_bc,51,223,-288.3408883698502
official_bc,51,224,-279.70628784489884
official_bc,51,225,-288.37621519324455
official_bc,51,226,-288.9078808563329
official_bc,51,227,-293.8153376508237
official_bc,51,228,-296.67852184939795
official_bc,51,229,-295.58300919558957
official_bc,51,230,-289.97613085809036
official_bc,51,231,-292.927689990376
official_bc,51,232,-286.45176583428434
official_bc,51,233,-280.92868119589855
official_bc,51,234,-290.85624785009975
official_bc,51,235,-291.01671282825953
official_bc,51,236,-290.87043372128824
official_bc,51,237,-289.6919796196398
official_bc,51,238,-293.1140064116829
official_bc,51,239,-295.04077541751644
official_bc,51,240,-292.31196339726665
official_bc,51,241,-290.94781134541535
official_bc,51,242,-292.56785267441876
official_bc,51,243,-294.09123255918604
official_bc,51,244,-292.9481591335864
official_bc,51,245,-292.60407222627157
official_bc,51,246,-287.98710681773235
official_bc,51,247,-294.8759580758881
official_bc,51,248,-277.3620219792854
official_bc,51,249,-290.8326012654507
official_bc,51,250,-295.079279811699
official_bc,51,251,-281.9823754366868
official_bc,51,252,-287.88605505620876
official_bc,51,253,-288.0772903438363
official_bc,51,254,-295.9341841410379
official_bc,51,255,-280.6624230462158
official_bc,51,256,-286.3146899036981
official_bc,51,257,-282.8540948251772
official_bc,51,258,-293.56449434453145
official_bc,51,259,-292.3166452361453
official_bc,51,260,-296.4920642909442
official_bc,51,261,-295.51224206091354
official_bc,51,262,-295.9122301097518
official_bc,51,263,-285.2426299883905
official_bc,51,264,-288.89499341285324
official_bc,51,265,-295.7736757968378
official_bc,51,266,-291.37017807072004
official_bc,51,267,-293.4720099705802
official_bc,51,268,-284.26568191355113
official_bc,51,269,-287.40098246525326
official_bc,51,270,-291.71702183294985
official_bc,51,271,-290.0625101838858
official_bc,51,272,-282.8787926567363
official_bc,51,273,-284.4322296012456
official_bc,51,274,-297.1889192062923
official_bc,51,275,-292.9599195377126
official_bc,51,276,-293.6663402314449
official_bc,51,277,-292.27538958181736
official_bc,51,278,-293.18031323723073
official_bc,51,279,-285.4350970393107
official_bc,51,280,-286.8528433449276
official_bc,51,281,-299.22623164474686
official_bc,51,282,-292.10567872334974
official_bc,51,283,-298.7182041490712
official_bc,51,284,-291.6883848054599
official_bc,51,285,-273.43130535769853
official_bc,51,286,-284.6551858692901
official_bc,51,287,-292.46583409425426
official_bc,51,288,-285.5942057585585
official_bc,51,289,-294.406813322528
official_bc,51,290,-284.68312414910184
official_bc,51,291,-286.7756069673279
official_bc,51,292,-297.9913995488672
official_bc,51,293,-297.0178065793838
official_bc,51,294,-302.01858900280024
official_bc,51,295,-290.0922075045436
official_bc,51,296,-295.2437475692264
official_bc,51,297,-298.8783340986801
official_bc,51,298,-292.3339341911149
official_bc,51,299,-293.624953468129
official_bc,51,300,-286.2459915143616
official_bc,51,301,-294.91095181518654
official_bc,51,302,-288.3466840092234
official_bc,51,303,-277.8154060648992
official_bc,51,304,-294.83714533512693
official_bc,51,305,-284.4385041314797
official_bc,51,306,-287.6036188802139
official_bc,51,307,-295.0988054221923
official_bc,51,308,-292.66213651711246
official_bc,51,309,-287.0394138040918
official_bc,51,310,-285.8821316142113
official_bc,51,311,-274.51227407839446
official_bc,51,312,-290.80490492369296
official_bc,51,313,-293.8045616728407
official_bc,51,314,-289.093886356538
official_bc,51,315,-300.3165521360081
official_bc,51,316,-294.28467822443366
official_bc,51,317,-291.72073610898127
official_bc,51,318,-287.7509676350146
official_bc,51,319,-298.47287772625435
official_bc,51,320,-281.00748199546865
official_bc,51,321,-291.84064400860905
official_bc,51,322,-293.16030546107794
official_bc,51,323,-289.3862551224375
official_bc,51,324,-288.6421088553683
official_bc,51,325,-291.0643649648841
official_bc,51,326,-294.32263363336665
official_bc,51,327,-290.4535892009806
official_bc,51,328,-291.30590077068064
official_bc,51,329,-291.7470249508421
official_bc,51,330,-291.8015277745434
official_bc,51,331,-291.2576920292935
official_bc,51,332,-295.04796216637004
official_bc,51,333,-294.0563098521048
official_bc,51,334,-292.42740794916165
official_bc,51,335,-295.68784561393005
official_bc,51,336,-288.87519194070916
official_bc,51,337,-291.92411065653516
official_bc,51,338,-282.0249250308416
official_bc,51,339,-296.48843361312265
official_bc,51,340,-288.30708184466266
official_bc,51,341,-288.7940695606317
official_bc,51,342,-295.2668952856319
official_bc,51,343,-294.10178741307465
official_bc,51,344,-290.6377890451919
official_bc,51,345,-286.08565088462586
official_bc,51,346,-290.41549358610257
official_bc,51,347,-293.54808070550774
official_bc,51,348,-282.6137783200179
official_bc,51,349,-291.06884534168864
official_bc,51,350,-291.6517516300669
official_bc,51,351,-287.06995586201583
official_bc,51,352,-285.12262134417057
official_bc,51,353,-296.3068707647034
official_bc,51,354,-291.6171466352069
official_bc,51,355,-290.7346527076902
official_bc,51,356,-292.18788361727576
official_bc,51,357,-291.27546591452955
official_bc,51,358,-275.7945440364954
official_bc,51,359,-284.7419827028889
official_bc,51,360,-292.9963714897357
official_bc,51,361,-290.75068918831596
official_bc,51,362,-294.303040054713
official_bc,51,363,-295.04729157249096
official_bc,51,364,-288.9385724053211
official_bc,51,365,-293.7775035553585
official_bc,51,366,-287.8903842880909
official_bc,51,367,-294.5826695962902
official_bc,51,368,-285.2707170562218
official_bc,51,369,-293.2191895167057
official_bc,51,370,-291.7176004072988
official_bc,51,371,-297.8752107156196
official_bc,51,372,-294.5920831173652
official_bc,51,373,-286.98674846530685
official_bc,51,374,-286.52542330830465
official_bc,51,375,-284.10393933699265
official_bc,51,376,-294.20745191136325
official_bc,51,377,-285.8651037632586
official_bc,51,378,-290.1634704108675
official_bc,51,379,-294.9002209181048
official_bc,51,380,-292.6153934588755
official_bc,51,381,-292.74091459304066
official_bc,51,382,-292.7235351815574
official_bc,51,383,-293.1115939530777
official_bc,51,384,-296.74558415422865
official_bc,51,385,-290.0048131579839
official_bc,51,386,-296.21263958578913
official_bc,51,387,-287.7759441059929
official_bc,51,388,-296.3858513810709
official_bc,51,389,-289.74502773738425
official_bc,51,390,-292.66972601016073
official_bc,51,391,-294.4135096096712
official_bc,51,392,-291.4410242263023
official_bc,51,393,-292.43784848966834
official_bc,51,394,-282.2147346799923
official_bc,51,395,-290.7656637428593
official_bc,51,396,-278.69166221074966
official_bc,51,397,-276.8858792265782
official_bc,51,398,-290.6776448559772
official_bc,51,399,-294.6252247130373
official_bc,51,400,-284.2005594485854
official_bc,51,401,-287.4450690020722
official_bc,51,402,-285.3553346053587
official_bc,51,403,-290.30215362973627
official_bc,51,404,-294.4987179959872
official_bc,51,405,-295.37749793658156
official_bc,51,406,-292.8409814545473
official_bc,51,407,-295.05690431979156
official_bc,51,408,-301.98655214017305
official_bc,51,409,-299.8250430611114
official_bc,51,410,-291.2773265029887
official_bc,51,411,-301.1744747644844
official_bc,51,412,-290.50085991072046
official_bc,51,413,-298.11870851184324
official_bc,51,414,-284.58829275576204
official_bc,51,415,-293.6793678398628
official_bc,51,416,-290.897394363353
official_bc,51,417,-294.207168811276
official_bc,51,418,-292.43280591903704
official_bc,51,419,-290.6226772563518
official_bc,51,420,-295.1247155573019
official_bc,51,421,-276.73112970216704
official_bc,51,422,-286.6744383986733
official_bc,51,423,-292.2677291138684
official_bc,51,424,-289.75137843947965
official_bc,51,425,-286.10157388924034
official_bc,51,426,-286.3202442152468
official_bc,51,427,-296.1231811382881
official_bc,51,428,-296.9666775631946
official_bc,51,429,-284.6184500406285
official_bc,51,430,-285.1719967396365
official_bc,51,431,-287.1187480777932
official_bc,51,432,-298.91477243346714
official_bc,51,433,-293.42166155971967
official_bc,51,434,-290.36439964805857
official_bc,51,435,-286.2567121926402
official_bc,51,436,-287.83997693702963
official_bc,51,437,-286.62064048348384
official_bc,51,438,-280.18984449490904
official_bc,51,439,-288.59662887371866
official_bc,51,440,-293.6793560014609
official_bc,51,441,-289.01311573373073
official_bc,51,442,-294.36202384602103
official_bc,51,443,-290.3811292602553
official_bc,51,444,-289.13685482711486
official_bc,51,445,-283.78446018809257
official_bc,51,446,-293.36294511736946
official_bc,51,447,-292.11326292072226
official_bc,51,448,-281.7989732355867
official_bc,51,449,-290.6131864711213
official_bc,51,450,-285.1797823464208
official_bc,51,451,-288.01979369223443
official_bc,51,452,-285.8177766575483
official_bc,51,453,-288.54991453917467
official_bc,51,454,-289.14701782502704
official_bc,51,455,-294.4415657119211
official_bc,51,456,-285.3758867489986
official_bc,51,457,-286.4514765121193
official_bc,51,458,-284.8078622153611
official_bc,51,459,-299.6698466009267
official_bc,51,460,-281.8609141759101
official_bc,51,461,-290.678793983221
official_bc,51,462,-294.40204902111344
official_bc,51,463,-291.97928834394384
official_bc,51,464,-287.0309633338288
official_bc,51,465,-292.693890733165
official_bc,51,466,-289.8837155819234
official_bc,51,467,-295.9851777655679
official_bc,51,468,-281.69881926451205
official_bc,51,469,-298.7237303547015
official_bc,51,470,-289.97627971435827
official_bc,51,471,-295.0165347329307
official_bc,51,472,-294.9902323132486
official_bc,51,473,-277.9681219984725
official_bc,51,474,-291.8289044680147
official_bc,51,475,-297.5218989262909
official_bc,51,476,-287.833140549777
official_bc,51,477,-291.980802966163
official_bc,51,478,-294.9664831252051
official_bc,51,479,-277.65972687790014
official_bc,51,480,-281.94824466186606
official_bc,51,481,-293.6162932781903
official_bc,51,482,-294.2624960442899
official_bc,51,483,-289.2622804694873
official_bc,51,484,-290.66384066785525
official_bc,51,485,-295.9229667384169
official_bc,51,486,-289.77069771957645
official_bc,51,487,-291.8275679256777
official_bc,51,488,-298.03291120846404
official_bc,51,489,-292.74016574717734
official_bc,51,490,-287.0832846512629
official_bc,51,491,-298.3615313183576
official_bc,51,492,-296.93023285495883
official_bc,51,493,-290.320305479165
official_bc,51,494,-287.4138867898524
official_bc,51,495,-296.1003054875052
official_bc,51,496,-290.18081334202077
official_bc,51,497,-279.90594873314177
official_bc,51,498,-289.0495786642576
official_bc,51,499,-288.6904179671556
official_bc,51,500,-294.06747647503767
official_bc,51,501,-290.26674210077897
official_bc,51,502,-292.2054286141195
official_bc,51,503,-285.58178954070183
official_bc,51,504,-290.54947249648245
official_bc,51,505,-294.2428289253772
official_bc,51,506,-294.04878006972643
official_bc,51,507,-290.47413765859494
official_bc,51,508,-287.81882333023407
official_bc,51,509,-290.9934911981615
official_bc,51,510,-289.36400890077704
official_bc,51,511,-288.2844992760412
official_bc,51,512,-291.81700300284297
official_bc,51,513,-293.4345111138912
official_bc,51,514,-286.84135663193376
official_bc,51,515,-291.5033878687638
official_bc,51,516,-291.4189295795177
official_bc,51,517,-298.0652972235477
official_bc,51,518,-284.15389049733267
official_bc,51,519,-295.7463501292846
official_bc,51,520,-287.58126759207863
official_bc,51,521,-297.8237236971026
official_bc,51,522,-275.60357315788826
official_bc,51,523,-292.76615698485426
official_bc,51,524,-291.83900733981505
official_bc,51,525,-296.77573659999075
official_bc,51,526,-294.03343587907705
official_bc,51,527,-288.67339935776675
official_bc,51,528,-296.65660669488466
official_bc,51,529,-293.19755328669095
official_bc,51,530,-287.2899883775359
official_bc,51,531,-285.7505243710883
official_bc,51,532,-298.5957539201909
official_bc,51,533,-294.9328558368576
official_bc,51,534,-289.0812131853748
official_bc,51,535,-290.87786190344116
official_bc,51,536,-290.36090151006414
official_bc,51,537,-278.3712768225047
official_bc,51,538,-293.5713100888191
official_bc,51,539,-292.53439005698806
official_bc,51,540,-289.9419598074012
official_bc,51,541,-283.64533932185145
official_bc,51,542,-298.1083011474224
official_bc,51,543,-279.00423837972284
official_bc,51,544,-292.3683740859854
official_bc,51,545,-292.8325981841633
official_bc,51,546,-286.8744194864313
official_bc,51,547,-292.3485689519601
official_bc,51,548,-297.96995015600805
official_bc,51,549,-293.5258593360441
official_bc,51,550,-291.8231520379454
official_bc,51,551,-287.01809944116565
official_bc,51,552,-286.7635589315329
official_bc,51,553,-296.43541984039416
official_bc,51,554,-279.8017964042933
official_bc,51,555,-289.28889928063813
official_bc,51,556,-293.42118702354054
official_bc,51,557,-293.6363223568282
official_bc,51,558,-278.80083150888953
official_bc,51,559,-291.13224192145447
official_bc,51,560,-296.2389458382587
official_bc,51,561,-287.0566586035657
official_bc,51,562,-280.1053032106148
official_bc,51,563,-297.2631302003042
official_bc,51,564,-295.6593442257288
official_bc,51,565,-289.65517743117607
official_bc,51,566,-288.09880289155967
official_bc,51,567,-291.2604080859431
official_bc,51,568,-295.48243030029283
official_bc,51,569,-275.70965296065606
official_bc,51,570,-289.0714613067355
official_bc,51,571,-297.0770023681378
official_bc,51,572,-295.73012118980756
official_bc,51,573,-292.05827936363005
official_bc,51,574,-294.7014230771954
official_bc,51,575,-291.55487223197736
official_bc,51,576,-286.6330821579764
official_bc,51,577,-295.8305559874743
official_bc,51,578,-287.67193267193164
official_bc,51,579,-289.28058307833805
official_bc,51,580,-290.4979221047114
official_bc,51,581,-293.3042348423528
official_bc,51,582,-283.7796834699178
official_bc,51,583,-294.0377249560993
official_bc,51,584,-292.1260845732792
official_bc,51,585,-290.4100260960538
official_bc,51,586,-288.40316207615285
official_bc,51,587,-291.8624116016482
official_bc,51,588,-290.3249023913211
official_bc,51,589,-291.8080172363687
official_bc,51,590,-297.1055057969561
official_bc,51,591,-293.0200755210187
official_bc,51,592,-289.5168956994992
official_bc,51,593,-295.519344707663
official_bc,51,594,-294.44368253483543
official_bc,51,595,-291.5434293581484
official_bc,51,596,-289.9537522070203
official_bc,51,597,-289.8407900274314
official_bc,51,598,-291.8125235122889
official_bc,51,599,-287.93015046845613
official_bc,51,600,-287.88342028575903
official_bc,51,601,-291.9020709343978
official_bc,51,602,-291.26434426749296
official_bc,51,603,-293.59056352787263
official_bc,51,604,-282.8441004006877
official_bc,51,605,-290.85320156656803
official_bc,51,606,-294.99641572938043
official_bc,51,607,-289.63029527463874
official_bc,51,608,-297.73736497945373
official_bc,51,609,-284.6808223754991
official_bc,51,610,-292.6386208180272
official_bc,51,611,-292.8382687008581
official_bc,51,612,-295.4290272249946
official_bc,51,613,-294.4121016343762
official_bc,51,614,-297.83458630616633
official_bc,51,615,-296.3829883284285
official_bc,51,616,-289.20354719536203
official_bc,51,617,-287.02433666352044
official_bc,51,618,-291.01112161907037
official_bc,51,619,-279.67288459170055
official_bc,51,620,-274.62764318247207
official_bc,51,621,-288.4018713069494
official_bc,51,622,-282.6917085670354
official_bc,51,623,-293.1617600477597
official_bc,51,624,-291.67147760139767
official_bc,51,625,-291.2147737134981
official_bc,51,626,-285.9809070357166
official_bc,51,627,-295.1002550544676
official_bc,51,628,-290.71994529717324
official_bc,51,629,-295.23143231183394
official_bc,51,630,-294.6506805234997
official_bc,51,631,-295.50901018794406
official_bc,51,632,-293.21057959661124
official_bc,51,633,-292.00483196199025
official_bc,51,634,-286.4108852029188
official_bc,51,635,-296.37879720455584
official_bc,51,636,-284.70578947828744
official_bc,51,637,-293.4098232039151
official_bc,51,638,-287.5653740230064
official_bc,51,639,-289.37738006186123
official_bc,51,640,-282.71456647481983
official_bc,51,641,-287.0764078078878
official_bc,51,642,-278.13625108298424
official_bc,51,643,-286.38801800856606
official_bc,51,644,-290.0633067275493
official_bc,51,645,-295.71394559218663
official_bc,51,646,-287.20840120982746
official_bc,51,647,-298.66601422075144
official_bc,51,648,-298.84987311567085
official_bc,51,649,-288.08527302311046
official_bc,51,650,-295.49173043193343
official_bc,51,651,-285.37196389246185
official_bc,51,652,-289.09350131642606
official_bc,51,653,-300.6874159545477
official_bc,51,654,-298.5284252377487
official_bc,51,655,-289.5826982260479
official_bc,51,656,-293.976725650927
official_bc,51,657,-292.35804124382787
official_bc,51,658,-294.47206083197324
official_bc,51,659,-277.8052592290663
official_bc,51,660,-287.7678447611864
official_bc,51,661,-290.01933606937627
official_bc,51,662,-292.98169113185884
official_bc,51,663,-294.4937824075452
official_bc,51,664,-293.4380032608069
official_bc,51,665,-294.1412255373278
official_bc,51,666,-286.22159529518007
official_bc,51,667,-294.96300877227776
official_bc,51,668,-294.1456870329109
official_bc,51,669,-295.3595677846088
official_bc,51,670,-300.20334826974954
official_bc,51,671,-289.78092663910263
official_bc,51,672,-287.88342677547985
official_bc,51,673,-285.74983709115463
official_bc,51,674,-276.5925716125913
official_bc,51,675,-286.33269846467084
official_bc,51,676,-288.33516610381344
official_bc,51,677,-292.1533966576209
official_bc,51,678,-290.8790909914397
official_bc,51,679,-295.0598870184093
official_bc,51,680,-290.4368524377163
official_bc,51,681,-287.6129056968331
official_bc,51,682,-293.3787470547289
official_bc,51,683,-293.3777228187455
official_bc,51,684,-290.3967664186078
official_bc,51,685,-289.02337462516795
official_bc,51,686,-294.73955448609456
official_bc,51,687,-284.515022551671
official_bc,51,688,-292.0659040321359
official_bc,51,689,-293.6650108955413
official_bc,51,690,-281.2196090903077
official_bc,51,691,-298.26127960608324
official_bc,51,692,-294.8291786892146
official_bc,51,693,-295.4194553948356
official_bc,51,694,-288.1733694354011
official_bc,51,695,-282.71795104102733
official_bc,51,696,-288.56067295457325
official_bc,51,697,-294.3371924489588
official_bc,51,698,-289.20340291088155
official_bc,51,699,-289.90878340318386
official_bc,51,700,-296.98111096167844
official_bc,51,701,-284.83630832262924
official_bc,51,702,-294.4288133985159
official_bc,51,703,-290.12152526498176
official_bc,51,704,-294.03447967474096
official_bc,51,705,-293.5007388211118
official_bc,51,706,-280.94755351086906
official_bc,51,707,-297.631915917624
official_bc,51,708,-280.96684180807665
official_bc,51,709,-286.39851197551826
official_bc,51,710,-291.8410357220579
official_bc,51,711,-289.02465422760974
official_bc,51,712,-282.71684211326226
official_bc,51,713,-294.8285793768786
official_bc,51,714,-298.45696965836964
official_bc,51,715,-292.1151849165954
official_bc,51,716,-285.51125415812123
official_bc,51,717,-288.1382214370173
official_bc,51,718,-291.4354782318587
official_bc,51,719,-285.2127481941894
official_bc,51,720,-287.9492961637516
official_bc,51,721,-292.5543730916217
official_bc,51,722,-291.7005353257662
official_bc,51,723,-294.84043636539667
official_bc,51,724,-292.79696759405357
official_bc,51,725,-292.4037138300839
official_bc,51,726,-283.04341848847395
official_bc,51,727,-290.85110578748163
official_bc,51,728,-287.23892216980374
official_bc,51,729,-290.8102945694722
official_bc,51,730,-274.33778375600616
official_bc,51,731,-289.40745323333243
official_bc,51,732,-279.31707294400127
official_bc,51,733,-285.2129985606893
official_bc,51,734,-289.0751974383347
official_bc,51,735,-266.68379525827646
official_bc,51,736,-289.19261701980696
official_bc,51,737,-294.0733391147273
official_bc,51,738,-294.80290697114265
official_bc,51,739,-289.9188915819958
official_bc,51,740,-297.1575401172179
official_bc,51,741,-288.8464657643666
official_bc,51,742,-283.18090035972295
official_bc,51,743,-287.2246977561464
official_bc,51,744,-301.8360942798821
official_bc,51,745,-298.69126843590135
official_bc,51,746,-290.68734627000015
official_bc,51,747,-282.71725196903435
official_bc,51,748,-293.3727815260103
official_bc,51,749,-287.2462440296813
official_bc,51,750,-285.7477740874342
official_bc,51,751,-292.09222286403116
official_bc,51,752,-288.9022059027625
official_bc,51,753,-293.51145807478616
official_bc,51,754,-296.111180544523
official_bc,51,755,-293.51716975751526
official_bc,51,756,-282.5212796758034
official_bc,51,757,-292.1224999388926
official_bc,51,758,-292.35169233001386
official_bc,51,759,-290.0258721359296
official_bc,51,760,-290.7859180309726
official_bc,51,761,-290.42725732628884
official_bc,51,762,-296.04538830838925
official_bc,51,763,-298.8541635616273
official_bc,51,764,-289.3026324601184
official_bc,51,765,-293.32129402590544
official_bc,51,766,-289.0948388267461
official_bc,51,767,-296.3650985825404
official_bc,51,768,-295.2099920055668
official_bc,51,769,-292.6566549136884
official_bc,51,770,-277.316006762267
official_bc,51,771,-289.5343561080065
official_bc,51,772,-285.0826204519053
official_bc,51,773,-293.6835507689281
official_bc,51,774,-292.4576901530631
official_bc,51,775,-297.24835762266883
official_bc,51,776,-297.50584251287074
official_bc,51,777,-295.9868946840683
official_bc,51,778,-287.39561059146985
official_bc,51,779,-298.50809872457774
official_bc,51,780,-293.6594314711214
official_bc,51,781,-285.07264790164993
official_bc,51,782,-292.2400279167042
official_bc,51,783,-283.8827080850205
official_bc,51,784,-297.86622740988764
official_bc,51,785,-294.5012128098596
official_bc,51,786,-297.1113126703251
official_bc,51,787,-295.67152147494073
official_bc,51,788,-286.4003297359808
official_bc,51,789,-289.5042915798548
official_bc,51,790,-285.3913007312467
official_bc,51,791,-283.4834849119185
official_bc,51,792,-289.54602722225616
official_bc,51,793,-288.5277593576806
official_bc,51,794,-289.9952585593987
official_bc,51,795,-288.5344737833545
official_bc,51,796,-297.34166613672505
official_bc,51,797,-297.33843934997446
official_bc,51,798,-295.8804989073849
official_bc,51,799,-288.1703693377007
official_bc,51,800,-294.69849692837806
official_bc,51,801,-297.4059684991464
official_bc,51,802,-291.72504534219684
official_bc,51,803,-298.4440765581684
official_bc,51,804,-294.64796021828926
official_bc,51,805,-293.2773236406058
official_bc,51,806,-292.79919025983867
official_bc,51,807,-290.26436855042397
official_bc,51,808,-282.40945404897036
official_bc,51,809,-291.92536129946967
official_bc,51,810,-286.81386524433503
official_bc,51,811,-281.09611110521564
official_bc,51,812,-287.76801390271277
official_bc,51,813,-288.73616769102847
official_bc,51,814,-296.1831024928826
official_bc,51,815,-289.6753956951694
official_bc,51,816,-294.4469638316974
official_bc,51,817,-290.07874020896514
official_bc,51,818,-301.5476149814101
official_bc,51,819,-287.758631349201
official_bc,51,820,-293.0532644738564
official_bc,51,821,-287.3823956882457
official_bc,51,822,-292.24557318747566
official_bc,51,823,-285.2102638945416
official_bc,51,824,-292.153913716001
official_bc,51,825,-291.6452607740575
official_bc,51,826,-293.5848893315976
official_bc,51,827,-290.5547947662356
official_bc,51,828,-291.66742094674174
official_bc,51,829,-284.17492038543537
official_bc,51,830,-285.0604314573581
official_bc,51,831,-280.15501773184474
official_bc,51,832,-295.26123550454747
official_bc,51,833,-286.05550941095277
official_bc,51,834,-291.5010938105738
official_bc,51,835,-294.7291010454287
official_bc,51,836,-290.60448796677986
official_bc,51,837,-298.20383214494007
official_bc,51,838,-287.4259044338858
official_bc,51,839,-294.9230589490069
official_bc,51,840,-294.86302520754515
official_bc,51,841,-282.7339453017604
official_bc,51,842,-291.34984386265205
official_bc,51,843,-291.32785034635015
official_bc,51,844,-293.91299463988383
official_bc,51,845,-290.06904648824747
official_bc,51,846,-288.16120930264674
official_bc,51,847,-287.7441185667325
official_bc,51,848,-287.656333756197
official_bc,51,849,-279.4524616889617
official_bc,51,850,-296.8354566944331
official_bc,51,851,-294.3391718146442
official_bc,51,852,-288.0815853566886
official_bc,51,853,-290.6721441060687
official_bc,51,854,-293.233045220232
official_bc,51,855,-296.8381714738526
official_bc,51,856,-291.4863287453113
official_bc,51,857,-284.1328486863123
official_bc,51,858,-292.7215289195073
official_bc,51,859,-292.5521855488194
official_bc,51,860,-286.12533626463534
official_bc,51,861,-291.89262125005916
official_bc,51,862,-289.5058664207838
official_bc,51,863,-290.3012936630659
official_bc,51,864,-293.71348718438304
official_bc,51,865,-284.8385934873735
official_bc,51,866,-292.7900522712991
official_bc,51,867,-283.9353024285053
official_bc,51,868,-292.8554873887581
official_bc,51,869,-290.4277544872321
official_bc,51,870,-276.14703377062295
official_bc,51,871,-287.30822904520636
official_bc,51,872,-291.22080407593506
official_bc,51,873,-294.7674077845489
official_bc,51,874,-294.0336087760895
official_bc,51,875,-293.7025419759827
official_bc,51,876,-292.12052212753315
official_bc,51,877,-287.65437955719966
official_bc,51,878,-293.1867208935015
official_bc,51,879,-291.02223937296037
official_bc,51,880,-286.9085011354842
official_bc,51,881,-288.6930860890419
official_bc,51,882,-291.84883507275924
official_bc,51,883,-291.3964001814023
official_bc,51,884,-291.5238893330762
official_bc,51,885,-290.85793968702274
official_bc,51,886,-291.2776853276964
official_bc,51,887,-295.5308833372362
official_bc,51,888,-289.44022408740307
official_bc,51,889,-293.0337578035752
official_bc,51,890,-291.2651744478844
official_bc,51,891,-296.10568457778663
official_bc,51,892,-283.67133345284736
official_bc,51,893,-279.95521205711066
official_bc,51,894,-297.68188637639776
official_bc,51,895,-293.3296464987278
official_bc,51,896,-299.1899142909857
official_bc,51,897,-290.8156181758722
official_bc,51,898,-287.5907172799347
official_bc,51,899,-289.03712646143197
official_bc,51,900,-276.2309736606388
official_bc,51,901,-294.8881874735858
official_bc,51,902,-293.48894201437815
official_bc,51,903,-294.6389462008517
official_bc,51,904,-283.0585256670843
official_bc,51,905,-290.7677391139564
official_bc,51,906,-289.52502879656015
official_bc,51,907,-280.7813429088275
official_bc,51,908,-274.4690570080526
official_bc,51,909,-282.442292011484
official_bc,51,910,-291.9895602687147
official_bc,51,911,-289.3150122178838
official_bc,51,912,-291.2994945530861
official_bc,51,913,-281.74501906057185
official_bc,51,914,-298.39311021352876
official_bc,51,915,-293.2411019024282
official_bc,51,916,-295.5228126378445
official_bc,51,917,-290.8860406220188
official_bc,51,918,-291.7333590613207
official_bc,51,919,-284.5828402412745
official_bc,51,920,-288.80216409254894
official_bc,51,921,-297.1547235582052
official_bc,51,922,-292.9808545305747
official_bc,51,923,-296.6122668612827
official_bc,51,924,-293.1816294020277
official_bc,51,925,-271.44902268987744
official_bc,51,926,-296.2283946603859
official_bc,51,927,-293.58567754828664
official_bc,51,928,-297.25214408255533
official_bc,51,929,-295.4405437248294
official_bc,51,930,-297.0311439865417
official_bc,51,931,-284.6882353796429
official_bc,51,932,-293.872227552878
official_bc,51,933,-299.1617578647921
official_bc,51,934,-291.56357946777894
official_bc,51,935,-291.1394890214925
official_bc,51,936,-294.3105819056372
official_bc,51,937,-292.30109258883374
official_bc,51,938,-293.715114751526
official_bc,51,939,-278.80076720619815
official_bc,51,940,-294.90441260241755
official_bc,51,941,-290.27986645886193
official_bc,51,942,-293.50832220535267
official_bc,51,943,-295.9064387293937
official_bc,51,944,-291.71569644261876
official_bc,51,945,-288.480306034087
official_bc,51,946,-293.4525968200947
official_bc,51,947,-291.25443793578273
official_bc,51,948,-278.4254781202982
official_bc,51,949,-291.348603265409
official_bc,51,950,-277.6135645823509
official_bc,51,951,-291.95914602277253
official_bc,51,952,-292.3583067207735
official_bc,51,953,-297.3218938620839
official_bc,51,954,-294.0556771929902
official_bc,51,955,-290.06970104930747
official_bc,51,956,-280.0071666970211
official_bc,51,957,-289.1033107111627
official_bc,51,958,-283.3776711673611
official_bc,51,959,-296.61899906443836
official_bc,51,960,-285.5343031954667
official_bc,51,961,-295.1261176221741
official_bc,51,962,-298.40580347551736
official_bc,51,963,-285.5459565535821
official_bc,51,964,-296.8948365981531
official_bc,51,965,-276.3920778060328
official_bc,51,966,-298.87238099588444
official_bc,51,967,-284.43960439500313
official_bc,51,968,-284.2180543538466
official_bc,51,969,-290.61945358611894
official_bc,51,970,-296.9572025472044
official_bc,51,971,-290.20539331297533
official_bc,51,972,-292.8800620817308
official_bc,51,973,-286.5610104668136
official_bc,51,974,-293.1733223981795
official_bc,51,975,-280.88684673412456
official_bc,51,976,-290.2695864654983
official_bc,51,977,-296.8397947367192
official_bc,51,978,-294.17766416217887
official_bc,51,979,-292.9530894153151
official_bc,51,980,-295.1648836786182
official_bc,51,981,-294.1476204612939
official_bc,51,982,-293.6505028007473
official_bc,51,983,-286.9970536297578
official_bc,51,984,-291.07187223955316
official_bc,51,985,-293.0253006730865
official_bc,51,986,-294.330425094063
official_bc,51,987,-285.0687897492677
official_bc,51,988,-294.67504728388985
official_bc,51,989,-288.56304675407034
official_bc,51,990,-294.4525691279261
official_bc,51,991,-296.21964325644365
official_bc,51,992,-292.3563346936703
official_bc,51,993,-276.09260806090026
official_bc,51,994,-290.64868975246395
official_bc,51,995,-286.2289377907002
official_bc,51,996,-295.5721978745563
official_bc,51,997,-289.3100313487575
official_bc,51,998,-287.4771012283784
official_bc,51,999,-293.14641182352403
official_bc,51,1000,-294.3709579837922
world_model_cem,42,1,-185.62377355479128
world_model_cem,42,2,-190.54375760242715
world_model_cem,42,3,-188.16016306914614
world_model_cem,42,4,-179.28539133791242
world_model_cem,42,5,-198.5615885217731
world_model_cem,42,6,-187.69342389043464
world_model_cem,42,7,-173.65976082761728
world_model_cem,42,8,-182.91308634004014
world_model_cem,42,9,-208.35395654267688
world_model_cem,42,10,-200.55969722702866
world_model_cem,42,11,-219.14506936845612
world_model_cem,42,12,-192.5792631796453
world_model_cem,42,13,-213.51160474549494
world_model_cem,42,14,-259.63261572056024
world_model_cem,42,15,-214.8896898890759
world_model_cem,42,16,-214.47808863710895
world_model_cem,42,17,-220.45314153988156
world_model_cem,42,18,-288.559420755105
world_model_cem,42,19,-286.6152891470505
world_model_cem,42,20,-286.4740544449716
world_model_cem,42,21,-238.3055739024893
world_model_cem,42,22,-280.1806427367105
world_model_cem,42,23,-306.91380982504967
world_model_cem,42,24,-243.3245471231233
world_model_cem,42,25,-290.582952063604
world_model_cem,42,26,-222.9095478366146
world_model_cem,42,27,-207.33221070319576
world_model_cem,42,28,-212.08403469080733
world_model_cem,42,29,-201.98498133464074
world_model_cem,42,30,-274.0880016817206
world_model_cem,42,31,-202.60551759010178
world_model_cem,42,32,-219.74849171988646
world_model_cem,42,33,-219.80537381645388
world_model_cem,42,34,-266.56415211034414
world_model_cem,42,35,-218.00549895357136
world_model_cem,42,36,-217.59902850939733
world_model_cem,42,37,-210.41269955423402
world_model_cem,42,38,-218.0580190921774
world_model_cem,42,39,-242.60810631148823
world_model_cem,42,40,-209.24990369249667
world_model_cem,42,41,-196.7625769943151
world_model_cem,42,42,-219.75138428337712
world_model_cem,42,43,-193.43685891887364
world_model_cem,42,44,-216.88329625743518
world_model_cem,42,45,-229.25568940637908
world_model_cem,42,46,-236.95139100087562
world_model_cem,42,47,-208.03200683520922
world_model_cem,42,48,-239.07214854317195
world_model_cem,42,49,-225.5378457607275
world_model_cem,42,50,-203.15154247064805
world_model_cem,42,51,-201.2194316145613
world_model_cem,42,52,-194.65245361872832
world_model_cem,42,53,-213.82636892262718
world_model_cem,42,54,-233.58682000812078
world_model_cem,42,55,-259.641014341776
world_model_cem,42,56,-264.90842629484655
world_model_cem,42,57,-220.38777720521307
world_model_cem,42,58,-204.24623532263394
world_model_cem,42,59,-224.6119060246761
world_model_cem,42,60,-220.83413756294127
world_model_cem,42,61,-197.71887995467296
world_model_cem,42,62,-196.74433352694348
world_model_cem,42,63,-212.40626788077856
world_model_cem,42,64,-220.4657295990074
world_model_cem,42,65,-240.7863124419821
world_model_cem,42,66,-246.43518751667057
world_model_cem,42,67,-192.35686422808737
world_model_cem,42,68,-198.74633754339555
world_model_cem,42,69,-204.9032107363591
world_model_cem,42,70,-215.97402370582796
world_model_cem,42,71,-194.77380135804282
world_model_cem,42,72,-224.91350435206814
world_model_cem,42,73,-224.13921727990527
world_model_cem,42,74,-225.53260507545437
world_model_cem,42,75,-196.32857216829146
world_model_cem,42,76,-202.20893876726237
world_model_cem,42,77,-232.7886794403102
world_model_cem,42,78,-200.48387962300313
world_model_cem,42,79,-235.81213752591287
world_model_cem,42,80,-192.81379415655476
world_model_cem,42,81,-202.31520014993288
world_model_cem,42,82,-193.0252281387771
world_model_cem,42,83,-197.241230029336
world_model_cem,42,84,-252.58663822579004
world_model_cem,42,85,-232.700616840011
world_model_cem,42,86,-236.56326850452677
world_model_cem,42,87,-185.51157748481592
world_model_cem,42,88,-192.75620502857396
world_model_cem,42,89,-218.56681574872266
world_model_cem,42,90,-216.4197075615422
world_model_cem,42,91,-196.77442234703142
world_model_cem,42,92,-208.21588097040518
world_model_cem,42,93,-186.35530292560202
world_model_cem,42,94,-213.8671722858781
world_model_cem,42,95,-199.0877903295181
world_model_cem,42,96,-189.85524351304747
world_model_cem,42,97,-233.70518623474328
world_model_cem,42,98,-208.4781003028466
world_model_cem,42,99,-203.91263143858686
world_model_cem,42,100,-240.94325867344298
world_model_cem,42,101,-184.3279017576764
world_model_cem,42,102,-197.5264178424403
world_model_cem,42,103,-186.0332842938633
world_model_cem,42,104,-194.45790265090835
world_model_cem,42,105,-180.88288536046497
world_model_cem,42,106,-185.30849481840255
world_model_cem,42,107,-191.788354490106
world_model_cem,42,108,-198.09678663572373
world_model_cem,42,109,-249.72829064390706
world_model_cem,42,110,-268.4338597912155
world_model_cem,42,111,-179.51865968525715
world_model_cem,42,112,-228.12466096074291
world_model_cem,42,113,-179.3613648530711
world_model_cem,42,114,-247.40426215060577
world_model_cem,42,115,-237.14419252206204
world_model_cem,42,116,-195.6595710077118
world_model_cem,42,117,-240.808686763656
world_model_cem,42,118,-285.7609352797819
world_model_cem,42,119,-260.5790419124843
world_model_cem,42,120,-163.58906445085677
world_model_cem,42,121,-242.46697893170585
world_model_cem,42,122,-182.6413746737343
world_model_cem,42,123,-253.8480900242603
world_model_cem,42,124,-230.10992876916055
world_model_cem,42,125,-269.2184562556694
world_model_cem,42,126,-190.63222317008803
world_model_cem,42,127,-200.22855002960682
world_model_cem,42,128,-192.4624884839941
world_model_cem,42,129,-183.20062875399316
world_model_cem,42,130,-182.61511906205737
world_model_cem,42,131,-258.14986574100203
world_model_cem,42,132,-255.65325172468422
world_model_cem,42,133,-202.55922704314494
world_model_cem,42,134,-283.5907853153544
world_model_cem,42,135,-280.124604774745
world_model_cem,42,136,-276.1125259276398
world_model_cem,42,137,-270.20467608709566
world_model_cem,42,138,-271.0645340181228
world_model_cem,42,139,-275.04330968167193
world_model_cem,42,140,-283.0568435181499
world_model_cem,42,141,-278.99357017783956
world_model_cem,42,142,-287.9650190569048
world_model_cem,42,143,-280.23097346712876
world_model_cem,42,144,-281.0619496276601
world_model_cem,42,145,-286.5492480367013
world_model_cem,42,146,-284.3957466011005
world_model_cem,42,147,-281.45158941789873
world_model_cem,42,148,-291.90470357885886
world_model_cem,42,149,-289.68395933173264
world_model_cem,42,150,-290.25211980800356
world_model_cem,42,151,-287.81985968466665
world_model_cem,42,152,-298.6084601087095
world_model_cem,42,153,-291.7983176082438
world_model_cem,42,154,-291.112727204543
world_model_cem,42,155,-290.1703251528904
world_model_cem,42,156,-282.26174751494386
world_model_cem,42,157,-279.4267851178296
world_model_cem,42,158,-277.78582915191583
world_model_cem,42,159,-277.472551695526
world_model_cem,42,160,-274.5706861172082
world_model_cem,42,161,-273.05592916442487
world_model_cem,42,162,-281.82666775149835
world_model_cem,42,163,-278.89167635037916
world_model_cem,42,164,-281.8132986420207
world_model_cem,42,165,-281.3824190894396
world_model_cem,42,166,-283.98181580052494
world_model_cem,42,167,-284.5358641265806
world_model_cem,42,168,-278.9370982267732
world_model_cem,42,169,-282.20134490364995
world_model_cem,42,170,-278.95499255867355
world_model_cem,42,171,-287.8194759103292
world_model_cem,42,172,-288.12856523324456
world_model_cem,42,173,-292.6270115639841
world_model_cem,42,174,-280.548982294286
world_model_cem,42,175,-286.4523852283674
world_model_cem,42,176,-284.0971778743085
world_model_cem,42,177,-279.55402591044344
world_model_cem,42,178,-284.59490823451335
world_model_cem,42,179,-279.1816545970735
world_model_cem,42,180,-280.58731929709785
world_model_cem,42,181,-269.36133218475834
world_model_cem,42,182,-281.0598360188268
world_model_cem,42,183,-277.6905535060313
world_model_cem,42,184,-282.2162458851598
world_model_cem,42,185,-283.8560964272474
world_model_cem,42,186,-285.495695013813
world_model_cem,42,187,-288.11571042019364
world_model_cem,42,188,-281.3261885467865
world_model_cem,42,189,-282.9585068388992
world_model_cem,42,190,-291.2183431002456
world_model_cem,42,191,-284.8142793798597
world_model_cem,42,192,-286.04320981000006
world_model_cem,42,193,-281.9122953375846
world_model_cem,42,194,-288.3397514832002
world_model_cem,42,195,-281.8503243827331
world_model_cem,42,196,-288.19682105512857
world_model_cem,42,197,-277.25731034441526
world_model_cem,42,198,-280.148686792076
world_model_cem,42,199,-283.6766661284311
world_model_cem,42,200,-287.5464437317977
world_model_cem,42,201,-275.9283208284793
world_model_cem,42,202,-283.1325071281764
world_model_cem,42,203,-288.1531972975847
world_model_cem,42,204,-286.3542338840983
world_model_cem,42,205,-292.36342956451676
world_model_cem,42,206,-283.0938235635511
world_model_cem,42,207,-284.0755724905995
world_model_cem,42,208,-270.8084401020577
world_model_cem,42,209,-278.84812878554476
world_model_cem,42,210,-282.7290053348239
world_model_cem,42,211,-276.19328460460173
world_model_cem,42,212,-279.44764372420843
world_model_cem,42,213,-277.4981993754903
world_model_cem,42,214,-276.952941253693
world_model_cem,42,215,-279.75957894042205
world_model_cem,42,216,-280.89482640658423
world_model_cem,42,217,-280.741273451245
world_model_cem,42,218,-280.30567429025024
world_model_cem,42,219,-286.43898211776565
world_model_cem,42,220,-281.0075460633499
world_model_cem,42,221,-282.4882077972392
world_model_cem,42,222,-290.01122719257177
world_model_cem,42,223,-282.3317566132889
world_model_cem,42,224,-282.6575094963149
world_model_cem,42,225,-286.09415733781555
world_model_cem,42,226,-286.44858922985577
world_model_cem,42,227,-281.79388737994566
world_model_cem,42,228,-293.85716026110777
world_model_cem,42,229,-289.68222150191355
world_model_cem,42,230,-279.6251262729726
world_model_cem,42,231,-287.66059011452853
world_model_cem,42,232,-273.8847332241441
world_model_cem,42,233,-279.3271715626573
world_model_cem,42,234,-282.36068929281765
world_model_cem,42,235,-280.7356563353969
world_model_cem,42,236,-279.5607040780634
world_model_cem,42,237,-283.419987904402
world_model_cem,42,238,-277.5639615438218
world_model_cem,42,239,-286.72398907205576
world_model_cem,42,240,-281.25209296104435
world_model_cem,42,241,-285.6441741756533
world_model_cem,42,242,-279.1016258314448
world_model_cem,42,243,-286.7766381576811
world_model_cem,42,244,-270.6698694634026
world_model_cem,42,245,-283.19755497657894
world_model_cem,42,246,-278.43693464246076
world_model_cem,42,247,-275.90382021275707
world_model_cem,42,248,-274.3131769126369
world_model_cem,42,249,-286.91487690152
world_model_cem,42,250,-288.0139059701835
world_model_cem,42,251,-287.4511841824768
world_model_cem,42,252,-290.15143018103464
world_model_cem,42,253,-283.80183074139313
world_model_cem,42,254,-289.7673922986984
world_model_cem,42,255,-269.657192077994
world_model_cem,42,256,-279.3815376265502
world_model_cem,42,257,-287.9699506838381
world_model_cem,42,258,-284.5407379973528
world_model_cem,42,259,-281.1344204136936
world_model_cem,42,260,-271.00534026821924
world_model_cem,42,261,-280.3073190502818
world_model_cem,42,262,-283.6868605164615
world_model_cem,42,263,-275.98834356380314
world_model_cem,42,264,-283.7523617069603
world_model_cem,42,265,-279.88193562762837
world_model_cem,42,266,-279.2620522580446
world_model_cem,42,267,-278.58935127851754
world_model_cem,42,268,-279.221416122601
world_model_cem,42,269,-284.8092329468519
world_model_cem,42,270,-288.6308719134163
world_model_cem,42,271,-286.3502024962503
world_model_cem,42,272,-282.8550830822269
world_model_cem,42,273,-273.1603030788876
world_model_cem,42,274,-285.81454535726283
world_model_cem,42,275,-283.3539327715862
world_model_cem,42,276,-282.6509644114975
world_model_cem,42,277,-280.6525250829579
world_model_cem,42,278,-284.08105559312907
world_model_cem,42,279,-280.5216076681346
world_model_cem,42,280,-279.71625344215823
world_model_cem,42,281,-284.52631806092205
world_model_cem,42,282,-280.4540443555108
world_model_cem,42,283,-267.02299882601216
world_model_cem,42,284,-290.08612450678555
world_model_cem,42,285,-293.5487442176328
world_model_cem,42,286,-285.37955571243594
world_model_cem,42,287,-278.54646574936737
world_model_cem,42,288,-285.22246162137895
world_model_cem,42,289,-285.4739860784768
world_model_cem,42,290,-282.9003643865152
world_model_cem,42,291,-280.2308391581545
world_model_cem,42,292,-269.7991049618212
world_model_cem,42,293,-281.005198460527
world_model_cem,42,294,-285.4157075588726
world_model_cem,42,295,-283.05614784515194
world_model_cem,42,296,-287.4778904113509
world_model_cem,42,297,-286.9706748555078
world_model_cem,42,298,-286.2989325130998
world_model_cem,42,299,-277.82663505919595
world_model_cem,42,300,-282.3670570873576
world_model_cem,42,301,-285.21425822324693
world_model_cem,42,302,-283.80647550636655
world_model_cem,42,303,-288.76056047477516
world_model_cem,42,304,-285.0381261939179
world_model_cem,42,305,-288.12743712317996
world_model_cem,42,306,-273.2522447151556
world_model_cem,42,307,-285.7874595090987
world_model_cem,42,308,-283.17203906793736
world_model_cem,42,309,-286.71651674568284
world_model_cem,42,310,-272.29473268576737
world_model_cem,42,311,-285.4965467209592
world_model_cem,42,312,-280.10848561261173
world_model_cem,42,313,-286.8466819924372
world_model_cem,42,314,-276.0365915044965
world_model_cem,42,315,-282.4357715844582
world_model_cem,42,316,-282.41941147444834
world_model_cem,42,317,-281.6423635237128
world_model_cem,42,318,-269.1658590484955
world_model_cem,42,319,-273.49470611112247
world_model_cem,42,320,-283.08852520458044
world_model_cem,42,321,-262.6699773591226
world_model_cem,42,322,-285.3793930471427
world_model_cem,42,323,-282.09707987141405
world_model_cem,42,324,-282.65363288309374
world_model_cem,42,325,-281.2016383144937
world_model_cem,42,326,-288.0472332379919
world_model_cem,42,327,-287.2874169241172
world_model_cem,42,328,-285.36651266726204
world_model_cem,42,329,-285.41892281103236
world_model_cem,42,330,-287.9429429775512
world_model_cem,42,331,-287.9362162918344
world_model_cem,42,332,-282.00322355105607
world_model_cem,42,333,-283.93172248751193
world_model_cem,42,334,-281.39679494861167
world_model_cem,42,335,-284.8593452472593
world_model_cem,42,336,-276.5279998283887
world_model_cem,42,337,-280.0498812195815
world_model_cem,42,338,-282.38992670247893
world_model_cem,42,339,-280.5047889661102
world_model_cem,42,340,-284.5246874247231
world_model_cem,42,341,-279.22366651449624
world_model_cem,42,342,-275.381817044358
world_model_cem,42,343,-283.70098218375995
world_model_cem,42,344,-276.5175267196323
world_model_cem,42,345,-274.52298373955136
world_model_cem,42,346,-286.6946616433741
world_model_cem,42,347,-279.48480089958423
world_model_cem,42,348,-278.1475762844259
world_model_cem,42,349,-292.7318315147803
world_model_cem,42,350,-281.0605409335546
world_model_cem,42,351,-281.1214969967845
world_model_cem,42,352,-286.4286667010031
world_model_cem,42,353,-284.67193858906614
world_model_cem,42,354,-283.51428415953
world_model_cem,42,355,-287.3074924020446
world_model_cem,42,356,-284.2693749328271
world_model_cem,42,357,-272.34481480191573
world_model_cem,42,358,-279.417411914441
world_model_cem,42,359,-286.1546259369116
world_model_cem,42,360,-277.75276260892
world_model_cem,42,361,-286.00857432746426
world_model_cem,42,362,-286.33607420484935
world_model_cem,42,363,-283.010064623187
world_model_cem,42,364,-280.8750872381528
world_model_cem,42,365,-279.87079912448723
world_model_cem,42,366,-280.6423171449735
world_model_cem,42,367,-272.701089409777
world_model_cem,42,368,-281.12852139093803
world_model_cem,42,369,-279.21113130219305
world_model_cem,42,370,-283.53542959294407
world_model_cem,42,371,-279.07563070578806
world_model_cem,42,372,-282.29719834850255
world_model_cem,42,373,-282.81400407667206
world_model_cem,42,374,-284.9809859497154
world_model_cem,42,375,-286.4016790059955
world_model_cem,42,376,-282.94825092673665
world_model_cem,42,377,-282.38625318750223
world_model_cem,42,378,-291.2494195919806
world_model_cem,42,379,-287.625631069184
world_model_cem,42,380,-278.54940474753596
world_model_cem,42,381,-288.42249446393623
world_model_cem,42,382,-292.09519269053004
world_model_cem,42,383,-285.33134728999175
world_model_cem,42,384,-283.47897181598637
world_model_cem,42,385,-287.20982982745227
world_model_cem,42,386,-282.394638235084
world_model_cem,42,387,-275.63136692089836
world_model_cem,42,388,-279.43305066411807
world_model_cem,42,389,-279.1627276622138
world_model_cem,42,390,-285.2463409311537
world_model_cem,42,391,-288.51295460692415
world_model_cem,42,392,-281.209115513673
world_model_cem,42,393,-277.64713018106113
world_model_cem,42,394,-290.1527285087462
world_model_cem,42,395,-283.95440530452163
world_model_cem,42,396,-279.48774912410204
world_model_cem,42,397,-273.26062635550454
world_model_cem,42,398,-286.0880722951054
world_model_cem,42,399,-275.91494925072453
world_model_cem,42,400,-285.05535163611233
world_model_cem,42,401,-289.22710694409795
world_model_cem,42,402,-282.6479364069907
world_model_cem,42,403,-277.9885428394581
world_model_cem,42,404,-288.0793982605227
world_model_cem,42,405,-270.0887074072856
world_model_cem,42,406,-283.04783380958554
world_model_cem,42,407,-284.6735282972583
world_model_cem,42,408,-283.15943460165704
world_model_cem,42,409,-284.61947723127923
world_model_cem,42,410,-278.69305688406945
world_model_cem,42,411,-284.49779175041135
world_model_cem,42,412,-282.4316649754576
world_model_cem,42,413,-280.19901942933626
world_model_cem,42,414,-287.3695464540149
world_model_cem,42,415,-289.07585143986876
world_model_cem,42,416,-286.6504843178142
world_model_cem,42,417,-288.64021416598086
world_model_cem,42,418,-286.8820203170686
world_model_cem,42,419,-286.77470069500936
world_model_cem,42,420,-285.60062101843596
world_model_cem,42,421,-289.22599487523786
world_model_cem,42,422,-286.30873810876005
world_model_cem,42,423,-290.6896296269647
world_model_cem,42,424,-285.9663452647644
world_model_cem,42,425,-284.42073114699906
world_model_cem,42,426,-283.0749166982287
world_model_cem,42,427,-280.36788163273644
world_model_cem,42,428,-283.85830871058243
world_model_cem,42,429,-277.72599242891783
world_model_cem,42,430,-280.4474884960136
world_model_cem,42,431,-279.8425341594732
world_model_cem,42,432,-277.1012426988322
world_model_cem,42,433,-283.4646608146862
world_model_cem,42,434,-287.84738939966604
world_model_cem,42,435,-286.1922783325712
world_model_cem,42,436,-288.84574860067306
world_model_cem,42,437,-281.1783928674114
world_model_cem,42,438,-286.55630501024825
world_model_cem,42,439,-287.50507509503296
world_model_cem,42,440,-286.64053757529865
world_model_cem,42,441,-278.0426334697159
world_model_cem,42,442,-280.95236221257295
world_model_cem,42,443,-282.97145329669127
world_model_cem,42,444,-280.85029915988855
world_model_cem,42,445,-266.5589056557836
world_model_cem,42,446,-288.12308796415647
world_model_cem,42,447,-268.6431808940176
world_model_cem,42,448,-281.61388016582737
world_model_cem,42,449,-281.4050700582395
world_model_cem,42,450,-283.53662837201944
world_model_cem,42,451,-284.64360165468145
world_model_cem,42,452,-281.3312281803632
world_model_cem,42,453,-284.3930373732572
world_model_cem,42,454,-288.3443495047219
world_model_cem,42,455,-289.8570345374067
world_model_cem,42,456,-276.2239809516516
world_model_cem,42,457,-281.69007736756134
world_model_cem,42,458,-273.35630987324225
world_model_cem,42,459,-284.7945887708097
world_model_cem,42,460,-282.3506001953961
world_model_cem,42,461,-270.22475394811784
world_model_cem,42,462,-281.25071667931877
world_model_cem,42,463,-270.4105376947838
world_model_cem,42,464,-283.5038679273796
world_model_cem,42,465,-275.3533422142984
world_model_cem,42,466,-286.04094835236594
world_model_cem,42,467,-281.7171596768067
world_model_cem,42,468,-282.6920794262318
world_model_cem,42,469,-280.5705155349676
world_model_cem,42,470,-277.8640954104816
world_model_cem,42,471,-278.19700997343034
world_model_cem,42,472,-274.22572431310573
world_model_cem,42,473,-282.47817194898835
world_model_cem,42,474,-286.11059057226566
world_model_cem,42,475,-284.29640780981487
world_model_cem,42,476,-283.7179587123413
world_model_cem,42,477,-278.49535010933494
world_model_cem,42,478,-274.8326592050788
world_model_cem,42,479,-283.1867561248335
world_model_cem,42,480,-281.00380435841134
world_model_cem,42,481,-281.906310480926
world_model_cem,42,482,-282.8288487576138
world_model_cem,42,483,-285.562567606205
world_model_cem,42,484,-282.04931695911796
world_model_cem,42,485,-264.74648822720707
world_model_cem,42,486,-280.19253296870363
world_model_cem,42,487,-285.5649604707123
world_model_cem,42,488,-282.20802108964403
world_model_cem,42,489,-281.68014481525404
world_model_cem,42,490,-286.5975067117606
world_model_cem,42,491,-290.32314414548784
world_model_cem,42,492,-280.0515138524073
world_model_cem,42,493,-286.2601514106786
world_model_cem,42,494,-275.7366295262201
world_model_cem,42,495,-286.2486300548497
world_model_cem,42,496,-283.6368363305898
world_model_cem,42,497,-272.79521997302015
world_model_cem,42,498,-275.99887506614607
world_model_cem,42,499,-283.12242258426494
world_model_cem,42,500,-282.6631973508871
world_model_cem,42,501,-280.2086882899908
world_model_cem,42,502,-280.55730433767536
world_model_cem,42,503,-276.29987020724457
world_model_cem,42,504,-279.17049516014026
world_model_cem,42,505,-282.0028980651327
world_model_cem,42,506,-288.27502594097234
world_model_cem,42,507,-287.13206165862965
world_model_cem,42,508,-290.01847697979497
world_model_cem,42,509,-281.1818883225515
world_model_cem,42,510,-285.4395836513274
world_model_cem,42,511,-276.7447254387812
world_model_cem,42,512,-291.3881621223555
world_model_cem,42,513,-278.1718287633194
world_model_cem,42,514,-282.7378196397098
world_model_cem,42,515,-284.99354223321893
world_model_cem,42,516,-274.0631380970313
world_model_cem,42,517,-284.11303052980804
world_model_cem,42,518,-283.04199993420957
world_model_cem,42,519,-282.7301824553032
world_model_cem,42,520,-275.3722269106628
world_model_cem,42,521,-281.4773553504348
world_model_cem,42,522,-282.6535533127331
world_model_cem,42,523,-287.24721497908
world_model_cem,42,524,-279.912144026232
world_model_cem,42,525,-276.61546309140317
world_model_cem,42,526,-280.6306016793543
world_model_cem,42,527,-287.3234587477328
world_model_cem,42,528,-280.8429657954753
world_model_cem,42,529,-283.00690994861293
world_model_cem,42,530,-285.3845646187939
world_model_cem,42,531,-286.660926598512
world_model_cem,42,532,-282.1246482412643
world_model_cem,42,533,-289.7409314287979
world_model_cem,42,534,-282.82154014416096
world_model_cem,42,535,-282.4664878149242
world_model_cem,42,536,-286.48602167810526
world_model_cem,42,537,-284.52267476210164
world_model_cem,42,538,-289.5225816030671
world_model_cem,42,539,-278.4047777933844
world_model_cem,42,540,-276.92818495632696
world_model_cem,42,541,-283.92343186978167
world_model_cem,42,542,-285.63346723824293
world_model_cem,42,543,-282.9085606226796
world_model_cem,42,544,-279.4043925571448
world_model_cem,42,545,-274.0857579639623
world_model_cem,42,546,-286.05689560727626
world_model_cem,42,547,-282.49823158416865
world_model_cem,42,548,-276.5118867295787
world_model_cem,42,549,-289.7597855173518
world_model_cem,42,550,-286.037109559813
world_model_cem,42,551,-290.2036117271724
world_model_cem,42,552,-281.97146008070274
world_model_cem,42,553,-283.6952486240119
world_model_cem,42,554,-278.62569845594226
world_model_cem,42,555,-283.5541527029336
world_model_cem,42,556,-277.80150145807914
world_model_cem,42,557,-284.99256160294703
world_model_cem,42,558,-277.6733369735964
world_model_cem,42,559,-285.0832458503527
world_model_cem,42,560,-283.46377940681464
world_model_cem,42,561,-293.6153898063022
world_model_cem,42,562,-290.3181549160739
world_model_cem,42,563,-291.61236837692707
world_model_cem,42,564,-293.98839649817387
world_model_cem,42,565,-290.7976079003924
world_model_cem,42,566,-288.63965210384197
world_model_cem,42,567,-287.89941238128785
world_model_cem,42,568,-288.651671647222
world_model_cem,42,569,-276.45861189754345
world_model_cem,42,570,-285.56488872746644
world_model_cem,42,571,-278.59053874210275
world_model_cem,42,572,-274.2152392716815
world_model_cem,42,573,-265.19909154367974
world_model_cem,42,574,-283.15467445232315
world_model_cem,42,575,-279.508901428877
world_model_cem,42,576,-272.10322798185956
world_model_cem,42,577,-277.81800559419304
world_model_cem,42,578,-270.1631678050184
world_model_cem,42,579,-285.14883824994604
world_model_cem,42,580,-282.5082640516463
world_model_cem,42,581,-285.67203370110667
world_model_cem,42,582,-281.9678953828754
world_model_cem,42,583,-287.2342065594215
world_model_cem,42,584,-281.4422364227281
world_model_cem,42,585,-284.2860472681974
world_model_cem,42,586,-279.1023542892151
world_model_cem,42,587,-286.9804013598002
world_model_cem,42,588,-287.5467378029408
world_model_cem,42,589,-285.34882271068886
world_model_cem,42,590,-288.56028993230603
world_model_cem,42,591,-279.6827725342515
world_model_cem,42,592,-283.33342919482226
world_model_cem,42,593,-282.9288744344621
world_model_cem,42,594,-278.9077895147682
world_model_cem,42,595,-276.78480077716887
world_model_cem,42,596,-271.8113847734396
world_model_cem,42,597,-281.6909985958396
world_model_cem,42,598,-282.4706816545655
world_model_cem,42,599,-288.64250751162905
world_model_cem,42,600,-284.0305592534126
world_model_cem,42,601,-283.90180346348063
world_model_cem,42,602,-277.29083907390293
world_model_cem,42,603,-289.27352314186635
world_model_cem,42,604,-285.8672199331388
world_model_cem,42,605,-285.7549573453338
world_model_cem,42,606,-283.3667058925042
world_model_cem,42,607,-279.8658333811641
world_model_cem,42,608,-286.7046649649742
world_model_cem,42,609,-284.14849135831156
world_model_cem,42,610,-288.5032618491503
world_model_cem,42,611,-275.67816794852723
world_model_cem,42,612,-271.96803795105944
world_model_cem,42,613,-281.8477040814324
world_model_cem,42,614,-282.2185518772577
world_model_cem,42,615,-285.19019675433344
world_model_cem,42,616,-272.5452907831079
world_model_cem,42,617,-287.30292073447947
world_model_cem,42,618,-285.95781058104126
world_model_cem,42,619,-286.55077302021346
world_model_cem,42,620,-277.8382353575189
world_model_cem,42,621,-283.79735918683656
world_model_cem,42,622,-280.6168324905497
world_model_cem,42,623,-278.1147712288691
world_model_cem,42,624,-284.1201361633215
world_model_cem,42,625,-282.58328152704075
world_model_cem,42,626,-272.40877619170163
world_model_cem,42,627,-285.1988579384332
world_model_cem,42,628,-286.54117071659846
world_model_cem,42,629,-288.51424178277904
world_model_cem,42,630,-285.7613751603536
world_model_cem,42,631,-287.70533578793294
world_model_cem,42,632,-287.73425278899987
world_model_cem,42,633,-286.1668548807976
world_model_cem,42,634,-283.9774209212398
world_model_cem,42,635,-289.8883762352163
world_model_cem,42,636,-283.35519318514383
world_model_cem,42,637,-284.9065144998931
world_model_cem,42,638,-290.2771945754794
world_model_cem,42,639,-281.0988093737587
world_model_cem,42,640,-285.22518341740863
world_model_cem,42,641,-290.0867288407372
world_model_cem,42,642,-285.27980004348615
world_model_cem,42,643,-288.8624561542762
world_model_cem,42,644,-288.24784795242704
world_model_cem,42,645,-281.22303864925334
world_model_cem,42,646,-286.0273639480511
world_model_cem,42,647,-273.56026163003264
world_model_cem,42,648,-277.2817775976209
world_model_cem,42,649,-269.54773945223104
world_model_cem,42,650,-279.86161204802227
world_model_cem,42,651,-281.74746599314045
world_model_cem,42,652,-286.62371564832085
world_model_cem,42,653,-283.0714532832773
world_model_cem,42,654,-281.20119723901365
world_model_cem,42,655,-279.4987481107898
world_model_cem,42,656,-276.9522010252002
world_model_cem,42,657,-277.6575806636185
world_model_cem,42,658,-279.0951275575063
world_model_cem,42,659,-286.3231197631699
world_model_cem,42,660,-284.3374449075525
world_model_cem,42,661,-281.51400833493057
world_model_cem,42,662,-288.89592599478067
world_model_cem,42,663,-288.57510603527453
world_model_cem,42,664,-282.5750241792979
world_model_cem,42,665,-287.4384024894103
world_model_cem,42,666,-285.79638323094525
world_model_cem,42,667,-276.65650188914526
world_model_cem,42,668,-266.36572745999695
world_model_cem,42,669,-282.3845720974905
world_model_cem,42,670,-285.787645878891
world_model_cem,42,671,-285.76743751247943
world_model_cem,42,672,-276.6199686197407
world_model_cem,42,673,-281.1120851407765
world_model_cem,42,674,-284.4458347869318
world_model_cem,42,675,-283.7122653257758
world_model_cem,42,676,-275.44438278642855
world_model_cem,42,677,-277.8082741963658
world_model_cem,42,678,-271.2543908276222
world_model_cem,42,679,-284.8247743861629
world_model_cem,42,680,-272.3875550617516
world_model_cem,42,681,-281.2000069522535
world_model_cem,42,682,-282.13929741719585
world_model_cem,42,683,-280.60485498305184
world_model_cem,42,684,-279.1222998632536
world_model_cem,42,685,-287.31677989954085
world_model_cem,42,686,-279.8190014960629
world_model_cem,42,687,-275.6839765645688
world_model_cem,42,688,-286.1477587102212
world_model_cem,42,689,-285.0129915083997
world_model_cem,42,690,-279.5094871747991
world_model_cem,42,691,-282.9508252663212
world_model_cem,42,692,-285.4914375988565
world_model_cem,42,693,-274.84199552344705
world_model_cem,42,694,-284.29479710560787
world_model_cem,42,695,-284.8309819557034
world_model_cem,42,696,-280.47304966267114
world_model_cem,42,697,-289.06127252010356
world_model_cem,42,698,-282.6447008142485
world_model_cem,42,699,-275.8286668731974
world_model_cem,42,700,-286.22468993030213
world_model_cem,42,701,-282.43057865328575
world_model_cem,42,702,-279.5546032959958
world_model_cem,42,703,-277.3060616059769
world_model_cem,42,704,-284.9206891250955
world_model_cem,42,705,-282.04520786660845
world_model_cem,42,706,-275.9695841918484
world_model_cem,42,707,-274.1926533376393
world_model_cem,42,708,-272.758863922863
world_model_cem,42,709,-272.4245363122155
world_model_cem,42,710,-281.3419410841604
world_model_cem,42,711,-281.17130065630386
world_model_cem,42,712,-287.33505847916786
world_model_cem,42,713,-281.7759177434844
world_model_cem,42,714,-288.17903606764025
world_model_cem,42,715,-282.6158303277317
world_model_cem,42,716,-284.52579336296196
world_model_cem,42,717,-286.86785805807176
world_model_cem,42,718,-281.59273906356003
world_model_cem,42,719,-289.96998718340586
world_model_cem,42,720,-286.2530571030144
world_model_cem,42,721,-283.1779369160755
world_model_cem,42,722,-279.58978246732545
world_model_cem,42,723,-281.71440925870866
world_model_cem,42,724,-276.75802488863684
world_model_cem,42,725,-277.1215294575988
world_model_cem,42,726,-281.82434009411367
world_model_cem,42,727,-283.64207164533275
world_model_cem,42,728,-268.1131529312364
world_model_cem,42,729,-276.04338619596297
world_model_cem,42,730,-283.9169372486633
world_model_cem,42,731,-290.5644601097473
world_model_cem,42,732,-286.55545617224243
world_model_cem,42,733,-291.8190674753483
world_model_cem,42,734,-293.32930307578977
world_model_cem,42,735,-286.5366604781717
world_model_cem,42,736,-292.7680058312098
world_model_cem,42,737,-275.7149925775959
world_model_cem,42,738,-290.42348252488443
world_model_cem,42,739,-281.99993833512394
world_model_cem,42,740,-286.8130210740098
world_model_cem,42,741,-284.8328416702416
world_model_cem,42,742,-288.02103436766333
world_model_cem,42,743,-276.12874055059933
world_model_cem,42,744,-275.41535386151395
world_model_cem,42,745,-280.79543885295993
world_model_cem,42,746,-275.2952093663009
world_model_cem,42,747,-275.28634242167396
world_model_cem,42,748,-276.39266386344457
world_model_cem,42,749,-284.6680899188115
world_model_cem,42,750,-283.74964667874815
world_model_cem,42,751,-290.8469133453781
world_model_cem,42,752,-281.47123777470665
world_model_cem,42,753,-284.42859177069124
world_model_cem,42,754,-283.66097396322846
world_model_cem,42,755,-284.06826585181966
world_model_cem,42,756,-281.01643313976786
world_model_cem,42,757,-279.58284973549235
world_model_cem,42,758,-271.6537833824331
world_model_cem,42,759,-279.167787578635
world_model_cem,42,760,-281.0741119253414
world_model_cem,42,761,-283.6774624514811
world_model_cem,42,762,-283.00211768070625
world_model_cem,42,763,-286.3039983361867
world_model_cem,42,764,-286.67310778321325
world_model_cem,42,765,-290.09183795373997
world_model_cem,42,766,-289.0920632540386
world_model_cem,42,767,-293.5079789181718
world_model_cem,42,768,-287.25970612968996
world_model_cem,42,769,-286.91618112162746
world_model_cem,42,770,-286.60330204458097
world_model_cem,42,771,-285.7107652931295
world_model_cem,42,772,-274.41454041722477
world_model_cem,42,773,-277.2363287469712
world_model_cem,42,774,-278.7066926795189
world_model_cem,42,775,-269.60023607201805
world_model_cem,42,776,-281.46247786522576
world_model_cem,42,777,-280.1162623139941
world_model_cem,42,778,-273.9347523699404
world_model_cem,42,779,-279.3804757317563
world_model_cem,42,780,-280.99239751392696
world_model_cem,42,781,-283.38237978016946
world_model_cem,42,782,-275.61574303150553
world_model_cem,42,783,-284.2276531776433
world_model_cem,42,784,-290.9191588422447
world_model_cem,42,785,-296.7639237620035
world_model_cem,42,786,-284.6293741425224
world_model_cem,42,787,-289.60870117991885
world_model_cem,42,788,-287.1136095750559
world_model_cem,42,789,-282.7147941733326
world_model_cem,42,790,-289.6364799028846
world_model_cem,42,791,-279.1314671475616
world_model_cem,42,792,-277.28229733594765
world_model_cem,42,793,-287.52570019239624
world_model_cem,42,794,-283.571546783362
world_model_cem,42,795,-288.45261466171075
world_model_cem,42,796,-284.00592879029637
world_model_cem,42,797,-273.93085391892635
world_model_cem,42,798,-286.6775602986452
world_model_cem,42,799,-279.9537790069853
world_model_cem,42,800,-271.3190378893153
world_model_cem,42,801,-288.36126976138667
world_model_cem,42,802,-284.22291893519383
world_model_cem,42,803,-278.8359580525425
world_model_cem,42,804,-289.8836638054012
world_model_cem,42,805,-278.4711979289009
world_model_cem,42,806,-283.4712559766377
world_model_cem,42,807,-280.6726336656589
world_model_cem,42,808,-279.8470748025867
world_model_cem,42,809,-285.66897816303083
world_model_cem,42,810,-286.84667212887143
world_model_cem,42,811,-287.300711229876
world_model_cem,42,812,-280.88464090084443
world_model_cem,42,813,-279.82504268589685
world_model_cem,42,814,-278.03580488336956
world_model_cem,42,815,-284.50606072882067
world_model_cem,42,816,-276.10531915237345
world_model_cem,42,817,-283.5167305228231
world_model_cem,42,818,-277.62933109271285
world_model_cem,42,819,-286.0854949676128
world_model_cem,42,820,-286.6209882993847
world_model_cem,42,821,-279.0338002994978
world_model_cem,42,822,-271.85058525469833
world_model_cem,42,823,-269.272425331674
world_model_cem,42,824,-271.01855634668715
world_model_cem,42,825,-278.361474112146
world_model_cem,42,826,-284.0294563339323
world_model_cem,42,827,-281.7983690894515
world_model_cem,42,828,-285.665335867516
world_model_cem,42,829,-280.8677190014541
world_model_cem,42,830,-285.8587445679406
world_model_cem,42,831,-281.2094945260176
world_model_cem,42,832,-272.23852823717783
world_model_cem,42,833,-284.28309994655007
world_model_cem,42,834,-280.98766513396777
world_model_cem,42,835,-285.91429771484434
world_model_cem,42,836,-288.54976504200755
world_model_cem,42,837,-287.0250383115448
world_model_cem,42,838,-283.0848202234023
world_model_cem,42,839,-285.726754107948
world_model_cem,42,840,-287.5797459718043
world_model_cem,42,841,-289.09433123268275
world_model_cem,42,842,-277.5385885437578
world_model_cem,42,843,-281.1623290972913
world_model_cem,42,844,-277.3660822399536
world_model_cem,42,845,-278.5540973146916
world_model_cem,42,846,-278.73260636266275
world_model_cem,42,847,-279.65947446900253
world_model_cem,42,848,-284.65035073298725
world_model_cem,42,849,-282.9110634274156
world_model_cem,42,850,-287.565928811558
world_model_cem,42,851,-282.0574806383658
world_model_cem,42,852,-283.63234100482975
world_model_cem,42,853,-282.8736693813624
world_model_cem,42,854,-282.32727685724154
world_model_cem,42,855,-286.30009212413984
world_model_cem,42,856,-277.6755398113163
world_model_cem,42,857,-280.4794639424479
world_model_cem,42,858,-288.5044385884546
world_model_cem,42,859,-281.903375134557
world_model_cem,42,860,-286.0586032479449
world_model_cem,42,861,-285.79494105136047
world_model_cem,42,862,-276.30262167009744
world_model_cem,42,863,-280.60164374560685
world_model_cem,42,864,-290.41292885201176
world_model_cem,42,865,-289.4973445119095
world_model_cem,42,866,-283.80400360356725
world_model_cem,42,867,-287.28986994303466
world_model_cem,42,868,-285.5106012099518
world_model_cem,42,869,-288.4212356081988
world_model_cem,42,870,-283.8691342182312
world_model_cem,42,871,-285.93617067948804
world_model_cem,42,872,-284.58534914824315
world_model_cem,42,873,-279.2520954262932
world_model_cem,42,874,-288.43470480488406
world_model_cem,42,875,-278.467042092367
world_model_cem,42,876,-282.18056003910766
world_model_cem,42,877,-284.23108040083264
world_model_cem,42,878,-275.7203463809218
world_model_cem,42,879,-278.3537027748057
world_model_cem,42,880,-282.76468810706467
world_model_cem,42,881,-285.7249325842019
world_model_cem,42,882,-291.7927652778633
world_model_cem,42,883,-269.3426171107242
world_model_cem,42,884,-279.67690365458986
world_model_cem,42,885,-286.44242940721165
world_model_cem,42,886,-290.5049411185124
world_model_cem,42,887,-292.1703302815211
world_model_cem,42,888,-283.7540317910299
world_model_cem,42,889,-271.1981553363789
world_model_cem,42,890,-281.27159468026514
world_model_cem,42,891,-277.9954287788827
world_model_cem,42,892,-277.97777796136035
world_model_cem,42,893,-272.4655200183656
world_model_cem,42,894,-278.0255204438204
world_model_cem,42,895,-281.99226911758427
world_model_cem,42,896,-279.1499698456886
world_model_cem,42,897,-285.02561934631035
world_model_cem,42,898,-286.55500126897914
world_model_cem,42,899,-272.1929209055421
world_model_cem,42,900,-285.8267720580394
world_model_cem,42,901,-287.7149243129189
world_model_cem,42,902,-286.52019216963333
world_model_cem,42,903,-283.17762651900296
world_model_cem,42,904,-280.72513032615507
world_model_cem,42,905,-285.38004092625806
world_model_cem,42,906,-288.1579644359139
world_model_cem,42,907,-283.14920051060653
world_model_cem,42,908,-289.84237924480476
world_model_cem,42,909,-276.55613629395106
world_model_cem,42,910,-276.98326372844724
world_model_cem,42,911,-286.9945152762507
world_model_cem,42,912,-288.395903760095
world_model_cem,42,913,-281.4187616783614
world_model_cem,42,914,-275.045172154986
world_model_cem,42,915,-285.333341114266
world_model_cem,42,916,-282.5232194893018
world_model_cem,42,917,-284.35826698452877
world_model_cem,42,918,-284.00300157863455
world_model_cem,42,919,-288.93383841967875
world_model_cem,42,920,-290.31057811845153
world_model_cem,42,921,-288.32679596431313
world_model_cem,42,922,-284.73119223172137
world_model_cem,42,923,-282.8995194446257
world_model_cem,42,924,-284.2946869248649
world_model_cem,42,925,-276.4726336740673
world_model_cem,42,926,-285.0848413923458
world_model_cem,42,927,-280.92734693094144
world_model_cem,42,928,-279.75327916523855
world_model_cem,42,929,-284.47811972647327
world_model_cem,42,930,-279.0921198126396
world_model_cem,42,931,-287.58130311259987
world_model_cem,42,932,-284.07202625351624
world_model_cem,42,933,-285.169534387854
world_model_cem,42,934,-287.87149552812286
world_model_cem,42,935,-282.5952293580947
world_model_cem,42,936,-286.66440116351345
world_model_cem,42,937,-281.99125945580187
world_model_cem,42,938,-267.0871451535779
world_model_cem,42,939,-284.63126420957883
world_model_cem,42,940,-288.1530887227457
world_model_cem,42,941,-287.9666484615881
world_model_cem,42,942,-287.1007681294137
world_model_cem,42,943,-286.3716245189503
world_model_cem,42,944,-284.0122500241104
world_model_cem,42,945,-278.08632664367775
world_model_cem,42,946,-279.194566475129
world_model_cem,42,947,-289.2095291809227
world_model_cem,42,948,-277.7375550680038
world_model_cem,42,949,-278.2779391768921
world_model_cem,42,950,-277.99435234869617
world_model_cem,42,951,-285.76173878200143
world_model_cem,42,952,-283.63993600401363
world_model_cem,42,953,-288.20865204242347
world_model_cem,42,954,-278.8446326733939
world_model_cem,42,955,-283.20637351233523
world_model_cem,42,956,-281.75020141535987
world_model_cem,42,957,-290.9735805765824
world_model_cem,42,958,-283.3435537029401
world_model_cem,42,959,-281.24691923140233
world_model_cem,42,960,-277.690357705632
world_model_cem,42,961,-283.1590541588473
world_model_cem,42,962,-276.24719002889253
world_model_cem,42,963,-293.9784211276209
world_model_cem,42,964,-286.0978361564716
world_model_cem,42,965,-286.5999877042914
world_model_cem,42,966,-286.0591509726345
world_model_cem,42,967,-283.5564108925278
world_model_cem,42,968,-275.67651318731845
world_model_cem,42,969,-289.73518959764425
world_model_cem,42,970,-283.4823267066181
world_model_cem,42,971,-288.1781231368421
world_model_cem,42,972,-286.9779224651165
world_model_cem,42,973,-281.3858213657935
world_model_cem,42,974,-285.8592649938665
world_model_cem,42,975,-284.2958938703042
world_model_cem,42,976,-279.6027785545949
world_model_cem,42,977,-277.9911364383473
world_model_cem,42,978,-282.85229210121247
world_model_cem,42,979,-278.1107358612067
world_model_cem,42,980,-269.93411124494753
world_model_cem,42,981,-287.1866753420196
world_model_cem,42,982,-280.258921787087
world_model_cem,42,983,-284.2172649972242
world_model_cem,42,984,-287.1334167924488
world_model_cem,42,985,-273.58205397980163
world_model_cem,42,986,-286.2514220592323
world_model_cem,42,987,-278.29387233436574
world_model_cem,42,988,-283.4071221472064
world_model_cem,42,989,-276.4791726292978
world_model_cem,42,990,-271.9808836538217
world_model_cem,42,991,-280.31928337725554
world_model_cem,42,992,-279.1630294920108
world_model_cem,42,993,-280.69491035206386
world_model_cem,42,994,-289.3405335948178
world_model_cem,42,995,-284.29076111710407
world_model_cem,42,996,-285.16719307731836
world_model_cem,42,997,-287.8675504170863
world_model_cem,42,998,-276.737802115944
world_model_cem,42,999,-279.42160396869895
world_model_cem,42,1000,-275.5983115363719
world_model_cem,43,1,-180.102469205134
world_model_cem,43,2,-199.49443651486925
world_model_cem,43,3,-185.32563892003202
world_model_cem,43,4,-195.18003146744877
world_model_cem,43,5,-187.08969676710504
world_model_cem,43,6,-183.0703762229345
world_model_cem,43,7,-174.56059608183512
world_model_cem,43,8,-218.17437510303336
world_model_cem,43,9,-206.51385299299199
world_model_cem,43,10,-206.37471607591772
world_model_cem,43,11,-204.67953228806476
world_model_cem,43,12,-209.5822974551125
world_model_cem,43,13,-206.08796067018312
world_model_cem,43,14,-249.11510207350884
world_model_cem,43,15,-214.60261956602648
world_model_cem,43,16,-218.04836513516722
world_model_cem,43,17,-286.00507599916847
world_model_cem,43,18,-222.44485481602837
world_model_cem,43,19,-249.8677398537132
world_model_cem,43,20,-237.2535147508138
world_model_cem,43,21,-251.7332053219794
world_model_cem,43,22,-240.416441026114
world_model_cem,43,23,-238.4496694405218
world_model_cem,43,24,-230.66494373102142
world_model_cem,43,25,-240.38960546127907
world_model_cem,43,26,-311.0181112956806
world_model_cem,43,27,-231.17361762479626
world_model_cem,43,28,-230.03704992323873
world_model_cem,43,29,-278.96405503724696
world_model_cem,43,30,-271.52874595677645
world_model_cem,43,31,-215.0183608927697
world_model_cem,43,32,-220.60392976323766
world_model_cem,43,33,-211.4438826073727
world_model_cem,43,34,-243.73136980048181
world_model_cem,43,35,-209.4596425736927
world_model_cem,43,36,-210.34263497724024
world_model_cem,43,37,-244.27851585333312
world_model_cem,43,38,-203.87311387203573
world_model_cem,43,39,-210.87477146153603
world_model_cem,43,40,-214.9198985308559
world_model_cem,43,41,-227.4427380616608
world_model_cem,43,42,-237.3302186621724
world_model_cem,43,43,-229.75655779497018
world_model_cem,43,44,-230.8213214900718
world_model_cem,43,45,-259.40594360866237
world_model_cem,43,46,-214.3257349286289
world_model_cem,43,47,-281.30746133329353
world_model_cem,43,48,-262.7349180261292
world_model_cem,43,49,-221.16780917543807
world_model_cem,43,50,-232.47174531253734
world_model_cem,43,51,-229.57203101752816
world_model_cem,43,52,-235.494623494372
world_model_cem,43,53,-302.9782155851922
world_model_cem,43,54,-235.26539305064176
world_model_cem,43,55,-246.65551950766124
world_model_cem,43,56,-243.70338200910732
world_model_cem,43,57,-256.5617663292618
world_model_cem,43,58,-280.4826158672703
world_model_cem,43,59,-217.97989962954654
world_model_cem,43,60,-219.90964405132794
world_model_cem,43,61,-269.1781763544965
world_model_cem,43,62,-233.90539324133283
world_model_cem,43,63,-271.3348308181246
world_model_cem,43,64,-222.8758437981091
world_model_cem,43,65,-221.9412029965299
world_model_cem,43,66,-252.08213215910115
world_model_cem,43,67,-220.4919497367765
world_model_cem,43,68,-276.9910113111859
world_model_cem,43,69,-233.8366004274775
world_model_cem,43,70,-249.6283130017759
world_model_cem,43,71,-242.46020696273658
world_model_cem,43,72,-240.880046291584
world_model_cem,43,73,-296.02612179879065
world_model_cem,43,74,-258.20237924223846
world_model_cem,43,75,-242.26236482941712
world_model_cem,43,76,-305.86610266268315
world_model_cem,43,77,-243.97516766128712
world_model_cem,43,78,-256.23069295712287
world_model_cem,43,79,-296.836688272605
world_model_cem,43,80,-330.83609875801426
world_model_cem,43,81,-311.7032606406626
world_model_cem,43,82,-294.70087273245474
world_model_cem,43,83,-254.1740473191844
world_model_cem,43,84,-239.4654722738689
world_model_cem,43,85,-239.71460507522184
world_model_cem,43,86,-230.32949118037988
world_model_cem,43,87,-241.60503494561806
world_model_cem,43,88,-236.90523599917222
world_model_cem,43,89,-241.47705468044583
world_model_cem,43,90,-287.7302711499856
world_model_cem,43,91,-293.5790608056901
world_model_cem,43,92,-222.6944044092484
world_model_cem,43,93,-235.76060579534712
world_model_cem,43,94,-226.1785374713391
world_model_cem,43,95,-252.61345893434162
world_model_cem,43,96,-290.2489805365635
world_model_cem,43,97,-229.97263204852538
world_model_cem,43,98,-286.8821850346452
world_model_cem,43,99,-266.31693808535636
world_model_cem,43,100,-198.47567382682172
world_model_cem,43,101,-210.35288703241542
world_model_cem,43,102,-178.95719419038466
world_model_cem,43,103,-258.6615850517242
world_model_cem,43,104,-259.0659073477909
world_model_cem,43,105,-284.9012964211993
world_model_cem,43,106,-257.51211250426803
world_model_cem,43,107,-207.6375060157416
world_model_cem,43,108,-236.36933738348642
world_model_cem,43,109,-227.41696659978913
world_model_cem,43,110,-181.48385143478563
world_model_cem,43,111,-197.99630365992465
world_model_cem,43,112,-294.36126766057214
world_model_cem,43,113,-202.92423446387647
world_model_cem,43,114,-303.06093716578243
world_model_cem,43,115,-200.88911019857775
world_model_cem,43,116,-267.72911079143427
world_model_cem,43,117,-251.4011141184695
world_model_cem,43,118,-208.4126104537202
world_model_cem,43,119,-225.88091044152557
world_model_cem,43,120,-289.1942404930607
world_model_cem,43,121,-292.5083865586952
world_model_cem,43,122,-294.4720054574995
world_model_cem,43,123,-280.9216990643541
world_model_cem,43,124,-278.54520893806796
world_model_cem,43,125,-283.97491343710055
world_model_cem,43,126,-283.74488326683377
world_model_cem,43,127,-278.93059790422524
world_model_cem,43,128,-280.6352788784178
world_model_cem,43,129,-281.58898364443684
world_model_cem,43,130,-283.1605061857864
world_model_cem,43,131,-273.0695234759948
world_model_cem,43,132,-277.9666575267981
world_model_cem,43,133,-287.6010915222082
world_model_cem,43,134,-284.7751332845455
world_model_cem,43,135,-287.25213333262917
world_model_cem,43,136,-286.4574565365798
world_model_cem,43,137,-280.43140310672527
world_model_cem,43,138,-277.43268337936763
world_model_cem,43,139,-293.79979191454873
world_model_cem,43,140,-299.92732820996116
world_model_cem,43,141,-292.67289015320415
world_model_cem,43,142,-289.8883667519066
world_model_cem,43,143,-291.8866973803989
world_model_cem,43,144,-290.04776324189186
world_model_cem,43,145,-293.08040099987534
world_model_cem,43,146,-291.98597745964577
world_model_cem,43,147,-284.7557494308534
world_model_cem,43,148,-283.63851560464866
world_model_cem,43,149,-278.6202534288592
world_model_cem,43,150,-290.16164003813884
world_model_cem,43,151,-270.2257942328711
world_model_cem,43,152,-275.5832820284537
world_model_cem,43,153,-278.0900381368032
world_model_cem,43,154,-279.71674136014826
world_model_cem,43,155,-278.82806684610614
world_model_cem,43,156,-278.77861139748927
world_model_cem,43,157,-279.1724720720504
world_model_cem,43,158,-270.5440973956474
world_model_cem,43,159,-283.97941197445186
world_model_cem,43,160,-282.5518901492859
world_model_cem,43,161,-281.90283810766005
world_model_cem,43,162,-284.49447404026006
world_model_cem,43,163,-281.84530239744635
world_model_cem,43,164,-275.139290701243
world_model_cem,43,165,-274.30450098188936
world_model_cem,43,166,-281.9866941893128
world_model_cem,43,167,-280.469155532835
world_model_cem,43,168,-275.3090789581361
world_model_cem,43,169,-282.3404637780591
world_model_cem,43,170,-286.47138626444337
world_model_cem,43,171,-287.4618485588827
world_model_cem,43,172,-283.7054704861146
world_model_cem,43,173,-288.36723970530505
world_model_cem,43,174,-289.74496289460853
world_model_cem,43,175,-293.02230956787616
world_model_cem,43,176,-296.21495227128133
world_model_cem,43,177,-291.5074248399311
world_model_cem,43,178,-295.5628581744083
world_model_cem,43,179,-292.1766727775374
world_model_cem,43,180,-288.8623476871046
world_model_cem,43,181,-283.0085621712068
world_model_cem,43,182,-283.3731289663875
world_model_cem,43,183,-281.47248982304217
world_model_cem,43,184,-283.72556363609453
world_model_cem,43,185,-268.5959333415712
world_model_cem,43,186,-278.4723539243837
world_model_cem,43,187,-281.06086843857383
world_model_cem,43,188,-290.6494740187258
world_model_cem,43,189,-285.4405457886378
world_model_cem,43,190,-277.29961470266613
world_model_cem,43,191,-291.54242596122384
world_model_cem,43,192,-289.42949806445705
world_model_cem,43,193,-291.9675291758092
world_model_cem,43,194,-289.52740110406404
world_model_cem,43,195,-288.12491588466736
world_model_cem,43,196,-284.1998127923659
world_model_cem,43,197,-284.25715550062654
world_model_cem,43,198,-276.55414101648563
world_model_cem,43,199,-282.7701503136188
world_model_cem,43,200,-270.6422422286586
world_model_cem,43,201,-275.9522290184609
world_model_cem,43,202,-283.90993457436014
world_model_cem,43,203,-280.67944008081645
world_model_cem,43,204,-284.03315259072866
world_model_cem,43,205,-281.9705297475041
world_model_cem,43,206,-285.832786132402
world_model_cem,43,207,-287.74055665229264
world_model_cem,43,208,-288.2495499605099
world_model_cem,43,209,-296.487576910916
world_model_cem,43,210,-297.0406506119426
world_model_cem,43,211,-286.20867975655824
world_model_cem,43,212,-289.8401440881289
world_model_cem,43,213,-291.39451742570066
world_model_cem,43,214,-289.55348631952245
world_model_cem,43,215,-278.8898964171127
world_model_cem,43,216,-272.38899649994795
world_model_cem,43,217,-279.2108301285461
world_model_cem,43,218,-270.8800207311722
world_model_cem,43,219,-269.03891457972713
world_model_cem,43,220,-260.92269815170323
world_model_cem,43,221,-259.0107151698669
world_model_cem,43,222,-256.32116051068544
world_model_cem,43,223,-261.6788972480777
world_model_cem,43,224,-256.5423759168681
world_model_cem,43,225,-255.34020617126777
world_model_cem,43,226,-263.8766322689442
world_model_cem,43,227,-264.74620458787587
world_model_cem,43,228,-268.7651490589834
world_model_cem,43,229,-277.9117005422074
world_model_cem,43,230,-278.01530222703906
world_model_cem,43,231,-275.578709320092
world_model_cem,43,232,-288.549918144687
world_model_cem,43,233,-286.1902120643034
world_model_cem,43,234,-293.9347773188242
world_model_cem,43,235,-289.12657677554597
world_model_cem,43,236,-295.80114282664306
world_model_cem,43,237,-290.99232350637874
world_model_cem,43,238,-280.0346767449747
world_model_cem,43,239,-299.8017850735682
world_model_cem,43,240,-294.2783503352258
world_model_cem,43,241,-284.851093145031
world_model_cem,43,242,-288.1589389948066
world_model_cem,43,243,-289.0704219276157
world_model_cem,43,244,-280.0383478934573
world_model_cem,43,245,-278.9293360715361
world_model_cem,43,246,-275.43903255608444
world_model_cem,43,247,-267.5781870029574
world_model_cem,43,248,-262.3681297804686
world_model_cem,43,249,-270.82440777322734
world_model_cem,43,250,-258.9708089790816
world_model_cem,43,251,-256.26000054401686
world_model_cem,43,252,-264.7271664973995
world_model_cem,43,253,-261.85168631951797
world_model_cem,43,254,-250.03338287029686
world_model_cem,43,255,-257.7577545586056
world_model_cem,43,256,-258.1879982895458
world_model_cem,43,257,-259.6356289481632
world_model_cem,43,258,-263.2732554474352
world_model_cem,43,259,-274.4329959321925
world_model_cem,43,260,-279.36712599282686
world_model_cem,43,261,-286.52917623776824
world_model_cem,43,262,-287.174554504775
world_model_cem,43,263,-296.9855502469644
world_model_cem,43,264,-285.506405740387
world_model_cem,43,265,-286.376487185389
world_model_cem,43,266,-293.6888393435957
world_model_cem,43,267,-294.0951691646764
world_model_cem,43,268,-295.67494358855635
world_model_cem,43,269,-297.45731086425894
world_model_cem,43,270,-291.859257705259
world_model_cem,43,271,-292.74622365053233
world_model_cem,43,272,-296.05499877496595
world_model_cem,43,273,-287.95916996051653
world_model_cem,43,274,-277.3809335101043
world_model_cem,43,275,-270.4378020005946
world_model_cem,43,276,-269.5990133497612
world_model_cem,43,277,-261.07420291452655
world_model_cem,43,278,-248.1799500392114
world_model_cem,43,279,-270.55315232272704
world_model_cem,43,280,-264.4136245157084
world_model_cem,43,281,-265.3086534360279
world_model_cem,43,282,-261.07039434184173
world_model_cem,43,283,-257.13417881735086
world_model_cem,43,284,-264.15644289706734
world_model_cem,43,285,-256.9862459889123
world_model_cem,43,286,-269.9046660233855
world_model_cem,43,287,-278.66956210889
world_model_cem,43,288,-280.6604545554454
world_model_cem,43,289,-285.0499420002436
world_model_cem,43,290,-288.6615881729191
world_model_cem,43,291,-284.5626800140486
world_model_cem,43,292,-288.7730013534312
world_model_cem,43,293,-283.2377049815499
world_model_cem,43,294,-281.40662724672995
world_model_cem,43,295,-286.1798441504685
world_model_cem,43,296,-287.08676647387927
world_model_cem,43,297,-288.11289499698535
world_model_cem,43,298,-289.8629215859486
world_model_cem,43,299,-278.5325747610185
world_model_cem,43,300,-272.6734397897298
world_model_cem,43,301,-272.3088744737032
world_model_cem,43,302,-264.7158333002099
world_model_cem,43,303,-260.6926577457579
world_model_cem,43,304,-254.29381874571592
world_model_cem,43,305,-251.8043983593493
world_model_cem,43,306,-264.06517062967214
world_model_cem,43,307,-271.0603191402773
world_model_cem,43,308,-262.96068981757116
world_model_cem,43,309,-263.4161615124137
world_model_cem,43,310,-259.2483180751897
world_model_cem,43,311,-258.37314155737363
world_model_cem,43,312,-264.56947092856916
world_model_cem,43,313,-279.36550485391734
world_model_cem,43,314,-276.48901707939996
world_model_cem,43,315,-285.54398091063086
world_model_cem,43,316,-286.57047336783154
world_model_cem,43,317,-291.3036332363339
world_model_cem,43,318,-282.8678957911683
world_model_cem,43,319,-292.0595298958919
world_model_cem,43,320,-293.5940955783861
world_model_cem,43,321,-296.1332259574917
world_model_cem,43,322,-290.02109001348936
world_model_cem,43,323,-286.39248418267414
world_model_cem,43,324,-286.84071358701965
world_model_cem,43,325,-289.2884341588739
world_model_cem,43,326,-287.3401086444293
world_model_cem,43,327,-290.3323266192415
world_model_cem,43,328,-289.3764239143538
world_model_cem,43,329,-274.5368087512421
world_model_cem,43,330,-285.2519691652028
world_model_cem,43,331,-289.22468876513614
world_model_cem,43,332,-290.20389821689633
world_model_cem,43,333,-274.6469079952222
world_model_cem,43,334,-280.32941419971525
world_model_cem,43,335,-274.4712100991291
world_model_cem,43,336,-270.490252299542
world_model_cem,43,337,-272.8156882504438
world_model_cem,43,338,-275.1632902888782
world_model_cem,43,339,-277.4866295862317
world_model_cem,43,340,-280.88700372559776
world_model_cem,43,341,-273.5749027932012
world_model_cem,43,342,-274.9782486576799
world_model_cem,43,343,-272.22745398256757
world_model_cem,43,344,-280.22743213128604
world_model_cem,43,345,-282.6213029835734
world_model_cem,43,346,-281.4427991757212
world_model_cem,43,347,-285.2506572547818
world_model_cem,43,348,-290.4134756857944
world_model_cem,43,349,-291.94350668119
world_model_cem,43,350,-293.88490770345135
world_model_cem,43,351,-293.10670838094495
world_model_cem,43,352,-282.47147839843774
world_model_cem,43,353,-292.0639467185482
world_model_cem,43,354,-287.9198374779968
world_model_cem,43,355,-282.8867231064719
world_model_cem,43,356,-296.08382372010556
world_model_cem,43,357,-287.96966888482984
world_model_cem,43,358,-286.9622796762857
world_model_cem,43,359,-289.133764421661
world_model_cem,43,360,-285.3377555929488
world_model_cem,43,361,-282.4432109619736
world_model_cem,43,362,-283.58540454396166
world_model_cem,43,363,-285.28797960097006
world_model_cem,43,364,-283.46448517434084
world_model_cem,43,365,-260.15949625251307
world_model_cem,43,366,-274.18333752810884
world_model_cem,43,367,-280.7857204688621
world_model_cem,43,368,-281.6461062275302
world_model_cem,43,369,-280.6282215907065
world_model_cem,43,370,-285.4463525372163
world_model_cem,43,371,-269.1143589544339
world_model_cem,43,372,-287.7912238545752
world_model_cem,43,373,-287.6824196265205
world_model_cem,43,374,-272.3134974273079
world_model_cem,43,375,-281.4611784640738
world_model_cem,43,376,-285.73307601628244
world_model_cem,43,377,-285.4420656336865
world_model_cem,43,378,-277.84223609485764
world_model_cem,43,379,-282.06492135829467
world_model_cem,43,380,-280.5982740405687
world_model_cem,43,381,-283.1972444221318
world_model_cem,43,382,-291.74451011950583
world_model_cem,43,383,-288.50010511524846
world_model_cem,43,384,-286.97730387976867
world_model_cem,43,385,-282.49592930918664
world_model_cem,43,386,-285.964938883921
world_model_cem,43,387,-293.68375759346674
world_model_cem,43,388,-283.671614240642
world_model_cem,43,389,-272.33139099232204
world_model_cem,43,390,-279.77551781170996
world_model_cem,43,391,-282.99220145550464
world_model_cem,43,392,-287.18433717957265
world_model_cem,43,393,-276.919513783624
world_model_cem,43,394,-267.6678959544857
world_model_cem,43,395,-275.9729652614896
world_model_cem,43,396,-282.4385202435207
world_model_cem,43,397,-279.8680998641889
world_model_cem,43,398,-277.4534728170454
world_model_cem,43,399,-283.13256570847636
world_model_cem,43,400,-277.91891097963907
world_model_cem,43,401,-279.8273972566134
world_model_cem,43,402,-277.35642298174685
world_model_cem,43,403,-282.51919319600336
world_model_cem,43,404,-284.6503480295802
world_model_cem,43,405,-282.19509974549817
world_model_cem,43,406,-281.18148608765716
world_model_cem,43,407,-287.74470923859735
world_model_cem,43,408,-283.4160684977762
world_model_cem,43,409,-290.72325564920123
world_model_cem,43,410,-290.05092321741455
world_model_cem,43,411,-284.3603106048655
world_model_cem,43,412,-284.2917576947022
world_model_cem,43,413,-284.9673930852414
world_model_cem,43,414,-269.0284041580817
world_model_cem,43,415,-278.37481900052865
world_model_cem,43,416,-280.639362252286
world_model_cem,43,417,-287.55226205070437
world_model_cem,43,418,-288.96934941958426
world_model_cem,43,419,-292.259589576663
world_model_cem,43,420,-280.5819991213334
world_model_cem,43,421,-272.77650241982604
world_model_cem,43,422,-282.86491642986647
world_model_cem,43,423,-276.45391444087613
world_model_cem,43,424,-283.6217108864634
world_model_cem,43,425,-279.2093473410812
world_model_cem,43,426,-276.4090096111665
world_model_cem,43,427,-277.5794297778237
world_model_cem,43,428,-277.64800668010133
world_model_cem,43,429,-270.6629254664377
world_model_cem,43,430,-277.44135444091205
world_model_cem,43,431,-285.1150603574472
world_model_cem,43,432,-283.6628832703122
world_model_cem,43,433,-275.31493321810234
world_model_cem,43,434,-280.7344143196013
world_model_cem,43,435,-276.4374615939094
world_model_cem,43,436,-285.36664213672395
world_model_cem,43,437,-286.6235519370389
world_model_cem,43,438,-288.25341442896104
world_model_cem,43,439,-290.33018652416627
world_model_cem,43,440,-289.0930705626255
world_model_cem,43,441,-282.42137859194975
world_model_cem,43,442,-278.3732035485442
world_model_cem,43,443,-283.4351887212183
world_model_cem,43,444,-288.82051053299267
world_model_cem,43,445,-284.80363066036284
world_model_cem,43,446,-285.06055753288916
world_model_cem,43,447,-278.6219503199435
world_model_cem,43,448,-280.94227356069604
world_model_cem,43,449,-282.85415606134995
world_model_cem,43,450,-280.238412178834
world_model_cem,43,451,-277.02257312648635
world_model_cem,43,452,-279.8759284786454
world_model_cem,43,453,-278.7414956890633
world_model_cem,43,454,-275.8352279900944
world_model_cem,43,455,-283.486707847305
world_model_cem,43,456,-276.8757103045047
world_model_cem,43,457,-268.4926276648049
world_model_cem,43,458,-274.6942747253587
world_model_cem,43,459,-287.0665490396078
world_model_cem,43,460,-277.7492290963512
world_model_cem,43,461,-276.21645547286965
world_model_cem,43,462,-290.2113485667818
world_model_cem,43,463,-284.25640219377146
world_model_cem,43,464,-283.79476706563105
world_model_cem,43,465,-291.593464042556
world_model_cem,43,466,-288.4502278819334
world_model_cem,43,467,-293.82942083758826
world_model_cem,43,468,-284.1739034918716
world_model_cem,43,469,-286.4549793705243
world_model_cem,43,470,-291.1561634195061
world_model_cem,43,471,-282.27653578560574
world_model_cem,43,472,-284.91349510336784
world_model_cem,43,473,-288.15282230836334
world_model_cem,43,474,-284.24306670463966
world_model_cem,43,475,-279.06619662159585
world_model_cem,43,476,-285.2548916225277
world_model_cem,43,477,-274.6405117096878
world_model_cem,43,478,-279.64765784352414
world_model_cem,43,479,-277.493757128464
world_model_cem,43,480,-284.0671336332471
world_model_cem,43,481,-283.87975248882367
world_model_cem,43,482,-278.9246396541243
world_model_cem,43,483,-282.5882007163683
world_model_cem,43,484,-289.0387046601272
world_model_cem,43,485,-286.0895053817411
world_model_cem,43,486,-283.2567379025609
world_model_cem,43,487,-290.56474056982216
world_model_cem,43,488,-289.56062019590956
world_model_cem,43,489,-288.2042133734505
world_model_cem,43,490,-284.35702291312435
world_model_cem,43,491,-285.3927366121906
world_model_cem,43,492,-277.82347191475833
world_model_cem,43,493,-283.8786821893685
world_model_cem,43,494,-280.76370488805077
world_model_cem,43,495,-290.01450538381596
world_model_cem,43,496,-287.81960998342424
world_model_cem,43,497,-289.61373796655425
world_model_cem,43,498,-284.10041831024995
world_model_cem,43,499,-285.2788164125923
world_model_cem,43,500,-276.0313865985307
world_model_cem,43,501,-288.183402649578
world_model_cem,43,502,-283.87024776258056
world_model_cem,43,503,-287.41753118083324
world_model_cem,43,504,-279.24360379227403
world_model_cem,43,505,-285.47831785470476
world_model_cem,43,506,-284.09231440556664
world_model_cem,43,507,-278.510742642949
world_model_cem,43,508,-283.54117643792165
world_model_cem,43,509,-284.9709460295185
world_model_cem,43,510,-280.5187213326751
world_model_cem,43,511,-276.8934604078819
world_model_cem,43,512,-275.17534923875246
world_model_cem,43,513,-279.57378879405167
world_model_cem,43,514,-268.29144754471747
world_model_cem,43,515,-287.6378516399421
world_model_cem,43,516,-286.3061569456653
world_model_cem,43,517,-280.2655722261775
world_model_cem,43,518,-271.7991230820311
world_model_cem,43,519,-286.08540842511417
world_model_cem,43,520,-283.0893424895396
world_model_cem,43,521,-283.54581326177595
world_model_cem,43,522,-275.13618235973365
world_model_cem,43,523,-287.18932224532034
world_model_cem,43,524,-286.8206466140368
world_model_cem,43,525,-283.1052354534225
world_model_cem,43,526,-280.60620595980265
world_model_cem,43,527,-281.8144861386493
world_model_cem,43,528,-275.0645719956631
world_model_cem,43,529,-284.17331062777953
world_model_cem,43,530,-286.00070177260386
world_model_cem,43,531,-272.2028951761673
world_model_cem,43,532,-284.025740298198
world_model_cem,43,533,-283.0856907949553
world_model_cem,43,534,-283.26204029480493
world_model_cem,43,535,-282.13459165662067
world_model_cem,43,536,-278.10272399305063
world_model_cem,43,537,-283.00537359743294
world_model_cem,43,538,-276.0412989419251
world_model_cem,43,539,-285.5823912949945
world_model_cem,43,540,-285.3428232188262
world_model_cem,43,541,-278.62110240198814
world_model_cem,43,542,-278.10407669687424
world_model_cem,43,543,-277.63379904428274
world_model_cem,43,544,-283.0464151009494
world_model_cem,43,545,-276.5348837780633
world_model_cem,43,546,-284.8492111214056
world_model_cem,43,547,-287.90354169659037
world_model_cem,43,548,-284.19400177166443
world_model_cem,43,549,-288.7192593410657
world_model_cem,43,550,-283.74319968148654
world_model_cem,43,551,-289.12270657287326
world_model_cem,43,552,-287.5230826857309
world_model_cem,43,553,-282.5951213966212
world_model_cem,43,554,-281.88988612268383
world_model_cem,43,555,-281.98377731452905
world_model_cem,43,556,-287.37277114995993
world_model_cem,43,557,-287.4127788242664
world_model_cem,43,558,-285.2168280618739
world_model_cem,43,559,-284.17344062474757
world_model_cem,43,560,-273.4146322259055
world_model_cem,43,561,-281.80025141031757
world_model_cem,43,562,-280.9217361955929
world_model_cem,43,563,-276.8447881646531
world_model_cem,43,564,-284.54904870591463
world_model_cem,43,565,-276.55378908506196
world_model_cem,43,566,-283.23325599374033
world_model_cem,43,567,-282.5175136576199
world_model_cem,43,568,-280.09096907157806
world_model_cem,43,569,-285.225769101172
world_model_cem,43,570,-286.1709539330968
world_model_cem,43,571,-278.6842271130245
world_model_cem,43,572,-286.2363602249908
world_model_cem,43,573,-286.0210557528477
world_model_cem,43,574,-284.8752784426578
world_model_cem,43,575,-287.2815815367901
world_model_cem,43,576,-287.3262446814456
world_model_cem,43,577,-285.1070992967248
world_model_cem,43,578,-278.22815854463295
world_model_cem,43,579,-279.31111100592557
world_model_cem,43,580,-279.8755689191007
world_model_cem,43,581,-278.03214788246186
world_model_cem,43,582,-275.2815625355888
world_model_cem,43,583,-280.6356113932826
world_model_cem,43,584,-286.850786161246
world_model_cem,43,585,-286.7348280872504
world_model_cem,43,586,-274.9631967547928
world_model_cem,43,587,-279.51823715201175
world_model_cem,43,588,-283.0078396322357
world_model_cem,43,589,-286.44085838818927
world_model_cem,43,590,-284.9595743842295
world_model_cem,43,591,-280.14890234777727
world_model_cem,43,592,-286.6224852318056
world_model_cem,43,593,-285.9888746957713
world_model_cem,43,594,-282.4602497547092
world_model_cem,43,595,-291.5677036861897
world_model_cem,43,596,-284.49003484093214
world_model_cem,43,597,-288.8478294880107
world_model_cem,43,598,-280.1478860919203
world_model_cem,43,599,-280.95600591988654
world_model_cem,43,600,-282.2051546062966
world_model_cem,43,601,-282.9459888666506
world_model_cem,43,602,-277.3720196112165
world_model_cem,43,603,-284.10811884661047
world_model_cem,43,604,-282.32969343554214
world_model_cem,43,605,-282.6751610462457
world_model_cem,43,606,-283.66350900761427
world_model_cem,43,607,-288.73608079546096
world_model_cem,43,608,-280.3472775837747
world_model_cem,43,609,-282.26898211911134
world_model_cem,43,610,-273.4856605462968
world_model_cem,43,611,-282.94431679785083
world_model_cem,43,612,-280.7431407681311
world_model_cem,43,613,-282.13360832099255
world_model_cem,43,614,-283.7468825924834
world_model_cem,43,615,-284.92965012265876
world_model_cem,43,616,-278.12008511020605
world_model_cem,43,617,-287.8566495665543
world_model_cem,43,618,-284.78226515742983
world_model_cem,43,619,-292.5886210091631
world_model_cem,43,620,-286.66407031408284
world_model_cem,43,621,-290.7719710613697
world_model_cem,43,622,-283.56922175563045
world_model_cem,43,623,-290.6450183633333
world_model_cem,43,624,-285.3965408085526
world_model_cem,43,625,-280.0755735524784
world_model_cem,43,626,-281.8038430068342
world_model_cem,43,627,-281.41757225494
world_model_cem,43,628,-287.64539681146937
world_model_cem,43,629,-286.59743032824974
world_model_cem,43,630,-285.1065445019774
world_model_cem,43,631,-283.19442700268485
world_model_cem,43,632,-283.9056657549383
world_model_cem,43,633,-286.9501875867324
world_model_cem,43,634,-283.68894251382824
world_model_cem,43,635,-280.71320825649383
world_model_cem,43,636,-283.76366688148175
world_model_cem,43,637,-284.30648884379013
world_model_cem,43,638,-282.11215916245976
world_model_cem,43,639,-280.8040686513412
world_model_cem,43,640,-283.07274955098836
world_model_cem,43,641,-273.81755485770753
world_model_cem,43,642,-286.93457491676816
world_model_cem,43,643,-284.2032158031334
world_model_cem,43,644,-287.22495462205075
world_model_cem,43,645,-279.45383651466074
world_model_cem,43,646,-289.206563719099
world_model_cem,43,647,-287.1661959196438
world_model_cem,43,648,-282.77802308365017
world_model_cem,43,649,-291.12275706190786
world_model_cem,43,650,-282.2428165117885
world_model_cem,43,651,-280.2243192047895
world_model_cem,43,652,-289.8345637227587
world_model_cem,43,653,-294.47943929109215
world_model_cem,43,654,-280.6244899337622
world_model_cem,43,655,-276.55391888201075
world_model_cem,43,656,-268.52757495350386
world_model_cem,43,657,-285.3004812474119
world_model_cem,43,658,-289.9826070244006
world_model_cem,43,659,-282.14502434641923
world_model_cem,43,660,-284.8126178980594
world_model_cem,43,661,-287.91405524568967
world_model_cem,43,662,-279.47691234746264
world_model_cem,43,663,-282.3306932243173
world_model_cem,43,664,-283.15172898686274
world_model_cem,43,665,-275.9877607576119
world_model_cem,43,666,-281.7948735083997
world_model_cem,43,667,-282.68341517392764
world_model_cem,43,668,-281.2235148557829
world_model_cem,43,669,-280.8769597119593
world_model_cem,43,670,-274.7823811494485
world_model_cem,43,671,-281.39352194228314
world_model_cem,43,672,-281.2077564412082
world_model_cem,43,673,-283.5320519091746
world_model_cem,43,674,-280.87988531739427
world_model_cem,43,675,-281.3694778757038
world_model_cem,43,676,-278.05955579930173
world_model_cem,43,677,-275.04782815269687
world_model_cem,43,678,-289.6032834650962
world_model_cem,43,679,-279.3719099781109
world_model_cem,43,680,-278.53485161887625
world_model_cem,43,681,-275.78082218498673
world_model_cem,43,682,-284.21934027787626
world_model_cem,43,683,-279.4431557753885
world_model_cem,43,684,-289.2159641050838
world_model_cem,43,685,-286.5550846596716
world_model_cem,43,686,-288.12372412163927
world_model_cem,43,687,-290.0569391924296
world_model_cem,43,688,-274.6578145768082
world_model_cem,43,689,-285.046858906228
world_model_cem,43,690,-282.9522169116763
world_model_cem,43,691,-284.51370675129755
world_model_cem,43,692,-282.208708840588
world_model_cem,43,693,-281.0231445274499
world_model_cem,43,694,-281.80453103176126
world_model_cem,43,695,-276.31212840516406
world_model_cem,43,696,-276.00532517424006
world_model_cem,43,697,-275.87912920756094
world_model_cem,43,698,-277.9712193755862
world_model_cem,43,699,-284.8378447079972
world_model_cem,43,700,-284.6641923506886
world_model_cem,43,701,-282.2406073134131
world_model_cem,43,702,-282.12242135650774
world_model_cem,43,703,-285.9591904336872
world_model_cem,43,704,-286.5447367914667
world_model_cem,43,705,-283.2277496155211
world_model_cem,43,706,-274.8666761502473
world_model_cem,43,707,-279.82067316756593
world_model_cem,43,708,-282.93416044574235
world_model_cem,43,709,-285.16646034575945
world_model_cem,43,710,-282.7829145440413
world_model_cem,43,711,-280.91192768949037
world_model_cem,43,712,-287.71335747276396
world_model_cem,43,713,-270.68212349635746
world_model_cem,43,714,-281.00885964101303
world_model_cem,43,715,-276.21391140779434
world_model_cem,43,716,-285.14216929493927
world_model_cem,43,717,-286.02795550543016
world_model_cem,43,718,-284.0703462254232
world_model_cem,43,719,-279.75482388077535
world_model_cem,43,720,-284.21031857929256
world_model_cem,43,721,-267.7563354864507
world_model_cem,43,722,-280.7791466590084
world_model_cem,43,723,-274.6572524573177
world_model_cem,43,724,-273.40320679348315
world_model_cem,43,725,-277.30092367632034
world_model_cem,43,726,-280.1932532191562
world_model_cem,43,727,-266.03712673935775
world_model_cem,43,728,-286.9973697224379
world_model_cem,43,729,-287.30375004021744
world_model_cem,43,730,-289.89610301833244
world_model_cem,43,731,-288.28226825807536
world_model_cem,43,732,-287.52234109238145
world_model_cem,43,733,-292.1770719750232
world_model_cem,43,734,-292.86940290422456
world_model_cem,43,735,-290.7185968667103
world_model_cem,43,736,-285.8411160626558
world_model_cem,43,737,-286.90959256183413
world_model_cem,43,738,-282.92714069534236
world_model_cem,43,739,-271.4146729141323
world_model_cem,43,740,-277.2009253362762
world_model_cem,43,741,-281.59694472165666
world_model_cem,43,742,-270.1819452570885
world_model_cem,43,743,-286.105031277232
world_model_cem,43,744,-281.20193514387125
world_model_cem,43,745,-278.86848414380495
world_model_cem,43,746,-277.64053048944737
world_model_cem,43,747,-286.5996542849895
world_model_cem,43,748,-278.5424613142484
world_model_cem,43,749,-283.3982657978833
world_model_cem,43,750,-268.6050632627263
world_model_cem,43,751,-282.67669638575694
world_model_cem,43,752,-288.3133352966081
world_model_cem,43,753,-284.61185605165855
world_model_cem,43,754,-279.44592005698604
world_model_cem,43,755,-281.8893296289982
world_model_cem,43,756,-291.40656551211424
world_model_cem,43,757,-290.5880345652024
world_model_cem,43,758,-282.42002272948616
world_model_cem,43,759,-270.82687734539303
world_model_cem,43,760,-288.96781886790814
world_model_cem,43,761,-280.73802529745217
world_model_cem,43,762,-286.6789706594568
world_model_cem,43,763,-284.38283861534956
world_model_cem,43,764,-288.1239093063657
world_model_cem,43,765,-281.3242305261332
world_model_cem,43,766,-281.161203482445
world_model_cem,43,767,-292.2640763900701
world_model_cem,43,768,-285.28196682590925
world_model_cem,43,769,-286.3910473726408
world_model_cem,43,770,-271.590305307074
world_model_cem,43,771,-284.01657480659014
world_model_cem,43,772,-281.3552770159287
world_model_cem,43,773,-282.7811137294299
world_model_cem,43,774,-274.18515408645396
world_model_cem,43,775,-267.7915893563798
world_model_cem,43,776,-285.1507856772933
world_model_cem,43,777,-287.0176047927272
world_model_cem,43,778,-277.30201542772465
world_model_cem,43,779,-278.15986904389223
world_model_cem,43,780,-281.90228736941765
world_model_cem,43,781,-285.4957504270064
world_model_cem,43,782,-289.7057474076515
world_model_cem,43,783,-290.7177410221432
world_model_cem,43,784,-288.5414137835435
world_model_cem,43,785,-294.84811661996577
world_model_cem,43,786,-288.07375129940846
world_model_cem,43,787,-285.3513864499166
world_model_cem,43,788,-284.38352270090627
world_model_cem,43,789,-285.6612702702857
world_model_cem,43,790,-276.8858935035004
world_model_cem,43,791,-282.7761612101934
world_model_cem,43,792,-273.44729754949105
world_model_cem,43,793,-280.561369027207
world_model_cem,43,794,-278.5831000642751
world_model_cem,43,795,-282.16912784782977
world_model_cem,43,796,-282.0764330272235
world_model_cem,43,797,-272.2868559420811
world_model_cem,43,798,-278.2883326106175
world_model_cem,43,799,-282.8692828959722
world_model_cem,43,800,-281.8075060480495
world_model_cem,43,801,-288.3562124561542
world_model_cem,43,802,-281.5242243417197
world_model_cem,43,803,-283.19436093684874
world_model_cem,43,804,-290.2044995179648
world_model_cem,43,805,-278.59926576768385
world_model_cem,43,806,-280.3690440108118
world_model_cem,43,807,-285.8066329237059
world_model_cem,43,808,-286.24752218121614
world_model_cem,43,809,-287.44451459340905
world_model_cem,43,810,-287.82863888850125
world_model_cem,43,811,-284.32809356922013
world_model_cem,43,812,-285.3594506949992
world_model_cem,43,813,-286.43615037658276
world_model_cem,43,814,-268.8199161068816
world_model_cem,43,815,-283.0211178880259
world_model_cem,43,816,-282.66016206946864
world_model_cem,43,817,-289.0566263068384
world_model_cem,43,818,-280.6279605631745
world_model_cem,43,819,-273.92778285446195
world_model_cem,43,820,-284.8466651715849
world_model_cem,43,821,-278.4947582312828
world_model_cem,43,822,-280.3997003011893
world_model_cem,43,823,-279.66332136146616
world_model_cem,43,824,-287.9614675114757
world_model_cem,43,825,-280.5764183874949
world_model_cem,43,826,-283.9838691366747
world_model_cem,43,827,-284.8644594331793
world_model_cem,43,828,-281.9698295462288
world_model_cem,43,829,-276.3141484450272
world_model_cem,43,830,-276.19331581672634
world_model_cem,43,831,-283.24054043658566
world_model_cem,43,832,-270.98052855196323
world_model_cem,43,833,-281.2770725524532
world_model_cem,43,834,-287.00195616011007
world_model_cem,43,835,-264.77708048868203
world_model_cem,43,836,-287.5094699704446
world_model_cem,43,837,-287.5938614373459
world_model_cem,43,838,-287.1974921028362
world_model_cem,43,839,-281.45709218932757
world_model_cem,43,840,-288.4451537781597
world_model_cem,43,841,-287.413470935784
world_model_cem,43,842,-283.1822590585006
world_model_cem,43,843,-266.72902091622757
world_model_cem,43,844,-284.3908255328383
world_model_cem,43,845,-283.9814611680053
world_model_cem,43,846,-287.9200882517718
world_model_cem,43,847,-277.80474509072184
world_model_cem,43,848,-280.73652989426205
world_model_cem,43,849,-279.9105956812008
world_model_cem,43,850,-287.09921919576584
world_model_cem,43,851,-281.53836785153646
world_model_cem,43,852,-277.28016552442296
world_model_cem,43,853,-278.41000849113584
world_model_cem,43,854,-278.58263367162175
world_model_cem,43,855,-282.149962116265
world_model_cem,43,856,-283.1607239697611
world_model_cem,43,857,-280.8844776431814
world_model_cem,43,858,-267.17310588416024
world_model_cem,43,859,-286.92133692933425
world_model_cem,43,860,-284.28464852777995
world_model_cem,43,861,-279.29439151068476
world_model_cem,43,862,-287.94672505926405
world_model_cem,43,863,-285.02200081035966
world_model_cem,43,864,-280.3260054679551
world_model_cem,43,865,-279.4277829317518
world_model_cem,43,866,-275.19902910487593
world_model_cem,43,867,-287.68802282913884
world_model_cem,43,868,-280.810054315302
world_model_cem,43,869,-286.9805681713318
world_model_cem,43,870,-278.53508337695087
world_model_cem,43,871,-276.8721373043626
world_model_cem,43,872,-266.39596845430907
world_model_cem,43,873,-287.6897244413836
world_model_cem,43,874,-285.55215602650014
world_model_cem,43,875,-288.77736830942274
world_model_cem,43,876,-284.17309102277505
world_model_cem,43,877,-266.05959696660756
world_model_cem,43,878,-281.65193121485424
world_model_cem,43,879,-279.86702594164586
world_model_cem,43,880,-279.5240443030814
world_model_cem,43,881,-285.55856247385293
world_model_cem,43,882,-282.4653852202087
world_model_cem,43,883,-288.03010932351236
world_model_cem,43,884,-281.7705094857149
world_model_cem,43,885,-282.7680643729898
world_model_cem,43,886,-286.93205014712566
world_model_cem,43,887,-281.8271765116343
world_model_cem,43,888,-284.4858201289859
world_model_cem,43,889,-286.08244438377994
world_model_cem,43,890,-285.2891565727923
world_model_cem,43,891,-285.1814785378797
world_model_cem,43,892,-283.6425827050469
world_model_cem,43,893,-279.6538896411348
world_model_cem,43,894,-284.1125665382494
world_model_cem,43,895,-285.44447379030703
world_model_cem,43,896,-284.7191075724847
world_model_cem,43,897,-290.43080659173415
world_model_cem,43,898,-286.7416283887854
world_model_cem,43,899,-285.88223316911535
world_model_cem,43,900,-286.1200240405451
world_model_cem,43,901,-282.12368336120886
world_model_cem,43,902,-289.5569354857813
world_model_cem,43,903,-285.79864720984096
world_model_cem,43,904,-281.7597440300383
world_model_cem,43,905,-289.20716123774525
world_model_cem,43,906,-282.86776330249427
world_model_cem,43,907,-282.42830213923617
world_model_cem,43,908,-285.1312789834194
world_model_cem,43,909,-286.679651339677
world_model_cem,43,910,-277.8962371197853
world_model_cem,43,911,-283.4602184369398
world_model_cem,43,912,-284.1806028762676
world_model_cem,43,913,-283.8246154905565
world_model_cem,43,914,-281.46619689037215
world_model_cem,43,915,-278.77357733163035
world_model_cem,43,916,-284.31676501425807
world_model_cem,43,917,-284.9243234176507
world_model_cem,43,918,-285.3163532452837
world_model_cem,43,919,-278.35678866027627
world_model_cem,43,920,-285.5210738947331
world_model_cem,43,921,-287.7494365631886
world_model_cem,43,922,-285.4120158284297
world_model_cem,43,923,-287.9750822587161
world_model_cem,43,924,-286.1805469447769
world_model_cem,43,925,-288.60730276136877
world_model_cem,43,926,-285.0832397083227
world_model_cem,43,927,-282.91747377741507
world_model_cem,43,928,-282.946581619435
world_model_cem,43,929,-283.8787145265234
world_model_cem,43,930,-283.4663291280386
world_model_cem,43,931,-282.14551983865573
world_model_cem,43,932,-277.8872595079922
world_model_cem,43,933,-287.73337170265484
world_model_cem,43,934,-264.23080255279467
world_model_cem,43,935,-280.65516569561225
world_model_cem,43,936,-283.7506031905194
world_model_cem,43,937,-276.41913293494747
world_model_cem,43,938,-277.5937096407513
world_model_cem,43,939,-272.50473857653594
world_model_cem,43,940,-281.2902226865264
world_model_cem,43,941,-273.3001291546817
world_model_cem,43,942,-280.62097604229575
world_model_cem,43,943,-283.8900392699417
world_model_cem,43,944,-281.3106827833176
world_model_cem,43,945,-287.8089464978356
world_model_cem,43,946,-289.9966490480433
world_model_cem,43,947,-272.91550801097804
world_model_cem,43,948,-281.59645263891093
world_model_cem,43,949,-276.67866027082533
world_model_cem,43,950,-274.92073865282526
world_model_cem,43,951,-293.15612500507495
world_model_cem,43,952,-277.19351188872156
world_model_cem,43,953,-287.6562557462327
world_model_cem,43,954,-284.50549494291135
world_model_cem,43,955,-286.3456645332494
world_model_cem,43,956,-287.33670291826115
world_model_cem,43,957,-284.6066002109351
world_model_cem,43,958,-282.28986356120026
world_model_cem,43,959,-282.96908520510226
world_model_cem,43,960,-285.61416511732295
world_model_cem,43,961,-282.51235040928236
world_model_cem,43,962,-258.7004709497702
world_model_cem,43,963,-284.24438176033425
world_model_cem,43,964,-283.2459915293804
world_model_cem,43,965,-286.31844083523663
world_model_cem,43,966,-279.0867345498457
world_model_cem,43,967,-274.71530195133676
world_model_cem,43,968,-283.8285651600928
world_model_cem,43,969,-278.0229121892805
world_model_cem,43,970,-287.85496678030455
world_model_cem,43,971,-277.0191110975843
world_model_cem,43,972,-279.334203677344
world_model_cem,43,973,-284.1514355201476
world_model_cem,43,974,-286.7552915857852
world_model_cem,43,975,-285.9786784028475
world_model_cem,43,976,-286.51137993492165
world_model_cem,43,977,-284.5428319263349
world_model_cem,43,978,-287.66140888002633
world_model_cem,43,979,-282.13537015816655
world_model_cem,43,980,-281.77042940020516
world_model_cem,43,981,-288.20960931071124
world_model_cem,43,982,-288.98186027510314
world_model_cem,43,983,-291.31986747518647
world_model_cem,43,984,-281.4712432411419
world_model_cem,43,985,-274.7220310527987
world_model_cem,43,986,-277.6013212815029
world_model_cem,43,987,-288.883155638174
world_model_cem,43,988,-287.20729086620275
world_model_cem,43,989,-284.64715181974424
world_model_cem,43,990,-286.58984225953924
world_model_cem,43,991,-282.08684920068674
world_model_cem,43,992,-278.60423420131167
world_model_cem,43,993,-279.6083224946589
world_model_cem,43,994,-279.0738321245648
world_model_cem,43,995,-279.98156611528884
world_model_cem,43,996,-277.6765017063917
world_model_cem,43,997,-283.9251850906718
world_model_cem,43,998,-281.50286709315617
world_model_cem,43,999,-285.9785250421285
world_model_cem,43,1000,-283.3670211039721
world_model_cem,44,1,-227.52903016414115
world_model_cem,44,2,-196.72240428961734
world_model_cem,44,3,-195.319300654542
world_model_cem,44,4,-191.8187073169758
world_model_cem,44,5,-208.26101480440883
world_model_cem,44,6,-188.75575122782288
world_model_cem,44,7,-171.17214719295748
world_model_cem,44,8,-205.95290993240266
world_model_cem,44,9,-175.36221374026016
world_model_cem,44,10,-170.8091046127252
world_model_cem,44,11,-182.3966978555157
world_model_cem,44,12,-183.88998391677669
world_model_cem,44,13,-190.8088677109567
world_model_cem,44,14,-243.00812073004937
world_model_cem,44,15,-214.45355910651926
world_model_cem,44,16,-219.36759312417595
world_model_cem,44,17,-262.03815051997674
world_model_cem,44,18,-245.75753773583347
world_model_cem,44,19,-262.7967904698621
world_model_cem,44,20,-232.9003145525587
world_model_cem,44,21,-232.40291434800292
world_model_cem,44,22,-231.9355984836277
world_model_cem,44,23,-236.75816899726158
world_model_cem,44,24,-232.86832649417664
world_model_cem,44,25,-281.1780059583617
world_model_cem,44,26,-227.2755621166205
world_model_cem,44,27,-246.2107895381758
world_model_cem,44,28,-230.7145858075718
world_model_cem,44,29,-217.23131105832346
world_model_cem,44,30,-221.0033815351996
world_model_cem,44,31,-247.76377812836714
world_model_cem,44,32,-228.2361233810319
world_model_cem,44,33,-220.20443687178403
world_model_cem,44,34,-291.40716682648406
world_model_cem,44,35,-216.8743183709661
world_model_cem,44,36,-296.10212827033934
world_model_cem,44,37,-229.65204386985997
world_model_cem,44,38,-207.85291407786144
world_model_cem,44,39,-212.83104261679466
world_model_cem,44,40,-303.2265031559301
world_model_cem,44,41,-197.18125261861297
world_model_cem,44,42,-191.74847997003263
world_model_cem,44,43,-243.99874666008822
world_model_cem,44,44,-310.6248092660917
world_model_cem,44,45,-249.17129551254263
world_model_cem,44,46,-243.10134175525198
world_model_cem,44,47,-308.375932786382
world_model_cem,44,48,-303.3194781099867
world_model_cem,44,49,-251.45022837051536
world_model_cem,44,50,-224.85563687038888
world_model_cem,44,51,-233.98889492262305
world_model_cem,44,52,-177.4838933123447
world_model_cem,44,53,-197.04928790428676
world_model_cem,44,54,-157.9620808439677
world_model_cem,44,55,-288.6471751839271
world_model_cem,44,56,-242.95331934441015
world_model_cem,44,57,-246.38036804860423
world_model_cem,44,58,-288.6359357882403
world_model_cem,44,59,-218.10378211404318
world_model_cem,44,60,-242.26653027097504
world_model_cem,44,61,-290.6275842670914
world_model_cem,44,62,-283.84784392920517
world_model_cem,44,63,-281.9034846750279
world_model_cem,44,64,-290.1419847077741
world_model_cem,44,65,-286.00779014041814
world_model_cem,44,66,-286.87656187406185
world_model_cem,44,67,-279.050386481259
world_model_cem,44,68,-275.8542572949646
world_model_cem,44,69,-271.0109662325203
world_model_cem,44,70,-273.1316505207477
world_model_cem,44,71,-275.41241489711433
world_model_cem,44,72,-270.6389192273767
world_model_cem,44,73,-272.52066411218124
world_model_cem,44,74,-271.74274175586913
world_model_cem,44,75,-271.6627311141222
world_model_cem,44,76,-277.7305366198106
world_model_cem,44,77,-281.4056358030619
world_model_cem,44,78,-275.03418458284045
world_model_cem,44,79,-290.7573484737955
world_model_cem,44,80,-290.0468014336294
world_model_cem,44,81,-287.91460320665345
world_model_cem,44,82,-289.32019109374755
world_model_cem,44,83,-291.2372538141451
world_model_cem,44,84,-289.53570139929116
world_model_cem,44,85,-292.8865824341551
world_model_cem,44,86,-283.4855731339013
world_model_cem,44,87,-275.79551736267535
world_model_cem,44,88,-282.30550940753136
world_model_cem,44,89,-277.5359207853205
world_model_cem,44,90,-285.5430941309454
world_model_cem,44,91,-279.65187355480265
world_model_cem,44,92,-288.4094149298803
world_model_cem,44,93,-285.66441418596656
world_model_cem,44,94,-283.9122405300189
world_model_cem,44,95,-284.28344857383587
world_model_cem,44,96,-284.7078003292647
world_model_cem,44,97,-290.9808410613447
world_model_cem,44,98,-286.44492118219506
world_model_cem,44,99,-280.81646895908557
world_model_cem,44,100,-277.7112945768265
world_model_cem,44,101,-279.1553667376214
world_model_cem,44,102,-282.4423590923583
world_model_cem,44,103,-285.0664989816846
world_model_cem,44,104,-280.3455589393749
world_model_cem,44,105,-272.4022567009582
world_model_cem,44,106,-278.59611434433316
world_model_cem,44,107,-281.69784153555383
world_model_cem,44,108,-281.3180290583112
world_model_cem,44,109,-279.3083377292765
world_model_cem,44,110,-288.00775765069466
world_model_cem,44,111,-286.8459237602942
world_model_cem,44,112,-284.7488900424076
world_model_cem,44,113,-284.45434923104466
world_model_cem,44,114,-289.9904709322409
world_model_cem,44,115,-284.096424422786
world_model_cem,44,116,-280.1033829056707
world_model_cem,44,117,-294.79069440623914
world_model_cem,44,118,-283.04038654133865
world_model_cem,44,119,-288.4018301795028
world_model_cem,44,120,-290.6715017586476
world_model_cem,44,121,-289.5144527600176
world_model_cem,44,122,-278.21635078864
world_model_cem,44,123,-279.3846849645603
world_model_cem,44,124,-281.34723085843336
world_model_cem,44,125,-267.3416145051205
world_model_cem,44,126,-271.45133247341
world_model_cem,44,127,-277.89600079131
world_model_cem,44,128,-264.01429681495694
world_model_cem,44,129,-280.57416790188006
world_model_cem,44,130,-283.2241859679118
world_model_cem,44,131,-279.431492312498
world_model_cem,44,132,-282.28708597337584
world_model_cem,44,133,-268.3484337464414
world_model_cem,44,134,-284.3252423160378
world_model_cem,44,135,-285.49029083369845
world_model_cem,44,136,-289.51129216563794
world_model_cem,44,137,-282.77530194052747
world_model_cem,44,138,-286.6704147789016
world_model_cem,44,139,-280.1409810821193
world_model_cem,44,140,-285.98787799231513
world_model_cem,44,141,-291.9839930885918
world_model_cem,44,142,-287.6348400642419
world_model_cem,44,143,-286.9167423130949
world_model_cem,44,144,-286.4975492504158
world_model_cem,44,145,-289.69735096053233
world_model_cem,44,146,-278.8507623935495
world_model_cem,44,147,-277.90818830995823
world_model_cem,44,148,-285.08317224280336
world_model_cem,44,149,-290.9934552282549
world_model_cem,44,150,-288.2370273818574
world_model_cem,44,151,-288.102315383528
world_model_cem,44,152,-285.1406086877026
world_model_cem,44,153,-285.62641600747014
world_model_cem,44,154,-286.9066214997051
world_model_cem,44,155,-283.68022350909956
world_model_cem,44,156,-286.16770660772363
world_model_cem,44,157,-277.0595107136238
world_model_cem,44,158,-278.0431459760789
world_model_cem,44,159,-273.59730479414736
world_model_cem,44,160,-278.1202948631584
world_model_cem,44,161,-288.10854684265615
world_model_cem,44,162,-277.0946465356314
world_model_cem,44,163,-283.31080615190865
world_model_cem,44,164,-285.15578654504037
world_model_cem,44,165,-286.2635099546129
world_model_cem,44,166,-284.60098223058424
world_model_cem,44,167,-290.3810929470245
world_model_cem,44,168,-287.5336387508422
world_model_cem,44,169,-282.8449606196195
world_model_cem,44,170,-278.3923982798491
world_model_cem,44,171,-287.8850687203922
world_model_cem,44,172,-285.58139416776413
world_model_cem,44,173,-280.8323229849502
world_model_cem,44,174,-284.1846996578123
world_model_cem,44,175,-281.0936527875942
world_model_cem,44,176,-289.7115490029066
world_model_cem,44,177,-280.60889757521875
world_model_cem,44,178,-280.82557061854294
world_model_cem,44,179,-283.0443551009075
world_model_cem,44,180,-279.4699887092953
world_model_cem,44,181,-283.9766419335811
world_model_cem,44,182,-271.2423380519114
world_model_cem,44,183,-283.43214736969554
world_model_cem,44,184,-278.6880390068945
world_model_cem,44,185,-274.49081290942263
world_model_cem,44,186,-283.62819264066616
world_model_cem,44,187,-280.3603318496212
world_model_cem,44,188,-275.4921480965538
world_model_cem,44,189,-281.3961281474101
world_model_cem,44,190,-286.2253005213187
world_model_cem,44,191,-283.4128969964084
world_model_cem,44,192,-277.5227439075227
world_model_cem,44,193,-277.3206654014347
world_model_cem,44,194,-282.3639497439498
world_model_cem,44,195,-285.4222158294399
world_model_cem,44,196,-278.88742579297576
world_model_cem,44,197,-286.0966328630536
world_model_cem,44,198,-279.30976982945737
world_model_cem,44,199,-279.8558918536794
world_model_cem,44,200,-293.19298170245304
world_model_cem,44,201,-272.1757948857056
world_model_cem,44,202,-293.71756299643647
world_model_cem,44,203,-285.6816589384451
world_model_cem,44,204,-284.13078895749743
world_model_cem,44,205,-286.60109723106876
world_model_cem,44,206,-284.3542540779687
world_model_cem,44,207,-280.1596286472361
world_model_cem,44,208,-279.9200452166273
world_model_cem,44,209,-278.755302312181
world_model_cem,44,210,-281.1931348594011
world_model_cem,44,211,-278.95854148859075
world_model_cem,44,212,-283.4582757639605
world_model_cem,44,213,-278.08939301277553
world_model_cem,44,214,-277.49712508836785
world_model_cem,44,215,-283.4116211980046
world_model_cem,44,216,-275.105425116791
world_model_cem,44,217,-279.86537182979123
world_model_cem,44,218,-285.96541810824607
world_model_cem,44,219,-282.3021051312978
world_model_cem,44,220,-280.00239293653937
world_model_cem,44,221,-270.8756671056848
world_model_cem,44,222,-284.3361887209009
world_model_cem,44,223,-287.14359156531697
world_model_cem,44,224,-294.4544905031619
world_model_cem,44,225,-292.60592311899694
world_model_cem,44,226,-285.62186987903544
world_model_cem,44,227,-290.27853494090664
world_model_cem,44,228,-287.4515856887765
world_model_cem,44,229,-289.42552784847294
world_model_cem,44,230,-296.14559408994575
world_model_cem,44,231,-289.19497198476165
world_model_cem,44,232,-280.6932723724974
world_model_cem,44,233,-281.74304404841274
world_model_cem,44,234,-281.3469620730733
world_model_cem,44,235,-276.0018669927048
world_model_cem,44,236,-279.13885197632897
world_model_cem,44,237,-281.1266405627069
world_model_cem,44,238,-272.2298258408422
world_model_cem,44,239,-276.0160174006428
world_model_cem,44,240,-279.4845694438485
world_model_cem,44,241,-281.8638972598424
world_model_cem,44,242,-282.54286671433573
world_model_cem,44,243,-278.84974774190016
world_model_cem,44,244,-277.9138646570944
world_model_cem,44,245,-279.68568600491426
world_model_cem,44,246,-272.9996459159215
world_model_cem,44,247,-276.2027012362289
world_model_cem,44,248,-273.2932617047389
world_model_cem,44,249,-288.0056913410575
world_model_cem,44,250,-281.35889357572376
world_model_cem,44,251,-278.4557235296349
world_model_cem,44,252,-287.0621980397267
world_model_cem,44,253,-290.79951686064663
world_model_cem,44,254,-290.8859616018057
world_model_cem,44,255,-291.2726268971313
world_model_cem,44,256,-294.43071166746194
world_model_cem,44,257,-286.7506606683114
world_model_cem,44,258,-273.88499011609923
world_model_cem,44,259,-288.7290290683784
world_model_cem,44,260,-281.7179486767753
world_model_cem,44,261,-283.01943847766984
world_model_cem,44,262,-283.51946803168926
world_model_cem,44,263,-283.7375906848913
world_model_cem,44,264,-281.0042241682712
world_model_cem,44,265,-278.92986194620136
world_model_cem,44,266,-281.2245059013228
world_model_cem,44,267,-283.6589294620168
world_model_cem,44,268,-274.4234504621839
world_model_cem,44,269,-280.3322001737215
world_model_cem,44,270,-287.38225195502247
world_model_cem,44,271,-267.30455531423513
world_model_cem,44,272,-284.8891884618465
world_model_cem,44,273,-279.5903738631784
world_model_cem,44,274,-286.3175015706017
world_model_cem,44,275,-283.0465050463891
world_model_cem,44,276,-282.02711038093526
world_model_cem,44,277,-285.9865715762283
world_model_cem,44,278,-283.16676717997416
world_model_cem,44,279,-288.32617972614315
world_model_cem,44,280,-287.237042353045
world_model_cem,44,281,-284.20797924336136
world_model_cem,44,282,-283.36418543203314
world_model_cem,44,283,-278.3830502061032
world_model_cem,44,284,-285.39926168564375
world_model_cem,44,285,-284.81983427412206
world_model_cem,44,286,-286.50749259168373
world_model_cem,44,287,-289.8041764569249
world_model_cem,44,288,-287.95667866542976
world_model_cem,44,289,-270.52239626890184
world_model_cem,44,290,-285.65177377064555
world_model_cem,44,291,-281.4991416815845
world_model_cem,44,292,-273.82207479040244
world_model_cem,44,293,-279.06710786448394
world_model_cem,44,294,-274.06619169973635
world_model_cem,44,295,-285.91615103240906
world_model_cem,44,296,-283.21334060344054
world_model_cem,44,297,-286.7145487966204
world_model_cem,44,298,-282.30270120872774
world_model_cem,44,299,-283.7363742421111
world_model_cem,44,300,-279.37387497294964
world_model_cem,44,301,-285.00998237083616
world_model_cem,44,302,-285.0199347708587
world_model_cem,44,303,-284.02209072191874
world_model_cem,44,304,-276.3784521379475
world_model_cem,44,305,-277.19355347279475
world_model_cem,44,306,-286.88819206300843
world_model_cem,44,307,-277.30872360228886
world_model_cem,44,308,-287.8027082409574
world_model_cem,44,309,-287.94691910339697
world_model_cem,44,310,-284.2803155774597
world_model_cem,44,311,-289.3317554492949
world_model_cem,44,312,-289.7941580363402
world_model_cem,44,313,-282.8114852804202
world_model_cem,44,314,-284.6534881056258
world_model_cem,44,315,-282.51247300135685
world_model_cem,44,316,-277.59475889632165
world_model_cem,44,317,-285.7543030568821
world_model_cem,44,318,-287.0208956552956
world_model_cem,44,319,-277.5774663492757
world_model_cem,44,320,-286.1403243854617
world_model_cem,44,321,-277.19620371909645
world_model_cem,44,322,-279.8682833631195
world_model_cem,44,323,-276.62214112205663
world_model_cem,44,324,-285.5314822608361
world_model_cem,44,325,-281.6598296604987
world_model_cem,44,326,-280.4337815260492
world_model_cem,44,327,-271.4454817701889
world_model_cem,44,328,-282.1735070147329
world_model_cem,44,329,-283.89817282367204
world_model_cem,44,330,-276.6836750707268
world_model_cem,44,331,-274.41099881853813
world_model_cem,44,332,-291.2354157866523
world_model_cem,44,333,-278.9950888079791
world_model_cem,44,334,-286.871447628784
world_model_cem,44,335,-282.22993456767495
world_model_cem,44,336,-279.31089503866275
world_model_cem,44,337,-272.1689784924213
world_model_cem,44,338,-283.32369968166125
world_model_cem,44,339,-275.3104892446646
world_model_cem,44,340,-288.07930176906297
world_model_cem,44,341,-282.17748553354016
world_model_cem,44,342,-278.72308213088144
world_model_cem,44,343,-283.80179073125555
world_model_cem,44,344,-289.80092988580896
world_model_cem,44,345,-283.9599174804066
world_model_cem,44,346,-284.9843742970897
world_model_cem,44,347,-283.37324551583515
world_model_cem,44,348,-294.57352118610777
world_model_cem,44,349,-280.73783951259935
world_model_cem,44,350,-278.71190648186837
world_model_cem,44,351,-288.69039940885455
world_model_cem,44,352,-283.1566672346445
world_model_cem,44,353,-281.90907106057716
world_model_cem,44,354,-285.5135107920949
world_model_cem,44,355,-289.1012942009323
world_model_cem,44,356,-284.0806463827135
world_model_cem,44,357,-285.18741670290785
world_model_cem,44,358,-287.14447635557667
world_model_cem,44,359,-282.98615481592344
world_model_cem,44,360,-284.7241261982042
world_model_cem,44,361,-279.2447386356434
world_model_cem,44,362,-273.1845917014873
world_model_cem,44,363,-284.0667935610912
world_model_cem,44,364,-289.2433557013645
world_model_cem,44,365,-286.58169162733554
world_model_cem,44,366,-280.99315166112876
world_model_cem,44,367,-282.396854969146
world_model_cem,44,368,-287.08399868434736
world_model_cem,44,369,-273.56695303692356
world_model_cem,44,370,-279.0591252459292
world_model_cem,44,371,-283.37512571438765
world_model_cem,44,372,-282.8672324652617
world_model_cem,44,373,-283.94885371681795
world_model_cem,44,374,-281.0731414999975
world_model_cem,44,375,-290.11335734419276
world_model_cem,44,376,-280.31719576531606
world_model_cem,44,377,-286.7032829990758
world_model_cem,44,378,-287.55323624118944
world_model_cem,44,379,-285.29001745176186
world_model_cem,44,380,-281.4430363349472
world_model_cem,44,381,-284.4382876722255
world_model_cem,44,382,-286.6434899090933
world_model_cem,44,383,-278.3919470514831
world_model_cem,44,384,-280.2800589838812
world_model_cem,44,385,-285.2522924341147
world_model_cem,44,386,-281.14648609108247
world_model_cem,44,387,-287.39239854820335
world_model_cem,44,388,-283.9379553857071
world_model_cem,44,389,-281.69362379891356
world_model_cem,44,390,-289.1836899293349
world_model_cem,44,391,-283.67139477044236
world_model_cem,44,392,-285.5145451799788
world_model_cem,44,393,-282.4189768987553
world_model_cem,44,394,-277.1335844925217
world_model_cem,44,395,-280.3526960244592
world_model_cem,44,396,-285.7854750571577
world_model_cem,44,397,-284.392112433674
world_model_cem,44,398,-277.72454988889274
world_model_cem,44,399,-278.03180282699356
world_model_cem,44,400,-282.41762693792674
world_model_cem,44,401,-286.31291384074
world_model_cem,44,402,-285.21572899880624
world_model_cem,44,403,-283.1273867898176
world_model_cem,44,404,-293.47669715096856
world_model_cem,44,405,-284.22820195603714
world_model_cem,44,406,-280.6117341044326
world_model_cem,44,407,-273.8722480111455
world_model_cem,44,408,-283.01226230366717
world_model_cem,44,409,-277.81832321677183
world_model_cem,44,410,-282.19193248099407
world_model_cem,44,411,-290.05799799227225
world_model_cem,44,412,-270.94685863063626
world_model_cem,44,413,-280.57475502317976
world_model_cem,44,414,-283.1520326175735
world_model_cem,44,415,-272.3627842015924
world_model_cem,44,416,-291.5299628764759
world_model_cem,44,417,-277.74272272938805
world_model_cem,44,418,-282.33799084043807
world_model_cem,44,419,-279.0118871067071
world_model_cem,44,420,-273.5273535250334
world_model_cem,44,421,-278.0490834913211
world_model_cem,44,422,-284.1015334429985
world_model_cem,44,423,-288.2988554557062
world_model_cem,44,424,-289.85467751435453
world_model_cem,44,425,-279.1939099067298
world_model_cem,44,426,-289.9927972048631
world_model_cem,44,427,-287.15393608750855
world_model_cem,44,428,-286.10130221104447
world_model_cem,44,429,-284.30602746573487
world_model_cem,44,430,-274.4311920922631
world_model_cem,44,431,-287.78353083249283
world_model_cem,44,432,-286.3075902868116
world_model_cem,44,433,-276.56670028333554
world_model_cem,44,434,-286.43571679329966
world_model_cem,44,435,-278.21701419824814
world_model_cem,44,436,-285.89292186531395
world_model_cem,44,437,-282.6336059828656
world_model_cem,44,438,-278.0167967854159
world_model_cem,44,439,-281.58868667155093
world_model_cem,44,440,-280.0258087579499
world_model_cem,44,441,-284.1622654239648
world_model_cem,44,442,-276.53970738019245
world_model_cem,44,443,-286.52096682045385
world_model_cem,44,444,-288.09699054986413
world_model_cem,44,445,-287.6973088428538
world_model_cem,44,446,-285.28707653433366
world_model_cem,44,447,-287.0222534342495
world_model_cem,44,448,-283.2977327705273
world_model_cem,44,449,-289.06094760301914
world_model_cem,44,450,-285.5008510509865
world_model_cem,44,451,-278.9839488028226
world_model_cem,44,452,-284.171883733189
world_model_cem,44,453,-277.92152634567213
world_model_cem,44,454,-285.0372696224981
world_model_cem,44,455,-282.7527090769588
world_model_cem,44,456,-284.5320495330457
world_model_cem,44,457,-284.9163349502486
world_model_cem,44,458,-284.94344475000594
world_model_cem,44,459,-278.670726429751
world_model_cem,44,460,-284.3730570879161
world_model_cem,44,461,-286.2511923778613
world_model_cem,44,462,-284.9661833822337
world_model_cem,44,463,-283.6695485728801
world_model_cem,44,464,-282.5444328802033
world_model_cem,44,465,-285.54651014437303
world_model_cem,44,466,-282.9745728268721
world_model_cem,44,467,-278.2406364366894
world_model_cem,44,468,-284.9138537675729
world_model_cem,44,469,-282.71804568429854
world_model_cem,44,470,-282.61382894737307
world_model_cem,44,471,-280.74848578146066
world_model_cem,44,472,-287.41591682688403
world_model_cem,44,473,-287.81429107967324
world_model_cem,44,474,-264.7572856573052
world_model_cem,44,475,-289.70216995679993
world_model_cem,44,476,-284.65298398509276
world_model_cem,44,477,-286.89132712566254
world_model_cem,44,478,-279.66898094126566
world_model_cem,44,479,-286.0450706684984
world_model_cem,44,480,-280.05262879950567
world_model_cem,44,481,-281.0645724910568
world_model_cem,44,482,-283.53885989234567
world_model_cem,44,483,-279.8490343867642
world_model_cem,44,484,-277.81347140119226
world_model_cem,44,485,-277.57162248759147
world_model_cem,44,486,-279.8780385458097
world_model_cem,44,487,-276.29875985886054
world_model_cem,44,488,-279.11424715809153
world_model_cem,44,489,-288.1052204313525
world_model_cem,44,490,-285.2617739119793
world_model_cem,44,491,-279.82325239959533
world_model_cem,44,492,-278.25439759405543
world_model_cem,44,493,-282.40540021956764
world_model_cem,44,494,-285.53789968093696
world_model_cem,44,495,-288.66497089946904
world_model_cem,44,496,-285.0728604336454
world_model_cem,44,497,-287.5027162203456
world_model_cem,44,498,-284.5429561071263
world_model_cem,44,499,-283.0946154257823
world_model_cem,44,500,-282.4151191444484
world_model_cem,44,501,-279.09390423069135
world_model_cem,44,502,-284.69233187933526
world_model_cem,44,503,-279.4654041573352
world_model_cem,44,504,-280.87445889938243
world_model_cem,44,505,-281.0093207837557
world_model_cem,44,506,-277.8504969932017
world_model_cem,44,507,-282.5839611892038
world_model_cem,44,508,-284.95529900045113
world_model_cem,44,509,-288.00841017534174
world_model_cem,44,510,-287.12496280339167
world_model_cem,44,511,-279.32350108390307
world_model_cem,44,512,-283.6786189505184
world_model_cem,44,513,-277.8627260828769
world_model_cem,44,514,-280.3627392560461
world_model_cem,44,515,-282.4280303812468
world_model_cem,44,516,-283.74171205134155
world_model_cem,44,517,-287.4127941900465
world_model_cem,44,518,-282.197295655463
world_model_cem,44,519,-278.97498267876716
world_model_cem,44,520,-283.4777868939786
world_model_cem,44,521,-273.0447409378943
world_model_cem,44,522,-281.4958121790389
world_model_cem,44,523,-283.88312169764276
world_model_cem,44,524,-287.3730496247693
world_model_cem,44,525,-284.66493592661254
world_model_cem,44,526,-285.53714533693625
world_model_cem,44,527,-270.8220355544437
world_model_cem,44,528,-285.009655885481
world_model_cem,44,529,-276.35628343322577
world_model_cem,44,530,-287.33628838714014
world_model_cem,44,531,-282.7438195591409
world_model_cem,44,532,-284.93682425168424
world_model_cem,44,533,-288.4560673251282
world_model_cem,44,534,-281.4472239837135
world_model_cem,44,535,-273.87121056611636
world_model_cem,44,536,-276.9298102060752
world_model_cem,44,537,-288.1490669680923
world_model_cem,44,538,-277.8246617126649
world_model_cem,44,539,-282.037621244509
world_model_cem,44,540,-278.9672612599259
world_model_cem,44,541,-279.38472208140234
world_model_cem,44,542,-284.4521805344085
world_model_cem,44,543,-286.4620125020694
world_model_cem,44,544,-285.23430222468545
world_model_cem,44,545,-281.471730714339
world_model_cem,44,546,-279.99052898514253
world_model_cem,44,547,-288.0655383345959
world_model_cem,44,548,-283.0933350310462
world_model_cem,44,549,-285.2884209551289
world_model_cem,44,550,-284.63186481356354
world_model_cem,44,551,-278.8551361323637
world_model_cem,44,552,-289.2767342639521
world_model_cem,44,553,-286.0356805430201
world_model_cem,44,554,-283.0353110887173
world_model_cem,44,555,-281.9693480572933
world_model_cem,44,556,-282.27272545797547
world_model_cem,44,557,-284.18290701551126
world_model_cem,44,558,-284.8561989614569
world_model_cem,44,559,-284.92218443848134
world_model_cem,44,560,-282.94160868423774
world_model_cem,44,561,-286.4696068696754
world_model_cem,44,562,-271.75760851952066
world_model_cem,44,563,-268.27437894844473
world_model_cem,44,564,-280.9720673134231
world_model_cem,44,565,-285.2787429926613
world_model_cem,44,566,-281.6975203125907
world_model_cem,44,567,-284.6439648464219
world_model_cem,44,568,-285.65494937383744
world_model_cem,44,569,-287.33416925846007
world_model_cem,44,570,-279.11808483002824
world_model_cem,44,571,-286.5391636465687
world_model_cem,44,572,-280.8237725337962
world_model_cem,44,573,-267.1629038728932
world_model_cem,44,574,-282.09288243429944
world_model_cem,44,575,-288.6861955588386
world_model_cem,44,576,-282.02543731974566
world_model_cem,44,577,-278.3561763128935
world_model_cem,44,578,-268.6518250046727
world_model_cem,44,579,-285.4045268273345
world_model_cem,44,580,-274.61748352491327
world_model_cem,44,581,-275.8079165007437
world_model_cem,44,582,-280.9772800769161
world_model_cem,44,583,-280.2715443798649
world_model_cem,44,584,-276.4258641098911
world_model_cem,44,585,-278.8702838319452
world_model_cem,44,586,-285.05193244079095
world_model_cem,44,587,-277.3294254433007
world_model_cem,44,588,-287.38702792342
world_model_cem,44,589,-285.6902166285493
world_model_cem,44,590,-264.84282321429544
world_model_cem,44,591,-284.9247977420488
world_model_cem,44,592,-286.8633416590804
world_model_cem,44,593,-291.3301161211841
world_model_cem,44,594,-286.29105569741546
world_model_cem,44,595,-271.52592993692315
world_model_cem,44,596,-292.8867453622153
world_model_cem,44,597,-273.48715114967354
world_model_cem,44,598,-280.7817973163741
world_model_cem,44,599,-282.91672149467036
world_model_cem,44,600,-288.67571569437973
world_model_cem,44,601,-278.57794433502846
world_model_cem,44,602,-282.66531462487507
world_model_cem,44,603,-280.6617278179334
world_model_cem,44,604,-278.2225151184192
world_model_cem,44,605,-276.3146251330379
world_model_cem,44,606,-269.303028129287
world_model_cem,44,607,-287.1566883687643
world_model_cem,44,608,-283.70618643666904
world_model_cem,44,609,-278.7886126226266
world_model_cem,44,610,-288.5267562144293
world_model_cem,44,611,-281.53106224508923
world_model_cem,44,612,-282.9397081240575
world_model_cem,44,613,-279.63628992271697
world_model_cem,44,614,-286.47994900483906
world_model_cem,44,615,-282.62902133719734
world_model_cem,44,616,-276.04305061992
world_model_cem,44,617,-282.46575939986326
world_model_cem,44,618,-284.40139091775455
world_model_cem,44,619,-273.28455501860583
world_model_cem,44,620,-286.86650463438144
world_model_cem,44,621,-281.4920714352772
world_model_cem,44,622,-285.01591461064857
world_model_cem,44,623,-288.8205806405992
world_model_cem,44,624,-286.48462564953627
world_model_cem,44,625,-291.3195097161851
world_model_cem,44,626,-287.4720385115403
world_model_cem,44,627,-286.1305733063223
world_model_cem,44,628,-287.2230219140682
world_model_cem,44,629,-281.3754391021493
world_model_cem,44,630,-290.1315517734781
world_model_cem,44,631,-280.2512226904487
world_model_cem,44,632,-280.9616671633658
world_model_cem,44,633,-277.8017032950031
world_model_cem,44,634,-274.3841163913692
world_model_cem,44,635,-285.2624309584329
world_model_cem,44,636,-273.8281146444059
world_model_cem,44,637,-279.4179466066663
world_model_cem,44,638,-278.7027668444569
world_model_cem,44,639,-284.9857814939573
world_model_cem,44,640,-271.73455767928164
world_model_cem,44,641,-280.9701019167062
world_model_cem,44,642,-282.71146407086087
world_model_cem,44,643,-285.9254262205736
world_model_cem,44,644,-283.59778479583787
world_model_cem,44,645,-287.8620290493898
world_model_cem,44,646,-289.36642659279073
world_model_cem,44,647,-275.59525487537337
world_model_cem,44,648,-274.01873004232436
world_model_cem,44,649,-280.6191982929002
world_model_cem,44,650,-281.09047633262924
world_model_cem,44,651,-284.33686895707933
world_model_cem,44,652,-284.8968280945079
world_model_cem,44,653,-284.67791865196114
world_model_cem,44,654,-274.82180874672144
world_model_cem,44,655,-284.32988838434505
world_model_cem,44,656,-282.3288243472409
world_model_cem,44,657,-285.5882289909374
world_model_cem,44,658,-290.8912074689282
world_model_cem,44,659,-288.8459955612049
world_model_cem,44,660,-280.4927202571208
world_model_cem,44,661,-287.7605872973501
world_model_cem,44,662,-286.8011354714966
world_model_cem,44,663,-285.5983704284883
world_model_cem,44,664,-290.0816455638718
world_model_cem,44,665,-284.19149701682767
world_model_cem,44,666,-283.21516182568683
world_model_cem,44,667,-282.5025745801863
world_model_cem,44,668,-288.36797070446016
world_model_cem,44,669,-282.21772987259277
world_model_cem,44,670,-280.8931957251617
world_model_cem,44,671,-275.7949483441951
world_model_cem,44,672,-285.444236915978
world_model_cem,44,673,-277.2519395146473
world_model_cem,44,674,-291.5922776902981
world_model_cem,44,675,-280.48244463806185
world_model_cem,44,676,-281.8430448381658
world_model_cem,44,677,-287.2216194456761
world_model_cem,44,678,-286.22949992128474
world_model_cem,44,679,-288.87040052405746
world_model_cem,44,680,-288.62389077383034
world_model_cem,44,681,-279.246541510683
world_model_cem,44,682,-285.4376338895767
world_model_cem,44,683,-279.94246309942906
world_model_cem,44,684,-289.23548110238147
world_model_cem,44,685,-272.858022375221
world_model_cem,44,686,-280.37439971375596
world_model_cem,44,687,-283.18440601888096
world_model_cem,44,688,-284.539609061884
world_model_cem,44,689,-287.9441262185073
world_model_cem,44,690,-285.6008590444465
world_model_cem,44,691,-290.4206749683
world_model_cem,44,692,-280.25576836285353
world_model_cem,44,693,-290.7648285766545
world_model_cem,44,694,-287.03380410237594
world_model_cem,44,695,-282.7678052817145
world_model_cem,44,696,-285.6117332261115
world_model_cem,44,697,-280.61046973341274
world_model_cem,44,698,-285.493817815759
world_model_cem,44,699,-266.7409314003549
world_model_cem,44,700,-282.7374750702637
world_model_cem,44,701,-286.25684215537876
world_model_cem,44,702,-286.6235955631934
world_model_cem,44,703,-280.80805596843004
world_model_cem,44,704,-287.17839392254837
world_model_cem,44,705,-287.7169872429006
world_model_cem,44,706,-280.7572152084543
world_model_cem,44,707,-280.06677076111214
world_model_cem,44,708,-277.75528149957574
world_model_cem,44,709,-284.41911452626516
world_model_cem,44,710,-283.11804448557336
world_model_cem,44,711,-282.6376167594942
world_model_cem,44,712,-286.46629999328934
world_model_cem,44,713,-276.96172163101454
world_model_cem,44,714,-279.6345151363107
world_model_cem,44,715,-281.9354241434679
world_model_cem,44,716,-285.68722339507764
world_model_cem,44,717,-291.2696438495375
world_model_cem,44,718,-289.11373483006884
world_model_cem,44,719,-280.6005112177591
world_model_cem,44,720,-280.46942669045865
world_model_cem,44,721,-282.82256028213476
world_model_cem,44,722,-291.6192816317595
world_model_cem,44,723,-290.8134756783104
world_model_cem,44,724,-287.1869114426434
world_model_cem,44,725,-292.96298589096705
world_model_cem,44,726,-283.3278141042684
world_model_cem,44,727,-286.0692556468519
world_model_cem,44,728,-285.5905367966824
world_model_cem,44,729,-280.7752673704477
world_model_cem,44,730,-284.2927641842292
world_model_cem,44,731,-280.0698116132618
world_model_cem,44,732,-286.5211531978851
world_model_cem,44,733,-274.0307299553683
world_model_cem,44,734,-277.01671674741453
world_model_cem,44,735,-281.18485986023353
world_model_cem,44,736,-276.76704387798975
world_model_cem,44,737,-285.80086267057254
world_model_cem,44,738,-277.46231155520655
world_model_cem,44,739,-284.26002547365994
world_model_cem,44,740,-274.63720395871917
world_model_cem,44,741,-285.18244349547115
world_model_cem,44,742,-285.1064506732763
world_model_cem,44,743,-286.67266839565207
world_model_cem,44,744,-283.6253434288688
world_model_cem,44,745,-280.8256586852021
world_model_cem,44,746,-285.89498454618064
world_model_cem,44,747,-290.8201061632592
world_model_cem,44,748,-286.3058865870312
world_model_cem,44,749,-282.5625587628139
world_model_cem,44,750,-275.86499541223486
world_model_cem,44,751,-278.7827748472343
world_model_cem,44,752,-281.3495236305375
world_model_cem,44,753,-280.42432948458577
world_model_cem,44,754,-283.26708950888616
world_model_cem,44,755,-277.9020914752693
world_model_cem,44,756,-284.66388837302077
world_model_cem,44,757,-275.5820857515591
world_model_cem,44,758,-286.26058042688487
world_model_cem,44,759,-274.14648667421295
world_model_cem,44,760,-281.9829425707347
world_model_cem,44,761,-279.6524750761064
world_model_cem,44,762,-287.42950660695084
world_model_cem,44,763,-287.5207187244689
world_model_cem,44,764,-285.8047378399132
world_model_cem,44,765,-292.1219150238103
world_model_cem,44,766,-287.6672624894412
world_model_cem,44,767,-285.55476438093694
world_model_cem,44,768,-284.01969301713945
world_model_cem,44,769,-286.06472891779947
world_model_cem,44,770,-283.5730277957124
world_model_cem,44,771,-288.4776179948981
world_model_cem,44,772,-276.3801366926165
world_model_cem,44,773,-277.39240666438377
world_model_cem,44,774,-285.91635673461485
world_model_cem,44,775,-275.86512392583666
world_model_cem,44,776,-272.3232642636469
world_model_cem,44,777,-280.1591534440764
world_model_cem,44,778,-286.28007404910016
world_model_cem,44,779,-281.11187420098213
world_model_cem,44,780,-280.13953986810867
world_model_cem,44,781,-278.8092079275876
world_model_cem,44,782,-279.3699328893295
world_model_cem,44,783,-287.12902841057905
world_model_cem,44,784,-282.7903994079399
world_model_cem,44,785,-284.34655190242836
world_model_cem,44,786,-282.5198289887729
world_model_cem,44,787,-270.92011504603045
world_model_cem,44,788,-282.92499674464443
world_model_cem,44,789,-271.0913795051947
world_model_cem,44,790,-290.11536525260385
world_model_cem,44,791,-289.1269907439358
world_model_cem,44,792,-286.0119872642536
world_model_cem,44,793,-279.98799638156663
world_model_cem,44,794,-272.44783932591383
world_model_cem,44,795,-290.93264878457757
world_model_cem,44,796,-292.4594769609412
world_model_cem,44,797,-290.17024995206975
world_model_cem,44,798,-292.48941683376347
world_model_cem,44,799,-285.89147045108405
world_model_cem,44,800,-290.35868109562205
world_model_cem,44,801,-289.49111702077994
world_model_cem,44,802,-283.8959591290318
world_model_cem,44,803,-283.7277102153091
world_model_cem,44,804,-277.30085477850037
world_model_cem,44,805,-280.39950080336996
world_model_cem,44,806,-275.9420310404642
world_model_cem,44,807,-278.45404513946215
world_model_cem,44,808,-281.081121438954
world_model_cem,44,809,-274.6292547683851
world_model_cem,44,810,-281.45218349374005
world_model_cem,44,811,-282.44421593010617
world_model_cem,44,812,-283.30412743247825
world_model_cem,44,813,-276.96621613588513
world_model_cem,44,814,-284.14686983226113
world_model_cem,44,815,-287.38478063444467
world_model_cem,44,816,-275.2192300117878
world_model_cem,44,817,-286.37181192831434
world_model_cem,44,818,-278.9779175989496
world_model_cem,44,819,-280.9639623512157
world_model_cem,44,820,-288.73028304868484
world_model_cem,44,821,-285.42512250389706
world_model_cem,44,822,-280.09562065615825
world_model_cem,44,823,-281.65209261155564
world_model_cem,44,824,-271.47042310432084
world_model_cem,44,825,-265.44421639286463
world_model_cem,44,826,-262.07593270549023
world_model_cem,44,827,-263.0664122637105
world_model_cem,44,828,-266.16403077577587
world_model_cem,44,829,-264.38294982245185
world_model_cem,44,830,-254.60918884267232
world_model_cem,44,831,-271.3103010225508
world_model_cem,44,832,-272.98709728837525
world_model_cem,44,833,-262.55797471705324
world_model_cem,44,834,-260.6291835867951
world_model_cem,44,835,-267.9212642273183
world_model_cem,44,836,-267.65364308831033
world_model_cem,44,837,-278.4771822817108
world_model_cem,44,838,-280.7146432514231
world_model_cem,44,839,-280.82643160143857
world_model_cem,44,840,-289.93772920840956
world_model_cem,44,841,-292.52227459535936
world_model_cem,44,842,-289.15802310043716
world_model_cem,44,843,-282.4236749280306
world_model_cem,44,844,-281.3377772444467
world_model_cem,44,845,-282.87573179322897
world_model_cem,44,846,-283.8838941247818
world_model_cem,44,847,-289.599551826073
world_model_cem,44,848,-287.1507006224954
world_model_cem,44,849,-287.10727271510973
world_model_cem,44,850,-281.0306885585181
world_model_cem,44,851,-292.04352499819896
world_model_cem,44,852,-295.0474231760022
world_model_cem,44,853,-287.70149024653034
world_model_cem,44,854,-278.2460025192257
world_model_cem,44,855,-281.1571280047374
world_model_cem,44,856,-277.93779271214487
world_model_cem,44,857,-282.9755286849385
world_model_cem,44,858,-276.9708085730232
world_model_cem,44,859,-274.44823154410903
world_model_cem,44,860,-262.83958703935707
world_model_cem,44,861,-276.0282631812471
world_model_cem,44,862,-277.0390657851562
world_model_cem,44,863,-270.42627235513953
world_model_cem,44,864,-277.8991368848448
world_model_cem,44,865,-284.06029968194343
world_model_cem,44,866,-280.8500862071182
world_model_cem,44,867,-281.71937163712056
world_model_cem,44,868,-276.0350824450077
world_model_cem,44,869,-283.1085606009203
world_model_cem,44,870,-272.49747061920095
world_model_cem,44,871,-289.72467563859294
world_model_cem,44,872,-291.83669750552673
world_model_cem,44,873,-285.4323979727632
world_model_cem,44,874,-291.7335662455191
world_model_cem,44,875,-285.8065448533081
world_model_cem,44,876,-292.53784963222915
world_model_cem,44,877,-288.95077718414655
world_model_cem,44,878,-288.57623795968453
world_model_cem,44,879,-270.1525813408542
world_model_cem,44,880,-290.61519857897525
world_model_cem,44,881,-283.05453379139914
world_model_cem,44,882,-277.54912193600643
world_model_cem,44,883,-279.0533139464441
world_model_cem,44,884,-279.2282022238226
world_model_cem,44,885,-284.9612256647664
world_model_cem,44,886,-279.3363535144431
world_model_cem,44,887,-262.45046122938106
world_model_cem,44,888,-268.62806879118835
world_model_cem,44,889,-287.04636525925906
world_model_cem,44,890,-269.6773429458025
world_model_cem,44,891,-276.58460970557934
world_model_cem,44,892,-283.43562210958623
world_model_cem,44,893,-280.72268788817547
world_model_cem,44,894,-276.6968672863638
world_model_cem,44,895,-282.0241447851105
world_model_cem,44,896,-283.58145825440147
world_model_cem,44,897,-275.4644321847718
world_model_cem,44,898,-283.0517519952916
world_model_cem,44,899,-285.15188560720355
world_model_cem,44,900,-284.79544608420895
world_model_cem,44,901,-287.7802943652315
world_model_cem,44,902,-284.8792096324385
world_model_cem,44,903,-285.08235325542665
world_model_cem,44,904,-290.9620765406972
world_model_cem,44,905,-282.2527768991488
world_model_cem,44,906,-278.7828058992344
world_model_cem,44,907,-288.03754601387425
world_model_cem,44,908,-293.8373644873447
world_model_cem,44,909,-291.74691347452466
world_model_cem,44,910,-289.2447442848749
world_model_cem,44,911,-280.69065701695087
world_model_cem,44,912,-285.87395988921895
world_model_cem,44,913,-273.03629165967754
world_model_cem,44,914,-278.3137275868553
world_model_cem,44,915,-281.11877269211834
world_model_cem,44,916,-270.709847459064
world_model_cem,44,917,-273.35148785723686
world_model_cem,44,918,-281.97292505506636
world_model_cem,44,919,-275.67354043935455
world_model_cem,44,920,-272.2481438151061
world_model_cem,44,921,-273.091109049492
world_model_cem,44,922,-287.78028989557794
world_model_cem,44,923,-286.31110720258573
world_model_cem,44,924,-281.0325819749009
world_model_cem,44,925,-277.1696168899864
world_model_cem,44,926,-285.2305483734565
world_model_cem,44,927,-288.69318417712776
world_model_cem,44,928,-277.73720505558384
world_model_cem,44,929,-290.05391482331567
world_model_cem,44,930,-285.3654148429605
world_model_cem,44,931,-284.932189366255
world_model_cem,44,932,-283.5660490204518
world_model_cem,44,933,-287.68132729827266
world_model_cem,44,934,-285.82479481303545
world_model_cem,44,935,-282.75631077397895
world_model_cem,44,936,-289.79036547821215
world_model_cem,44,937,-284.8024170191304
world_model_cem,44,938,-277.7810907191141
world_model_cem,44,939,-279.4150369390429
world_model_cem,44,940,-286.15216800675995
world_model_cem,44,941,-284.66953259409763
world_model_cem,44,942,-282.98244425211493
world_model_cem,44,943,-279.2671575478297
world_model_cem,44,944,-284.3973338931683
world_model_cem,44,945,-276.25170174193056
world_model_cem,44,946,-279.31602774205726
world_model_cem,44,947,-282.21934667140124
world_model_cem,44,948,-281.9798378930245
world_model_cem,44,949,-274.13171962626285
world_model_cem,44,950,-267.25743855967136
world_model_cem,44,951,-284.122940336531
world_model_cem,44,952,-288.48714497297954
world_model_cem,44,953,-270.4989697156616
world_model_cem,44,954,-285.8408199524247
world_model_cem,44,955,-281.63924238681085
world_model_cem,44,956,-277.63064153144717
world_model_cem,44,957,-281.9894130326764
world_model_cem,44,958,-291.11188138547334
world_model_cem,44,959,-284.6892730058402
world_model_cem,44,960,-290.0391740446614
world_model_cem,44,961,-288.4088014846379
world_model_cem,44,962,-287.816253084927
world_model_cem,44,963,-284.84646154296456
world_model_cem,44,964,-290.2681712063882
world_model_cem,44,965,-282.6357423994606
world_model_cem,44,966,-279.4381400996046
world_model_cem,44,967,-278.8355904624341
world_model_cem,44,968,-284.2458883744973
world_model_cem,44,969,-282.7499095101387
world_model_cem,44,970,-283.0724800094515
world_model_cem,44,971,-281.9212752274486
world_model_cem,44,972,-281.772982662582
world_model_cem,44,973,-280.42678899917087
world_model_cem,44,974,-273.23081956528176
world_model_cem,44,975,-276.3366575875967
world_model_cem,44,976,-282.7618958387145
world_model_cem,44,977,-280.45199157085096
world_model_cem,44,978,-287.3241464297278
world_model_cem,44,979,-278.64184213445196
world_model_cem,44,980,-282.24123512187316
world_model_cem,44,981,-279.76734758544814
world_model_cem,44,982,-276.126098807445
world_model_cem,44,983,-281.1212174751666
world_model_cem,44,984,-276.54153430186403
world_model_cem,44,985,-282.24244168179894
world_model_cem,44,986,-281.2437815709445
world_model_cem,44,987,-286.25984328450704
world_model_cem,44,988,-289.05016909659923
world_model_cem,44,989,-281.86726744197176
world_model_cem,44,990,-280.4597550290625
world_model_cem,44,991,-287.02297662177614
world_model_cem,44,992,-284.9489299803673
world_model_cem,44,993,-279.4851352424315
world_model_cem,44,994,-290.8481549432995
world_model_cem,44,995,-275.21126110212003
world_model_cem,44,996,-283.54879221672155
world_model_cem,44,997,-280.4312052641096
world_model_cem,44,998,-284.1140509247663
world_model_cem,44,999,-285.8537086016171
world_model_cem,44,1000,-283.4351287914492
world_model_cem,45,1,-191.00985957364657
world_model_cem,45,2,-194.08571163545818
world_model_cem,45,3,-201.39397223728486
world_model_cem,45,4,-185.28791860169866
world_model_cem,45,5,-192.95118099876282
world_model_cem,45,6,-191.32475384545586
world_model_cem,45,7,-197.99014123934666
world_model_cem,45,8,-177.0567387088929
world_model_cem,45,9,-179.38896869214534
world_model_cem,45,10,-191.70643908041728
world_model_cem,45,11,-222.26206589067488
world_model_cem,45,12,-202.10527337505323
world_model_cem,45,13,-193.46503597248577
world_model_cem,45,14,-224.4427516334556
world_model_cem,45,15,-194.12738578697645
world_model_cem,45,16,-208.27765207986178
world_model_cem,45,17,-256.1978547972804
world_model_cem,45,18,-232.06306550190368
world_model_cem,45,19,-270.5618437344921
world_model_cem,45,20,-238.07919736445388
world_model_cem,45,21,-269.71486406472235
world_model_cem,45,22,-232.12950525205454
world_model_cem,45,23,-278.504120666399
world_model_cem,45,24,-236.69822700161706
world_model_cem,45,25,-289.1819375447068
world_model_cem,45,26,-228.00278363949644
world_model_cem,45,27,-212.75358162628677
world_model_cem,45,28,-268.18947917360185
world_model_cem,45,29,-207.56524254495784
world_model_cem,45,30,-255.70615637036371
world_model_cem,45,31,-227.72038765144833
world_model_cem,45,32,-195.27616655015547
world_model_cem,45,33,-217.53656757222078
world_model_cem,45,34,-198.82733820516899
world_model_cem,45,35,-192.0264159536252
world_model_cem,45,36,-217.66200936949488
world_model_cem,45,37,-225.81169549521022
world_model_cem,45,38,-195.57381314300642
world_model_cem,45,39,-204.15178280841536
world_model_cem,45,40,-202.0172295724227
world_model_cem,45,41,-238.37091207701906
world_model_cem,45,42,-225.44003112056316
world_model_cem,45,43,-212.93385873366176
world_model_cem,45,44,-218.34126632834352
world_model_cem,45,45,-254.6548822545643
world_model_cem,45,46,-213.6210153598103
world_model_cem,45,47,-214.19444874549532
world_model_cem,45,48,-222.36294878394472
world_model_cem,45,49,-250.87297748415065
world_model_cem,45,50,-262.1730827408418
world_model_cem,45,51,-238.62288242230616
world_model_cem,45,52,-252.85516296369437
world_model_cem,45,53,-293.356828267672
world_model_cem,45,54,-259.3186372255933
world_model_cem,45,55,-224.91322997275157
world_model_cem,45,56,-218.23894795322482
world_model_cem,45,57,-249.80988703566328
world_model_cem,45,58,-210.8647351988969
world_model_cem,45,59,-220.61166965219692
world_model_cem,45,60,-240.2350992202646
world_model_cem,45,61,-221.02253321191358
world_model_cem,45,62,-258.5055341279615
world_model_cem,45,63,-217.71238109537614
world_model_cem,45,64,-255.6594870513253
world_model_cem,45,65,-224.53673142937458
world_model_cem,45,66,-224.08315441254462
world_model_cem,45,67,-261.21416670616827
world_model_cem,45,68,-265.0504772644963
world_model_cem,45,69,-228.95598386160043
world_model_cem,45,70,-233.5310182037926
world_model_cem,45,71,-243.21853712792114
world_model_cem,45,72,-240.8363422530531
world_model_cem,45,73,-243.65477761970936
world_model_cem,45,74,-265.040350878765
world_model_cem,45,75,-249.11527412023415
world_model_cem,45,76,-263.8736882274609
world_model_cem,45,77,-252.30502425361374
world_model_cem,45,78,-244.70511467284177
world_model_cem,45,79,-289.7564424505476
world_model_cem,45,80,-246.9268248330116
world_model_cem,45,81,-307.3620591059702
world_model_cem,45,82,-271.2746763996005
world_model_cem,45,83,-278.68019374519326
world_model_cem,45,84,-304.65769333484104
world_model_cem,45,85,-266.70811896050543
world_model_cem,45,86,-297.0379939636284
world_model_cem,45,87,-247.06743007087218
world_model_cem,45,88,-263.7099797099072
world_model_cem,45,89,-262.94962879762727
world_model_cem,45,90,-269.65770675960744
world_model_cem,45,91,-293.7086127600265
world_model_cem,45,92,-319.6635867295982
world_model_cem,45,93,-220.8684077141042
world_model_cem,45,94,-260.2221703776288
world_model_cem,45,95,-263.3277135108864
world_model_cem,45,96,-227.00809188365582
world_model_cem,45,97,-291.82412264655704
world_model_cem,45,98,-219.92853081050663
world_model_cem,45,99,-251.79878633654192
world_model_cem,45,100,-230.95055865351827
world_model_cem,45,101,-281.22249471477403
world_model_cem,45,102,-249.20107419652896
world_model_cem,45,103,-215.02354633866355
world_model_cem,45,104,-226.27865894145106
world_model_cem,45,105,-261.9370370439108
world_model_cem,45,106,-226.6179697825291
world_model_cem,45,107,-224.50313558877968
world_model_cem,45,108,-241.0678870031263
world_model_cem,45,109,-288.0358361293919
world_model_cem,45,110,-260.6052385416416
world_model_cem,45,111,-264.7524948724886
world_model_cem,45,112,-285.9274822769271
world_model_cem,45,113,-334.9964288009078
world_model_cem,45,114,-323.88151263802456
world_model_cem,45,115,-309.16505881887736
world_model_cem,45,116,-257.087283925719
world_model_cem,45,117,-246.83310890969062
world_model_cem,45,118,-244.7945486906405
world_model_cem,45,119,-256.5943081611336
world_model_cem,45,120,-308.08179460505687
world_model_cem,45,121,-355.0912109206002
world_model_cem,45,122,-300.6584275813325
world_model_cem,45,123,-233.4207753503568
world_model_cem,45,124,-242.8587086866581
world_model_cem,45,125,-207.37300313585774
world_model_cem,45,126,-263.1714686016164
world_model_cem,45,127,-283.8630161171822
world_model_cem,45,128,-246.98963050700422
world_model_cem,45,129,-189.60090233469992
world_model_cem,45,130,-183.3698833511487
world_model_cem,45,131,-170.47856268245698
world_model_cem,45,132,-237.28738370021875
world_model_cem,45,133,-245.44891967031103
world_model_cem,45,134,-287.02605209744996
world_model_cem,45,135,-252.99813252681116
world_model_cem,45,136,-219.11454977390068
world_model_cem,45,137,-217.38215087702147
world_model_cem,45,138,-204.4642750504389
world_model_cem,45,139,-272.67438456838636
world_model_cem,45,140,-305.20703422723057
world_model_cem,45,141,-298.66018416117544
world_model_cem,45,142,-295.26371280143917
world_model_cem,45,143,-295.2301109929032
world_model_cem,45,144,-286.18150712563613
world_model_cem,45,145,-298.44345292686876
world_model_cem,45,146,-284.1303022328435
world_model_cem,45,147,-285.0994665141685
world_model_cem,45,148,-273.8029356969756
world_model_cem,45,149,-271.45507689409595
world_model_cem,45,150,-279.2004081971359
world_model_cem,45,151,-267.7999784328574
world_model_cem,45,152,-281.7450766458031
world_model_cem,45,153,-284.8787739857473
world_model_cem,45,154,-277.0518208321256
world_model_cem,45,155,-272.15290967575777
world_model_cem,45,156,-273.38035258887464
world_model_cem,45,157,-261.0710872598398
world_model_cem,45,158,-267.66146813382437
world_model_cem,45,159,-264.5284717057803
world_model_cem,45,160,-253.19239434337607
world_model_cem,45,161,-254.86139555981796
world_model_cem,45,162,-265.5883889303721
world_model_cem,45,163,-265.77990774082207
world_model_cem,45,164,-270.03042582144883
world_model_cem,45,165,-276.933661453191
world_model_cem,45,166,-280.65539256059276
world_model_cem,45,167,-277.7401311352117
world_model_cem,45,168,-283.4894905439486
world_model_cem,45,169,-293.10858504187286
world_model_cem,45,170,-295.6364211961959
world_model_cem,45,171,-295.8784926347083
world_model_cem,45,172,-299.9845359969358
world_model_cem,45,173,-297.5756493594476
world_model_cem,45,174,-306.46919642202124
world_model_cem,45,175,-306.3446269518373
world_model_cem,45,176,-294.39817243724616
world_model_cem,45,177,-293.2475087276642
world_model_cem,45,178,-291.3465480060092
world_model_cem,45,179,-296.74317200243945
world_model_cem,45,180,-289.8994912641271
world_model_cem,45,181,-281.2079488740096
world_model_cem,45,182,-270.71848773127067
world_model_cem,45,183,-268.6909742613174
world_model_cem,45,184,-261.9935902376174
world_model_cem,45,185,-263.22127832918613
world_model_cem,45,186,-264.7916072604354
world_model_cem,45,187,-261.0842767285735
world_model_cem,45,188,-261.1764315157076
world_model_cem,45,189,-264.56552538480696
world_model_cem,45,190,-273.05881398843155
world_model_cem,45,191,-273.3171439312949
world_model_cem,45,192,-268.7949648350869
world_model_cem,45,193,-288.2359923852296
world_model_cem,45,194,-280.93707404828353
world_model_cem,45,195,-293.3070561749447
world_model_cem,45,196,-291.3124196919222
world_model_cem,45,197,-280.42522746377284
world_model_cem,45,198,-296.1387088038583
world_model_cem,45,199,-296.9123466516771
world_model_cem,45,200,-282.0313419606072
world_model_cem,45,201,-292.0857453706177
world_model_cem,45,202,-292.74331604750944
world_model_cem,45,203,-288.4379007841576
world_model_cem,45,204,-284.93245986606644
world_model_cem,45,205,-285.3527637374242
world_model_cem,45,206,-288.89402896379806
world_model_cem,45,207,-291.90163923309103
world_model_cem,45,208,-275.73330940454787
world_model_cem,45,209,-280.2974650506535
world_model_cem,45,210,-274.0300564910308
world_model_cem,45,211,-268.9609096206323
world_model_cem,45,212,-270.01910054362673
world_model_cem,45,213,-265.0750491641784
world_model_cem,45,214,-262.4596958136806
world_model_cem,45,215,-250.34711982876388
world_model_cem,45,216,-256.52873461107913
world_model_cem,45,217,-258.95639420130954
world_model_cem,45,218,-254.23732683549775
world_model_cem,45,219,-264.3167334757487
world_model_cem,45,220,-265.11822232311647
world_model_cem,45,221,-270.62960929961787
world_model_cem,45,222,-274.0622814875089
world_model_cem,45,223,-274.401669023208
world_model_cem,45,224,-284.1415457672788
world_model_cem,45,225,-279.9988338694708
world_model_cem,45,226,-290.3322622310625
world_model_cem,45,227,-294.2841364491943
world_model_cem,45,228,-293.13649598975815
world_model_cem,45,229,-302.620591038831
world_model_cem,45,230,-290.16818266229313
world_model_cem,45,231,-282.4921170413604
world_model_cem,45,232,-286.9173117981973
world_model_cem,45,233,-289.83276546312385
world_model_cem,45,234,-294.2504045977845
world_model_cem,45,235,-286.9107294923582
world_model_cem,45,236,-282.0160321873045
world_model_cem,45,237,-279.4999366838935
world_model_cem,45,238,-271.05368569060886
world_model_cem,45,239,-269.41583396311125
world_model_cem,45,240,-262.0390951488342
world_model_cem,45,241,-259.120150210687
world_model_cem,45,242,-262.1844800533229
world_model_cem,45,243,-264.9691435622588
world_model_cem,45,244,-256.71110952069455
world_model_cem,45,245,-251.8345848625423
world_model_cem,45,246,-254.400700119387
world_model_cem,45,247,-257.54192550141306
world_model_cem,45,248,-256.8162729037085
world_model_cem,45,249,-264.472936633653
world_model_cem,45,250,-261.5519880438247
world_model_cem,45,251,-268.70685756543304
world_model_cem,45,252,-283.18266672016347
world_model_cem,45,253,-289.52890209513214
world_model_cem,45,254,-289.7203881041624
world_model_cem,45,255,-292.22123885206025
world_model_cem,45,256,-296.8632975518971
world_model_cem,45,257,-302.84635797371527
world_model_cem,45,258,-290.9987192643306
world_model_cem,45,259,-297.12711085209503
world_model_cem,45,260,-289.39730407676063
world_model_cem,45,261,-288.2206728159574
world_model_cem,45,262,-287.37205445443817
world_model_cem,45,263,-292.8650514841495
world_model_cem,45,264,-287.3390241222236
world_model_cem,45,265,-285.1695380268343
world_model_cem,45,266,-276.5956662294153
world_model_cem,45,267,-277.2948414194464
world_model_cem,45,268,-273.7283806093062
world_model_cem,45,269,-256.9587210250337
world_model_cem,45,270,-258.95769731448746
world_model_cem,45,271,-249.84885254844278
world_model_cem,45,272,-253.73922618153637
world_model_cem,45,273,-255.8050747717198
world_model_cem,45,274,-253.7270655955941
world_model_cem,45,275,-251.37115177624452
world_model_cem,45,276,-254.08685708678723
world_model_cem,45,277,-261.2526363505193
world_model_cem,45,278,-261.2504302305647
world_model_cem,45,279,-269.2949510607702
world_model_cem,45,280,-266.46212676336876
world_model_cem,45,281,-277.7700568570001
world_model_cem,45,282,-282.497998805128
world_model_cem,45,283,-289.3734578282263
world_model_cem,45,284,-294.0257919223207
world_model_cem,45,285,-297.7860787740948
world_model_cem,45,286,-296.5381626580953
world_model_cem,45,287,-289.5630013608258
world_model_cem,45,288,-290.34221340292544
world_model_cem,45,289,-293.236584480945
world_model_cem,45,290,-293.2162275561783
world_model_cem,45,291,-290.27394003340527
world_model_cem,45,292,-295.54137839592147
world_model_cem,45,293,-279.24054166059216
world_model_cem,45,294,-280.72338803521325
world_model_cem,45,295,-284.5753043150471
world_model_cem,45,296,-278.87924122069205
world_model_cem,45,297,-274.21509457735556
world_model_cem,45,298,-265.29307422972994
world_model_cem,45,299,-267.3651280316684
world_model_cem,45,300,-258.64183335210294
world_model_cem,45,301,-256.3047134250829
world_model_cem,45,302,-255.7318380124095
world_model_cem,45,303,-252.37118032164722
world_model_cem,45,304,-254.43876112533576
world_model_cem,45,305,-252.60956579074218
world_model_cem,45,306,-256.50982376497393
world_model_cem,45,307,-249.68984215017213
world_model_cem,45,308,-261.710372814868
world_model_cem,45,309,-260.1275021919704
world_model_cem,45,310,-262.30077377113946
world_model_cem,45,311,-285.35069796897255
world_model_cem,45,312,-278.16854122915163
world_model_cem,45,313,-282.5889079590607
world_model_cem,45,314,-288.4299963370476
world_model_cem,45,315,-297.02303069647667
world_model_cem,45,316,-293.7599378169344
world_model_cem,45,317,-286.0075725397578
world_model_cem,45,318,-290.5764198897309
world_model_cem,45,319,-297.97678813251497
world_model_cem,45,320,-292.81682887714004
world_model_cem,45,321,-303.40668296576723
world_model_cem,45,322,-283.0185986686292
world_model_cem,45,323,-294.1229930871469
world_model_cem,45,324,-293.5245143113455
world_model_cem,45,325,-291.83796223170486
world_model_cem,45,326,-292.11483157298187
world_model_cem,45,327,-284.85478199887183
world_model_cem,45,328,-288.1419039446156
world_model_cem,45,329,-284.6496329316377
world_model_cem,45,330,-264.8847062141808
world_model_cem,45,331,-275.6539937183028
world_model_cem,45,332,-280.16653624613457
world_model_cem,45,333,-279.453357544305
world_model_cem,45,334,-278.7349093143382
world_model_cem,45,335,-272.04193975790616
world_model_cem,45,336,-275.8556121079457
world_model_cem,45,337,-275.9689686421865
world_model_cem,45,338,-276.9026677637985
world_model_cem,45,339,-276.9916352214681
world_model_cem,45,340,-273.123549048896
world_model_cem,45,341,-277.94397381491945
world_model_cem,45,342,-282.4756405022174
world_model_cem,45,343,-289.8767891330099
world_model_cem,45,344,-293.1771443764304
world_model_cem,45,345,-292.47864947313064
world_model_cem,45,346,-290.2299686466906
world_model_cem,45,347,-287.47887949960693
world_model_cem,45,348,-283.2780739847497
world_model_cem,45,349,-289.0542073385554
world_model_cem,45,350,-288.6916369663443
world_model_cem,45,351,-285.49209316665497
world_model_cem,45,352,-295.2197501317061
world_model_cem,45,353,-295.41480480768945
world_model_cem,45,354,-292.77227706938095
world_model_cem,45,355,-285.576587862015
world_model_cem,45,356,-286.611100354156
world_model_cem,45,357,-287.7804996879977
world_model_cem,45,358,-288.1028250825086
world_model_cem,45,359,-273.25472229017157
world_model_cem,45,360,-280.86955581512996
world_model_cem,45,361,-279.38406333766113
world_model_cem,45,362,-278.8828361670181
world_model_cem,45,363,-282.0052241215176
world_model_cem,45,364,-282.0900857416051
world_model_cem,45,365,-279.86737132243
world_model_cem,45,366,-277.1857770259781
world_model_cem,45,367,-280.25372266989274
world_model_cem,45,368,-281.12262651930325
world_model_cem,45,369,-290.60178629657764
world_model_cem,45,370,-279.83560453808286
world_model_cem,45,371,-272.4168909322917
world_model_cem,45,372,-279.85683243859523
world_model_cem,45,373,-284.310430257576
world_model_cem,45,374,-283.36003122248883
world_model_cem,45,375,-294.9277031705151
world_model_cem,45,376,-284.80964978282105
world_model_cem,45,377,-282.4643224583899
world_model_cem,45,378,-276.6507793948946
world_model_cem,45,379,-280.3327523036145
world_model_cem,45,380,-282.53853186293816
world_model_cem,45,381,-289.7293709976469
world_model_cem,45,382,-281.46956450456906
world_model_cem,45,383,-289.8725025484
world_model_cem,45,384,-277.5498389382632
world_model_cem,45,385,-278.80154855774924
world_model_cem,45,386,-290.2282105507962
world_model_cem,45,387,-280.96559977782056
world_model_cem,45,388,-276.13236893057126
world_model_cem,45,389,-279.9911086285153
world_model_cem,45,390,-288.4650520889378
world_model_cem,45,391,-269.6066010653366
world_model_cem,45,392,-276.7293243732763
world_model_cem,45,393,-288.31010131536175
world_model_cem,45,394,-286.6472239876744
world_model_cem,45,395,-280.732883057088
world_model_cem,45,396,-278.0483300613288
world_model_cem,45,397,-276.3471191513145
world_model_cem,45,398,-278.32531333566413
world_model_cem,45,399,-283.67430572926884
world_model_cem,45,400,-283.28311738091384
world_model_cem,45,401,-287.85005209493204
world_model_cem,45,402,-278.4626402427076
world_model_cem,45,403,-280.3411281883456
world_model_cem,45,404,-291.77386463991735
world_model_cem,45,405,-280.4007691983978
world_model_cem,45,406,-274.664047023749
world_model_cem,45,407,-281.5617895449435
world_model_cem,45,408,-290.9452911330087
world_model_cem,45,409,-283.92941135952213
world_model_cem,45,410,-289.79698077784644
world_model_cem,45,411,-272.9788095140024
world_model_cem,45,412,-286.3948351767072
world_model_cem,45,413,-286.5038145898276
world_model_cem,45,414,-287.44452482717116
world_model_cem,45,415,-284.9003725636966
world_model_cem,45,416,-284.352718218731
world_model_cem,45,417,-284.46991878252817
world_model_cem,45,418,-284.9374207131166
world_model_cem,45,419,-273.98691505106905
world_model_cem,45,420,-280.34384503480857
world_model_cem,45,421,-283.2821434767302
world_model_cem,45,422,-272.5334080846322
world_model_cem,45,423,-280.35722788892724
world_model_cem,45,424,-280.11456938926636
world_model_cem,45,425,-284.600332375129
world_model_cem,45,426,-285.1997194452978
world_model_cem,45,427,-274.68090450494833
world_model_cem,45,428,-288.4995050917325
world_model_cem,45,429,-284.8025190140891
world_model_cem,45,430,-287.2319366208156
world_model_cem,45,431,-284.6727491522265
world_model_cem,45,432,-284.59533617088204
world_model_cem,45,433,-287.8574922455788
world_model_cem,45,434,-283.19199119030054
world_model_cem,45,435,-270.9456615476655
world_model_cem,45,436,-280.20760799689185
world_model_cem,45,437,-274.2340866547868
world_model_cem,45,438,-283.5609676171291
world_model_cem,45,439,-274.7324121514125
world_model_cem,45,440,-289.89216700896293
world_model_cem,45,441,-284.03426597394554
world_model_cem,45,442,-279.5595207971275
world_model_cem,45,443,-288.35963817684126
world_model_cem,45,444,-288.20243736216145
world_model_cem,45,445,-293.1847253864834
world_model_cem,45,446,-281.97438396123255
world_model_cem,45,447,-285.86552473318113
world_model_cem,45,448,-282.4872327504812
world_model_cem,45,449,-277.2155242388761
world_model_cem,45,450,-280.6194465639989
world_model_cem,45,451,-270.2661303011494
world_model_cem,45,452,-279.02912944598654
world_model_cem,45,453,-270.5887186139305
world_model_cem,45,454,-273.7631807450039
world_model_cem,45,455,-278.4915297100758
world_model_cem,45,456,-273.1368594857191
world_model_cem,45,457,-275.4844724440842
world_model_cem,45,458,-287.99785855708353
world_model_cem,45,459,-284.55851183802235
world_model_cem,45,460,-288.5940283579989
world_model_cem,45,461,-281.1044056118409
world_model_cem,45,462,-272.5920679641211
world_model_cem,45,463,-292.7833423944189
world_model_cem,45,464,-289.61546436146864
world_model_cem,45,465,-280.81174816238126
world_model_cem,45,466,-288.65533948887446
world_model_cem,45,467,-287.1108041609509
world_model_cem,45,468,-278.967888580302
world_model_cem,45,469,-278.70181682781504
world_model_cem,45,470,-283.9196504302781
world_model_cem,45,471,-277.41497142094585
world_model_cem,45,472,-285.5632333096668
world_model_cem,45,473,-279.6186591074319
world_model_cem,45,474,-282.8887086964312
world_model_cem,45,475,-278.282893737525
world_model_cem,45,476,-284.9445060866432
world_model_cem,45,477,-283.91949315572907
world_model_cem,45,478,-280.0579535480315
world_model_cem,45,479,-283.9047987798016
world_model_cem,45,480,-285.58934639065956
world_model_cem,45,481,-282.90640718681124
world_model_cem,45,482,-280.12302708518905
world_model_cem,45,483,-280.60867010683273
world_model_cem,45,484,-279.1998906545029
world_model_cem,45,485,-284.8650958864416
world_model_cem,45,486,-287.99975704716167
world_model_cem,45,487,-285.75093891099374
world_model_cem,45,488,-282.1204910315397
world_model_cem,45,489,-282.041792054113
world_model_cem,45,490,-282.60677201134683
world_model_cem,45,491,-286.87174190262255
world_model_cem,45,492,-285.2886978661658
world_model_cem,45,493,-279.9305045472627
world_model_cem,45,494,-283.2823217351189
world_model_cem,45,495,-279.0465449262751
world_model_cem,45,496,-281.6466392428514
world_model_cem,45,497,-280.51654954852256
world_model_cem,45,498,-275.5851943624385
world_model_cem,45,499,-283.3051603754478
world_model_cem,45,500,-273.90280663744704
world_model_cem,45,501,-284.8769280720075
world_model_cem,45,502,-282.025849429656
world_model_cem,45,503,-289.5724996152577
world_model_cem,45,504,-286.03458028245547
world_model_cem,45,505,-289.2372477782724
world_model_cem,45,506,-285.2078563812011
world_model_cem,45,507,-285.1863733577637
world_model_cem,45,508,-280.755478405606
world_model_cem,45,509,-281.73915074592173
world_model_cem,45,510,-275.07418393854846
world_model_cem,45,511,-280.71625169206607
world_model_cem,45,512,-283.7067518985839
world_model_cem,45,513,-285.12403337997654
world_model_cem,45,514,-284.1839896246197
world_model_cem,45,515,-273.96122213213306
world_model_cem,45,516,-280.19029348493893
world_model_cem,45,517,-283.8420170451751
world_model_cem,45,518,-290.3862999305602
world_model_cem,45,519,-288.79008215738133
world_model_cem,45,520,-295.44972528138544
world_model_cem,45,521,-286.7221076188262
world_model_cem,45,522,-276.5838180187087
world_model_cem,45,523,-280.9703201196823
world_model_cem,45,524,-272.09306628982927
world_model_cem,45,525,-276.46586996245435
world_model_cem,45,526,-282.70022059896917
world_model_cem,45,527,-285.37059809180244
world_model_cem,45,528,-283.1440102820677
world_model_cem,45,529,-282.0327954653965
world_model_cem,45,530,-278.54467231136374
world_model_cem,45,531,-275.77435815500155
world_model_cem,45,532,-280.75870298770815
world_model_cem,45,533,-288.91925675909846
world_model_cem,45,534,-287.1235884966552
world_model_cem,45,535,-291.8150093367324
world_model_cem,45,536,-281.8466898120449
world_model_cem,45,537,-273.9972179809187
world_model_cem,45,538,-281.7327076206632
world_model_cem,45,539,-281.7107555014594
world_model_cem,45,540,-279.88777592500514
world_model_cem,45,541,-284.94780206496097
world_model_cem,45,542,-289.44159689025486
world_model_cem,45,543,-272.7030870210745
world_model_cem,45,544,-286.4847046863964
world_model_cem,45,545,-282.63148514548783
world_model_cem,45,546,-283.7586670101439
world_model_cem,45,547,-284.59025369442804
world_model_cem,45,548,-276.96815897190413
world_model_cem,45,549,-279.345492651605
world_model_cem,45,550,-273.9903630023716
world_model_cem,45,551,-287.9139711769826
world_model_cem,45,552,-283.4138216421134
world_model_cem,45,553,-282.124691977631
world_model_cem,45,554,-278.0076437569485
world_model_cem,45,555,-286.91768606719825
world_model_cem,45,556,-281.21050158766496
world_model_cem,45,557,-280.1892345077325
world_model_cem,45,558,-288.3657119510226
world_model_cem,45,559,-275.9263844380958
world_model_cem,45,560,-275.9673967592714
world_model_cem,45,561,-275.4040066002735
world_model_cem,45,562,-285.4897203869864
world_model_cem,45,563,-287.0517378433838
world_model_cem,45,564,-284.0688940122673
world_model_cem,45,565,-288.98549852083784
world_model_cem,45,566,-284.98647822335596
world_model_cem,45,567,-283.0734151205893
world_model_cem,45,568,-275.32864276075134
world_model_cem,45,569,-288.7900754651343
world_model_cem,45,570,-283.0056477737193
world_model_cem,45,571,-282.0953763896806
world_model_cem,45,572,-279.32325147264515
world_model_cem,45,573,-285.34381685939326
world_model_cem,45,574,-281.64159425494006
world_model_cem,45,575,-286.2752349947136
world_model_cem,45,576,-283.0952818159507
world_model_cem,45,577,-290.51389971881076
world_model_cem,45,578,-284.93002864107484
world_model_cem,45,579,-282.82035492015154
world_model_cem,45,580,-283.192379949014
world_model_cem,45,581,-285.68493666621674
world_model_cem,45,582,-279.66678525929314
world_model_cem,45,583,-272.0140978990045
world_model_cem,45,584,-281.1007910619637
world_model_cem,45,585,-282.14877958105177
world_model_cem,45,586,-278.7272839282055
world_model_cem,45,587,-273.0151311742453
world_model_cem,45,588,-287.4003991890428
world_model_cem,45,589,-274.6382430270222
world_model_cem,45,590,-279.57561461847206
world_model_cem,45,591,-287.12081522435477
world_model_cem,45,592,-284.6188182934962
world_model_cem,45,593,-277.32470295239966
world_model_cem,45,594,-285.4647961823134
world_model_cem,45,595,-286.86388321637565
world_model_cem,45,596,-290.99244164005665
world_model_cem,45,597,-290.5447734894818
world_model_cem,45,598,-289.7701158240046
world_model_cem,45,599,-282.013948317034
world_model_cem,45,600,-282.7581453185598
world_model_cem,45,601,-288.2489196388162
world_model_cem,45,602,-289.4538190171119
world_model_cem,45,603,-282.93823216033616
world_model_cem,45,604,-285.8117891986704
world_model_cem,45,605,-278.7397677849002
world_model_cem,45,606,-279.89149194590624
world_model_cem,45,607,-280.24699869852304
world_model_cem,45,608,-280.42013965728904
world_model_cem,45,609,-269.42718450847815
world_model_cem,45,610,-275.1446266873827
world_model_cem,45,611,-281.2130562888401
world_model_cem,45,612,-279.4827710858547
world_model_cem,45,613,-280.6774685746619
world_model_cem,45,614,-283.234456696047
world_model_cem,45,615,-282.73487838242823
world_model_cem,45,616,-275.93950090518683
world_model_cem,45,617,-276.82945305627777
world_model_cem,45,618,-293.5765130307799
world_model_cem,45,619,-282.81096229001685
world_model_cem,45,620,-282.2679075837211
world_model_cem,45,621,-293.22494515527524
world_model_cem,45,622,-280.7249507192432
world_model_cem,45,623,-288.29040369635237
world_model_cem,45,624,-280.0691252120839
world_model_cem,45,625,-290.5376639588477
world_model_cem,45,626,-287.6040425095112
world_model_cem,45,627,-289.9175945936553
world_model_cem,45,628,-283.4951288368885
world_model_cem,45,629,-284.253654769513
world_model_cem,45,630,-279.9376753762393
world_model_cem,45,631,-281.30088853198004
world_model_cem,45,632,-283.04157607421774
world_model_cem,45,633,-281.5554223201797
world_model_cem,45,634,-266.9837469562289
world_model_cem,45,635,-278.98560659728173
world_model_cem,45,636,-281.8180977497865
world_model_cem,45,637,-273.3207105738759
world_model_cem,45,638,-268.83527521847134
world_model_cem,45,639,-275.6708800502927
world_model_cem,45,640,-282.3663482571411
world_model_cem,45,641,-280.32914931848114
world_model_cem,45,642,-271.88110619971343
world_model_cem,45,643,-274.37009730094286
world_model_cem,45,644,-286.0068124780952
world_model_cem,45,645,-282.56032533975764
world_model_cem,45,646,-286.9462951770841
world_model_cem,45,647,-288.7710283311187
world_model_cem,45,648,-288.2522142323751
world_model_cem,45,649,-286.34765256196295
world_model_cem,45,650,-268.974238625462
world_model_cem,45,651,-281.55743716456413
world_model_cem,45,652,-291.45909783067975
world_model_cem,45,653,-293.7170801882297
world_model_cem,45,654,-293.9289508427095
world_model_cem,45,655,-289.6541068001181
world_model_cem,45,656,-281.43504410638707
world_model_cem,45,657,-281.38530521624114
world_model_cem,45,658,-278.54082909802935
world_model_cem,45,659,-280.84807605137183
world_model_cem,45,660,-279.33178114870196
world_model_cem,45,661,-282.05402782213366
world_model_cem,45,662,-271.6064368024724
world_model_cem,45,663,-280.4039954015668
world_model_cem,45,664,-273.9169166226384
world_model_cem,45,665,-280.211829183048
world_model_cem,45,666,-277.9052959061731
world_model_cem,45,667,-281.0486730904129
world_model_cem,45,668,-278.84304330394144
world_model_cem,45,669,-282.5478265112036
world_model_cem,45,670,-275.351705356489
world_model_cem,45,671,-285.3429807887076
world_model_cem,45,672,-283.6738904708796
world_model_cem,45,673,-288.00215882425
world_model_cem,45,674,-290.53497668126175
world_model_cem,45,675,-282.10837322327495
world_model_cem,45,676,-291.0133613110463
world_model_cem,45,677,-283.98519795905077
world_model_cem,45,678,-288.96125154411004
world_model_cem,45,679,-285.2741821626135
world_model_cem,45,680,-274.66306020181423
world_model_cem,45,681,-286.13120070498326
world_model_cem,45,682,-285.47391193104727
world_model_cem,45,683,-281.48873246653864
world_model_cem,45,684,-277.9747407364145
world_model_cem,45,685,-280.0442241271876
world_model_cem,45,686,-278.42614969845056
world_model_cem,45,687,-288.1733520900476
world_model_cem,45,688,-289.4197222044627
world_model_cem,45,689,-284.6964394127928
world_model_cem,45,690,-286.8192826540403
world_model_cem,45,691,-282.20712393139075
world_model_cem,45,692,-279.08022961528263
world_model_cem,45,693,-282.54159725281534
world_model_cem,45,694,-282.4242926071218
world_model_cem,45,695,-283.4791349905215
world_model_cem,45,696,-280.4413986579085
world_model_cem,45,697,-285.89027071683694
world_model_cem,45,698,-284.56891629010806
world_model_cem,45,699,-285.55096469864594
world_model_cem,45,700,-285.70817405765507
world_model_cem,45,701,-283.0717858255374
world_model_cem,45,702,-287.3658636265017
world_model_cem,45,703,-283.9825026791524
world_model_cem,45,704,-284.18616910785585
world_model_cem,45,705,-288.8573326008357
world_model_cem,45,706,-287.99944787061185
world_model_cem,45,707,-280.19009028620746
world_model_cem,45,708,-284.9092346205753
world_model_cem,45,709,-292.1047023536032
world_model_cem,45,710,-275.6517779088284
world_model_cem,45,711,-291.2938991364947
world_model_cem,45,712,-284.81226334634005
world_model_cem,45,713,-291.4806483603393
world_model_cem,45,714,-273.1952180031028
world_model_cem,45,715,-286.34065292948014
world_model_cem,45,716,-280.1525946106925
world_model_cem,45,717,-281.48897507153714
world_model_cem,45,718,-280.8895035984714
world_model_cem,45,719,-282.39564634662173
world_model_cem,45,720,-287.3663782481795
world_model_cem,45,721,-276.8105113061664
world_model_cem,45,722,-284.97059746050144
world_model_cem,45,723,-286.3138102876167
world_model_cem,45,724,-287.58426359274
world_model_cem,45,725,-279.3031566908746
world_model_cem,45,726,-283.25868826154795
world_model_cem,45,727,-284.0455664475144
world_model_cem,45,728,-288.5317048533986
world_model_cem,45,729,-287.03526324852714
world_model_cem,45,730,-282.5705276109814
world_model_cem,45,731,-284.0862545231232
world_model_cem,45,732,-288.266705164558
world_model_cem,45,733,-280.79178685240333
world_model_cem,45,734,-287.13210455372257
world_model_cem,45,735,-283.0346025247821
world_model_cem,45,736,-273.09170401187004
world_model_cem,45,737,-285.9289995891293
world_model_cem,45,738,-282.26274176067744
world_model_cem,45,739,-282.5269531522296
world_model_cem,45,740,-276.6406779003963
world_model_cem,45,741,-283.25633434674916
world_model_cem,45,742,-287.9800368523344
world_model_cem,45,743,-284.31395611888126
world_model_cem,45,744,-281.7198510053519
world_model_cem,45,745,-271.5934345839694
world_model_cem,45,746,-285.1137257745881
world_model_cem,45,747,-282.4543047134553
world_model_cem,45,748,-283.05444184892747
world_model_cem,45,749,-272.50403061345764
world_model_cem,45,750,-281.6916901791444
world_model_cem,45,751,-288.28543870444804
world_model_cem,45,752,-285.1588555369935
world_model_cem,45,753,-285.83267921062316
world_model_cem,45,754,-284.4614955023128
world_model_cem,45,755,-280.7264541909032
world_model_cem,45,756,-281.5178890845716
world_model_cem,45,757,-285.46251972792487
world_model_cem,45,758,-282.7579774957792
world_model_cem,45,759,-287.8783214064914
world_model_cem,45,760,-290.00603383683426
world_model_cem,45,761,-286.89727547245076
world_model_cem,45,762,-283.8345311992116
world_model_cem,45,763,-278.8741995750639
world_model_cem,45,764,-280.0303719823475
world_model_cem,45,765,-285.1790966607217
world_model_cem,45,766,-279.74223269309823
world_model_cem,45,767,-280.9366434882976
world_model_cem,45,768,-275.5408982892756
world_model_cem,45,769,-278.4315596088032
world_model_cem,45,770,-286.0268090725127
world_model_cem,45,771,-284.85587188253646
world_model_cem,45,772,-291.4786314283216
world_model_cem,45,773,-279.2703503463784
world_model_cem,45,774,-282.995789579695
world_model_cem,45,775,-280.973551164125
world_model_cem,45,776,-275.0424893282668
world_model_cem,45,777,-276.7727998546021
world_model_cem,45,778,-261.6113205296759
world_model_cem,45,779,-286.42271088294825
world_model_cem,45,780,-283.4396221939904
world_model_cem,45,781,-282.84819559651845
world_model_cem,45,782,-285.6218778421657
world_model_cem,45,783,-289.06756225336983
world_model_cem,45,784,-288.2913909279283
world_model_cem,45,785,-281.56918105815464
world_model_cem,45,786,-283.6427974894327
world_model_cem,45,787,-286.15191382636135
world_model_cem,45,788,-279.7964406482704
world_model_cem,45,789,-287.04421094049485
world_model_cem,45,790,-281.08332485471504
world_model_cem,45,791,-278.1706979984217
world_model_cem,45,792,-286.8904607746916
world_model_cem,45,793,-285.4617722823374
world_model_cem,45,794,-279.4896423562581
world_model_cem,45,795,-281.55450439888483
world_model_cem,45,796,-282.018121177579
world_model_cem,45,797,-272.5735460371678
world_model_cem,45,798,-273.9963229640732
world_model_cem,45,799,-276.20219272675126
world_model_cem,45,800,-283.87557991030457
world_model_cem,45,801,-270.91113648983946
world_model_cem,45,802,-283.2555063375541
world_model_cem,45,803,-284.74347372661634
world_model_cem,45,804,-282.3786721134415
world_model_cem,45,805,-286.90110135612997
world_model_cem,45,806,-287.49983693804154
world_model_cem,45,807,-284.99794677760946
world_model_cem,45,808,-286.2173201951978
world_model_cem,45,809,-291.1064801594616
world_model_cem,45,810,-289.60648019878363
world_model_cem,45,811,-276.4986908805314
world_model_cem,45,812,-289.79301806686715
world_model_cem,45,813,-287.20197417515595
world_model_cem,45,814,-274.29456117872934
world_model_cem,45,815,-288.4606832817586
world_model_cem,45,816,-282.4597531039765
world_model_cem,45,817,-288.1037424116326
world_model_cem,45,818,-288.68274055254045
world_model_cem,45,819,-289.0120111379971
world_model_cem,45,820,-280.4351964096296
world_model_cem,45,821,-285.36914105583446
world_model_cem,45,822,-285.4986246592422
world_model_cem,45,823,-283.8456840988788
world_model_cem,45,824,-284.55097473474143
world_model_cem,45,825,-280.2298388983522
world_model_cem,45,826,-278.6665043265391
world_model_cem,45,827,-283.13191762348106
world_model_cem,45,828,-278.4254359250689
world_model_cem,45,829,-270.9587105991079
world_model_cem,45,830,-275.36007081814506
world_model_cem,45,831,-285.9059904800496
world_model_cem,45,832,-281.1324782764923
world_model_cem,45,833,-269.71343595292376
world_model_cem,45,834,-282.7410416836577
world_model_cem,45,835,-285.8686342799743
world_model_cem,45,836,-291.6375898140379
world_model_cem,45,837,-288.3084103574397
world_model_cem,45,838,-282.79246096118396
world_model_cem,45,839,-292.2794000756998
world_model_cem,45,840,-286.96879652449525
world_model_cem,45,841,-292.3469588767618
world_model_cem,45,842,-278.75890230546946
world_model_cem,45,843,-281.89044395192633
world_model_cem,45,844,-284.95671747236815
world_model_cem,45,845,-277.00171230472125
world_model_cem,45,846,-280.49034535456724
world_model_cem,45,847,-273.8491727968841
world_model_cem,45,848,-287.0192156085246
world_model_cem,45,849,-274.2064575527651
world_model_cem,45,850,-279.79757360947553
world_model_cem,45,851,-285.0516572598352
world_model_cem,45,852,-280.74059906511127
world_model_cem,45,853,-283.9336492731322
world_model_cem,45,854,-282.93288752032663
world_model_cem,45,855,-275.314008640206
world_model_cem,45,856,-283.3483280306748
world_model_cem,45,857,-269.1624394353519
world_model_cem,45,858,-277.34169166715833
world_model_cem,45,859,-279.82592196119055
world_model_cem,45,860,-273.3860659675579
world_model_cem,45,861,-279.75848590606023
world_model_cem,45,862,-277.6096522313564
world_model_cem,45,863,-280.3554166807573
world_model_cem,45,864,-277.05655572078945
world_model_cem,45,865,-280.03459053763527
world_model_cem,45,866,-283.7205729518648
world_model_cem,45,867,-282.68080137548105
world_model_cem,45,868,-286.717292206239
world_model_cem,45,869,-285.50456901131133
world_model_cem,45,870,-287.3916474191068
world_model_cem,45,871,-279.24942923170556
world_model_cem,45,872,-288.05892972011327
world_model_cem,45,873,-291.4246965614413
world_model_cem,45,874,-288.6874234429408
world_model_cem,45,875,-283.9981668320513
world_model_cem,45,876,-284.3745977151405
world_model_cem,45,877,-280.50627866483484
world_model_cem,45,878,-280.5650585614832
world_model_cem,45,879,-267.4432222806355
world_model_cem,45,880,-278.39779328965926
world_model_cem,45,881,-272.89401972504015
world_model_cem,45,882,-277.0900721808522
world_model_cem,45,883,-271.7439294485254
world_model_cem,45,884,-286.09832456007473
world_model_cem,45,885,-283.17265833089243
world_model_cem,45,886,-279.97751943184704
world_model_cem,45,887,-286.9912844294807
world_model_cem,45,888,-285.20690306406243
world_model_cem,45,889,-287.9259789482463
world_model_cem,45,890,-286.2719715522177
world_model_cem,45,891,-293.22855851820606
world_model_cem,45,892,-285.3239858350261
world_model_cem,45,893,-282.82510566588667
world_model_cem,45,894,-286.0860721105795
world_model_cem,45,895,-279.4939958929983
world_model_cem,45,896,-282.6860804828712
world_model_cem,45,897,-279.19842539348684
world_model_cem,45,898,-290.19266625773594
world_model_cem,45,899,-289.067142240546
world_model_cem,45,900,-287.65096391690474
world_model_cem,45,901,-273.3997591508885
world_model_cem,45,902,-276.79589571409673
world_model_cem,45,903,-271.9847880460867
world_model_cem,45,904,-278.6311266122856
world_model_cem,45,905,-284.6765030065452
world_model_cem,45,906,-280.9410952558241
world_model_cem,45,907,-280.1960614873143
world_model_cem,45,908,-276.80391180760273
world_model_cem,45,909,-288.720502134921
world_model_cem,45,910,-281.856706252359
world_model_cem,45,911,-283.519714073542
world_model_cem,45,912,-281.595568727506
world_model_cem,45,913,-282.9762629117044
world_model_cem,45,914,-286.1776593553669
world_model_cem,45,915,-283.432578889217
world_model_cem,45,916,-290.5820956642576
world_model_cem,45,917,-286.9596797139487
world_model_cem,45,918,-274.28825107895614
world_model_cem,45,919,-282.57171973863205
world_model_cem,45,920,-282.66845711885026
world_model_cem,45,921,-284.47070187395445
world_model_cem,45,922,-286.76578895638283
world_model_cem,45,923,-282.8706950887837
world_model_cem,45,924,-287.14960771678966
world_model_cem,45,925,-280.2011576091461
world_model_cem,45,926,-282.5011739080663
world_model_cem,45,927,-285.7280491834099
world_model_cem,45,928,-287.18228761401144
world_model_cem,45,929,-273.2514625612472
world_model_cem,45,930,-278.6167688772649
world_model_cem,45,931,-283.71533668731615
world_model_cem,45,932,-278.42172522602414
world_model_cem,45,933,-287.5827246853062
world_model_cem,45,934,-281.00689558557934
world_model_cem,45,935,-281.2432147430462
world_model_cem,45,936,-287.8010428005189
world_model_cem,45,937,-282.9248597616495
world_model_cem,45,938,-287.85684306379545
world_model_cem,45,939,-281.30419507203476
world_model_cem,45,940,-269.77417228902783
world_model_cem,45,941,-285.5346108935513
world_model_cem,45,942,-289.8204742847088
world_model_cem,45,943,-287.72477437400164
world_model_cem,45,944,-284.6507360405981
world_model_cem,45,945,-276.05543393307426
world_model_cem,45,946,-281.02587935928665
world_model_cem,45,947,-273.03004343557245
world_model_cem,45,948,-269.24023338760685
world_model_cem,45,949,-286.1278436274746
world_model_cem,45,950,-274.37713521159424
world_model_cem,45,951,-286.3377189510117
world_model_cem,45,952,-285.5759930484363
world_model_cem,45,953,-282.78141976237947
world_model_cem,45,954,-281.84020754611896
world_model_cem,45,955,-285.64480695417143
world_model_cem,45,956,-286.4100557336226
world_model_cem,45,957,-286.429767731875
world_model_cem,45,958,-281.98766866706296
world_model_cem,45,959,-287.83719334683036
world_model_cem,45,960,-283.6084282001476
world_model_cem,45,961,-282.17021581573897
world_model_cem,45,962,-285.1348277285471
world_model_cem,45,963,-283.19516164948374
world_model_cem,45,964,-284.2822901904683
world_model_cem,45,965,-272.5052636161371
world_model_cem,45,966,-281.2365943492232
world_model_cem,45,967,-287.14683380085626
world_model_cem,45,968,-283.3777610269226
world_model_cem,45,969,-279.08907973682517
world_model_cem,45,970,-285.4745985378898
world_model_cem,45,971,-281.68906284118634
world_model_cem,45,972,-275.14817840820155
world_model_cem,45,973,-278.8303824186222
world_model_cem,45,974,-277.62135361327455
world_model_cem,45,975,-278.80938669631723
world_model_cem,45,976,-279.69806751096985
world_model_cem,45,977,-272.548218911004
world_model_cem,45,978,-280.76260926523145
world_model_cem,45,979,-291.2522915294587
world_model_cem,45,980,-286.4268661573855
world_model_cem,45,981,-278.1793518060587
world_model_cem,45,982,-281.991062357777
world_model_cem,45,983,-286.6673787856108
world_model_cem,45,984,-283.837130114717
world_model_cem,45,985,-287.55176056962205
world_model_cem,45,986,-280.48209525250957
world_model_cem,45,987,-286.0065526410849
world_model_cem,45,988,-282.1831694036787
world_model_cem,45,989,-286.73350165318095
world_model_cem,45,990,-277.21048347699116
world_model_cem,45,991,-284.2052766401165
world_model_cem,45,992,-275.76434560630577
world_model_cem,45,993,-273.9582844720079
world_model_cem,45,994,-277.2504834708914
world_model_cem,45,995,-290.55490819379975
world_model_cem,45,996,-288.0518533852092
world_model_cem,45,997,-282.0192381070473
world_model_cem,45,998,-281.86139431803974
world_model_cem,45,999,-287.600604297328
world_model_cem,45,1000,-274.44151640678683
world_model_cem,46,1,-204.15236936930577
world_model_cem,46,2,-196.84313493604225
world_model_cem,46,3,-209.40965853950664
world_model_cem,46,4,-198.59611852563367
world_model_cem,46,5,-194.72137649841034
world_model_cem,46,6,-175.15420833871994
world_model_cem,46,7,-181.1795819765917
world_model_cem,46,8,-167.19247076899512
world_model_cem,46,9,-166.51634573395665
world_model_cem,46,10,-184.55488309341538
world_model_cem,46,11,-188.70813746697024
world_model_cem,46,12,-214.28124718497537
world_model_cem,46,13,-226.38182624327638
world_model_cem,46,14,-213.2692423288841
world_model_cem,46,15,-227.77822299462
world_model_cem,46,16,-256.5745660631918
world_model_cem,46,17,-270.88426547492736
world_model_cem,46,18,-229.79242682176525
world_model_cem,46,19,-261.8632011535674
world_model_cem,46,20,-229.00773316166578
world_model_cem,46,21,-281.30904415721614
world_model_cem,46,22,-225.0812207376633
world_model_cem,46,23,-217.04599346259957
world_model_cem,46,24,-215.9743707946624
world_model_cem,46,25,-200.49182846989294
world_model_cem,46,26,-210.97211891843395
world_model_cem,46,27,-194.37666521890617
world_model_cem,46,28,-199.02798307649857
world_model_cem,46,29,-199.68032703696423
world_model_cem,46,30,-210.67840093094333
world_model_cem,46,31,-195.87049886615966
world_model_cem,46,32,-244.1394639949079
world_model_cem,46,33,-237.5732263102544
world_model_cem,46,34,-228.6801661481734
world_model_cem,46,35,-247.31691431141013
world_model_cem,46,36,-189.43806073868126
world_model_cem,46,37,-198.01964428806556
world_model_cem,46,38,-201.25642429188315
world_model_cem,46,39,-181.23607230584855
world_model_cem,46,40,-175.8994242666924
world_model_cem,46,41,-185.6091958234694
world_model_cem,46,42,-187.16806369434534
world_model_cem,46,43,-203.94144096132376
world_model_cem,46,44,-188.11476805684515
world_model_cem,46,45,-192.1222411287456
world_model_cem,46,46,-250.3935140452391
world_model_cem,46,47,-199.66954255744506
world_model_cem,46,48,-200.98438248764302
world_model_cem,46,49,-253.94570014086247
world_model_cem,46,50,-206.39677241697453
world_model_cem,46,51,-249.45509084314548
world_model_cem,46,52,-228.02866195949736
world_model_cem,46,53,-223.6413441684665
world_model_cem,46,54,-241.6101009565897
world_model_cem,46,55,-274.71007185088075
world_model_cem,46,56,-214.99827121715342
world_model_cem,46,57,-190.65349860905792
world_model_cem,46,58,-197.2721602586816
world_model_cem,46,59,-243.84393250816328
world_model_cem,46,60,-248.65207634568344
world_model_cem,46,61,-191.23966583858876
world_model_cem,46,62,-188.1749165973557
world_model_cem,46,63,-190.58708099076378
world_model_cem,46,64,-221.9641373076612
world_model_cem,46,65,-197.19240652297978
world_model_cem,46,66,-216.69288628921953
world_model_cem,46,67,-190.59815088193952
world_model_cem,46,68,-199.0533678252216
world_model_cem,46,69,-234.6009865408155
world_model_cem,46,70,-227.15639260431624
world_model_cem,46,71,-215.0638456083468
world_model_cem,46,72,-230.75039307570577
world_model_cem,46,73,-232.3354559415976
world_model_cem,46,74,-201.3845074346137
world_model_cem,46,75,-238.13440724418456
world_model_cem,46,76,-184.1365994253198
world_model_cem,46,77,-190.55017396155836
world_model_cem,46,78,-189.69988795301109
world_model_cem,46,79,-192.7466589868047
world_model_cem,46,80,-201.8269248378976
world_model_cem,46,81,-208.0482608515032
world_model_cem,46,82,-206.06196096196777
world_model_cem,46,83,-218.82203767393594
world_model_cem,46,84,-223.89578809831696
world_model_cem,46,85,-204.2317704388831
world_model_cem,46,86,-204.11791935411972
world_model_cem,46,87,-218.80150902141716
world_model_cem,46,88,-249.75309431095513
world_model_cem,46,89,-236.9642482116781
world_model_cem,46,90,-301.4403353193867
world_model_cem,46,91,-270.05020032503137
world_model_cem,46,92,-253.6692140784486
world_model_cem,46,93,-218.2060156928793
world_model_cem,46,94,-198.68880962861465
world_model_cem,46,95,-276.6605192157144
world_model_cem,46,96,-205.2967194488357
world_model_cem,46,97,-182.99475600863548
world_model_cem,46,98,-204.9025034281593
world_model_cem,46,99,-217.45239415754804
world_model_cem,46,100,-238.16591683822824
world_model_cem,46,101,-171.0451177023436
world_model_cem,46,102,-156.1412839193937
world_model_cem,46,103,-204.74737589538063
world_model_cem,46,104,-207.2883214829922
world_model_cem,46,105,-166.14167912378502
world_model_cem,46,106,-234.90162870154046
world_model_cem,46,107,-185.54699370566004
world_model_cem,46,108,-240.54640319976374
world_model_cem,46,109,-220.1664896176237
world_model_cem,46,110,-193.30293190336153
world_model_cem,46,111,-190.58013154299238
world_model_cem,46,112,-191.51113652635385
world_model_cem,46,113,-216.27559829126523
world_model_cem,46,114,-239.40589023461547
world_model_cem,46,115,-215.54619131823443
world_model_cem,46,116,-197.70922586560837
world_model_cem,46,117,-199.32576712898046
world_model_cem,46,118,-208.13767371559854
world_model_cem,46,119,-233.98128620275702
world_model_cem,46,120,-227.42988588745186
world_model_cem,46,121,-241.58214650055777
world_model_cem,46,122,-233.22871053647168
world_model_cem,46,123,-300.0842417233225
world_model_cem,46,124,-285.875098713011
world_model_cem,46,125,-227.5773525645314
world_model_cem,46,126,-290.0716538896454
world_model_cem,46,127,-216.22500972640898
world_model_cem,46,128,-230.70337856705748
world_model_cem,46,129,-234.75538998220094
world_model_cem,46,130,-204.3665921416378
world_model_cem,46,131,-199.09433367575537
world_model_cem,46,132,-196.73737649094346
world_model_cem,46,133,-186.20273222981916
world_model_cem,46,134,-221.357135473546
world_model_cem,46,135,-240.8962466966649
world_model_cem,46,136,-184.03795892589937
world_model_cem,46,137,-227.09190932045703
world_model_cem,46,138,-203.3662696348165
world_model_cem,46,139,-244.30310488003437
world_model_cem,46,140,-284.2545872268904
world_model_cem,46,141,-174.6112128756718
world_model_cem,46,142,-243.01905503438522
world_model_cem,46,143,-171.7567122155632
world_model_cem,46,144,-176.62632487938885
world_model_cem,46,145,-217.2148788561326
world_model_cem,46,146,-176.54932303002593
world_model_cem,46,147,-162.3293578139888
world_model_cem,46,148,-184.0865801630044
world_model_cem,46,149,-188.31386905900678
world_model_cem,46,150,-173.6547708781016
world_model_cem,46,151,-263.3483564005481
world_model_cem,46,152,-174.989851438396
world_model_cem,46,153,-234.1773236727272
world_model_cem,46,154,-272.91189331975113
world_model_cem,46,155,-288.3734439315483
world_model_cem,46,156,-288.6598967516879
world_model_cem,46,157,-285.635728175536
world_model_cem,46,158,-281.5003058693077
world_model_cem,46,159,-284.30085721546874
world_model_cem,46,160,-285.5585228800617
world_model_cem,46,161,-278.46521600147463
world_model_cem,46,162,-261.25136744324703
world_model_cem,46,163,-259.3006214714217
world_model_cem,46,164,-273.2923179204571
world_model_cem,46,165,-270.47061005324724
world_model_cem,46,166,-275.17999227114007
world_model_cem,46,167,-275.2117978607005
world_model_cem,46,168,-266.5466408081487
world_model_cem,46,169,-269.05915899191865
world_model_cem,46,170,-274.61378223632596
world_model_cem,46,171,-263.22629705439925
world_model_cem,46,172,-254.5183172719311
world_model_cem,46,173,-256.5705144952007
world_model_cem,46,174,-250.87513893561146
world_model_cem,46,175,-264.1312766428698
world_model_cem,46,176,-273.2369720923235
world_model_cem,46,177,-269.85094213742946
world_model_cem,46,178,-281.74813769920746
world_model_cem,46,179,-277.46373704791
world_model_cem,46,180,-271.79409883679585
world_model_cem,46,181,-271.5336450686016
world_model_cem,46,182,-271.2847292589451
world_model_cem,46,183,-281.55929129114486
world_model_cem,46,184,-285.2473814883968
world_model_cem,46,185,-278.90345409114207
world_model_cem,46,186,-275.20183546437454
world_model_cem,46,187,-279.19047426571717
world_model_cem,46,188,-287.60124089335653
world_model_cem,46,189,-271.4905305437938
world_model_cem,46,190,-262.60960477222187
world_model_cem,46,191,-273.4274907549177
world_model_cem,46,192,-285.69913535046425
world_model_cem,46,193,-287.9644984347128
world_model_cem,46,194,-282.8929075573002
world_model_cem,46,195,-282.3701808983353
world_model_cem,46,196,-268.28362152000454
world_model_cem,46,197,-266.48477524862903
world_model_cem,46,198,-260.03749191134307
world_model_cem,46,199,-255.01973283078854
world_model_cem,46,200,-256.0725561075123
world_model_cem,46,201,-254.3653925298969
world_model_cem,46,202,-248.64088229685532
world_model_cem,46,203,-254.81866493059903
world_model_cem,46,204,-244.0662213888114
world_model_cem,46,205,-258.95970133943706
world_model_cem,46,206,-263.10390493301406
world_model_cem,46,207,-262.58149119479583
world_model_cem,46,208,-271.6418421020177
world_model_cem,46,209,-273.4365893775115
world_model_cem,46,210,-279.135470122872
world_model_cem,46,211,-283.4913921532317
world_model_cem,46,212,-289.5138255298913
world_model_cem,46,213,-292.35318760109044
world_model_cem,46,214,-285.66122424369297
world_model_cem,46,215,-276.56554541153236
world_model_cem,46,216,-286.6075480235795
world_model_cem,46,217,-289.28419746453585
world_model_cem,46,218,-279.60352437020504
world_model_cem,46,219,-268.22210457114164
world_model_cem,46,220,-265.8683205151236
world_model_cem,46,221,-263.3621100441877
world_model_cem,46,222,-260.0100470223599
world_model_cem,46,223,-264.18171496096176
world_model_cem,46,224,-252.83210526748326
world_model_cem,46,225,-250.71321665988438
world_model_cem,46,226,-251.85071394697303
world_model_cem,46,227,-264.5848169967084
world_model_cem,46,228,-264.67891539903025
world_model_cem,46,229,-266.93608253239154
world_model_cem,46,230,-281.11032377670966
world_model_cem,46,231,-285.91753606369195
world_model_cem,46,232,-275.3799432923389
world_model_cem,46,233,-280.37498805833616
world_model_cem,46,234,-282.3122450571252
world_model_cem,46,235,-283.9880332777799
world_model_cem,46,236,-285.9392142106723
world_model_cem,46,237,-269.8743636775139
world_model_cem,46,238,-282.46489652667026
world_model_cem,46,239,-271.2806754242086
world_model_cem,46,240,-263.02629870868833
world_model_cem,46,241,-254.8972484726417
world_model_cem,46,242,-260.45973796359993
world_model_cem,46,243,-252.3818677575677
world_model_cem,46,244,-253.12614194073552
world_model_cem,46,245,-251.059437467397
world_model_cem,46,246,-249.73936093989894
world_model_cem,46,247,-257.07865787112587
world_model_cem,46,248,-249.30187462935865
world_model_cem,46,249,-266.4023503491693
world_model_cem,46,250,-273.09699275777655
world_model_cem,46,251,-276.83412094701043
world_model_cem,46,252,-283.9101970404365
world_model_cem,46,253,-281.46744536267676
world_model_cem,46,254,-285.45862764253786
world_model_cem,46,255,-283.8269649042523
world_model_cem,46,256,-281.1768837977459
world_model_cem,46,257,-262.3584586985672
world_model_cem,46,258,-274.785583071733
world_model_cem,46,259,-281.087918780055
world_model_cem,46,260,-278.0710214623796
world_model_cem,46,261,-260.4724977811313
world_model_cem,46,262,-262.8498090321575
world_model_cem,46,263,-258.93387684850825
world_model_cem,46,264,-248.39158947627084
world_model_cem,46,265,-250.1766215926333
world_model_cem,46,266,-243.85675261654876
world_model_cem,46,267,-246.17323912339384
world_model_cem,46,268,-259.7632217348138
world_model_cem,46,269,-255.2633009713232
world_model_cem,46,270,-266.28664432429906
world_model_cem,46,271,-259.33811473984196
world_model_cem,46,272,-268.9729903358355
world_model_cem,46,273,-284.6880449595446
world_model_cem,46,274,-284.3306583021897
world_model_cem,46,275,-275.76653098331536
world_model_cem,46,276,-272.52853580035475
world_model_cem,46,277,-273.989910647374
world_model_cem,46,278,-276.25263077568115
world_model_cem,46,279,-274.83047698135977
world_model_cem,46,280,-260.4041362499326
world_model_cem,46,281,-258.67245965293085
world_model_cem,46,282,-251.9191686870714
world_model_cem,46,283,-256.1838438331224
world_model_cem,46,284,-254.41285373534637
world_model_cem,46,285,-253.16671136873055
world_model_cem,46,286,-245.26368314006587
world_model_cem,46,287,-248.24618922775613
world_model_cem,46,288,-258.0231504666897
world_model_cem,46,289,-264.38186086841927
world_model_cem,46,290,-269.5141839655271
world_model_cem,46,291,-277.10371108755186
world_model_cem,46,292,-280.52101453487666
world_model_cem,46,293,-286.407432475913
world_model_cem,46,294,-288.82522383752746
world_model_cem,46,295,-290.5255699147245
world_model_cem,46,296,-293.8140394751404
world_model_cem,46,297,-279.8054939055951
world_model_cem,46,298,-285.77022871417176
world_model_cem,46,299,-284.80734468835306
world_model_cem,46,300,-264.73983471370497
world_model_cem,46,301,-268.35209033923627
world_model_cem,46,302,-274.60483961007515
world_model_cem,46,303,-268.9168822002914
world_model_cem,46,304,-259.9455549649328
world_model_cem,46,305,-243.09951312812865
world_model_cem,46,306,-253.57665335184947
world_model_cem,46,307,-251.85484804437024
world_model_cem,46,308,-255.32496405086192
world_model_cem,46,309,-238.5929335709946
world_model_cem,46,310,-247.3239418462078
world_model_cem,46,311,-254.21171437874446
world_model_cem,46,312,-257.96759630077077
world_model_cem,46,313,-257.36285296245603
world_model_cem,46,314,-269.1788826733499
world_model_cem,46,315,-280.6094114767193
world_model_cem,46,316,-283.01089470184525
world_model_cem,46,317,-283.04913280928633
world_model_cem,46,318,-282.6382973790273
world_model_cem,46,319,-285.8512648615996
world_model_cem,46,320,-284.2647050206168
world_model_cem,46,321,-288.290025949509
world_model_cem,46,322,-280.22308524737724
world_model_cem,46,323,-273.71164879440187
world_model_cem,46,324,-271.0374028571505
world_model_cem,46,325,-269.38030312466196
world_model_cem,46,326,-258.00472182161593
world_model_cem,46,327,-262.32018127525055
world_model_cem,46,328,-249.48242747525074
world_model_cem,46,329,-244.51103624716615
world_model_cem,46,330,-251.38554153702836
world_model_cem,46,331,-239.3659996447377
world_model_cem,46,332,-258.9683342901452
world_model_cem,46,333,-268.1833259239712
world_model_cem,46,334,-268.0435645477612
world_model_cem,46,335,-282.4778537910513
world_model_cem,46,336,-280.7837262953044
world_model_cem,46,337,-284.41384186536516
world_model_cem,46,338,-283.92210002874094
world_model_cem,46,339,-282.60994933968095
world_model_cem,46,340,-285.4276644124462
world_model_cem,46,341,-277.2277036752439
world_model_cem,46,342,-276.49997592339287
world_model_cem,46,343,-264.6596189340157
world_model_cem,46,344,-276.3954854217949
world_model_cem,46,345,-273.4963477222438
world_model_cem,46,346,-265.4558065306408
world_model_cem,46,347,-266.0452440621333
world_model_cem,46,348,-259.91333868480905
world_model_cem,46,349,-257.27530262218806
world_model_cem,46,350,-257.22595954305734
world_model_cem,46,351,-258.872665783715
world_model_cem,46,352,-250.78277863192594
world_model_cem,46,353,-255.8671188921659
world_model_cem,46,354,-249.4141931028172
world_model_cem,46,355,-262.76527901227485
world_model_cem,46,356,-267.3092265221104
world_model_cem,46,357,-272.24009536989814
world_model_cem,46,358,-278.37626752697054
world_model_cem,46,359,-277.8096719164559
world_model_cem,46,360,-273.9841033305999
world_model_cem,46,361,-282.8207773003207
world_model_cem,46,362,-282.3481168851196
world_model_cem,46,363,-287.2953136426194
world_model_cem,46,364,-281.239985598564
world_model_cem,46,365,-278.18654720802573
world_model_cem,46,366,-283.2554639789793
world_model_cem,46,367,-283.267390550158
world_model_cem,46,368,-274.00186562221575
world_model_cem,46,369,-272.6047330395324
world_model_cem,46,370,-263.1703316001246
world_model_cem,46,371,-259.07339569425295
world_model_cem,46,372,-257.6092799306621
world_model_cem,46,373,-247.27301848883658
world_model_cem,46,374,-257.5502424626667
world_model_cem,46,375,-251.48493610197127
world_model_cem,46,376,-253.9904300242054
world_model_cem,46,377,-261.0970463145883
world_model_cem,46,378,-262.20725533346354
world_model_cem,46,379,-253.70909736638768
world_model_cem,46,380,-269.21361216131925
world_model_cem,46,381,-279.3844199254433
world_model_cem,46,382,-272.0937859498416
world_model_cem,46,383,-281.19380851928696
world_model_cem,46,384,-272.8922503069258
world_model_cem,46,385,-274.48211137091715
world_model_cem,46,386,-269.04938849416396
world_model_cem,46,387,-267.5099497724999
world_model_cem,46,388,-259.81419361244537
world_model_cem,46,389,-265.38499432633046
world_model_cem,46,390,-253.90465123050433
world_model_cem,46,391,-255.05636303694257
world_model_cem,46,392,-254.55081511259405
world_model_cem,46,393,-257.3743501029128
world_model_cem,46,394,-266.1458449241149
world_model_cem,46,395,-262.238095434365
world_model_cem,46,396,-270.8701522279307
world_model_cem,46,397,-280.142499256238
world_model_cem,46,398,-288.48265879910514
world_model_cem,46,399,-290.9999819413518
world_model_cem,46,400,-291.9275372725009
world_model_cem,46,401,-290.85754619634224
world_model_cem,46,402,-292.46612031538126
world_model_cem,46,403,-290.2460224235079
world_model_cem,46,404,-275.88675468598575
world_model_cem,46,405,-286.02375548913227
world_model_cem,46,406,-279.62293596666103
world_model_cem,46,407,-263.26805635970874
world_model_cem,46,408,-262.5586608326708
world_model_cem,46,409,-254.2774872904832
world_model_cem,46,410,-244.30407463511028
world_model_cem,46,411,-245.64741762318437
world_model_cem,46,412,-248.19733172118453
world_model_cem,46,413,-235.68089925347047
world_model_cem,46,414,-247.45489549706525
world_model_cem,46,415,-251.42510873537123
world_model_cem,46,416,-257.1969913230839
world_model_cem,46,417,-263.59571549375596
world_model_cem,46,418,-273.0558142710471
world_model_cem,46,419,-286.6925669317004
world_model_cem,46,420,-290.92771739412575
world_model_cem,46,421,-284.6953228457281
world_model_cem,46,422,-291.54403188372817
world_model_cem,46,423,-296.66739036295985
world_model_cem,46,424,-284.5527479847292
world_model_cem,46,425,-273.0880417763877
world_model_cem,46,426,-270.01426911829947
world_model_cem,46,427,-274.92554795175977
world_model_cem,46,428,-278.93826555317844
world_model_cem,46,429,-280.03813522605947
world_model_cem,46,430,-263.07438132399125
world_model_cem,46,431,-264.88244033443783
world_model_cem,46,432,-262.2340817054007
world_model_cem,46,433,-250.91194468278513
world_model_cem,46,434,-239.36785436418654
world_model_cem,46,435,-245.2594288359205
world_model_cem,46,436,-258.61597497819326
world_model_cem,46,437,-251.73110264949474
world_model_cem,46,438,-261.570148979497
world_model_cem,46,439,-265.74722169873104
world_model_cem,46,440,-268.51710358815967
world_model_cem,46,441,-274.5550297187111
world_model_cem,46,442,-280.81176714317786
world_model_cem,46,443,-284.2642961652459
world_model_cem,46,444,-283.4949158882714
world_model_cem,46,445,-271.95847711183785
world_model_cem,46,446,-264.0111714711385
world_model_cem,46,447,-278.29489374482677
world_model_cem,46,448,-278.0527669871744
world_model_cem,46,449,-284.31658244080563
world_model_cem,46,450,-274.96967763589817
world_model_cem,46,451,-265.6509087796824
world_model_cem,46,452,-258.45495667388866
world_model_cem,46,453,-255.38177952092354
world_model_cem,46,454,-255.27633622208415
world_model_cem,46,455,-254.94562013607316
world_model_cem,46,456,-255.9911604131845
world_model_cem,46,457,-257.2978204162381
world_model_cem,46,458,-259.514632972914
world_model_cem,46,459,-263.48894866722276
world_model_cem,46,460,-259.1020612153072
world_model_cem,46,461,-259.9123347146553
world_model_cem,46,462,-279.3346901448561
world_model_cem,46,463,-290.97204160237413
world_model_cem,46,464,-276.96921370658094
world_model_cem,46,465,-270.62129775336825
world_model_cem,46,466,-275.4122429792704
world_model_cem,46,467,-284.9217417648063
world_model_cem,46,468,-284.8925502658076
world_model_cem,46,469,-277.77269350020083
world_model_cem,46,470,-264.40624219495254
world_model_cem,46,471,-264.3129373437662
world_model_cem,46,472,-245.6303150891803
world_model_cem,46,473,-251.0871298381217
world_model_cem,46,474,-250.88459720642834
world_model_cem,46,475,-248.90197710193638
world_model_cem,46,476,-244.24500995006954
world_model_cem,46,477,-256.60028121512664
world_model_cem,46,478,-254.48601791598998
world_model_cem,46,479,-258.9371980767895
world_model_cem,46,480,-273.49638903098565
world_model_cem,46,481,-281.6649418594076
world_model_cem,46,482,-277.98640948204263
world_model_cem,46,483,-283.4949772382397
world_model_cem,46,484,-289.3018730696085
world_model_cem,46,485,-284.7036951232873
world_model_cem,46,486,-291.61812908345956
world_model_cem,46,487,-273.03681040878223
world_model_cem,46,488,-280.4313185819352
world_model_cem,46,489,-279.3952638404463
world_model_cem,46,490,-273.4940986162262
world_model_cem,46,491,-274.2772964361575
world_model_cem,46,492,-248.54959829437104
world_model_cem,46,493,-261.37366081296585
world_model_cem,46,494,-249.07331196122817
world_model_cem,46,495,-254.02628331471075
world_model_cem,46,496,-240.91332094646435
world_model_cem,46,497,-247.85605868524323
world_model_cem,46,498,-246.94582146570852
world_model_cem,46,499,-257.0609810530642
world_model_cem,46,500,-255.65647941890586
world_model_cem,46,501,-268.3695261774948
world_model_cem,46,502,-271.86538615317033
world_model_cem,46,503,-268.12721431171224
world_model_cem,46,504,-288.39845510785136
world_model_cem,46,505,-280.119131230107
world_model_cem,46,506,-288.22267759587083
world_model_cem,46,507,-286.15928805782823
world_model_cem,46,508,-283.2812054466107
world_model_cem,46,509,-267.5608671333598
world_model_cem,46,510,-283.16884077974913
world_model_cem,46,511,-280.664755097533
world_model_cem,46,512,-261.32212877101574
world_model_cem,46,513,-270.35346341879483
world_model_cem,46,514,-260.28272713772094
world_model_cem,46,515,-252.5304263009905
world_model_cem,46,516,-254.35647077610957
world_model_cem,46,517,-242.60233468291239
world_model_cem,46,518,-245.7906658572205
world_model_cem,46,519,-244.05259556383473
world_model_cem,46,520,-255.50870768269675
world_model_cem,46,521,-257.38905396344126
world_model_cem,46,522,-264.525782488417
world_model_cem,46,523,-263.95684121246694
world_model_cem,46,524,-282.1268024788216
world_model_cem,46,525,-277.50464997727795
world_model_cem,46,526,-286.89986029585504
world_model_cem,46,527,-287.82922314001434
world_model_cem,46,528,-281.5253942160982
world_model_cem,46,529,-280.7938905407417
world_model_cem,46,530,-278.9546163546485
world_model_cem,46,531,-270.30979861497445
world_model_cem,46,532,-282.3297504873975
world_model_cem,46,533,-272.9648613346657
world_model_cem,46,534,-264.7462690891261
world_model_cem,46,535,-260.3871668327203
world_model_cem,46,536,-256.28826729853876
world_model_cem,46,537,-261.7988520786387
world_model_cem,46,538,-250.35519679287842
world_model_cem,46,539,-250.41674243546663
world_model_cem,46,540,-252.94217422231898
world_model_cem,46,541,-260.71931513590494
world_model_cem,46,542,-254.5949946208466
world_model_cem,46,543,-263.105272043733
world_model_cem,46,544,-268.53378422030767
world_model_cem,46,545,-269.6407873663198
world_model_cem,46,546,-278.74656928479766
world_model_cem,46,547,-273.5342998866668
world_model_cem,46,548,-285.66847584800587
world_model_cem,46,549,-271.18231851151705
world_model_cem,46,550,-281.2560060055953
world_model_cem,46,551,-284.5256643168593
world_model_cem,46,552,-284.08292741729224
world_model_cem,46,553,-267.75291722028095
world_model_cem,46,554,-276.42180762904275
world_model_cem,46,555,-282.30251212245463
world_model_cem,46,556,-271.9809414034519
world_model_cem,46,557,-264.0059963175341
world_model_cem,46,558,-265.0417105240975
world_model_cem,46,559,-255.22400127713462
world_model_cem,46,560,-238.9893798268371
world_model_cem,46,561,-261.78680181370413
world_model_cem,46,562,-256.15388991378546
world_model_cem,46,563,-252.55045182795396
world_model_cem,46,564,-261.686703082902
world_model_cem,46,565,-257.2383093857713
world_model_cem,46,566,-268.57073885812184
world_model_cem,46,567,-274.61626265098147
world_model_cem,46,568,-269.85611127814207
world_model_cem,46,569,-286.38160976046424
world_model_cem,46,570,-279.06944630816815
world_model_cem,46,571,-282.78080651917446
world_model_cem,46,572,-283.1957086408295
world_model_cem,46,573,-266.51023968453785
world_model_cem,46,574,-274.24932453456165
world_model_cem,46,575,-267.53513020051696
world_model_cem,46,576,-268.91164227774647
world_model_cem,46,577,-260.0939842087759
world_model_cem,46,578,-258.55068521796693
world_model_cem,46,579,-259.8339151135714
world_model_cem,46,580,-252.11290506343818
world_model_cem,46,581,-251.82303103966163
world_model_cem,46,582,-243.92630074751415
world_model_cem,46,583,-252.8427437541472
world_model_cem,46,584,-257.6090509040251
world_model_cem,46,585,-256.978753274316
world_model_cem,46,586,-270.6953917141035
world_model_cem,46,587,-270.172358428234
world_model_cem,46,588,-273.82737921156263
world_model_cem,46,589,-287.37061754718263
world_model_cem,46,590,-285.19017257716257
world_model_cem,46,591,-277.195211590817
world_model_cem,46,592,-284.70630888896096
world_model_cem,46,593,-278.9299174558367
world_model_cem,46,594,-272.48919741800694
world_model_cem,46,595,-274.9713740600765
world_model_cem,46,596,-281.86095728288035
world_model_cem,46,597,-275.99781618710773
world_model_cem,46,598,-267.812278793989
world_model_cem,46,599,-263.3372854550453
world_model_cem,46,600,-258.7395060372485
world_model_cem,46,601,-256.9475037632329
world_model_cem,46,602,-252.62673003259587
world_model_cem,46,603,-255.0492934284987
world_model_cem,46,604,-256.2353884693877
world_model_cem,46,605,-255.53912939938914
world_model_cem,46,606,-260.0705452748272
world_model_cem,46,607,-263.7782690179703
world_model_cem,46,608,-269.86206761267715
world_model_cem,46,609,-265.7446449876001
world_model_cem,46,610,-272.69133292613054
world_model_cem,46,611,-278.2081167058864
world_model_cem,46,612,-278.67960068891193
world_model_cem,46,613,-273.3394228013623
world_model_cem,46,614,-279.07517829665335
world_model_cem,46,615,-279.28687378152176
world_model_cem,46,616,-281.01821781074614
world_model_cem,46,617,-268.7808181531892
world_model_cem,46,618,-260.0861147753751
world_model_cem,46,619,-266.8997253264689
world_model_cem,46,620,-258.3634421839088
world_model_cem,46,621,-247.72936772330357
world_model_cem,46,622,-241.60632969143614
world_model_cem,46,623,-249.20126638358252
world_model_cem,46,624,-248.89994720593168
world_model_cem,46,625,-253.75165584951793
world_model_cem,46,626,-256.30711763694933
world_model_cem,46,627,-267.8516059970925
world_model_cem,46,628,-272.37175263106485
world_model_cem,46,629,-287.97865875823584
world_model_cem,46,630,-286.04315838091975
world_model_cem,46,631,-294.4481656526326
world_model_cem,46,632,-282.80726387529654
world_model_cem,46,633,-283.6077657282417
world_model_cem,46,634,-289.4026150055788
world_model_cem,46,635,-288.5554039904548
world_model_cem,46,636,-268.4283320347523
world_model_cem,46,637,-277.80403257649243
world_model_cem,46,638,-262.98976062571626
world_model_cem,46,639,-266.21754147065565
world_model_cem,46,640,-249.78837096581643
world_model_cem,46,641,-248.97138921655713
world_model_cem,46,642,-252.34338378293037
world_model_cem,46,643,-252.787914310266
world_model_cem,46,644,-248.5285560196176
world_model_cem,46,645,-253.57603815684814
world_model_cem,46,646,-255.29079714435431
world_model_cem,46,647,-255.47314930327303
world_model_cem,46,648,-262.75951070670436
world_model_cem,46,649,-272.26146405566647
world_model_cem,46,650,-278.80923434002796
world_model_cem,46,651,-288.1917466152122
world_model_cem,46,652,-289.9920923488179
world_model_cem,46,653,-285.74173007050905
world_model_cem,46,654,-285.24581387072465
world_model_cem,46,655,-273.49421821673457
world_model_cem,46,656,-273.7638984784814
world_model_cem,46,657,-284.00252619847214
world_model_cem,46,658,-275.8711835977298
world_model_cem,46,659,-268.550826471865
world_model_cem,46,660,-271.66540590089255
world_model_cem,46,661,-265.59092063449384
world_model_cem,46,662,-252.89420837734258
world_model_cem,46,663,-246.11506195767566
world_model_cem,46,664,-245.7465994486519
world_model_cem,46,665,-250.90812388146668
world_model_cem,46,666,-251.89384385299869
world_model_cem,46,667,-252.56965868397285
world_model_cem,46,668,-257.751411947369
world_model_cem,46,669,-265.9394082167847
world_model_cem,46,670,-267.25942825257266
world_model_cem,46,671,-278.6587897032945
world_model_cem,46,672,-283.67519492340267
world_model_cem,46,673,-282.274261644038
world_model_cem,46,674,-273.1506262517006
world_model_cem,46,675,-284.60237018018495
world_model_cem,46,676,-287.30559217797185
world_model_cem,46,677,-285.0917867941287
world_model_cem,46,678,-277.8416474688622
world_model_cem,46,679,-270.1208780400258
world_model_cem,46,680,-274.5882189995812
world_model_cem,46,681,-261.2541247867607
world_model_cem,46,682,-268.0400034696249
world_model_cem,46,683,-262.048377276748
world_model_cem,46,684,-248.08601640669346
world_model_cem,46,685,-254.75791666532973
world_model_cem,46,686,-231.3661078212832
world_model_cem,46,687,-252.7463722109814
world_model_cem,46,688,-253.2577774164394
world_model_cem,46,689,-259.4288208113549
world_model_cem,46,690,-261.2688848546998
world_model_cem,46,691,-272.93946635829434
world_model_cem,46,692,-274.15110430942855
world_model_cem,46,693,-280.5276328063083
world_model_cem,46,694,-279.549465285302
world_model_cem,46,695,-271.0839523210725
world_model_cem,46,696,-283.4948482291464
world_model_cem,46,697,-276.4166874293882
world_model_cem,46,698,-284.72269016236623
world_model_cem,46,699,-278.13307434837964
world_model_cem,46,700,-273.0928332154569
world_model_cem,46,701,-279.7019249118623
world_model_cem,46,702,-276.7186877712392
world_model_cem,46,703,-266.8950362270365
world_model_cem,46,704,-262.35756684251845
world_model_cem,46,705,-258.47297854845027
world_model_cem,46,706,-256.1397473528433
world_model_cem,46,707,-252.57498291592265
world_model_cem,46,708,-250.51313848287631
world_model_cem,46,709,-247.4529630408602
world_model_cem,46,710,-257.9226649376412
world_model_cem,46,711,-262.4343985742385
world_model_cem,46,712,-261.65331579462423
world_model_cem,46,713,-275.98322708633964
world_model_cem,46,714,-278.1182444483396
world_model_cem,46,715,-284.67430952569384
world_model_cem,46,716,-281.2232248232528
world_model_cem,46,717,-285.72941086953097
world_model_cem,46,718,-286.4315548296592
world_model_cem,46,719,-272.1189713368186
world_model_cem,46,720,-269.7049382656335
world_model_cem,46,721,-269.19585560955954
world_model_cem,46,722,-271.27789238575093
world_model_cem,46,723,-280.662711817351
world_model_cem,46,724,-276.4537321521406
world_model_cem,46,725,-265.3020102314946
world_model_cem,46,726,-272.9330410145507
world_model_cem,46,727,-266.02136850960517
world_model_cem,46,728,-262.2151023509507
world_model_cem,46,729,-258.1704582458289
world_model_cem,46,730,-255.99403736119314
world_model_cem,46,731,-266.13190027920155
world_model_cem,46,732,-262.88732505797566
world_model_cem,46,733,-264.72727368042194
world_model_cem,46,734,-269.3676280406001
world_model_cem,46,735,-271.886717509837
world_model_cem,46,736,-266.90924361020745
world_model_cem,46,737,-269.34516785140437
world_model_cem,46,738,-270.50263507984283
world_model_cem,46,739,-265.126874275117
world_model_cem,46,740,-263.79126767788614
world_model_cem,46,741,-263.2776208864597
world_model_cem,46,742,-264.0417368123511
world_model_cem,46,743,-270.0836690256268
world_model_cem,46,744,-273.6495349706451
world_model_cem,46,745,-266.51150402915624
world_model_cem,46,746,-264.36035537826183
world_model_cem,46,747,-258.0775835145763
world_model_cem,46,748,-245.90987279835323
world_model_cem,46,749,-246.33717057132208
world_model_cem,46,750,-255.21304036416126
world_model_cem,46,751,-249.65009230810966
world_model_cem,46,752,-259.90227971090826
world_model_cem,46,753,-256.28887102924045
world_model_cem,46,754,-268.3945218182113
world_model_cem,46,755,-267.40927881701253
world_model_cem,46,756,-280.0043749004085
world_model_cem,46,757,-284.88793635713245
world_model_cem,46,758,-288.9885950104908
world_model_cem,46,759,-291.58891491609154
world_model_cem,46,760,-286.29068878522344
world_model_cem,46,761,-276.14311808502777
world_model_cem,46,762,-278.2506094117681
world_model_cem,46,763,-271.81058678951814
world_model_cem,46,764,-271.49214114689687
world_model_cem,46,765,-272.09512183462107
world_model_cem,46,766,-269.50944783729665
world_model_cem,46,767,-270.59056182161794
world_model_cem,46,768,-270.60851179384036
world_model_cem,46,769,-263.8496111156303
world_model_cem,46,770,-266.56594883419643
world_model_cem,46,771,-259.5469639861502
world_model_cem,46,772,-257.38179843695883
world_model_cem,46,773,-258.1621674566729
world_model_cem,46,774,-258.78842268753897
world_model_cem,46,775,-250.72218426739747
world_model_cem,46,776,-257.4061439495828
world_model_cem,46,777,-255.19933042437034
world_model_cem,46,778,-260.2701830948612
world_model_cem,46,779,-271.13713824140854
world_model_cem,46,780,-272.4306364386421
world_model_cem,46,781,-276.3107896444841
world_model_cem,46,782,-281.06092404359003
world_model_cem,46,783,-287.82478764409007
world_model_cem,46,784,-277.0427212406806
world_model_cem,46,785,-272.2346828418521
world_model_cem,46,786,-270.8602264343315
world_model_cem,46,787,-281.39026556181466
world_model_cem,46,788,-278.22768452390903
world_model_cem,46,789,-267.6399726579525
world_model_cem,46,790,-285.2674575255823
world_model_cem,46,791,-278.5387646190313
world_model_cem,46,792,-266.0226811110238
world_model_cem,46,793,-264.70079608322663
world_model_cem,46,794,-258.1874966964532
world_model_cem,46,795,-260.22179998815574
world_model_cem,46,796,-250.97166007269158
world_model_cem,46,797,-260.7100218672736
world_model_cem,46,798,-246.26638426097662
world_model_cem,46,799,-254.5592277279395
world_model_cem,46,800,-255.2272132989084
world_model_cem,46,801,-263.3761368523944
world_model_cem,46,802,-260.15393851144523
world_model_cem,46,803,-269.068896455173
world_model_cem,46,804,-275.4579801531754
world_model_cem,46,805,-267.19988977246186
world_model_cem,46,806,-281.6187148298333
world_model_cem,46,807,-279.6256991444714
world_model_cem,46,808,-272.39704107103296
world_model_cem,46,809,-284.3936370562873
world_model_cem,46,810,-282.72509952507494
world_model_cem,46,811,-289.7382511567252
world_model_cem,46,812,-288.25607671215323
world_model_cem,46,813,-285.4746887688427
world_model_cem,46,814,-270.77378879082306
world_model_cem,46,815,-275.7383047204369
world_model_cem,46,816,-265.0473565084056
world_model_cem,46,817,-264.63392235572144
world_model_cem,46,818,-260.730728110327
world_model_cem,46,819,-257.99663147508676
world_model_cem,46,820,-251.0395302888714
world_model_cem,46,821,-253.22780152658288
world_model_cem,46,822,-260.87751377505504
world_model_cem,46,823,-258.0089960625638
world_model_cem,46,824,-262.37152181775735
world_model_cem,46,825,-258.9657556076686
world_model_cem,46,826,-275.32438235547903
world_model_cem,46,827,-279.40260018469576
world_model_cem,46,828,-276.71980836119315
world_model_cem,46,829,-281.6449440326412
world_model_cem,46,830,-285.05639575933674
world_model_cem,46,831,-279.06693918874964
world_model_cem,46,832,-280.12553638259436
world_model_cem,46,833,-281.8516226548277
world_model_cem,46,834,-282.9885464170296
world_model_cem,46,835,-270.70251030426846
world_model_cem,46,836,-272.04930380557073
world_model_cem,46,837,-267.25484337796286
world_model_cem,46,838,-266.18917010451526
world_model_cem,46,839,-263.6701998553544
world_model_cem,46,840,-250.98248394134083
world_model_cem,46,841,-255.44520205924863
world_model_cem,46,842,-253.43232651765226
world_model_cem,46,843,-258.12489371538305
world_model_cem,46,844,-252.47062946419499
world_model_cem,46,845,-257.95302769979094
world_model_cem,46,846,-266.3821208295428
world_model_cem,46,847,-265.4767466342013
world_model_cem,46,848,-273.13887205016135
world_model_cem,46,849,-279.952582707661
world_model_cem,46,850,-269.17806356503957
world_model_cem,46,851,-270.13586911138736
world_model_cem,46,852,-282.72330771309123
world_model_cem,46,853,-273.2415890546578
world_model_cem,46,854,-269.036195108239
world_model_cem,46,855,-284.79046357661906
world_model_cem,46,856,-281.72519741609955
world_model_cem,46,857,-269.5163467442134
world_model_cem,46,858,-266.671814256599
world_model_cem,46,859,-243.53825989712743
world_model_cem,46,860,-253.4842086621415
world_model_cem,46,861,-241.84905783640457
world_model_cem,46,862,-246.96035086600546
world_model_cem,46,863,-255.99712430066037
world_model_cem,46,864,-261.22257927083706
world_model_cem,46,865,-265.3428397808309
world_model_cem,46,866,-259.9785321853045
world_model_cem,46,867,-273.9360641433834
world_model_cem,46,868,-282.290613103146
world_model_cem,46,869,-288.0606517731014
world_model_cem,46,870,-293.8220246928114
world_model_cem,46,871,-284.8793435696216
world_model_cem,46,872,-283.70785408132804
world_model_cem,46,873,-281.50666933250164
world_model_cem,46,874,-285.08163899434425
world_model_cem,46,875,-278.2815160865021
world_model_cem,46,876,-284.297497981086
world_model_cem,46,877,-275.1119634225236
world_model_cem,46,878,-269.5547623893483
world_model_cem,46,879,-257.00274657638664
world_model_cem,46,880,-247.18573947099472
world_model_cem,46,881,-253.1500591873364
world_model_cem,46,882,-250.77007019049537
world_model_cem,46,883,-251.32061738658058
world_model_cem,46,884,-250.2392108893174
world_model_cem,46,885,-255.888195242401
world_model_cem,46,886,-259.59701036300004
world_model_cem,46,887,-258.2582973296725
world_model_cem,46,888,-265.731713665273
world_model_cem,46,889,-279.1769141564713
world_model_cem,46,890,-281.1121186454893
world_model_cem,46,891,-282.76606570040417
world_model_cem,46,892,-282.9298668564104
world_model_cem,46,893,-279.2804333309381
world_model_cem,46,894,-284.7739484683668
world_model_cem,46,895,-287.9236824683211
world_model_cem,46,896,-271.84118994059554
world_model_cem,46,897,-281.2251020776282
world_model_cem,46,898,-278.70833947733774
world_model_cem,46,899,-272.74225985898573
world_model_cem,46,900,-266.9059993270626
world_model_cem,46,901,-257.3054316132362
world_model_cem,46,902,-252.41296463170218
world_model_cem,46,903,-254.85684146745052
world_model_cem,46,904,-247.1442346648447
world_model_cem,46,905,-251.60921249035619
world_model_cem,46,906,-246.48741062121462
world_model_cem,46,907,-254.98104410182046
world_model_cem,46,908,-256.2998382728652
world_model_cem,46,909,-259.0661932856101
world_model_cem,46,910,-259.920385575247
world_model_cem,46,911,-272.981431002843
world_model_cem,46,912,-285.29215110798776
world_model_cem,46,913,-285.7855900047755
world_model_cem,46,914,-284.54524888571837
world_model_cem,46,915,-290.507871589916
world_model_cem,46,916,-276.06072179173583
world_model_cem,46,917,-278.67356996554037
world_model_cem,46,918,-275.67123226113875
world_model_cem,46,919,-284.2833980965682
world_model_cem,46,920,-278.30478094478906
world_model_cem,46,921,-271.02337121351525
world_model_cem,46,922,-255.90565932808053
world_model_cem,46,923,-262.1477584219782
world_model_cem,46,924,-254.83470620038344
world_model_cem,46,925,-254.98118106411178
world_model_cem,46,926,-251.27607915246017
world_model_cem,46,927,-258.8400445171659
world_model_cem,46,928,-254.23380058067954
world_model_cem,46,929,-258.7511555184112
world_model_cem,46,930,-255.12356554482017
world_model_cem,46,931,-253.30385751709127
world_model_cem,46,932,-266.19829505534324
world_model_cem,46,933,-267.32999732847713
world_model_cem,46,934,-266.8655400372015
world_model_cem,46,935,-278.96591318080715
world_model_cem,46,936,-273.5287416716307
world_model_cem,46,937,-263.9625697360537
world_model_cem,46,938,-276.98050434723643
world_model_cem,46,939,-279.5511100871929
world_model_cem,46,940,-273.00376131072176
world_model_cem,46,941,-273.9220356413831
world_model_cem,46,942,-272.19458426720377
world_model_cem,46,943,-261.6218415587741
world_model_cem,46,944,-254.70493007545133
world_model_cem,46,945,-250.9655023932017
world_model_cem,46,946,-253.7927153190648
world_model_cem,46,947,-252.13902925589977
world_model_cem,46,948,-256.47924043774424
world_model_cem,46,949,-265.52017250314327
world_model_cem,46,950,-276.17349633738553
world_model_cem,46,951,-274.1423042007809
world_model_cem,46,952,-286.27941072018734
world_model_cem,46,953,-284.28992702493986
world_model_cem,46,954,-292.9713608653303
world_model_cem,46,955,-291.18757123480276
world_model_cem,46,956,-286.60563160709546
world_model_cem,46,957,-272.1951091230112
world_model_cem,46,958,-279.82606178086246
world_model_cem,46,959,-277.90410069650176
world_model_cem,46,960,-279.0882067120345
world_model_cem,46,961,-270.2837860874543
world_model_cem,46,962,-270.8127993741683
world_model_cem,46,963,-267.20240644094264
world_model_cem,46,964,-276.40490048723586
world_model_cem,46,965,-271.1150507822732
world_model_cem,46,966,-271.11990087554705
world_model_cem,46,967,-267.4268220244991
world_model_cem,46,968,-266.14976387512496
world_model_cem,46,969,-261.3342214076475
world_model_cem,46,970,-261.5291316763277
world_model_cem,46,971,-263.00639554432
world_model_cem,46,972,-264.2740131593342
world_model_cem,46,973,-251.05067259163403
world_model_cem,46,974,-254.93404459233687
world_model_cem,46,975,-257.2024519987296
world_model_cem,46,976,-266.59124170772037
world_model_cem,46,977,-278.50715481406644
world_model_cem,46,978,-273.28333964021357
world_model_cem,46,979,-277.3419700573949
world_model_cem,46,980,-273.07578682588604
world_model_cem,46,981,-278.073799481259
world_model_cem,46,982,-276.05166544333963
world_model_cem,46,983,-281.38688367878547
world_model_cem,46,984,-279.9866669073581
world_model_cem,46,985,-285.7572906067156
world_model_cem,46,986,-286.8164751983399
world_model_cem,46,987,-280.2462956558042
world_model_cem,46,988,-272.57512412392805
world_model_cem,46,989,-272.18162324912254
world_model_cem,46,990,-265.4647906503379
world_model_cem,46,991,-264.7117756872318
world_model_cem,46,992,-258.8911640967747
world_model_cem,46,993,-257.7022532496239
world_model_cem,46,994,-252.44192309438796
world_model_cem,46,995,-254.70173932126832
world_model_cem,46,996,-258.073199384845
world_model_cem,46,997,-242.65705264618435
world_model_cem,46,998,-260.95479090988897
world_model_cem,46,999,-276.85104391523777
world_model_cem,46,1000,-281.1058114892784
world_model_cem,47,1,-189.81829341781778
world_model_cem,47,2,-212.19789593590806
world_model_cem,47,3,-207.27916496481313
world_model_cem,47,4,-192.89764604690913
world_model_cem,47,5,-181.32746910390188
world_model_cem,47,6,-202.96532321436138
world_model_cem,47,7,-180.65749838810578
world_model_cem,47,8,-184.50123888593382
world_model_cem,47,9,-198.34110436960754
world_model_cem,47,10,-175.98747065976343
world_model_cem,47,11,-170.7044726417679
world_model_cem,47,12,-200.7778718448614
world_model_cem,47,13,-215.55127733622595
world_model_cem,47,14,-193.26897164487548
world_model_cem,47,15,-195.45072898563222
world_model_cem,47,16,-256.3046693236323
world_model_cem,47,17,-264.60263815034466
world_model_cem,47,18,-252.05012734551605
world_model_cem,47,19,-222.17197154461627
world_model_cem,47,20,-228.57948604418874
world_model_cem,47,21,-264.56162498085257
world_model_cem,47,22,-220.44945439073948
world_model_cem,47,23,-217.93824865569132
world_model_cem,47,24,-215.69910356033887
world_model_cem,47,25,-211.84034064391966
world_model_cem,47,26,-258.94763496195475
world_model_cem,47,27,-203.56290983245273
world_model_cem,47,28,-205.41441315920738
world_model_cem,47,29,-202.41513560001044
world_model_cem,47,30,-197.31183974867162
world_model_cem,47,31,-197.82714754947943
world_model_cem,47,32,-193.01043446117257
world_model_cem,47,33,-248.5212202100367
world_model_cem,47,34,-212.0541681603616
world_model_cem,47,35,-243.31089823233816
world_model_cem,47,36,-213.76210097564663
world_model_cem,47,37,-193.91206485668187
world_model_cem,47,38,-195.363396487143
world_model_cem,47,39,-194.4520278317666
world_model_cem,47,40,-232.2571052527771
world_model_cem,47,41,-198.58137699260303
world_model_cem,47,42,-205.94100599957451
world_model_cem,47,43,-237.80460659430622
world_model_cem,47,44,-179.82917750078514
world_model_cem,47,45,-180.75714842135676
world_model_cem,47,46,-173.71054351930883
world_model_cem,47,47,-225.39993721956688
world_model_cem,47,48,-205.19719105734805
world_model_cem,47,49,-180.05949314129631
world_model_cem,47,50,-210.35052254971575
world_model_cem,47,51,-243.13679935676197
world_model_cem,47,52,-200.05257727573843
world_model_cem,47,53,-216.44744594675916
world_model_cem,47,54,-219.21598468202558
world_model_cem,47,55,-210.07285950902804
world_model_cem,47,56,-279.38113636261687
world_model_cem,47,57,-219.00373085148604
world_model_cem,47,58,-204.95197096885033
world_model_cem,47,59,-204.57360031626774
world_model_cem,47,60,-212.68435014977263
world_model_cem,47,61,-210.2837104429598
world_model_cem,47,62,-250.15741983413585
world_model_cem,47,63,-202.29037246139825
world_model_cem,47,64,-187.01699766543766
world_model_cem,47,65,-170.59503107665256
world_model_cem,47,66,-242.99736218375992
world_model_cem,47,67,-179.62106707602675
world_model_cem,47,68,-175.68006566722397
world_model_cem,47,69,-186.47445226835384
world_model_cem,47,70,-185.1913481640358
world_model_cem,47,71,-161.17685099066918
world_model_cem,47,72,-224.3471073279378
world_model_cem,47,73,-171.58716183026007
world_model_cem,47,74,-203.31896751742596
world_model_cem,47,75,-178.16982282841892
world_model_cem,47,76,-185.90689746794408
world_model_cem,47,77,-167.0716738259735
world_model_cem,47,78,-227.43018650906964
world_model_cem,47,79,-170.75023655654866
world_model_cem,47,80,-248.30738002698996
world_model_cem,47,81,-176.49089396175984
world_model_cem,47,82,-202.93593103194232
world_model_cem,47,83,-258.539150426398
world_model_cem,47,84,-260.04719847063325
world_model_cem,47,85,-190.97087205694652
world_model_cem,47,86,-270.2666980160389
world_model_cem,47,87,-243.85271253343848
world_model_cem,47,88,-182.37705138582334
world_model_cem,47,89,-252.2188498212111
world_model_cem,47,90,-187.11474791845842
world_model_cem,47,91,-172.72665114608094
world_model_cem,47,92,-254.78170742733022
world_model_cem,47,93,-192.02646645760944
world_model_cem,47,94,-171.9656310380327
world_model_cem,47,95,-183.5776045943682
world_model_cem,47,96,-191.29037888504342
world_model_cem,47,97,-182.80148814219518
world_model_cem,47,98,-233.09492850676781
world_model_cem,47,99,-185.584595216444
world_model_cem,47,100,-209.00181604825738
world_model_cem,47,101,-192.53741888700625
world_model_cem,47,102,-284.2789503031861
world_model_cem,47,103,-238.47509295523815
world_model_cem,47,104,-218.73961487206356
world_model_cem,47,105,-251.13754805924705
world_model_cem,47,106,-259.6827684212615
world_model_cem,47,107,-261.3812040378104
world_model_cem,47,108,-217.82498651788512
world_model_cem,47,109,-259.99023861203045
world_model_cem,47,110,-150.66321326431697
world_model_cem,47,111,-177.28576845025725
world_model_cem,47,112,-146.7033160363051
world_model_cem,47,113,-236.57526238776504
world_model_cem,47,114,-274.07035009995747
world_model_cem,47,115,-210.55392386538915
world_model_cem,47,116,-243.40647411982843
world_model_cem,47,117,-185.98839035435913
world_model_cem,47,118,-183.46762115525902
world_model_cem,47,119,-265.0959588117167
world_model_cem,47,120,-284.50510576795
world_model_cem,47,121,-283.16196075713265
world_model_cem,47,122,-285.734728095029
world_model_cem,47,123,-285.8810724093483
world_model_cem,47,124,-279.73073323918925
world_model_cem,47,125,-281.35291083717283
world_model_cem,47,126,-273.2952943309608
world_model_cem,47,127,-280.76370434404333
world_model_cem,47,128,-271.5866368025486
world_model_cem,47,129,-258.0244200366417
world_model_cem,47,130,-268.46630427229746
world_model_cem,47,131,-274.51820828764977
world_model_cem,47,132,-263.214997368721
world_model_cem,47,133,-263.94797810238725
world_model_cem,47,134,-261.32221191345513
world_model_cem,47,135,-253.43239201041214
world_model_cem,47,136,-262.62510894640485
world_model_cem,47,137,-259.01129724022405
world_model_cem,47,138,-256.23230717632265
world_model_cem,47,139,-252.45924914244245
world_model_cem,47,140,-239.88247429399777
world_model_cem,47,141,-256.99544495929723
world_model_cem,47,142,-255.32108868334387
world_model_cem,47,143,-263.65192807472636
world_model_cem,47,144,-265.20669789709103
world_model_cem,47,145,-281.98255575251966
world_model_cem,47,146,-274.5156044938169
world_model_cem,47,147,-274.2314633818095
world_model_cem,47,148,-268.2113401412722
world_model_cem,47,149,-275.4236710237192
world_model_cem,47,150,-277.50606974231897
world_model_cem,47,151,-282.9612305946255
world_model_cem,47,152,-281.93713249789283
world_model_cem,47,153,-278.96140533065034
world_model_cem,47,154,-263.4690075118532
world_model_cem,47,155,-265.2414729874646
world_model_cem,47,156,-269.71765413183914
world_model_cem,47,157,-257.80564342143566
world_model_cem,47,158,-249.62078318445316
world_model_cem,47,159,-251.52184035213295
world_model_cem,47,160,-248.04036920809747
world_model_cem,47,161,-253.37056284460678
world_model_cem,47,162,-251.02386554843213
world_model_cem,47,163,-259.9184913773704
world_model_cem,47,164,-266.9357642840359
world_model_cem,47,165,-261.54440779570643
world_model_cem,47,166,-278.16708507530467
world_model_cem,47,167,-274.1588135368209
world_model_cem,47,168,-265.507759799347
world_model_cem,47,169,-269.90191636794253
world_model_cem,47,170,-284.6177553913449
world_model_cem,47,171,-277.6582774240938
world_model_cem,47,172,-281.6551595079983
world_model_cem,47,173,-261.4771413014909
world_model_cem,47,174,-262.8761289262219
world_model_cem,47,175,-251.43830019137437
world_model_cem,47,176,-251.91688259378222
world_model_cem,47,177,-255.2377599703121
world_model_cem,47,178,-255.0257897331857
world_model_cem,47,179,-245.07372862477678
world_model_cem,47,180,-254.1814061195231
world_model_cem,47,181,-261.98201116662756
world_model_cem,47,182,-268.98279905321726
world_model_cem,47,183,-275.9092418160571
world_model_cem,47,184,-283.644133850204
world_model_cem,47,185,-289.00260293376317
world_model_cem,47,186,-291.86966232174836
world_model_cem,47,187,-292.96919930866693
world_model_cem,47,188,-285.475936970625
world_model_cem,47,189,-280.2288165755361
world_model_cem,47,190,-258.38986616599834
world_model_cem,47,191,-280.05141917259334
world_model_cem,47,192,-268.902658073029
world_model_cem,47,193,-276.900920800147
world_model_cem,47,194,-268.23532314142744
world_model_cem,47,195,-267.39699024653027
world_model_cem,47,196,-264.95534591922774
world_model_cem,47,197,-256.764928126995
world_model_cem,47,198,-268.1092660361721
world_model_cem,47,199,-252.66092770685725
world_model_cem,47,200,-258.3569779518898
world_model_cem,47,201,-257.8672683115292
world_model_cem,47,202,-255.2660381157625
world_model_cem,47,203,-261.9957727436995
world_model_cem,47,204,-261.63603699761495
world_model_cem,47,205,-266.773884237451
world_model_cem,47,206,-266.7374653361331
world_model_cem,47,207,-255.38318324942773
world_model_cem,47,208,-274.3132778768686
world_model_cem,47,209,-278.2146306945656
world_model_cem,47,210,-277.4538419271845
world_model_cem,47,211,-275.87093188282745
world_model_cem,47,212,-271.58087321288326
world_model_cem,47,213,-270.2891788021708
world_model_cem,47,214,-271.63095097057317
world_model_cem,47,215,-272.4795114594074
world_model_cem,47,216,-264.86094220659044
world_model_cem,47,217,-262.7613554373494
world_model_cem,47,218,-258.9514586459033
world_model_cem,47,219,-256.9239351168413
world_model_cem,47,220,-245.36677524791298
world_model_cem,47,221,-251.87410697911017
world_model_cem,47,222,-256.7618448106066
world_model_cem,47,223,-260.9293315663987
world_model_cem,47,224,-255.32347671820656
world_model_cem,47,225,-269.2131750992804
world_model_cem,47,226,-279.2698751333271
world_model_cem,47,227,-279.7260879947995
world_model_cem,47,228,-286.1496273056366
world_model_cem,47,229,-288.2428953808462
world_model_cem,47,230,-275.65500816569096
world_model_cem,47,231,-281.2375278245523
world_model_cem,47,232,-280.55596628708554
world_model_cem,47,233,-291.3638092378395
world_model_cem,47,234,-279.4347192895614
world_model_cem,47,235,-280.723735825458
world_model_cem,47,236,-279.4028800803471
world_model_cem,47,237,-267.6983289165693
world_model_cem,47,238,-256.7033466669053
world_model_cem,47,239,-247.49586523238085
world_model_cem,47,240,-243.91940746209247
world_model_cem,47,241,-245.6202222591091
world_model_cem,47,242,-249.3601161954398
world_model_cem,47,243,-252.7301723932827
world_model_cem,47,244,-258.7572535627125
world_model_cem,47,245,-254.44396062641727
world_model_cem,47,246,-260.5081923654725
world_model_cem,47,247,-268.2619734760087
world_model_cem,47,248,-277.2982360200605
world_model_cem,47,249,-285.45102571623704
world_model_cem,47,250,-292.18787151196614
world_model_cem,47,251,-283.128437678007
world_model_cem,47,252,-280.52921515376136
world_model_cem,47,253,-280.2113369266092
world_model_cem,47,254,-274.4051163731594
world_model_cem,47,255,-268.24620381189254
world_model_cem,47,256,-266.3451373861666
world_model_cem,47,257,-260.64602079158084
world_model_cem,47,258,-251.00824635219962
world_model_cem,47,259,-249.07966509184345
world_model_cem,47,260,-255.0178999390782
world_model_cem,47,261,-253.08913401603795
world_model_cem,47,262,-258.55808995333314
world_model_cem,47,263,-255.5398431302891
world_model_cem,47,264,-265.3792324622819
world_model_cem,47,265,-273.29152719140984
world_model_cem,47,266,-274.73579789236123
world_model_cem,47,267,-285.0645631241212
world_model_cem,47,268,-282.81904206198516
world_model_cem,47,269,-293.33365475348086
world_model_cem,47,270,-290.8309051054455
world_model_cem,47,271,-278.6904084057073
world_model_cem,47,272,-273.94063263821334
world_model_cem,47,273,-282.06485261669417
world_model_cem,47,274,-276.78553686192447
world_model_cem,47,275,-278.8498340347474
world_model_cem,47,276,-268.01573453925465
world_model_cem,47,277,-260.89165314392113
world_model_cem,47,278,-253.65863129864675
world_model_cem,47,279,-249.8240333485318
world_model_cem,47,280,-237.69510591062254
world_model_cem,47,281,-253.19769258334176
world_model_cem,47,282,-253.08703594036604
world_model_cem,47,283,-245.6445922496834
world_model_cem,47,284,-258.28566938391833
world_model_cem,47,285,-267.13022431605407
world_model_cem,47,286,-267.195391758157
world_model_cem,47,287,-272.4543553171351
world_model_cem,47,288,-282.3290205320663
world_model_cem,47,289,-297.406844716116
world_model_cem,47,290,-276.12939096633323
world_model_cem,47,291,-287.1199285504034
world_model_cem,47,292,-284.6215624762832
world_model_cem,47,293,-284.23167993863876
world_model_cem,47,294,-282.66140937562193
world_model_cem,47,295,-275.3970905812653
world_model_cem,47,296,-276.56588973057626
world_model_cem,47,297,-280.06503797602977
world_model_cem,47,298,-278.3522050913925
world_model_cem,47,299,-276.2750144716348
world_model_cem,47,300,-277.3734235518158
world_model_cem,47,301,-263.3036900131153
world_model_cem,47,302,-259.07445464463257
world_model_cem,47,303,-257.0428090718607
world_model_cem,47,304,-258.83819876673317
world_model_cem,47,305,-262.1340660853953
world_model_cem,47,306,-259.25522100728404
world_model_cem,47,307,-259.47226906548553
world_model_cem,47,308,-259.58397271230336
world_model_cem,47,309,-255.25564938545057
world_model_cem,47,310,-262.69638967471644
world_model_cem,47,311,-252.55593658748032
world_model_cem,47,312,-264.96270794904984
world_model_cem,47,313,-254.29855961966587
world_model_cem,47,314,-270.26714369291426
world_model_cem,47,315,-271.4303918639291
world_model_cem,47,316,-269.9053038512976
world_model_cem,47,317,-278.00488338987407
world_model_cem,47,318,-274.00037684676073
world_model_cem,47,319,-279.46361271960114
world_model_cem,47,320,-272.9254415423424
world_model_cem,47,321,-282.64539799621963
world_model_cem,47,322,-270.8824847235542
world_model_cem,47,323,-276.6175622590673
world_model_cem,47,324,-267.1919094765966
world_model_cem,47,325,-257.12288680123066
world_model_cem,47,326,-251.61139066781615
world_model_cem,47,327,-262.83080780509067
world_model_cem,47,328,-254.38942948506536
world_model_cem,47,329,-248.53861037807957
world_model_cem,47,330,-256.2587726044478
world_model_cem,47,331,-259.5662135533521
world_model_cem,47,332,-264.4939241678607
world_model_cem,47,333,-273.07765031237057
world_model_cem,47,334,-280.3282442413986
world_model_cem,47,335,-276.06473045144764
world_model_cem,47,336,-273.41010733971063
world_model_cem,47,337,-281.4675720020241
world_model_cem,47,338,-278.6911896806896
world_model_cem,47,339,-273.5544606161767
world_model_cem,47,340,-279.0966811758166
world_model_cem,47,341,-279.7715930943284
world_model_cem,47,342,-276.2307764215217
world_model_cem,47,343,-258.8149134423086
world_model_cem,47,344,-260.93933162283724
world_model_cem,47,345,-255.0007532041451
world_model_cem,47,346,-253.37149232788965
world_model_cem,47,347,-252.05355717693925
world_model_cem,47,348,-252.60204877946194
world_model_cem,47,349,-257.9213264144449
world_model_cem,47,350,-260.3694995704144
world_model_cem,47,351,-264.7160835785713
world_model_cem,47,352,-267.0458821480927
world_model_cem,47,353,-272.83840790305055
world_model_cem,47,354,-285.45225188031264
world_model_cem,47,355,-286.8577111426314
world_model_cem,47,356,-277.994732134388
world_model_cem,47,357,-280.7538797238852
world_model_cem,47,358,-276.56195677069985
world_model_cem,47,359,-273.7581221417389
world_model_cem,47,360,-280.9806431209214
world_model_cem,47,361,-272.98266547177553
world_model_cem,47,362,-269.66451431715996
world_model_cem,47,363,-273.09206247971605
world_model_cem,47,364,-259.6497643960867
world_model_cem,47,365,-259.48188081917795
world_model_cem,47,366,-256.42089692229723
world_model_cem,47,367,-252.29481522071933
world_model_cem,47,368,-247.56520401190915
world_model_cem,47,369,-239.18904582676493
world_model_cem,47,370,-248.48683150105504
world_model_cem,47,371,-245.93506807613642
world_model_cem,47,372,-261.3031934103232
world_model_cem,47,373,-265.8551131324783
world_model_cem,47,374,-271.0829459680648
world_model_cem,47,375,-274.4664091067069
world_model_cem,47,376,-285.0514336307829
world_model_cem,47,377,-281.8026600139796
world_model_cem,47,378,-281.4946086095694
world_model_cem,47,379,-278.65958220601516
world_model_cem,47,380,-288.08599670608817
world_model_cem,47,381,-276.1042748807788
world_model_cem,47,382,-281.49667876961496
world_model_cem,47,383,-271.697835523552
world_model_cem,47,384,-279.61231891664943
world_model_cem,47,385,-265.1665798887297
world_model_cem,47,386,-252.17928150701522
world_model_cem,47,387,-260.66556635962854
world_model_cem,47,388,-256.1807864380564
world_model_cem,47,389,-254.88753436595158
world_model_cem,47,390,-252.30751855997372
world_model_cem,47,391,-257.84855101074055
world_model_cem,47,392,-253.8062756550597
world_model_cem,47,393,-265.57946547604075
world_model_cem,47,394,-257.5426991332561
world_model_cem,47,395,-266.1564646878639
world_model_cem,47,396,-277.05637626082523
world_model_cem,47,397,-284.75653603190057
world_model_cem,47,398,-292.389131099284
world_model_cem,47,399,-284.96561494481733
world_model_cem,47,400,-276.285435313438
world_model_cem,47,401,-281.4249777222009
world_model_cem,47,402,-283.1870086709234
world_model_cem,47,403,-282.8026023486169
world_model_cem,47,404,-285.34858236882377
world_model_cem,47,405,-276.82322814366086
world_model_cem,47,406,-279.4350065071906
world_model_cem,47,407,-271.3690283282485
world_model_cem,47,408,-265.6601826870842
world_model_cem,47,409,-258.3282441159402
world_model_cem,47,410,-258.5737466055041
world_model_cem,47,411,-253.2709456744181
world_model_cem,47,412,-251.70094277709396
world_model_cem,47,413,-252.9441831745964
world_model_cem,47,414,-251.5570418210412
world_model_cem,47,415,-258.741015370465
world_model_cem,47,416,-261.5252947926965
world_model_cem,47,417,-267.22505882279376
world_model_cem,47,418,-269.68094136705395
world_model_cem,47,419,-287.56485136715855
world_model_cem,47,420,-281.1178924967028
world_model_cem,47,421,-285.9526027810687
world_model_cem,47,422,-276.1258543821406
world_model_cem,47,423,-281.1466023596717
world_model_cem,47,424,-275.0696729352709
world_model_cem,47,425,-263.8793812908713
world_model_cem,47,426,-271.6093603935154
world_model_cem,47,427,-285.30822906819975
world_model_cem,47,428,-278.5923590717302
world_model_cem,47,429,-259.9310526549766
world_model_cem,47,430,-261.4714193493968
world_model_cem,47,431,-264.17525749701633
world_model_cem,47,432,-257.90573476720607
world_model_cem,47,433,-249.96728360336198
world_model_cem,47,434,-254.21824445725784
world_model_cem,47,435,-252.70976485918243
world_model_cem,47,436,-250.42431103420114
world_model_cem,47,437,-262.1384124518402
world_model_cem,47,438,-269.99277760723913
world_model_cem,47,439,-262.1683159567291
world_model_cem,47,440,-274.8287624090318
world_model_cem,47,441,-275.7247977133851
world_model_cem,47,442,-283.9583632975256
world_model_cem,47,443,-280.9908009528041
world_model_cem,47,444,-286.5265032894556
world_model_cem,47,445,-279.6744559684334
world_model_cem,47,446,-270.05756334082577
world_model_cem,47,447,-278.68930275220737
world_model_cem,47,448,-269.7672452906794
world_model_cem,47,449,-266.97623612867494
world_model_cem,47,450,-265.46130331115455
world_model_cem,47,451,-256.86157007198415
world_model_cem,47,452,-256.3112766673349
world_model_cem,47,453,-243.49535726328932
world_model_cem,47,454,-248.56569797245658
world_model_cem,47,455,-250.83346400587376
world_model_cem,47,456,-256.3326448734469
world_model_cem,47,457,-264.54586209425895
world_model_cem,47,458,-272.57426152811536
world_model_cem,47,459,-281.126303700049
world_model_cem,47,460,-273.23364612973967
world_model_cem,47,461,-288.989078059411
world_model_cem,47,462,-294.037344728117
world_model_cem,47,463,-291.5111243704197
world_model_cem,47,464,-280.6515951397329
world_model_cem,47,465,-281.16389421918973
world_model_cem,47,466,-274.2751872141425
world_model_cem,47,467,-282.7008842916822
world_model_cem,47,468,-272.26413846113996
world_model_cem,47,469,-270.7344831681648
world_model_cem,47,470,-269.2936476839759
world_model_cem,47,471,-273.3583719356622
world_model_cem,47,472,-263.8567678876078
world_model_cem,47,473,-260.4899876739822
world_model_cem,47,474,-259.1299989168973
world_model_cem,47,475,-254.23797910149105
world_model_cem,47,476,-251.53483868116453
world_model_cem,47,477,-253.58577168999793
world_model_cem,47,478,-258.28474272043394
world_model_cem,47,479,-261.61955270576726
world_model_cem,47,480,-257.8260993113156
world_model_cem,47,481,-267.78453540324836
world_model_cem,47,482,-267.0541250952692
world_model_cem,47,483,-272.05685408011715
world_model_cem,47,484,-274.73782233696613
world_model_cem,47,485,-277.1985276663913
world_model_cem,47,486,-284.2501880792829
world_model_cem,47,487,-274.9801992978531
world_model_cem,47,488,-267.9553298396086
world_model_cem,47,489,-269.671455892029
world_model_cem,47,490,-283.4003517784727
world_model_cem,47,491,-278.02708123127826
world_model_cem,47,492,-277.61458201202754
world_model_cem,47,493,-273.77441817205977
world_model_cem,47,494,-272.94386002260535
world_model_cem,47,495,-266.9092056321869
world_model_cem,47,496,-259.0709769989488
world_model_cem,47,497,-264.5391842163855
world_model_cem,47,498,-259.5304446801675
world_model_cem,47,499,-256.39046223874743
world_model_cem,47,500,-253.15916282873047
world_model_cem,47,501,-257.7312441944091
world_model_cem,47,502,-263.5642976842815
world_model_cem,47,503,-259.36906151089136
world_model_cem,47,504,-268.323706307377
world_model_cem,47,505,-263.56942539385227
world_model_cem,47,506,-278.93767288684194
world_model_cem,47,507,-269.35474409830863
world_model_cem,47,508,-279.23375132201556
world_model_cem,47,509,-266.6525558641298
world_model_cem,47,510,-285.154381803536
world_model_cem,47,511,-272.9538556718668
world_model_cem,47,512,-268.7900935378118
world_model_cem,47,513,-277.2672198472693
world_model_cem,47,514,-281.1222797084983
world_model_cem,47,515,-272.7341335640807
world_model_cem,47,516,-266.8875966078187
world_model_cem,47,517,-261.00115873055574
world_model_cem,47,518,-239.99758787239702
world_model_cem,47,519,-245.6344166831134
world_model_cem,47,520,-248.32543007643235
world_model_cem,47,521,-253.50985136785823
world_model_cem,47,522,-249.15314263305584
world_model_cem,47,523,-257.53341685594046
world_model_cem,47,524,-264.47994251229034
world_model_cem,47,525,-267.74264576472183
world_model_cem,47,526,-270.4303492190554
world_model_cem,47,527,-279.853878530878
world_model_cem,47,528,-284.4459644991547
world_model_cem,47,529,-280.1950168296797
world_model_cem,47,530,-273.58887601285534
world_model_cem,47,531,-277.10089565387784
world_model_cem,47,532,-281.6514159310367
world_model_cem,47,533,-273.00086770649625
world_model_cem,47,534,-271.49562518831897
world_model_cem,47,535,-278.7400953812086
world_model_cem,47,536,-276.6630875587214
world_model_cem,47,537,-270.45634332467904
world_model_cem,47,538,-265.9068494805742
world_model_cem,47,539,-243.2024018811416
world_model_cem,47,540,-253.02413868076408
world_model_cem,47,541,-244.3803036956274
world_model_cem,47,542,-253.92514282481937
world_model_cem,47,543,-255.85794545335494
world_model_cem,47,544,-247.87725564508847
world_model_cem,47,545,-251.2984187261185
world_model_cem,47,546,-262.04391252787946
world_model_cem,47,547,-271.72929194174924
world_model_cem,47,548,-277.42589597018923
world_model_cem,47,549,-272.09702880881093
world_model_cem,47,550,-271.17774343666326
world_model_cem,47,551,-286.15588618302684
world_model_cem,47,552,-270.2264544173728
world_model_cem,47,553,-284.9497043419717
world_model_cem,47,554,-273.6806117711755
world_model_cem,47,555,-276.54081033499364
world_model_cem,47,556,-278.97641670956284
world_model_cem,47,557,-279.04114751467716
world_model_cem,47,558,-271.21466672791536
world_model_cem,47,559,-262.4022270017708
world_model_cem,47,560,-259.2375170011822
world_model_cem,47,561,-254.7855932658812
world_model_cem,47,562,-249.69307945121835
world_model_cem,47,563,-246.26240810937338
world_model_cem,47,564,-252.53704262084634
world_model_cem,47,565,-252.25488375783434
world_model_cem,47,566,-259.1984946506349
world_model_cem,47,567,-257.90439524204356
world_model_cem,47,568,-269.7218700026459
world_model_cem,47,569,-277.6677961016424
world_model_cem,47,570,-277.81204293882325
world_model_cem,47,571,-284.3177461001895
world_model_cem,47,572,-278.7520241248052
world_model_cem,47,573,-285.86570973871756
world_model_cem,47,574,-287.7525952638166
world_model_cem,47,575,-281.3536783831672
world_model_cem,47,576,-275.5828988973682
world_model_cem,47,577,-268.00403699028504
world_model_cem,47,578,-274.15790209712833
world_model_cem,47,579,-266.3583033484395
world_model_cem,47,580,-276.50421574568225
world_model_cem,47,581,-275.343933372333
world_model_cem,47,582,-247.0350779411042
world_model_cem,47,583,-258.2629523673817
world_model_cem,47,584,-253.84848111064358
world_model_cem,47,585,-250.54755458698867
world_model_cem,47,586,-258.3305138344129
world_model_cem,47,587,-244.57130296028458
world_model_cem,47,588,-255.39842714580806
world_model_cem,47,589,-255.52871036532693
world_model_cem,47,590,-256.06511114768125
world_model_cem,47,591,-265.5662221797646
world_model_cem,47,592,-273.1401782530236
world_model_cem,47,593,-283.9159035725636
world_model_cem,47,594,-262.80234861135875
world_model_cem,47,595,-277.3078744051689
world_model_cem,47,596,-279.721541167827
world_model_cem,47,597,-278.2671022317741
world_model_cem,47,598,-273.8582451299259
world_model_cem,47,599,-281.20487326406044
world_model_cem,47,600,-272.42356702904647
world_model_cem,47,601,-270.4085622577098
world_model_cem,47,602,-257.43016262550344
world_model_cem,47,603,-250.67180479367806
world_model_cem,47,604,-254.1684664356174
world_model_cem,47,605,-249.26325028438663
world_model_cem,47,606,-248.37205698295116
world_model_cem,47,607,-258.16612663674323
world_model_cem,47,608,-254.77009587523787
world_model_cem,47,609,-259.18172405736703
world_model_cem,47,610,-269.77564478716045
world_model_cem,47,611,-264.73376207914026
world_model_cem,47,612,-275.9643670704022
world_model_cem,47,613,-272.5617070237172
world_model_cem,47,614,-284.98702802705986
world_model_cem,47,615,-284.2022770605744
world_model_cem,47,616,-277.0396684287648
world_model_cem,47,617,-270.9591921573649
world_model_cem,47,618,-273.74934166163007
world_model_cem,47,619,-281.2931528959524
world_model_cem,47,620,-274.05929267985096
world_model_cem,47,621,-270.9968833360872
world_model_cem,47,622,-264.9434403632232
world_model_cem,47,623,-258.4076722465619
world_model_cem,47,624,-249.44539272864264
world_model_cem,47,625,-254.75689343120274
world_model_cem,47,626,-251.67752418936016
world_model_cem,47,627,-256.86502453649985
world_model_cem,47,628,-253.6923868690821
world_model_cem,47,629,-258.304878166527
world_model_cem,47,630,-260.4021649695802
world_model_cem,47,631,-264.8815113246393
world_model_cem,47,632,-275.5920169191994
world_model_cem,47,633,-280.8745288319375
world_model_cem,47,634,-289.19571849293004
world_model_cem,47,635,-284.3279607828195
world_model_cem,47,636,-279.99327611967493
world_model_cem,47,637,-279.9115789968682
world_model_cem,47,638,-286.9451897899621
world_model_cem,47,639,-277.6086179306096
world_model_cem,47,640,-275.32259964482233
world_model_cem,47,641,-274.38502359515485
world_model_cem,47,642,-272.22610158918485
world_model_cem,47,643,-266.15738694734443
world_model_cem,47,644,-262.9851194848094
world_model_cem,47,645,-252.41814015599383
world_model_cem,47,646,-248.66765075790866
world_model_cem,47,647,-253.26135570609983
world_model_cem,47,648,-252.2198691879188
world_model_cem,47,649,-249.43733250311297
world_model_cem,47,650,-254.26626393155186
world_model_cem,47,651,-260.2149947973679
world_model_cem,47,652,-255.97233921865302
world_model_cem,47,653,-271.98336135694575
world_model_cem,47,654,-276.95500200433156
world_model_cem,47,655,-280.73211495619796
world_model_cem,47,656,-292.1586583064563
world_model_cem,47,657,-266.2029666410859
world_model_cem,47,658,-277.41128973465226
world_model_cem,47,659,-291.40239473290006
world_model_cem,47,660,-285.64215092000444
world_model_cem,47,661,-275.7169966966037
world_model_cem,47,662,-272.4876156070352
world_model_cem,47,663,-284.2872106351914
world_model_cem,47,664,-277.81443166573524
world_model_cem,47,665,-266.4662271471717
world_model_cem,47,666,-257.7621681745373
world_model_cem,47,667,-259.40878800783327
world_model_cem,47,668,-256.2209332549848
world_model_cem,47,669,-247.5573759264285
world_model_cem,47,670,-238.33977556583758
world_model_cem,47,671,-248.8327355330548
world_model_cem,47,672,-251.9503140293794
world_model_cem,47,673,-256.3635564699987
world_model_cem,47,674,-260.5904577554772
world_model_cem,47,675,-266.97261301667504
world_model_cem,47,676,-270.67204057191975
world_model_cem,47,677,-273.0925371251591
world_model_cem,47,678,-276.6845661636787
world_model_cem,47,679,-281.24091889753174
world_model_cem,47,680,-285.72659241628014
world_model_cem,47,681,-288.0469548550641
world_model_cem,47,682,-288.8596809058055
world_model_cem,47,683,-281.3776226929714
world_model_cem,47,684,-287.2541417344513
world_model_cem,47,685,-277.5386906023537
world_model_cem,47,686,-266.67048116514684
world_model_cem,47,687,-255.36960504511006
world_model_cem,47,688,-264.02996403090054
world_model_cem,47,689,-256.22091928132335
world_model_cem,47,690,-249.5043003091552
world_model_cem,47,691,-255.82758935938165
world_model_cem,47,692,-251.03288308286642
world_model_cem,47,693,-255.07022566742518
world_model_cem,47,694,-255.51530756042757
world_model_cem,47,695,-263.69690895513645
world_model_cem,47,696,-267.4946266076363
world_model_cem,47,697,-277.56350288298717
world_model_cem,47,698,-281.6186963185359
world_model_cem,47,699,-278.0914907240979
world_model_cem,47,700,-287.08507026518885
world_model_cem,47,701,-277.25015255318226
world_model_cem,47,702,-286.72902824969424
world_model_cem,47,703,-287.9444085495515
world_model_cem,47,704,-277.9147186468116
world_model_cem,47,705,-282.06836113597853
world_model_cem,47,706,-277.8704904328633
world_model_cem,47,707,-279.9927959382826
world_model_cem,47,708,-280.36566869507845
world_model_cem,47,709,-274.6581354609502
world_model_cem,47,710,-279.80377059519003
world_model_cem,47,711,-281.1920267006393
world_model_cem,47,712,-274.62124125771163
world_model_cem,47,713,-263.5874644130709
world_model_cem,47,714,-264.97814625555554
world_model_cem,47,715,-265.2665443857405
world_model_cem,47,716,-256.69334945840137
world_model_cem,47,717,-258.60133831158026
world_model_cem,47,718,-256.7103186032033
world_model_cem,47,719,-256.9101063008492
world_model_cem,47,720,-255.6761881264057
world_model_cem,47,721,-260.7387815877356
world_model_cem,47,722,-264.07221980703866
world_model_cem,47,723,-256.46915074315336
world_model_cem,47,724,-274.43226137857823
world_model_cem,47,725,-269.67359713447706
world_model_cem,47,726,-273.97734689862847
world_model_cem,47,727,-280.1158775630305
world_model_cem,47,728,-285.1831211688929
world_model_cem,47,729,-275.39874038275116
world_model_cem,47,730,-280.24113768352356
world_model_cem,47,731,-274.0503618297415
world_model_cem,47,732,-281.47267132858667
world_model_cem,47,733,-276.56751315299385
world_model_cem,47,734,-276.48401492227504
world_model_cem,47,735,-272.8384012324184
world_model_cem,47,736,-247.5009864998858
world_model_cem,47,737,-252.12878962571986
world_model_cem,47,738,-258.95191390417153
world_model_cem,47,739,-254.79741104944236
world_model_cem,47,740,-250.80624574604366
world_model_cem,47,741,-257.16467595271166
world_model_cem,47,742,-250.15444168293033
world_model_cem,47,743,-255.94213637679553
world_model_cem,47,744,-265.39467471551455
world_model_cem,47,745,-271.0785736956551
world_model_cem,47,746,-271.34214837279217
world_model_cem,47,747,-274.16531503468724
world_model_cem,47,748,-276.1879147413696
world_model_cem,47,749,-278.19954977520877
world_model_cem,47,750,-285.7285095317015
world_model_cem,47,751,-278.081284422781
world_model_cem,47,752,-281.6808847886801
world_model_cem,47,753,-289.8166369293105
world_model_cem,47,754,-264.63910304620566
world_model_cem,47,755,-272.3139796621119
world_model_cem,47,756,-259.3128045458307
world_model_cem,47,757,-255.68861402993792
world_model_cem,47,758,-253.1651145204639
world_model_cem,47,759,-243.20105844035427
world_model_cem,47,760,-253.24747749113965
world_model_cem,47,761,-253.1370436253149
world_model_cem,47,762,-253.00717538078456
world_model_cem,47,763,-257.58136508060085
world_model_cem,47,764,-260.81188230434475
world_model_cem,47,765,-261.61463623124297
world_model_cem,47,766,-277.97718913164607
world_model_cem,47,767,-283.5169094456347
world_model_cem,47,768,-288.4585641334889
world_model_cem,47,769,-286.91700646118414
world_model_cem,47,770,-288.1796203188099
world_model_cem,47,771,-280.6820842819475
world_model_cem,47,772,-278.2575601846695
world_model_cem,47,773,-288.1733167771596
world_model_cem,47,774,-277.9670871712921
world_model_cem,47,775,-277.03615903305194
world_model_cem,47,776,-278.54120304916705
world_model_cem,47,777,-263.3551410821767
world_model_cem,47,778,-254.658787765197
world_model_cem,47,779,-256.4276336477963
world_model_cem,47,780,-254.52303240103342
world_model_cem,47,781,-248.8773469280901
world_model_cem,47,782,-254.10820678496714
world_model_cem,47,783,-247.05596294472375
world_model_cem,47,784,-256.41784943427507
world_model_cem,47,785,-255.29477865174852
world_model_cem,47,786,-237.68367824705717
world_model_cem,47,787,-270.90962469745875
world_model_cem,47,788,-275.39943795258205
world_model_cem,47,789,-283.03230664118587
world_model_cem,47,790,-288.1070920391083
world_model_cem,47,791,-280.27115645584536
world_model_cem,47,792,-284.54238224888184
world_model_cem,47,793,-272.81974071911804
world_model_cem,47,794,-272.250834020953
world_model_cem,47,795,-270.1751948850974
world_model_cem,47,796,-263.6348473403923
world_model_cem,47,797,-263.0209207155596
world_model_cem,47,798,-257.74639131326137
world_model_cem,47,799,-245.30784991039894
world_model_cem,47,800,-251.204163480477
world_model_cem,47,801,-253.35424303108744
world_model_cem,47,802,-258.1249257880569
world_model_cem,47,803,-267.89931510648245
world_model_cem,47,804,-270.172140882962
world_model_cem,47,805,-282.7186597508184
world_model_cem,47,806,-288.1922549599488
world_model_cem,47,807,-289.0399410766952
world_model_cem,47,808,-289.66194413226395
world_model_cem,47,809,-285.9019372835414
world_model_cem,47,810,-282.37401337773116
world_model_cem,47,811,-284.8447786306579
world_model_cem,47,812,-276.73766244623664
world_model_cem,47,813,-286.97436126248925
world_model_cem,47,814,-264.3686682361329
world_model_cem,47,815,-265.5009434263535
world_model_cem,47,816,-260.82238104610354
world_model_cem,47,817,-257.62328721857415
world_model_cem,47,818,-251.5806903952402
world_model_cem,47,819,-245.95922530023932
world_model_cem,47,820,-230.2837912924473
world_model_cem,47,821,-253.02637776477954
world_model_cem,47,822,-254.57151670538278
world_model_cem,47,823,-259.22096590514707
world_model_cem,47,824,-264.83274073569623
world_model_cem,47,825,-261.81188785448876
world_model_cem,47,826,-275.2733614637317
world_model_cem,47,827,-284.87813724419857
world_model_cem,47,828,-286.4992283080751
world_model_cem,47,829,-278.79631790240296
world_model_cem,47,830,-288.19069100636835
world_model_cem,47,831,-285.04270124041324
world_model_cem,47,832,-294.26467593554355
world_model_cem,47,833,-280.1543231002065
world_model_cem,47,834,-274.64375722034214
world_model_cem,47,835,-256.0446537909394
world_model_cem,47,836,-257.7424016593331
world_model_cem,47,837,-255.98695649468675
world_model_cem,47,838,-245.13557162642047
world_model_cem,47,839,-250.7234254306077
world_model_cem,47,840,-243.38978316757888
world_model_cem,47,841,-252.27862581491962
world_model_cem,47,842,-251.3260446217322
world_model_cem,47,843,-256.526068738346
world_model_cem,47,844,-261.61125398367716
world_model_cem,47,845,-274.1098210452675
world_model_cem,47,846,-279.5691927068591
world_model_cem,47,847,-287.4294298589186
world_model_cem,47,848,-292.55722230422316
world_model_cem,47,849,-287.5402051119556
world_model_cem,47,850,-293.9198326827685
world_model_cem,47,851,-295.7554082333161
world_model_cem,47,852,-282.32941866904537
world_model_cem,47,853,-277.29081484838133
world_model_cem,47,854,-282.99278034605
world_model_cem,47,855,-275.867864260319
world_model_cem,47,856,-265.574258059844
world_model_cem,47,857,-264.568000280063
world_model_cem,47,858,-255.44222733754128
world_model_cem,47,859,-250.32473001167983
world_model_cem,47,860,-250.18276994573864
world_model_cem,47,861,-234.2358375717292
world_model_cem,47,862,-251.5451413908089
world_model_cem,47,863,-248.43054632097096
world_model_cem,47,864,-248.39608927349585
world_model_cem,47,865,-254.8768874520806
world_model_cem,47,866,-270.27714984418077
world_model_cem,47,867,-279.91143038846803
world_model_cem,47,868,-286.6870287991895
world_model_cem,47,869,-289.93200741593677
world_model_cem,47,870,-276.8589740877564
world_model_cem,47,871,-280.6390644546867
world_model_cem,47,872,-288.57300972539866
world_model_cem,47,873,-280.7956272046273
world_model_cem,47,874,-286.4264015312364
world_model_cem,47,875,-269.92086571186906
world_model_cem,47,876,-278.3721019297906
world_model_cem,47,877,-269.48143407145125
world_model_cem,47,878,-263.14369954286025
world_model_cem,47,879,-257.47108519816305
world_model_cem,47,880,-252.5568930141386
world_model_cem,47,881,-252.28856120895597
world_model_cem,47,882,-245.84489270284953
world_model_cem,47,883,-252.47878256859556
world_model_cem,47,884,-252.46174075861407
world_model_cem,47,885,-244.97182904744523
world_model_cem,47,886,-259.72408292134975
world_model_cem,47,887,-275.8116847980652
world_model_cem,47,888,-280.08778820517307
world_model_cem,47,889,-277.1278954551916
world_model_cem,47,890,-286.23066904576274
world_model_cem,47,891,-284.71751302778375
world_model_cem,47,892,-282.95294909787737
world_model_cem,47,893,-282.42936411788196
world_model_cem,47,894,-274.6399679307623
world_model_cem,47,895,-282.3601853342833
world_model_cem,47,896,-280.1570097727025
world_model_cem,47,897,-286.5618358502365
world_model_cem,47,898,-284.89864456916894
world_model_cem,47,899,-267.34689024390946
world_model_cem,47,900,-265.40735522789333
world_model_cem,47,901,-253.4510949485633
world_model_cem,47,902,-252.82082314008193
world_model_cem,47,903,-255.1859824549817
world_model_cem,47,904,-255.94624853863627
world_model_cem,47,905,-245.32745907551907
world_model_cem,47,906,-254.6476685820115
world_model_cem,47,907,-261.9298608882195
world_model_cem,47,908,-262.4363041064645
world_model_cem,47,909,-260.30745384324837
world_model_cem,47,910,-266.35469906082596
world_model_cem,47,911,-280.60783967542295
world_model_cem,47,912,-280.63809898749935
world_model_cem,47,913,-274.0563091256323
world_model_cem,47,914,-284.5592688909634
world_model_cem,47,915,-279.2990927508094
world_model_cem,47,916,-276.62330795163615
world_model_cem,47,917,-273.2391868023542
world_model_cem,47,918,-284.14932099083416
world_model_cem,47,919,-266.20850431957825
world_model_cem,47,920,-269.1545026495033
world_model_cem,47,921,-265.1537570027005
world_model_cem,47,922,-256.73684516236835
world_model_cem,47,923,-259.91222221383015
world_model_cem,47,924,-258.18536840131975
world_model_cem,47,925,-251.62369014350998
world_model_cem,47,926,-241.55716315091786
world_model_cem,47,927,-258.2427543997999
world_model_cem,47,928,-268.09028461769617
world_model_cem,47,929,-263.83041492799396
world_model_cem,47,930,-275.6219880785774
world_model_cem,47,931,-282.4861649763072
world_model_cem,47,932,-290.35347944158275
world_model_cem,47,933,-286.85442370888455
world_model_cem,47,934,-289.0586869011734
world_model_cem,47,935,-278.8913604966318
world_model_cem,47,936,-266.90829664714045
world_model_cem,47,937,-266.22889992887985
world_model_cem,47,938,-271.36077209479254
world_model_cem,47,939,-275.0707890937912
world_model_cem,47,940,-273.71304217571804
world_model_cem,47,941,-253.75294539240963
world_model_cem,47,942,-260.28973837692877
world_model_cem,47,943,-257.84503342369715
world_model_cem,47,944,-253.3889971070165
world_model_cem,47,945,-246.14411454377966
world_model_cem,47,946,-245.77411806596257
world_model_cem,47,947,-242.7077061589434
world_model_cem,47,948,-254.94967498500952
world_model_cem,47,949,-260.583646013396
world_model_cem,47,950,-268.44708942727937
world_model_cem,47,951,-264.9384519563966
world_model_cem,47,952,-281.52842197778966
world_model_cem,47,953,-284.4393664617942
world_model_cem,47,954,-288.3618623371653
world_model_cem,47,955,-272.0055782645664
world_model_cem,47,956,-284.6322642491058
world_model_cem,47,957,-281.75712477896474
world_model_cem,47,958,-269.1374806630732
world_model_cem,47,959,-278.03816153249744
world_model_cem,47,960,-275.9974653335071
world_model_cem,47,961,-273.5184790657446
world_model_cem,47,962,-272.4242486419362
world_model_cem,47,963,-270.85502056781155
world_model_cem,47,964,-264.55342763647747
world_model_cem,47,965,-249.60175599655497
world_model_cem,47,966,-252.80139846151712
world_model_cem,47,967,-247.54698750473258
world_model_cem,47,968,-250.7696492730349
world_model_cem,47,969,-237.9323118856649
world_model_cem,47,970,-254.82085731308433
world_model_cem,47,971,-256.88355753128434
world_model_cem,47,972,-255.22442478298285
world_model_cem,47,973,-264.07896824932175
world_model_cem,47,974,-272.8170432618218
world_model_cem,47,975,-279.01639435306686
world_model_cem,47,976,-277.0226027157355
world_model_cem,47,977,-275.2921970749544
world_model_cem,47,978,-273.82082987141376
world_model_cem,47,979,-274.5014603354408
world_model_cem,47,980,-281.1229557477741
world_model_cem,47,981,-277.83701477748133
world_model_cem,47,982,-275.656346841404
world_model_cem,47,983,-277.29809404387345
world_model_cem,47,984,-269.6825493791695
world_model_cem,47,985,-277.72472449261153
world_model_cem,47,986,-262.58904929030587
world_model_cem,47,987,-268.92983020977834
world_model_cem,47,988,-261.6283261352423
world_model_cem,47,989,-260.806426415984
world_model_cem,47,990,-253.0581762145699
world_model_cem,47,991,-247.73830286823045
world_model_cem,47,992,-254.28374203117983
world_model_cem,47,993,-256.70751384524584
world_model_cem,47,994,-250.74097437678932
world_model_cem,47,995,-255.71410210576818
world_model_cem,47,996,-265.8341215134406
world_model_cem,47,997,-271.50317445255416
world_model_cem,47,998,-271.2729601488967
world_model_cem,47,999,-280.43474987818564
world_model_cem,47,1000,-271.3704706277463
world_model_cem,48,1,-188.12080514878653
world_model_cem,48,2,-194.9778798318783
world_model_cem,48,3,-200.2404116120714
world_model_cem,48,4,-189.9721736031259
world_model_cem,48,5,-207.15242891853947
world_model_cem,48,6,-197.21173435689857
world_model_cem,48,7,-191.88112828596223
world_model_cem,48,8,-161.01501368060215
world_model_cem,48,9,-176.35670163992881
world_model_cem,48,10,-171.74448529823474
world_model_cem,48,11,-200.8109567441634
world_model_cem,48,12,-193.33629262280687
world_model_cem,48,13,-197.43065045052478
world_model_cem,48,14,-215.17577936167748
world_model_cem,48,15,-210.87458592340514
world_model_cem,48,16,-268.69382866534374
world_model_cem,48,17,-274.83968009165517
world_model_cem,48,18,-244.49094991851413
world_model_cem,48,19,-226.12865468455612
world_model_cem,48,20,-272.7551581459235
world_model_cem,48,21,-286.92413445402974
world_model_cem,48,22,-257.0406951898861
world_model_cem,48,23,-225.65007060501262
world_model_cem,48,24,-218.58706870477843
world_model_cem,48,25,-281.6696725730811
world_model_cem,48,26,-255.26965862976655
world_model_cem,48,27,-251.29067166828543
world_model_cem,48,28,-243.76757814805777
world_model_cem,48,29,-243.01822958196945
world_model_cem,48,30,-271.47843709193205
world_model_cem,48,31,-228.0497191924275
world_model_cem,48,32,-205.8077894415207
world_model_cem,48,33,-227.11232652647527
world_model_cem,48,34,-201.8231175855595
world_model_cem,48,35,-223.58483961079756
world_model_cem,48,36,-196.4763270583822
world_model_cem,48,37,-199.8982372608819
world_model_cem,48,38,-211.7654644670315
world_model_cem,48,39,-207.98925324029136
world_model_cem,48,40,-210.31097017140524
world_model_cem,48,41,-213.69323238216276
world_model_cem,48,42,-215.4991905993037
world_model_cem,48,43,-218.37913496937531
world_model_cem,48,44,-209.27378720455016
world_model_cem,48,45,-221.9817059273061
world_model_cem,48,46,-247.43899109818528
world_model_cem,48,47,-225.62687794855634
world_model_cem,48,48,-223.19443948072188
world_model_cem,48,49,-238.60127273050148
world_model_cem,48,50,-231.50138968542223
world_model_cem,48,51,-255.18900726556095
world_model_cem,48,52,-230.56680107980588
world_model_cem,48,53,-218.28619674603786
world_model_cem,48,54,-232.40706925562054
world_model_cem,48,55,-263.0659560062507
world_model_cem,48,56,-271.13224770890395
world_model_cem,48,57,-234.84738555111966
world_model_cem,48,58,-215.79608920298358
world_model_cem,48,59,-218.95710655280044
world_model_cem,48,60,-249.82520401860825
world_model_cem,48,61,-229.7344922394976
world_model_cem,48,62,-268.0981626604158
world_model_cem,48,63,-219.4672527797787
world_model_cem,48,64,-215.49744576326816
world_model_cem,48,65,-229.80181605002298
world_model_cem,48,66,-217.05275711147982
world_model_cem,48,67,-261.1416760807079
world_model_cem,48,68,-282.6417212556998
world_model_cem,48,69,-231.7852586897353
world_model_cem,48,70,-239.3157467850896
world_model_cem,48,71,-214.35951564541386
world_model_cem,48,72,-210.46840758037592
world_model_cem,48,73,-220.97219503882678
world_model_cem,48,74,-217.00198091424284
world_model_cem,48,75,-280.4964171617961
world_model_cem,48,76,-239.3525351350711
world_model_cem,48,77,-227.46416960663413
world_model_cem,48,78,-228.36793825892488
world_model_cem,48,79,-234.51740533451374
world_model_cem,48,80,-221.1222923069539
world_model_cem,48,81,-257.2830549093104
world_model_cem,48,82,-207.75371485697949
world_model_cem,48,83,-229.60573406905428
world_model_cem,48,84,-262.99083316817814
world_model_cem,48,85,-226.94711545316022
world_model_cem,48,86,-258.01769195584666
world_model_cem,48,87,-198.44087745327988
world_model_cem,48,88,-212.7250710174091
world_model_cem,48,89,-220.2731204074874
world_model_cem,48,90,-233.77423892238215
world_model_cem,48,91,-224.91565306550768
world_model_cem,48,92,-203.90967643961437
world_model_cem,48,93,-261.41069722053544
world_model_cem,48,94,-214.81584251965018
world_model_cem,48,95,-247.0694721823465
world_model_cem,48,96,-212.01251805936406
world_model_cem,48,97,-214.3196286882307
world_model_cem,48,98,-219.9642707299401
world_model_cem,48,99,-273.85878061833307
world_model_cem,48,100,-248.50495119497498
world_model_cem,48,101,-211.5876093366643
world_model_cem,48,102,-278.2835457440026
world_model_cem,48,103,-251.71288929366304
world_model_cem,48,104,-248.80028771834566
world_model_cem,48,105,-261.69512706855016
world_model_cem,48,106,-228.74162655543026
world_model_cem,48,107,-268.6523499118616
world_model_cem,48,108,-219.35153264531144
world_model_cem,48,109,-278.5315638055888
world_model_cem,48,110,-281.8660401296445
world_model_cem,48,111,-259.92801872692877
world_model_cem,48,112,-206.3710926841787
world_model_cem,48,113,-232.40781400021905
world_model_cem,48,114,-259.50596352469057
world_model_cem,48,115,-282.4099128872175
world_model_cem,48,116,-263.4485650827954
world_model_cem,48,117,-227.33155221130025
world_model_cem,48,118,-272.42018579833905
world_model_cem,48,119,-203.6144141163261
world_model_cem,48,120,-194.7686160434717
world_model_cem,48,121,-231.745142825053
world_model_cem,48,122,-261.7547183757434
world_model_cem,48,123,-183.9664667508148
world_model_cem,48,124,-295.79926683987253
world_model_cem,48,125,-238.80288267792724
world_model_cem,48,126,-185.91777431254982
world_model_cem,48,127,-238.0842367224545
world_model_cem,48,128,-197.8698764665004
world_model_cem,48,129,-294.89677410569516
world_model_cem,48,130,-209.2591123817719
world_model_cem,48,131,-292.2202296831362
world_model_cem,48,132,-297.3298589687748
world_model_cem,48,133,-283.73495024192096
world_model_cem,48,134,-293.705983263312
world_model_cem,48,135,-286.83474273753757
world_model_cem,48,136,-283.66056157940614
world_model_cem,48,137,-282.85149611497354
world_model_cem,48,138,-279.74172804936734
world_model_cem,48,139,-279.7355454508751
world_model_cem,48,140,-279.68062347086186
world_model_cem,48,141,-275.37957941606226
world_model_cem,48,142,-280.1975123745585
world_model_cem,48,143,-279.54389496045576
world_model_cem,48,144,-280.746018029533
world_model_cem,48,145,-286.66179595461665
world_model_cem,48,146,-289.29361903837975
world_model_cem,48,147,-287.74331861331757
world_model_cem,48,148,-293.74313662368337
world_model_cem,48,149,-302.0421930419861
world_model_cem,48,150,-293.80848950219223
world_model_cem,48,151,-305.2165545035419
world_model_cem,48,152,-291.23183765109536
world_model_cem,48,153,-299.9373529639005
world_model_cem,48,154,-295.499504720115
world_model_cem,48,155,-289.91345592392275
world_model_cem,48,156,-291.87224891330254
world_model_cem,48,157,-286.3712436178929
world_model_cem,48,158,-285.45607775609864
world_model_cem,48,159,-277.59478346985304
world_model_cem,48,160,-280.857833859416
world_model_cem,48,161,-283.75952636531815
world_model_cem,48,162,-282.9318275806569
world_model_cem,48,163,-271.0180947370958
world_model_cem,48,164,-278.28604035410217
world_model_cem,48,165,-271.5625341000963
world_model_cem,48,166,-269.63314966174687
world_model_cem,48,167,-277.9156943767807
world_model_cem,48,168,-279.8912711796445
world_model_cem,48,169,-274.32615329027834
world_model_cem,48,170,-274.13053125888746
world_model_cem,48,171,-276.00384268958743
world_model_cem,48,172,-281.47356960241746
world_model_cem,48,173,-271.48836659051364
world_model_cem,48,174,-275.28775352024644
world_model_cem,48,175,-264.0027952151342
world_model_cem,48,176,-262.6550038582093
world_model_cem,48,177,-260.460948301277
world_model_cem,48,178,-260.20139098156096
world_model_cem,48,179,-270.0878290170733
world_model_cem,48,180,-261.5010703257759
world_model_cem,48,181,-262.21217072932126
world_model_cem,48,182,-261.89456526257015
world_model_cem,48,183,-272.10083960146505
world_model_cem,48,184,-268.21013378637167
world_model_cem,48,185,-285.30903823502086
world_model_cem,48,186,-279.8264582489769
world_model_cem,48,187,-290.6120937903268
world_model_cem,48,188,-296.9533301741209
world_model_cem,48,189,-288.64275736389885
world_model_cem,48,190,-269.9931574454632
world_model_cem,48,191,-295.38966104998525
world_model_cem,48,192,-289.98742402960875
world_model_cem,48,193,-298.85247148380836
world_model_cem,48,194,-295.6258299307573
world_model_cem,48,195,-290.7416400234591
world_model_cem,48,196,-283.70507978398666
world_model_cem,48,197,-281.4233764264277
world_model_cem,48,198,-275.2127544315715
world_model_cem,48,199,-272.99750521329236
world_model_cem,48,200,-275.9473241488246
world_model_cem,48,201,-271.1565558626305
world_model_cem,48,202,-273.4598351094672
world_model_cem,48,203,-268.6388616577029
world_model_cem,48,204,-265.485242957564
world_model_cem,48,205,-265.14610971426396
world_model_cem,48,206,-259.82170994387343
world_model_cem,48,207,-256.03978491410896
world_model_cem,48,208,-251.69721509859716
world_model_cem,48,209,-255.3122569235478
world_model_cem,48,210,-266.9687980815477
world_model_cem,48,211,-260.3849701014044
world_model_cem,48,212,-262.10001946800554
world_model_cem,48,213,-264.84837930246573
world_model_cem,48,214,-264.70867882740595
world_model_cem,48,215,-264.9956026606468
world_model_cem,48,216,-282.79230057822815
world_model_cem,48,217,-284.31776573314534
world_model_cem,48,218,-292.04383152226967
world_model_cem,48,219,-285.3193236779855
world_model_cem,48,220,-291.27339550003984
world_model_cem,48,221,-291.29464532725734
world_model_cem,48,222,-297.03828277033176
world_model_cem,48,223,-292.5793724952784
world_model_cem,48,224,-292.5553673765005
world_model_cem,48,225,-284.32878831709223
world_model_cem,48,226,-287.92627625332096
world_model_cem,48,227,-290.38098435743444
world_model_cem,48,228,-288.64927427537236
world_model_cem,48,229,-289.79983025868404
world_model_cem,48,230,-286.95060478890167
world_model_cem,48,231,-287.88402084221093
world_model_cem,48,232,-287.7923139236329
world_model_cem,48,233,-283.1471927030436
world_model_cem,48,234,-278.6716441736831
world_model_cem,48,235,-278.4450015964642
world_model_cem,48,236,-273.7834843010139
world_model_cem,48,237,-274.80443217488477
world_model_cem,48,238,-281.755724923574
world_model_cem,48,239,-282.2907016128939
world_model_cem,48,240,-277.83454202902925
world_model_cem,48,241,-279.51443383617084
world_model_cem,48,242,-276.31157513516314
world_model_cem,48,243,-283.4491055277457
world_model_cem,48,244,-278.6733271581011
world_model_cem,48,245,-279.5512542552501
world_model_cem,48,246,-279.8303387963438
world_model_cem,48,247,-277.4536301562347
world_model_cem,48,248,-291.69396544137766
world_model_cem,48,249,-289.59295106962594
world_model_cem,48,250,-285.50549872916434
world_model_cem,48,251,-292.8253294847577
world_model_cem,48,252,-294.1233700364129
world_model_cem,48,253,-294.5924573195668
world_model_cem,48,254,-282.9842520032708
world_model_cem,48,255,-296.1662693731149
world_model_cem,48,256,-288.11388975667694
world_model_cem,48,257,-281.73838123109306
world_model_cem,48,258,-286.17877967706227
world_model_cem,48,259,-281.4507137261875
world_model_cem,48,260,-277.60857025726887
world_model_cem,48,261,-281.44489161892585
world_model_cem,48,262,-279.5731377889066
world_model_cem,48,263,-278.8732447010748
world_model_cem,48,264,-278.21277089305386
world_model_cem,48,265,-278.2712972480158
world_model_cem,48,266,-281.30497976377774
world_model_cem,48,267,-283.7979460350831
world_model_cem,48,268,-283.46602440524
world_model_cem,48,269,-276.56476609485225
world_model_cem,48,270,-282.6141488785269
world_model_cem,48,271,-281.69487449858514
world_model_cem,48,272,-285.1830801026096
world_model_cem,48,273,-279.2741638916783
world_model_cem,48,274,-282.7105071037048
world_model_cem,48,275,-287.70612016090377
world_model_cem,48,276,-277.17913195167205
world_model_cem,48,277,-289.63247219464773
world_model_cem,48,278,-280.96286715037354
world_model_cem,48,279,-290.45346045811186
world_model_cem,48,280,-284.9499570583374
world_model_cem,48,281,-285.04111635972635
world_model_cem,48,282,-278.0171583028633
world_model_cem,48,283,-282.3412398768075
world_model_cem,48,284,-278.0309552192874
world_model_cem,48,285,-282.48233978354165
world_model_cem,48,286,-292.22045019084004
world_model_cem,48,287,-292.9849971930345
world_model_cem,48,288,-287.3788723774825
world_model_cem,48,289,-283.7799433773572
world_model_cem,48,290,-287.744798393157
world_model_cem,48,291,-287.0194806844021
world_model_cem,48,292,-285.3188206845451
world_model_cem,48,293,-280.4911818600934
world_model_cem,48,294,-282.0393403482157
world_model_cem,48,295,-283.4097533021793
world_model_cem,48,296,-282.82094460756707
world_model_cem,48,297,-275.99315457234076
world_model_cem,48,298,-285.6624601458532
world_model_cem,48,299,-280.844596569148
world_model_cem,48,300,-276.1673432974651
world_model_cem,48,301,-282.95253105052535
world_model_cem,48,302,-286.7934294122689
world_model_cem,48,303,-286.79408097853684
world_model_cem,48,304,-283.25358499730044
world_model_cem,48,305,-284.32995045920177
world_model_cem,48,306,-289.2752904354529
world_model_cem,48,307,-289.28528833769235
world_model_cem,48,308,-289.50819849871283
world_model_cem,48,309,-285.9884153658665
world_model_cem,48,310,-289.71391076016585
world_model_cem,48,311,-276.1718462394573
world_model_cem,48,312,-275.08789351205667
world_model_cem,48,313,-279.2598927072875
world_model_cem,48,314,-283.90501616610374
world_model_cem,48,315,-283.66024604925303
world_model_cem,48,316,-285.877779143658
world_model_cem,48,317,-272.61345219524276
world_model_cem,48,318,-278.22623386810426
world_model_cem,48,319,-272.2373112860132
world_model_cem,48,320,-280.17065329981233
world_model_cem,48,321,-283.6695978297027
world_model_cem,48,322,-279.288420154977
world_model_cem,48,323,-277.4161425522084
world_model_cem,48,324,-284.2257695900109
world_model_cem,48,325,-282.64962080581245
world_model_cem,48,326,-275.9498308349339
world_model_cem,48,327,-270.27884896706905
world_model_cem,48,328,-281.24303375249985
world_model_cem,48,329,-286.68192759721603
world_model_cem,48,330,-282.576443425664
world_model_cem,48,331,-287.0869981898728
world_model_cem,48,332,-283.7856495370861
world_model_cem,48,333,-288.6485669271418
world_model_cem,48,334,-278.5934603272491
world_model_cem,48,335,-280.78430056491504
world_model_cem,48,336,-292.65125240383657
world_model_cem,48,337,-287.0676186773668
world_model_cem,48,338,-281.9750737475782
world_model_cem,48,339,-287.6754429137266
world_model_cem,48,340,-283.8067307345833
world_model_cem,48,341,-284.17376504651713
world_model_cem,48,342,-285.7526890683027
world_model_cem,48,343,-286.546213590168
world_model_cem,48,344,-280.2487888239284
world_model_cem,48,345,-283.212917855328
world_model_cem,48,346,-284.3141646041892
world_model_cem,48,347,-279.68293130586244
world_model_cem,48,348,-278.9194755692706
world_model_cem,48,349,-284.2258045977472
world_model_cem,48,350,-280.9729942971486
world_model_cem,48,351,-277.1929267495693
world_model_cem,48,352,-291.00296548796405
world_model_cem,48,353,-293.1002980596088
world_model_cem,48,354,-288.8352275727658
world_model_cem,48,355,-277.91545430049774
world_model_cem,48,356,-286.890556308114
world_model_cem,48,357,-286.3384097827539
world_model_cem,48,358,-287.8949742911028
world_model_cem,48,359,-286.0732922691716
world_model_cem,48,360,-281.5173621937909
world_model_cem,48,361,-284.9517806816691
world_model_cem,48,362,-283.30357291740984
world_model_cem,48,363,-280.6714554514112
world_model_cem,48,364,-274.216599524289
world_model_cem,48,365,-279.2848761733088
world_model_cem,48,366,-278.3752842647117
world_model_cem,48,367,-279.12791498303415
world_model_cem,48,368,-276.3857221258854
world_model_cem,48,369,-286.52887071571314
world_model_cem,48,370,-281.49560277199316
world_model_cem,48,371,-283.0719071436772
world_model_cem,48,372,-283.1342140373836
world_model_cem,48,373,-286.0681002746606
world_model_cem,48,374,-285.1927406898854
world_model_cem,48,375,-280.41403739986936
world_model_cem,48,376,-279.81076939571244
world_model_cem,48,377,-284.10452991922637
world_model_cem,48,378,-285.13617236638595
world_model_cem,48,379,-290.6298165716787
world_model_cem,48,380,-281.77594286019473
world_model_cem,48,381,-282.1860113702099
world_model_cem,48,382,-283.96862728355194
world_model_cem,48,383,-288.4060551505153
world_model_cem,48,384,-281.0818988793311
world_model_cem,48,385,-283.6731270659602
world_model_cem,48,386,-280.9076525904249
world_model_cem,48,387,-282.07037338548065
world_model_cem,48,388,-276.21811781447127
world_model_cem,48,389,-275.5455099179294
world_model_cem,48,390,-283.89902458463257
world_model_cem,48,391,-282.3381085710283
world_model_cem,48,392,-283.2179597198645
world_model_cem,48,393,-283.01603746006526
world_model_cem,48,394,-281.77695788147594
world_model_cem,48,395,-280.62238920755095
world_model_cem,48,396,-283.91890355520843
world_model_cem,48,397,-288.5121214032154
world_model_cem,48,398,-283.89185793711715
world_model_cem,48,399,-278.8390215228816
world_model_cem,48,400,-281.9780988612311
world_model_cem,48,401,-285.23428845295894
world_model_cem,48,402,-290.47057270750395
world_model_cem,48,403,-285.6392495086228
world_model_cem,48,404,-281.39236278073605
world_model_cem,48,405,-285.46253357406033
world_model_cem,48,406,-286.2079098462806
world_model_cem,48,407,-287.6668279314831
world_model_cem,48,408,-278.26401149414085
world_model_cem,48,409,-288.6622016238116
world_model_cem,48,410,-277.60817817399334
world_model_cem,48,411,-290.6052507472127
world_model_cem,48,412,-280.5665640386882
world_model_cem,48,413,-279.65811899817277
world_model_cem,48,414,-274.03595521105706
world_model_cem,48,415,-283.7065905469402
world_model_cem,48,416,-271.16651018215373
world_model_cem,48,417,-286.3725036503972
world_model_cem,48,418,-283.21914424121917
world_model_cem,48,419,-280.7919259882319
world_model_cem,48,420,-285.95135033316467
world_model_cem,48,421,-278.29360359137956
world_model_cem,48,422,-283.01403376475434
world_model_cem,48,423,-286.4451568739857
world_model_cem,48,424,-276.83506799183414
world_model_cem,48,425,-286.2066030907829
world_model_cem,48,426,-281.4313365242439
world_model_cem,48,427,-280.86030844315303
world_model_cem,48,428,-285.19644603774714
world_model_cem,48,429,-289.4090954084185
world_model_cem,48,430,-286.6965620595131
world_model_cem,48,431,-283.32856133418244
world_model_cem,48,432,-267.1660249165084
world_model_cem,48,433,-287.53663628079255
world_model_cem,48,434,-288.9987073012427
world_model_cem,48,435,-279.08587898545153
world_model_cem,48,436,-284.2018826324968
world_model_cem,48,437,-284.3432753663223
world_model_cem,48,438,-282.2589779359019
world_model_cem,48,439,-286.0087396045243
world_model_cem,48,440,-278.29709269268346
world_model_cem,48,441,-283.04383179430044
world_model_cem,48,442,-278.4055423319248
world_model_cem,48,443,-278.95441874853947
world_model_cem,48,444,-282.24640409636817
world_model_cem,48,445,-279.8794400998177
world_model_cem,48,446,-286.9128821733643
world_model_cem,48,447,-289.03737164562125
world_model_cem,48,448,-280.0073428947869
world_model_cem,48,449,-287.8370070820049
world_model_cem,48,450,-280.2600416642336
world_model_cem,48,451,-283.9226249195348
world_model_cem,48,452,-290.73355273191623
world_model_cem,48,453,-287.1577717903853
world_model_cem,48,454,-283.2754965019911
world_model_cem,48,455,-284.3278699303286
world_model_cem,48,456,-289.5703148001202
world_model_cem,48,457,-289.1057553502248
world_model_cem,48,458,-260.26674804709904
world_model_cem,48,459,-281.3833141456596
world_model_cem,48,460,-283.1522274465764
world_model_cem,48,461,-284.53520014719527
world_model_cem,48,462,-275.5746689021392
world_model_cem,48,463,-280.8101093152463
world_model_cem,48,464,-265.8218678192731
world_model_cem,48,465,-277.9923615762981
world_model_cem,48,466,-276.56133414693073
world_model_cem,48,467,-274.14176618864207
world_model_cem,48,468,-282.77931506097536
world_model_cem,48,469,-289.9626723039934
world_model_cem,48,470,-284.5145608267334
world_model_cem,48,471,-287.0988078374865
world_model_cem,48,472,-291.2899864239661
world_model_cem,48,473,-291.9361763315999
world_model_cem,48,474,-282.4737947939411
world_model_cem,48,475,-290.0089627846644
world_model_cem,48,476,-286.8805885189018
world_model_cem,48,477,-289.44622965387464
world_model_cem,48,478,-287.9116704564757
world_model_cem,48,479,-284.127696900254
world_model_cem,48,480,-284.7954913134748
world_model_cem,48,481,-280.0375113554751
world_model_cem,48,482,-280.43853947306366
world_model_cem,48,483,-287.92533047707974
world_model_cem,48,484,-279.7384113808297
world_model_cem,48,485,-284.37985604383385
world_model_cem,48,486,-267.8018872096378
world_model_cem,48,487,-282.1327469724033
world_model_cem,48,488,-281.8223857668702
world_model_cem,48,489,-279.31549680765687
world_model_cem,48,490,-280.3183562581894
world_model_cem,48,491,-281.992957703633
world_model_cem,48,492,-286.9851313422686
world_model_cem,48,493,-282.10611915748876
world_model_cem,48,494,-285.7340952675262
world_model_cem,48,495,-278.37044957885144
world_model_cem,48,496,-282.38706657533135
world_model_cem,48,497,-287.9711705097786
world_model_cem,48,498,-288.64925982173315
world_model_cem,48,499,-281.9979188591442
world_model_cem,48,500,-281.7731213518496
world_model_cem,48,501,-281.63924825128885
world_model_cem,48,502,-279.0134192509197
world_model_cem,48,503,-284.0319828142465
world_model_cem,48,504,-281.33251210923515
world_model_cem,48,505,-279.0003396186626
world_model_cem,48,506,-280.4920838085618
world_model_cem,48,507,-286.6240600773352
world_model_cem,48,508,-280.13628330093707
world_model_cem,48,509,-285.6562134098318
world_model_cem,48,510,-279.13783734629516
world_model_cem,48,511,-286.26272373039774
world_model_cem,48,512,-277.2325862853646
world_model_cem,48,513,-276.2180536322406
world_model_cem,48,514,-284.5568710198388
world_model_cem,48,515,-280.8690178056514
world_model_cem,48,516,-286.4800969600121
world_model_cem,48,517,-281.1502197001587
world_model_cem,48,518,-281.0359442788558
world_model_cem,48,519,-282.31554318838886
world_model_cem,48,520,-281.6376610072523
world_model_cem,48,521,-280.89126258092585
world_model_cem,48,522,-284.04386501119967
world_model_cem,48,523,-279.5096472573682
world_model_cem,48,524,-274.46294288201307
world_model_cem,48,525,-280.67523352848934
world_model_cem,48,526,-275.4783532282587
world_model_cem,48,527,-278.36877833407175
world_model_cem,48,528,-283.9652660767204
world_model_cem,48,529,-286.63466585522974
world_model_cem,48,530,-278.969844570854
world_model_cem,48,531,-293.4431559126369
world_model_cem,48,532,-284.8492291181555
world_model_cem,48,533,-289.849207124792
world_model_cem,48,534,-288.3215324590034
world_model_cem,48,535,-285.9005789316577
world_model_cem,48,536,-278.546426512794
world_model_cem,48,537,-281.82622714829404
world_model_cem,48,538,-286.1264641059886
world_model_cem,48,539,-284.0620641564678
world_model_cem,48,540,-274.894821226659
world_model_cem,48,541,-279.9661422194537
world_model_cem,48,542,-278.5987737228754
world_model_cem,48,543,-271.5773485566473
world_model_cem,48,544,-271.84144578752625
world_model_cem,48,545,-282.8495281578612
world_model_cem,48,546,-283.79648205670185
world_model_cem,48,547,-286.9779419088924
world_model_cem,48,548,-284.63619290535496
world_model_cem,48,549,-281.6181322854386
world_model_cem,48,550,-283.53487806006194
world_model_cem,48,551,-266.0670800862272
world_model_cem,48,552,-286.3247204676951
world_model_cem,48,553,-284.2645121187718
world_model_cem,48,554,-280.39813901807037
world_model_cem,48,555,-286.4214242469786
world_model_cem,48,556,-288.66407150120097
world_model_cem,48,557,-281.93931807475553
world_model_cem,48,558,-289.45867641137517
world_model_cem,48,559,-280.90625182103076
world_model_cem,48,560,-285.8721735652743
world_model_cem,48,561,-283.9949261460422
world_model_cem,48,562,-282.0861781405838
world_model_cem,48,563,-285.0535000774652
world_model_cem,48,564,-282.4875433776542
world_model_cem,48,565,-282.38481516871354
world_model_cem,48,566,-280.9261582033225
world_model_cem,48,567,-283.5300398785812
world_model_cem,48,568,-276.105891464317
world_model_cem,48,569,-282.12831054020313
world_model_cem,48,570,-274.9550220062037
world_model_cem,48,571,-281.8312354501369
world_model_cem,48,572,-287.9192879062449
world_model_cem,48,573,-286.1931745246975
world_model_cem,48,574,-284.5124469251654
world_model_cem,48,575,-278.3015183657304
world_model_cem,48,576,-285.75029491243123
world_model_cem,48,577,-281.2029432147768
world_model_cem,48,578,-284.7593758847623
world_model_cem,48,579,-279.1923298940283
world_model_cem,48,580,-286.55342269007474
world_model_cem,48,581,-263.5870732177017
world_model_cem,48,582,-282.11271345053945
world_model_cem,48,583,-277.5619409313197
world_model_cem,48,584,-286.6620990635012
world_model_cem,48,585,-286.8260750541351
world_model_cem,48,586,-278.08719451867944
world_model_cem,48,587,-281.89507539943116
world_model_cem,48,588,-285.1385351190072
world_model_cem,48,589,-286.6217228040912
world_model_cem,48,590,-275.23604812369143
world_model_cem,48,591,-278.63876874701447
world_model_cem,48,592,-289.4103681111435
world_model_cem,48,593,-286.5721973999413
world_model_cem,48,594,-289.25067572556594
world_model_cem,48,595,-283.9069128990523
world_model_cem,48,596,-286.8346751260119
world_model_cem,48,597,-275.35424050935694
world_model_cem,48,598,-277.6628026773748
world_model_cem,48,599,-284.56823286955984
world_model_cem,48,600,-282.3639855341406
world_model_cem,48,601,-281.33865276072834
world_model_cem,48,602,-281.25540538268035
world_model_cem,48,603,-279.3999539207206
world_model_cem,48,604,-274.13396886055625
world_model_cem,48,605,-274.12785081661974
world_model_cem,48,606,-279.22703315107583
world_model_cem,48,607,-281.1187239260182
world_model_cem,48,608,-281.6703241198842
world_model_cem,48,609,-278.21116393739607
world_model_cem,48,610,-281.2477933623643
world_model_cem,48,611,-279.1111992691035
world_model_cem,48,612,-281.1202373830614
world_model_cem,48,613,-287.9903200830328
world_model_cem,48,614,-288.0600620952415
world_model_cem,48,615,-287.92246821324596
world_model_cem,48,616,-288.26798366285925
world_model_cem,48,617,-283.6135792363523
world_model_cem,48,618,-284.1279942567726
world_model_cem,48,619,-266.13969705940866
world_model_cem,48,620,-281.0351520851177
world_model_cem,48,621,-276.7804336192435
world_model_cem,48,622,-287.9570284180886
world_model_cem,48,623,-284.1678197207567
world_model_cem,48,624,-285.26903542310237
world_model_cem,48,625,-283.51259065610907
world_model_cem,48,626,-283.00086399911595
world_model_cem,48,627,-285.9307257531861
world_model_cem,48,628,-285.39071655443473
world_model_cem,48,629,-279.5104447966513
world_model_cem,48,630,-287.8466450017024
world_model_cem,48,631,-284.0255484451642
world_model_cem,48,632,-290.969701764809
world_model_cem,48,633,-280.34740172922113
world_model_cem,48,634,-282.2235776485587
world_model_cem,48,635,-271.1459468605417
world_model_cem,48,636,-285.7594287795952
world_model_cem,48,637,-278.3699242696175
world_model_cem,48,638,-279.0780129660271
world_model_cem,48,639,-274.8677768755614
world_model_cem,48,640,-281.3915333254598
world_model_cem,48,641,-284.1776888569481
world_model_cem,48,642,-279.9293443462026
world_model_cem,48,643,-279.3627082322193
world_model_cem,48,644,-283.9931055373337
world_model_cem,48,645,-288.64045729321833
world_model_cem,48,646,-288.68444353761095
world_model_cem,48,647,-292.19541894967114
world_model_cem,48,648,-288.0119918850623
world_model_cem,48,649,-282.96635459305253
world_model_cem,48,650,-291.45762105243347
world_model_cem,48,651,-287.6751830738417
world_model_cem,48,652,-287.9479052672839
world_model_cem,48,653,-278.690894089465
world_model_cem,48,654,-285.18843342206924
world_model_cem,48,655,-277.2920687609802
world_model_cem,48,656,-275.2300601979071
world_model_cem,48,657,-278.42887282233085
world_model_cem,48,658,-280.29673576623645
world_model_cem,48,659,-275.78712785109747
world_model_cem,48,660,-272.3015525954783
world_model_cem,48,661,-275.9846853993361
world_model_cem,48,662,-288.9265544690944
world_model_cem,48,663,-284.02628870374963
world_model_cem,48,664,-283.47523917798964
world_model_cem,48,665,-283.6062635762304
world_model_cem,48,666,-287.2600131607813
world_model_cem,48,667,-287.82077110314134
world_model_cem,48,668,-291.2908450920952
world_model_cem,48,669,-289.0936939126862
world_model_cem,48,670,-281.95676138623685
world_model_cem,48,671,-280.4292631101052
world_model_cem,48,672,-283.49651568034875
world_model_cem,48,673,-278.7799331772419
world_model_cem,48,674,-276.04295552524565
world_model_cem,48,675,-281.68084858741685
world_model_cem,48,676,-291.8180550831858
world_model_cem,48,677,-287.7472092016768
world_model_cem,48,678,-291.3008697799147
world_model_cem,48,679,-291.33508240002584
world_model_cem,48,680,-285.9569311512777
world_model_cem,48,681,-289.7283581860936
world_model_cem,48,682,-285.41076958246975
world_model_cem,48,683,-283.0968363889439
world_model_cem,48,684,-284.20333536519274
world_model_cem,48,685,-274.3984979764355
world_model_cem,48,686,-281.94061858697705
world_model_cem,48,687,-284.81511133000834
world_model_cem,48,688,-279.45137732686646
world_model_cem,48,689,-269.76589051830166
world_model_cem,48,690,-273.80413351704385
world_model_cem,48,691,-270.90057568005784
world_model_cem,48,692,-277.2993826469153
world_model_cem,48,693,-266.42645107994196
world_model_cem,48,694,-281.4937794462775
world_model_cem,48,695,-273.62778804720585
world_model_cem,48,696,-276.80134581129596
world_model_cem,48,697,-282.7655034530947
world_model_cem,48,698,-284.09461729296413
world_model_cem,48,699,-293.1596015913833
world_model_cem,48,700,-290.9894225211241
world_model_cem,48,701,-283.522348372911
world_model_cem,48,702,-286.6140640874576
world_model_cem,48,703,-279.29760231358875
world_model_cem,48,704,-286.7828109365764
world_model_cem,48,705,-288.1168989608019
world_model_cem,48,706,-287.1727982241507
world_model_cem,48,707,-288.7956882503714
world_model_cem,48,708,-281.7715608136326
world_model_cem,48,709,-285.71143010870185
world_model_cem,48,710,-277.6001149867383
world_model_cem,48,711,-283.53510401826657
world_model_cem,48,712,-281.6527405840431
world_model_cem,48,713,-277.69816694368194
world_model_cem,48,714,-278.6683769336177
world_model_cem,48,715,-282.463177025911
world_model_cem,48,716,-284.55561767265897
world_model_cem,48,717,-284.478459970356
world_model_cem,48,718,-280.99298411600194
world_model_cem,48,719,-273.9818468867528
world_model_cem,48,720,-282.08560511877903
world_model_cem,48,721,-274.8570398308738
world_model_cem,48,722,-284.50746862995334
world_model_cem,48,723,-277.90554836523654
world_model_cem,48,724,-282.8148385424715
world_model_cem,48,725,-276.4341290181498
world_model_cem,48,726,-269.06604750682965
world_model_cem,48,727,-283.9331195053268
world_model_cem,48,728,-287.7140045409882
world_model_cem,48,729,-288.854568821233
world_model_cem,48,730,-286.56167701295556
world_model_cem,48,731,-281.78474196579725
world_model_cem,48,732,-278.97133926771903
world_model_cem,48,733,-280.0288806748075
world_model_cem,48,734,-282.84014401302875
world_model_cem,48,735,-286.0388276264915
world_model_cem,48,736,-285.11602729623473
world_model_cem,48,737,-284.627516282518
world_model_cem,48,738,-285.9894087874542
world_model_cem,48,739,-283.5295491774145
world_model_cem,48,740,-281.5499126482296
world_model_cem,48,741,-284.3736597131614
world_model_cem,48,742,-284.8381106460389
world_model_cem,48,743,-272.2584816857131
world_model_cem,48,744,-275.9611864919468
world_model_cem,48,745,-284.3015935795354
world_model_cem,48,746,-282.40725812446686
world_model_cem,48,747,-275.003006322758
world_model_cem,48,748,-281.07133382329545
world_model_cem,48,749,-276.9364981026098
world_model_cem,48,750,-281.4693010915214
world_model_cem,48,751,-281.62231529418517
world_model_cem,48,752,-286.23381364120064
world_model_cem,48,753,-277.07115587303076
world_model_cem,48,754,-278.82956636772064
world_model_cem,48,755,-279.5919714077646
world_model_cem,48,756,-283.5218609619682
world_model_cem,48,757,-275.924563937111
world_model_cem,48,758,-285.88622956476866
world_model_cem,48,759,-284.41694379698123
world_model_cem,48,760,-287.9833447907437
world_model_cem,48,761,-285.4940451644619
world_model_cem,48,762,-280.93569468721057
world_model_cem,48,763,-281.34816740932865
world_model_cem,48,764,-289.4526393172904
world_model_cem,48,765,-286.37560276701714
world_model_cem,48,766,-283.7190226470451
world_model_cem,48,767,-283.5659038192696
world_model_cem,48,768,-287.0678235308128
world_model_cem,48,769,-289.19709503416965
world_model_cem,48,770,-285.67931400207544
world_model_cem,48,771,-279.36428622571395
world_model_cem,48,772,-278.70802791330163
world_model_cem,48,773,-282.3310648396172
world_model_cem,48,774,-287.35161988328645
world_model_cem,48,775,-282.62564187231874
world_model_cem,48,776,-287.9311855096828
world_model_cem,48,777,-276.3401182903494
world_model_cem,48,778,-278.8539042432058
world_model_cem,48,779,-282.35456425425235
world_model_cem,48,780,-276.47978957129334
world_model_cem,48,781,-285.95710406537546
world_model_cem,48,782,-285.783809893038
world_model_cem,48,783,-290.6180519125666
world_model_cem,48,784,-286.0526747278063
world_model_cem,48,785,-282.6221779248428
world_model_cem,48,786,-277.98040383863423
world_model_cem,48,787,-258.7945802667683
world_model_cem,48,788,-282.9788977207254
world_model_cem,48,789,-285.4733811832306
world_model_cem,48,790,-280.11997512209115
world_model_cem,48,791,-278.54562699180576
world_model_cem,48,792,-283.7535809813979
world_model_cem,48,793,-282.8684046192675
world_model_cem,48,794,-281.6853248943946
world_model_cem,48,795,-279.2144963069685
world_model_cem,48,796,-287.6729928046574
world_model_cem,48,797,-283.30894977587684
world_model_cem,48,798,-277.92538339247017
world_model_cem,48,799,-283.507455541232
world_model_cem,48,800,-281.63972025575083
world_model_cem,48,801,-283.863262302811
world_model_cem,48,802,-285.80167449591846
world_model_cem,48,803,-285.0639500967182
world_model_cem,48,804,-287.0594341054182
world_model_cem,48,805,-278.2297788589463
world_model_cem,48,806,-283.1624281989974
world_model_cem,48,807,-280.96946202483946
world_model_cem,48,808,-284.8114629801489
world_model_cem,48,809,-289.36344130525174
world_model_cem,48,810,-281.565256937176
world_model_cem,48,811,-280.2243974339838
world_model_cem,48,812,-280.76763459001774
world_model_cem,48,813,-282.9206071018549
world_model_cem,48,814,-285.51403256507774
world_model_cem,48,815,-282.21499086900417
world_model_cem,48,816,-286.6542665058094
world_model_cem,48,817,-286.1674098695938
world_model_cem,48,818,-285.8055676349794
world_model_cem,48,819,-286.0286016655641
world_model_cem,48,820,-285.6933840253357
world_model_cem,48,821,-281.53943903204436
world_model_cem,48,822,-285.4491485877782
world_model_cem,48,823,-287.3990021850447
world_model_cem,48,824,-272.7094537295947
world_model_cem,48,825,-283.49785400722584
world_model_cem,48,826,-279.6543356118963
world_model_cem,48,827,-283.35899068295544
world_model_cem,48,828,-279.03605840060845
world_model_cem,48,829,-279.2435260354607
world_model_cem,48,830,-285.48016824554645
world_model_cem,48,831,-282.34903569382465
world_model_cem,48,832,-287.01647168035225
world_model_cem,48,833,-286.8789427298319
world_model_cem,48,834,-284.18785142521546
world_model_cem,48,835,-281.15251623626125
world_model_cem,48,836,-283.6509006358283
world_model_cem,48,837,-283.7722318586091
world_model_cem,48,838,-279.80603642003484
world_model_cem,48,839,-289.8438667294403
world_model_cem,48,840,-283.60756382577244
world_model_cem,48,841,-290.7953721618619
world_model_cem,48,842,-282.15936669553133
world_model_cem,48,843,-278.72154543020423
world_model_cem,48,844,-287.81339109952125
world_model_cem,48,845,-281.0180317775073
world_model_cem,48,846,-280.6011180852842
world_model_cem,48,847,-280.28995917963863
world_model_cem,48,848,-272.26332012952753
world_model_cem,48,849,-283.7338625080288
world_model_cem,48,850,-286.44182713071723
world_model_cem,48,851,-279.47612212148414
world_model_cem,48,852,-283.2485745655449
world_model_cem,48,853,-278.5697078864511
world_model_cem,48,854,-287.9046557817236
world_model_cem,48,855,-278.4498614670492
world_model_cem,48,856,-284.7348728833226
world_model_cem,48,857,-270.4769040316603
world_model_cem,48,858,-285.3636862635906
world_model_cem,48,859,-288.4190728689787
world_model_cem,48,860,-285.63169223227504
world_model_cem,48,861,-281.15786029206487
world_model_cem,48,862,-282.31088740762834
world_model_cem,48,863,-287.170015360325
world_model_cem,48,864,-278.35924453623835
world_model_cem,48,865,-285.2058062868529
world_model_cem,48,866,-279.92494706416903
world_model_cem,48,867,-277.2454996800358
world_model_cem,48,868,-285.0160353376542
world_model_cem,48,869,-284.10858288934736
world_model_cem,48,870,-285.46847896720885
world_model_cem,48,871,-282.57880458838486
world_model_cem,48,872,-285.3988939392565
world_model_cem,48,873,-281.7964679935483
world_model_cem,48,874,-286.3524164843622
world_model_cem,48,875,-281.3782808942118
world_model_cem,48,876,-289.35847006977934
world_model_cem,48,877,-286.4580992547255
world_model_cem,48,878,-286.06765458480123
world_model_cem,48,879,-289.2130036612638
world_model_cem,48,880,-281.71639068992835
world_model_cem,48,881,-287.4932046240082
world_model_cem,48,882,-287.221766895604
world_model_cem,48,883,-286.03687589923726
world_model_cem,48,884,-284.467304738813
world_model_cem,48,885,-285.12821927299547
world_model_cem,48,886,-279.1268292547304
world_model_cem,48,887,-281.59320918585587
world_model_cem,48,888,-281.1604598626164
world_model_cem,48,889,-283.4061430479462
world_model_cem,48,890,-282.8137736442081
world_model_cem,48,891,-276.26971547777174
world_model_cem,48,892,-277.62872079090687
world_model_cem,48,893,-279.4796318372529
world_model_cem,48,894,-280.9893110991023
world_model_cem,48,895,-268.5574964226017
world_model_cem,48,896,-282.5297822428225
world_model_cem,48,897,-285.9326201060757
world_model_cem,48,898,-289.97410569531456
world_model_cem,48,899,-287.07693464690215
world_model_cem,48,900,-282.7997827404699
world_model_cem,48,901,-272.03831978800815
world_model_cem,48,902,-288.56812056028485
world_model_cem,48,903,-280.68677789839626
world_model_cem,48,904,-287.44327224098544
world_model_cem,48,905,-275.54359431632423
world_model_cem,48,906,-277.76509202906
world_model_cem,48,907,-286.93583032487817
world_model_cem,48,908,-284.25727669177365
world_model_cem,48,909,-282.50224872758463
world_model_cem,48,910,-278.2150434492371
world_model_cem,48,911,-276.8435277423476
world_model_cem,48,912,-279.839275598201
world_model_cem,48,913,-284.5309154474744
world_model_cem,48,914,-277.8472398009878
world_model_cem,48,915,-281.2497227815343
world_model_cem,48,916,-286.983747655684
world_model_cem,48,917,-284.8664138818313
world_model_cem,48,918,-286.07897406935115
world_model_cem,48,919,-284.22825718282286
world_model_cem,48,920,-274.7860666571134
world_model_cem,48,921,-289.7607521401114
world_model_cem,48,922,-289.8143900550041
world_model_cem,48,923,-287.8145643003856
world_model_cem,48,924,-282.48618257616886
world_model_cem,48,925,-275.19992001504517
world_model_cem,48,926,-280.14509762177556
world_model_cem,48,927,-284.7251954728526
world_model_cem,48,928,-284.69935415540084
world_model_cem,48,929,-286.3917010166187
world_model_cem,48,930,-276.0687374278958
world_model_cem,48,931,-270.28560317083145
world_model_cem,48,932,-284.40994465640415
world_model_cem,48,933,-279.2529962341503
world_model_cem,48,934,-283.58994270993503
world_model_cem,48,935,-276.8655175280499
world_model_cem,48,936,-282.89334649174384
world_model_cem,48,937,-283.531668862583
world_model_cem,48,938,-280.6435503052609
world_model_cem,48,939,-287.4814907478891
world_model_cem,48,940,-282.15817158537436
world_model_cem,48,941,-282.27456225242145
world_model_cem,48,942,-284.0125583869735
world_model_cem,48,943,-286.7933736503072
world_model_cem,48,944,-287.8021364244318
world_model_cem,48,945,-272.34830889083815
world_model_cem,48,946,-271.57910233166297
world_model_cem,48,947,-277.43942738985345
world_model_cem,48,948,-279.9553638175805
world_model_cem,48,949,-284.1998411791328
world_model_cem,48,950,-287.0394471809052
world_model_cem,48,951,-279.3482350608146
world_model_cem,48,952,-282.08309091053246
world_model_cem,48,953,-287.185036397909
world_model_cem,48,954,-288.46407330608326
world_model_cem,48,955,-283.24671391518064
world_model_cem,48,956,-280.6723911407616
world_model_cem,48,957,-279.0848433320357
world_model_cem,48,958,-284.36449269748573
world_model_cem,48,959,-283.6390187585316
world_model_cem,48,960,-283.49198324473724
world_model_cem,48,961,-286.1927555098208
world_model_cem,48,962,-287.44505765709994
world_model_cem,48,963,-283.6187612502551
world_model_cem,48,964,-288.792135611673
world_model_cem,48,965,-279.67098459238935
world_model_cem,48,966,-275.738843421414
world_model_cem,48,967,-284.5326734627124
world_model_cem,48,968,-285.9140641116595
world_model_cem,48,969,-285.1254149524942
world_model_cem,48,970,-278.62409089965115
world_model_cem,48,971,-278.5844909682861
world_model_cem,48,972,-280.01685736486144
world_model_cem,48,973,-282.6063473773523
world_model_cem,48,974,-283.2762151684677
world_model_cem,48,975,-284.60570819854274
world_model_cem,48,976,-283.59678802056624
world_model_cem,48,977,-287.43192622745437
world_model_cem,48,978,-277.974907130878
world_model_cem,48,979,-287.69191669841285
world_model_cem,48,980,-280.8506571257145
world_model_cem,48,981,-269.79726522976046
world_model_cem,48,982,-282.37814653667806
world_model_cem,48,983,-277.09273674328165
world_model_cem,48,984,-288.55347388547466
world_model_cem,48,985,-274.2507852731591
world_model_cem,48,986,-287.62438503192743
world_model_cem,48,987,-293.32896782509124
world_model_cem,48,988,-284.8179766309521
world_model_cem,48,989,-285.4834975801703
world_model_cem,48,990,-276.2616776520382
world_model_cem,48,991,-285.8948106712331
world_model_cem,48,992,-286.59192296147904
world_model_cem,48,993,-278.24339674765696
world_model_cem,48,994,-280.81604664540595
world_model_cem,48,995,-276.4630249478266
world_model_cem,48,996,-282.7479047262446
world_model_cem,48,997,-273.017230071706
world_model_cem,48,998,-278.1839054603651
world_model_cem,48,999,-280.7109639430145
world_model_cem,48,1000,-274.73978401126675
world_model_cem,49,1,-194.52297893073586
world_model_cem,49,2,-197.20876675298166
world_model_cem,49,3,-193.18532197882047
world_model_cem,49,4,-215.80571036272215
world_model_cem,49,5,-196.81291413715633
world_model_cem,49,6,-184.67717333018004
world_model_cem,49,7,-214.8100313961322
world_model_cem,49,8,-212.00076288940187
world_model_cem,49,9,-206.4902272447921
world_model_cem,49,10,-197.27765306301592
world_model_cem,49,11,-190.75858049402694
world_model_cem,49,12,-198.67301929997143
world_model_cem,49,13,-223.05251510324297
world_model_cem,49,14,-235.68863412555493
world_model_cem,49,15,-231.99328979131755
world_model_cem,49,16,-212.14166607134018
world_model_cem,49,17,-258.066813311076
world_model_cem,49,18,-276.7336795397265
world_model_cem,49,19,-269.5510674403392
world_model_cem,49,20,-224.3878363213385
world_model_cem,49,21,-233.60149964782565
world_model_cem,49,22,-229.87806974877657
world_model_cem,49,23,-324.4038479243875
world_model_cem,49,24,-294.9257431011765
world_model_cem,49,25,-209.6650022849942
world_model_cem,49,26,-203.3135582490594
world_model_cem,49,27,-220.46862604670866
world_model_cem,49,28,-184.52140227456164
world_model_cem,49,29,-192.9187871903514
world_model_cem,49,30,-216.0111714840471
world_model_cem,49,31,-258.64565795994923
world_model_cem,49,32,-209.20571980255352
world_model_cem,49,33,-181.46079219761623
world_model_cem,49,34,-182.17093423118527
world_model_cem,49,35,-182.65344988946657
world_model_cem,49,36,-195.46990304290574
world_model_cem,49,37,-219.20250760733293
world_model_cem,49,38,-181.67958433336076
world_model_cem,49,39,-188.91743059866957
world_model_cem,49,40,-203.95295808002012
world_model_cem,49,41,-230.2394513924287
world_model_cem,49,42,-222.25797148450965
world_model_cem,49,43,-231.44672509016408
world_model_cem,49,44,-228.91731712223879
world_model_cem,49,45,-250.6471388313091
world_model_cem,49,46,-203.74270599990876
world_model_cem,49,47,-163.61333616767297
world_model_cem,49,48,-167.76227073220988
world_model_cem,49,49,-176.78150310614302
world_model_cem,49,50,-178.11086024292206
world_model_cem,49,51,-191.71930725787922
world_model_cem,49,52,-204.19235566345384
world_model_cem,49,53,-195.44670032159206
world_model_cem,49,54,-256.4112405053743
world_model_cem,49,55,-175.17684630659312
world_model_cem,49,56,-177.22972944507057
world_model_cem,49,57,-256.9213019736865
world_model_cem,49,58,-217.20533253418728
world_model_cem,49,59,-185.45409660630193
world_model_cem,49,60,-245.69198523448443
world_model_cem,49,61,-216.88138458733326
world_model_cem,49,62,-227.29013150468018
world_model_cem,49,63,-162.36093456756544
world_model_cem,49,64,-300.3095193870847
world_model_cem,49,65,-205.9005079494329
world_model_cem,49,66,-231.14580367006607
world_model_cem,49,67,-245.8206851219837
world_model_cem,49,68,-224.69533920920153
world_model_cem,49,69,-206.34790586959306
world_model_cem,49,70,-181.79682520956712
world_model_cem,49,71,-254.52217750854686
world_model_cem,49,72,-199.81738289995218
world_model_cem,49,73,-273.1415556390614
world_model_cem,49,74,-171.47851017711034
world_model_cem,49,75,-192.37453276203107
world_model_cem,49,76,-134.30825537698186
world_model_cem,49,77,-170.39630524755847
world_model_cem,49,78,-212.06766671497323
world_model_cem,49,79,-255.64603211925538
world_model_cem,49,80,-173.80082688333624
world_model_cem,49,81,-279.3947483703521
world_model_cem,49,82,-266.06400431848436
world_model_cem,49,83,-288.0585186712824
world_model_cem,49,84,-280.9584905943326
world_model_cem,49,85,-273.5750385917609
world_model_cem,49,86,-269.76991165344833
world_model_cem,49,87,-280.93434870594655
world_model_cem,49,88,-266.04529467953057
world_model_cem,49,89,-276.2300190940114
world_model_cem,49,90,-282.6687319630556
world_model_cem,49,91,-273.9089011684131
world_model_cem,49,92,-278.3680693143683
world_model_cem,49,93,-275.60837397090756
world_model_cem,49,94,-264.7187847648768
world_model_cem,49,95,-266.6501339465547
world_model_cem,49,96,-252.43164758103126
world_model_cem,49,97,-257.3530558690667
world_model_cem,49,98,-248.44662847022795
world_model_cem,49,99,-253.9998244910082
world_model_cem,49,100,-253.8674178224179
world_model_cem,49,101,-245.37404475698477
world_model_cem,49,102,-243.38904843102267
world_model_cem,49,103,-244.26113554577387
world_model_cem,49,104,-248.3691361648771
world_model_cem,49,105,-250.92205865679307
world_model_cem,49,106,-265.13524354383105
world_model_cem,49,107,-260.7850494472428
world_model_cem,49,108,-271.0782577601353
world_model_cem,49,109,-280.61065097098464
world_model_cem,49,110,-274.0633819197747
world_model_cem,49,111,-285.58030990363335
world_model_cem,49,112,-286.6243632310721
world_model_cem,49,113,-285.46943983635947
world_model_cem,49,114,-284.62850003892515
world_model_cem,49,115,-290.7583260704195
world_model_cem,49,116,-293.70387609850644
world_model_cem,49,117,-290.70069187561285
world_model_cem,49,118,-288.73014785831884
world_model_cem,49,119,-289.053113650785
world_model_cem,49,120,-292.7953222256569
world_model_cem,49,121,-285.1760957510884
world_model_cem,49,122,-290.62928009747304
world_model_cem,49,123,-285.2420771035772
world_model_cem,49,124,-286.56150296892804
world_model_cem,49,125,-278.1550418378287
world_model_cem,49,126,-268.81417995231004
world_model_cem,49,127,-277.8230872411941
world_model_cem,49,128,-279.50553415406074
world_model_cem,49,129,-272.79645768883086
world_model_cem,49,130,-264.1279471133928
world_model_cem,49,131,-277.80585580483836
world_model_cem,49,132,-261.9954274891049
world_model_cem,49,133,-268.52337629356555
world_model_cem,49,134,-263.5551283650058
world_model_cem,49,135,-271.719957630113
world_model_cem,49,136,-274.06026255417595
world_model_cem,49,137,-267.5069875236171
world_model_cem,49,138,-257.44036888492997
world_model_cem,49,139,-257.6520679056363
world_model_cem,49,140,-256.3564780985984
world_model_cem,49,141,-282.8291960280553
world_model_cem,49,142,-278.0123122244562
world_model_cem,49,143,-287.0145063819641
world_model_cem,49,144,-287.8740693357903
world_model_cem,49,145,-293.61488545642646
world_model_cem,49,146,-292.8427525533837
world_model_cem,49,147,-293.83768554802333
world_model_cem,49,148,-302.4412938090815
world_model_cem,49,149,-293.9426476529826
world_model_cem,49,150,-292.44782995179474
world_model_cem,49,151,-294.20491924143914
world_model_cem,49,152,-286.2769439027428
world_model_cem,49,153,-289.41319546075295
world_model_cem,49,154,-276.371852072668
world_model_cem,49,155,-280.9290581439189
world_model_cem,49,156,-279.8108557881834
world_model_cem,49,157,-270.83269371600477
world_model_cem,49,158,-277.3627769248569
world_model_cem,49,159,-269.9027111749795
world_model_cem,49,160,-264.0994183725786
world_model_cem,49,161,-264.7413747825291
world_model_cem,49,162,-254.5460831171544
world_model_cem,49,163,-252.32548494484865
world_model_cem,49,164,-251.50430582125648
world_model_cem,49,165,-248.74527073477043
world_model_cem,49,166,-271.6682750188196
world_model_cem,49,167,-267.451545460906
world_model_cem,49,168,-277.1015751941325
world_model_cem,49,169,-278.89204516282575
world_model_cem,49,170,-275.13746093482854
world_model_cem,49,171,-277.6485408635549
world_model_cem,49,172,-279.89369525517793
world_model_cem,49,173,-271.5423368145831
world_model_cem,49,174,-273.5390195901748
world_model_cem,49,175,-265.71751880833875
world_model_cem,49,176,-269.637672696831
world_model_cem,49,177,-266.4594618642067
world_model_cem,49,178,-284.6848925873926
world_model_cem,49,179,-284.42505529446686
world_model_cem,49,180,-281.43870396860495
world_model_cem,49,181,-269.5427113619493
world_model_cem,49,182,-261.92473854767775
world_model_cem,49,183,-260.92166021434656
world_model_cem,49,184,-256.10141153379016
world_model_cem,49,185,-258.0384008771702
world_model_cem,49,186,-243.81441744613872
world_model_cem,49,187,-261.7783466489927
world_model_cem,49,188,-255.7323711928386
world_model_cem,49,189,-265.03704866066323
world_model_cem,49,190,-266.9599735446531
world_model_cem,49,191,-262.5831442976774
world_model_cem,49,192,-275.39200412506636
world_model_cem,49,193,-276.1503942126242
world_model_cem,49,194,-274.6261920021841
world_model_cem,49,195,-271.7074128979269
world_model_cem,49,196,-274.19196581913036
world_model_cem,49,197,-274.96167416940904
world_model_cem,49,198,-273.97178402563736
world_model_cem,49,199,-278.6087689087494
world_model_cem,49,200,-271.80907662541216
world_model_cem,49,201,-277.85399411910186
world_model_cem,49,202,-280.67638983273565
world_model_cem,49,203,-287.7236260578333
world_model_cem,49,204,-280.8673618557103
world_model_cem,49,205,-270.3953421983651
world_model_cem,49,206,-276.07921831434845
world_model_cem,49,207,-264.26983469748257
world_model_cem,49,208,-265.5805336901447
world_model_cem,49,209,-256.69854263651933
world_model_cem,49,210,-264.91750658185777
world_model_cem,49,211,-258.0488646212731
world_model_cem,49,212,-262.46144217300775
world_model_cem,49,213,-260.48489892257453
world_model_cem,49,214,-267.0124058135615
world_model_cem,49,215,-276.5580367463286
world_model_cem,49,216,-276.11439623646083
world_model_cem,49,217,-277.2953712683985
world_model_cem,49,218,-272.57659846276977
world_model_cem,49,219,-274.8304176763083
world_model_cem,49,220,-275.3969284481397
world_model_cem,49,221,-268.76383089522443
world_model_cem,49,222,-263.7124737975995
world_model_cem,49,223,-279.0685102172805
world_model_cem,49,224,-278.69732281115097
world_model_cem,49,225,-274.4059451068027
world_model_cem,49,226,-274.74158485801166
world_model_cem,49,227,-268.61833698517165
world_model_cem,49,228,-269.0227977925571
world_model_cem,49,229,-258.4168946280746
world_model_cem,49,230,-267.57274242317783
world_model_cem,49,231,-253.28443502544883
world_model_cem,49,232,-254.38920029237505
world_model_cem,49,233,-260.55152638570144
world_model_cem,49,234,-264.27893150529127
world_model_cem,49,235,-265.21476795366596
world_model_cem,49,236,-263.44269140254727
world_model_cem,49,237,-273.1334995751172
world_model_cem,49,238,-281.9105273238541
world_model_cem,49,239,-261.8160127122552
world_model_cem,49,240,-285.53871066729346
world_model_cem,49,241,-276.5365528796351
world_model_cem,49,242,-280.51860570269093
world_model_cem,49,243,-267.80009134942617
world_model_cem,49,244,-272.0365221700347
world_model_cem,49,245,-262.99642958186195
world_model_cem,49,246,-273.6915983214837
world_model_cem,49,247,-278.0246101279439
world_model_cem,49,248,-272.28769163123684
world_model_cem,49,249,-261.18874807705834
world_model_cem,49,250,-260.00352829631026
world_model_cem,49,251,-261.54818648307685
world_model_cem,49,252,-257.41872441645137
world_model_cem,49,253,-257.96004912263766
world_model_cem,49,254,-262.72477662674146
world_model_cem,49,255,-265.70630816926035
world_model_cem,49,256,-263.77426279056766
world_model_cem,49,257,-265.3383175302822
world_model_cem,49,258,-268.8904406845814
world_model_cem,49,259,-269.5468166579521
world_model_cem,49,260,-281.1009594074574
world_model_cem,49,261,-276.77534932550043
world_model_cem,49,262,-281.78606187759016
world_model_cem,49,263,-283.5299070559592
world_model_cem,49,264,-275.39156337300017
world_model_cem,49,265,-274.81368782619114
world_model_cem,49,266,-282.56976237621825
world_model_cem,49,267,-277.6545577536453
world_model_cem,49,268,-280.1109397926142
world_model_cem,49,269,-279.90340594196084
world_model_cem,49,270,-274.37585510286226
world_model_cem,49,271,-258.07071721599374
world_model_cem,49,272,-265.18487227160597
world_model_cem,49,273,-264.96470053346343
world_model_cem,49,274,-263.2480350423442
world_model_cem,49,275,-256.20971816651144
world_model_cem,49,276,-256.45098789825215
world_model_cem,49,277,-254.22134156951913
world_model_cem,49,278,-263.28558839936755
world_model_cem,49,279,-257.1874948666675
world_model_cem,49,280,-266.957328810205
world_model_cem,49,281,-262.1657797177438
world_model_cem,49,282,-270.0359534303143
world_model_cem,49,283,-283.7425268201844
world_model_cem,49,284,-283.5449333727227
world_model_cem,49,285,-273.6657333731227
world_model_cem,49,286,-280.510095483436
world_model_cem,49,287,-275.16605760687213
world_model_cem,49,288,-278.5888328901329
world_model_cem,49,289,-267.4111589328425
world_model_cem,49,290,-262.42715025772003
world_model_cem,49,291,-275.6982456953949
world_model_cem,49,292,-274.97296847401617
world_model_cem,49,293,-268.17055522933276
world_model_cem,49,294,-264.515972097151
world_model_cem,49,295,-254.8737805933236
world_model_cem,49,296,-259.18233870713595
world_model_cem,49,297,-257.4428777629539
world_model_cem,49,298,-246.31905062265963
world_model_cem,49,299,-247.35497541752167
world_model_cem,49,300,-257.4851336027176
world_model_cem,49,301,-251.49366658860544
world_model_cem,49,302,-253.3996662190391
world_model_cem,49,303,-270.4832347125073
world_model_cem,49,304,-278.7807824013347
world_model_cem,49,305,-283.79085534715966
world_model_cem,49,306,-291.67293990663796
world_model_cem,49,307,-275.29426077325235
world_model_cem,49,308,-285.12177780988713
world_model_cem,49,309,-289.33215498827644
world_model_cem,49,310,-272.3658406049092
world_model_cem,49,311,-276.984910804464
world_model_cem,49,312,-273.92947181336274
world_model_cem,49,313,-267.6871966005963
world_model_cem,49,314,-263.0289818809444
world_model_cem,49,315,-260.8498662185911
world_model_cem,49,316,-255.83176561907487
world_model_cem,49,317,-236.74365939051955
world_model_cem,49,318,-254.74912135566433
world_model_cem,49,319,-251.83024960333398
world_model_cem,49,320,-263.50506203365376
world_model_cem,49,321,-265.4840836677366
world_model_cem,49,322,-275.24563621975716
world_model_cem,49,323,-287.80820169728327
world_model_cem,49,324,-285.12050562759015
world_model_cem,49,325,-288.5098518544603
world_model_cem,49,326,-290.1656787880901
world_model_cem,49,327,-291.65037128489365
world_model_cem,49,328,-276.6492534467687
world_model_cem,49,329,-280.50314124600135
world_model_cem,49,330,-281.1590321121307
world_model_cem,49,331,-276.45469516576566
world_model_cem,49,332,-263.10793025449055
world_model_cem,49,333,-271.1694114418936
world_model_cem,49,334,-266.92717534096244
world_model_cem,49,335,-273.2785869232575
world_model_cem,49,336,-266.43106975001865
world_model_cem,49,337,-273.06512492953243
world_model_cem,49,338,-274.1134480569121
world_model_cem,49,339,-265.1289696947025
world_model_cem,49,340,-270.75844813570905
world_model_cem,49,341,-268.92918178390687
world_model_cem,49,342,-260.49854646105433
world_model_cem,49,343,-265.23207804877165
world_model_cem,49,344,-253.75241968914094
world_model_cem,49,345,-249.87333859150453
world_model_cem,49,346,-260.0619779700109
world_model_cem,49,347,-256.3585469071382
world_model_cem,49,348,-250.76215963498964
world_model_cem,49,349,-255.64802416843526
world_model_cem,49,350,-250.07961033644634
world_model_cem,49,351,-259.03421260451654
world_model_cem,49,352,-270.4312678219229
world_model_cem,49,353,-268.81346892693153
world_model_cem,49,354,-266.88287384730194
world_model_cem,49,355,-271.15283616297774
world_model_cem,49,356,-280.57004610331035
world_model_cem,49,357,-285.1643105231596
world_model_cem,49,358,-283.1512014022534
world_model_cem,49,359,-291.89759881611025
world_model_cem,49,360,-289.4582951383743
world_model_cem,49,361,-280.8545781611469
world_model_cem,49,362,-262.1410464154945
world_model_cem,49,363,-257.39731693886097
world_model_cem,49,364,-261.0774801512031
world_model_cem,49,365,-246.47224467855483
world_model_cem,49,366,-255.0414796119951
world_model_cem,49,367,-259.7393343164103
world_model_cem,49,368,-253.31446670699876
world_model_cem,49,369,-255.63088381238828
world_model_cem,49,370,-253.31985422833972
world_model_cem,49,371,-264.65263938684535
world_model_cem,49,372,-270.18869579347523
world_model_cem,49,373,-277.29490534857587
world_model_cem,49,374,-278.5977815732204
world_model_cem,49,375,-277.9003984111558
world_model_cem,49,376,-282.60490890445226
world_model_cem,49,377,-284.24177276613193
world_model_cem,49,378,-293.5226542879686
world_model_cem,49,379,-279.47651995911446
world_model_cem,49,380,-286.196888586924
world_model_cem,49,381,-283.986814306896
world_model_cem,49,382,-286.5129456205659
world_model_cem,49,383,-283.4958800868908
world_model_cem,49,384,-275.14995284999935
world_model_cem,49,385,-270.7522796585239
world_model_cem,49,386,-264.3284476990667
world_model_cem,49,387,-257.75773965703746
world_model_cem,49,388,-240.2841004424903
world_model_cem,49,389,-250.133232225257
world_model_cem,49,390,-249.55075637932387
world_model_cem,49,391,-255.09670372360955
world_model_cem,49,392,-253.746790919137
world_model_cem,49,393,-258.7495636744951
world_model_cem,49,394,-251.89502235640975
world_model_cem,49,395,-265.5532307772257
world_model_cem,49,396,-268.7769601909454
world_model_cem,49,397,-276.066081223183
world_model_cem,49,398,-275.4712960972915
world_model_cem,49,399,-275.1575754436466
world_model_cem,49,400,-286.59988414360464
world_model_cem,49,401,-276.1043156057387
world_model_cem,49,402,-286.1757625557313
world_model_cem,49,403,-266.6152066110336
world_model_cem,49,404,-274.1481112410395
world_model_cem,49,405,-265.93719544833607
world_model_cem,49,406,-258.3593759884227
world_model_cem,49,407,-261.2405846750165
world_model_cem,49,408,-253.61248134477864
world_model_cem,49,409,-260.6405403001756
world_model_cem,49,410,-261.04255843430644
world_model_cem,49,411,-265.05220610848687
world_model_cem,49,412,-265.1735780159254
world_model_cem,49,413,-275.16578811911296
world_model_cem,49,414,-282.2471679927331
world_model_cem,49,415,-285.0310311075899
world_model_cem,49,416,-284.8974839147802
world_model_cem,49,417,-288.7141378315546
world_model_cem,49,418,-286.088146839422
world_model_cem,49,419,-289.15534664032464
world_model_cem,49,420,-283.5220545000384
world_model_cem,49,421,-286.42091732249037
world_model_cem,49,422,-266.0218248779346
world_model_cem,49,423,-276.0902520078399
world_model_cem,49,424,-268.835267474877
world_model_cem,49,425,-257.58413308049626
world_model_cem,49,426,-249.9042233788433
world_model_cem,49,427,-242.8824560433244
world_model_cem,49,428,-247.09815179831662
world_model_cem,49,429,-246.51122081220666
world_model_cem,49,430,-246.9728064342282
world_model_cem,49,431,-244.99247448254135
world_model_cem,49,432,-252.4565980197474
world_model_cem,49,433,-260.27914685367074
world_model_cem,49,434,-275.1968529463189
world_model_cem,49,435,-276.150810130188
world_model_cem,49,436,-283.3404177058442
world_model_cem,49,437,-284.3622688495991
world_model_cem,49,438,-290.4953689065652
world_model_cem,49,439,-285.48398582242754
world_model_cem,49,440,-283.65808765482217
world_model_cem,49,441,-292.3801928300091
world_model_cem,49,442,-278.08315413710864
world_model_cem,49,443,-269.81699893201494
world_model_cem,49,444,-283.9434818001958
world_model_cem,49,445,-275.0185836184088
world_model_cem,49,446,-268.18962479035594
world_model_cem,49,447,-257.14572729626457
world_model_cem,49,448,-250.1255729063094
world_model_cem,49,449,-254.42322656760166
world_model_cem,49,450,-242.8050514315372
world_model_cem,49,451,-250.30370812624273
world_model_cem,49,452,-251.40876288288013
world_model_cem,49,453,-255.9851665527886
world_model_cem,49,454,-259.9418767823817
world_model_cem,49,455,-260.0847423917054
world_model_cem,49,456,-259.48445184557056
world_model_cem,49,457,-275.6948114580029
world_model_cem,49,458,-284.98908071238566
world_model_cem,49,459,-277.5781268501041
world_model_cem,49,460,-285.3518260287606
world_model_cem,49,461,-280.23336842431
world_model_cem,49,462,-282.7364688325629
world_model_cem,49,463,-280.81953847178306
world_model_cem,49,464,-269.07551752380573
world_model_cem,49,465,-282.4032389104641
world_model_cem,49,466,-275.6533904816298
world_model_cem,49,467,-274.0610131137336
world_model_cem,49,468,-265.8191229122242
world_model_cem,49,469,-262.62383895855993
world_model_cem,49,470,-255.28992923363148
world_model_cem,49,471,-246.57223924728132
world_model_cem,49,472,-255.42060837689596
world_model_cem,49,473,-249.3302989523828
world_model_cem,49,474,-259.43024279364096
world_model_cem,49,475,-260.93512539520884
world_model_cem,49,476,-265.5977043918147
world_model_cem,49,477,-260.5055859272984
world_model_cem,49,478,-275.2667103444742
world_model_cem,49,479,-275.0380464683178
world_model_cem,49,480,-267.35828352799547
world_model_cem,49,481,-270.93193363930357
world_model_cem,49,482,-279.5735813954815
world_model_cem,49,483,-285.03132368435126
world_model_cem,49,484,-288.07262266035775
world_model_cem,49,485,-284.62074673216216
world_model_cem,49,486,-278.6248686068926
world_model_cem,49,487,-274.8530998392441
world_model_cem,49,488,-280.20958765385166
world_model_cem,49,489,-268.39644591375065
world_model_cem,49,490,-266.38738903009965
world_model_cem,49,491,-242.27421252888485
world_model_cem,49,492,-257.6505215677435
world_model_cem,49,493,-252.65274178832536
world_model_cem,49,494,-251.80017508587665
world_model_cem,49,495,-245.77004679277124
world_model_cem,49,496,-266.3971929306167
world_model_cem,49,497,-250.43469295509064
world_model_cem,49,498,-246.64106349276216
world_model_cem,49,499,-267.50011836281817
world_model_cem,49,500,-259.4935212040051
world_model_cem,49,501,-279.23302421686066
world_model_cem,49,502,-262.69892342155606
world_model_cem,49,503,-278.05032103042936
world_model_cem,49,504,-283.86910760101404
world_model_cem,49,505,-280.85703063414286
world_model_cem,49,506,-275.7003795013453
world_model_cem,49,507,-274.7260590253947
world_model_cem,49,508,-272.3065334623117
world_model_cem,49,509,-273.4644679025861
world_model_cem,49,510,-272.0922785332166
world_model_cem,49,511,-256.07667892453236
world_model_cem,49,512,-243.91793343790783
world_model_cem,49,513,-255.0662997542479
world_model_cem,49,514,-254.78158723117704
world_model_cem,49,515,-252.31347110678715
world_model_cem,49,516,-257.2548576312497
world_model_cem,49,517,-253.82880439137605
world_model_cem,49,518,-260.26298202944156
world_model_cem,49,519,-257.45040771202014
world_model_cem,49,520,-264.1043022838989
world_model_cem,49,521,-271.8697797028259
world_model_cem,49,522,-278.75233875159535
world_model_cem,49,523,-280.9588000929166
world_model_cem,49,524,-292.5432026813799
world_model_cem,49,525,-281.4571939912168
world_model_cem,49,526,-268.37918993809217
world_model_cem,49,527,-280.1954299552073
world_model_cem,49,528,-269.27310538600926
world_model_cem,49,529,-280.93315887480867
world_model_cem,49,530,-261.3926033156047
world_model_cem,49,531,-259.83216101247
world_model_cem,49,532,-255.25926792161184
world_model_cem,49,533,-252.9492807612989
world_model_cem,49,534,-252.91496593913723
world_model_cem,49,535,-239.46645691261892
world_model_cem,49,536,-253.29461646764918
world_model_cem,49,537,-257.13848933790473
world_model_cem,49,538,-257.0883957305674
world_model_cem,49,539,-271.43693451444585
world_model_cem,49,540,-271.6593545578634
world_model_cem,49,541,-277.60709608144145
world_model_cem,49,542,-280.3673760770056
world_model_cem,49,543,-287.49359439897404
world_model_cem,49,544,-284.0362644246434
world_model_cem,49,545,-279.70782494109153
world_model_cem,49,546,-281.99032536061304
world_model_cem,49,547,-285.4048871280777
world_model_cem,49,548,-272.0368883870652
world_model_cem,49,549,-284.5855564917332
world_model_cem,49,550,-280.8512229088092
world_model_cem,49,551,-274.49493078210315
world_model_cem,49,552,-274.5544841610834
world_model_cem,49,553,-271.69921186160167
world_model_cem,49,554,-266.74444348711006
world_model_cem,49,555,-251.3140233840266
world_model_cem,49,556,-249.93887961831314
world_model_cem,49,557,-255.9719354324026
world_model_cem,49,558,-255.64639583836686
world_model_cem,49,559,-260.23599463338655
world_model_cem,49,560,-249.8092414365562
world_model_cem,49,561,-264.43390843780634
world_model_cem,49,562,-256.0628064559135
world_model_cem,49,563,-265.34708881343994
world_model_cem,49,564,-271.08395261494945
world_model_cem,49,565,-273.1723390362259
world_model_cem,49,566,-274.29629353788647
world_model_cem,49,567,-266.60388478322125
world_model_cem,49,568,-276.41614527580634
world_model_cem,49,569,-274.9441686622789
world_model_cem,49,570,-264.3585631961098
world_model_cem,49,571,-267.38256208966897
world_model_cem,49,572,-266.99263700030804
world_model_cem,49,573,-259.97076654981316
world_model_cem,49,574,-258.635246378737
world_model_cem,49,575,-251.69133138521738
world_model_cem,49,576,-245.71756641622326
world_model_cem,49,577,-247.73581102672006
world_model_cem,49,578,-255.89143199495362
world_model_cem,49,579,-267.6929445839379
world_model_cem,49,580,-272.57872562459573
world_model_cem,49,581,-283.1421396736704
world_model_cem,49,582,-284.6099606913088
world_model_cem,49,583,-293.3491886247958
world_model_cem,49,584,-288.84383911787677
world_model_cem,49,585,-293.9930312479508
world_model_cem,49,586,-289.3122326491404
world_model_cem,49,587,-293.73483605469096
world_model_cem,49,588,-280.031558369792
world_model_cem,49,589,-282.9615216917849
world_model_cem,49,590,-275.0545985009632
world_model_cem,49,591,-274.7315526744879
world_model_cem,49,592,-272.534115154399
world_model_cem,49,593,-270.8968406001785
world_model_cem,49,594,-254.34825610824174
world_model_cem,49,595,-260.99842440176855
world_model_cem,49,596,-254.89837944056984
world_model_cem,49,597,-254.97418632887945
world_model_cem,49,598,-249.8768770646411
world_model_cem,49,599,-250.79063614250072
world_model_cem,49,600,-254.15126218104916
world_model_cem,49,601,-256.1665194821388
world_model_cem,49,602,-258.0984224656556
world_model_cem,49,603,-260.0288570135815
world_model_cem,49,604,-266.0753022731225
world_model_cem,49,605,-272.99300688942407
world_model_cem,49,606,-284.95052723616465
world_model_cem,49,607,-280.6272798923455
world_model_cem,49,608,-279.1333118491356
world_model_cem,49,609,-289.05173079304757
world_model_cem,49,610,-277.45319257201663
world_model_cem,49,611,-276.23077207161117
world_model_cem,49,612,-282.97487330511353
world_model_cem,49,613,-286.17328355564035
world_model_cem,49,614,-272.48353092389596
world_model_cem,49,615,-273.7448073057347
world_model_cem,49,616,-267.33254320907275
world_model_cem,49,617,-250.3433828273418
world_model_cem,49,618,-254.80127370438947
world_model_cem,49,619,-248.08972961827612
world_model_cem,49,620,-248.38287752018235
world_model_cem,49,621,-249.19545657214888
world_model_cem,49,622,-254.46910805991087
world_model_cem,49,623,-249.3242406940366
world_model_cem,49,624,-255.98232067554693
world_model_cem,49,625,-258.3211666606025
world_model_cem,49,626,-263.3870345831243
world_model_cem,49,627,-276.57396301893334
world_model_cem,49,628,-283.5366353685026
world_model_cem,49,629,-283.52568879208076
world_model_cem,49,630,-287.5399567178652
world_model_cem,49,631,-284.93056813384567
world_model_cem,49,632,-275.35336019554916
world_model_cem,49,633,-277.1974757306226
world_model_cem,49,634,-283.40097468227776
world_model_cem,49,635,-283.8520498517545
world_model_cem,49,636,-286.7645082643773
world_model_cem,49,637,-266.13766532035106
world_model_cem,49,638,-269.4440928925993
world_model_cem,49,639,-267.9629685740144
world_model_cem,49,640,-261.0188139153724
world_model_cem,49,641,-243.94794800685284
world_model_cem,49,642,-255.66223174664833
world_model_cem,49,643,-246.1240636259081
world_model_cem,49,644,-253.6291599007547
world_model_cem,49,645,-249.02285649414225
world_model_cem,49,646,-256.041543480257
world_model_cem,49,647,-261.5883669400672
world_model_cem,49,648,-271.607822396152
world_model_cem,49,649,-262.64641513658285
world_model_cem,49,650,-281.22566772742346
world_model_cem,49,651,-274.12795332194355
world_model_cem,49,652,-282.0958897825937
world_model_cem,49,653,-281.82689269723215
world_model_cem,49,654,-285.2341978312353
world_model_cem,49,655,-272.0249089053493
world_model_cem,49,656,-282.10078165191885
world_model_cem,49,657,-279.0645675130893
world_model_cem,49,658,-281.0906757302486
world_model_cem,49,659,-270.7842972039364
world_model_cem,49,660,-266.11765270494095
world_model_cem,49,661,-262.23458717162856
world_model_cem,49,662,-247.4925898858724
world_model_cem,49,663,-250.26423843411771
world_model_cem,49,664,-249.4446579189789
world_model_cem,49,665,-256.9025887498524
world_model_cem,49,666,-258.7758686522883
world_model_cem,49,667,-255.20052062446825
world_model_cem,49,668,-268.8098740483859
world_model_cem,49,669,-265.0662595037945
world_model_cem,49,670,-268.2512259060283
world_model_cem,49,671,-278.97178316020904
world_model_cem,49,672,-280.3902481712536
world_model_cem,49,673,-277.8076564411545
world_model_cem,49,674,-266.53813688731793
world_model_cem,49,675,-281.86273072283944
world_model_cem,49,676,-276.4035460795044
world_model_cem,49,677,-277.86965642999644
world_model_cem,49,678,-275.9843076810313
world_model_cem,49,679,-276.2916282124846
world_model_cem,49,680,-264.0577664111364
world_model_cem,49,681,-265.9483363408383
world_model_cem,49,682,-265.2987088734012
world_model_cem,49,683,-259.00956334139426
world_model_cem,49,684,-251.76689735840495
world_model_cem,49,685,-250.86030650320615
world_model_cem,49,686,-256.66123661258735
world_model_cem,49,687,-252.79641756956943
world_model_cem,49,688,-255.60969536782255
world_model_cem,49,689,-266.0023705570242
world_model_cem,49,690,-268.2020023533335
world_model_cem,49,691,-273.9022344590353
world_model_cem,49,692,-281.2052014167546
world_model_cem,49,693,-278.44324755170976
world_model_cem,49,694,-260.7101809539258
world_model_cem,49,695,-285.3287359717434
world_model_cem,49,696,-277.4300656107587
world_model_cem,49,697,-286.55470251360293
world_model_cem,49,698,-277.5782656498234
world_model_cem,49,699,-272.4261461192025
world_model_cem,49,700,-279.9410560789535
world_model_cem,49,701,-268.5990108358947
world_model_cem,49,702,-261.1183620995982
world_model_cem,49,703,-263.6664805159878
world_model_cem,49,704,-256.137656173729
world_model_cem,49,705,-253.60096834032856
world_model_cem,49,706,-253.11127870456284
world_model_cem,49,707,-240.2998796248469
world_model_cem,49,708,-248.89661024134898
world_model_cem,49,709,-256.4480522790437
world_model_cem,49,710,-262.32017238193487
world_model_cem,49,711,-270.6222411200446
world_model_cem,49,712,-272.9570694124462
world_model_cem,49,713,-275.45716515775257
world_model_cem,49,714,-276.311272094459
world_model_cem,49,715,-279.63481444074193
world_model_cem,49,716,-277.2527174428556
world_model_cem,49,717,-276.1653444433705
world_model_cem,49,718,-285.79981593762983
world_model_cem,49,719,-271.6981240076914
world_model_cem,49,720,-281.80583656550596
world_model_cem,49,721,-268.7977218009517
world_model_cem,49,722,-267.3160226551402
world_model_cem,49,723,-259.2930535712895
world_model_cem,49,724,-257.1232955573348
world_model_cem,49,725,-249.62598102483668
world_model_cem,49,726,-253.79755465607371
world_model_cem,49,727,-250.66366737717559
world_model_cem,49,728,-248.05210402052717
world_model_cem,49,729,-245.9415997013205
world_model_cem,49,730,-263.65452857981114
world_model_cem,49,731,-267.4583677673289
world_model_cem,49,732,-276.2050000810779
world_model_cem,49,733,-283.89028495905507
world_model_cem,49,734,-287.5721160599335
world_model_cem,49,735,-282.8912263859015
world_model_cem,49,736,-281.72143637013244
world_model_cem,49,737,-271.52717361078
world_model_cem,49,738,-283.63788109416015
world_model_cem,49,739,-278.9706523105081
world_model_cem,49,740,-275.44359227724965
world_model_cem,49,741,-279.8160207057011
world_model_cem,49,742,-274.9325927027952
world_model_cem,49,743,-268.9858351379831
world_model_cem,49,744,-255.29746524530955
world_model_cem,49,745,-259.9346271751297
world_model_cem,49,746,-249.44204927981468
world_model_cem,49,747,-254.90914398335957
world_model_cem,49,748,-243.75016141579204
world_model_cem,49,749,-246.78153339035688
world_model_cem,49,750,-252.5360794733963
world_model_cem,49,751,-255.51612123434575
world_model_cem,49,752,-255.54342551760297
world_model_cem,49,753,-265.52620982832525
world_model_cem,49,754,-264.6488461747846
world_model_cem,49,755,-260.6011133042982
world_model_cem,49,756,-283.18979365153785
world_model_cem,49,757,-278.8768141861511
world_model_cem,49,758,-278.31456347491917
world_model_cem,49,759,-289.50533520858664
world_model_cem,49,760,-282.22412241920944
world_model_cem,49,761,-281.0161527330214
world_model_cem,49,762,-274.4406092002545
world_model_cem,49,763,-276.4733984666678
world_model_cem,49,764,-266.57687651990364
world_model_cem,49,765,-262.89994862298107
world_model_cem,49,766,-247.79725986770825
world_model_cem,49,767,-255.97859305652665
world_model_cem,49,768,-244.24104499835352
world_model_cem,49,769,-253.71563183012074
world_model_cem,49,770,-259.9655634811607
world_model_cem,49,771,-261.97198104172674
world_model_cem,49,772,-262.2143058150732
world_model_cem,49,773,-261.92548718993953
world_model_cem,49,774,-256.30551799532265
world_model_cem,49,775,-267.698555196784
world_model_cem,49,776,-272.45498357607937
world_model_cem,49,777,-278.0761106065685
world_model_cem,49,778,-282.9015418800805
world_model_cem,49,779,-282.9576948952949
world_model_cem,49,780,-274.31952464661833
world_model_cem,49,781,-281.62400471329494
world_model_cem,49,782,-279.7402916231273
world_model_cem,49,783,-269.39357655857833
world_model_cem,49,784,-257.7920948250945
world_model_cem,49,785,-256.4021922723997
world_model_cem,49,786,-250.37463199330824
world_model_cem,49,787,-252.30214891756398
world_model_cem,49,788,-247.01711492247406
world_model_cem,49,789,-247.19191967107744
world_model_cem,49,790,-251.68154059189155
world_model_cem,49,791,-247.207831386144
world_model_cem,49,792,-267.41586704728144
world_model_cem,49,793,-266.62476251931025
world_model_cem,49,794,-273.15436983374747
world_model_cem,49,795,-282.94458034665706
world_model_cem,49,796,-282.55508026283036
world_model_cem,49,797,-280.62799948538486
world_model_cem,49,798,-279.3299382772864
world_model_cem,49,799,-282.7533418583425
world_model_cem,49,800,-282.14238306107654
world_model_cem,49,801,-293.12873550395244
world_model_cem,49,802,-282.7884255123799
world_model_cem,49,803,-269.0349216105187
world_model_cem,49,804,-267.44944295288747
world_model_cem,49,805,-260.36474318748117
world_model_cem,49,806,-250.70623223333152
world_model_cem,49,807,-250.24789293309624
world_model_cem,49,808,-252.98215557005824
world_model_cem,49,809,-249.9134250909661
world_model_cem,49,810,-246.44155751536576
world_model_cem,49,811,-250.02891853860888
world_model_cem,49,812,-257.8442796849435
world_model_cem,49,813,-273.1787833824753
world_model_cem,49,814,-275.16874653219463
world_model_cem,49,815,-277.80753732722474
world_model_cem,49,816,-276.5947159802719
world_model_cem,49,817,-292.73684485686516
world_model_cem,49,818,-275.1564803152222
world_model_cem,49,819,-272.6433778843649
world_model_cem,49,820,-277.0240361452347
world_model_cem,49,821,-270.9199055485462
world_model_cem,49,822,-282.62037157677105
world_model_cem,49,823,-280.0331054972713
world_model_cem,49,824,-276.2622040143014
world_model_cem,49,825,-266.94118259653385
world_model_cem,49,826,-251.37736602579335
world_model_cem,49,827,-264.66877155860584
world_model_cem,49,828,-254.93087092829268
world_model_cem,49,829,-253.36478810147037
world_model_cem,49,830,-251.74549958473196
world_model_cem,49,831,-247.86973643182708
world_model_cem,49,832,-256.6339388076616
world_model_cem,49,833,-259.9920911761104
world_model_cem,49,834,-262.91354984576657
world_model_cem,49,835,-272.53087774467787
world_model_cem,49,836,-266.79189918070773
world_model_cem,49,837,-275.0365388791656
world_model_cem,49,838,-286.8962152056596
world_model_cem,49,839,-278.9469477593916
world_model_cem,49,840,-275.72276860412944
world_model_cem,49,841,-272.68708762590177
world_model_cem,49,842,-274.5475859655685
world_model_cem,49,843,-271.82687146279216
world_model_cem,49,844,-263.1769390111576
world_model_cem,49,845,-254.76750364817622
world_model_cem,49,846,-239.17312515043497
world_model_cem,49,847,-253.24520109434854
world_model_cem,49,848,-247.516166406783
world_model_cem,49,849,-249.5594256559557
world_model_cem,49,850,-257.4307032459981
world_model_cem,49,851,-260.0522152344327
world_model_cem,49,852,-259.11826758948274
world_model_cem,49,853,-267.11697058280527
world_model_cem,49,854,-276.04169828040574
world_model_cem,49,855,-279.47462644298713
world_model_cem,49,856,-289.6341210229172
world_model_cem,49,857,-290.5684092596334
world_model_cem,49,858,-289.4486363034122
world_model_cem,49,859,-288.91913175134266
world_model_cem,49,860,-288.6710223804463
world_model_cem,49,861,-284.62117022059863
world_model_cem,49,862,-281.0728052095342
world_model_cem,49,863,-275.4797879546312
world_model_cem,49,864,-275.3048019644134
world_model_cem,49,865,-263.10728537286
world_model_cem,49,866,-257.3350146219906
world_model_cem,49,867,-244.30042448355852
world_model_cem,49,868,-232.93675931705187
world_model_cem,49,869,-252.83002156479114
world_model_cem,49,870,-251.22374198503658
world_model_cem,49,871,-256.32432427924476
world_model_cem,49,872,-255.858190331101
world_model_cem,49,873,-261.10104757287934
world_model_cem,49,874,-261.21583709544484
world_model_cem,49,875,-267.94779398318065
world_model_cem,49,876,-270.8025340704014
world_model_cem,49,877,-282.9712318321661
world_model_cem,49,878,-290.06239828224915
world_model_cem,49,879,-264.7275286816082
world_model_cem,49,880,-278.26633803864894
world_model_cem,49,881,-278.97389876179665
world_model_cem,49,882,-282.85958180755887
world_model_cem,49,883,-275.41216407692923
world_model_cem,49,884,-282.4208690938432
world_model_cem,49,885,-279.8223854765634
world_model_cem,49,886,-276.30625301929865
world_model_cem,49,887,-277.1555998174529
world_model_cem,49,888,-272.45000308500767
world_model_cem,49,889,-257.4892356300273
world_model_cem,49,890,-267.2843409989204
world_model_cem,49,891,-246.0392621264636
world_model_cem,49,892,-246.39046976822289
world_model_cem,49,893,-254.14058500189967
world_model_cem,49,894,-254.91719825145975
world_model_cem,49,895,-256.0027994199048
world_model_cem,49,896,-265.02993488138924
world_model_cem,49,897,-269.5933875460994
world_model_cem,49,898,-272.59114192799007
world_model_cem,49,899,-276.58089317969996
world_model_cem,49,900,-282.5322753905287
world_model_cem,49,901,-283.95505131339246
world_model_cem,49,902,-274.23964747053725
world_model_cem,49,903,-276.6107175036152
world_model_cem,49,904,-270.460558646551
world_model_cem,49,905,-284.65472059745076
world_model_cem,49,906,-279.1997235403261
world_model_cem,49,907,-279.68531620573606
world_model_cem,49,908,-278.814037919257
world_model_cem,49,909,-270.92570114634515
world_model_cem,49,910,-278.5054914033428
world_model_cem,49,911,-272.79497058900114
world_model_cem,49,912,-271.6097267133913
world_model_cem,49,913,-262.8529095579559
world_model_cem,49,914,-255.64875926905165
world_model_cem,49,915,-262.56440345739907
world_model_cem,49,916,-252.5661702113125
world_model_cem,49,917,-261.4165984032899
world_model_cem,49,918,-262.3992733259175
world_model_cem,49,919,-263.25559574797376
world_model_cem,49,920,-262.5483892846514
world_model_cem,49,921,-271.1335262995898
world_model_cem,49,922,-278.7536167937452
world_model_cem,49,923,-270.23560103912143
world_model_cem,49,924,-274.7352385276271
world_model_cem,49,925,-267.13618162445766
world_model_cem,49,926,-268.3793188656261
world_model_cem,49,927,-271.0417920284814
world_model_cem,49,928,-268.1105517729235
world_model_cem,49,929,-265.07732309871096
world_model_cem,49,930,-246.33818097979199
world_model_cem,49,931,-263.10269263574435
world_model_cem,49,932,-253.0234753796405
world_model_cem,49,933,-253.40509339394688
world_model_cem,49,934,-243.2706374362877
world_model_cem,49,935,-257.9697754256911
world_model_cem,49,936,-258.53292855033015
world_model_cem,49,937,-270.8456635158236
world_model_cem,49,938,-274.05228653875406
world_model_cem,49,939,-286.20723726610083
world_model_cem,49,940,-284.25795875369147
world_model_cem,49,941,-291.86068405858447
world_model_cem,49,942,-293.47399354600816
world_model_cem,49,943,-285.3424654053249
world_model_cem,49,944,-292.32806668230853
world_model_cem,49,945,-291.6401502107046
world_model_cem,49,946,-271.34606797582694
world_model_cem,49,947,-264.1015199913556
world_model_cem,49,948,-270.25279598765667
world_model_cem,49,949,-265.8167395463249
world_model_cem,49,950,-264.8385095397901
world_model_cem,49,951,-263.7346518660954
world_model_cem,49,952,-257.196764767347
world_model_cem,49,953,-259.9504033495508
world_model_cem,49,954,-251.27950640369818
world_model_cem,49,955,-250.86714284301664
world_model_cem,49,956,-248.3940418628572
world_model_cem,49,957,-251.13637505092865
world_model_cem,49,958,-250.97715104260428
world_model_cem,49,959,-257.9348496927761
world_model_cem,49,960,-262.4551039896549
world_model_cem,49,961,-269.84986888366893
world_model_cem,49,962,-273.1564339631237
world_model_cem,49,963,-271.92402045797877
world_model_cem,49,964,-283.9425841510841
world_model_cem,49,965,-280.1940521733729
world_model_cem,49,966,-269.0335448854606
world_model_cem,49,967,-280.7168950786532
world_model_cem,49,968,-277.0120400743307
world_model_cem,49,969,-281.3382044276383
world_model_cem,49,970,-280.0462097648902
world_model_cem,49,971,-277.733698902176
world_model_cem,49,972,-272.60946558020015
world_model_cem,49,973,-266.8387623639385
world_model_cem,49,974,-258.9987396184086
world_model_cem,49,975,-250.9798793091037
world_model_cem,49,976,-251.7402328627831
world_model_cem,49,977,-253.35427319333414
world_model_cem,49,978,-250.68595938367767
world_model_cem,49,979,-258.70933119985557
world_model_cem,49,980,-259.37089805689715
world_model_cem,49,981,-262.0749786306038
world_model_cem,49,982,-275.6852376324874
world_model_cem,49,983,-276.0076134399766
world_model_cem,49,984,-284.52567113429916
world_model_cem,49,985,-284.1380750503806
world_model_cem,49,986,-287.32501827371857
world_model_cem,49,987,-283.91331007586916
world_model_cem,49,988,-286.5050842368999
world_model_cem,49,989,-277.82975492152826
world_model_cem,49,990,-274.4524803520919
world_model_cem,49,991,-262.18002413103414
world_model_cem,49,992,-280.1350148458022
world_model_cem,49,993,-268.98248739902044
world_model_cem,49,994,-265.2526169133152
world_model_cem,49,995,-259.68328927489074
world_model_cem,49,996,-255.7099993509899
world_model_cem,49,997,-252.23570769357332
world_model_cem,49,998,-246.9953641783426
world_model_cem,49,999,-248.34336741064493
world_model_cem,49,1000,-246.15984937322912
world_model_cem,50,1,-191.40355247822126
world_model_cem,50,2,-208.64866572114403
world_model_cem,50,3,-192.43060541793946
world_model_cem,50,4,-184.02315816781731
world_model_cem,50,5,-193.1053841592758
world_model_cem,50,6,-182.32847804544141
world_model_cem,50,7,-180.04390047169687
world_model_cem,50,8,-176.89223682881556
world_model_cem,50,9,-197.24928268707225
world_model_cem,50,10,-187.7717753073563
world_model_cem,50,11,-228.59177168715667
world_model_cem,50,12,-234.0994376113776
world_model_cem,50,13,-202.55620708749217
world_model_cem,50,14,-242.14244364478088
world_model_cem,50,15,-202.3783329418892
world_model_cem,50,16,-220.35507669480268
world_model_cem,50,17,-238.85533465421634
world_model_cem,50,18,-217.36399173494
world_model_cem,50,19,-264.75474882932764
world_model_cem,50,20,-222.42164189156375
world_model_cem,50,21,-235.59559095396656
world_model_cem,50,22,-237.3928473246634
world_model_cem,50,23,-215.17669686418975
world_model_cem,50,24,-260.36841213163694
world_model_cem,50,25,-231.11677766267346
world_model_cem,50,26,-232.5941431959441
world_model_cem,50,27,-200.13734549917544
world_model_cem,50,28,-197.6988079225787
world_model_cem,50,29,-193.35082479376285
world_model_cem,50,30,-188.96752962031178
world_model_cem,50,31,-236.44717445294768
world_model_cem,50,32,-211.01980882112645
world_model_cem,50,33,-275.8266735761123
world_model_cem,50,34,-221.4186735114281
world_model_cem,50,35,-248.10496699632995
world_model_cem,50,36,-188.9718616284954
world_model_cem,50,37,-257.6930178156345
world_model_cem,50,38,-192.7561893140052
world_model_cem,50,39,-187.7129513045515
world_model_cem,50,40,-193.57855179287662
world_model_cem,50,41,-194.88536919403685
world_model_cem,50,42,-238.4765767234343
world_model_cem,50,43,-232.68164532322845
world_model_cem,50,44,-200.2216761081222
world_model_cem,50,45,-220.9611528333899
world_model_cem,50,46,-198.2031574665936
world_model_cem,50,47,-245.35070722433792
world_model_cem,50,48,-239.9315423667359
world_model_cem,50,49,-246.8157704566774
world_model_cem,50,50,-197.78337555430193
world_model_cem,50,51,-252.49761132224177
world_model_cem,50,52,-216.1278682355197
world_model_cem,50,53,-212.91531910477474
world_model_cem,50,54,-203.06263443868858
world_model_cem,50,55,-206.58267649524112
world_model_cem,50,56,-216.6902102042165
world_model_cem,50,57,-202.38016863101655
world_model_cem,50,58,-208.49684585777456
world_model_cem,50,59,-229.57046468261137
world_model_cem,50,60,-227.96475808529001
world_model_cem,50,61,-247.5600958792159
world_model_cem,50,62,-201.26282844404193
world_model_cem,50,63,-241.53493165284425
world_model_cem,50,64,-262.904127804218
world_model_cem,50,65,-264.15267288583954
world_model_cem,50,66,-218.29035252844034
world_model_cem,50,67,-184.07400213491906
world_model_cem,50,68,-185.9368050233307
world_model_cem,50,69,-243.62607700160422
world_model_cem,50,70,-196.1136384469753
world_model_cem,50,71,-181.68460114507815
world_model_cem,50,72,-164.39217307607262
world_model_cem,50,73,-190.74190938662167
world_model_cem,50,74,-239.14237691384943
world_model_cem,50,75,-180.80517826297663
world_model_cem,50,76,-171.77887036159535
world_model_cem,50,77,-206.90375508441775
world_model_cem,50,78,-240.6825685376662
world_model_cem,50,79,-213.88117298694846
world_model_cem,50,80,-178.51356804765427
world_model_cem,50,81,-186.35117617199666
world_model_cem,50,82,-182.8958070849502
world_model_cem,50,83,-255.49055304025254
world_model_cem,50,84,-246.52073711369033
world_model_cem,50,85,-204.0863924806868
world_model_cem,50,86,-200.98172930596903
world_model_cem,50,87,-199.2979473030186
world_model_cem,50,88,-233.0830667373107
world_model_cem,50,89,-221.44084900713648
world_model_cem,50,90,-199.6568731028963
world_model_cem,50,91,-238.4090080770593
world_model_cem,50,92,-239.3344326742735
world_model_cem,50,93,-204.14720049316787
world_model_cem,50,94,-195.0045986748621
world_model_cem,50,95,-195.17322356612272
world_model_cem,50,96,-232.23682677977618
world_model_cem,50,97,-213.30735354365973
world_model_cem,50,98,-194.755929660118
world_model_cem,50,99,-230.73366742553438
world_model_cem,50,100,-186.66014641240173
world_model_cem,50,101,-188.70587281566776
world_model_cem,50,102,-243.1032502688773
world_model_cem,50,103,-245.1911229538344
world_model_cem,50,104,-167.47086000805353
world_model_cem,50,105,-175.19754317371286
world_model_cem,50,106,-239.75272322944892
world_model_cem,50,107,-217.39037860310634
world_model_cem,50,108,-206.23680226810671
world_model_cem,50,109,-176.79038905369356
world_model_cem,50,110,-273.2038425654989
world_model_cem,50,111,-242.37673020739769
world_model_cem,50,112,-210.6808777613404
world_model_cem,50,113,-181.81917609976006
world_model_cem,50,114,-192.17936861685303
world_model_cem,50,115,-251.9638115429379
world_model_cem,50,116,-287.00497451372854
world_model_cem,50,117,-168.06202771931655
world_model_cem,50,118,-250.5172589737873
world_model_cem,50,119,-219.48885870707142
world_model_cem,50,120,-274.2640848439214
world_model_cem,50,121,-188.52166942957672
world_model_cem,50,122,-222.24184534888803
world_model_cem,50,123,-285.39251847746834
world_model_cem,50,124,-274.18492402445867
world_model_cem,50,125,-282.8245836235433
world_model_cem,50,126,-213.66158717998857
world_model_cem,50,127,-198.09468923388565
world_model_cem,50,128,-224.8720368896399
world_model_cem,50,129,-210.6992783370627
world_model_cem,50,130,-272.553186982864
world_model_cem,50,131,-269.9221467535891
world_model_cem,50,132,-266.91147978750774
world_model_cem,50,133,-258.9022698255259
world_model_cem,50,134,-278.81646328665977
world_model_cem,50,135,-282.5489883206606
world_model_cem,50,136,-277.4334161327537
world_model_cem,50,137,-281.15216983693375
world_model_cem,50,138,-269.18159689171097
world_model_cem,50,139,-262.4869099191795
world_model_cem,50,140,-252.6746710715721
world_model_cem,50,141,-257.8215781822612
world_model_cem,50,142,-264.0067500920187
world_model_cem,50,143,-261.29769213730424
world_model_cem,50,144,-262.0498015040018
world_model_cem,50,145,-269.5429426620575
world_model_cem,50,146,-269.5805368253349
world_model_cem,50,147,-278.4608194137853
world_model_cem,50,148,-279.70060959675953
world_model_cem,50,149,-282.769151845629
world_model_cem,50,150,-290.8938883041154
world_model_cem,50,151,-293.4657162263436
world_model_cem,50,152,-289.6866778504182
world_model_cem,50,153,-293.7139028907871
world_model_cem,50,154,-285.4986537891407
world_model_cem,50,155,-295.6343997472298
world_model_cem,50,156,-283.48605405866147
world_model_cem,50,157,-282.24469733495323
world_model_cem,50,158,-290.6146913333993
world_model_cem,50,159,-291.14752139271155
world_model_cem,50,160,-277.1633735626127
world_model_cem,50,161,-273.3570186917121
world_model_cem,50,162,-265.12654349974457
world_model_cem,50,163,-272.55179741667433
world_model_cem,50,164,-259.7651925077575
world_model_cem,50,165,-257.0582703711745
world_model_cem,50,166,-257.75000197723705
world_model_cem,50,167,-271.16809459035903
world_model_cem,50,168,-275.24333270284797
world_model_cem,50,169,-273.26953810274296
world_model_cem,50,170,-283.8764404881673
world_model_cem,50,171,-272.773508282154
world_model_cem,50,172,-260.451139113856
world_model_cem,50,173,-254.5440044726276
world_model_cem,50,174,-262.5963010264579
world_model_cem,50,175,-256.7775318574346
world_model_cem,50,176,-256.1482375884544
world_model_cem,50,177,-251.11367393319432
world_model_cem,50,178,-250.58297696994435
world_model_cem,50,179,-250.57540045333803
world_model_cem,50,180,-261.4635994372619
world_model_cem,50,181,-267.05566924298705
world_model_cem,50,182,-277.2180748641659
world_model_cem,50,183,-282.165290174149
world_model_cem,50,184,-291.99819881914505
world_model_cem,50,185,-295.27097636290875
world_model_cem,50,186,-293.8789250611104
world_model_cem,50,187,-294.2503118967929
world_model_cem,50,188,-298.3684856554842
world_model_cem,50,189,-293.8176982340606
world_model_cem,50,190,-293.71507284913724
world_model_cem,50,191,-296.5518085459804
world_model_cem,50,192,-293.7604201452753
world_model_cem,50,193,-288.91873386346174
world_model_cem,50,194,-281.77398687950586
world_model_cem,50,195,-277.28168124791995
world_model_cem,50,196,-274.6010043680431
world_model_cem,50,197,-273.3014080411584
world_model_cem,50,198,-275.33518878736504
world_model_cem,50,199,-275.5448593330452
world_model_cem,50,200,-274.0322076466856
world_model_cem,50,201,-276.90288084711574
world_model_cem,50,202,-269.0172195998222
world_model_cem,50,203,-265.43550677802176
world_model_cem,50,204,-262.347481617608
world_model_cem,50,205,-257.2106272513071
world_model_cem,50,206,-254.68639559431836
world_model_cem,50,207,-259.98027055109554
world_model_cem,50,208,-256.1005339001588
world_model_cem,50,209,-257.78874297819846
world_model_cem,50,210,-261.36745595936713
world_model_cem,50,211,-260.5025596758064
world_model_cem,50,212,-257.7153192607851
world_model_cem,50,213,-267.07350589590504
world_model_cem,50,214,-260.2012344298059
world_model_cem,50,215,-265.09197428861376
world_model_cem,50,216,-273.11802193725987
world_model_cem,50,217,-283.256653470359
world_model_cem,50,218,-292.9673513132235
world_model_cem,50,219,-298.44651401771233
world_model_cem,50,220,-292.2719412337777
world_model_cem,50,221,-297.71351033233765
world_model_cem,50,222,-295.0643598997581
world_model_cem,50,223,-284.77433963312166
world_model_cem,50,224,-297.7457266587846
world_model_cem,50,225,-286.0559360238408
world_model_cem,50,226,-298.8835769222979
world_model_cem,50,227,-289.24418231776815
world_model_cem,50,228,-294.96754539111765
world_model_cem,50,229,-284.82839784613316
world_model_cem,50,230,-287.33991128767144
world_model_cem,50,231,-285.040870844491
world_model_cem,50,232,-274.0358038022435
world_model_cem,50,233,-275.27539900858505
world_model_cem,50,234,-279.99143146184866
world_model_cem,50,235,-273.3098549072987
world_model_cem,50,236,-282.2917404466308
world_model_cem,50,237,-278.3242420947338
world_model_cem,50,238,-285.8941508473567
world_model_cem,50,239,-280.8194773788515
world_model_cem,50,240,-280.3964791963475
world_model_cem,50,241,-281.66359026053533
world_model_cem,50,242,-276.9627566726909
world_model_cem,50,243,-269.75134639582285
world_model_cem,50,244,-279.06243959884614
world_model_cem,50,245,-286.74937455053623
world_model_cem,50,246,-285.11604468357416
world_model_cem,50,247,-283.402791711956
world_model_cem,50,248,-281.31781703445733
world_model_cem,50,249,-283.1622506874653
world_model_cem,50,250,-287.21877630450143
world_model_cem,50,251,-285.87424000333397
world_model_cem,50,252,-277.9864023185176
world_model_cem,50,253,-292.0570841430946
world_model_cem,50,254,-292.7718304319179
world_model_cem,50,255,-296.96091261527795
world_model_cem,50,256,-289.42359174845114
world_model_cem,50,257,-297.58326939972085
world_model_cem,50,258,-287.7398504466677
world_model_cem,50,259,-291.588582945453
world_model_cem,50,260,-287.1058188518856
world_model_cem,50,261,-282.6127723928908
world_model_cem,50,262,-284.4113100380461
world_model_cem,50,263,-279.57379811611406
world_model_cem,50,264,-280.4144182498121
world_model_cem,50,265,-281.0591606637888
world_model_cem,50,266,-280.5807925929373
world_model_cem,50,267,-281.16302475926034
world_model_cem,50,268,-272.5119938329851
world_model_cem,50,269,-279.0911870115513
world_model_cem,50,270,-270.5923307088912
world_model_cem,50,271,-279.25969820257603
world_model_cem,50,272,-271.7148112543381
world_model_cem,50,273,-277.98328570048744
world_model_cem,50,274,-289.61175064776137
world_model_cem,50,275,-293.56872832067455
world_model_cem,50,276,-287.90419685676454
world_model_cem,50,277,-286.4756101421167
world_model_cem,50,278,-286.8415867821345
world_model_cem,50,279,-287.6781785334879
world_model_cem,50,280,-285.28913381761504
world_model_cem,50,281,-279.86403395399134
world_model_cem,50,282,-285.64146113503574
world_model_cem,50,283,-279.72236373081995
world_model_cem,50,284,-282.87100858570005
world_model_cem,50,285,-284.7018226104177
world_model_cem,50,286,-288.3468005060631
world_model_cem,50,287,-290.63877873757906
world_model_cem,50,288,-282.3268145177716
world_model_cem,50,289,-286.4502123456008
world_model_cem,50,290,-285.6732390025021
world_model_cem,50,291,-283.86954720133946
world_model_cem,50,292,-288.7820947975629
world_model_cem,50,293,-286.2619220145495
world_model_cem,50,294,-288.2830603074843
world_model_cem,50,295,-273.2135206499352
world_model_cem,50,296,-290.7858116469012
world_model_cem,50,297,-286.9726506020395
world_model_cem,50,298,-285.7032538006272
world_model_cem,50,299,-283.80744488907084
world_model_cem,50,300,-278.402711952713
world_model_cem,50,301,-281.51552098038303
world_model_cem,50,302,-285.65077929681627
world_model_cem,50,303,-287.20423201336916
world_model_cem,50,304,-285.341801549777
world_model_cem,50,305,-284.48915108606434
world_model_cem,50,306,-288.9461406800176
world_model_cem,50,307,-291.0584273641637
world_model_cem,50,308,-283.89828783005777
world_model_cem,50,309,-286.55238955219227
world_model_cem,50,310,-284.1102508785512
world_model_cem,50,311,-286.31920247680216
world_model_cem,50,312,-290.079602695586
world_model_cem,50,313,-283.16999935180814
world_model_cem,50,314,-281.176081068046
world_model_cem,50,315,-280.0746163145366
world_model_cem,50,316,-289.0609195511694
world_model_cem,50,317,-288.1842336510366
world_model_cem,50,318,-272.2267003758689
world_model_cem,50,319,-284.418000431411
world_model_cem,50,320,-280.64195651184457
world_model_cem,50,321,-283.59519298979757
world_model_cem,50,322,-281.33457043475136
world_model_cem,50,323,-280.9147809020597
world_model_cem,50,324,-284.57390081244813
world_model_cem,50,325,-276.9132064525268
world_model_cem,50,326,-282.5964977990407
world_model_cem,50,327,-288.442802484597
world_model_cem,50,328,-280.63581150728163
world_model_cem,50,329,-285.4268312817318
world_model_cem,50,330,-280.276309810175
world_model_cem,50,331,-286.2778900322064
world_model_cem,50,332,-290.75531604527276
world_model_cem,50,333,-285.3156605474245
world_model_cem,50,334,-285.0558562259921
world_model_cem,50,335,-286.27092150521605
world_model_cem,50,336,-278.1053246735874
world_model_cem,50,337,-287.3861460926991
world_model_cem,50,338,-280.2771830664425
world_model_cem,50,339,-280.5891438047392
world_model_cem,50,340,-281.76581527216024
world_model_cem,50,341,-290.96880340879244
world_model_cem,50,342,-293.744589332712
world_model_cem,50,343,-289.1961107501512
world_model_cem,50,344,-276.80986986679324
world_model_cem,50,345,-287.19500703085185
world_model_cem,50,346,-281.5122948726479
world_model_cem,50,347,-284.84681198053454
world_model_cem,50,348,-282.1224258506066
world_model_cem,50,349,-285.48390922150315
world_model_cem,50,350,-275.26663535221877
world_model_cem,50,351,-277.0549084013272
world_model_cem,50,352,-275.1641200216439
world_model_cem,50,353,-273.530648277651
world_model_cem,50,354,-276.33217418561446
world_model_cem,50,355,-277.72444120310774
world_model_cem,50,356,-286.46738197217934
world_model_cem,50,357,-280.65830463317945
world_model_cem,50,358,-276.3211180963841
world_model_cem,50,359,-283.0964560044216
world_model_cem,50,360,-283.5886647783653
world_model_cem,50,361,-280.9876458432583
world_model_cem,50,362,-286.53364543628544
world_model_cem,50,363,-286.25315286342476
world_model_cem,50,364,-286.936818294612
world_model_cem,50,365,-262.11087201209875
world_model_cem,50,366,-285.44925106183223
world_model_cem,50,367,-284.0817977057759
world_model_cem,50,368,-292.0685198095641
world_model_cem,50,369,-282.56289642621437
world_model_cem,50,370,-281.74342678402206
world_model_cem,50,371,-283.8088828127251
world_model_cem,50,372,-284.8543744649705
world_model_cem,50,373,-282.6685525643262
world_model_cem,50,374,-286.8961900843862
world_model_cem,50,375,-286.1973724157071
world_model_cem,50,376,-294.1134557066092
world_model_cem,50,377,-280.5446352282591
world_model_cem,50,378,-274.4680270691304
world_model_cem,50,379,-284.42897214786353
world_model_cem,50,380,-283.2006546453835
world_model_cem,50,381,-284.6445518081003
world_model_cem,50,382,-282.0540889171665
world_model_cem,50,383,-283.5597397339311
world_model_cem,50,384,-282.93231543188597
world_model_cem,50,385,-277.15207089827277
world_model_cem,50,386,-285.0403139138884
world_model_cem,50,387,-276.6597583804384
world_model_cem,50,388,-281.6647678104292
world_model_cem,50,389,-280.7983106843588
world_model_cem,50,390,-282.3848932336291
world_model_cem,50,391,-285.12472272136074
world_model_cem,50,392,-285.7735362389291
world_model_cem,50,393,-287.17701548063445
world_model_cem,50,394,-291.6684153134829
world_model_cem,50,395,-285.83328412149774
world_model_cem,50,396,-287.56299605883873
world_model_cem,50,397,-271.941619537009
world_model_cem,50,398,-285.2828531845187
world_model_cem,50,399,-280.81892553709395
world_model_cem,50,400,-280.1993697183317
world_model_cem,50,401,-286.71047723827064
world_model_cem,50,402,-273.6570329855633
world_model_cem,50,403,-286.5399834929519
world_model_cem,50,404,-277.9613071540766
world_model_cem,50,405,-284.37613748691814
world_model_cem,50,406,-271.2173429330561
world_model_cem,50,407,-283.5342923448467
world_model_cem,50,408,-273.57813119614036
world_model_cem,50,409,-281.75587330747334
world_model_cem,50,410,-287.5221940897783
world_model_cem,50,411,-286.3882412087107
world_model_cem,50,412,-282.6527370859174
world_model_cem,50,413,-284.9066317403126
world_model_cem,50,414,-285.92342673031374
world_model_cem,50,415,-285.28105947346523
world_model_cem,50,416,-278.6049237031644
world_model_cem,50,417,-282.2300721766859
world_model_cem,50,418,-284.327836325627
world_model_cem,50,419,-288.2441249637132
world_model_cem,50,420,-269.776915256829
world_model_cem,50,421,-288.44529288872735
world_model_cem,50,422,-283.9314413180226
world_model_cem,50,423,-283.05137233637015
world_model_cem,50,424,-287.035891934244
world_model_cem,50,425,-269.6908435036884
world_model_cem,50,426,-293.23218109050987
world_model_cem,50,427,-279.31291839784
world_model_cem,50,428,-281.5401524067455
world_model_cem,50,429,-277.6081965408878
world_model_cem,50,430,-290.3704504060529
world_model_cem,50,431,-286.23221320769767
world_model_cem,50,432,-259.9716273043813
world_model_cem,50,433,-285.6615830845421
world_model_cem,50,434,-285.0866325643693
world_model_cem,50,435,-283.97689460844606
world_model_cem,50,436,-279.4240938609287
world_model_cem,50,437,-284.4026768818268
world_model_cem,50,438,-282.1367088439988
world_model_cem,50,439,-281.4549521830364
world_model_cem,50,440,-285.8742739445452
world_model_cem,50,441,-285.8922024233632
world_model_cem,50,442,-280.8462679414604
world_model_cem,50,443,-288.25631210346637
world_model_cem,50,444,-283.67177137431645
world_model_cem,50,445,-282.6793898052096
world_model_cem,50,446,-283.6536093936799
world_model_cem,50,447,-277.60448395942865
world_model_cem,50,448,-278.1259225662547
world_model_cem,50,449,-272.2143377627211
world_model_cem,50,450,-285.5923172707983
world_model_cem,50,451,-281.3346630346877
world_model_cem,50,452,-283.9693736251282
world_model_cem,50,453,-283.2846588343947
world_model_cem,50,454,-281.51906256372945
world_model_cem,50,455,-283.2687439007944
world_model_cem,50,456,-283.892941138448
world_model_cem,50,457,-271.77956495965185
world_model_cem,50,458,-279.653082206335
world_model_cem,50,459,-285.4892963676993
world_model_cem,50,460,-277.80421912509934
world_model_cem,50,461,-286.7235688621318
world_model_cem,50,462,-290.73039865232784
world_model_cem,50,463,-285.70863574792645
world_model_cem,50,464,-286.62764232808
world_model_cem,50,465,-283.5487864285483
world_model_cem,50,466,-279.4989995096445
world_model_cem,50,467,-288.33244529928146
world_model_cem,50,468,-286.92236461526375
world_model_cem,50,469,-287.1163221036803
world_model_cem,50,470,-287.4793705774543
world_model_cem,50,471,-286.89299384388056
world_model_cem,50,472,-285.18934043641667
world_model_cem,50,473,-281.73099387797095
world_model_cem,50,474,-280.07701218917595
world_model_cem,50,475,-283.70499973666506
world_model_cem,50,476,-287.3844829617126
world_model_cem,50,477,-285.92557910261576
world_model_cem,50,478,-285.1147630702159
world_model_cem,50,479,-283.72131537062216
world_model_cem,50,480,-281.52969897644675
world_model_cem,50,481,-282.1014551765404
world_model_cem,50,482,-282.2120681160647
world_model_cem,50,483,-276.815962683584
world_model_cem,50,484,-287.28274560337417
world_model_cem,50,485,-287.804993396892
world_model_cem,50,486,-270.07381601323675
world_model_cem,50,487,-284.77848979325637
world_model_cem,50,488,-280.29532246656834
world_model_cem,50,489,-289.5242031496566
world_model_cem,50,490,-287.860310833365
world_model_cem,50,491,-281.9983094262989
world_model_cem,50,492,-292.47036799353094
world_model_cem,50,493,-286.2899988786096
world_model_cem,50,494,-274.17814107048173
world_model_cem,50,495,-284.2508446827526
world_model_cem,50,496,-280.65775350301124
world_model_cem,50,497,-283.09609153533773
world_model_cem,50,498,-281.5447658473041
world_model_cem,50,499,-282.93404791049693
world_model_cem,50,500,-283.4682690050372
world_model_cem,50,501,-281.1506823003619
world_model_cem,50,502,-281.3785807470997
world_model_cem,50,503,-284.2200284294251
world_model_cem,50,504,-283.1186023396761
world_model_cem,50,505,-288.2429696969701
world_model_cem,50,506,-285.7282849866455
world_model_cem,50,507,-278.17253344259973
world_model_cem,50,508,-278.8756756315696
world_model_cem,50,509,-273.6873211761951
world_model_cem,50,510,-287.87164657734894
world_model_cem,50,511,-285.00169874617603
world_model_cem,50,512,-277.7294596875888
world_model_cem,50,513,-283.66723571706933
world_model_cem,50,514,-278.9710957608112
world_model_cem,50,515,-280.8646316946829
world_model_cem,50,516,-284.5699885322454
world_model_cem,50,517,-288.36662972120695
world_model_cem,50,518,-288.4312266784759
world_model_cem,50,519,-292.94323008609877
world_model_cem,50,520,-287.7272286048618
world_model_cem,50,521,-279.35768680857706
world_model_cem,50,522,-288.7709082058334
world_model_cem,50,523,-285.33763319663876
world_model_cem,50,524,-273.9517628349687
world_model_cem,50,525,-276.7231886424753
world_model_cem,50,526,-280.37007686296954
world_model_cem,50,527,-284.4907824810768
world_model_cem,50,528,-282.80870359782597
world_model_cem,50,529,-283.44993821114826
world_model_cem,50,530,-283.82053583085224
world_model_cem,50,531,-288.6754447601595
world_model_cem,50,532,-277.56038970317496
world_model_cem,50,533,-283.86777342028734
world_model_cem,50,534,-278.8024267166045
world_model_cem,50,535,-261.96953379581953
world_model_cem,50,536,-281.51738341808584
world_model_cem,50,537,-287.9237671395395
world_model_cem,50,538,-283.0536442902362
world_model_cem,50,539,-285.6622446461257
world_model_cem,50,540,-276.77015203778785
world_model_cem,50,541,-283.6454616924704
world_model_cem,50,542,-280.68780590870233
world_model_cem,50,543,-281.67428275587395
world_model_cem,50,544,-284.3686798339139
world_model_cem,50,545,-275.30528734102455
world_model_cem,50,546,-280.61878805796607
world_model_cem,50,547,-277.8985181609023
world_model_cem,50,548,-277.14468854351685
world_model_cem,50,549,-284.16198574963676
world_model_cem,50,550,-284.73668000173586
world_model_cem,50,551,-280.83981446483926
world_model_cem,50,552,-283.13816028700154
world_model_cem,50,553,-290.654679563837
world_model_cem,50,554,-284.795995298311
world_model_cem,50,555,-284.7867729133416
world_model_cem,50,556,-286.9926336096759
world_model_cem,50,557,-285.2742468070493
world_model_cem,50,558,-286.17754641613374
world_model_cem,50,559,-278.6485979724115
world_model_cem,50,560,-283.49421478993577
world_model_cem,50,561,-287.4840227188215
world_model_cem,50,562,-279.2202467293584
world_model_cem,50,563,-282.8584809173346
world_model_cem,50,564,-287.3429782284401
world_model_cem,50,565,-281.4351161048914
world_model_cem,50,566,-285.2919491379352
world_model_cem,50,567,-278.79236231775343
world_model_cem,50,568,-278.5234819298109
world_model_cem,50,569,-280.83802895422104
world_model_cem,50,570,-286.2470767206136
world_model_cem,50,571,-276.8841857441421
world_model_cem,50,572,-286.66528253947683
world_model_cem,50,573,-286.2697618028727
world_model_cem,50,574,-284.8047538737439
world_model_cem,50,575,-288.44478885573034
world_model_cem,50,576,-281.5882718376145
world_model_cem,50,577,-287.44941318884554
world_model_cem,50,578,-286.7136111231225
world_model_cem,50,579,-289.1988093843685
world_model_cem,50,580,-286.5578969973367
world_model_cem,50,581,-284.4635396494838
world_model_cem,50,582,-281.0075724550802
world_model_cem,50,583,-282.42413477545136
world_model_cem,50,584,-282.67420561623345
world_model_cem,50,585,-284.55201050268744
world_model_cem,50,586,-285.26741929044954
world_model_cem,50,587,-283.6476459942831
world_model_cem,50,588,-284.1899321661549
world_model_cem,50,589,-277.1061198241541
world_model_cem,50,590,-287.552105626961
world_model_cem,50,591,-286.6757373868604
world_model_cem,50,592,-283.6105928308191
world_model_cem,50,593,-283.5777205567256
world_model_cem,50,594,-284.36977048951496
world_model_cem,50,595,-279.9019727123076
world_model_cem,50,596,-284.4143039794435
world_model_cem,50,597,-276.94052617229
world_model_cem,50,598,-279.0129041158442
world_model_cem,50,599,-279.2599134462774
world_model_cem,50,600,-285.66835681946225
world_model_cem,50,601,-282.76984226982205
world_model_cem,50,602,-277.8566427354283
world_model_cem,50,603,-286.6641891104495
world_model_cem,50,604,-279.0194120456784
world_model_cem,50,605,-283.96606333665585
world_model_cem,50,606,-287.1758674317997
world_model_cem,50,607,-278.98061766883893
world_model_cem,50,608,-283.3718211738742
world_model_cem,50,609,-285.93026664813266
world_model_cem,50,610,-277.2869502746314
world_model_cem,50,611,-280.1611244771148
world_model_cem,50,612,-282.8008282550609
world_model_cem,50,613,-286.767792353082
world_model_cem,50,614,-284.6801831609579
world_model_cem,50,615,-286.26709959189657
world_model_cem,50,616,-282.59954960594104
world_model_cem,50,617,-281.9673881542669
world_model_cem,50,618,-285.9377518925696
world_model_cem,50,619,-280.68082527905983
world_model_cem,50,620,-274.7588142991763
world_model_cem,50,621,-285.19762833534423
world_model_cem,50,622,-283.51035372075705
world_model_cem,50,623,-286.87221294972096
world_model_cem,50,624,-280.7961696352362
world_model_cem,50,625,-287.2088563045578
world_model_cem,50,626,-283.94298016328077
world_model_cem,50,627,-288.0957440640326
world_model_cem,50,628,-281.3508686576664
world_model_cem,50,629,-280.5417978564939
world_model_cem,50,630,-283.89753574487185
world_model_cem,50,631,-282.6305798951106
world_model_cem,50,632,-270.10972965732196
world_model_cem,50,633,-284.1728192800027
world_model_cem,50,634,-288.70512101209584
world_model_cem,50,635,-283.8554777343661
world_model_cem,50,636,-283.70035436617655
world_model_cem,50,637,-284.50830132203464
world_model_cem,50,638,-279.63554777350595
world_model_cem,50,639,-281.16946456044076
world_model_cem,50,640,-288.66900492287766
world_model_cem,50,641,-276.07155131911577
world_model_cem,50,642,-274.63625501892693
world_model_cem,50,643,-285.21278189790314
world_model_cem,50,644,-281.85490014680425
world_model_cem,50,645,-276.562119714368
world_model_cem,50,646,-284.7350389342088
world_model_cem,50,647,-284.8651906895731
world_model_cem,50,648,-282.37577979400237
world_model_cem,50,649,-282.9282255048119
world_model_cem,50,650,-284.60254003185645
world_model_cem,50,651,-287.08610339704865
world_model_cem,50,652,-285.0072224020772
world_model_cem,50,653,-288.79524222625986
world_model_cem,50,654,-279.5844118768163
world_model_cem,50,655,-282.38127421607396
world_model_cem,50,656,-288.6908622996193
world_model_cem,50,657,-281.00340964963067
world_model_cem,50,658,-287.0135495017037
world_model_cem,50,659,-277.7107217183405
world_model_cem,50,660,-277.23046392396213
world_model_cem,50,661,-289.5554934518045
world_model_cem,50,662,-273.5633853794547
world_model_cem,50,663,-283.48428337665905
world_model_cem,50,664,-282.1496947539438
world_model_cem,50,665,-283.21603767346795
world_model_cem,50,666,-283.67827267837623
world_model_cem,50,667,-285.3051701882723
world_model_cem,50,668,-282.32030957264266
world_model_cem,50,669,-285.0830469650199
world_model_cem,50,670,-281.0184515197358
world_model_cem,50,671,-284.6412687745169
world_model_cem,50,672,-278.4973760061786
world_model_cem,50,673,-275.0903051809868
world_model_cem,50,674,-279.26211951754465
world_model_cem,50,675,-281.5775149540461
world_model_cem,50,676,-282.61966287505055
world_model_cem,50,677,-272.8319117954059
world_model_cem,50,678,-273.53937978577267
world_model_cem,50,679,-281.4198371525721
world_model_cem,50,680,-285.0173400284915
world_model_cem,50,681,-283.7509044329378
world_model_cem,50,682,-277.4433928835891
world_model_cem,50,683,-286.42118940454674
world_model_cem,50,684,-282.1854983355489
world_model_cem,50,685,-284.01173092556724
world_model_cem,50,686,-277.6252631169326
world_model_cem,50,687,-288.0085734368579
world_model_cem,50,688,-287.22161090936874
world_model_cem,50,689,-283.12762972177836
world_model_cem,50,690,-284.634661815813
world_model_cem,50,691,-287.85207825223085
world_model_cem,50,692,-287.1605417899427
world_model_cem,50,693,-280.8518999211115
world_model_cem,50,694,-283.4167308246041
world_model_cem,50,695,-277.92614552232715
world_model_cem,50,696,-279.1031555898132
world_model_cem,50,697,-281.0561972347519
world_model_cem,50,698,-273.8699835645207
world_model_cem,50,699,-280.7971638802726
world_model_cem,50,700,-277.33295986615104
world_model_cem,50,701,-284.9552297819286
world_model_cem,50,702,-288.41464191868283
world_model_cem,50,703,-278.61054339598127
world_model_cem,50,704,-282.56102625205017
world_model_cem,50,705,-278.50378679131194
world_model_cem,50,706,-278.7649859801538
world_model_cem,50,707,-275.7774990326892
world_model_cem,50,708,-270.6527964052508
world_model_cem,50,709,-269.3340331783634
world_model_cem,50,710,-280.39468625032805
world_model_cem,50,711,-276.82942457485274
world_model_cem,50,712,-282.83929641711484
world_model_cem,50,713,-278.6210142921998
world_model_cem,50,714,-279.5260978381845
world_model_cem,50,715,-283.1114959765669
world_model_cem,50,716,-280.91042253250725
world_model_cem,50,717,-286.08562521887075
world_model_cem,50,718,-289.16204776008124
world_model_cem,50,719,-280.31759622718687
world_model_cem,50,720,-280.1771910192904
world_model_cem,50,721,-285.4430417463383
world_model_cem,50,722,-275.0572065142885
world_model_cem,50,723,-275.7189098841319
world_model_cem,50,724,-279.06896006725515
world_model_cem,50,725,-288.1694352462676
world_model_cem,50,726,-285.6069477279282
world_model_cem,50,727,-282.33124045130575
world_model_cem,50,728,-274.4629400112
world_model_cem,50,729,-287.7675970195223
world_model_cem,50,730,-280.6496884094721
world_model_cem,50,731,-283.7936774336058
world_model_cem,50,732,-281.8059876299547
world_model_cem,50,733,-278.559074179766
world_model_cem,50,734,-271.42543265535335
world_model_cem,50,735,-267.7331451076916
world_model_cem,50,736,-281.6838577293222
world_model_cem,50,737,-287.14792332920604
world_model_cem,50,738,-278.7754158258351
world_model_cem,50,739,-284.68436907011244
world_model_cem,50,740,-280.53913379782375
world_model_cem,50,741,-279.6277749536664
world_model_cem,50,742,-289.9083463217719
world_model_cem,50,743,-291.2293904455828
world_model_cem,50,744,-288.99312770101227
world_model_cem,50,745,-285.2682888516722
world_model_cem,50,746,-289.05217580581046
world_model_cem,50,747,-285.63074442948255
world_model_cem,50,748,-283.8976682215276
world_model_cem,50,749,-269.70025465356645
world_model_cem,50,750,-281.76469517449675
world_model_cem,50,751,-290.09046402807314
world_model_cem,50,752,-287.2815732697455
world_model_cem,50,753,-283.7909911558227
world_model_cem,50,754,-280.9015058437846
world_model_cem,50,755,-274.44575424519223
world_model_cem,50,756,-282.0233400746375
world_model_cem,50,757,-282.8108162328599
world_model_cem,50,758,-285.51754819538024
world_model_cem,50,759,-279.0617084468856
world_model_cem,50,760,-278.316246510164
world_model_cem,50,761,-278.6803380600304
world_model_cem,50,762,-277.08122560381753
world_model_cem,50,763,-276.2205668156073
world_model_cem,50,764,-281.58358633659407
world_model_cem,50,765,-270.0477299511974
world_model_cem,50,766,-285.48322382700314
world_model_cem,50,767,-281.5000040500563
world_model_cem,50,768,-274.774002002206
world_model_cem,50,769,-279.0831505330311
world_model_cem,50,770,-275.9480354619793
world_model_cem,50,771,-285.9753493511646
world_model_cem,50,772,-285.8288287450022
world_model_cem,50,773,-277.66271328997016
world_model_cem,50,774,-284.83627207032185
world_model_cem,50,775,-283.6564403746305
world_model_cem,50,776,-288.15465904455647
world_model_cem,50,777,-289.67281130139844
world_model_cem,50,778,-282.9632344284296
world_model_cem,50,779,-291.3754584555812
world_model_cem,50,780,-287.1809559589697
world_model_cem,50,781,-290.04649258805375
world_model_cem,50,782,-283.13758537988946
world_model_cem,50,783,-278.6977902666507
world_model_cem,50,784,-275.9535917813188
world_model_cem,50,785,-274.77808819560255
world_model_cem,50,786,-282.7982112907618
world_model_cem,50,787,-278.3771752149295
world_model_cem,50,788,-275.84524679565516
world_model_cem,50,789,-277.3851197720559
world_model_cem,50,790,-270.8424338993758
world_model_cem,50,791,-285.1669208571883
world_model_cem,50,792,-279.61906512726193
world_model_cem,50,793,-288.19385482074614
world_model_cem,50,794,-279.7264928095646
world_model_cem,50,795,-289.1039056850017
world_model_cem,50,796,-284.43009902552683
world_model_cem,50,797,-283.898449012072
world_model_cem,50,798,-284.73486231752287
world_model_cem,50,799,-288.54581509523257
world_model_cem,50,800,-276.46826283745895
world_model_cem,50,801,-290.3625742204504
world_model_cem,50,802,-284.5032485565316
world_model_cem,50,803,-284.38311758362
world_model_cem,50,804,-285.53717296971473
world_model_cem,50,805,-281.57275710208074
world_model_cem,50,806,-286.07691158931067
world_model_cem,50,807,-276.49452393147294
world_model_cem,50,808,-288.5561833293051
world_model_cem,50,809,-281.30143338382703
world_model_cem,50,810,-284.48455786985966
world_model_cem,50,811,-280.823827930294
world_model_cem,50,812,-280.9177338067786
world_model_cem,50,813,-274.7434454913571
world_model_cem,50,814,-284.04630508738677
world_model_cem,50,815,-286.036984138007
world_model_cem,50,816,-282.42610745290915
world_model_cem,50,817,-281.86841112196123
world_model_cem,50,818,-284.34976637568076
world_model_cem,50,819,-274.6868986651541
world_model_cem,50,820,-281.45978147784933
world_model_cem,50,821,-288.9274058152639
world_model_cem,50,822,-285.7601075720431
world_model_cem,50,823,-287.28856381815484
world_model_cem,50,824,-289.1097554728207
world_model_cem,50,825,-282.05351906907265
world_model_cem,50,826,-277.5863907500286
world_model_cem,50,827,-289.52315353885916
world_model_cem,50,828,-284.3959547216311
world_model_cem,50,829,-281.91201709693837
world_model_cem,50,830,-286.1429000870595
world_model_cem,50,831,-288.0591367518678
world_model_cem,50,832,-289.5153387813484
world_model_cem,50,833,-284.9824954810862
world_model_cem,50,834,-291.9082912355643
world_model_cem,50,835,-283.9190527314963
world_model_cem,50,836,-285.1569353740659
world_model_cem,50,837,-290.1920782997915
world_model_cem,50,838,-289.0486057793227
world_model_cem,50,839,-281.98294326309485
world_model_cem,50,840,-291.43641339117175
world_model_cem,50,841,-275.14071952643735
world_model_cem,50,842,-280.84602858988194
world_model_cem,50,843,-275.9992260560866
world_model_cem,50,844,-276.1616502547927
world_model_cem,50,845,-288.9272936017513
world_model_cem,50,846,-278.0752139175201
world_model_cem,50,847,-269.44323708116104
world_model_cem,50,848,-287.9218352046467
world_model_cem,50,849,-284.0033047747026
world_model_cem,50,850,-282.39004172741414
world_model_cem,50,851,-276.94661465323406
world_model_cem,50,852,-285.1774815111198
world_model_cem,50,853,-282.3575191818091
world_model_cem,50,854,-285.8662382431543
world_model_cem,50,855,-286.99587844199095
world_model_cem,50,856,-275.56195103381083
world_model_cem,50,857,-283.78963622202366
world_model_cem,50,858,-275.9177916546867
world_model_cem,50,859,-279.83492257760093
world_model_cem,50,860,-283.55846940724956
world_model_cem,50,861,-277.4726616061745
world_model_cem,50,862,-281.86081787582515
world_model_cem,50,863,-282.806154576109
world_model_cem,50,864,-287.98740350494336
world_model_cem,50,865,-286.37060252215844
world_model_cem,50,866,-283.12170406197845
world_model_cem,50,867,-275.7166033618046
world_model_cem,50,868,-284.5141249940498
world_model_cem,50,869,-280.08148800751803
world_model_cem,50,870,-283.7997934286413
world_model_cem,50,871,-284.4210611139546
world_model_cem,50,872,-284.03390432046393
world_model_cem,50,873,-281.37654902690036
world_model_cem,50,874,-285.09421678430965
world_model_cem,50,875,-271.7797736999397
world_model_cem,50,876,-287.8226516314122
world_model_cem,50,877,-285.03605685673733
world_model_cem,50,878,-279.3412804639619
world_model_cem,50,879,-281.1086489675944
world_model_cem,50,880,-284.9005588833099
world_model_cem,50,881,-278.9374020646059
world_model_cem,50,882,-289.49241167895565
world_model_cem,50,883,-276.2047979539795
world_model_cem,50,884,-289.4845693853206
world_model_cem,50,885,-284.5085084604387
world_model_cem,50,886,-280.52698282826105
world_model_cem,50,887,-280.4834627331673
world_model_cem,50,888,-278.3721619767465
world_model_cem,50,889,-273.31632947999304
world_model_cem,50,890,-283.19799565348615
world_model_cem,50,891,-281.6265059579143
world_model_cem,50,892,-279.18021326038877
world_model_cem,50,893,-280.8894681065219
world_model_cem,50,894,-277.87754624506726
world_model_cem,50,895,-281.2419859917531
world_model_cem,50,896,-285.28462411221534
world_model_cem,50,897,-283.5284809111317
world_model_cem,50,898,-277.8061057387832
world_model_cem,50,899,-286.20935467200655
world_model_cem,50,900,-273.84319870923076
world_model_cem,50,901,-278.1323148791011
world_model_cem,50,902,-285.98884119422246
world_model_cem,50,903,-285.71505896205724
world_model_cem,50,904,-281.0668548842759
world_model_cem,50,905,-285.94571487916716
world_model_cem,50,906,-292.24633575654974
world_model_cem,50,907,-288.6193367922798
world_model_cem,50,908,-279.5485535022362
world_model_cem,50,909,-284.0121117398958
world_model_cem,50,910,-282.2109468797158
world_model_cem,50,911,-279.43154619505367
world_model_cem,50,912,-278.65318750819256
world_model_cem,50,913,-289.1557469935586
world_model_cem,50,914,-290.92499314337795
world_model_cem,50,915,-289.3634918622564
world_model_cem,50,916,-282.9082261026281
world_model_cem,50,917,-280.94152885575124
world_model_cem,50,918,-279.67072516212977
world_model_cem,50,919,-284.66978964429444
world_model_cem,50,920,-278.3565982933977
world_model_cem,50,921,-283.7274102153409
world_model_cem,50,922,-282.03719426041334
world_model_cem,50,923,-285.5265258776536
world_model_cem,50,924,-285.77574580450585
world_model_cem,50,925,-284.50391317241133
world_model_cem,50,926,-278.45091825401687
world_model_cem,50,927,-287.1638886579407
world_model_cem,50,928,-269.71281577493454
world_model_cem,50,929,-283.848233614234
world_model_cem,50,930,-271.1712006001633
world_model_cem,50,931,-292.50629264197744
world_model_cem,50,932,-283.2095790188611
world_model_cem,50,933,-286.846276355644
world_model_cem,50,934,-284.5581998428011
world_model_cem,50,935,-275.71301096128815
world_model_cem,50,936,-279.65486084259487
world_model_cem,50,937,-287.2777163025954
world_model_cem,50,938,-288.9769413562361
world_model_cem,50,939,-288.4832567201445
world_model_cem,50,940,-283.2129573342465
world_model_cem,50,941,-280.8276153435862
world_model_cem,50,942,-282.30744708792844
world_model_cem,50,943,-277.83993430648655
world_model_cem,50,944,-284.7213642191828
world_model_cem,50,945,-281.33282577892925
world_model_cem,50,946,-280.48838490767713
world_model_cem,50,947,-277.96353801528096
world_model_cem,50,948,-282.475613127615
world_model_cem,50,949,-282.0401897027115
world_model_cem,50,950,-277.389570005441
world_model_cem,50,951,-278.24056536225066
world_model_cem,50,952,-280.45144381128165
world_model_cem,50,953,-278.032643325504
world_model_cem,50,954,-285.1633585345841
world_model_cem,50,955,-280.12631838230953
world_model_cem,50,956,-277.82095802888233
world_model_cem,50,957,-283.6253704228495
world_model_cem,50,958,-290.66659802028147
world_model_cem,50,959,-283.8859016672554
world_model_cem,50,960,-274.43177526945004
world_model_cem,50,961,-284.0113462105321
world_model_cem,50,962,-281.5780217791738
world_model_cem,50,963,-290.6201461719931
world_model_cem,50,964,-291.7150271020075
world_model_cem,50,965,-276.38736159669486
world_model_cem,50,966,-286.01646857324164
world_model_cem,50,967,-281.2167757603604
world_model_cem,50,968,-280.24572369468115
world_model_cem,50,969,-287.1375296621185
world_model_cem,50,970,-287.9894237903706
world_model_cem,50,971,-288.8059032187917
world_model_cem,50,972,-285.4769493401475
world_model_cem,50,973,-285.71009171053123
world_model_cem,50,974,-276.9942216648265
world_model_cem,50,975,-280.26295335467665
world_model_cem,50,976,-272.1168365270964
world_model_cem,50,977,-270.13171964188155
world_model_cem,50,978,-268.1987476473815
world_model_cem,50,979,-276.0843007502299
world_model_cem,50,980,-268.0223331094986
world_model_cem,50,981,-279.19632987800736
world_model_cem,50,982,-278.7758934186244
world_model_cem,50,983,-274.6710035365826
world_model_cem,50,984,-277.71478614964053
world_model_cem,50,985,-287.4954902063938
world_model_cem,50,986,-286.03571644381026
world_model_cem,50,987,-291.10893807518704
world_model_cem,50,988,-281.07299168769424
world_model_cem,50,989,-292.4812855218167
world_model_cem,50,990,-282.6986828298789
world_model_cem,50,991,-289.67200183304595
world_model_cem,50,992,-290.2540432661817
world_model_cem,50,993,-289.6942107321047
world_model_cem,50,994,-284.98369460687144
world_model_cem,50,995,-271.02242610333604
world_model_cem,50,996,-284.36012493944537
world_model_cem,50,997,-276.8302349777212
world_model_cem,50,998,-269.50405821786853
world_model_cem,50,999,-264.6866510715079
world_model_cem,50,1000,-271.6102285199409
world_model_cem,51,1,-189.91112714170683
world_model_cem,51,2,-195.9563128462621
world_model_cem,51,3,-193.43095105837767
world_model_cem,51,4,-219.295094761921
world_model_cem,51,5,-192.34707455441236
world_model_cem,51,6,-219.47067271583597
world_model_cem,51,7,-178.22888582122684
world_model_cem,51,8,-179.01608902883044
world_model_cem,51,9,-169.73184086916353
world_model_cem,51,10,-192.18609013556463
world_model_cem,51,11,-238.20845114763915
world_model_cem,51,12,-181.71813490493827
world_model_cem,51,13,-215.92558079964297
world_model_cem,51,14,-214.79556426249175
world_model_cem,51,15,-218.61847604529186
world_model_cem,51,16,-196.94465493283792
world_model_cem,51,17,-195.65817807128707
world_model_cem,51,18,-260.03550655522497
world_model_cem,51,19,-228.17485143413202
world_model_cem,51,20,-227.8834529660678
world_model_cem,51,21,-234.82169637082
world_model_cem,51,22,-285.83819749539
world_model_cem,51,23,-229.31117450633243
world_model_cem,51,24,-252.31235401157346
world_model_cem,51,25,-210.01817541914167
world_model_cem,51,26,-279.502010946627
world_model_cem,51,27,-257.9716820780107
world_model_cem,51,28,-265.27530746661853
world_model_cem,51,29,-212.94592052264437
world_model_cem,51,30,-213.36496873286129
world_model_cem,51,31,-201.0286675351382
world_model_cem,51,32,-185.99793524047166
world_model_cem,51,33,-183.40687176165233
world_model_cem,51,34,-212.0021143163799
world_model_cem,51,35,-251.28926499185974
world_model_cem,51,36,-199.36004995348463
world_model_cem,51,37,-230.95981326519077
world_model_cem,51,38,-238.0608804461828
world_model_cem,51,39,-196.35824366476692
world_model_cem,51,40,-195.0325843060769
world_model_cem,51,41,-216.00322564609775
world_model_cem,51,42,-209.39876632500037
world_model_cem,51,43,-227.0823199449701
world_model_cem,51,44,-201.84400467742654
world_model_cem,51,45,-208.1634670406586
world_model_cem,51,46,-202.27922548080323
world_model_cem,51,47,-241.84336176390565
world_model_cem,51,48,-222.37787521095993
world_model_cem,51,49,-216.1897733158721
world_model_cem,51,50,-205.2130888759654
world_model_cem,51,51,-245.439582651974
world_model_cem,51,52,-211.2398232842607
world_model_cem,51,53,-254.38916328300985
world_model_cem,51,54,-213.46593488203007
world_model_cem,51,55,-246.56952663086773
world_model_cem,51,56,-215.97526367866095
world_model_cem,51,57,-229.58230087128965
world_model_cem,51,58,-211.0011188092181
world_model_cem,51,59,-239.70559501808043
world_model_cem,51,60,-202.52621953804612
world_model_cem,51,61,-220.3977568849476
world_model_cem,51,62,-219.18332157802956
world_model_cem,51,63,-195.33399872228563
world_model_cem,51,64,-220.71520159309472
world_model_cem,51,65,-231.12978060904328
world_model_cem,51,66,-202.62868550377425
world_model_cem,51,67,-185.1402512919587
world_model_cem,51,68,-187.58340036095376
world_model_cem,51,69,-187.36030414659098
world_model_cem,51,70,-171.10939895809616
world_model_cem,51,71,-200.02571146676166
world_model_cem,51,72,-188.85326435772095
world_model_cem,51,73,-198.87258608007647
world_model_cem,51,74,-188.29718688283083
world_model_cem,51,75,-187.9824410927007
world_model_cem,51,76,-257.1978587812122
world_model_cem,51,77,-238.68088932580278
world_model_cem,51,78,-198.23496921161836
world_model_cem,51,79,-240.9329491182203
world_model_cem,51,80,-230.9509184650272
world_model_cem,51,81,-209.3788686747864
world_model_cem,51,82,-230.24760942530125
world_model_cem,51,83,-253.89295064354877
world_model_cem,51,84,-204.4760882574523
world_model_cem,51,85,-264.12360024282634
world_model_cem,51,86,-267.0541967239318
world_model_cem,51,87,-226.53708632594518
world_model_cem,51,88,-248.6218641436038
world_model_cem,51,89,-259.9317714733339
world_model_cem,51,90,-220.27651932995542
world_model_cem,51,91,-205.7506228807178
world_model_cem,51,92,-194.68314827131212
world_model_cem,51,93,-192.5859305069788
world_model_cem,51,94,-200.7337982661037
world_model_cem,51,95,-186.75037086911954
world_model_cem,51,96,-226.1571684562668
world_model_cem,51,97,-172.7269112805783
world_model_cem,51,98,-171.9930819151057
world_model_cem,51,99,-166.54863935886374
world_model_cem,51,100,-230.48512544037095
world_model_cem,51,101,-199.3685883904325
world_model_cem,51,102,-172.29185453647705
world_model_cem,51,103,-213.51735351580368
world_model_cem,51,104,-225.27939518174895
world_model_cem,51,105,-243.77393560222004
world_model_cem,51,106,-193.76876199858765
world_model_cem,51,107,-200.54366330866074
world_model_cem,51,108,-261.08172249758405
world_model_cem,51,109,-200.13346764324257
world_model_cem,51,110,-222.56750729791108
world_model_cem,51,111,-203.2834450786759
world_model_cem,51,112,-200.11903458230879
world_model_cem,51,113,-237.82406775353405
world_model_cem,51,114,-282.3805829895314
world_model_cem,51,115,-204.34792070911016
world_model_cem,51,116,-217.4069682827905
world_model_cem,51,117,-223.59149599103634
world_model_cem,51,118,-238.79490452230243
world_model_cem,51,119,-222.74110510817604
world_model_cem,51,120,-291.05618693092805
world_model_cem,51,121,-258.15531454318267
world_model_cem,51,122,-191.17931735264915
world_model_cem,51,123,-261.33521588571415
world_model_cem,51,124,-221.64255403013277
world_model_cem,51,125,-261.33864201688175
world_model_cem,51,126,-211.51143787897544
world_model_cem,51,127,-159.11735665464988
world_model_cem,51,128,-238.73911253786858
world_model_cem,51,129,-181.6021134057409
world_model_cem,51,130,-243.69514439500117
world_model_cem,51,131,-214.23767604246598
world_model_cem,51,132,-288.1901943443183
world_model_cem,51,133,-241.88193455067514
world_model_cem,51,134,-251.65552227667825
world_model_cem,51,135,-267.8392943323977
world_model_cem,51,136,-245.9592657369849
world_model_cem,51,137,-185.74476669289302
world_model_cem,51,138,-170.08333498375066
world_model_cem,51,139,-251.8736374445702
world_model_cem,51,140,-188.38803966323542
world_model_cem,51,141,-228.005010602115
world_model_cem,51,142,-239.69357149772213
world_model_cem,51,143,-198.76520296377387
world_model_cem,51,144,-183.1643015605345
world_model_cem,51,145,-171.4038549495849
world_model_cem,51,146,-289.4641911721282
world_model_cem,51,147,-276.6863148381413
world_model_cem,51,148,-284.468267329032
world_model_cem,51,149,-280.7988047072239
world_model_cem,51,150,-273.8640911295113
world_model_cem,51,151,-267.42249723790314
world_model_cem,51,152,-275.4270293394953
world_model_cem,51,153,-264.57250581864923
world_model_cem,51,154,-256.50011716678085
world_model_cem,51,155,-259.0306709617894
world_model_cem,51,156,-263.56955668304346
world_model_cem,51,157,-258.19029161221897
world_model_cem,51,158,-260.40778431577286
world_model_cem,51,159,-256.0849915520488
world_model_cem,51,160,-264.47577631854637
world_model_cem,51,161,-273.9483303231717
world_model_cem,51,162,-272.19671991258053
world_model_cem,51,163,-271.2160753204214
world_model_cem,51,164,-278.7072178502586
world_model_cem,51,165,-285.3822642761464
world_model_cem,51,166,-270.78507004037067
world_model_cem,51,167,-262.8839724268722
world_model_cem,51,168,-263.9084550876836
world_model_cem,51,169,-275.8431711143038
world_model_cem,51,170,-281.4446698837079
world_model_cem,51,171,-284.57259988152896
world_model_cem,51,172,-267.2539594736711
world_model_cem,51,173,-268.19799581175306
world_model_cem,51,174,-257.23642524314835
world_model_cem,51,175,-262.8569615100905
world_model_cem,51,176,-251.9894498283152
world_model_cem,51,177,-255.03989065820545
world_model_cem,51,178,-255.64512681034276
world_model_cem,51,179,-247.82152502797766
world_model_cem,51,180,-260.2037350176421
world_model_cem,51,181,-261.1863920521615
world_model_cem,51,182,-260.38951922815977
world_model_cem,51,183,-278.63721604545935
world_model_cem,51,184,-285.0722721003374
world_model_cem,51,185,-281.79156834545154
world_model_cem,51,186,-285.83392544854576
world_model_cem,51,187,-256.85891727054985
world_model_cem,51,188,-273.73348242375516
world_model_cem,51,189,-276.95598621915224
world_model_cem,51,190,-279.82775197002377
world_model_cem,51,191,-272.31260903613224
world_model_cem,51,192,-273.0293644118866
world_model_cem,51,193,-272.6373792710897
world_model_cem,51,194,-276.5386621968264
world_model_cem,51,195,-275.17119222931797
world_model_cem,51,196,-262.5796097616629
world_model_cem,51,197,-261.31979719382656
world_model_cem,51,198,-262.7137004963678
world_model_cem,51,199,-255.77174161022634
world_model_cem,51,200,-261.4290700337512
world_model_cem,51,201,-254.16008767128758
world_model_cem,51,202,-258.92967400765326
world_model_cem,51,203,-248.0155832516859
world_model_cem,51,204,-263.0382635048879
world_model_cem,51,205,-271.1725120558554
world_model_cem,51,206,-264.8094303572114
world_model_cem,51,207,-275.10406438114927
world_model_cem,51,208,-286.5137370072641
world_model_cem,51,209,-283.9028531157467
world_model_cem,51,210,-271.91723315105315
world_model_cem,51,211,-270.3272735865236
world_model_cem,51,212,-278.45065287111584
world_model_cem,51,213,-275.71142256124807
world_model_cem,51,214,-284.46544296812885
world_model_cem,51,215,-270.6033474444454
world_model_cem,51,216,-270.9529516818339
world_model_cem,51,217,-263.8306917520721
world_model_cem,51,218,-262.2528601506405
world_model_cem,51,219,-257.06497179703086
world_model_cem,51,220,-255.68427673947824
world_model_cem,51,221,-248.30566818202988
world_model_cem,51,222,-252.418030446018
world_model_cem,51,223,-255.10751659228808
world_model_cem,51,224,-255.2999272347239
world_model_cem,51,225,-271.85370658602307
world_model_cem,51,226,-273.925314806674
world_model_cem,51,227,-274.5983542186525
world_model_cem,51,228,-292.45307120630275
world_model_cem,51,229,-286.5959171809725
world_model_cem,51,230,-284.64951923539587
world_model_cem,51,231,-289.1911330891278
world_model_cem,51,232,-289.4558835820294
world_model_cem,51,233,-273.71462683331515
world_model_cem,51,234,-278.13631469841516
world_model_cem,51,235,-260.0185554855608
world_model_cem,51,236,-276.19668767761425
world_model_cem,51,237,-272.61040102178174
world_model_cem,51,238,-271.80284090039413
world_model_cem,51,239,-259.9862954429869
world_model_cem,51,240,-262.05365385078386
world_model_cem,51,241,-259.26473595188037
world_model_cem,51,242,-260.2183238013807
world_model_cem,51,243,-261.15928304012095
world_model_cem,51,244,-259.2299551334535
world_model_cem,51,245,-254.8151922412897
world_model_cem,51,246,-257.85235120382043
world_model_cem,51,247,-256.5070885058449
world_model_cem,51,248,-255.84373517762495
world_model_cem,51,249,-266.5312284337419
world_model_cem,51,250,-270.16478936190293
world_model_cem,51,251,-268.5889011011281
world_model_cem,51,252,-274.20078874477736
world_model_cem,51,253,-278.8343918957588
world_model_cem,51,254,-278.3790060706666
world_model_cem,51,255,-268.90958252659993
world_model_cem,51,256,-275.9256126995871
world_model_cem,51,257,-279.50732072593587
world_model_cem,51,258,-271.2526110886106
world_model_cem,51,259,-267.23833939804206
world_model_cem,51,260,-264.2770055758441
world_model_cem,51,261,-258.51993431367055
world_model_cem,51,262,-260.94721488355077
world_model_cem,51,263,-242.21911172353725
world_model_cem,51,264,-253.63162498170442
world_model_cem,51,265,-259.1973114164258
world_model_cem,51,266,-250.6816727394896
world_model_cem,51,267,-260.7712556495039
world_model_cem,51,268,-266.8249138196799
world_model_cem,51,269,-280.02908037442137
world_model_cem,51,270,-273.4645354607109
world_model_cem,51,271,-282.9151863233578
world_model_cem,51,272,-282.9146044278626
world_model_cem,51,273,-291.49558953685676
world_model_cem,51,274,-286.02151708133806
world_model_cem,51,275,-287.4643830646835
world_model_cem,51,276,-286.46127472072016
world_model_cem,51,277,-287.63500795527716
world_model_cem,51,278,-274.50786345802686
world_model_cem,51,279,-274.1878662681513
world_model_cem,51,280,-276.15934315391155
world_model_cem,51,281,-265.95296592101215
world_model_cem,51,282,-261.3043482992626
world_model_cem,51,283,-248.29524181502813
world_model_cem,51,284,-247.63017675773827
world_model_cem,51,285,-249.51996278551354
world_model_cem,51,286,-248.94318950870797
world_model_cem,51,287,-244.0375515265182
world_model_cem,51,288,-248.2418512553647
world_model_cem,51,289,-262.2770557437582
world_model_cem,51,290,-260.95174390133616
world_model_cem,51,291,-266.59545070416846
world_model_cem,51,292,-270.38261397301767
world_model_cem,51,293,-281.32595927219137
world_model_cem,51,294,-279.17959697639265
world_model_cem,51,295,-282.23325150446317
world_model_cem,51,296,-294.81890200949766
world_model_cem,51,297,-289.5379844398733
world_model_cem,51,298,-296.1714526970886
world_model_cem,51,299,-289.26689940155535
world_model_cem,51,300,-269.88932577739064
world_model_cem,51,301,-278.7715618660901
world_model_cem,51,302,-275.3312232306388
world_model_cem,51,303,-264.21210118300803
world_model_cem,51,304,-264.1093673451306
world_model_cem,51,305,-250.99864509067083
world_model_cem,51,306,-247.4019138813357
world_model_cem,51,307,-256.02192751261964
world_model_cem,51,308,-255.2332418963478
world_model_cem,51,309,-261.8333269849003
world_model_cem,51,310,-251.93483862079847
world_model_cem,51,311,-261.01500604921364
world_model_cem,51,312,-268.7987583676141
world_model_cem,51,313,-268.66988543395803
world_model_cem,51,314,-277.31710655747247
world_model_cem,51,315,-275.138299288582
world_model_cem,51,316,-285.31188954308016
world_model_cem,51,317,-280.4824970257408
world_model_cem,51,318,-271.630333276944
world_model_cem,51,319,-286.874388589836
world_model_cem,51,320,-278.3047520815225
world_model_cem,51,321,-281.0682260779844
world_model_cem,51,322,-284.73880426204886
world_model_cem,51,323,-271.1279150495706
world_model_cem,51,324,-260.89980840419304
world_model_cem,51,325,-252.7745429683001
world_model_cem,51,326,-239.0368382970045
world_model_cem,51,327,-250.148160744166
world_model_cem,51,328,-252.88659591086176
world_model_cem,51,329,-250.17021031357768
world_model_cem,51,330,-262.29837501961447
world_model_cem,51,331,-260.2965371534535
world_model_cem,51,332,-263.23160301850817
world_model_cem,51,333,-264.16538232528654
world_model_cem,51,334,-280.37921459173367
world_model_cem,51,335,-273.9079585328086
world_model_cem,51,336,-285.91598402241675
world_model_cem,51,337,-288.9534490355207
world_model_cem,51,338,-284.57244715990277
world_model_cem,51,339,-274.86673278326384
world_model_cem,51,340,-270.29014655391063
world_model_cem,51,341,-271.8021295472395
world_model_cem,51,342,-273.8485339564801
world_model_cem,51,343,-277.5990422853403
world_model_cem,51,344,-276.1846915006554
world_model_cem,51,345,-270.3123125409251
world_model_cem,51,346,-263.7422116402543
world_model_cem,51,347,-262.40110184526134
world_model_cem,51,348,-258.86275105808875
world_model_cem,51,349,-255.34016282696953
world_model_cem,51,350,-257.7664404392549
world_model_cem,51,351,-252.09692400603637
world_model_cem,51,352,-256.74364814415685
world_model_cem,51,353,-251.41961945462677
world_model_cem,51,354,-267.9065453031234
world_model_cem,51,355,-265.0633628602711
world_model_cem,51,356,-269.5032998951427
world_model_cem,51,357,-277.8275923216005
world_model_cem,51,358,-282.5158431625914
world_model_cem,51,359,-281.90022572906986
world_model_cem,51,360,-274.9403813651071
world_model_cem,51,361,-278.07044680487235
world_model_cem,51,362,-282.5394365466866
world_model_cem,51,363,-271.619274986596
world_model_cem,51,364,-278.66124399890396
world_model_cem,51,365,-278.9159816854624
world_model_cem,51,366,-273.89611139569337
world_model_cem,51,367,-262.6477081775202
world_model_cem,51,368,-267.0041750827785
world_model_cem,51,369,-259.27990547005885
world_model_cem,51,370,-255.1775903215436
world_model_cem,51,371,-254.22497250158705
world_model_cem,51,372,-252.49288933812034
world_model_cem,51,373,-239.67470694633425
world_model_cem,51,374,-249.72444651327106
world_model_cem,51,375,-260.8896503689929
world_model_cem,51,376,-264.2618650384445
world_model_cem,51,377,-273.5928082806242
world_model_cem,51,378,-281.681202263215
world_model_cem,51,379,-282.2881797801467
world_model_cem,51,380,-287.9086734773147
world_model_cem,51,381,-283.21707886138375
world_model_cem,51,382,-290.0256125067761
world_model_cem,51,383,-281.5732932807189
world_model_cem,51,384,-282.00780509256583
world_model_cem,51,385,-274.2883021607557
world_model_cem,51,386,-280.20006571577494
world_model_cem,51,387,-281.079992838324
world_model_cem,51,388,-272.90553015423853
world_model_cem,51,389,-263.8204773932904
world_model_cem,51,390,-255.53915690855644
world_model_cem,51,391,-259.5784795813105
world_model_cem,51,392,-247.83335800797326
world_model_cem,51,393,-249.18808673615945
world_model_cem,51,394,-253.00571311367528
world_model_cem,51,395,-251.69896635003778
world_model_cem,51,396,-254.93084689285558
world_model_cem,51,397,-258.672454654385
world_model_cem,51,398,-263.5007687482963
world_model_cem,51,399,-271.3440838664312
world_model_cem,51,400,-269.1323760603928
world_model_cem,51,401,-282.00362217576173
world_model_cem,51,402,-280.8910235698494
world_model_cem,51,403,-281.1825524754296
world_model_cem,51,404,-272.7665003248575
world_model_cem,51,405,-279.1590119547013
world_model_cem,51,406,-283.44906342539036
world_model_cem,51,407,-282.091104180307
world_model_cem,51,408,-283.5131645369936
world_model_cem,51,409,-268.8900933371564
world_model_cem,51,410,-271.13401283658516
world_model_cem,51,411,-255.04877203671617
world_model_cem,51,412,-248.63860089916201
world_model_cem,51,413,-258.05365409475337
world_model_cem,51,414,-257.92989650526704
world_model_cem,51,415,-247.78187295528917
world_model_cem,51,416,-250.8072645973597
world_model_cem,51,417,-249.68465689034653
world_model_cem,51,418,-256.8093340754116
world_model_cem,51,419,-263.0730966328855
world_model_cem,51,420,-267.1455887036884
world_model_cem,51,421,-270.05012559663464
world_model_cem,51,422,-276.1077369795616
world_model_cem,51,423,-289.2597725544897
world_model_cem,51,424,-284.5073549383069
world_model_cem,51,425,-273.9972096813355
world_model_cem,51,426,-289.908205210142
world_model_cem,51,427,-280.22835049413163
world_model_cem,51,428,-285.805402018982
world_model_cem,51,429,-268.74209364210606
world_model_cem,51,430,-275.5339915685472
world_model_cem,51,431,-279.99471676741985
world_model_cem,51,432,-280.5597725283361
world_model_cem,51,433,-269.9749433552473
world_model_cem,51,434,-263.2588006490631
world_model_cem,51,435,-263.7662988449888
world_model_cem,51,436,-243.87850793211274
world_model_cem,51,437,-250.53760835170903
world_model_cem,51,438,-254.48047634205838
world_model_cem,51,439,-253.9171244146925
world_model_cem,51,440,-253.4291527547787
world_model_cem,51,441,-254.98112336402087
world_model_cem,51,442,-267.0242091044135
world_model_cem,51,443,-271.78614888772177
world_model_cem,51,444,-270.97568242439155
world_model_cem,51,445,-267.34789477060485
world_model_cem,51,446,-266.8365313721261
world_model_cem,51,447,-281.35324730255195
world_model_cem,51,448,-278.3185466062537
world_model_cem,51,449,-276.9037812657636
world_model_cem,51,450,-273.80438550153923
world_model_cem,51,451,-267.7953041306389
world_model_cem,51,452,-260.7225366800693
world_model_cem,51,453,-250.30961272506198
world_model_cem,51,454,-253.51454288555158
world_model_cem,51,455,-254.58732740226478
world_model_cem,51,456,-248.18531525339546
world_model_cem,51,457,-251.65565524226113
world_model_cem,51,458,-249.40091057005776
world_model_cem,51,459,-251.94680866949068
world_model_cem,51,460,-253.21893315173043
world_model_cem,51,461,-268.95140226719406
world_model_cem,51,462,-275.3868411262654
world_model_cem,51,463,-274.93820865967234
world_model_cem,51,464,-286.073768956781
world_model_cem,51,465,-284.71477169868547
world_model_cem,51,466,-283.14354578236214
world_model_cem,51,467,-281.15625958321624
world_model_cem,51,468,-280.7920726349447
world_model_cem,51,469,-281.38503632648883
world_model_cem,51,470,-284.8485679001968
world_model_cem,51,471,-275.8730216426203
world_model_cem,51,472,-268.93439787136913
world_model_cem,51,473,-259.4371012750713
world_model_cem,51,474,-266.35338942575856
world_model_cem,51,475,-244.94123109465144
world_model_cem,51,476,-248.14036076628742
world_model_cem,51,477,-248.77399147375382
world_model_cem,51,478,-247.21383776304884
world_model_cem,51,479,-244.5646055207934
world_model_cem,51,480,-254.2940694791642
world_model_cem,51,481,-256.07159989626547
world_model_cem,51,482,-265.88992734248455
world_model_cem,51,483,-257.9098445943545
world_model_cem,51,484,-278.773417267091
world_model_cem,51,485,-279.92857210463944
world_model_cem,51,486,-289.87550339038694
world_model_cem,51,487,-282.8160065768459
world_model_cem,51,488,-267.97114134796345
world_model_cem,51,489,-281.2606665545779
world_model_cem,51,490,-286.69332939111206
world_model_cem,51,491,-275.33024941414743
world_model_cem,51,492,-279.11397668732684
world_model_cem,51,493,-285.17547858420124
world_model_cem,51,494,-270.74110247539375
world_model_cem,51,495,-271.9995532088121
world_model_cem,51,496,-280.5100864993849
world_model_cem,51,497,-276.8766777230592
world_model_cem,51,498,-269.2173775836175
world_model_cem,51,499,-266.75771043750484
world_model_cem,51,500,-267.7361459783057
world_model_cem,51,501,-259.2917304215591
world_model_cem,51,502,-259.62809756932506
world_model_cem,51,503,-266.0928353834662
world_model_cem,51,504,-259.5199749540029
world_model_cem,51,505,-261.1824305083944
world_model_cem,51,506,-271.6701397781636
world_model_cem,51,507,-271.9248079037743
world_model_cem,51,508,-270.3815877475484
world_model_cem,51,509,-269.8155670092227
world_model_cem,51,510,-272.6718215268378
world_model_cem,51,511,-270.6143106049519
world_model_cem,51,512,-263.8552904341922
world_model_cem,51,513,-263.1776667708713
world_model_cem,51,514,-259.762258830071
world_model_cem,51,515,-261.4478801654941
world_model_cem,51,516,-257.2917333761815
world_model_cem,51,517,-259.2710981696201
world_model_cem,51,518,-251.10446080559007
world_model_cem,51,519,-253.79528617131038
world_model_cem,51,520,-258.56175001618897
world_model_cem,51,521,-261.9831969910727
world_model_cem,51,522,-263.66076829812965
world_model_cem,51,523,-268.2226966550327
world_model_cem,51,524,-277.69624127772545
world_model_cem,51,525,-282.40873466709735
world_model_cem,51,526,-287.3964609471166
world_model_cem,51,527,-292.6897438701464
world_model_cem,51,528,-293.97709976023646
world_model_cem,51,529,-282.77249689424457
world_model_cem,51,530,-288.47194429026086
world_model_cem,51,531,-278.1139791896267
world_model_cem,51,532,-284.800683550966
world_model_cem,51,533,-269.55041572997993
world_model_cem,51,534,-281.7288710632422
world_model_cem,51,535,-262.17668127713046
world_model_cem,51,536,-264.20437962378
world_model_cem,51,537,-239.6414946642802
world_model_cem,51,538,-250.46409387242227
world_model_cem,51,539,-246.33000268490915
world_model_cem,51,540,-248.35721859735426
world_model_cem,51,541,-247.96747496714264
world_model_cem,51,542,-246.46153389306852
world_model_cem,51,543,-259.7060129207596
world_model_cem,51,544,-262.4228245468349
world_model_cem,51,545,-264.253782616611
world_model_cem,51,546,-270.5137467020271
world_model_cem,51,547,-290.9842488600853
world_model_cem,51,548,-285.22640330848566
world_model_cem,51,549,-281.74302155428785
world_model_cem,51,550,-284.20031610215915
world_model_cem,51,551,-287.9151040241624
world_model_cem,51,552,-278.5322891007967
world_model_cem,51,553,-285.87482345669383
world_model_cem,51,554,-276.00703237482907
world_model_cem,51,555,-267.3281506416019
world_model_cem,51,556,-254.23840471110054
world_model_cem,51,557,-260.1446004099405
world_model_cem,51,558,-239.2866664107902
world_model_cem,51,559,-249.86737758205194
world_model_cem,51,560,-252.12528647959635
world_model_cem,51,561,-246.13299731915376
world_model_cem,51,562,-252.7225103474833
world_model_cem,51,563,-263.3553012741336
world_model_cem,51,564,-266.0436148426011
world_model_cem,51,565,-271.24836682141745
world_model_cem,51,566,-274.04334106706426
world_model_cem,51,567,-277.38001968823767
world_model_cem,51,568,-290.14138336423514
world_model_cem,51,569,-277.8359524244421
world_model_cem,51,570,-284.18818195847604
world_model_cem,51,571,-288.90951508825486
world_model_cem,51,572,-286.0608603328985
world_model_cem,51,573,-262.09663215405817
world_model_cem,51,574,-279.81923019225866
world_model_cem,51,575,-273.66509886383824
world_model_cem,51,576,-257.583359550086
world_model_cem,51,577,-245.48498000914552
world_model_cem,51,578,-255.70000495379784
world_model_cem,51,579,-253.06370506703973
world_model_cem,51,580,-247.58882724479471
world_model_cem,51,581,-247.79899123084485
world_model_cem,51,582,-252.90518310150185
world_model_cem,51,583,-261.33322868951257
world_model_cem,51,584,-249.8683508633849
world_model_cem,51,585,-268.09557138210573
world_model_cem,51,586,-282.2719518939148
world_model_cem,51,587,-288.72720525250634
world_model_cem,51,588,-288.76382348930997
world_model_cem,51,589,-290.9952343558636
world_model_cem,51,590,-288.686537868349
world_model_cem,51,591,-283.81286530474705
world_model_cem,51,592,-288.7277618754598
world_model_cem,51,593,-271.4099579443033
world_model_cem,51,594,-269.328582858795
world_model_cem,51,595,-275.48743647858487
world_model_cem,51,596,-270.35726852938143
world_model_cem,51,597,-253.73830485746214
world_model_cem,51,598,-256.9430243524463
world_model_cem,51,599,-251.69206786216665
world_model_cem,51,600,-248.0166654462882
world_model_cem,51,601,-245.53571871501794
world_model_cem,51,602,-249.27545530464857
world_model_cem,51,603,-250.0700922798295
world_model_cem,51,604,-255.25844201469837
world_model_cem,51,605,-265.6638920020048
world_model_cem,51,606,-267.8123638065408
world_model_cem,51,607,-271.620616591197
world_model_cem,51,608,-289.2031462653535
world_model_cem,51,609,-290.6038577547465
world_model_cem,51,610,-289.00099103080447
world_model_cem,51,611,-287.70223277093703
world_model_cem,51,612,-286.8408786370328
world_model_cem,51,613,-278.3585958562492
world_model_cem,51,614,-274.75245921641874
world_model_cem,51,615,-275.1992504753086
world_model_cem,51,616,-279.35495101230737
world_model_cem,51,617,-275.8290651192983
world_model_cem,51,618,-267.9108459442645
world_model_cem,51,619,-252.78569595169986
world_model_cem,51,620,-254.19580685072884
world_model_cem,51,621,-253.8831053837356
world_model_cem,51,622,-246.6587434859234
world_model_cem,51,623,-254.4769217314901
world_model_cem,51,624,-243.73347546549186
world_model_cem,51,625,-253.09808324631774
world_model_cem,51,626,-256.69278545061104
world_model_cem,51,627,-264.79275029723163
world_model_cem,51,628,-270.52928076964133
world_model_cem,51,629,-281.0469055388981
world_model_cem,51,630,-288.46397643511915
world_model_cem,51,631,-275.8110598132582
world_model_cem,51,632,-281.57329824408123
world_model_cem,51,633,-284.37516055304076
world_model_cem,51,634,-265.74276254171446
world_model_cem,51,635,-257.66302845660556
world_model_cem,51,636,-263.1358410723483
world_model_cem,51,637,-252.23953573077364
world_model_cem,51,638,-258.127940507104
world_model_cem,51,639,-253.25595891877003
world_model_cem,51,640,-251.37459141341807
world_model_cem,51,641,-245.96865037141214
world_model_cem,51,642,-256.42209752761266
world_model_cem,51,643,-257.63830984867786
world_model_cem,51,644,-267.55252028144287
world_model_cem,51,645,-274.97976592527743
world_model_cem,51,646,-282.91516075166294
world_model_cem,51,647,-286.8976610810792
world_model_cem,51,648,-287.9045506852771
world_model_cem,51,649,-284.59877757029307
world_model_cem,51,650,-296.15967119562094
world_model_cem,51,651,-286.32429220933693
world_model_cem,51,652,-287.77864791871025
world_model_cem,51,653,-278.0794097963668
world_model_cem,51,654,-281.50013740107516
world_model_cem,51,655,-274.46304396082627
world_model_cem,51,656,-272.3876131321661
world_model_cem,51,657,-255.57480796282013
world_model_cem,51,658,-256.4687342878343
world_model_cem,51,659,-253.55354359297587
world_model_cem,51,660,-254.72381254859795
world_model_cem,51,661,-242.9736675838128
world_model_cem,51,662,-252.23222901106237
world_model_cem,51,663,-254.79662645693725
world_model_cem,51,664,-248.81299838577218
world_model_cem,51,665,-259.88041102694297
world_model_cem,51,666,-257.5871743044146
world_model_cem,51,667,-265.2982414267215
world_model_cem,51,668,-279.8698894023365
world_model_cem,51,669,-289.19609718652606
world_model_cem,51,670,-277.75625849682496
world_model_cem,51,671,-283.38017340125634
world_model_cem,51,672,-283.87394561510325
world_model_cem,51,673,-287.59023320808745
world_model_cem,51,674,-266.33172258084664
world_model_cem,51,675,-267.5912387867576
world_model_cem,51,676,-265.2673590722029
world_model_cem,51,677,-263.80297383488454
world_model_cem,51,678,-260.4055036790828
world_model_cem,51,679,-255.0370014652137
world_model_cem,51,680,-252.49366185396215
world_model_cem,51,681,-246.5450275082364
world_model_cem,51,682,-257.26777913091684
world_model_cem,51,683,-262.0013188277406
world_model_cem,51,684,-269.4349800052482
world_model_cem,51,685,-280.6595941096326
world_model_cem,51,686,-279.188461756179
world_model_cem,51,687,-283.21094664859186
world_model_cem,51,688,-285.5122045685159
world_model_cem,51,689,-277.6528891723559
world_model_cem,51,690,-284.39435537468785
world_model_cem,51,691,-284.6685458097589
world_model_cem,51,692,-286.8945772245449
world_model_cem,51,693,-284.309464611369
world_model_cem,51,694,-286.3244481497835
world_model_cem,51,695,-277.4767477625662
world_model_cem,51,696,-263.85403229327386
world_model_cem,51,697,-260.4934305177006
world_model_cem,51,698,-253.11260492630805
world_model_cem,51,699,-246.2868518006038
world_model_cem,51,700,-241.80650367976227
world_model_cem,51,701,-245.63489802408492
world_model_cem,51,702,-237.2958815041816
world_model_cem,51,703,-247.1719302652378
world_model_cem,51,704,-254.7727387721149
world_model_cem,51,705,-250.94978168529596
world_model_cem,51,706,-273.89498293643805
world_model_cem,51,707,-279.9076476474943
world_model_cem,51,708,-287.59850910681996
world_model_cem,51,709,-285.9519060080513
world_model_cem,51,710,-282.4745949218285
world_model_cem,51,711,-288.2232999929629
world_model_cem,51,712,-286.91332857024236
world_model_cem,51,713,-283.6501023007195
world_model_cem,51,714,-287.1471182196704
world_model_cem,51,715,-289.0279770512574
world_model_cem,51,716,-266.99325888260864
world_model_cem,51,717,-269.08519330845735
world_model_cem,51,718,-257.7843328966075
world_model_cem,51,719,-256.31467442433745
world_model_cem,51,720,-252.44413904056037
world_model_cem,51,721,-237.58618915096264
world_model_cem,51,722,-253.09687659624015
world_model_cem,51,723,-240.25879931617771
world_model_cem,51,724,-248.28927968922284
world_model_cem,51,725,-259.2404463820125
world_model_cem,51,726,-263.6135017341187
world_model_cem,51,727,-264.31061841646283
world_model_cem,51,728,-281.45985266356644
world_model_cem,51,729,-287.15968276327
world_model_cem,51,730,-286.0672475942089
world_model_cem,51,731,-274.65845746538884
world_model_cem,51,732,-280.00463952368267
world_model_cem,51,733,-281.68023882912297
world_model_cem,51,734,-277.7126990732196
world_model_cem,51,735,-277.3436725997784
world_model_cem,51,736,-274.28051491949105
world_model_cem,51,737,-278.2988843041364
world_model_cem,51,738,-269.01675074328404
world_model_cem,51,739,-261.4909388167883
world_model_cem,51,740,-256.45237894019806
world_model_cem,51,741,-245.54651638711857
world_model_cem,51,742,-250.51829183490446
world_model_cem,51,743,-248.32414850575753
world_model_cem,51,744,-253.65255937125255
world_model_cem,51,745,-240.23105577364822
world_model_cem,51,746,-257.2082501779794
world_model_cem,51,747,-252.44029609203972
world_model_cem,51,748,-263.4483226183648
world_model_cem,51,749,-272.88429592806267
world_model_cem,51,750,-257.8173754245047
world_model_cem,51,751,-279.6049567983
world_model_cem,51,752,-287.2042279636729
world_model_cem,51,753,-284.72463790406465
world_model_cem,51,754,-273.2599433862918
world_model_cem,51,755,-282.72984655863587
world_model_cem,51,756,-275.02218423342805
world_model_cem,51,757,-270.0595229084032
world_model_cem,51,758,-263.4477045392368
world_model_cem,51,759,-270.3731526856761
world_model_cem,51,760,-262.2975514053888
world_model_cem,51,761,-250.58006182450544
world_model_cem,51,762,-241.6141752819781
world_model_cem,51,763,-249.57625572038557
world_model_cem,51,764,-245.63622442751415
world_model_cem,51,765,-247.55854636694647
world_model_cem,51,766,-258.773563785041
world_model_cem,51,767,-262.3033031847282
world_model_cem,51,768,-272.6710901882166
world_model_cem,51,769,-280.8668403839802
world_model_cem,51,770,-286.3825098472112
world_model_cem,51,771,-279.8024205411609
world_model_cem,51,772,-289.5234501518124
world_model_cem,51,773,-282.4056363286489
world_model_cem,51,774,-283.9983409494294
world_model_cem,51,775,-283.8667596064357
world_model_cem,51,776,-278.4702056630007
world_model_cem,51,777,-283.9954691918356
world_model_cem,51,778,-286.9959467220916
world_model_cem,51,779,-274.24884868346936
world_model_cem,51,780,-269.6912856299152
world_model_cem,51,781,-260.9027342643768
world_model_cem,51,782,-262.69105614349166
world_model_cem,51,783,-257.46819100365724
world_model_cem,51,784,-252.2438853246397
world_model_cem,51,785,-238.98680874479425
world_model_cem,51,786,-250.47836072173902
world_model_cem,51,787,-248.8233715649407
world_model_cem,51,788,-262.03987052036473
world_model_cem,51,789,-266.2227423024484
world_model_cem,51,790,-274.3094641513193
world_model_cem,51,791,-275.2832430995745
world_model_cem,51,792,-282.58576087468833
world_model_cem,51,793,-279.3035246704823
world_model_cem,51,794,-287.37883280144456
world_model_cem,51,795,-273.8468202199332
world_model_cem,51,796,-269.37945927491387
world_model_cem,51,797,-278.46305453104026
world_model_cem,51,798,-273.142899522512
world_model_cem,51,799,-282.14862069532273
world_model_cem,51,800,-274.032463856357
world_model_cem,51,801,-271.7990398314163
world_model_cem,51,802,-266.4950628151304
world_model_cem,51,803,-253.9967360085084
world_model_cem,51,804,-254.63282830732433
world_model_cem,51,805,-249.11648917990757
world_model_cem,51,806,-248.29176937422932
world_model_cem,51,807,-255.06199635520588
world_model_cem,51,808,-256.28427923552715
world_model_cem,51,809,-262.39943595973625
world_model_cem,51,810,-264.13461891441744
world_model_cem,51,811,-276.92649882255466
world_model_cem,51,812,-281.9764589426926
world_model_cem,51,813,-286.74834348979454
world_model_cem,51,814,-282.365906353555
world_model_cem,51,815,-286.95864337142814
world_model_cem,51,816,-286.8286026695632
world_model_cem,51,817,-281.96801073906903
world_model_cem,51,818,-283.05924254426566
world_model_cem,51,819,-277.13873410084597
world_model_cem,51,820,-274.45916357309915
world_model_cem,51,821,-278.11865786817657
world_model_cem,51,822,-273.5068855519051
world_model_cem,51,823,-259.6150418663826
world_model_cem,51,824,-263.3560143013035
world_model_cem,51,825,-255.32098757330868
world_model_cem,51,826,-246.87733489387665
world_model_cem,51,827,-250.48403667293232
world_model_cem,51,828,-251.29987122591433
world_model_cem,51,829,-258.6710162802802
world_model_cem,51,830,-254.90913583255286
world_model_cem,51,831,-260.8457329422054
world_model_cem,51,832,-261.07542591145665
world_model_cem,51,833,-274.78884108707103
world_model_cem,51,834,-266.63219850139063
world_model_cem,51,835,-280.58247520956115
world_model_cem,51,836,-278.49015083865436
world_model_cem,51,837,-276.42901142231204
world_model_cem,51,838,-269.2932167195907
world_model_cem,51,839,-279.02985848863506
world_model_cem,51,840,-279.0651606152272
world_model_cem,51,841,-281.2803646834175
world_model_cem,51,842,-282.84254673485685
world_model_cem,51,843,-283.1131638387507
world_model_cem,51,844,-273.9728796076926
world_model_cem,51,845,-271.26757627599426
world_model_cem,51,846,-262.52808024693775
world_model_cem,51,847,-272.1973881661129
world_model_cem,51,848,-260.1935995975116
world_model_cem,51,849,-262.0359161610807
world_model_cem,51,850,-262.46142356425844
world_model_cem,51,851,-257.8704180931417
world_model_cem,51,852,-267.1248010539125
world_model_cem,51,853,-253.544804522863
world_model_cem,51,854,-257.84852216700824
world_model_cem,51,855,-260.12810072372326
world_model_cem,51,856,-252.87397395433686
world_model_cem,51,857,-262.8872959147636
world_model_cem,51,858,-270.63026205115676
world_model_cem,51,859,-275.32239971794013
world_model_cem,51,860,-273.85926621766816
world_model_cem,51,861,-274.37103587784713
world_model_cem,51,862,-276.38985959531607
world_model_cem,51,863,-276.5233942614025
world_model_cem,51,864,-264.89575487980994
world_model_cem,51,865,-289.0594695219463
world_model_cem,51,866,-280.84856245287176
world_model_cem,51,867,-268.8311291310864
world_model_cem,51,868,-266.20056473047623
world_model_cem,51,869,-264.6908752709507
world_model_cem,51,870,-265.4409793569163
world_model_cem,51,871,-257.01978277692996
world_model_cem,51,872,-249.0292540993642
world_model_cem,51,873,-255.9094531880711
world_model_cem,51,874,-259.0146987514319
world_model_cem,51,875,-256.843563924554
world_model_cem,51,876,-266.0373261026539
world_model_cem,51,877,-268.3246545965545
world_model_cem,51,878,-274.7931103130451
world_model_cem,51,879,-283.8339419101443
world_model_cem,51,880,-275.9027455913822
world_model_cem,51,881,-283.6512280111082
world_model_cem,51,882,-277.1893937580471
world_model_cem,51,883,-284.2540791983705
world_model_cem,51,884,-281.19217374692164
world_model_cem,51,885,-256.60491634414575
world_model_cem,51,886,-272.1936879571359
world_model_cem,51,887,-276.6022528336816
world_model_cem,51,888,-278.06291376806047
world_model_cem,51,889,-266.4068240744581
world_model_cem,51,890,-260.9408144314805
world_model_cem,51,891,-255.84336004403923
world_model_cem,51,892,-249.1638893741844
world_model_cem,51,893,-252.25920470128617
world_model_cem,51,894,-250.87180823252623
world_model_cem,51,895,-248.86658987480658
world_model_cem,51,896,-254.0667421874576
world_model_cem,51,897,-260.6684049486355
world_model_cem,51,898,-264.6429586698924
world_model_cem,51,899,-270.51395939576156
world_model_cem,51,900,-275.24756687886287
world_model_cem,51,901,-281.56103846675444
world_model_cem,51,902,-288.09747561314254
world_model_cem,51,903,-283.4003270216635
world_model_cem,51,904,-287.0782698484714
world_model_cem,51,905,-284.72471895433995
world_model_cem,51,906,-282.9938591198385
world_model_cem,51,907,-270.211531969167
world_model_cem,51,908,-269.62853977596427
world_model_cem,51,909,-284.59116385178834
world_model_cem,51,910,-272.2546572248244
world_model_cem,51,911,-269.6367587272024
world_model_cem,51,912,-256.78947984587484
world_model_cem,51,913,-248.80959678943867
world_model_cem,51,914,-247.3616763410677
world_model_cem,51,915,-235.47995437717094
world_model_cem,51,916,-253.42877900170902
world_model_cem,51,917,-254.6305370425943
world_model_cem,51,918,-260.2272527760401
world_model_cem,51,919,-254.5711752789864
world_model_cem,51,920,-267.059205793151
world_model_cem,51,921,-270.8163655038738
world_model_cem,51,922,-269.75853377922886
world_model_cem,51,923,-267.2187706037919
world_model_cem,51,924,-277.1535131854354
world_model_cem,51,925,-283.87673629826554
world_model_cem,51,926,-284.3389616181354
world_model_cem,51,927,-285.1633981090518
world_model_cem,51,928,-274.3099451143283
world_model_cem,51,929,-283.27422325938073
world_model_cem,51,930,-281.96886556331714
world_model_cem,51,931,-282.78850117620135
world_model_cem,51,932,-267.6006308424816
world_model_cem,51,933,-260.9441333472238
world_model_cem,51,934,-249.53578092426426
world_model_cem,51,935,-249.63977722842247
world_model_cem,51,936,-255.47220636441875
world_model_cem,51,937,-250.2962885465207
world_model_cem,51,938,-255.2012834766632
world_model_cem,51,939,-255.95754303732653
world_model_cem,51,940,-239.62964600087852
world_model_cem,51,941,-263.87682207966503
world_model_cem,51,942,-267.44796122515436
world_model_cem,51,943,-278.8793524232742
world_model_cem,51,944,-284.5801285796955
world_model_cem,51,945,-287.5866778367927
world_model_cem,51,946,-275.4997649143143
world_model_cem,51,947,-283.55951978295997
world_model_cem,51,948,-290.8632334040827
world_model_cem,51,949,-284.2815148966369
world_model_cem,51,950,-274.034546007168
world_model_cem,51,951,-276.93461704790855
world_model_cem,51,952,-282.6205445656519
world_model_cem,51,953,-277.2802105360864
world_model_cem,51,954,-256.2881769091567
world_model_cem,51,955,-265.4625222643207
world_model_cem,51,956,-256.05840569186506
world_model_cem,51,957,-256.36319187811677
world_model_cem,51,958,-256.1747519976828
world_model_cem,51,959,-251.2989491236584
world_model_cem,51,960,-249.95482597428173
world_model_cem,51,961,-257.27101949668116
world_model_cem,51,962,-257.4074562445377
world_model_cem,51,963,-251.33356020819298
world_model_cem,51,964,-268.6415310558552
world_model_cem,51,965,-262.4373564004174
world_model_cem,51,966,-279.0628679450896
world_model_cem,51,967,-280.1186781690382
world_model_cem,51,968,-275.6136922966771
world_model_cem,51,969,-279.39773827777316
world_model_cem,51,970,-279.7092478829924
world_model_cem,51,971,-271.16263619325434
world_model_cem,51,972,-277.95778983357735
world_model_cem,51,973,-260.495627315453
world_model_cem,51,974,-267.8312427889739
world_model_cem,51,975,-253.83056374885783
world_model_cem,51,976,-258.1162044620978
world_model_cem,51,977,-259.31086792311254
world_model_cem,51,978,-247.07200055064806
world_model_cem,51,979,-257.46243211326106
world_model_cem,51,980,-240.97344771951168
world_model_cem,51,981,-264.98086021872786
world_model_cem,51,982,-258.3273598938072
world_model_cem,51,983,-264.4781973460408
world_model_cem,51,984,-276.3079497219828
world_model_cem,51,985,-287.484789184652
world_model_cem,51,986,-286.7687817047746
world_model_cem,51,987,-287.8849316743881
world_model_cem,51,988,-275.157394768272
world_model_cem,51,989,-281.5881831648526
world_model_cem,51,990,-271.73435904937594
world_model_cem,51,991,-280.5675859706313
world_model_cem,51,992,-280.9534520905184
world_model_cem,51,993,-274.8250655465512
world_model_cem,51,994,-275.7748041331205
world_model_cem,51,995,-274.32348882349424
world_model_cem,51,996,-267.9553424386955
world_model_cem,51,997,-263.58838396194466
world_model_cem,51,998,-253.29673930951907
world_model_cem,51,999,-253.91331641619132
world_model_cem,51,1000,-254.71795455856764
