policy,seed,step,reward
official_bc,42,1,-194.43047219645035
official_bc,42,2,-203.42711263630875
official_bc,42,3,-210.70291549760339
official_bc,42,4,-246.65995036923906
official_bc,42,5,-196.52961408838792
official_bc,42,6,-253.18186172354555
official_bc,42,7,-263.0017136675544
official_bc,42,8,-178.91832015912024
official_bc,42,9,-169.00725096460516
official_bc,42,10,-203.09145474241333
official_bc,42,11,-267.00558441893236
official_bc,42,12,-163.44355520103153
official_bc,42,13,-228.9573293108091
official_bc,42,14,-293.76502197722033
official_bc,42,15,-277.394573696435
official_bc,42,16,-278.5268627712449
official_bc,42,17,-291.89760883744293
official_bc,42,18,-296.0077109221451
official_bc,42,19,-287.92597488977736
official_bc,42,20,-267.4123587072993
official_bc,42,21,-179.2192487406087
official_bc,42,22,-262.81776156038364
official_bc,42,23,-304.31473849655134
official_bc,42,24,-217.2067038758276
official_bc,42,25,-299.79857581803356
official_bc,42,26,-298.3633704720719
official_bc,42,27,-243.56061371616929
official_bc,42,28,-209.65498308475122
official_bc,42,29,-187.75793946542063
official_bc,42,30,-273.93781759298497
official_bc,42,31,-286.90161504733896
official_bc,42,32,-295.20462477575177
official_bc,42,33,-279.1988145627186
official_bc,42,34,-282.7749466902762
official_bc,42,35,-284.0299661067559
official_bc,42,36,-293.18060515284566
official_bc,42,37,-283.72143122704426
official_bc,42,38,-288.30402479455574
official_bc,42,39,-280.2653460903453
official_bc,42,40,-285.18269892606014
official_bc,42,41,-275.51391621044377
official_bc,42,42,-280.11383102584034
official_bc,42,43,-276.6416716662251
official_bc,42,44,-269.10998289585126
official_bc,42,45,-275.61141890505604
official_bc,42,46,-268.544415520765
official_bc,42,47,-271.89778162246586
official_bc,42,48,-272.2830524834095
official_bc,42,49,-281.4362368544847
official_bc,42,50,-283.2727176134828
official_bc,42,51,-279.43764633230785
official_bc,42,52,-284.48993636875497
official_bc,42,53,-289.38342268414715
official_bc,42,54,-287.65147487099074
official_bc,42,55,-294.18112761403887
official_bc,42,56,-294.23184809481285
official_bc,42,57,-296.37837718222494
official_bc,42,58,-298.8965841332185
official_bc,42,59,-293.82631601995297
official_bc,42,60,-289.22046304617004
official_bc,42,61,-291.45740057451815
official_bc,42,62,-303.33624236339233
official_bc,42,63,-301.2306907764016
official_bc,42,64,-294.7973132609212
official_bc,42,65,-287.6591673849913
official_bc,42,66,-285.9486011275702
official_bc,42,67,-283.68118006376284
official_bc,42,68,-289.1040357424135
official_bc,42,69,-270.6852750442656
official_bc,42,70,-280.14423427361623
official_bc,42,71,-275.8133508833524
official_bc,42,72,-273.5841285370084
official_bc,42,73,-281.28895082409116
official_bc,42,74,-283.60471875686187
official_bc,42,75,-284.35518377284416
official_bc,42,76,-290.02975080231704
official_bc,42,77,-280.6044616803651
official_bc,42,78,-282.5228070262829
official_bc,42,79,-296.9854239662387
official_bc,42,80,-288.4164358262376
official_bc,42,81,-291.5999231018145
official_bc,42,82,-289.2692494752488
official_bc,42,83,-282.57170922298803
official_bc,42,84,-284.9686848739904
official_bc,42,85,-289.18217123134684
official_bc,42,86,-291.4062154798104
official_bc,42,87,-290.8607107331527
official_bc,42,88,-291.99779492818243
official_bc,42,89,-283.7824474707022
official_bc,42,90,-274.5135608297544
official_bc,42,91,-286.37926792720873
official_bc,42,92,-284.98351261330896
official_bc,42,93,-283.2372696443616
official_bc,42,94,-294.64864626396417
official_bc,42,95,-288.8673103023145
official_bc,42,96,-290.1598860296191
official_bc,42,97,-286.92387915552865
official_bc,42,98,-295.4583795884206
official_bc,42,99,-279.8740569689344
official_bc,42,100,-277.8590577820512
official_bc,42,101,-290.1390541235351
official_bc,42,102,-289.42759207855494
official_bc,42,103,-284.32083489510325
official_bc,42,104,-276.48485592605493
official_bc,42,105,-293.40931865391843
official_bc,42,106,-282.11585772088085
official_bc,42,107,-285.4400608872411
official_bc,42,108,-285.3138297534191
official_bc,42,109,-289.5824768777071
official_bc,42,110,-294.9653643624001
official_bc,42,111,-295.15322168025216
official_bc,42,112,-292.44817591705294
official_bc,42,113,-284.8841339087902
official_bc,42,114,-295.8743286483492
official_bc,42,115,-292.85959703366245
official_bc,42,116,-285.1293077962765
official_bc,42,117,-293.56252535394214
official_bc,42,118,-287.72358924936543
official_bc,42,119,-289.68405303787176
official_bc,42,120,-293.6622170960529
official_bc,42,121,-292.85682048993203
official_bc,42,122,-292.085810760138
official_bc,42,123,-294.34242492647655
official_bc,42,124,-286.8178316594803
official_bc,42,125,-290.9416090788345
official_bc,42,126,-291.0256502418207
official_bc,42,127,-288.1280998592875
official_bc,42,128,-287.9509813352721
official_bc,42,129,-288.70442334662806
official_bc,42,130,-287.59982223677855
official_bc,42,131,-292.13519117882413
official_bc,42,132,-292.2634848940491
official_bc,42,133,-284.5771714208855
official_bc,42,134,-295.9716763839474
official_bc,42,135,-291.67284141451
official_bc,42,136,-292.98971600311177
official_bc,42,137,-286.74182735681126
official_bc,42,138,-293.1826072894714
official_bc,42,139,-291.95310735390865
official_bc,42,140,-286.2145283028658
official_bc,42,141,-290.55319792438814
official_bc,42,142,-296.96814116460087
official_bc,42,143,-292.1123986188338
official_bc,42,144,-293.2923399123565
official_bc,42,145,-298.9457307665449
official_bc,42,146,-293.40786582681267
official_bc,42,147,-291.1962740527006
official_bc,42,148,-292.6485260302444
official_bc,42,149,-293.3750135523612
official_bc,42,150,-294.58974680758905
official_bc,42,151,-283.46784360160746
official_bc,42,152,-276.042457252626
official_bc,42,153,-292.2779268791039
official_bc,42,154,-292.88145272977823
official_bc,42,155,-287.7820696527806
official_bc,42,156,-293.909114299855
official_bc,42,157,-291.6001371553014
official_bc,42,158,-288.64403318580355
official_bc,42,159,-291.73441235209043
official_bc,42,160,-294.11956903932435
official_bc,42,161,-281.0567080410716
official_bc,42,162,-295.060599810758
official_bc,42,163,-281.11108398753413
official_bc,42,164,-292.13674958750613
official_bc,42,165,-291.71227338618917
official_bc,42,166,-295.9060743379915
official_bc,42,167,-284.02726371886683
official_bc,42,168,-288.2020866416481
official_bc,42,169,-291.4691638345074
official_bc,42,170,-289.83465069337393
official_bc,42,171,-291.3943217908951
official_bc,42,172,-285.8561007376971
official_bc,42,173,-292.27116338018993
official_bc,42,174,-293.2313144663432
official_bc,42,175,-284.044182719537
official_bc,42,176,-292.2781818504647
official_bc,42,177,-296.0514425581133
official_bc,42,178,-280.4957429560843
official_bc,42,179,-297.62191580030947
official_bc,42,180,-280.6161074882514
official_bc,42,181,-295.7175405351441
official_bc,42,182,-292.7099353057718
official_bc,42,183,-296.7865365079474
official_bc,42,184,-293.7505577675362
official_bc,42,185,-292.9593897199462
official_bc,42,186,-299.88665361015387
official_bc,42,187,-296.5712792505954
official_bc,42,188,-294.6816293725282
official_bc,42,189,-281.23937437790295
official_bc,42,190,-289.4525207046447
official_bc,42,191,-290.0766866920229
official_bc,42,192,-288.9199577654451
official_bc,42,193,-292.3831087395302
official_bc,42,194,-289.75520457412006
official_bc,42,195,-286.57917938059677
official_bc,42,196,-289.0146875789171
official_bc,42,197,-290.7730313406221
official_bc,42,198,-283.31303526478814
official_bc,42,199,-299.52353726695975
official_bc,42,200,-291.67848051287325
official_bc,42,201,-288.2308103727099
official_bc,42,202,-297.0103782450039
official_bc,42,203,-291.7555903407597
official_bc,42,204,-280.21605769729507
official_bc,42,205,-299.151305413527
official_bc,42,206,-289.2520160740826
official_bc,42,207,-284.15153502529074
official_bc,42,208,-280.471834630905
official_bc,42,209,-293.2299340275008
official_bc,42,210,-294.00789625716607
official_bc,42,211,-287.22042496715443
official_bc,42,212,-292.0836325333701
official_bc,42,213,-287.49603707834
official_bc,42,214,-289.77271260438664
official_bc,42,215,-284.43310369704415
official_bc,42,216,-296.8179355067499
official_bc,42,217,-298.3451755095835
official_bc,42,218,-295.993319055023
official_bc,42,219,-287.0363119507496
official_bc,42,220,-290.96947163932936
official_bc,42,221,-293.1045237502661
official_bc,42,222,-285.0365176242758
official_bc,42,223,-293.5539770383754
official_bc,42,224,-280.6833125857947
official_bc,42,225,-285.0588064683827
official_bc,42,226,-288.05379025718264
official_bc,42,227,-290.5494411893177
official_bc,42,228,-290.8641776952053
official_bc,42,229,-293.7202756315155
official_bc,42,230,-298.6218969011428
official_bc,42,231,-292.11064726286264
official_bc,42,232,-291.3604688942095
official_bc,42,233,-295.0190380663774
official_bc,42,234,-296.68264338384665
official_bc,42,235,-280.1600387840239
official_bc,42,236,-286.9212363398132
official_bc,42,237,-289.5849545788282
official_bc,42,238,-288.1612946088552
official_bc,42,239,-293.053746049477
official_bc,42,240,-296.9891868780031
official_bc,42,241,-288.11013363442146
official_bc,42,242,-290.99893614167183
official_bc,42,243,-297.0394602299897
official_bc,42,244,-294.8888726632606
official_bc,42,245,-286.0091686443476
official_bc,42,246,-286.92274943859303
official_bc,42,247,-282.17309728620944
official_bc,42,248,-301.43843013976556
official_bc,42,249,-283.2977315394121
official_bc,42,250,-295.76791877747485
official_bc,42,251,-289.80538295188626
official_bc,42,252,-297.3847924305172
official_bc,42,253,-295.3171357385836
official_bc,42,254,-287.9558560423254
official_bc,42,255,-289.7116842209537
official_bc,42,256,-292.04516848953506
official_bc,42,257,-297.5526991120055
official_bc,42,258,-293.3460311641833
official_bc,42,259,-281.31955851182516
official_bc,42,260,-290.64323013820876
official_bc,42,261,-298.4726388013399
official_bc,42,262,-289.2125483539459
official_bc,42,263,-292.24078843851
official_bc,42,264,-298.15737915592945
official_bc,42,265,-284.4797554248326
official_bc,42,266,-290.69593996745095
official_bc,42,267,-295.30212063230033
official_bc,42,268,-291.10424406388637
official_bc,42,269,-292.5693489217953
official_bc,42,270,-290.87708549876044
official_bc,42,271,-285.28710281700853
official_bc,42,272,-291.30772936217437
official_bc,42,273,-286.8821743830253
official_bc,42,274,-288.33859735582814
official_bc,42,275,-283.46270650284964
official_bc,42,276,-295.4872562129084
official_bc,42,277,-287.168996111453
official_bc,42,278,-292.35165751003336
official_bc,42,279,-293.53752522285976
official_bc,42,280,-290.1935844294916
official_bc,42,281,-286.78516681241035
official_bc,42,282,-288.2769016997223
official_bc,42,283,-282.97702662331994
official_bc,42,284,-291.9561808668121
official_bc,42,285,-291.0102775287891
official_bc,42,286,-293.5249061303288
official_bc,42,287,-290.43107965157725
official_bc,42,288,-290.42134773185563
official_bc,42,289,-292.1443144647912
official_bc,42,290,-295.3425227078121
official_bc,42,291,-292.086064560125
official_bc,42,292,-296.82832664428224
official_bc,42,293,-291.67366562980953
official_bc,42,294,-291.1143108682559
official_bc,42,295,-293.8263991748266
official_bc,42,296,-291.0231582960065
official_bc,42,297,-288.21234171035627
official_bc,42,298,-268.56001932063367
official_bc,42,299,-290.69065594400814
official_bc,42,300,-290.9186660011903
official_bc,42,301,-293.18726427733003
official_bc,42,302,-288.61534809411194
official_bc,42,303,-294.1423105566637
official_bc,42,304,-287.62668962418576
official_bc,42,305,-283.1593687076645
official_bc,42,306,-293.1406861906879
official_bc,42,307,-296.42978745206796
official_bc,42,308,-291.44904927594337
official_bc,42,309,-295.7530483801652
official_bc,42,310,-288.2012802135049
official_bc,42,311,-291.64555497561315
official_bc,42,312,-296.8733358944468
official_bc,42,313,-297.53260561458023
official_bc,42,314,-283.50803688056783
official_bc,42,315,-283.80942919485454
official_bc,42,316,-285.7890387806019
official_bc,42,317,-292.73642049004627
official_bc,42,318,-284.0298117407785
official_bc,42,319,-290.78075942843316
official_bc,42,320,-293.78376824103754
official_bc,42,321,-280.6774778777991
official_bc,42,322,-291.54902615680237
official_bc,42,323,-280.82421924904435
official_bc,42,324,-291.5604577979054
official_bc,42,325,-295.5530227690699
official_bc,42,326,-285.8961001897284
official_bc,42,327,-299.15899369444884
official_bc,42,328,-291.93494307523366
official_bc,42,329,-292.6398954449916
official_bc,42,330,-293.5506395803807
official_bc,42,331,-293.40938492053635
official_bc,42,332,-295.1277174039782
official_bc,42,333,-290.4527917653823
official_bc,42,334,-289.9460985765694
official_bc,42,335,-296.2522097870963
official_bc,42,336,-293.4085314979509
official_bc,42,337,-284.5963942119246
official_bc,42,338,-292.79665174017487
official_bc,42,339,-292.29402152655484
official_bc,42,340,-286.6351476183141
official_bc,42,341,-293.87582824412857
official_bc,42,342,-292.4129034253481
official_bc,42,343,-289.80801265098637
official_bc,42,344,-285.0600402671467
official_bc,42,345,-291.09237903545517
official_bc,42,346,-294.4100359259666
official_bc,42,347,-281.65611661203513
official_bc,42,348,-289.89082907501006
official_bc,42,349,-293.1962972682053
official_bc,42,350,-294.41042121676605
official_bc,42,351,-296.89039243436315
official_bc,42,352,-288.21490904740455
official_bc,42,353,-293.1759998143174
official_bc,42,354,-284.0910696038286
official_bc,42,355,-293.0837068709352
official_bc,42,356,-283.34896376289646
official_bc,42,357,-278.52567089631043
official_bc,42,358,-295.22778407633854
official_bc,42,359,-289.1292228559126
official_bc,42,360,-296.3223394575285
official_bc,42,361,-286.42986489060496
official_bc,42,362,-289.65398838138674
official_bc,42,363,-285.0309303036021
official_bc,42,364,-296.13822689977087
official_bc,42,365,-294.17989793925665
official_bc,42,366,-288.5220038520388
official_bc,42,367,-298.08454204034615
official_bc,42,368,-289.3514719711278
official_bc,42,369,-292.95013833393864
official_bc,42,370,-283.45931977366104
official_bc,42,371,-301.14939047111966
official_bc,42,372,-294.7288033486033
official_bc,42,373,-294.67503943449753
official_bc,42,374,-294.432424722949
official_bc,42,375,-287.8390405061875
official_bc,42,376,-295.74345874753493
official_bc,42,377,-291.2259994834061
official_bc,42,378,-294.5225648551029
official_bc,42,379,-280.5350219192594
official_bc,42,380,-293.60833866787095
official_bc,42,381,-284.382435257231
official_bc,42,382,-284.68238759635443
official_bc,42,383,-293.45440147719785
official_bc,42,384,-289.5448057364084
official_bc,42,385,-285.9959649973587
official_bc,42,386,-284.49354532195946
official_bc,42,387,-294.56514745439074
official_bc,42,388,-291.0484408309495
official_bc,42,389,-280.2001613122735
official_bc,42,390,-294.8167127025319
official_bc,42,391,-296.81996425323814
official_bc,42,392,-295.41099219292545
official_bc,42,393,-297.34363204312626
official_bc,42,394,-296.15377479676647
official_bc,42,395,-295.0763901695177
official_bc,42,396,-283.1141140546466
official_bc,42,397,-297.41672385051527
official_bc,42,398,-285.43724690468747
official_bc,42,399,-292.60779962974146
official_bc,42,400,-279.94713573808474
official_bc,42,401,-291.4780571878099
official_bc,42,402,-293.8946913803951
official_bc,42,403,-289.037975408822
official_bc,42,404,-294.6849783067047
official_bc,42,405,-293.8100512553674
official_bc,42,406,-281.5930923511764
official_bc,42,407,-292.252150449151
official_bc,42,408,-291.4120548124538
official_bc,42,409,-284.64527171863193
official_bc,42,410,-294.2585794861216
official_bc,42,411,-284.4832883671703
official_bc,42,412,-287.75204246306134
official_bc,42,413,-287.1330410580713
official_bc,42,414,-294.25239554296206
official_bc,42,415,-288.24267777438746
official_bc,42,416,-292.2061499057905
official_bc,42,417,-284.5036168793463
official_bc,42,418,-287.599640391932
official_bc,42,419,-280.48864403343464
official_bc,42,420,-278.73731368807023
official_bc,42,421,-291.3858004475828
official_bc,42,422,-294.9776262603842
official_bc,42,423,-287.5388356577563
official_bc,42,424,-297.7819040792375
official_bc,42,425,-288.08627485729136
official_bc,42,426,-294.92376788362515
official_bc,42,427,-294.6662765290331
official_bc,42,428,-298.7853468265548
official_bc,42,429,-292.59837992212067
official_bc,42,430,-289.15260317553765
official_bc,42,431,-280.0140632112858
official_bc,42,432,-299.1932716140513
official_bc,42,433,-294.40012801735895
official_bc,42,434,-293.2171450460059
official_bc,42,435,-296.5832189450141
official_bc,42,436,-292.9511397395893
official_bc,42,437,-294.82443757974363
official_bc,42,438,-287.9931928862996
official_bc,42,439,-288.87455537113715
official_bc,42,440,-268.82496918685683
official_bc,42,441,-297.2281505799832
official_bc,42,442,-287.8508356976614
official_bc,42,443,-288.5896333030519
official_bc,42,444,-288.9776053442895
official_bc,42,445,-294.2824710454323
official_bc,42,446,-300.30079395225664
official_bc,42,447,-294.33137521744806
official_bc,42,448,-286.81864080772743
official_bc,42,449,-283.94941048858766
official_bc,42,450,-295.2902654163018
official_bc,42,451,-289.86412881680246
official_bc,42,452,-294.27670083853945
official_bc,42,453,-294.93309356238024
official_bc,42,454,-294.37047191326496
official_bc,42,455,-288.38567182626383
official_bc,42,456,-290.5766421718348
official_bc,42,457,-291.43741641134056
official_bc,42,458,-292.30273234660484
official_bc,42,459,-292.92061211476425
official_bc,42,460,-291.694832461573
official_bc,42,461,-292.4397716633822
official_bc,42,462,-294.81288378785075
official_bc,42,463,-291.49363351905254
official_bc,42,464,-292.03818210139184
official_bc,42,465,-288.01978610703
official_bc,42,466,-294.63809442210174
official_bc,42,467,-290.08521295946787
official_bc,42,468,-290.2445451320731
official_bc,42,469,-290.7944682948008
official_bc,42,470,-289.69624534203376
official_bc,42,471,-293.01028222354876
official_bc,42,472,-290.3449568571528
official_bc,42,473,-288.76780549452945
official_bc,42,474,-288.2131513036544
official_bc,42,475,-296.33521262033514
official_bc,42,476,-280.02285382553447
official_bc,42,477,-286.69441565162236
official_bc,42,478,-295.4994256481361
official_bc,42,479,-287.6134088442541
official_bc,42,480,-285.5425345812298
official_bc,42,481,-279.4325535288455
official_bc,42,482,-292.16745472600377
official_bc,42,483,-299.142490417596
official_bc,42,484,-286.7416757772615
official_bc,42,485,-292.7631109088676
official_bc,42,486,-292.19320915987805
official_bc,42,487,-296.0920549820537
official_bc,42,488,-297.8499192489029
official_bc,42,489,-292.70027855225567
official_bc,42,490,-288.57618577547345
official_bc,42,491,-292.45959507453233
official_bc,42,492,-283.1836473111918
official_bc,42,493,-290.66269652726794
official_bc,42,494,-291.28528267840454
official_bc,42,495,-285.4485951088996
official_bc,42,496,-290.3038850928661
official_bc,42,497,-282.77358798183883
official_bc,42,498,-295.0241743668049
official_bc,42,499,-287.23184078793196
official_bc,42,500,-286.8050053489783
official_bc,42,501,-281.785268318439
official_bc,42,502,-292.28215043976877
official_bc,42,503,-286.0024953898411
official_bc,42,504,-298.3353099214861
official_bc,42,505,-287.26304201949563
official_bc,42,506,-298.17247548270177
official_bc,42,507,-291.86777486192693
official_bc,42,508,-276.08592597983136
official_bc,42,509,-292.9841068604684
official_bc,42,510,-289.5292583019697
official_bc,42,511,-293.65832579945715
official_bc,42,512,-294.6107410807604
official_bc,42,513,-297.783592045386
official_bc,42,514,-283.5451632754103
official_bc,42,515,-283.87044860058194
official_bc,42,516,-282.8605655994006
official_bc,42,517,-288.8640926015655
official_bc,42,518,-276.76439579191606
official_bc,42,519,-291.36879751991484
official_bc,42,520,-279.37594734742584
official_bc,42,521,-291.1344541438714
official_bc,42,522,-290.2493350836221
official_bc,42,523,-288.68923871432423
official_bc,42,524,-295.37931451186444
official_bc,42,525,-298.9597389811953
official_bc,42,526,-285.2490222997819
official_bc,42,527,-285.1385597659296
official_bc,42,528,-300.52555368264984
official_bc,42,529,-295.04083541594883
official_bc,42,530,-291.29538893410427
official_bc,42,531,-286.53917225471247
official_bc,42,532,-296.8097389920178
official_bc,42,533,-289.23375576406295
official_bc,42,534,-282.04967701444707
official_bc,42,535,-285.5309912536796
official_bc,42,536,-281.391973009013
official_bc,42,537,-287.66126450189074
official_bc,42,538,-284.95238763277257
official_bc,42,539,-289.20380498921037
official_bc,42,540,-295.056433278374
official_bc,42,541,-293.72513289508584
official_bc,42,542,-294.3204325195964
official_bc,42,543,-291.6108106445318
official_bc,42,544,-294.45697901615546
official_bc,42,545,-297.9142767295989
official_bc,42,546,-283.8179020856813
official_bc,42,547,-295.0484468814806
official_bc,42,548,-289.0822625618446
official_bc,42,549,-291.9905007814893
official_bc,42,550,-293.74942076174017
official_bc,42,551,-294.8126344638808
official_bc,42,552,-284.823578481469
official_bc,42,553,-299.0411238044188
official_bc,42,554,-276.94870366446935
official_bc,42,555,-285.6623470142145
official_bc,42,556,-289.2690035438065
official_bc,42,557,-294.0749960838967
official_bc,42,558,-288.40937514735737
official_bc,42,559,-288.25137577457093
official_bc,42,560,-293.87968769504477
official_bc,42,561,-299.953344630655
official_bc,42,562,-292.9520683303689
official_bc,42,563,-292.80694081149545
official_bc,42,564,-290.8618498085691
official_bc,42,565,-298.86298450210154
official_bc,42,566,-293.19864083638436
official_bc,42,567,-287.1889647088201
official_bc,42,568,-281.4110828334287
official_bc,42,569,-280.8970434328608
official_bc,42,570,-285.0866023560351
official_bc,42,571,-293.18185763151195
official_bc,42,572,-290.5959545775469
official_bc,42,573,-289.82629154465576
official_bc,42,574,-293.23698359424924
official_bc,42,575,-286.5552194661491
official_bc,42,576,-290.89195003287495
official_bc,42,577,-286.4973348492962
official_bc,42,578,-295.78176183343805
official_bc,42,579,-297.7686739655555
official_bc,42,580,-293.6950713969617
official_bc,42,581,-292.07561934392027
official_bc,42,582,-297.2050048676479
official_bc,42,583,-290.8183101222039
official_bc,42,584,-287.912019180292
official_bc,42,585,-294.0967774142309
official_bc,42,586,-290.73374930846046
official_bc,42,587,-289.5808079929949
official_bc,42,588,-283.1321976263941
official_bc,42,589,-274.06460425117837
official_bc,42,590,-282.6027653160447
official_bc,42,591,-287.86392851085185
official_bc,42,592,-289.11968298740203
official_bc,42,593,-293.6396090908807
official_bc,42,594,-295.8674967425614
official_bc,42,595,-280.89175155657745
official_bc,42,596,-293.92388407834346
official_bc,42,597,-291.64430084710045
official_bc,42,598,-295.75399918443014
official_bc,42,599,-296.2837796300771
official_bc,42,600,-293.48475185654536
official_bc,42,601,-295.2417658008726
official_bc,42,602,-296.5169542846328
official_bc,42,603,-290.78209868829447
official_bc,42,604,-291.12503999752585
official_bc,42,605,-290.44916355612037
official_bc,42,606,-287.9843163456219
official_bc,42,607,-290.70185839232863
official_bc,42,608,-288.2388979026696
official_bc,42,609,-283.7905362207927
official_bc,42,610,-290.2161067174126
official_bc,42,611,-292.33111628860865
official_bc,42,612,-282.81857564310036
official_bc,42,613,-290.6853853716165
official_bc,42,614,-286.3535829978522
official_bc,42,615,-279.4116619144917
official_bc,42,616,-285.15539415504696
official_bc,42,617,-296.74561672848307
official_bc,42,618,-299.04782842636604
official_bc,42,619,-293.04818719884105
official_bc,42,620,-291.1448366463089
official_bc,42,621,-297.9570592248679
official_bc,42,622,-285.81210527756343
official_bc,42,623,-292.03197550823876
official_bc,42,624,-293.20677946870677
official_bc,42,625,-290.7475256771812
official_bc,42,626,-280.35492308758967
official_bc,42,627,-283.5757063812457
official_bc,42,628,-268.6940688330688
official_bc,42,629,-279.7237465952229
official_bc,42,630,-292.4955925020942
official_bc,42,631,-280.18141996971974
official_bc,42,632,-293.45184457243636
official_bc,42,633,-295.91662562584247
official_bc,42,634,-296.18458413804717
official_bc,42,635,-301.48536420991434
official_bc,42,636,-298.05359197997655
official_bc,42,637,-293.04126238201997
official_bc,42,638,-291.4582299942921
official_bc,42,639,-296.04364737302797
official_bc,42,640,-295.9738289172428
official_bc,42,641,-293.1027614286291
official_bc,42,642,-294.31093232794626
official_bc,42,643,-280.45944398219393
official_bc,42,644,-278.11285460373256
official_bc,42,645,-287.3344876665709
official_bc,42,646,-290.0370341702737
official_bc,42,647,-286.8422939505334
official_bc,42,648,-290.65122279913953
official_bc,42,649,-285.8574685243586
official_bc,42,650,-292.14650478962994
official_bc,42,651,-296.71707865288136
official_bc,42,652,-290.60751511063296
official_bc,42,653,-299.06616614616445
official_bc,42,654,-290.104899550941
official_bc,42,655,-289.1437290449523
official_bc,42,656,-298.84703095432195
official_bc,42,657,-294.2542407911251
official_bc,42,658,-295.5165493741616
official_bc,42,659,-277.61898814564654
official_bc,42,660,-298.4150724583902
official_bc,42,661,-276.90777875639117
official_bc,42,662,-295.5095141742886
official_bc,42,663,-283.9887326003485
official_bc,42,664,-292.641749452351
official_bc,42,665,-292.62535835879805
official_bc,42,666,-282.19251351850033
official_bc,42,667,-295.1087402281317
official_bc,42,668,-294.45216594961283
official_bc,42,669,-291.71447457437966
official_bc,42,670,-292.0054972340245
official_bc,42,671,-297.95764799945863
official_bc,42,672,-292.6219284123101
official_bc,42,673,-292.0894018921107
official_bc,42,674,-287.9421444526975
official_bc,42,675,-296.61775836808937
official_bc,42,676,-287.5376926881959
official_bc,42,677,-289.9296908469549
official_bc,42,678,-287.3631414876636
official_bc,42,679,-290.0889749731963
official_bc,42,680,-289.5971146696563
official_bc,42,681,-290.07545187013574
official_bc,42,682,-283.5548643420469
official_bc,42,683,-290.0396343605438
official_bc,42,684,-295.28161621758665
official_bc,42,685,-284.5750407281794
official_bc,42,686,-284.6741539070278
official_bc,42,687,-297.5803780623762
official_bc,42,688,-289.6952595179981
official_bc,42,689,-277.65390600416356
official_bc,42,690,-291.3222579479868
official_bc,42,691,-297.0262893642929
official_bc,42,692,-292.1323979913507
official_bc,42,693,-272.90528451366845
official_bc,42,694,-291.9687908386557
official_bc,42,695,-301.13520444890116
official_bc,42,696,-289.1699570823177
official_bc,42,697,-280.6096947646952
official_bc,42,698,-294.49370355711017
official_bc,42,699,-288.18773638130335
official_bc,42,700,-291.5062167528823
official_bc,42,701,-294.52183144460435
official_bc,42,702,-290.41526107781
official_bc,42,703,-288.83781367406255
official_bc,42,704,-292.7329288912243
official_bc,42,705,-289.5260418724265
official_bc,42,706,-286.7001182886103
official_bc,42,707,-292.49909964183723
official_bc,42,708,-292.532136310366
official_bc,42,709,-290.6303941770213
official_bc,42,710,-290.08645128548517
official_bc,42,711,-290.53232052563743
official_bc,42,712,-297.29698194184306
official_bc,42,713,-296.6616963110063
official_bc,42,714,-285.5681403709324
official_bc,42,715,-288.1511962643481
official_bc,42,716,-278.84271941484303
official_bc,42,717,-280.7090724562253
official_bc,42,718,-277.26707539952537
official_bc,42,719,-286.7467111267425
official_bc,42,720,-291.0619583565742
official_bc,42,721,-287.0301312276621
official_bc,42,722,-291.0663226613859
official_bc,42,723,-292.2851580116434
official_bc,42,724,-293.62753122412687
official_bc,42,725,-297.2964681558889
official_bc,42,726,-278.66551143453944
official_bc,42,727,-299.3925870837439
official_bc,42,728,-297.8288651408813
official_bc,42,729,-293.93443971470356
official_bc,42,730,-296.3105774761648
official_bc,42,731,-293.7039145389414
official_bc,42,732,-290.8453928383817
official_bc,42,733,-294.40650084024645
official_bc,42,734,-294.34347372969086
official_bc,42,735,-292.93907129929653
official_bc,42,736,-274.10150025350475
official_bc,42,737,-293.3811227546708
official_bc,42,738,-284.30358247746005
official_bc,42,739,-292.84531110034675
official_bc,42,740,-290.86648312736185
official_bc,42,741,-288.4189706110154
official_bc,42,742,-277.1387874947499
official_bc,42,743,-293.82909199836837
official_bc,42,744,-299.57892999282734
official_bc,42,745,-292.003747003962
official_bc,42,746,-291.0239331906284
official_bc,42,747,-291.8605722481019
official_bc,42,748,-290.51953388117636
official_bc,42,749,-287.8766049132721
official_bc,42,750,-292.69705512635426
official_bc,42,751,-292.7711900050862
official_bc,42,752,-288.07899041185584
official_bc,42,753,-295.0977065479188
official_bc,42,754,-291.4473370335204
official_bc,42,755,-289.6696097290296
official_bc,42,756,-290.71692920790235
official_bc,42,757,-288.82268675923115
official_bc,42,758,-292.5804052282368
official_bc,42,759,-299.2430976051286
official_bc,42,760,-284.25741999941
official_bc,42,761,-282.18973602321216
official_bc,42,762,-294.99453381113096
official_bc,42,763,-292.1150560655626
official_bc,42,764,-293.993455468726
official_bc,42,765,-290.88015621583355
official_bc,42,766,-293.9585476923035
official_bc,42,767,-292.58571950920975
official_bc,42,768,-292.7090557971803
official_bc,42,769,-289.0133967712883
official_bc,42,770,-286.9251305151042
official_bc,42,771,-298.763297785442
official_bc,42,772,-293.2921480544346
official_bc,42,773,-282.2813113684998
official_bc,42,774,-288.77020456050917
official_bc,42,775,-279.10088547056364
official_bc,42,776,-292.064876356562
official_bc,42,777,-292.658677156234
official_bc,42,778,-287.0582918194936
official_bc,42,779,-290.24980305791826
official_bc,42,780,-290.7320349702032
official_bc,42,781,-297.97828326179655
official_bc,42,782,-295.8472763964155
official_bc,42,783,-293.8617448706096
official_bc,42,784,-292.0359262672669
official_bc,42,785,-297.63845848597754
official_bc,42,786,-287.15595392150124
official_bc,42,787,-302.2054066932003
official_bc,42,788,-282.2830716362903
official_bc,42,789,-295.4274523892611
official_bc,42,790,-285.6504657946934
official_bc,42,791,-289.1051455205472
official_bc,42,792,-284.77132523697674
official_bc,42,793,-288.01577912225457
official_bc,42,794,-281.5135363908812
official_bc,42,795,-291.1134914025728
official_bc,42,796,-281.05085190435193
official_bc,42,797,-288.7448151324188
official_bc,42,798,-294.4196677209944
official_bc,42,799,-296.3403799024442
official_bc,42,800,-296.14391841895787
official_bc,42,801,-288.99024887345405
official_bc,42,802,-286.48552077092745
official_bc,42,803,-292.33946821970846
official_bc,42,804,-288.7624719589899
official_bc,42,805,-294.37135633389454
official_bc,42,806,-279.715210191928
official_bc,42,807,-298.1090297347971
official_bc,42,808,-295.4353535323019
official_bc,42,809,-296.83717586210844
official_bc,42,810,-293.46758879944827
official_bc,42,811,-284.7884211549825
official_bc,42,812,-278.30924444114544
official_bc,42,813,-288.18754205223314
official_bc,42,814,-287.0711230081445
official_bc,42,815,-282.4475059660369
official_bc,42,816,-291.41556740393395
official_bc,42,817,-290.75325642495375
official_bc,42,818,-288.51014425433476
official_bc,42,819,-295.47908049688596
official_bc,42,820,-293.3003149981948
official_bc,42,821,-284.8281604919114
official_bc,42,822,-284.9223656506124
official_bc,42,823,-290.90185907314356
official_bc,42,824,-293.38032185231083
official_bc,42,825,-286.64143630221963
official_bc,42,826,-289.19191863116333
official_bc,42,827,-290.63282934972216
official_bc,42,828,-281.31021809732187
official_bc,42,829,-293.3802469821443
official_bc,42,830,-293.50730499541345
official_bc,42,831,-293.35395362332974
official_bc,42,832,-285.59220117654377
official_bc,42,833,-292.7958810949197
official_bc,42,834,-294.73980585292304
official_bc,42,835,-279.6424767737797
official_bc,42,836,-291.57604883721615
official_bc,42,837,-290.2847809372534
official_bc,42,838,-296.9305736423606
official_bc,42,839,-286.8076356952965
official_bc,42,840,-292.16989367325783
official_bc,42,841,-296.08064192584885
official_bc,42,842,-291.39288398668873
official_bc,42,843,-280.1113497363833
official_bc,42,844,-295.8092377812411
official_bc,42,845,-285.27085663114696
official_bc,42,846,-295.2489842114234
official_bc,42,847,-301.3473783091107
official_bc,42,848,-288.22529779324975
official_bc,42,849,-286.6847734713794
official_bc,42,850,-293.9870146785167
official_bc,42,851,-292.3509123619389
official_bc,42,852,-290.7978907515926
official_bc,42,853,-291.256202033229
official_bc,42,854,-278.79459571108066
official_bc,42,855,-282.618249698067
official_bc,42,856,-289.4189643751373
official_bc,42,857,-285.4607846824076
official_bc,42,858,-289.73381187131713
official_bc,42,859,-284.27104978249986
official_bc,42,860,-295.4609423028742
official_bc,42,861,-290.39888249889077
official_bc,42,862,-290.26829804122224
official_bc,42,863,-289.8444869773698
official_bc,42,864,-300.2591417805175
official_bc,42,865,-291.8873704728203
official_bc,42,866,-287.80927380071034
official_bc,42,867,-294.8421322659402
official_bc,42,868,-297.1738342337569
official_bc,42,869,-295.7802043312864
official_bc,42,870,-295.35616408424414
official_bc,42,871,-287.9892038615882
official_bc,42,872,-284.9785792783166
official_bc,42,873,-290.1234150431309
official_bc,42,874,-287.5285106473024
official_bc,42,875,-287.0019263732692
official_bc,42,876,-291.81340630668114
official_bc,42,877,-293.4806260534837
official_bc,42,878,-298.1923234798442
official_bc,42,879,-281.4866563537406
official_bc,42,880,-297.32851059147896
official_bc,42,881,-288.96615228222527
official_bc,42,882,-293.4460720454461
official_bc,42,883,-288.2821187813563
official_bc,42,884,-285.77884505775876
official_bc,42,885,-291.1665816519973
official_bc,42,886,-293.57792456292214
official_bc,42,887,-281.85659903380525
official_bc,42,888,-291.70625218453887
official_bc,42,889,-291.4873247242854
official_bc,42,890,-289.5742209164351
official_bc,42,891,-275.26766309496344
official_bc,42,892,-291.11274564920865
official_bc,42,893,-289.2910344029121
official_bc,42,894,-294.52536709075014
official_bc,42,895,-285.71603538286877
official_bc,42,896,-283.3752733375881
official_bc,42,897,-293.2758438742883
official_bc,42,898,-295.0610792147266
official_bc,42,899,-288.7334433719443
official_bc,42,900,-295.44524155928946
official_bc,42,901,-297.498412622914
official_bc,42,902,-297.5038413418016
official_bc,42,903,-293.6184360576615
official_bc,42,904,-286.5537603294563
official_bc,42,905,-285.2367571868917
official_bc,42,906,-292.1783889899204
official_bc,42,907,-290.50554425126376
official_bc,42,908,-284.65310445403503
official_bc,42,909,-286.8263202664118
official_bc,42,910,-293.0982249853876
official_bc,42,911,-285.4526024258506
official_bc,42,912,-292.451198172566
official_bc,42,913,-280.95940460071915
official_bc,42,914,-288.2997086599852
official_bc,42,915,-291.80483462333535
official_bc,42,916,-286.0996265165561
official_bc,42,917,-294.43596942282517
official_bc,42,918,-281.72909551037526
official_bc,42,919,-291.06897749641814
official_bc,42,920,-284.2245366630986
official_bc,42,921,-291.3828937732841
official_bc,42,922,-300.8929338192423
official_bc,42,923,-292.13394566783563
official_bc,42,924,-282.5113290487433
official_bc,42,925,-297.8316464191725
official_bc,42,926,-293.1699532345234
official_bc,42,927,-284.1506848364721
official_bc,42,928,-289.0959316535201
official_bc,42,929,-289.79023592368674
official_bc,42,930,-293.1287585030344
official_bc,42,931,-289.64872505909943
official_bc,42,932,-293.9961171595598
official_bc,42,933,-290.7739138603389
official_bc,42,934,-291.9616570950842
official_bc,42,935,-291.71893248947384
official_bc,42,936,-289.1122647855825
official_bc,42,937,-289.8871575343837
official_bc,42,938,-291.1833189834997
official_bc,42,939,-283.85665410778734
official_bc,42,940,-296.0708849885272
official_bc,42,941,-288.12843860746955
official_bc,42,942,-289.16675745668687
official_bc,42,943,-283.6240199099571
official_bc,42,944,-291.6597265021611
official_bc,42,945,-290.6831854455488
official_bc,42,946,-293.4738563256144
official_bc,42,947,-291.64362390396354
official_bc,42,948,-279.8734818497027
official_bc,42,949,-296.5081325558318
official_bc,42,950,-296.064011437295
official_bc,42,951,-292.7513204422796
official_bc,42,952,-293.8009368721847
official_bc,42,953,-291.8295780396808
official_bc,42,954,-284.58655825699583
official_bc,42,955,-293.6581284479555
official_bc,42,956,-290.3943915662637
official_bc,42,957,-291.2387542779261
official_bc,42,958,-294.32068839615476
official_bc,42,959,-271.4944646224635
official_bc,42,960,-294.7537549114012
official_bc,42,961,-290.8497320144074
official_bc,42,962,-288.5933891203963
official_bc,42,963,-285.4297470311443
official_bc,42,964,-292.3227002929325
official_bc,42,965,-293.8094078642016
official_bc,42,966,-277.92426285139544
official_bc,42,967,-295.91041073807276
official_bc,42,968,-295.47603420043237
official_bc,42,969,-292.23719313367064
official_bc,42,970,-294.66175978494846
official_bc,42,971,-292.72561374653156
official_bc,42,972,-294.24095941220367
official_bc,42,973,-294.6787997022094
official_bc,42,974,-296.07957662410536
official_bc,42,975,-289.46513689323996
official_bc,42,976,-294.83920217819275
official_bc,42,977,-294.22423757608317
official_bc,42,978,-289.7921737054324
official_bc,42,979,-287.2395339845716
official_bc,42,980,-276.6588886941081
official_bc,42,981,-288.4963910682024
official_bc,42,982,-288.51219092867865
official_bc,42,983,-291.03200538088265
official_bc,42,984,-292.0206811922096
official_bc,42,985,-299.6762982920918
official_bc,42,986,-290.74429322689673
official_bc,42,987,-280.2422291389399
official_bc,42,988,-295.58798887201874
official_bc,42,989,-290.6348719656558
official_bc,42,990,-291.16102297053135
official_bc,42,991,-288.1360792525134
official_bc,42,992,-298.6604717615964
official_bc,42,993,-291.0192481955932
official_bc,42,994,-287.69397666092266
official_bc,42,995,-293.2597077264825
official_bc,42,996,-287.09502831144334
official_bc,42,997,-291.1225472769945
official_bc,42,998,-285.30070084709655
official_bc,42,999,-297.71602045553107
official_bc,42,1000,-280.48491338827085
official_bc,43,1,-232.6027503608843
official_bc,43,2,-219.2076500743765
official_bc,43,3,-198.898712994886
official_bc,43,4,-212.31927047794167
official_bc,43,5,-244.33248849550915
official_bc,43,6,-264.95928454229175
official_bc,43,7,-183.22313941420734
official_bc,43,8,-180.89325810105737
official_bc,43,9,-182.72182632993457
official_bc,43,10,-173.28174292299377
official_bc,43,11,-291.6952727082314
official_bc,43,12,-198.409463364532
official_bc,43,13,-200.51765612112473
official_bc,43,14,-287.3360420215951
official_bc,43,15,-242.42003830012823
official_bc,43,16,-190.46166332055788
official_bc,43,17,-295.9058105129929
official_bc,43,18,-186.200492758532
official_bc,43,19,-210.70546456007435
official_bc,43,20,-209.51928320471342
official_bc,43,21,-201.72115163652526
official_bc,43,22,-260.22766679739266
official_bc,43,23,-293.6623465220366
official_bc,43,24,-227.71652485786194
official_bc,43,25,-273.8525179484096
official_bc,43,26,-314.2777957402929
official_bc,43,27,-197.06859533279055
official_bc,43,28,-198.1920451679483
official_bc,43,29,-259.69880671888956
official_bc,43,30,-255.8775303157392
official_bc,43,31,-185.4722540545764
official_bc,43,32,-292.5713682985747
official_bc,43,33,-290.378262528837
official_bc,43,34,-286.8013746501979
official_bc,43,35,-288.64109284265714
official_bc,43,36,-283.93610882379994
official_bc,43,37,-281.74013636330506
official_bc,43,38,-281.74701259847654
official_bc,43,39,-283.77283576076314
official_bc,43,40,-267.7399124020627
official_bc,43,41,-272.9098394019701
official_bc,43,42,-274.949985481138
official_bc,43,43,-274.2470343912594
official_bc,43,44,-275.843073721701
official_bc,43,45,-266.0977242361523
official_bc,43,46,-277.27126787491903
official_bc,43,47,-274.5624087123011
official_bc,43,48,-276.2334711255357
official_bc,43,49,-270.51705343328956
official_bc,43,50,-278.33858017925377
official_bc,43,51,-276.5649296406991
official_bc,43,52,-283.68302780126714
official_bc,43,53,-287.8433120877826
official_bc,43,54,-286.889405443191
official_bc,43,55,-290.9787391730305
official_bc,43,56,-300.003239604848
official_bc,43,57,-305.544317100571
official_bc,43,58,-302.58074777794457
official_bc,43,59,-302.72214947823664
official_bc,43,60,-297.8872215108178
official_bc,43,61,-304.4281193071862
official_bc,43,62,-296.2304913093294
official_bc,43,63,-293.6862753231006
official_bc,43,64,-285.4779180557451
official_bc,43,65,-286.70102342360224
official_bc,43,66,-278.73430996962753
official_bc,43,67,-278.8494208416127
official_bc,43,68,-277.20598659720264
official_bc,43,69,-282.74997119948125
official_bc,43,70,-276.5520949524421
official_bc,43,71,-263.9700618420002
official_bc,43,72,-283.3925835407905
official_bc,43,73,-269.1969300167272
official_bc,43,74,-273.30034966222934
official_bc,43,75,-283.59482738623103
official_bc,43,76,-283.18807284127365
official_bc,43,77,-291.77566591838684
official_bc,43,78,-295.867299976722
official_bc,43,79,-295.1060182186307
official_bc,43,80,-294.9038448995582
official_bc,43,81,-303.5220332633786
official_bc,43,82,-296.9951399954824
official_bc,43,83,-296.6685748991867
official_bc,43,84,-299.6605575618707
official_bc,43,85,-283.1370321364303
official_bc,43,86,-281.84280322612403
official_bc,43,87,-291.96874570502524
official_bc,43,88,-290.32984571943064
official_bc,43,89,-281.73243321050546
official_bc,43,90,-276.9688747173
official_bc,43,91,-289.0212221042461
official_bc,43,92,-288.8533459100536
official_bc,43,93,-282.94656785110925
official_bc,43,94,-275.2079322721848
official_bc,43,95,-288.5617623668237
official_bc,43,96,-287.8166108854364
official_bc,43,97,-287.7643779566231
official_bc,43,98,-295.0040754762442
official_bc,43,99,-289.0236271719879
official_bc,43,100,-295.24818125380983
official_bc,43,101,-285.4648405180228
official_bc,43,102,-292.7793247385635
official_bc,43,103,-299.26885222443946
official_bc,43,104,-293.9286547939008
official_bc,43,105,-281.8024381083395
official_bc,43,106,-294.8175823618338
official_bc,43,107,-283.53239618373163
official_bc,43,108,-287.8668949462794
official_bc,43,109,-279.11992133219405
official_bc,43,110,-287.77669038733853
official_bc,43,111,-284.5644086102608
official_bc,43,112,-288.17602351228896
official_bc,43,113,-280.3240371591538
official_bc,43,114,-284.8258751797451
official_bc,43,115,-284.61799285054417
official_bc,43,116,-290.47752230058103
official_bc,43,117,-294.6763702087803
official_bc,43,118,-282.323547969515
official_bc,43,119,-280.90660930502156
official_bc,43,120,-293.7681161776636
official_bc,43,121,-293.64924466554106
official_bc,43,122,-296.62804668127853
official_bc,43,123,-292.61425372405233
official_bc,43,124,-282.4592426020251
official_bc,43,125,-273.5007001762824
official_bc,43,126,-287.9004943961907
official_bc,43,127,-291.45848430967754
official_bc,43,128,-283.9063533828818
official_bc,43,129,-278.7946550384744
official_bc,43,130,-285.0896168575188
official_bc,43,131,-284.23601310953006
official_bc,43,132,-289.4013835961245
official_bc,43,133,-290.8321122965875
official_bc,43,134,-283.8560337110988
official_bc,43,135,-285.0727512350246
official_bc,43,136,-283.55559921263466
official_bc,43,137,-296.86198520819505
official_bc,43,138,-276.58218245718206
official_bc,43,139,-284.26823925663143
official_bc,43,140,-287.1631798487509
official_bc,43,141,-288.19317731159555
official_bc,43,142,-288.4569519352892
official_bc,43,143,-290.4427415416542
official_bc,43,144,-290.98400218834695
official_bc,43,145,-279.56262995362545
official_bc,43,146,-294.7204268614955
official_bc,43,147,-293.43407591729397
official_bc,43,148,-292.34986803364166
official_bc,43,149,-294.57291605903475
official_bc,43,150,-292.27599813288407
official_bc,43,151,-289.7825651922677
official_bc,43,152,-288.4943802706744
official_bc,43,153,-297.2430826522255
official_bc,43,154,-294.0542932609558
official_bc,43,155,-288.45025204109936
official_bc,43,156,-293.9515430442369
official_bc,43,157,-295.46136066047285
official_bc,43,158,-295.3815254328432
official_bc,43,159,-288.2659012867399
official_bc,43,160,-291.7200584041233
official_bc,43,161,-288.5958155320185
official_bc,43,162,-291.19644554217086
official_bc,43,163,-293.15367644466863
official_bc,43,164,-291.0639200932968
official_bc,43,165,-297.3087368390127
official_bc,43,166,-296.0698058501835
official_bc,43,167,-293.09111802127893
official_bc,43,168,-288.5355929186612
official_bc,43,169,-289.9725598095314
official_bc,43,170,-288.3037585485382
official_bc,43,171,-292.7520742938593
official_bc,43,172,-276.5149351529086
official_bc,43,173,-287.0588816389264
official_bc,43,174,-289.54230069173076
official_bc,43,175,-297.963438161181
official_bc,43,176,-291.3219719014243
official_bc,43,177,-281.80435480757524
official_bc,43,178,-297.7918380285803
official_bc,43,179,-297.7553088684657
official_bc,43,180,-298.7976020642919
official_bc,43,181,-295.62438446306004
official_bc,43,182,-295.55981401462753
official_bc,43,183,-292.8353849059935
official_bc,43,184,-296.6007224357318
official_bc,43,185,-287.2619868926087
official_bc,43,186,-295.3227241588812
official_bc,43,187,-278.8587309915449
official_bc,43,188,-285.69703722204804
official_bc,43,189,-292.7349225501904
official_bc,43,190,-288.56897034425356
official_bc,43,191,-291.7823032224131
official_bc,43,192,-288.81218184555405
official_bc,43,193,-289.2239679682204
official_bc,43,194,-291.07166160332383
official_bc,43,195,-290.4862446565028
official_bc,43,196,-298.8361711940289
official_bc,43,197,-301.0226475602915
official_bc,43,198,-290.7140710850498
official_bc,43,199,-296.5024098618507
official_bc,43,200,-297.7422033692229
official_bc,43,201,-298.0282861315139
official_bc,43,202,-288.6074084044278
official_bc,43,203,-284.54865940275556
official_bc,43,204,-294.15947826046795
official_bc,43,205,-291.7307826563185
official_bc,43,206,-293.044468795752
official_bc,43,207,-286.40963476520034
official_bc,43,208,-285.302405630812
official_bc,43,209,-286.67044064460333
official_bc,43,210,-294.1490687400949
official_bc,43,211,-285.7252223892327
official_bc,43,212,-281.56838719879806
official_bc,43,213,-293.37072404304234
official_bc,43,214,-294.3385338661002
official_bc,43,215,-293.02503205123594
official_bc,43,216,-298.4817831757077
official_bc,43,217,-292.20813053301293
official_bc,43,218,-285.1983042576093
official_bc,43,219,-295.6432165652675
official_bc,43,220,-288.36402355339897
official_bc,43,221,-295.8067176594148
official_bc,43,222,-290.2066757417509
official_bc,43,223,-296.58332209524235
official_bc,43,224,-290.51488117428823
official_bc,43,225,-276.98007821519855
official_bc,43,226,-297.5360656132473
official_bc,43,227,-292.15769761036654
official_bc,43,228,-283.4033197422433
official_bc,43,229,-288.00034747208286
official_bc,43,230,-292.3656479825821
official_bc,43,231,-285.51483036093117
official_bc,43,232,-286.7554254076326
official_bc,43,233,-291.1652018878469
official_bc,43,234,-292.17475683639196
official_bc,43,235,-290.6712478223679
official_bc,43,236,-303.0627170820696
official_bc,43,237,-292.7997124279818
official_bc,43,238,-288.4572860489884
official_bc,43,239,-296.8222019613272
official_bc,43,240,-291.7331084982645
official_bc,43,241,-285.1121721761627
official_bc,43,242,-298.13023770985154
official_bc,43,243,-291.23843159006753
official_bc,43,244,-286.34952648231496
official_bc,43,245,-282.4674451763768
official_bc,43,246,-289.46750521168383
official_bc,43,247,-286.9372503889046
official_bc,43,248,-290.18041571200115
official_bc,43,249,-287.56748209492036
official_bc,43,250,-296.85112093857634
official_bc,43,251,-286.5136190773536
official_bc,43,252,-289.4983633642773
official_bc,43,253,-296.8818060661695
official_bc,43,254,-294.70389391145466
official_bc,43,255,-294.64766646920964
official_bc,43,256,-297.2358726330722
official_bc,43,257,-293.21116802779045
official_bc,43,258,-294.18681295795363
official_bc,43,259,-299.10960169027425
official_bc,43,260,-293.3252042361326
official_bc,43,261,-291.6528143944912
official_bc,43,262,-288.41643459422573
official_bc,43,263,-294.2816395601469
official_bc,43,264,-292.36731350663024
official_bc,43,265,-278.55923666316767
official_bc,43,266,-296.177151466794
official_bc,43,267,-286.1422227741589
official_bc,43,268,-287.71262742583065
official_bc,43,269,-287.2587544437282
official_bc,43,270,-290.4280296528924
official_bc,43,271,-300.1617752727664
official_bc,43,272,-286.80009176048344
official_bc,43,273,-292.5097455892999
official_bc,43,274,-297.0015666528699
official_bc,43,275,-293.89595222044363
official_bc,43,276,-293.08849150898527
official_bc,43,277,-293.305722314064
official_bc,43,278,-285.42663825329225
official_bc,43,279,-289.7520813440952
official_bc,43,280,-285.9075367062417
official_bc,43,281,-282.45847469192177
official_bc,43,282,-284.2768398338693
official_bc,43,283,-284.3285302415197
official_bc,43,284,-287.5802877233342
official_bc,43,285,-292.724222350643
official_bc,43,286,-287.0862373655632
official_bc,43,287,-285.8540411108975
official_bc,43,288,-293.49845384523775
official_bc,43,289,-288.4719949424542
official_bc,43,290,-291.3494219621143
official_bc,43,291,-288.3022109026302
official_bc,43,292,-285.9697350606461
official_bc,43,293,-296.5572562505176
official_bc,43,294,-298.0230832761971
official_bc,43,295,-290.02214867598434
official_bc,43,296,-295.75249192460836
official_bc,43,297,-293.9149979746796
official_bc,43,298,-286.71792356245805
official_bc,43,299,-284.5519226557519
official_bc,43,300,-292.2388652509702
official_bc,43,301,-284.59835116307875
official_bc,43,302,-289.5595822843905
official_bc,43,303,-287.46082706885267
official_bc,43,304,-291.8580607858657
official_bc,43,305,-283.40211965389284
official_bc,43,306,-293.0658840326234
official_bc,43,307,-293.1068362477763
official_bc,43,308,-294.3702455766882
official_bc,43,309,-288.9488344744782
official_bc,43,310,-289.7062582006398
official_bc,43,311,-292.2646805336728
official_bc,43,312,-296.33366430388656
official_bc,43,313,-289.5216648711306
official_bc,43,314,-296.30510493900283
official_bc,43,315,-294.5271627186379
official_bc,43,316,-278.36099121896825
official_bc,43,317,-290.9461138304427
official_bc,43,318,-297.22048102557545
official_bc,43,319,-298.84543893598106
official_bc,43,320,-283.1948854211787
official_bc,43,321,-291.98893716298096
official_bc,43,322,-287.7512759472703
official_bc,43,323,-284.27221346988625
official_bc,43,324,-286.00909065105947
official_bc,43,325,-289.67148124207023
official_bc,43,326,-292.0653813060288
official_bc,43,327,-296.4180844958176
official_bc,43,328,-288.39898569494574
official_bc,43,329,-291.42358102735693
official_bc,43,330,-285.6396044036045
official_bc,43,331,-292.51861131848875
official_bc,43,332,-292.4476973295469
official_bc,43,333,-290.02341999134296
official_bc,43,334,-292.43618710306805
official_bc,43,335,-295.61009478283825
official_bc,43,336,-294.8563812923835
official_bc,43,337,-293.9340903693617
official_bc,43,338,-294.0634597665767
official_bc,43,339,-283.32430270908657
official_bc,43,340,-292.99838353615223
official_bc,43,341,-286.05424637968974
official_bc,43,342,-279.67459137483394
official_bc,43,343,-296.47162643226784
official_bc,43,344,-289.8225572697962
official_bc,43,345,-289.93137648024526
official_bc,43,346,-294.41871647801224
official_bc,43,347,-293.652734165104
official_bc,43,348,-293.0860995906793
official_bc,43,349,-295.76363442592435
official_bc,43,350,-299.68769867884055
official_bc,43,351,-297.77239189477154
official_bc,43,352,-272.2818554807362
official_bc,43,353,-286.6036614578996
official_bc,43,354,-294.29321396207206
official_bc,43,355,-294.72550076449613
official_bc,43,356,-292.5228700433685
official_bc,43,357,-297.04576077317466
official_bc,43,358,-280.8848846133954
official_bc,43,359,-297.96952944324306
official_bc,43,360,-297.0147267955948
official_bc,43,361,-277.07498034450174
official_bc,43,362,-287.37531088253763
official_bc,43,363,-292.71741397031167
official_bc,43,364,-292.276915693529
official_bc,43,365,-282.2110156536365
official_bc,43,366,-285.3250288565129
official_bc,43,367,-283.1582345544902
official_bc,43,368,-284.87342024026117
official_bc,43,369,-293.9219953214161
official_bc,43,370,-289.7125415638169
official_bc,43,371,-289.20159581766586
official_bc,43,372,-287.54488602237336
official_bc,43,373,-288.95846847968625
official_bc,43,374,-298.9772565832824
official_bc,43,375,-291.033832235004
official_bc,43,376,-279.9738531088169
official_bc,43,377,-288.6555629802101
official_bc,43,378,-294.015910151414
official_bc,43,379,-299.25793774630006
official_bc,43,380,-288.07670038273596
official_bc,43,381,-278.5105352814177
official_bc,43,382,-290.269731211642
official_bc,43,383,-297.4638417806499
official_bc,43,384,-292.40476321921534
official_bc,43,385,-287.53547687141986
official_bc,43,386,-294.99609094685286
official_bc,43,387,-289.9923409444387
official_bc,43,388,-289.1046048205605
official_bc,43,389,-283.77834187696084
official_bc,43,390,-289.9246859677868
official_bc,43,391,-290.5931155789051
official_bc,43,392,-286.8785976851243
official_bc,43,393,-287.19545817113374
official_bc,43,394,-293.0909007925686
official_bc,43,395,-287.7828401767794
official_bc,43,396,-296.9175605667914
official_bc,43,397,-294.7531276243436
official_bc,43,398,-291.26616438757156
official_bc,43,399,-291.7064529170821
official_bc,43,400,-291.74515222880916
official_bc,43,401,-274.5341315446294
official_bc,43,402,-285.3604146049969
official_bc,43,403,-287.9512441000803
official_bc,43,404,-294.173103510367
official_bc,43,405,-297.0347872525973
official_bc,43,406,-300.51095135986986
official_bc,43,407,-290.3823901324106
official_bc,43,408,-283.2084380061755
official_bc,43,409,-293.94117270510856
official_bc,43,410,-288.5277685773684
official_bc,43,411,-295.32343866365215
official_bc,43,412,-290.2402334928282
official_bc,43,413,-286.87783059792343
official_bc,43,414,-289.11421106358745
official_bc,43,415,-288.51945986405383
official_bc,43,416,-281.1245336639346
official_bc,43,417,-287.1032807421155
official_bc,43,418,-295.2459097976443
official_bc,43,419,-291.14374345721916
official_bc,43,420,-280.36689728924534
official_bc,43,421,-286.3599626996651
official_bc,43,422,-281.2938258613858
official_bc,43,423,-288.61388273542326
official_bc,43,424,-286.6271160877352
official_bc,43,425,-289.29313373640946
official_bc,43,426,-291.39406179454005
official_bc,43,427,-292.39446525622463
official_bc,43,428,-285.9229155237389
official_bc,43,429,-284.61590270370147
official_bc,43,430,-289.349092055905
official_bc,43,431,-295.6812819326668
official_bc,43,432,-292.0114292137616
official_bc,43,433,-294.8890478400515
official_bc,43,434,-289.8087078449708
official_bc,43,435,-293.74731664159157
official_bc,43,436,-296.79902430596024
official_bc,43,437,-293.74038531516095
official_bc,43,438,-289.9403921368357
official_bc,43,439,-292.9135233184641
official_bc,43,440,-291.27396948626324
official_bc,43,441,-287.9173366198849
official_bc,43,442,-297.3065964515632
official_bc,43,443,-288.45223430605995
official_bc,43,444,-277.6265684993301
official_bc,43,445,-282.29997592097936
official_bc,43,446,-294.78404560100665
official_bc,43,447,-283.34849708945757
official_bc,43,448,-284.41583368146195
official_bc,43,449,-298.7326617187807
official_bc,43,450,-289.9214243134194
official_bc,43,451,-288.08074643009974
official_bc,43,452,-295.627464506552
official_bc,43,453,-294.315632541331
official_bc,43,454,-298.117126357807
official_bc,43,455,-286.480389163258
official_bc,43,456,-290.98494878492147
official_bc,43,457,-296.37270291671825
official_bc,43,458,-287.1229702299754
official_bc,43,459,-290.80954617544023
official_bc,43,460,-297.20952457354673
official_bc,43,461,-292.6930382457346
official_bc,43,462,-288.94857467324243
official_bc,43,463,-295.5846502130156
official_bc,43,464,-284.0830807961482
official_bc,43,465,-289.3754385570402
official_bc,43,466,-288.0252747913472
official_bc,43,467,-293.3043257957841
official_bc,43,468,-292.6353744553782
official_bc,43,469,-288.551900526587
official_bc,43,470,-292.0967846761882
official_bc,43,471,-299.74996353630866
official_bc,43,472,-294.1118940349857
official_bc,43,473,-292.08672918371036
official_bc,43,474,-297.80704178037286
official_bc,43,475,-296.31441420757983
official_bc,43,476,-295.4201905219471
official_bc,43,477,-289.9008384213971
official_bc,43,478,-288.573164202221
official_bc,43,479,-280.5471483215349
official_bc,43,480,-287.6418512045877
official_bc,43,481,-283.9320562066905
official_bc,43,482,-293.9541728688531
official_bc,43,483,-293.3795580822204
official_bc,43,484,-296.1572962913492
official_bc,43,485,-290.77053840586484
official_bc,43,486,-293.5823117466699
official_bc,43,487,-283.1300177398587
official_bc,43,488,-297.22796450031643
official_bc,43,489,-290.43544892016723
official_bc,43,490,-296.17076451744595
official_bc,43,491,-287.21241147008453
official_bc,43,492,-297.53340346131574
official_bc,43,493,-295.3493794986049
official_bc,43,494,-289.30938040887685
official_bc,43,495,-295.45090411351543
official_bc,43,496,-294.44398293094395
official_bc,43,497,-288.7899465543055
official_bc,43,498,-283.71091466202495
official_bc,43,499,-283.2232762488968
official_bc,43,500,-285.860062084918
official_bc,43,501,-272.34483080903243
official_bc,43,502,-292.48880393759225
official_bc,43,503,-291.82270073475934
official_bc,43,504,-284.227046356282
official_bc,43,505,-277.6715364120207
official_bc,43,506,-295.80441341404367
official_bc,43,507,-293.08743930194544
official_bc,43,508,-291.7071703506878
official_bc,43,509,-285.09234244973834
official_bc,43,510,-297.92757452883086
official_bc,43,511,-299.5441390437942
official_bc,43,512,-293.284696244332
official_bc,43,513,-292.14757503799797
official_bc,43,514,-291.3678170170206
official_bc,43,515,-282.8707879984069
official_bc,43,516,-292.4350279694053
official_bc,43,517,-292.5811017168146
official_bc,43,518,-278.52661422170405
official_bc,43,519,-291.37339982459207
official_bc,43,520,-289.55214403333696
official_bc,43,521,-290.29594750687306
official_bc,43,522,-290.0004882204667
official_bc,43,523,-286.4472023500351
official_bc,43,524,-290.5396907137316
official_bc,43,525,-283.8372841549816
official_bc,43,526,-296.1045606862794
official_bc,43,527,-295.762810232587
official_bc,43,528,-287.25633150162173
official_bc,43,529,-285.9332770637084
official_bc,43,530,-286.89947037395535
official_bc,43,531,-292.98242798063336
official_bc,43,532,-287.68713947104123
official_bc,43,533,-293.9834394759105
official_bc,43,534,-295.7600488469694
official_bc,43,535,-291.69023950597295
official_bc,43,536,-296.2615916019957
official_bc,43,537,-290.69858979718174
official_bc,43,538,-297.2382144796278
official_bc,43,539,-292.7822679894002
official_bc,43,540,-287.06860727710455
official_bc,43,541,-286.3516466426807
official_bc,43,542,-288.4893487365314
official_bc,43,543,-294.04746824574937
official_bc,43,544,-297.58604590432856
official_bc,43,545,-294.5750907232764
official_bc,43,546,-293.21094286565506
official_bc,43,547,-284.5983699584473
official_bc,43,548,-294.33383834772786
official_bc,43,549,-291.4113329176709
official_bc,43,550,-284.0826360677643
official_bc,43,551,-293.8181265188387
official_bc,43,552,-284.47007140095195
official_bc,43,553,-290.972641252296
official_bc,43,554,-290.0904050733099
official_bc,43,555,-288.16243700042685
official_bc,43,556,-291.94866276396164
official_bc,43,557,-291.5643216604221
official_bc,43,558,-281.37881348650194
official_bc,43,559,-290.4758247867715
official_bc,43,560,-289.86271836369525
official_bc,43,561,-290.32717092291097
official_bc,43,562,-292.1496731243586
official_bc,43,563,-293.45944843906244
official_bc,43,564,-292.71169401632676
official_bc,43,565,-287.68139051433377
official_bc,43,566,-292.3507496548529
official_bc,43,567,-290.99374064377935
official_bc,43,568,-287.7914657640318
official_bc,43,569,-285.51344460026223
official_bc,43,570,-289.75377044702907
official_bc,43,571,-296.6823679182895
official_bc,43,572,-297.0744759155665
official_bc,43,573,-282.6756401636845
official_bc,43,574,-287.3253322195126
official_bc,43,575,-291.59020350180276
official_bc,43,576,-296.8098250474839
official_bc,43,577,-293.101185885521
official_bc,43,578,-285.0090244474587
official_bc,43,579,-291.51918041138083
official_bc,43,580,-290.3733954386364
official_bc,43,581,-286.8823096906058
official_bc,43,582,-297.5519938200798
official_bc,43,583,-289.53647135977155
official_bc,43,584,-293.96522902349983
official_bc,43,585,-285.61700064060716
official_bc,43,586,-286.7430898572183
official_bc,43,587,-290.4563329603607
official_bc,43,588,-290.8835354168101
official_bc,43,589,-284.2296371101042
official_bc,43,590,-292.0048196376045
official_bc,43,591,-292.2546315727779
official_bc,43,592,-292.50894426184334
official_bc,43,593,-293.5530671694596
official_bc,43,594,-300.3230961104663
official_bc,43,595,-291.34712071984745
official_bc,43,596,-296.134619822252
official_bc,43,597,-283.4879553840283
official_bc,43,598,-293.5741142344124
official_bc,43,599,-290.77912174910057
official_bc,43,600,-291.9747825936419
official_bc,43,601,-293.3063539394557
official_bc,43,602,-292.73013962980536
official_bc,43,603,-283.5803113187318
official_bc,43,604,-293.3144326220892
official_bc,43,605,-291.7115732716425
official_bc,43,606,-299.5438611745252
official_bc,43,607,-291.6536086715949
official_bc,43,608,-294.49337160058656
official_bc,43,609,-287.8500557417987
official_bc,43,610,-294.8624706047934
official_bc,43,611,-290.6795549248694
official_bc,43,612,-282.8687446047076
official_bc,43,613,-286.67894704653963
official_bc,43,614,-287.18936199371524
official_bc,43,615,-294.75421542022747
official_bc,43,616,-292.58410818901797
official_bc,43,617,-294.5459957064736
official_bc,43,618,-291.19650913371925
official_bc,43,619,-292.6591315339759
official_bc,43,620,-294.8687719992856
official_bc,43,621,-292.32212238544787
official_bc,43,622,-288.32585465984175
official_bc,43,623,-294.11413990642995
official_bc,43,624,-295.09151205917675
official_bc,43,625,-292.1353862457372
official_bc,43,626,-290.97727199391517
official_bc,43,627,-293.82185546689436
official_bc,43,628,-283.17305025116104
official_bc,43,629,-297.17996582865095
official_bc,43,630,-293.15305061310175
official_bc,43,631,-297.5678594306258
official_bc,43,632,-287.7293566484202
official_bc,43,633,-296.0387046111596
official_bc,43,634,-291.78560553431765
official_bc,43,635,-287.66077881002934
official_bc,43,636,-295.88131700112234
official_bc,43,637,-289.59382140007494
official_bc,43,638,-283.9282456958938
official_bc,43,639,-293.66552256237907
official_bc,43,640,-296.72064026604295
official_bc,43,641,-281.42365896451986
official_bc,43,642,-277.9662104199498
official_bc,43,643,-269.7587283006123
official_bc,43,644,-290.16682782992353
official_bc,43,645,-294.41113047238264
official_bc,43,646,-287.52009481100663
official_bc,43,647,-292.72788221061666
official_bc,43,648,-298.6883452315491
official_bc,43,649,-291.7063939166835
official_bc,43,650,-296.3048590903054
official_bc,43,651,-297.8148679537685
official_bc,43,652,-289.07854451698995
official_bc,43,653,-295.83031056056467
official_bc,43,654,-296.0504748093755
official_bc,43,655,-293.5268557329593
official_bc,43,656,-292.4438461217652
official_bc,43,657,-287.3613041227052
official_bc,43,658,-291.5371559482493
official_bc,43,659,-290.9304760103647
official_bc,43,660,-290.8353306214275
official_bc,43,661,-287.1036115837644
official_bc,43,662,-289.403252822977
official_bc,43,663,-284.45712072298477
official_bc,43,664,-278.71986562986893
official_bc,43,665,-294.38755768132876
official_bc,43,666,-284.62411288061014
official_bc,43,667,-285.11819490568774
official_bc,43,668,-284.24692499406797
official_bc,43,669,-291.61894067059575
official_bc,43,670,-284.92396314663495
official_bc,43,671,-293.89563848335064
official_bc,43,672,-291.3408538084808
official_bc,43,673,-295.68916693034174
official_bc,43,674,-299.9381406914143
official_bc,43,675,-282.2855594539574
official_bc,43,676,-295.1629291244911
official_bc,43,677,-293.5902745599201
official_bc,43,678,-294.6727146612427
official_bc,43,679,-291.53544453873633
official_bc,43,680,-293.06842226292304
official_bc,43,681,-292.3861298500396
official_bc,43,682,-286.0827809039846
official_bc,43,683,-285.8133997596145
official_bc,43,684,-285.0833839159128
official_bc,43,685,-284.8875897768605
official_bc,43,686,-293.7189499820837
official_bc,43,687,-291.2776428497135
official_bc,43,688,-289.80346715109454
official_bc,43,689,-290.0600609074316
official_bc,43,690,-293.64337591425084
official_bc,43,691,-292.67432728489086
official_bc,43,692,-288.8924314901351
official_bc,43,693,-282.59297652528596
official_bc,43,694,-287.00516856209913
official_bc,43,695,-290.2530787588253
official_bc,43,696,-292.6840224017638
official_bc,43,697,-291.1458755939637
official_bc,43,698,-286.51032268709935
official_bc,43,699,-295.7566779421235
official_bc,43,700,-275.9264320595273
official_bc,43,701,-288.245494744118
official_bc,43,702,-282.4587862578199
official_bc,43,703,-292.9172626341433
official_bc,43,704,-294.2193544500776
official_bc,43,705,-291.91570636534533
official_bc,43,706,-289.858163233141
official_bc,43,707,-297.17164997348686
official_bc,43,708,-277.7518851868437
official_bc,43,709,-292.36266682557005
official_bc,43,710,-285.3193065742012
official_bc,43,711,-284.43876045372735
official_bc,43,712,-287.69149292115327
official_bc,43,713,-290.74831132889153
official_bc,43,714,-273.4325576574838
official_bc,43,715,-296.8301772611091
official_bc,43,716,-295.7145566118565
official_bc,43,717,-296.7292182413286
official_bc,43,718,-292.82085191724775
official_bc,43,719,-292.9246512346113
official_bc,43,720,-296.9424619427513
official_bc,43,721,-299.1404390186608
official_bc,43,722,-293.86471773631587
official_bc,43,723,-288.8215011954614
official_bc,43,724,-289.9236464687312
official_bc,43,725,-287.9859767022896
official_bc,43,726,-277.16879823602824
official_bc,43,727,-286.44310352702036
official_bc,43,728,-291.44416402330614
official_bc,43,729,-278.0660543593967
official_bc,43,730,-296.14407155337767
official_bc,43,731,-291.35787819337196
official_bc,43,732,-288.4937442584651
official_bc,43,733,-288.357659225405
official_bc,43,734,-300.3386212442444
official_bc,43,735,-290.0690905361554
official_bc,43,736,-294.6296947903505
official_bc,43,737,-275.7544280072043
official_bc,43,738,-290.7064142395774
official_bc,43,739,-295.84539517521006
official_bc,43,740,-292.3552383219191
official_bc,43,741,-284.6324818743583
official_bc,43,742,-288.30662162872534
official_bc,43,743,-298.8475062643525
official_bc,43,744,-295.06499898321374
official_bc,43,745,-288.68975840876124
official_bc,43,746,-277.3426860603547
official_bc,43,747,-298.98791426622967
official_bc,43,748,-288.430143503879
official_bc,43,749,-293.40351515937317
official_bc,43,750,-290.6149728597738
official_bc,43,751,-295.9080537093936
official_bc,43,752,-289.28761465843826
official_bc,43,753,-288.9845568855804
official_bc,43,754,-301.6103868302161
official_bc,43,755,-294.2867767746873
official_bc,43,756,-295.9454322169297
official_bc,43,757,-280.8945119850031
official_bc,43,758,-294.9556717577854
official_bc,43,759,-292.6089913563086
official_bc,43,760,-292.9250835082821
official_bc,43,761,-283.14187458243094
official_bc,43,762,-275.7041767803041
official_bc,43,763,-294.08118906242953
official_bc,43,764,-293.70916111223573
official_bc,43,765,-282.50964710957373
official_bc,43,766,-284.50415236655385
official_bc,43,767,-289.06712805661715
official_bc,43,768,-290.94524444241114
official_bc,43,769,-292.67280209456385
official_bc,43,770,-292.4692242668166
official_bc,43,771,-292.02636971732545
official_bc,43,772,-301.2085758311248
official_bc,43,773,-294.4938837000534
official_bc,43,774,-292.7686302765985
official_bc,43,775,-291.54652149057034
official_bc,43,776,-294.0713603916665
official_bc,43,777,-285.9283457887964
official_bc,43,778,-293.4287085401188
official_bc,43,779,-284.1490518006481
official_bc,43,780,-292.69210924245886
official_bc,43,781,-288.8738086623008
official_bc,43,782,-291.60168442548456
official_bc,43,783,-291.80983910385623
official_bc,43,784,-278.82843337362596
official_bc,43,785,-287.9636613914925
official_bc,43,786,-292.4337309995328
official_bc,43,787,-289.69361352869095
official_bc,43,788,-296.3591353845734
official_bc,43,789,-287.44998914421967
official_bc,43,790,-288.46822065078135
official_bc,43,791,-297.4856323928414
official_bc,43,792,-286.84328049106864
official_bc,43,793,-288.83686811919193
official_bc,43,794,-293.60238783377883
official_bc,43,795,-291.33165639519785
official_bc,43,796,-291.8774571596244
official_bc,43,797,-294.1083930920249
official_bc,43,798,-291.2785783238818
official_bc,43,799,-292.0821370114012
official_bc,43,800,-294.014186027474
official_bc,43,801,-273.4586749266082
official_bc,43,802,-289.38507568044247
official_bc,43,803,-289.81127036887256
official_bc,43,804,-296.6760308780104
official_bc,43,805,-286.49224342541004
official_bc,43,806,-280.205130855825
official_bc,43,807,-292.71706927211085
official_bc,43,808,-288.3568802849569
official_bc,43,809,-289.0521088541683
official_bc,43,810,-289.67895516118534
official_bc,43,811,-298.9466163264465
official_bc,43,812,-291.7285703603524
official_bc,43,813,-294.135805047453
official_bc,43,814,-294.79349770213673
official_bc,43,815,-290.487954414606
official_bc,43,816,-283.9104303047858
official_bc,43,817,-282.6019916429905
official_bc,43,818,-290.92980567388054
official_bc,43,819,-276.4367692019937
official_bc,43,820,-287.47045346931094
official_bc,43,821,-294.2922296344836
official_bc,43,822,-268.96450759490926
official_bc,43,823,-294.08987496100735
official_bc,43,824,-295.0863722615921
official_bc,43,825,-293.9753144624796
official_bc,43,826,-288.32991981840473
official_bc,43,827,-295.8731991007447
official_bc,43,828,-296.5141954681619
official_bc,43,829,-292.9846804355351
official_bc,43,830,-272.48019823099406
official_bc,43,831,-292.3202582297595
official_bc,43,832,-292.80517826261644
official_bc,43,833,-296.3980102307926
official_bc,43,834,-285.0147653145117
official_bc,43,835,-288.06070222104955
official_bc,43,836,-287.9568838068575
official_bc,43,837,-294.4860222613134
official_bc,43,838,-287.68134658873424
official_bc,43,839,-282.745432281882
official_bc,43,840,-283.84789815929537
official_bc,43,841,-283.8198114544863
official_bc,43,842,-289.28591364174207
official_bc,43,843,-289.61353994766336
official_bc,43,844,-288.22371195792545
official_bc,43,845,-272.4839720305273
official_bc,43,846,-297.4616975402053
official_bc,43,847,-294.5382165918845
official_bc,43,848,-290.31861037254765
official_bc,43,849,-300.2858327062854
official_bc,43,850,-296.9996969965843
official_bc,43,851,-290.8808495956582
official_bc,43,852,-291.5700548788709
official_bc,43,853,-284.8706573733807
official_bc,43,854,-299.6531500028685
official_bc,43,855,-289.6737061418361
official_bc,43,856,-295.2461480279501
official_bc,43,857,-286.7724778928294
official_bc,43,858,-283.7291995165299
official_bc,43,859,-272.45530518316434
official_bc,43,860,-296.1169362700457
official_bc,43,861,-293.96632501899416
official_bc,43,862,-295.7463029462891
official_bc,43,863,-290.9323063853303
official_bc,43,864,-271.7749240878301
official_bc,43,865,-290.79465935688313
official_bc,43,866,-288.0200210071142
official_bc,43,867,-286.44234316245564
official_bc,43,868,-292.4936252722725
official_bc,43,869,-289.7663720543884
official_bc,43,870,-295.85949295440713
official_bc,43,871,-290.1819309059589
official_bc,43,872,-292.06450928790434
official_bc,43,873,-296.3872204396366
official_bc,43,874,-291.47343334828065
official_bc,43,875,-294.2037928994029
official_bc,43,876,-295.1220091217071
official_bc,43,877,-294.16521704316943
official_bc,43,878,-294.450800984
official_bc,43,879,-293.45061400314074
official_bc,43,880,-287.3625223740316
official_bc,43,881,-292.10714131295583
official_bc,43,882,-291.9716146209883
official_bc,43,883,-289.8210840907698
official_bc,43,884,-296.112531291535
official_bc,43,885,-293.3967142399299
official_bc,43,886,-293.5250752582372
official_bc,43,887,-292.31961182554556
official_bc,43,888,-290.4617636953663
official_bc,43,889,-295.92290024430145
official_bc,43,890,-293.44625705862745
official_bc,43,891,-289.7388674252141
official_bc,43,892,-299.08802082074027
official_bc,43,893,-292.80568517921347
official_bc,43,894,-290.24248941564787
official_bc,43,895,-292.8857433047304
official_bc,43,896,-294.2272272338919
official_bc,43,897,-284.78966036750296
official_bc,43,898,-292.7935903262097
official_bc,43,899,-293.49580668518126
official_bc,43,900,-292.9329013103198
official_bc,43,901,-288.50028305363145
official_bc,43,902,-286.736543054016
official_bc,43,903,-293.08892692641894
official_bc,43,904,-293.01425339374543
official_bc,43,905,-295.6674605773592
official_bc,43,906,-285.1303498420169
official_bc,43,907,-294.36384504103324
official_bc,43,908,-294.6690510961165
official_bc,43,909,-295.23192818908603
official_bc,43,910,-295.32123359021955
official_bc,43,911,-292.2337089384813
official_bc,43,912,-294.15594351506223
official_bc,43,913,-289.44978392162983
official_bc,43,914,-287.3228298950822
official_bc,43,915,-287.09085127496456
official_bc,43,916,-287.3486933587283
official_bc,43,917,-286.56543356466193
official_bc,43,918,-285.2935176971289
official_bc,43,919,-280.4077146743677
official_bc,43,920,-295.6001672705602
official_bc,43,921,-269.60589809510276
official_bc,43,922,-289.24994645530626
official_bc,43,923,-293.3716509217752
official_bc,43,924,-287.4157568686707
official_bc,43,925,-290.81137949925795
official_bc,43,926,-285.85435872933715
official_bc,43,927,-294.76227798503857
official_bc,43,928,-285.5640143386506
official_bc,43,929,-292.0728679863827
official_bc,43,930,-296.09075688049694
official_bc,43,931,-291.69436994177636
official_bc,43,932,-296.860968721502
official_bc,43,933,-297.11764555985576
official_bc,43,934,-277.58734441070055
official_bc,43,935,-286.4627475652724
official_bc,43,936,-281.10596694611854
official_bc,43,937,-277.8194327133132
official_bc,43,938,-296.57492382442206
official_bc,43,939,-279.21288923992313
official_bc,43,940,-292.7084729014251
official_bc,43,941,-291.46296302507045
official_bc,43,942,-292.65270686851477
official_bc,43,943,-294.1794931029712
official_bc,43,944,-292.2310405929786
official_bc,43,945,-289.13502687406015
official_bc,43,946,-292.2950497681863
official_bc,43,947,-295.7891372844698
official_bc,43,948,-292.4509402063634
official_bc,43,949,-265.4531342127582
official_bc,43,950,-297.0326054661469
official_bc,43,951,-293.99605919425176
official_bc,43,952,-296.53253887128335
official_bc,43,953,-288.78260343485573
official_bc,43,954,-283.9551654597017
official_bc,43,955,-293.17025237725056
official_bc,43,956,-286.31120149966046
official_bc,43,957,-296.7599928498043
official_bc,43,958,-284.4000555938675
official_bc,43,959,-285.94719147676875
official_bc,43,960,-290.00542237309133
official_bc,43,961,-292.78265834872605
official_bc,43,962,-291.6060799468424
official_bc,43,963,-292.25742426157683
official_bc,43,964,-288.5292603503957
official_bc,43,965,-292.3513895652808
official_bc,43,966,-288.18363222170797
official_bc,43,967,-288.7257711214453
official_bc,43,968,-295.3812366790363
official_bc,43,969,-294.5490393863305
official_bc,43,970,-299.6169037348478
official_bc,43,971,-287.5627451414859
official_bc,43,972,-282.4077454978415
official_bc,43,973,-284.70219418601056
official_bc,43,974,-297.07907630160685
official_bc,43,975,-295.2794028226185
official_bc,43,976,-294.90477113349306
official_bc,43,977,-295.9248452824371
official_bc,43,978,-291.9315329061785
official_bc,43,979,-287.8395074826345
official_bc,43,980,-289.4639658039358
official_bc,43,981,-287.89496423624223
official_bc,43,982,-290.45192734594525
official_bc,43,983,-285.52983556316514
official_bc,43,984,-290.2233025275204
official_bc,43,985,-286.185551213601
official_bc,43,986,-290.30509417991794
official_bc,43,987,-287.465530758681
official_bc,43,988,-289.70802103391804
official_bc,43,989,-292.19191508262645
official_bc,43,990,-287.92938080757835
official_bc,43,991,-286.2287661271933
official_bc,43,992,-292.80963290346824
official_bc,43,993,-295.6395092594353
official_bc,43,994,-291.9724852034742
official_bc,43,995,-294.2332973259931
official_bc,43,996,-292.8655436830874
official_bc,43,997,-292.06447788037383
official_bc,43,998,-286.968522449392
official_bc,43,999,-296.4331962396617
official_bc,43,1000,-286.0379772371023
official_bc,44,1,-233.85725086438543
official_bc,44,2,-207.93412287780615
official_bc,44,3,-204.45760320637643
official_bc,44,4,-269.4902989325939
official_bc,44,5,-205.64591774083513
official_bc,44,6,-212.81446582921905
official_bc,44,7,-212.2286399700563
official_bc,44,8,-175.5816940773789
official_bc,44,9,-237.38580874699375
official_bc,44,10,-175.11825192985452
official_bc,44,11,-298.4374175705487
official_bc,44,12,-267.76908835406664
official_bc,44,13,-191.3698261152011
official_bc,44,14,-279.8777334744057
official_bc,44,15,-223.46336155707021
official_bc,44,16,-207.40426176393748
official_bc,44,17,-258.37767618137804
official_bc,44,18,-216.77752102743403
official_bc,44,19,-245.84169080186052
official_bc,44,20,-269.14261547484057
official_bc,44,21,-240.1015910418081
official_bc,44,22,-243.49697037750713
official_bc,44,23,-168.56251197714494
official_bc,44,24,-208.76203054218684
official_bc,44,25,-262.20761732384284
official_bc,44,26,-293.449951102916
official_bc,44,27,-214.2823988622967
official_bc,44,28,-196.73267185861448
official_bc,44,29,-229.4130951443302
official_bc,44,30,-311.4554384340182
official_bc,44,31,-204.3220374988299
official_bc,44,32,-304.1474583925622
official_bc,44,33,-292.7686963608231
official_bc,44,34,-282.77284202556655
official_bc,44,35,-281.6424020006663
official_bc,44,36,-287.3951239354761
official_bc,44,37,-291.82807072721096
official_bc,44,38,-290.1580654434652
official_bc,44,39,-269.33096340497895
official_bc,44,40,-277.7305099748222
official_bc,44,41,-273.18077571377694
official_bc,44,42,-270.67438646380526
official_bc,44,43,-262.2187449085372
official_bc,44,44,-251.75558871651452
official_bc,44,45,-256.48951972414454
official_bc,44,46,-259.287755673281
official_bc,44,47,-261.6293371646191
official_bc,44,48,-246.38274706258963
official_bc,44,49,-248.21425182174795
official_bc,44,50,-245.5452628186273
official_bc,44,51,-246.0981608686607
official_bc,44,52,-259.1900175355057
official_bc,44,53,-266.62493651339497
official_bc,44,54,-268.39257871367766
official_bc,44,55,-280.3896132917993
official_bc,44,56,-293.1306302797208
official_bc,44,57,-290.0631592521493
official_bc,44,58,-304.0742949285526
official_bc,44,59,-311.90540182696043
official_bc,44,60,-307.1551799728694
official_bc,44,61,-310.42089065315366
official_bc,44,62,-308.8177772999796
official_bc,44,63,-313.59756614825324
official_bc,44,64,-305.9489744837537
official_bc,44,65,-301.8381478863198
official_bc,44,66,-296.6897891160946
official_bc,44,67,-298.19725678834146
official_bc,44,68,-298.5374693629847
official_bc,44,69,-289.23069706732747
official_bc,44,70,-290.3137047178956
official_bc,44,71,-286.19014014013396
official_bc,44,72,-284.8452617162174
official_bc,44,73,-289.098526356555
official_bc,44,74,-290.1194687131773
official_bc,44,75,-280.0850523308785
official_bc,44,76,-296.62353906837563
official_bc,44,77,-295.1879768677294
official_bc,44,78,-293.06627709258527
official_bc,44,79,-292.9549723235132
official_bc,44,80,-294.5842507747092
official_bc,44,81,-293.5222244493775
official_bc,44,82,-297.4674187490925
official_bc,44,83,-286.58091968810453
official_bc,44,84,-280.64475897533487
official_bc,44,85,-287.68155765199884
official_bc,44,86,-283.01302827550705
official_bc,44,87,-291.2759155882047
official_bc,44,88,-283.5578227529914
official_bc,44,89,-292.55610763064084
official_bc,44,90,-289.3015097694455
official_bc,44,91,-289.8003163893556
official_bc,44,92,-290.14802356582845
official_bc,44,93,-291.81293229236314
official_bc,44,94,-298.447838353622
official_bc,44,95,-294.75640199671267
official_bc,44,96,-289.7786521445952
official_bc,44,97,-290.1520681405817
official_bc,44,98,-294.0171955819559
official_bc,44,99,-299.45511619745207
official_bc,44,100,-300.1210191482814
official_bc,44,101,-294.7506040512423
official_bc,44,102,-284.4805075010966
official_bc,44,103,-292.6098519186829
official_bc,44,104,-294.3463795372128
official_bc,44,105,-292.1987664832922
official_bc,44,106,-283.7600213529837
official_bc,44,107,-291.2215400441154
official_bc,44,108,-287.58791447104664
official_bc,44,109,-282.55809934388856
official_bc,44,110,-283.4231522470627
official_bc,44,111,-285.98460238360764
official_bc,44,112,-280.7096361059306
official_bc,44,113,-274.5396298560812
official_bc,44,114,-291.53213780719125
official_bc,44,115,-280.17268410601935
official_bc,44,116,-288.3849276943489
official_bc,44,117,-292.73382213331143
official_bc,44,118,-296.1457044447156
official_bc,44,119,-287.7693659634299
official_bc,44,120,-290.1228169735268
official_bc,44,121,-292.5439834334064
official_bc,44,122,-279.00276208143487
official_bc,44,123,-284.3450202435944
official_bc,44,124,-292.8201347961696
official_bc,44,125,-274.9562713495693
official_bc,44,126,-293.5524536709203
official_bc,44,127,-294.0610921798736
official_bc,44,128,-288.80759913681936
official_bc,44,129,-292.8183847895022
official_bc,44,130,-275.0119388157895
official_bc,44,131,-291.6624572470062
official_bc,44,132,-289.79571959086286
official_bc,44,133,-292.38016361332683
official_bc,44,134,-285.0761603838427
official_bc,44,135,-291.20295059960944
official_bc,44,136,-287.4145016336938
official_bc,44,137,-289.8508317458915
official_bc,44,138,-296.73521592068255
official_bc,44,139,-290.6114432513574
official_bc,44,140,-289.5080314827135
official_bc,44,141,-289.348490443232
official_bc,44,142,-295.6024035559495
official_bc,44,143,-283.2189830804132
official_bc,44,144,-280.31611515366234
official_bc,44,145,-288.4157249125571
official_bc,44,146,-293.70634502365823
official_bc,44,147,-290.44830097396436
official_bc,44,148,-292.6066547167861
official_bc,44,149,-290.4751094861083
official_bc,44,150,-293.0399464415078
official_bc,44,151,-294.9256084695735
official_bc,44,152,-291.54463140499075
official_bc,44,153,-294.9445282740127
official_bc,44,154,-286.730853458436
official_bc,44,155,-288.7707361100564
official_bc,44,156,-284.22531162122806
official_bc,44,157,-289.97961735617395
official_bc,44,158,-297.6291292899234
official_bc,44,159,-285.032248104069
official_bc,44,160,-289.9292254503639
official_bc,44,161,-291.2761164813219
official_bc,44,162,-291.5149511785339
official_bc,44,163,-289.6986062348125
official_bc,44,164,-293.9720267869942
official_bc,44,165,-288.7094510268548
official_bc,44,166,-286.3526662710809
official_bc,44,167,-282.83045283883166
official_bc,44,168,-291.2456137769829
official_bc,44,169,-287.38903731703084
official_bc,44,170,-282.748947962555
official_bc,44,171,-288.9838710067996
official_bc,44,172,-286.9960624880325
official_bc,44,173,-296.5125050903554
official_bc,44,174,-286.9307996500361
official_bc,44,175,-289.740777211168
official_bc,44,176,-293.24844899667806
official_bc,44,177,-288.6478210488885
official_bc,44,178,-293.71682970118206
official_bc,44,179,-279.90913180078246
official_bc,44,180,-294.1651086470707
official_bc,44,181,-289.57432549008547
official_bc,44,182,-283.17178998726934
official_bc,44,183,-293.6836060344097
official_bc,44,184,-288.9600769170014
official_bc,44,185,-282.5442734266215
official_bc,44,186,-287.6445685716912
official_bc,44,187,-293.25875052943496
official_bc,44,188,-290.22152345087756
official_bc,44,189,-283.1050525155506
official_bc,44,190,-282.80159547328924
official_bc,44,191,-287.5985090240387
official_bc,44,192,-289.90100499394634
official_bc,44,193,-283.6624448807017
official_bc,44,194,-292.02284212376844
official_bc,44,195,-284.50675627444355
official_bc,44,196,-284.1919075645828
official_bc,44,197,-297.2923059168339
official_bc,44,198,-275.78556682434834
official_bc,44,199,-299.00202532558467
official_bc,44,200,-294.21866399687275
official_bc,44,201,-292.3320710513493
official_bc,44,202,-295.0136246068847
official_bc,44,203,-292.2976671407115
official_bc,44,204,-288.55321428896355
official_bc,44,205,-289.76064747270595
official_bc,44,206,-288.622157473152
official_bc,44,207,-289.91440142253145
official_bc,44,208,-286.7721607760657
official_bc,44,209,-293.259960898944
official_bc,44,210,-287.3569130115454
official_bc,44,211,-287.99185110622943
official_bc,44,212,-292.7458113865184
official_bc,44,213,-284.0529819217926
official_bc,44,214,-288.7904510776101
official_bc,44,215,-295.0216538463997
official_bc,44,216,-290.1727074868769
official_bc,44,217,-286.41719740401254
official_bc,44,218,-276.62962281663016
official_bc,44,219,-290.98777390604334
official_bc,44,220,-294.1754484282809
official_bc,44,221,-298.76181911189025
official_bc,44,222,-297.0408299432104
official_bc,44,223,-287.7698444171225
official_bc,44,224,-296.87473495923314
official_bc,44,225,-293.99896381309316
official_bc,44,226,-294.0398623992228
official_bc,44,227,-300.8887400105774
official_bc,44,228,-293.4397228070028
official_bc,44,229,-286.346212258391
official_bc,44,230,-287.59492174315324
official_bc,44,231,-290.4671118585224
official_bc,44,232,-283.70082498955804
official_bc,44,233,-289.1543964780534
official_bc,44,234,-291.1199990950507
official_bc,44,235,-282.6467880468339
official_bc,44,236,-288.6072580567361
official_bc,44,237,-292.99453917143205
official_bc,44,238,-295.2908089575218
official_bc,44,239,-294.54474022554666
official_bc,44,240,-289.47886406642436
official_bc,44,241,-287.5290975940348
official_bc,44,242,-290.5704422811981
official_bc,44,243,-282.6938061345087
official_bc,44,244,-285.8817263216507
official_bc,44,245,-280.26510809183526
official_bc,44,246,-294.111393524396
official_bc,44,247,-284.28538761667244
official_bc,44,248,-282.2607097100905
official_bc,44,249,-291.5655235036589
official_bc,44,250,-295.1701546230285
official_bc,44,251,-296.6403146728011
official_bc,44,252,-294.8848431887366
official_bc,44,253,-298.6139910622866
official_bc,44,254,-290.5887244631127
official_bc,44,255,-276.63622420242405
official_bc,44,256,-295.97232039465916
official_bc,44,257,-289.74562932055005
official_bc,44,258,-289.5108352241513
official_bc,44,259,-291.1398383850084
official_bc,44,260,-291.7039385320604
official_bc,44,261,-290.1745073948545
official_bc,44,262,-289.24217141196056
official_bc,44,263,-291.06334386881906
official_bc,44,264,-293.2289084466746
official_bc,44,265,-282.22756698568196
official_bc,44,266,-288.2460427949369
official_bc,44,267,-297.0730241766813
official_bc,44,268,-276.1374104601248
official_bc,44,269,-296.6338083636734
official_bc,44,270,-290.88055441957704
official_bc,44,271,-296.6735807175887
official_bc,44,272,-292.2121719835843
official_bc,44,273,-290.69006866271354
official_bc,44,274,-296.78304778588483
official_bc,44,275,-293.8614011917389
official_bc,44,276,-296.0599043246587
official_bc,44,277,-295.00244793591537
official_bc,44,278,-289.99119542128557
official_bc,44,279,-290.7399622464277
official_bc,44,280,-283.67839076876584
official_bc,44,281,-291.2959567644094
official_bc,44,282,-291.32507899099966
official_bc,44,283,-291.5154525909151
official_bc,44,284,-294.50709477997617
official_bc,44,285,-294.4397392016933
official_bc,44,286,-274.8414624541579
official_bc,44,287,-293.9331017875672
official_bc,44,288,-291.0557558597287
official_bc,44,289,-281.75349984063496
official_bc,44,290,-288.7105329096462
official_bc,44,291,-282.59244552067764
official_bc,44,292,-296.65232544560513
official_bc,44,293,-293.1095879012563
official_bc,44,294,-297.2687925902136
official_bc,44,295,-292.8787706722656
official_bc,44,296,-295.78430161327765
official_bc,44,297,-289.40937344421644
official_bc,44,298,-293.8219925444572
official_bc,44,299,-295.3958635263506
official_bc,44,300,-293.62258043954915
official_bc,44,301,-282.77019822595526
official_bc,44,302,-283.2985996550807
official_bc,44,303,-296.35010447218605
official_bc,44,304,-283.31504727267526
official_bc,44,305,-291.3685142599996
official_bc,44,306,-291.64786275099146
official_bc,44,307,-288.70265370031086
official_bc,44,308,-294.75686478478997
official_bc,44,309,-294.6545558255517
official_bc,44,310,-285.9471211026438
official_bc,44,311,-287.1034946802522
official_bc,44,312,-286.0201674877302
official_bc,44,313,-281.54590154843174
official_bc,44,314,-293.9918343246567
official_bc,44,315,-295.9624102052482
official_bc,44,316,-286.4419394522447
official_bc,44,317,-296.9172052695693
official_bc,44,318,-287.27046836775696
official_bc,44,319,-291.15270621631885
official_bc,44,320,-288.62074973105825
official_bc,44,321,-299.4458809335678
official_bc,44,322,-293.73492246951463
official_bc,44,323,-291.3987919663566
official_bc,44,324,-282.41702010800674
official_bc,44,325,-293.4561975700881
official_bc,44,326,-292.98867260394695
official_bc,44,327,-282.15293088808585
official_bc,44,328,-279.0159678469745
official_bc,44,329,-297.3656963425085
official_bc,44,330,-284.85786947645533
official_bc,44,331,-294.19895894261447
official_bc,44,332,-289.44890678987355
official_bc,44,333,-288.0264560302784
official_bc,44,334,-279.50817550052636
official_bc,44,335,-292.5057497853005
official_bc,44,336,-283.7702867436473
official_bc,44,337,-298.44490090915934
official_bc,44,338,-292.2852437296468
official_bc,44,339,-289.7522006911694
official_bc,44,340,-292.8961129690942
official_bc,44,341,-299.4504132085544
official_bc,44,342,-289.8340105537417
official_bc,44,343,-291.6198221358543
official_bc,44,344,-290.52861381614605
official_bc,44,345,-300.3657202183036
official_bc,44,346,-284.73337919062146
official_bc,44,347,-283.3912887491862
official_bc,44,348,-294.6360788904964
official_bc,44,349,-289.2035638344779
official_bc,44,350,-288.1821940378617
official_bc,44,351,-291.9395787323158
official_bc,44,352,-298.0845172373069
official_bc,44,353,-291.4572656514411
official_bc,44,354,-293.7875470142651
official_bc,44,355,-295.5227123189088
official_bc,44,356,-292.38913494049905
official_bc,44,357,-293.94091250672994
official_bc,44,358,-288.52173283215853
official_bc,44,359,-281.2300103548258
official_bc,44,360,-292.41499900244185
official_bc,44,361,-297.0422343873331
official_bc,44,362,-294.7646838307994
official_bc,44,363,-285.54817895602525
official_bc,44,364,-287.35530244795314
official_bc,44,365,-293.54560359081387
official_bc,44,366,-280.8925940727133
official_bc,44,367,-286.40612998571044
official_bc,44,368,-290.1624922089264
official_bc,44,369,-291.67030919620515
official_bc,44,370,-293.16333942368857
official_bc,44,371,-289.96341276589266
official_bc,44,372,-299.8181590996313
official_bc,44,373,-289.95605481157094
official_bc,44,374,-294.5329967103529
official_bc,44,375,-296.0871410591719
official_bc,44,376,-294.8503253514065
official_bc,44,377,-288.0812775728791
official_bc,44,378,-291.75664799768
official_bc,44,379,-295.6897185403582
official_bc,44,380,-285.9555693590059
official_bc,44,381,-286.7249012685474
official_bc,44,382,-291.573320500546
official_bc,44,383,-288.0193663304244
official_bc,44,384,-295.4824763286726
official_bc,44,385,-291.92094214406103
official_bc,44,386,-288.54146571165074
official_bc,44,387,-296.8793138340505
official_bc,44,388,-289.1657420936083
official_bc,44,389,-292.6029893914558
official_bc,44,390,-290.45484311338646
official_bc,44,391,-284.9261336141228
official_bc,44,392,-286.8786219064639
official_bc,44,393,-293.60996191724166
official_bc,44,394,-291.62871493614665
official_bc,44,395,-284.2679238010869
official_bc,44,396,-284.5049695008853
official_bc,44,397,-289.36942189261964
official_bc,44,398,-292.3232928230664
official_bc,44,399,-291.6187617263564
official_bc,44,400,-289.42959917992516
official_bc,44,401,-300.97638028922097
official_bc,44,402,-290.6183017014456
official_bc,44,403,-290.4254546201848
official_bc,44,404,-283.87901871838676
official_bc,44,405,-293.6601966619096
official_bc,44,406,-285.78802984266053
official_bc,44,407,-291.8257596267544
official_bc,44,408,-299.58687382468395
official_bc,44,409,-281.7028586192913
official_bc,44,410,-292.2588954934897
official_bc,44,411,-295.5541115459205
official_bc,44,412,-281.79388751290657
official_bc,44,413,-302.2606835554253
official_bc,44,414,-287.7558746572978
official_bc,44,415,-289.9850353701865
official_bc,44,416,-287.15645209323833
official_bc,44,417,-281.2948242878693
official_bc,44,418,-286.27636072004356
official_bc,44,419,-292.6263202762886
official_bc,44,420,-293.4575908924327
official_bc,44,421,-293.75459860668684
official_bc,44,422,-285.13053599449205
official_bc,44,423,-296.1215737487273
official_bc,44,424,-292.4486698690544
official_bc,44,425,-292.57744362046594
official_bc,44,426,-289.1602429716278
official_bc,44,427,-279.7753808918144
official_bc,44,428,-293.9995008427437
official_bc,44,429,-294.8556795291373
official_bc,44,430,-285.3686666583161
official_bc,44,431,-297.2237317399062
official_bc,44,432,-289.91598699502345
official_bc,44,433,-296.3953233786748
official_bc,44,434,-292.36440544961954
official_bc,44,435,-287.43061994031234
official_bc,44,436,-291.3331528119158
official_bc,44,437,-289.6282734908033
official_bc,44,438,-292.42603376622156
official_bc,44,439,-282.1425781403267
official_bc,44,440,-293.04445274389315
official_bc,44,441,-293.2083059838897
official_bc,44,442,-294.51459592203014
official_bc,44,443,-292.74727296880314
official_bc,44,444,-293.96957032001956
official_bc,44,445,-289.81842003554027
official_bc,44,446,-296.5839387828048
official_bc,44,447,-293.49118575925445
official_bc,44,448,-284.976579159172
official_bc,44,449,-295.1369247686109
official_bc,44,450,-287.04033124039665
official_bc,44,451,-292.82049100830596
official_bc,44,452,-289.09288788191475
official_bc,44,453,-290.6729687654576
official_bc,44,454,-291.25334472229855
official_bc,44,455,-291.84744134899046
official_bc,44,456,-284.6331483834386
official_bc,44,457,-292.7090711389602
official_bc,44,458,-292.85934710876313
official_bc,44,459,-290.8334825659708
official_bc,44,460,-289.1176163015805
official_bc,44,461,-289.0835898622602
official_bc,44,462,-293.20805699946055
official_bc,44,463,-290.2504576877151
official_bc,44,464,-285.13486250242437
official_bc,44,465,-293.2810382433166
official_bc,44,466,-290.76437383085283
official_bc,44,467,-291.1408674114805
official_bc,44,468,-289.22591421884005
official_bc,44,469,-296.8633339326309
official_bc,44,470,-298.09805767176226
official_bc,44,471,-272.42985660397466
official_bc,44,472,-298.45058818030543
official_bc,44,473,-292.8683215091013
official_bc,44,474,-295.04760693252183
official_bc,44,475,-287.32844647074876
official_bc,44,476,-294.61883761385786
official_bc,44,477,-287.00213873198095
official_bc,44,478,-287.162774392878
official_bc,44,479,-289.22366197672125
official_bc,44,480,-285.9282459607361
official_bc,44,481,-286.24155201506534
official_bc,44,482,-285.5898714945007
official_bc,44,483,-292.3080994285418
official_bc,44,484,-285.74162887712544
official_bc,44,485,-289.9328237084441
official_bc,44,486,-297.14369611403725
official_bc,44,487,-295.01371041122945
official_bc,44,488,-288.0767310661083
official_bc,44,489,-285.66603639281266
official_bc,44,490,-290.90765915398373
official_bc,44,491,-291.78332466883876
official_bc,44,492,-294.0035638281338
official_bc,44,493,-290.28867806031093
official_bc,44,494,-292.41987036780455
official_bc,44,495,-291.4666530589399
official_bc,44,496,-289.58851578420587
official_bc,44,497,-290.8076045447914
official_bc,44,498,-287.64743796232784
official_bc,44,499,-292.47744327158233
official_bc,44,500,-287.62121158579157
official_bc,44,501,-288.9747113249098
official_bc,44,502,-290.3033572525824
official_bc,44,503,-288.25238069656496
official_bc,44,504,-292.44903282054156
official_bc,44,505,-292.4466787368684
official_bc,44,506,-296.95758000578195
official_bc,44,507,-294.73120246598745
official_bc,44,508,-287.1423786166546
official_bc,44,509,-290.89226306874525
official_bc,44,510,-281.3180116155693
official_bc,44,511,-283.2378907684971
official_bc,44,512,-284.0015268258255
official_bc,44,513,-287.2554129663333
official_bc,44,514,-293.57189187853015
official_bc,44,515,-286.0655905423562
official_bc,44,516,-286.1595990446501
official_bc,44,517,-293.4861835219036
official_bc,44,518,-282.9264436798968
official_bc,44,519,-290.45829282391946
official_bc,44,520,-295.040832097771
official_bc,44,521,-298.4146329277879
official_bc,44,522,-294.7934842495833
official_bc,44,523,-295.4436727942279
official_bc,44,524,-280.3933899520638
official_bc,44,525,-294.62144186197315
official_bc,44,526,-286.6137145499919
official_bc,44,527,-296.351067479508
official_bc,44,528,-291.2034871096538
official_bc,44,529,-293.5913711137294
official_bc,44,530,-300.3908121200833
official_bc,44,531,-291.68695929199316
official_bc,44,532,-281.68173468367695
official_bc,44,533,-285.17490370140274
official_bc,44,534,-295.94414783877176
official_bc,44,535,-285.6409004646687
official_bc,44,536,-289.5683539097637
official_bc,44,537,-287.9990967184678
official_bc,44,538,-290.59997221750115
official_bc,44,539,-292.55880423993955
official_bc,44,540,-295.1989145681318
official_bc,44,541,-292.8916248072926
official_bc,44,542,-287.07271412628086
official_bc,44,543,-284.18230332319655
official_bc,44,544,-294.49832728288584
official_bc,44,545,-287.32680372262706
official_bc,44,546,-289.9260395070839
official_bc,44,547,-290.4798539201342
official_bc,44,548,-284.77949962008495
official_bc,44,549,-297.11293121094235
official_bc,44,550,-294.28628358912044
official_bc,44,551,-291.22497939014005
official_bc,44,552,-289.9737029542585
official_bc,44,553,-292.66902321026964
official_bc,44,554,-293.7004661802613
official_bc,44,555,-295.2342732488283
official_bc,44,556,-294.87159957784803
official_bc,44,557,-292.34859377496366
official_bc,44,558,-297.0849181407057
official_bc,44,559,-280.0862712137097
official_bc,44,560,-273.88395037687405
official_bc,44,561,-288.8912178930988
official_bc,44,562,-291.66855276165245
official_bc,44,563,-287.3391072888802
official_bc,44,564,-288.98431914225006
official_bc,44,565,-290.0843977289305
official_bc,44,566,-293.18759791224466
official_bc,44,567,-284.15794478576964
official_bc,44,568,-293.115097980262
official_bc,44,569,-289.0745163902431
official_bc,44,570,-275.2505628495065
official_bc,44,571,-293.1212925701096
official_bc,44,572,-299.53131910987986
official_bc,44,573,-291.8257862862412
official_bc,44,574,-288.83188363757483
official_bc,44,575,-279.2335262506849
official_bc,44,576,-296.5026489297261
official_bc,44,577,-283.6577088087715
official_bc,44,578,-284.86146074863143
official_bc,44,579,-288.4761384571027
official_bc,44,580,-288.4058269230246
official_bc,44,581,-284.0343322195055
official_bc,44,582,-287.1558692612861
official_bc,44,583,-293.79890733274254
official_bc,44,584,-285.8043057863999
official_bc,44,585,-295.7131078294064
official_bc,44,586,-294.1888466993126
official_bc,44,587,-270.96839202788277
official_bc,44,588,-293.2999480611295
official_bc,44,589,-294.58491845116487
official_bc,44,590,-298.6011743524052
official_bc,44,591,-291.9753059597663
official_bc,44,592,-276.7297073679954
official_bc,44,593,-301.12312762485755
official_bc,44,594,-279.83426545014726
official_bc,44,595,-287.03716566738683
official_bc,44,596,-291.01363122602436
official_bc,44,597,-297.14886485267215
official_bc,44,598,-285.37567939332615
official_bc,44,599,-288.4966447438492
official_bc,44,600,-287.35673549260656
official_bc,44,601,-286.4143143248633
official_bc,44,602,-284.96209498095527
official_bc,44,603,-275.3111628422547
official_bc,44,604,-294.20696882675287
official_bc,44,605,-291.2033794244245
official_bc,44,606,-286.8249718641933
official_bc,44,607,-298.88007568034845
official_bc,44,608,-296.0892608909567
official_bc,44,609,-295.20265671659666
official_bc,44,610,-290.0554321906395
official_bc,44,611,-298.0596179676031
official_bc,44,612,-292.3742706618857
official_bc,44,613,-285.7991503787636
official_bc,44,614,-291.12630568642226
official_bc,44,615,-292.6712656151824
official_bc,44,616,-280.17497501470825
official_bc,44,617,-290.81359877970107
official_bc,44,618,-286.64122483199094
official_bc,44,619,-288.3302874933139
official_bc,44,620,-293.0749965615412
official_bc,44,621,-290.4767055894596
official_bc,44,622,-296.8553489486565
official_bc,44,623,-293.47074238172445
official_bc,44,624,-291.21154355079176
official_bc,44,625,-295.62559871203143
official_bc,44,626,-290.514944587679
official_bc,44,627,-299.66535457712195
official_bc,44,628,-289.36064854897955
official_bc,44,629,-290.6924259870921
official_bc,44,630,-288.0930582072659
official_bc,44,631,-283.6539928874289
official_bc,44,632,-295.4971677412068
official_bc,44,633,-283.20750255207565
official_bc,44,634,-289.4203858174919
official_bc,44,635,-288.52139059866425
official_bc,44,636,-295.533172688295
official_bc,44,637,-278.75965682437993
official_bc,44,638,-291.004071589039
official_bc,44,639,-290.6522852397429
official_bc,44,640,-294.01137396931983
official_bc,44,641,-289.9622137547786
official_bc,44,642,-294.0057003873783
official_bc,44,643,-295.8978442008093
official_bc,44,644,-280.6423001433257
official_bc,44,645,-281.00836335262386
official_bc,44,646,-290.56496932900905
official_bc,44,647,-291.0051070773644
official_bc,44,648,-294.6588529667532
official_bc,44,649,-294.6349327396855
official_bc,44,650,-291.6837950261744
official_bc,44,651,-283.18353357303016
official_bc,44,652,-293.83787066056084
official_bc,44,653,-291.20589759845603
official_bc,44,654,-292.18500940645055
official_bc,44,655,-297.40074373515563
official_bc,44,656,-295.5884562086975
official_bc,44,657,-287.2541518525038
official_bc,44,658,-295.52225195941287
official_bc,44,659,-293.4888935937931
official_bc,44,660,-292.2832849444662
official_bc,44,661,-295.88535110048315
official_bc,44,662,-288.62683430300626
official_bc,44,663,-287.32575081321806
official_bc,44,664,-289.3125487226441
official_bc,44,665,-297.09783790626886
official_bc,44,666,-289.7204960941151
official_bc,44,667,-287.1826681082955
official_bc,44,668,-282.7345295712609
official_bc,44,669,-292.8636850454544
official_bc,44,670,-283.0894411543011
official_bc,44,671,-298.8144539038191
official_bc,44,672,-287.21319247818303
official_bc,44,673,-290.07164911168513
official_bc,44,674,-295.46533631030434
official_bc,44,675,-296.12996116475824
official_bc,44,676,-298.1288362094328
official_bc,44,677,-297.7554360444143
official_bc,44,678,-288.3136700850499
official_bc,44,679,-296.09167039431435
official_bc,44,680,-289.48637254251196
official_bc,44,681,-298.2991682859111
official_bc,44,682,-278.1983837445738
official_bc,44,683,-287.08248852445803
official_bc,44,684,-288.6114210999905
official_bc,44,685,-289.683112835715
official_bc,44,686,-292.7562778028874
official_bc,44,687,-289.27496646638883
official_bc,44,688,-295.15564188822947
official_bc,44,689,-284.21023597813337
official_bc,44,690,-297.92996528918
official_bc,44,691,-294.17039479300377
official_bc,44,692,-289.7618366596344
official_bc,44,693,-291.4372482180976
official_bc,44,694,-288.7940564150527
official_bc,44,695,-294.3916321572922
official_bc,44,696,-274.88300140244326
official_bc,44,697,-293.47493061009345
official_bc,44,698,-296.37697897785796
official_bc,44,699,-295.3435615367446
official_bc,44,700,-287.36984630340754
official_bc,44,701,-295.5041342377574
official_bc,44,702,-296.404091735769
official_bc,44,703,-289.55688796698587
official_bc,44,704,-288.2299705063609
official_bc,44,705,-283.85130701925254
official_bc,44,706,-293.8705508664911
official_bc,44,707,-292.04238577987223
official_bc,44,708,-290.4165217240965
official_bc,44,709,-294.6860964248509
official_bc,44,710,-287.8529221837827
official_bc,44,711,-289.3838736682737
official_bc,44,712,-290.209732868476
official_bc,44,713,-293.75046681275177
official_bc,44,714,-298.3232713027862
official_bc,44,715,-297.3473983727683
official_bc,44,716,-288.1846501538575
official_bc,44,717,-289.0494059521727
official_bc,44,718,-289.4489716405842
official_bc,44,719,-296.40027957257894
official_bc,44,720,-294.90453734439575
official_bc,44,721,-290.65254275739346
official_bc,44,722,-296.5860115195003
official_bc,44,723,-287.9933522850549
official_bc,44,724,-291.83552280996537
official_bc,44,725,-290.20043542485024
official_bc,44,726,-285.95626638185416
official_bc,44,727,-291.85051429829434
official_bc,44,728,-287.0918844292024
official_bc,44,729,-294.54697204166405
official_bc,44,730,-282.358692190868
official_bc,44,731,-287.19789238623474
official_bc,44,732,-290.45500246739147
official_bc,44,733,-286.67333273000975
official_bc,44,734,-294.35747257232936
official_bc,44,735,-285.77621436301575
official_bc,44,736,-293.40336317391905
official_bc,44,737,-283.8916817838982
official_bc,44,738,-295.4112587173304
official_bc,44,739,-293.47114989568183
official_bc,44,740,-295.1693302008389
official_bc,44,741,-290.3108057596335
official_bc,44,742,-287.0342300175477
official_bc,44,743,-292.87839401748687
official_bc,44,744,-298.88278495505926
official_bc,44,745,-293.7675458459177
official_bc,44,746,-290.36706222875637
official_bc,44,747,-283.0902012942545
official_bc,44,748,-288.43395716505205
official_bc,44,749,-289.832803072393
official_bc,44,750,-290.2476679445511
official_bc,44,751,-292.89215736802703
official_bc,44,752,-286.37443143354835
official_bc,44,753,-292.369198937822
official_bc,44,754,-282.7743718852825
official_bc,44,755,-295.04572493646236
official_bc,44,756,-281.89769300221616
official_bc,44,757,-290.81239583589763
official_bc,44,758,-287.83414809567796
official_bc,44,759,-293.5433331187522
official_bc,44,760,-293.73368847201056
official_bc,44,761,-292.93272431835004
official_bc,44,762,-298.507989777528
official_bc,44,763,-293.9719157987957
official_bc,44,764,-293.63266637142226
official_bc,44,765,-291.5098825677669
official_bc,44,766,-293.00890162555277
official_bc,44,767,-289.29455197810853
official_bc,44,768,-294.5353632280177
official_bc,44,769,-283.1899553856588
official_bc,44,770,-284.37193329418744
official_bc,44,771,-292.5464789460609
official_bc,44,772,-282.1027892474394
official_bc,44,773,-277.42677557034506
official_bc,44,774,-287.6185554209944
official_bc,44,775,-295.81606411273725
official_bc,44,776,-290.3050501963529
official_bc,44,777,-289.1972708852717
official_bc,44,778,-287.4163510660849
official_bc,44,779,-288.954079455305
official_bc,44,780,-297.4309387409317
official_bc,44,781,-293.9374789768887
official_bc,44,782,-294.7577637209109
official_bc,44,783,-293.3551923519436
official_bc,44,784,-279.134100034884
official_bc,44,785,-293.3766489750673
official_bc,44,786,-278.0772251379308
official_bc,44,787,-298.1768982970658
official_bc,44,788,-296.606438941311
official_bc,44,789,-290.67453756182454
official_bc,44,790,-284.1493815396688
official_bc,44,791,-275.63089789518864
official_bc,44,792,-294.3171834177671
official_bc,44,793,-295.6767043260135
official_bc,44,794,-291.65939261662083
official_bc,44,795,-294.7634531252168
official_bc,44,796,-288.1212026846484
official_bc,44,797,-294.6808198985207
official_bc,44,798,-295.46141456396606
official_bc,44,799,-290.5868290216866
official_bc,44,800,-291.75271051888916
official_bc,44,801,-286.13926591658554
official_bc,44,802,-291.090698703871
official_bc,44,803,-288.16578734085607
official_bc,44,804,-290.42850264083546
official_bc,44,805,-295.3190935437421
official_bc,44,806,-285.283367683932
official_bc,44,807,-292.40341644401315
official_bc,44,808,-291.9634795129429
official_bc,44,809,-293.53727498946444
official_bc,44,810,-286.4274223386923
official_bc,44,811,-292.4761648318475
official_bc,44,812,-295.9923193968884
official_bc,44,813,-281.10211561083435
official_bc,44,814,-293.3020822863109
official_bc,44,815,-285.3279020091989
official_bc,44,816,-287.6276922769187
official_bc,44,817,-297.43783016145267
official_bc,44,818,-295.0467004445622
official_bc,44,819,-290.7337623063862
official_bc,44,820,-291.9044608216909
official_bc,44,821,-286.7538039689592
official_bc,44,822,-283.6727988058974
official_bc,44,823,-283.2189583933908
official_bc,44,824,-290.41168403058947
official_bc,44,825,-294.7836300992948
official_bc,44,826,-294.89038192865917
official_bc,44,827,-279.5231924111778
official_bc,44,828,-295.5803292024622
official_bc,44,829,-292.2611237230707
official_bc,44,830,-289.45374976799343
official_bc,44,831,-290.11157895676575
official_bc,44,832,-293.441097908
official_bc,44,833,-286.34597543662073
official_bc,44,834,-292.0025654082091
official_bc,44,835,-291.65569066203085
official_bc,44,836,-287.5152011272925
official_bc,44,837,-295.21894255258076
official_bc,44,838,-296.8012680431812
official_bc,44,839,-292.2986096469082
official_bc,44,840,-284.6315906569775
official_bc,44,841,-284.41550906203196
official_bc,44,842,-286.459369234392
official_bc,44,843,-289.6246492688326
official_bc,44,844,-294.00877862226855
official_bc,44,845,-290.51739268069826
official_bc,44,846,-289.97358222738666
official_bc,44,847,-284.1328780498806
official_bc,44,848,-297.48569566835306
official_bc,44,849,-301.25761328575084
official_bc,44,850,-294.4670331792314
official_bc,44,851,-284.1381734472575
official_bc,44,852,-289.471127384021
official_bc,44,853,-290.1056586266781
official_bc,44,854,-296.8953431469217
official_bc,44,855,-292.52712916892335
official_bc,44,856,-290.0354571803614
official_bc,44,857,-275.67427539159
official_bc,44,858,-290.68128112036743
official_bc,44,859,-290.3503740732245
official_bc,44,860,-282.35071761748736
official_bc,44,861,-289.9584571023536
official_bc,44,862,-294.8133549676304
official_bc,44,863,-290.0725860900924
official_bc,44,864,-289.40829133215897
official_bc,44,865,-281.75146879531854
official_bc,44,866,-286.6658482100502
official_bc,44,867,-274.4150726845144
official_bc,44,868,-295.80730785364176
official_bc,44,869,-295.94987004978213
official_bc,44,870,-286.83319252091314
official_bc,44,871,-292.2610828771954
official_bc,44,872,-288.3439978426733
official_bc,44,873,-296.07073594552935
official_bc,44,874,-292.9856638587926
official_bc,44,875,-293.045643772875
official_bc,44,876,-272.6162610070955
official_bc,44,877,-297.6575904822141
official_bc,44,878,-289.89456842760217
official_bc,44,879,-285.2305644977558
official_bc,44,880,-289.23981597358033
official_bc,44,881,-289.82109291622675
official_bc,44,882,-295.7438085578791
official_bc,44,883,-289.8853275588293
official_bc,44,884,-271.33153232533283
official_bc,44,885,-278.9603683780894
official_bc,44,886,-300.6487149262437
official_bc,44,887,-278.7164789919083
official_bc,44,888,-286.61063686516275
official_bc,44,889,-295.50025826344205
official_bc,44,890,-293.2270082284816
official_bc,44,891,-287.11621325075464
official_bc,44,892,-293.05961119338934
official_bc,44,893,-294.57427629346347
official_bc,44,894,-283.40400262042755
official_bc,44,895,-289.338590139174
official_bc,44,896,-292.95410211437166
official_bc,44,897,-290.52269874710345
official_bc,44,898,-294.8116153009127
official_bc,44,899,-289.06768115695553
official_bc,44,900,-288.321594550134
official_bc,44,901,-293.3481682669832
official_bc,44,902,-283.3087539196211
official_bc,44,903,-280.2979331162698
official_bc,44,904,-292.6657486680814
official_bc,44,905,-298.6352091309767
official_bc,44,906,-296.34877544952906
official_bc,44,907,-295.1727431942451
official_bc,44,908,-287.1278669249389
official_bc,44,909,-295.3793067107527
official_bc,44,910,-282.2918797648449
official_bc,44,911,-290.62931898849
official_bc,44,912,-293.06698591343303
official_bc,44,913,-281.014856282746
official_bc,44,914,-285.1726861743887
official_bc,44,915,-293.7914224304181
official_bc,44,916,-286.62253572482575
official_bc,44,917,-282.0156271049033
official_bc,44,918,-284.18628186655656
official_bc,44,919,-298.7531561150689
official_bc,44,920,-295.3927271797568
official_bc,44,921,-288.94434782625984
official_bc,44,922,-285.8773288932786
official_bc,44,923,-294.564175962539
official_bc,44,924,-295.74677992622793
official_bc,44,925,-282.1991423647182
official_bc,44,926,-295.56278100674695
official_bc,44,927,-290.9407132991871
official_bc,44,928,-289.7394527562523
official_bc,44,929,-291.9303149918455
official_bc,44,930,-295.36749281763525
official_bc,44,931,-291.9369749474857
official_bc,44,932,-287.09227905453747
official_bc,44,933,-295.68501128132436
official_bc,44,934,-289.8963140149387
official_bc,44,935,-285.9458613732563
official_bc,44,936,-286.00087222527986
official_bc,44,937,-294.71315181635003
official_bc,44,938,-292.5211405974916
official_bc,44,939,-290.82962157245015
official_bc,44,940,-287.40913366795706
official_bc,44,941,-295.8077090516878
official_bc,44,942,-288.3758733026487
official_bc,44,943,-290.99119932529294
official_bc,44,944,-293.85176783728747
official_bc,44,945,-291.2927027466697
official_bc,44,946,-282.8030407896164
official_bc,44,947,-274.75828982612285
official_bc,44,948,-294.4795561889022
official_bc,44,949,-296.41863616764346
official_bc,44,950,-273.881335369207
official_bc,44,951,-292.199714127104
official_bc,44,952,-287.86367005748804
official_bc,44,953,-282.76397658470853
official_bc,44,954,-285.5033254202012
official_bc,44,955,-296.9575118375795
official_bc,44,956,-288.6278375894773
official_bc,44,957,-293.9412558005015
official_bc,44,958,-294.9805013758851
official_bc,44,959,-294.969859076279
official_bc,44,960,-291.49849751432737
official_bc,44,961,-297.9248419547203
official_bc,44,962,-290.3917226829021
official_bc,44,963,-287.58484046073136
official_bc,44,964,-286.85162557931824
official_bc,44,965,-291.4246069752047
official_bc,44,966,-290.4704304485221
official_bc,44,967,-289.8278902621787
official_bc,44,968,-290.0530678306314
official_bc,44,969,-290.6039568147577
official_bc,44,970,-288.75908192285067
official_bc,44,971,-278.60031417741095
official_bc,44,972,-284.04202275927054
official_bc,44,973,-293.20281739193774
official_bc,44,974,-290.3494629664659
official_bc,44,975,-296.9991264605577
official_bc,44,976,-289.5884677819379
official_bc,44,977,-292.56673074338846
official_bc,44,978,-290.9809626048277
official_bc,44,979,-286.20460704701156
official_bc,44,980,-291.9613841394505
official_bc,44,981,-284.66626978139067
official_bc,44,982,-289.4576531436742
official_bc,44,983,-289.89460105662425
official_bc,44,984,-295.16697273131535
official_bc,44,985,-299.8450110255847
official_bc,44,986,-290.3193035642042
official_bc,44,987,-288.66392929812145
official_bc,44,988,-295.5902608632557
official_bc,44,989,-291.8894997962334
official_bc,44,990,-285.8816557910198
official_bc,44,991,-297.30593241790865
official_bc,44,992,-279.10946749382765
official_bc,44,993,-289.35617424566715
official_bc,44,994,-287.33037453093516
official_bc,44,995,-291.6266818520662
official_bc,44,996,-294.15598853652
official_bc,44,997,-293.3641287551261
official_bc,44,998,-291.630523668479
official_bc,44,999,-293.8561869261939
official_bc,44,1000,-275.5976755753924
official_bc,45,1,-207.23680343750482
official_bc,45,2,-203.51682802828088
official_bc,45,3,-217.83605687704693
official_bc,45,4,-206.39758302923278
official_bc,45,5,-204.2666576119202
official_bc,45,6,-205.35806655187736
official_bc,45,7,-254.68676628884646
official_bc,45,8,-254.51277202005684
official_bc,45,9,-310.93209845942766
official_bc,45,10,-271.0592668631972
official_bc,45,11,-271.6678160360835
official_bc,45,12,-181.342400827147
official_bc,45,13,-202.69555785206063
official_bc,45,14,-189.85478419319486
official_bc,45,15,-209.08407279247209
official_bc,45,16,-210.26996687061103
official_bc,45,17,-254.2972278906984
official_bc,45,18,-185.93236589830948
official_bc,45,19,-252.91973436125366
official_bc,45,20,-194.9713792562556
official_bc,45,21,-246.64612044404114
official_bc,45,22,-319.1984110370758
official_bc,45,23,-255.16095097570644
official_bc,45,24,-263.4176880601532
official_bc,45,25,-311.79556928135656
official_bc,45,26,-188.124871521998
official_bc,45,27,-314.0753696422486
official_bc,45,28,-298.1291790131327
official_bc,45,29,-284.64766064612445
official_bc,45,30,-277.15847531510195
official_bc,45,31,-251.93392121951527
official_bc,45,32,-214.7180186457024
official_bc,45,33,-209.6352605270792
official_bc,45,34,-262.84129084895767
official_bc,45,35,-143.46890754163653
official_bc,45,36,-281.4474522999252
official_bc,45,37,-273.6921715709694
official_bc,45,38,-282.6920826188888
official_bc,45,39,-286.19781122405175
official_bc,45,40,-289.1088203164108
official_bc,45,41,-280.9017256787419
official_bc,45,42,-271.19462499446576
official_bc,45,43,-278.66242587951353
official_bc,45,44,-273.1153000493006
official_bc,45,45,-267.1003372686602
official_bc,45,46,-281.3145408254537
official_bc,45,47,-277.90179623843784
official_bc,45,48,-276.8275629989756
official_bc,45,49,-274.0117732041127
official_bc,45,50,-278.4248084350704
official_bc,45,51,-283.8216866138457
official_bc,45,52,-281.99652017222644
official_bc,45,53,-294.86199382210935
official_bc,45,54,-295.08694132231585
official_bc,45,55,-296.71438563121666
official_bc,45,56,-285.6834167676099
official_bc,45,57,-300.69504991368285
official_bc,45,58,-296.90456108570265
official_bc,45,59,-290.7527537417146
official_bc,45,60,-301.3087965216111
official_bc,45,61,-295.4192162864409
official_bc,45,62,-293.2276620067058
official_bc,45,63,-294.44758729781216
official_bc,45,64,-295.72793577271386
official_bc,45,65,-282.5056443240569
official_bc,45,66,-283.842781964659
official_bc,45,67,-286.28228228485744
official_bc,45,68,-283.8896126778068
official_bc,45,69,-276.1622607055822
official_bc,45,70,-274.2113986982057
official_bc,45,71,-283.16696046771006
official_bc,45,72,-275.5802278492729
official_bc,45,73,-272.9003459106265
official_bc,45,74,-281.57080979969214
official_bc,45,75,-285.24632969689986
official_bc,45,76,-281.31876418435456
official_bc,45,77,-291.82171933833183
official_bc,45,78,-295.79720856499773
official_bc,45,79,-279.07683413404584
official_bc,45,80,-293.48728001826197
official_bc,45,81,-297.7977631016568
official_bc,45,82,-301.5880202196929
official_bc,45,83,-302.17311347784266
official_bc,45,84,-294.3009392591629
official_bc,45,85,-294.5990473486178
official_bc,45,86,-295.7235610506384
official_bc,45,87,-288.51895791545064
official_bc,45,88,-287.2999287129911
official_bc,45,89,-289.23498232512696
official_bc,45,90,-289.6065359673712
official_bc,45,91,-290.1295186322164
official_bc,45,92,-288.5597682806225
official_bc,45,93,-287.89679968307837
official_bc,45,94,-287.2743197376606
official_bc,45,95,-283.6258415022758
official_bc,45,96,-293.6423093740363
official_bc,45,97,-285.82073327529196
official_bc,45,98,-288.21885862118927
official_bc,45,99,-288.23132437816435
official_bc,45,100,-293.95564182964387
official_bc,45,101,-291.2922334441547
official_bc,45,102,-286.650203092684
official_bc,45,103,-283.239939236115
official_bc,45,104,-289.01730831626935
official_bc,45,105,-289.53702966358134
official_bc,45,106,-286.6217696473632
official_bc,45,107,-280.94769235221264
official_bc,45,108,-288.0024614759972
official_bc,45,109,-289.43601930327424
official_bc,45,110,-286.73210294007845
official_bc,45,111,-287.84678304616017
official_bc,45,112,-295.00525465542233
official_bc,45,113,-289.78196463763504
official_bc,45,114,-299.2713999523147
official_bc,45,115,-291.6972867418784
official_bc,45,116,-292.40027771814795
official_bc,45,117,-296.7724980774502
official_bc,45,118,-296.56558642886876
official_bc,45,119,-293.9700368956614
official_bc,45,120,-296.8317015673839
official_bc,45,121,-280.345027651062
official_bc,45,122,-298.0478310023661
official_bc,45,123,-293.14113133537813
official_bc,45,124,-286.02663488227097
official_bc,45,125,-287.21562765707716
official_bc,45,126,-289.69758413524323
official_bc,45,127,-284.47895439810134
official_bc,45,128,-291.5754588402837
official_bc,45,129,-294.7016384974702
official_bc,45,130,-287.13717143886447
official_bc,45,131,-292.8075096140578
official_bc,45,132,-282.83601043008395
official_bc,45,133,-296.62321874408553
official_bc,45,134,-290.9454342947901
official_bc,45,135,-297.27576226414004
official_bc,45,136,-288.2268727125766
official_bc,45,137,-282.67412268259415
official_bc,45,138,-281.9355352862116
official_bc,45,139,-286.7336061963086
official_bc,45,140,-287.85052719594734
official_bc,45,141,-292.1942975329266
official_bc,45,142,-290.90607300925785
official_bc,45,143,-289.8644258803787
official_bc,45,144,-294.76056159015275
official_bc,45,145,-296.33678290601557
official_bc,45,146,-294.19908575594985
official_bc,45,147,-294.38225748064247
official_bc,45,148,-294.47547067725435
official_bc,45,149,-289.1294491107858
official_bc,45,150,-286.5550727014982
official_bc,45,151,-288.5663526697394
official_bc,45,152,-288.24779341537237
official_bc,45,153,-285.43200124504295
official_bc,45,154,-291.29813343869426
official_bc,45,155,-290.11224289707224
official_bc,45,156,-294.5240396404255
official_bc,45,157,-279.45034498385706
official_bc,45,158,-287.67418186240843
official_bc,45,159,-288.3520805650601
official_bc,45,160,-283.9718271530618
official_bc,45,161,-297.72815360132483
official_bc,45,162,-289.12768522110525
official_bc,45,163,-286.82154006379153
official_bc,45,164,-270.49312566935197
official_bc,45,165,-274.085708616271
official_bc,45,166,-296.33328700548645
official_bc,45,167,-292.9092622450826
official_bc,45,168,-290.13439478095523
official_bc,45,169,-289.68707358106076
official_bc,45,170,-297.0155222866423
official_bc,45,171,-288.9166368253767
official_bc,45,172,-284.2715862111786
official_bc,45,173,-297.7275549246898
official_bc,45,174,-294.30956758484376
official_bc,45,175,-290.26216007767033
official_bc,45,176,-297.0937397458366
official_bc,45,177,-286.9429198379856
official_bc,45,178,-289.61135559370854
official_bc,45,179,-287.9718539301273
official_bc,45,180,-284.5310122642662
official_bc,45,181,-288.52810031288425
official_bc,45,182,-291.00957225359883
official_bc,45,183,-280.7047678602651
official_bc,45,184,-288.3572614354805
official_bc,45,185,-297.6767528319042
official_bc,45,186,-291.37077650357696
official_bc,45,187,-286.3522366948308
official_bc,45,188,-287.67551697490103
official_bc,45,189,-291.72252235695834
official_bc,45,190,-292.3499627669795
official_bc,45,191,-292.3015166923024
official_bc,45,192,-291.03571854640717
official_bc,45,193,-281.8585519349574
official_bc,45,194,-294.32053872928975
official_bc,45,195,-292.7468885156983
official_bc,45,196,-291.4314703536153
official_bc,45,197,-292.291924071461
official_bc,45,198,-287.66731657632107
official_bc,45,199,-288.90026379874536
official_bc,45,200,-289.5169910601695
official_bc,45,201,-295.88714526902766
official_bc,45,202,-293.23095508548175
official_bc,45,203,-278.6562011513019
official_bc,45,204,-283.2148038302055
official_bc,45,205,-288.1615787188071
official_bc,45,206,-290.79302845840067
official_bc,45,207,-284.46960720923767
official_bc,45,208,-295.8836351652741
official_bc,45,209,-295.6251733599246
official_bc,45,210,-294.49869359632453
official_bc,45,211,-296.11945086863557
official_bc,45,212,-296.39532185473746
official_bc,45,213,-291.77618299055774
official_bc,45,214,-289.88292283992627
official_bc,45,215,-294.6973083687916
official_bc,45,216,-287.0058201897868
official_bc,45,217,-288.81109516883896
official_bc,45,218,-290.0194008052547
official_bc,45,219,-290.7621317347696
official_bc,45,220,-286.5095130601138
official_bc,45,221,-289.26378148611127
official_bc,45,222,-292.8132722012255
official_bc,45,223,-287.1985498363406
official_bc,45,224,-288.8281246452596
official_bc,45,225,-297.39654768143964
official_bc,45,226,-296.891445672989
official_bc,45,227,-287.12408866678896
official_bc,45,228,-293.4401028241199
official_bc,45,229,-292.90173042298477
official_bc,45,230,-291.2885786333085
official_bc,45,231,-285.96145998453574
official_bc,45,232,-292.71414488546344
official_bc,45,233,-295.46523212639113
official_bc,45,234,-292.60696813100884
official_bc,45,235,-290.5698147782613
official_bc,45,236,-292.90457137393855
official_bc,45,237,-289.27226157410746
official_bc,45,238,-286.97680256340243
official_bc,45,239,-281.98902314495007
official_bc,45,240,-292.0749953994207
official_bc,45,241,-279.8987907781148
official_bc,45,242,-289.23831825035467
official_bc,45,243,-289.33653979394825
official_bc,45,244,-294.02531667979696
official_bc,45,245,-287.801217040834
official_bc,45,246,-295.11268244248544
official_bc,45,247,-292.2072788977521
official_bc,45,248,-283.04341162263216
official_bc,45,249,-294.01893330399525
official_bc,45,250,-274.24736155276236
official_bc,45,251,-285.4219708954262
official_bc,45,252,-287.67439843478985
official_bc,45,253,-287.9248383639055
official_bc,45,254,-292.0654565132281
official_bc,45,255,-280.5890602962524
official_bc,45,256,-291.60088496966017
official_bc,45,257,-293.13530078984655
official_bc,45,258,-289.5259134780953
official_bc,45,259,-289.36221600819
official_bc,45,260,-287.7123323190569
official_bc,45,261,-292.67427089850423
official_bc,45,262,-289.491644379464
official_bc,45,263,-296.9216809977571
official_bc,45,264,-296.08512404662946
official_bc,45,265,-292.47751772360493
official_bc,45,266,-290.6378652124884
official_bc,45,267,-289.4883979861493
official_bc,45,268,-298.83930713488877
official_bc,45,269,-284.1141374025645
official_bc,45,270,-289.9578769060574
official_bc,45,271,-291.32238856770255
official_bc,45,272,-287.07107518231294
official_bc,45,273,-289.6504664724984
official_bc,45,274,-288.5117157164802
official_bc,45,275,-290.368982063326
official_bc,45,276,-285.18343651551635
official_bc,45,277,-289.9172481626241
official_bc,45,278,-285.94651881755965
official_bc,45,279,-293.9165242938987
official_bc,45,280,-292.7796331727429
official_bc,45,281,-291.441927760058
official_bc,45,282,-290.32808356148195
official_bc,45,283,-281.1065771106956
official_bc,45,284,-291.7687714005489
official_bc,45,285,-294.0396038625814
official_bc,45,286,-284.67794692886145
official_bc,45,287,-295.44325294217043
official_bc,45,288,-292.13800349972803
official_bc,45,289,-291.54148503008946
official_bc,45,290,-292.8249357806446
official_bc,45,291,-299.14129344128713
official_bc,45,292,-289.018625311704
official_bc,45,293,-282.75423291606603
official_bc,45,294,-288.2889081180131
official_bc,45,295,-295.8288059574294
official_bc,45,296,-289.1375917516195
official_bc,45,297,-285.2250803731593
official_bc,45,298,-291.8576020826662
official_bc,45,299,-289.22589165408664
official_bc,45,300,-280.7106289934924
official_bc,45,301,-288.97650138232314
official_bc,45,302,-295.79211346540785
official_bc,45,303,-296.311372627089
official_bc,45,304,-296.6012455840705
official_bc,45,305,-280.6698455153399
official_bc,45,306,-288.8649854321794
official_bc,45,307,-289.464824097453
official_bc,45,308,-288.2035242510063
official_bc,45,309,-282.9321974120278
official_bc,45,310,-292.6882041772607
official_bc,45,311,-287.26828586704227
official_bc,45,312,-291.24958235642873
official_bc,45,313,-279.9258929607025
official_bc,45,314,-294.9323321329898
official_bc,45,315,-302.8140062555782
official_bc,45,316,-283.0289189963205
official_bc,45,317,-293.79859090761846
official_bc,45,318,-286.9664515501016
official_bc,45,319,-292.8357542460482
official_bc,45,320,-288.58290536794095
official_bc,45,321,-290.0062045105672
official_bc,45,322,-284.9848213824784
official_bc,45,323,-291.0218091214342
official_bc,45,324,-291.1523701780482
official_bc,45,325,-285.9326166701831
official_bc,45,326,-288.0928434385169
official_bc,45,327,-287.4431416799
official_bc,45,328,-297.65238069740894
official_bc,45,329,-284.8116231864657
official_bc,45,330,-296.8372363180842
official_bc,45,331,-287.28207031203266
official_bc,45,332,-293.0940689182855
official_bc,45,333,-293.33435741734
official_bc,45,334,-292.736741379156
official_bc,45,335,-298.8326386750829
official_bc,45,336,-296.087391215583
official_bc,45,337,-286.2309727683566
official_bc,45,338,-286.0277343610246
official_bc,45,339,-295.5504071210354
official_bc,45,340,-296.5036779007664
official_bc,45,341,-284.399478715977
official_bc,45,342,-295.1665890477486
official_bc,45,343,-291.9185547436428
official_bc,45,344,-289.4410496090304
official_bc,45,345,-290.20387905810713
official_bc,45,346,-287.16684748582867
official_bc,45,347,-279.4060280178916
official_bc,45,348,-292.0276073957959
official_bc,45,349,-284.60940920232224
official_bc,45,350,-292.24035535392215
official_bc,45,351,-294.0549746198867
official_bc,45,352,-298.1695905675974
official_bc,45,353,-292.40968195083104
official_bc,45,354,-278.8973161797026
official_bc,45,355,-294.6448479387154
official_bc,45,356,-280.70590531858886
official_bc,45,357,-287.6508098604123
official_bc,45,358,-294.32237802201394
official_bc,45,359,-292.10782460661164
official_bc,45,360,-273.3012178717142
official_bc,45,361,-296.924117812255
official_bc,45,362,-291.3264738779977
official_bc,45,363,-292.8791329507359
official_bc,45,364,-293.0026625376206
official_bc,45,365,-288.80697944785226
official_bc,45,366,-291.4401935702299
official_bc,45,367,-288.7375587415517
official_bc,45,368,-288.1231788927687
official_bc,45,369,-285.8227345012261
official_bc,45,370,-291.75051913785506
official_bc,45,371,-295.340179130872
official_bc,45,372,-290.56542213686265
official_bc,45,373,-290.0389557252125
official_bc,45,374,-288.9834699358848
official_bc,45,375,-290.7890647512788
official_bc,45,376,-293.0199378535164
official_bc,45,377,-294.5765687196649
official_bc,45,378,-286.20490421071105
official_bc,45,379,-287.597236894034
official_bc,45,380,-283.5012835655301
official_bc,45,381,-285.6521800558557
official_bc,45,382,-297.3894951934135
official_bc,45,383,-288.675148808477
official_bc,45,384,-289.9717508856155
official_bc,45,385,-277.83284654821364
official_bc,45,386,-298.7220274011538
official_bc,45,387,-293.97575856659364
official_bc,45,388,-291.6685862219998
official_bc,45,389,-283.7658731385942
official_bc,45,390,-299.70760198597475
official_bc,45,391,-292.03503429097
official_bc,45,392,-286.20120083213413
official_bc,45,393,-286.7809943808694
official_bc,45,394,-295.2216771579789
official_bc,45,395,-285.24841090154285
official_bc,45,396,-283.5879835535576
official_bc,45,397,-291.06325437572514
official_bc,45,398,-289.9711184107908
official_bc,45,399,-297.539619916335
official_bc,45,400,-291.96498334428975
official_bc,45,401,-294.4807193312532
official_bc,45,402,-278.74068896251
official_bc,45,403,-292.6597954756122
official_bc,45,404,-300.24822007705814
official_bc,45,405,-288.21325993888445
official_bc,45,406,-294.18266663874715
official_bc,45,407,-296.6733101580536
official_bc,45,408,-294.7792148978598
official_bc,45,409,-288.18392259629707
official_bc,45,410,-289.1063324549725
official_bc,45,411,-284.78896843948445
official_bc,45,412,-296.114601402506
official_bc,45,413,-290.30281743609953
official_bc,45,414,-283.8507941728627
official_bc,45,415,-283.51032437275313
official_bc,45,416,-291.5354665087098
official_bc,45,417,-292.8986850405343
official_bc,45,418,-288.0090581625729
official_bc,45,419,-289.64252633278136
official_bc,45,420,-287.76328635184507
official_bc,45,421,-298.1339188403395
official_bc,45,422,-282.2010639114675
official_bc,45,423,-293.3239974917276
official_bc,45,424,-293.37577397541753
official_bc,45,425,-294.8203145826906
official_bc,45,426,-296.40169633256414
official_bc,45,427,-281.681204692694
official_bc,45,428,-292.5684368858615
official_bc,45,429,-290.41347580913816
official_bc,45,430,-267.7851335867798
official_bc,45,431,-294.7177686273535
official_bc,45,432,-282.7351931940456
official_bc,45,433,-291.4832665884968
official_bc,45,434,-289.95964685646624
official_bc,45,435,-289.768698220212
official_bc,45,436,-297.55623197923495
official_bc,45,437,-298.08691019354995
official_bc,45,438,-293.386734267366
official_bc,45,439,-292.9848605419603
official_bc,45,440,-300.53356999332584
official_bc,45,441,-294.6422532028936
official_bc,45,442,-290.8330011115761
official_bc,45,443,-290.4626425761425
official_bc,45,444,-283.3509728482715
official_bc,45,445,-291.4090094451214
official_bc,45,446,-291.4304670625283
official_bc,45,447,-290.5855279659033
official_bc,45,448,-287.40136039219897
official_bc,45,449,-287.07374893311686
official_bc,45,450,-290.98487520052834
official_bc,45,451,-292.6013908233782
official_bc,45,452,-285.7480985179387
official_bc,45,453,-288.07951345882174
official_bc,45,454,-280.3508352105838
official_bc,45,455,-282.81196917927457
official_bc,45,456,-297.0955318438365
official_bc,45,457,-292.64870681643185
official_bc,45,458,-292.2121188817123
official_bc,45,459,-280.6676492784767
official_bc,45,460,-290.1706792394887
official_bc,45,461,-292.34375722876234
official_bc,45,462,-294.482518470294
official_bc,45,463,-299.33759651824323
official_bc,45,464,-294.9572211605798
official_bc,45,465,-290.72971888501667
official_bc,45,466,-292.6630405777173
official_bc,45,467,-287.1782703863302
official_bc,45,468,-294.96548672791516
official_bc,45,469,-289.47150980285863
official_bc,45,470,-286.77919460310284
official_bc,45,471,-292.7452253709469
official_bc,45,472,-281.064256855585
official_bc,45,473,-295.20177356042296
official_bc,45,474,-291.4163860270027
official_bc,45,475,-285.8780917896192
official_bc,45,476,-287.5892754259855
official_bc,45,477,-273.38042312663936
official_bc,45,478,-282.8552752605721
official_bc,45,479,-296.13776185447557
official_bc,45,480,-293.30159470016355
official_bc,45,481,-287.76765360628883
official_bc,45,482,-290.28451770730635
official_bc,45,483,-297.0946411918636
official_bc,45,484,-287.89503249756774
official_bc,45,485,-293.0874299205741
official_bc,45,486,-293.25936233678505
official_bc,45,487,-291.21366760731456
official_bc,45,488,-290.6499302512145
official_bc,45,489,-292.72736835324054
official_bc,45,490,-277.0018597138435
official_bc,45,491,-289.8250916637249
official_bc,45,492,-275.9021248777692
official_bc,45,493,-290.8210210962238
official_bc,45,494,-298.5091283203054
official_bc,45,495,-286.77066266875227
official_bc,45,496,-289.22049148321867
official_bc,45,497,-289.34774254335315
official_bc,45,498,-293.14048434310916
official_bc,45,499,-294.81526583300865
official_bc,45,500,-298.16659641859167
official_bc,45,501,-287.96185858495994
official_bc,45,502,-296.214526242269
official_bc,45,503,-281.53345278501166
official_bc,45,504,-283.9715218699309
official_bc,45,505,-283.3912873340904
official_bc,45,506,-295.4209605545718
official_bc,45,507,-288.75900501979504
official_bc,45,508,-295.3717984477356
official_bc,45,509,-291.08192694701336
official_bc,45,510,-296.02005494219407
official_bc,45,511,-288.7913905734953
official_bc,45,512,-294.0697623694835
official_bc,45,513,-297.2578432888705
official_bc,45,514,-290.9150220182921
official_bc,45,515,-295.19193781744576
official_bc,45,516,-295.5749034611202
official_bc,45,517,-290.6135658976097
official_bc,45,518,-291.7352300217444
official_bc,45,519,-289.67251925751486
official_bc,45,520,-286.26801941912686
official_bc,45,521,-289.4298994270079
official_bc,45,522,-281.46934062357764
official_bc,45,523,-293.5553408781878
official_bc,45,524,-290.351435148076
official_bc,45,525,-284.0308918760071
official_bc,45,526,-292.24135940581016
official_bc,45,527,-293.2283074901968
official_bc,45,528,-290.85493556878293
official_bc,45,529,-294.671362366022
official_bc,45,530,-291.18559465560963
official_bc,45,531,-284.7199926403917
official_bc,45,532,-299.27162744810744
official_bc,45,533,-291.4353915920442
official_bc,45,534,-285.5099022898502
official_bc,45,535,-294.4289792746026
official_bc,45,536,-278.7031709822949
official_bc,45,537,-287.3676146103867
official_bc,45,538,-297.8623324795269
official_bc,45,539,-294.94443190190276
official_bc,45,540,-290.54801253494065
official_bc,45,541,-296.2237201718905
official_bc,45,542,-292.3597003689428
official_bc,45,543,-287.5534415592801
official_bc,45,544,-291.726558385206
official_bc,45,545,-279.5970360712121
official_bc,45,546,-294.2393091196557
official_bc,45,547,-284.80034255458514
official_bc,45,548,-292.9720419213215
official_bc,45,549,-294.5779729223208
official_bc,45,550,-293.93366463365663
official_bc,45,551,-283.86177606360064
official_bc,45,552,-295.23272530068334
official_bc,45,553,-289.2094843047102
official_bc,45,554,-289.81772467148903
official_bc,45,555,-292.14624668564204
official_bc,45,556,-282.3721829957416
official_bc,45,557,-288.6205325648653
official_bc,45,558,-287.4273887026244
official_bc,45,559,-282.1994523723495
official_bc,45,560,-285.916787432136
official_bc,45,561,-293.5720325524825
official_bc,45,562,-292.23077085487046
official_bc,45,563,-295.36158847704473
official_bc,45,564,-295.89601165560623
official_bc,45,565,-285.79653730378334
official_bc,45,566,-296.5432354361426
official_bc,45,567,-296.43702342731433
official_bc,45,568,-293.42585608573415
official_bc,45,569,-287.9183518408679
official_bc,45,570,-294.8547788843518
official_bc,45,571,-288.1845711417962
official_bc,45,572,-290.89925041220386
official_bc,45,573,-292.1655636928002
official_bc,45,574,-294.125520171639
official_bc,45,575,-289.84936562610136
official_bc,45,576,-293.01393386818404
official_bc,45,577,-298.001896789875
official_bc,45,578,-292.4756596734505
official_bc,45,579,-285.7954080631488
official_bc,45,580,-287.50888947429104
official_bc,45,581,-290.87526718592864
official_bc,45,582,-280.95720058774697
official_bc,45,583,-289.7932456617511
official_bc,45,584,-299.2952087265206
official_bc,45,585,-293.9988952122771
official_bc,45,586,-293.3510427709952
official_bc,45,587,-283.43408613448923
official_bc,45,588,-297.2150881164435
official_bc,45,589,-298.575892347648
official_bc,45,590,-294.3604948020316
official_bc,45,591,-286.2187745016637
official_bc,45,592,-291.0771144368479
official_bc,45,593,-299.9883737900027
official_bc,45,594,-294.79756812944385
official_bc,45,595,-292.0128406925578
official_bc,45,596,-291.15813196571776
official_bc,45,597,-292.0441956356133
official_bc,45,598,-295.32500828045477
official_bc,45,599,-292.74590483425135
official_bc,45,600,-291.35042996399767
official_bc,45,601,-300.0464346588138
official_bc,45,602,-280.42214212849393
official_bc,45,603,-290.667800173781
official_bc,45,604,-293.0903670425557
official_bc,45,605,-280.91751310731
official_bc,45,606,-274.53064313953564
official_bc,45,607,-294.26355225976147
official_bc,45,608,-292.38345774024697
official_bc,45,609,-283.46399269845745
official_bc,45,610,-282.01308329357926
official_bc,45,611,-291.17117528500285
official_bc,45,612,-284.49659614914754
official_bc,45,613,-294.5286351559747
official_bc,45,614,-297.999467962523
official_bc,45,615,-294.48121439027045
official_bc,45,616,-297.180225845535
official_bc,45,617,-286.17494751147086
official_bc,45,618,-291.82898140783766
official_bc,45,619,-299.9965986863966
official_bc,45,620,-289.7457033385926
official_bc,45,621,-292.6103897776003
official_bc,45,622,-291.0434918998305
official_bc,45,623,-290.1821508165641
official_bc,45,624,-296.0385281591343
official_bc,45,625,-287.2737161514918
official_bc,45,626,-290.0613285918171
official_bc,45,627,-289.5944011124838
official_bc,45,628,-294.00423239723426
official_bc,45,629,-291.23755048555824
official_bc,45,630,-286.7972720806729
official_bc,45,631,-286.40172169578204
official_bc,45,632,-291.87145068097107
official_bc,45,633,-291.1515174776704
official_bc,45,634,-297.82971080960635
official_bc,45,635,-291.41529702970496
official_bc,45,636,-293.4516436567943
official_bc,45,637,-290.19069568504
official_bc,45,638,-288.95197712456286
official_bc,45,639,-281.64390031360836
official_bc,45,640,-289.92923117901773
official_bc,45,641,-289.70572860519405
official_bc,45,642,-295.57573786454395
official_bc,45,643,-287.4741364557949
official_bc,45,644,-282.85827747700114
official_bc,45,645,-285.2929148905297
official_bc,45,646,-294.63505170773647
official_bc,45,647,-293.2365274775327
official_bc,45,648,-287.72484777777333
official_bc,45,649,-286.7237765382946
official_bc,45,650,-293.33820400939214
official_bc,45,651,-293.3112685132144
official_bc,45,652,-296.7383376220586
official_bc,45,653,-290.23398503894435
official_bc,45,654,-298.2227198218296
official_bc,45,655,-280.89870846047813
official_bc,45,656,-294.2843562455027
official_bc,45,657,-290.34699658953843
official_bc,45,658,-293.6288067148051
official_bc,45,659,-279.82486278857004
official_bc,45,660,-288.42246906529397
official_bc,45,661,-292.92539740733207
official_bc,45,662,-291.8322092535278
official_bc,45,663,-292.5983469297388
official_bc,45,664,-288.89473135840825
official_bc,45,665,-293.6104565630621
official_bc,45,666,-295.523297561991
official_bc,45,667,-294.2517900237419
official_bc,45,668,-294.9982952550274
official_bc,45,669,-294.74176923287894
official_bc,45,670,-292.3483082171887
official_bc,45,671,-297.1084137544005
official_bc,45,672,-290.89506062176565
official_bc,45,673,-287.84782843060714
official_bc,45,674,-279.05735941972875
official_bc,45,675,-283.6753168029703
official_bc,45,676,-290.4952234261277
official_bc,45,677,-290.7609576344007
official_bc,45,678,-282.3305347740766
official_bc,45,679,-290.3756728230579
official_bc,45,680,-290.7010583515044
official_bc,45,681,-290.28951521540995
official_bc,45,682,-277.9027372760938
official_bc,45,683,-276.94658208340593
official_bc,45,684,-293.77072256413646
official_bc,45,685,-284.9484800692603
official_bc,45,686,-298.93604038617707
official_bc,45,687,-284.12668877964666
official_bc,45,688,-298.729283884624
official_bc,45,689,-294.527835176897
official_bc,45,690,-288.7327414034187
official_bc,45,691,-292.79581343340067
official_bc,45,692,-288.8464063682326
official_bc,45,693,-295.6630127042985
official_bc,45,694,-288.4090925868019
official_bc,45,695,-288.75144442794834
official_bc,45,696,-283.93033518440353
official_bc,45,697,-288.52106202699173
official_bc,45,698,-279.90608867647137
official_bc,45,699,-295.3624788762358
official_bc,45,700,-293.32119671068716
official_bc,45,701,-293.79298180196236
official_bc,45,702,-296.90471316647535
official_bc,45,703,-278.15463097252626
official_bc,45,704,-298.6693042858346
official_bc,45,705,-285.7674439057928
official_bc,45,706,-287.0072665997533
official_bc,45,707,-291.2900797542425
official_bc,45,708,-288.67374079516316
official_bc,45,709,-289.12153665666824
official_bc,45,710,-295.90318885322006
official_bc,45,711,-295.3417580465526
official_bc,45,712,-290.560264349068
official_bc,45,713,-285.84223100870724
official_bc,45,714,-296.0969252909852
official_bc,45,715,-291.66470531136827
official_bc,45,716,-289.6849527021807
official_bc,45,717,-292.1794196969038
official_bc,45,718,-292.76789660962095
official_bc,45,719,-287.21376057879706
official_bc,45,720,-293.569987863768
official_bc,45,721,-288.4723297478355
official_bc,45,722,-294.47114726341204
official_bc,45,723,-288.23230157958585
official_bc,45,724,-294.3021590189083
official_bc,45,725,-291.1212415858514
official_bc,45,726,-290.0121283734504
official_bc,45,727,-288.06969056867223
official_bc,45,728,-293.4400341107995
official_bc,45,729,-293.1299739153449
official_bc,45,730,-293.83855324735123
official_bc,45,731,-293.16263191293467
official_bc,45,732,-285.67066696635857
official_bc,45,733,-292.0063533879038
official_bc,45,734,-293.93044504263503
official_bc,45,735,-287.2486708308057
official_bc,45,736,-294.9645805223598
official_bc,45,737,-279.57291523977267
official_bc,45,738,-291.2375362474612
official_bc,45,739,-286.5942966406197
official_bc,45,740,-296.0829039573551
official_bc,45,741,-289.25868560984054
official_bc,45,742,-285.3467322883758
official_bc,45,743,-287.3839394550238
official_bc,45,744,-295.5710152777109
official_bc,45,745,-292.7715281562015
official_bc,45,746,-292.51123674758367
official_bc,45,747,-291.23179788234313
official_bc,45,748,-294.7457711652925
official_bc,45,749,-288.4058308918984
official_bc,45,750,-280.4823535896155
official_bc,45,751,-290.12063337327635
official_bc,45,752,-293.65690667316926
official_bc,45,753,-287.64410297155507
official_bc,45,754,-294.45825362227885
official_bc,45,755,-281.4519043831843
official_bc,45,756,-286.4463999730253
official_bc,45,757,-291.7859492645656
official_bc,45,758,-285.9335746194968
official_bc,45,759,-287.8369198400427
official_bc,45,760,-290.10579627654465
official_bc,45,761,-296.70884344130263
official_bc,45,762,-295.4975106747918
official_bc,45,763,-288.3967147759426
official_bc,45,764,-286.8939451946839
official_bc,45,765,-290.3058137175922
official_bc,45,766,-297.3111507515488
official_bc,45,767,-284.7426830745752
official_bc,45,768,-288.694849457042
official_bc,45,769,-296.5617767356707
official_bc,45,770,-294.85243697791304
official_bc,45,771,-294.3428828678438
official_bc,45,772,-291.44234818978424
official_bc,45,773,-272.26050488774257
official_bc,45,774,-282.9048308365342
official_bc,45,775,-296.9246963717331
official_bc,45,776,-286.7780484702217
official_bc,45,777,-289.44756004460044
official_bc,45,778,-291.2463454787792
official_bc,45,779,-293.138735528467
official_bc,45,780,-289.4059646832037
official_bc,45,781,-290.27208626763957
official_bc,45,782,-289.6324476306862
official_bc,45,783,-288.1209127016152
official_bc,45,784,-295.5488550791496
official_bc,45,785,-295.4797424592526
official_bc,45,786,-291.1473047647196
official_bc,45,787,-276.28817213766865
official_bc,45,788,-287.41221100592145
official_bc,45,789,-290.84155602692095
official_bc,45,790,-290.53384363043415
official_bc,45,791,-288.28634003271947
official_bc,45,792,-291.973018346246
official_bc,45,793,-286.70161605424005
official_bc,45,794,-281.582880834152
official_bc,45,795,-285.209203930475
official_bc,45,796,-283.60561158941755
official_bc,45,797,-288.6031548064991
official_bc,45,798,-297.41861919879796
official_bc,45,799,-291.22014023427397
official_bc,45,800,-291.6603686437886
official_bc,45,801,-287.104368656287
official_bc,45,802,-291.38797031690183
official_bc,45,803,-296.83384030041964
official_bc,45,804,-289.0116125839237
official_bc,45,805,-299.5061766767451
official_bc,45,806,-285.6180299956508
official_bc,45,807,-294.10248958251225
official_bc,45,808,-278.5308514710578
official_bc,45,809,-295.7885480641887
official_bc,45,810,-275.91925334117786
official_bc,45,811,-294.207556427013
official_bc,45,812,-288.1270306821641
official_bc,45,813,-289.03199993277843
official_bc,45,814,-285.4273942719664
official_bc,45,815,-284.7033562711142
official_bc,45,816,-279.61080777473177
official_bc,45,817,-286.9020789663477
official_bc,45,818,-275.0981654987443
official_bc,45,819,-292.65740738799036
official_bc,45,820,-287.8723126387333
official_bc,45,821,-293.52387571084654
official_bc,45,822,-302.27690778493707
official_bc,45,823,-295.349227404654
official_bc,45,824,-296.06878488096925
official_bc,45,825,-292.24437143603865
official_bc,45,826,-292.6532241523752
official_bc,45,827,-297.744385586885
official_bc,45,828,-290.5212138695765
official_bc,45,829,-296.4760037755288
official_bc,45,830,-292.57648170402246
official_bc,45,831,-292.1992795098118
official_bc,45,832,-286.3089790271445
official_bc,45,833,-283.4118618984608
official_bc,45,834,-282.01862132980364
official_bc,45,835,-284.3367037954464
official_bc,45,836,-286.05848720058134
official_bc,45,837,-285.6278704185246
official_bc,45,838,-291.69541825671155
official_bc,45,839,-292.3918325695094
official_bc,45,840,-289.9978921478041
official_bc,45,841,-301.3918461065649
official_bc,45,842,-296.7836206184066
official_bc,45,843,-298.94252169647945
official_bc,45,844,-295.04999573197006
official_bc,45,845,-297.8959365488266
official_bc,45,846,-298.0264254853953
official_bc,45,847,-293.1353905369963
official_bc,45,848,-292.46913976354165
official_bc,45,849,-291.3941751148069
official_bc,45,850,-270.2020326309787
official_bc,45,851,-296.7522827801548
official_bc,45,852,-290.76692722662534
official_bc,45,853,-288.3300703499381
official_bc,45,854,-288.37125687933235
official_bc,45,855,-294.8883560314106
official_bc,45,856,-295.80780069257344
official_bc,45,857,-288.5614292339442
official_bc,45,858,-295.7081045396079
official_bc,45,859,-287.342032938142
official_bc,45,860,-293.89982044378655
official_bc,45,861,-286.1437147776412
official_bc,45,862,-295.0737846371608
official_bc,45,863,-292.73595987092045
official_bc,45,864,-291.114914323848
official_bc,45,865,-294.19442962271165
official_bc,45,866,-296.8376642851279
official_bc,45,867,-292.13902076135497
official_bc,45,868,-283.3388434059121
official_bc,45,869,-292.7348280767682
official_bc,45,870,-296.24949879274004
official_bc,45,871,-286.5888964398278
official_bc,45,872,-289.1532942877732
official_bc,45,873,-287.2213102926976
official_bc,45,874,-286.6106362250832
official_bc,45,875,-288.2464400387064
official_bc,45,876,-284.96382824034634
official_bc,45,877,-282.1907400986585
official_bc,45,878,-291.2915849823575
official_bc,45,879,-286.98632319826584
official_bc,45,880,-295.2540080410295
official_bc,45,881,-285.5766375980328
official_bc,45,882,-297.4791288737964
official_bc,45,883,-284.2101803149658
official_bc,45,884,-294.60335172969314
official_bc,45,885,-295.56086621982234
official_bc,45,886,-296.3653367289878
official_bc,45,887,-300.1710014095116
official_bc,45,888,-298.8254493122168
official_bc,45,889,-296.2660956222915
official_bc,45,890,-285.08810783906097
official_bc,45,891,-284.1803567682897
official_bc,45,892,-292.35274983831624
official_bc,45,893,-291.2808031249838
official_bc,45,894,-274.41818887880265
official_bc,45,895,-288.59642707370347
official_bc,45,896,-286.3211857500071
official_bc,45,897,-285.04217039501526
official_bc,45,898,-290.709185001132
official_bc,45,899,-291.20182509680103
official_bc,45,900,-286.5848298421263
official_bc,45,901,-290.7613109558083
official_bc,45,902,-289.24739002064115
official_bc,45,903,-294.78518830781104
official_bc,45,904,-295.9498230409663
official_bc,45,905,-297.5833662226056
official_bc,45,906,-282.4008124127531
official_bc,45,907,-290.90706905998684
official_bc,45,908,-296.19751125300553
official_bc,45,909,-293.39546862385816
official_bc,45,910,-297.4304027508178
official_bc,45,911,-292.2570071448409
official_bc,45,912,-276.71511048816296
official_bc,45,913,-291.42815473908746
official_bc,45,914,-288.4704568862628
official_bc,45,915,-288.3628756441975
official_bc,45,916,-284.09241569548635
official_bc,45,917,-292.81215404988745
official_bc,45,918,-283.06184920876547
official_bc,45,919,-284.58586372765524
official_bc,45,920,-286.1816205719494
official_bc,45,921,-291.73851022739206
official_bc,45,922,-293.4614467763212
official_bc,45,923,-293.9339029561883
official_bc,45,924,-299.5958083475067
official_bc,45,925,-294.5897131881061
official_bc,45,926,-288.4180320100876
official_bc,45,927,-288.77804818239326
official_bc,45,928,-294.8969780093447
official_bc,45,929,-286.5522163983273
official_bc,45,930,-287.82056952023754
official_bc,45,931,-281.5786600651066
official_bc,45,932,-299.19762077619873
official_bc,45,933,-282.97346449209965
official_bc,45,934,-296.5746517273257
official_bc,45,935,-296.19986183771783
official_bc,45,936,-291.992983225339
official_bc,45,937,-295.70467997100207
official_bc,45,938,-285.72111580761305
official_bc,45,939,-296.8614197205634
official_bc,45,940,-285.8696119449646
official_bc,45,941,-290.8345658640131
official_bc,45,942,-288.9300244075059
official_bc,45,943,-277.7289192602224
official_bc,45,944,-284.7051989288269
official_bc,45,945,-290.39501863876967
official_bc,45,946,-293.9711397700569
official_bc,45,947,-288.3468328001343
official_bc,45,948,-293.70220268803644
official_bc,45,949,-295.0846559457013
official_bc,45,950,-299.2680696398643
official_bc,45,951,-284.56432603423673
official_bc,45,952,-287.46652599049145
official_bc,45,953,-286.90549352507253
official_bc,45,954,-292.04474575135885
official_bc,45,955,-288.0913364765663
official_bc,45,956,-287.1899251585203
official_bc,45,957,-291.24235061347446
official_bc,45,958,-293.9719930131611
official_bc,45,959,-287.3132529351494
official_bc,45,960,-294.80565742113225
official_bc,45,961,-296.120197397574
official_bc,45,962,-296.11226634397246
official_bc,45,963,-284.1451196387501
official_bc,45,964,-281.6120543728631
official_bc,45,965,-293.33778876039696
official_bc,45,966,-292.0702875950448
official_bc,45,967,-294.6536025720185
official_bc,45,968,-285.6982006828172
official_bc,45,969,-290.603970240042
official_bc,45,970,-296.9645776562683
official_bc,45,971,-294.35337952594085
official_bc,45,972,-285.3006363333673
official_bc,45,973,-289.3113600435488
official_bc,45,974,-280.8864279006626
official_bc,45,975,-293.66394986147134
official_bc,45,976,-286.618416951714
official_bc,45,977,-297.1672830902327
official_bc,45,978,-296.8783465541011
official_bc,45,979,-284.71504092919673
official_bc,45,980,-288.25920410083427
official_bc,45,981,-291.68365231462803
official_bc,45,982,-295.42723286786656
official_bc,45,983,-292.95322711507555
official_bc,45,984,-294.16095300036494
official_bc,45,985,-294.8466754935412
official_bc,45,986,-296.74150025675954
official_bc,45,987,-286.02798509205337
official_bc,45,988,-293.76371529521475
official_bc,45,989,-295.54179404802517
official_bc,45,990,-290.8666945361692
official_bc,45,991,-296.4871918166118
official_bc,45,992,-286.5454480832796
official_bc,45,993,-293.4876228891305
official_bc,45,994,-293.1493401197049
official_bc,45,995,-290.93839982923566
official_bc,45,996,-287.01031932172276
official_bc,45,997,-290.6947966147659
official_bc,45,998,-290.7682020458969
official_bc,45,999,-282.4449222650221
official_bc,45,1000,-290.80776937133413
official_bc,46,1,-213.53020172966404
official_bc,46,2,-208.61717172926032
official_bc,46,3,-224.58751562435856
official_bc,46,4,-208.82656273166052
official_bc,46,5,-192.2673480479503
official_bc,46,6,-208.58462773285564
official_bc,46,7,-234.71991957060965
official_bc,46,8,-267.3564628969693
official_bc,46,9,-205.6336395649348
official_bc,46,10,-235.1052395134492
official_bc,46,11,-164.5376949443812
official_bc,46,12,-206.58414827430437
official_bc,46,13,-219.48342461415223
official_bc,46,14,-159.64668199240606
official_bc,46,15,-181.90440230014215
official_bc,46,16,-245.1786632274746
official_bc,46,17,-271.5100205093294
official_bc,46,18,-217.88272537854948
official_bc,46,19,-242.56030959625997
official_bc,46,20,-271.1228303587768
official_bc,46,21,-290.18121688201137
official_bc,46,22,-303.1530860583164
official_bc,46,23,-191.20612883755632
official_bc,46,24,-171.97087894197207
official_bc,46,25,-292.13819867725977
official_bc,46,26,-264.31912788508276
official_bc,46,27,-177.33144631051175
official_bc,46,28,-290.5308152838228
official_bc,46,29,-158.8071568858052
official_bc,46,30,-266.4942873048426
official_bc,46,31,-263.7576381196331
official_bc,46,32,-258.48998484783846
official_bc,46,33,-234.19667701753804
official_bc,46,34,-227.59296641555892
official_bc,46,35,-275.0940469840477
official_bc,46,36,-284.7097355469644
official_bc,46,37,-286.61518609267154
official_bc,46,38,-282.6193261933327
official_bc,46,39,-277.1113865463102
official_bc,46,40,-282.77548051178076
official_bc,46,41,-277.31120565789445
official_bc,46,42,-273.37282480181045
official_bc,46,43,-286.8840970346297
official_bc,46,44,-276.5394546597747
official_bc,46,45,-269.3052300337892
official_bc,46,46,-277.67868466320857
official_bc,46,47,-281.8723175878632
official_bc,46,48,-277.42473302348697
official_bc,46,49,-277.463713085131
official_bc,46,50,-280.773173998095
official_bc,46,51,-282.80298022900706
official_bc,46,52,-278.1579443860622
official_bc,46,53,-290.01365842014036
official_bc,46,54,-285.23897801654323
official_bc,46,55,-299.49932380523194
official_bc,46,56,-301.1649246872299
official_bc,46,57,-292.51805896064764
official_bc,46,58,-307.7679446248178
official_bc,46,59,-298.70664423346153
official_bc,46,60,-298.4963496264528
official_bc,46,61,-296.1925300479151
official_bc,46,62,-297.16220752446935
official_bc,46,63,-287.2556080835154
official_bc,46,64,-295.53783085443894
official_bc,46,65,-283.89722289083943
official_bc,46,66,-293.1012883430353
official_bc,46,67,-285.40949707348
official_bc,46,68,-285.2967258980975
official_bc,46,69,-283.2556106555306
official_bc,46,70,-281.8209969534717
official_bc,46,71,-278.79255287491355
official_bc,46,72,-281.3691162094577
official_bc,46,73,-282.9278600734845
official_bc,46,74,-278.3357270070771
official_bc,46,75,-288.32646048709637
official_bc,46,76,-290.4254113052051
official_bc,46,77,-294.14986872453045
official_bc,46,78,-291.2056246153698
official_bc,46,79,-290.8136913388628
official_bc,46,80,-295.03192331150075
official_bc,46,81,-287.2797855017146
official_bc,46,82,-295.01704480858405
official_bc,46,83,-286.38772962421467
official_bc,46,84,-295.18714582466714
official_bc,46,85,-299.2647457561651
official_bc,46,86,-283.90870311119755
official_bc,46,87,-275.99701310342175
official_bc,46,88,-287.63071541637487
official_bc,46,89,-288.3407849789229
official_bc,46,90,-288.69824485013777
official_bc,46,91,-288.40110937037247
official_bc,46,92,-287.11375334621255
official_bc,46,93,-292.2508477198765
official_bc,46,94,-282.9584956793751
official_bc,46,95,-293.0982800297189
official_bc,46,96,-285.56708172693726
official_bc,46,97,-277.51671682415446
official_bc,46,98,-292.2729462645761
official_bc,46,99,-290.23513057274124
official_bc,46,100,-286.2572562868398
official_bc,46,101,-293.3500859237462
official_bc,46,102,-286.8851458920838
official_bc,46,103,-289.91967660091154
official_bc,46,104,-287.96215807331686
official_bc,46,105,-289.47983483799163
official_bc,46,106,-283.23939874587563
official_bc,46,107,-280.87675478034566
official_bc,46,108,-290.81350003904265
official_bc,46,109,-271.8932762074179
official_bc,46,110,-283.3746293109308
official_bc,46,111,-290.3588832297629
official_bc,46,112,-289.2398193790686
official_bc,46,113,-288.8982054577843
official_bc,46,114,-290.9688374157779
official_bc,46,115,-278.8307618217281
official_bc,46,116,-297.13752154623313
official_bc,46,117,-292.1658235294534
official_bc,46,118,-288.2229746381205
official_bc,46,119,-297.6675349622742
official_bc,46,120,-297.8317715400389
official_bc,46,121,-292.8851959764745
official_bc,46,122,-291.1159570256449
official_bc,46,123,-288.14506832233957
official_bc,46,124,-277.67359434285936
official_bc,46,125,-281.6855256116047
official_bc,46,126,-285.35784548234847
official_bc,46,127,-290.44152128582346
official_bc,46,128,-275.4334045758862
official_bc,46,129,-286.51946023377394
official_bc,46,130,-287.4518203387251
official_bc,46,131,-293.29937210745953
official_bc,46,132,-289.10217597806667
official_bc,46,133,-280.0781727619257
official_bc,46,134,-284.09452771567203
official_bc,46,135,-285.32039743684174
official_bc,46,136,-287.91001126978443
official_bc,46,137,-295.6954486673396
official_bc,46,138,-289.00913233491804
official_bc,46,139,-292.9348345061614
official_bc,46,140,-291.9645998276802
official_bc,46,141,-293.25326361027123
official_bc,46,142,-295.3184864086088
official_bc,46,143,-289.4036250521341
official_bc,46,144,-290.49467136259915
official_bc,46,145,-282.09636116714387
official_bc,46,146,-293.3833919612656
official_bc,46,147,-294.00147413852045
official_bc,46,148,-289.57442542874503
official_bc,46,149,-282.7858829420509
official_bc,46,150,-293.3172429850351
official_bc,46,151,-285.3724728682066
official_bc,46,152,-295.67593187609674
official_bc,46,153,-287.3577439805495
official_bc,46,154,-286.895810227314
official_bc,46,155,-289.70193868918
official_bc,46,156,-281.3883616477005
official_bc,46,157,-291.62777652457703
official_bc,46,158,-281.8944728565852
official_bc,46,159,-284.4344961601016
official_bc,46,160,-295.8243233804603
official_bc,46,161,-289.84515776901276
official_bc,46,162,-283.8924987011666
official_bc,46,163,-288.3930763190855
official_bc,46,164,-293.2385371518698
official_bc,46,165,-295.37243814466217
official_bc,46,166,-286.1436393597526
official_bc,46,167,-289.6921909247859
official_bc,46,168,-290.06522209989816
official_bc,46,169,-299.5245498872356
official_bc,46,170,-287.0249809956744
official_bc,46,171,-297.4681991840753
official_bc,46,172,-287.14084196931043
official_bc,46,173,-293.4568615708574
official_bc,46,174,-288.22106457920256
official_bc,46,175,-294.9727804414546
official_bc,46,176,-291.6129337668738
official_bc,46,177,-293.6228999702939
official_bc,46,178,-290.9262019601134
official_bc,46,179,-295.40724270513175
official_bc,46,180,-288.65382813458325
official_bc,46,181,-294.78930167498413
official_bc,46,182,-290.7327267559295
official_bc,46,183,-293.0197311838359
official_bc,46,184,-286.0639547048951
official_bc,46,185,-286.3630761611057
official_bc,46,186,-291.2380574814684
official_bc,46,187,-295.2915243688718
official_bc,46,188,-291.36689688833064
official_bc,46,189,-280.0207076196744
official_bc,46,190,-295.61303327599086
official_bc,46,191,-291.902196648078
official_bc,46,192,-298.42644985787786
official_bc,46,193,-286.3621345586592
official_bc,46,194,-292.48338004146933
official_bc,46,195,-289.4456587256411
official_bc,46,196,-296.17238986936013
official_bc,46,197,-293.7223985119924
official_bc,46,198,-284.8817433028795
official_bc,46,199,-294.29335660605784
official_bc,46,200,-291.76057749803863
official_bc,46,201,-292.9492952179488
official_bc,46,202,-294.9642955940186
official_bc,46,203,-294.3553957451936
official_bc,46,204,-285.15933558538404
official_bc,46,205,-281.4195909126404
official_bc,46,206,-289.9116790760331
official_bc,46,207,-282.58921579029163
official_bc,46,208,-287.0248959394242
official_bc,46,209,-286.8807135254937
official_bc,46,210,-289.2718569951659
official_bc,46,211,-292.381264414169
official_bc,46,212,-288.9433485566875
official_bc,46,213,-289.5197368404866
official_bc,46,214,-292.84156359498263
official_bc,46,215,-295.37436940206976
official_bc,46,216,-295.4306825165619
official_bc,46,217,-287.56126316147777
official_bc,46,218,-297.0494937989902
official_bc,46,219,-285.291105927343
official_bc,46,220,-292.7095254096214
official_bc,46,221,-296.29395694291077
official_bc,46,222,-291.0364553857306
official_bc,46,223,-295.3403612802639
official_bc,46,224,-294.15454345934825
official_bc,46,225,-286.9823395810747
official_bc,46,226,-292.352863856642
official_bc,46,227,-290.94090706444496
official_bc,46,228,-298.1974174206058
official_bc,46,229,-285.64670193992396
official_bc,46,230,-287.8225582525988
official_bc,46,231,-292.8875978844406
official_bc,46,232,-293.82155900918775
official_bc,46,233,-285.099957926722
official_bc,46,234,-289.2179977447076
official_bc,46,235,-288.9197911905221
official_bc,46,236,-286.377498010443
official_bc,46,237,-294.1040415881756
official_bc,46,238,-289.7410571390186
official_bc,46,239,-294.94355567681527
official_bc,46,240,-296.73781890043233
official_bc,46,241,-295.821739038925
official_bc,46,242,-294.8360557716088
official_bc,46,243,-297.9923603694218
official_bc,46,244,-287.87140023778
official_bc,46,245,-291.614866713946
official_bc,46,246,-298.96833776872523
official_bc,46,247,-281.9240581032712
official_bc,46,248,-295.5876212973226
official_bc,46,249,-283.42575252505185
official_bc,46,250,-291.27408556570333
official_bc,46,251,-284.899722019086
official_bc,46,252,-293.23303462701404
official_bc,46,253,-291.36991417687597
official_bc,46,254,-298.9804985807238
official_bc,46,255,-282.55976148496313
official_bc,46,256,-291.20886110167095
official_bc,46,257,-296.3413947131809
official_bc,46,258,-292.71541032040005
official_bc,46,259,-297.1945808269695
official_bc,46,260,-296.6029237571847
official_bc,46,261,-294.5306757076786
official_bc,46,262,-294.4923122819463
official_bc,46,263,-295.25269463240454
official_bc,46,264,-291.86813831793705
official_bc,46,265,-288.8896901136992
official_bc,46,266,-278.3756543880737
official_bc,46,267,-285.6613057755212
official_bc,46,268,-286.92286627357436
official_bc,46,269,-294.9650770498398
official_bc,46,270,-281.4614516227496
official_bc,46,271,-289.7653436875503
official_bc,46,272,-286.2282009065535
official_bc,46,273,-293.1735601927801
official_bc,46,274,-289.9777599575435
official_bc,46,275,-297.00405654418665
official_bc,46,276,-292.9804325063476
official_bc,46,277,-291.50868971380805
official_bc,46,278,-290.2262010331098
official_bc,46,279,-297.7715965250143
official_bc,46,280,-298.26454376603357
official_bc,46,281,-281.204250003268
official_bc,46,282,-284.975908374112
official_bc,46,283,-289.780440623062
official_bc,46,284,-296.13543698271195
official_bc,46,285,-285.3342202262917
official_bc,46,286,-285.89189944898203
official_bc,46,287,-293.5738043063967
official_bc,46,288,-282.3363225734106
official_bc,46,289,-288.06332961027374
official_bc,46,290,-293.8736573777286
official_bc,46,291,-288.87645680275284
official_bc,46,292,-300.51476129676564
official_bc,46,293,-294.1284399654968
official_bc,46,294,-296.6991923510361
official_bc,46,295,-290.31432638037626
official_bc,46,296,-294.5785249044997
official_bc,46,297,-288.39977212342626
official_bc,46,298,-278.1988331334226
official_bc,46,299,-293.72704315467615
official_bc,46,300,-291.1427587545138
official_bc,46,301,-279.07065194631906
official_bc,46,302,-291.019437690044
official_bc,46,303,-290.1026491050014
official_bc,46,304,-296.29273381664837
official_bc,46,305,-286.35224242204646
official_bc,46,306,-289.43805022787205
official_bc,46,307,-289.22073287521016
official_bc,46,308,-294.8122305692995
official_bc,46,309,-288.4139676583149
official_bc,46,310,-290.1419668809458
official_bc,46,311,-291.4929377129523
official_bc,46,312,-287.03292772282816
official_bc,46,313,-295.0709506217371
official_bc,46,314,-284.83023504832687
official_bc,46,315,-281.50498371914097
official_bc,46,316,-290.2136129995231
official_bc,46,317,-292.81122041674536
official_bc,46,318,-297.71684793228724
official_bc,46,319,-288.4967639211851
official_bc,46,320,-293.6396375830274
official_bc,46,321,-296.2691964097969
official_bc,46,322,-289.512541963662
official_bc,46,323,-281.8575954250982
official_bc,46,324,-292.22412601961594
official_bc,46,325,-287.22709109797216
official_bc,46,326,-285.2355230192096
official_bc,46,327,-295.82934120733654
official_bc,46,328,-292.7056155279628
official_bc,46,329,-286.1105091845278
official_bc,46,330,-284.54889880960263
official_bc,46,331,-294.60140038090293
official_bc,46,332,-286.9686362515307
official_bc,46,333,-283.504353158492
official_bc,46,334,-295.2258249082608
official_bc,46,335,-294.55623015112315
official_bc,46,336,-295.9727548090365
official_bc,46,337,-292.6122735204394
official_bc,46,338,-279.91149745923633
official_bc,46,339,-295.19487420681185
official_bc,46,340,-292.28578973087036
official_bc,46,341,-296.6341232713293
official_bc,46,342,-296.2057849066692
official_bc,46,343,-284.83266851982376
official_bc,46,344,-285.2106531507281
official_bc,46,345,-290.20421685078315
official_bc,46,346,-288.90502058684433
official_bc,46,347,-289.8694205471131
official_bc,46,348,-290.7136560102169
official_bc,46,349,-286.5750823412378
official_bc,46,350,-293.99717915523183
official_bc,46,351,-288.9243829299219
official_bc,46,352,-290.59302021940425
official_bc,46,353,-295.48064234253314
official_bc,46,354,-292.6734989163623
official_bc,46,355,-295.5787858722705
official_bc,46,356,-290.4146849482149
official_bc,46,357,-282.67030481019435
official_bc,46,358,-297.83539934054846
official_bc,46,359,-291.29086293197054
official_bc,46,360,-283.5155080942859
official_bc,46,361,-295.46692846209396
official_bc,46,362,-294.358131733831
official_bc,46,363,-290.21736666185035
official_bc,46,364,-285.1590959748046
official_bc,46,365,-276.6086210105916
official_bc,46,366,-298.03214894693883
official_bc,46,367,-294.22991564557447
official_bc,46,368,-291.7503842691094
official_bc,46,369,-287.15533839679716
official_bc,46,370,-292.6553335624277
official_bc,46,371,-293.7469481270682
official_bc,46,372,-286.155870240022
official_bc,46,373,-290.23895489455145
official_bc,46,374,-285.99371202218674
official_bc,46,375,-292.3108317138456
official_bc,46,376,-293.92174178538625
official_bc,46,377,-283.3897739147105
official_bc,46,378,-293.5236638382396
official_bc,46,379,-295.2572962016576
official_bc,46,380,-293.0316599571684
official_bc,46,381,-291.2782121487309
official_bc,46,382,-296.1819396727816
official_bc,46,383,-296.33511327004373
official_bc,46,384,-292.0447579279195
official_bc,46,385,-294.821026547604
official_bc,46,386,-285.46962133178056
official_bc,46,387,-289.72109356417457
official_bc,46,388,-280.60811961163097
official_bc,46,389,-294.78556325428445
official_bc,46,390,-298.7991043337228
official_bc,46,391,-287.83296659019953
official_bc,46,392,-290.1547477773844
official_bc,46,393,-293.62529761573626
official_bc,46,394,-293.88119095187204
official_bc,46,395,-288.540483722774
official_bc,46,396,-288.7083514684167
official_bc,46,397,-282.1955346304976
official_bc,46,398,-285.3058822145855
official_bc,46,399,-290.7218688751846
official_bc,46,400,-293.235027927411
official_bc,46,401,-294.1558557033414
official_bc,46,402,-272.65455816895576
official_bc,46,403,-294.98678179213596
official_bc,46,404,-294.65958159865806
official_bc,46,405,-288.63068735655213
official_bc,46,406,-289.1200342792305
official_bc,46,407,-299.6483835181178
official_bc,46,408,-294.21165713845903
official_bc,46,409,-293.52321826665883
official_bc,46,410,-293.0565740000251
official_bc,46,411,-290.8426426806827
official_bc,46,412,-287.6150160718896
official_bc,46,413,-288.60742791158566
official_bc,46,414,-293.08017345940704
official_bc,46,415,-283.58634593719756
official_bc,46,416,-291.95201725773626
official_bc,46,417,-294.6304188716698
official_bc,46,418,-290.98013614098994
official_bc,46,419,-289.2024847261084
official_bc,46,420,-290.80888019340597
official_bc,46,421,-288.27066804757493
official_bc,46,422,-287.7844449079664
official_bc,46,423,-288.59479465381895
official_bc,46,424,-290.6984543375016
official_bc,46,425,-291.5672921946933
official_bc,46,426,-283.96800583023
official_bc,46,427,-294.39664156945713
official_bc,46,428,-293.7452336262861
official_bc,46,429,-297.0258044586243
official_bc,46,430,-290.1596348145665
official_bc,46,431,-292.83312227900524
official_bc,46,432,-278.82227424208475
official_bc,46,433,-291.6005133317971
official_bc,46,434,-290.68429577178017
official_bc,46,435,-289.56809249868707
official_bc,46,436,-292.47746439369155
official_bc,46,437,-289.52564224138104
official_bc,46,438,-288.93752373070157
official_bc,46,439,-283.9441963729727
official_bc,46,440,-283.27853986225915
official_bc,46,441,-290.54998871853456
official_bc,46,442,-291.71645935814036
official_bc,46,443,-292.8320692345142
official_bc,46,444,-295.6594940323558
official_bc,46,445,-291.3023106210713
official_bc,46,446,-277.3105578064569
official_bc,46,447,-292.4344171455068
official_bc,46,448,-281.5980205594689
official_bc,46,449,-296.91259957104523
official_bc,46,450,-289.4177475046991
official_bc,46,451,-294.31753912721945
official_bc,46,452,-301.24913684179717
official_bc,46,453,-298.2679100967106
official_bc,46,454,-297.46651687954017
official_bc,46,455,-290.6656201042487
official_bc,46,456,-295.60861797519453
official_bc,46,457,-287.44492453988323
official_bc,46,458,-294.0679447791596
official_bc,46,459,-282.3357346867974
official_bc,46,460,-291.5697287088193
official_bc,46,461,-289.38040863086246
official_bc,46,462,-294.8738355498648
official_bc,46,463,-280.60904750134716
official_bc,46,464,-296.3277681160985
official_bc,46,465,-294.63304042696495
official_bc,46,466,-294.79857296581974
official_bc,46,467,-293.9019512393311
official_bc,46,468,-293.662896614962
official_bc,46,469,-294.59359309263425
official_bc,46,470,-289.96731062084905
official_bc,46,471,-290.2047354400893
official_bc,46,472,-288.1654954676227
official_bc,46,473,-294.330540331798
official_bc,46,474,-290.6173512592186
official_bc,46,475,-293.5553502175463
official_bc,46,476,-291.6174109438253
official_bc,46,477,-281.5554050108438
official_bc,46,478,-290.697546325323
official_bc,46,479,-286.14585601247256
official_bc,46,480,-286.07757918503916
official_bc,46,481,-279.75325496647537
official_bc,46,482,-286.18419348443956
official_bc,46,483,-283.4842735528896
official_bc,46,484,-293.16249844787745
official_bc,46,485,-297.72403652735903
official_bc,46,486,-294.0625022110074
official_bc,46,487,-295.77097507706026
official_bc,46,488,-292.3659959327539
official_bc,46,489,-292.3496476402961
official_bc,46,490,-295.07383603267147
official_bc,46,491,-300.62790994720797
official_bc,46,492,-293.96329073812484
official_bc,46,493,-289.1755337461656
official_bc,46,494,-287.4851440038917
official_bc,46,495,-291.10129335768045
official_bc,46,496,-281.65733767705
official_bc,46,497,-291.3361636270281
official_bc,46,498,-286.92538042329363
official_bc,46,499,-295.7032807234271
official_bc,46,500,-293.42887694071726
official_bc,46,501,-289.61083499389116
official_bc,46,502,-288.66509219638385
official_bc,46,503,-294.0275292664002
official_bc,46,504,-288.84600214166716
official_bc,46,505,-290.4932007867476
official_bc,46,506,-290.35449849185864
official_bc,46,507,-295.89343297964217
official_bc,46,508,-288.75002519657454
official_bc,46,509,-292.74309369908093
official_bc,46,510,-298.1328811220766
official_bc,46,511,-284.5709251159503
official_bc,46,512,-296.15869477345655
official_bc,46,513,-298.14359412299154
official_bc,46,514,-286.9250102436302
official_bc,46,515,-286.0743555857903
official_bc,46,516,-296.6425450840918
official_bc,46,517,-294.53577061694233
official_bc,46,518,-296.65429504003873
official_bc,46,519,-293.1379633888521
official_bc,46,520,-285.27318055873104
official_bc,46,521,-285.57501027866067
official_bc,46,522,-291.77898708493933
official_bc,46,523,-283.52774844254486
official_bc,46,524,-291.6372860275669
official_bc,46,525,-293.67829949958417
official_bc,46,526,-291.0604370765718
official_bc,46,527,-292.2888277222488
official_bc,46,528,-285.50117497694913
official_bc,46,529,-286.0837429767838
official_bc,46,530,-296.48815750099254
official_bc,46,531,-283.5209021045157
official_bc,46,532,-296.28428403266145
official_bc,46,533,-287.73684828973376
official_bc,46,534,-294.2558781430372
official_bc,46,535,-288.5884587169957
official_bc,46,536,-290.02811358659835
official_bc,46,537,-291.7004142857239
official_bc,46,538,-291.17597707502796
official_bc,46,539,-291.97681614673485
official_bc,46,540,-291.06596464291397
official_bc,46,541,-292.84472288950366
official_bc,46,542,-293.55920119184964
official_bc,46,543,-293.75541750189257
official_bc,46,544,-274.9434402473432
official_bc,46,545,-293.1741621018915
official_bc,46,546,-292.89682246115854
official_bc,46,547,-289.2250023107101
official_bc,46,548,-286.9246287100684
official_bc,46,549,-292.34319669087785
official_bc,46,550,-289.88249841775416
official_bc,46,551,-290.5784416399751
official_bc,46,552,-289.0010934426424
official_bc,46,553,-293.910843971967
official_bc,46,554,-286.21552622375475
official_bc,46,555,-295.71115077695475
official_bc,46,556,-289.43540505201554
official_bc,46,557,-291.77343513104165
official_bc,46,558,-296.9462258629777
official_bc,46,559,-293.79459624185
official_bc,46,560,-300.2508313879479
official_bc,46,561,-292.365050786306
official_bc,46,562,-289.36744073626795
official_bc,46,563,-295.330445920761
official_bc,46,564,-295.46299576493226
official_bc,46,565,-296.7986385703673
official_bc,46,566,-290.1142317622125
official_bc,46,567,-290.2334623076532
official_bc,46,568,-291.7753215742364
official_bc,46,569,-279.4059440737338
official_bc,46,570,-294.86433636464125
official_bc,46,571,-293.1398428140799
official_bc,46,572,-281.13448134613714
official_bc,46,573,-290.8056007975851
official_bc,46,574,-294.7974324359365
official_bc,46,575,-286.0162111733392
official_bc,46,576,-293.41359150743637
official_bc,46,577,-296.0150011323
official_bc,46,578,-290.92790072828814
official_bc,46,579,-292.4701087851496
official_bc,46,580,-295.03286163010233
official_bc,46,581,-286.2658798525992
official_bc,46,582,-290.7712353431861
official_bc,46,583,-286.46500344024946
official_bc,46,584,-286.74346921382346
official_bc,46,585,-288.9231925483173
official_bc,46,586,-278.7690981762019
official_bc,46,587,-290.38291905713925
official_bc,46,588,-290.0714278759589
official_bc,46,589,-276.3891615341672
official_bc,46,590,-291.06680903128245
official_bc,46,591,-300.1411583113263
official_bc,46,592,-295.0472672219143
official_bc,46,593,-294.45592438690295
official_bc,46,594,-290.73227025015876
official_bc,46,595,-299.5725086237914
official_bc,46,596,-289.5681329805226
official_bc,46,597,-292.32598787245104
official_bc,46,598,-300.4046001006206
official_bc,46,599,-287.39988583844246
official_bc,46,600,-289.9903623927231
official_bc,46,601,-292.48501788300763
official_bc,46,602,-280.7390784524535
official_bc,46,603,-293.0285553356667
official_bc,46,604,-278.6854215142508
official_bc,46,605,-290.26789900286684
official_bc,46,606,-287.8118978218136
official_bc,46,607,-291.4427795429617
official_bc,46,608,-296.0512277534899
official_bc,46,609,-288.5835930395692
official_bc,46,610,-294.4286245888991
official_bc,46,611,-291.29467630004604
official_bc,46,612,-290.44950456054664
official_bc,46,613,-287.20616912202235
official_bc,46,614,-294.1914729283923
official_bc,46,615,-294.1372837888067
official_bc,46,616,-295.08207880135666
official_bc,46,617,-286.6757175819759
official_bc,46,618,-295.5716893870454
official_bc,46,619,-287.79744028803583
official_bc,46,620,-295.37897688522327
official_bc,46,621,-290.47361596872344
official_bc,46,622,-288.48280939454696
official_bc,46,623,-294.5620629215155
official_bc,46,624,-287.4179212230335
official_bc,46,625,-275.3682755781515
official_bc,46,626,-288.91277431902154
official_bc,46,627,-290.9612539094352
official_bc,46,628,-290.46733872746364
official_bc,46,629,-292.4377387912875
official_bc,46,630,-295.0641361782851
official_bc,46,631,-290.0767862946626
official_bc,46,632,-296.12532223677556
official_bc,46,633,-294.5650927524516
official_bc,46,634,-286.8705150654826
official_bc,46,635,-284.6577227512733
official_bc,46,636,-275.15045050663286
official_bc,46,637,-290.56809685991414
official_bc,46,638,-284.963402633839
official_bc,46,639,-291.48593449625514
official_bc,46,640,-287.135227303167
official_bc,46,641,-290.64818282779845
official_bc,46,642,-297.07005750193485
official_bc,46,643,-289.48064637216726
official_bc,46,644,-293.3936989730539
official_bc,46,645,-291.0080722519054
official_bc,46,646,-294.07095577029366
official_bc,46,647,-292.99518627220687
official_bc,46,648,-294.3228258144195
official_bc,46,649,-294.0002616262214
official_bc,46,650,-293.21244608217415
official_bc,46,651,-286.48049273274876
official_bc,46,652,-294.9957627819757
official_bc,46,653,-272.6370188838364
official_bc,46,654,-292.27584247880657
official_bc,46,655,-290.5398769300955
official_bc,46,656,-288.0069602246758
official_bc,46,657,-290.5912885571638
official_bc,46,658,-288.1538266367095
official_bc,46,659,-288.2397614360143
official_bc,46,660,-291.4856240704064
official_bc,46,661,-289.049472689753
official_bc,46,662,-284.53293410233323
official_bc,46,663,-291.2333973053203
official_bc,46,664,-288.85692168806895
official_bc,46,665,-288.3315923497443
official_bc,46,666,-293.2553893897123
official_bc,46,667,-288.5323937862643
official_bc,46,668,-293.7962889827688
official_bc,46,669,-299.72366155644
official_bc,46,670,-295.03367578196105
official_bc,46,671,-290.7754781708551
official_bc,46,672,-284.82778157045965
official_bc,46,673,-290.82332496379064
official_bc,46,674,-278.06991859782397
official_bc,46,675,-291.80339045541444
official_bc,46,676,-283.3511068872731
official_bc,46,677,-292.61329815072867
official_bc,46,678,-292.3754703146126
official_bc,46,679,-290.4170549102032
official_bc,46,680,-289.6099586273249
official_bc,46,681,-296.55905781490753
official_bc,46,682,-285.6809577264865
official_bc,46,683,-283.11786496041
official_bc,46,684,-286.58373672561004
official_bc,46,685,-281.17625136272625
official_bc,46,686,-296.52026648594807
official_bc,46,687,-291.1162176649852
official_bc,46,688,-290.01167534754336
official_bc,46,689,-285.516297785531
official_bc,46,690,-296.81874631628426
official_bc,46,691,-291.9129295859548
official_bc,46,692,-281.6428895103959
official_bc,46,693,-289.1877921165027
official_bc,46,694,-278.083960313503
official_bc,46,695,-285.99958737831184
official_bc,46,696,-291.7000304186753
official_bc,46,697,-292.89086578310986
official_bc,46,698,-295.82694844263114
official_bc,46,699,-293.86114566340814
official_bc,46,700,-289.2603345159183
official_bc,46,701,-286.33546520142613
official_bc,46,702,-295.90173042473504
official_bc,46,703,-287.29123667291395
official_bc,46,704,-300.44297751608013
official_bc,46,705,-295.1192918184095
official_bc,46,706,-297.6574994810852
official_bc,46,707,-292.1198047959848
official_bc,46,708,-288.6899574963171
official_bc,46,709,-286.0747255252336
official_bc,46,710,-276.745231317093
official_bc,46,711,-289.91493059365905
official_bc,46,712,-289.5711688917465
official_bc,46,713,-293.1559615660394
official_bc,46,714,-288.4164001549944
official_bc,46,715,-292.94737157153384
official_bc,46,716,-289.8518168270863
official_bc,46,717,-284.48585309013487
official_bc,46,718,-296.08493257314103
official_bc,46,719,-292.62236516135795
official_bc,46,720,-291.4858603095298
official_bc,46,721,-297.77871719637886
official_bc,46,722,-284.0171243034409
official_bc,46,723,-293.3528894131033
official_bc,46,724,-292.388009315108
official_bc,46,725,-298.8590095366168
official_bc,46,726,-295.54375312609926
official_bc,46,727,-294.33940106114255
official_bc,46,728,-288.8099224787911
official_bc,46,729,-300.5926442007914
official_bc,46,730,-278.0455944394754
official_bc,46,731,-285.28139626103155
official_bc,46,732,-293.5799447031509
official_bc,46,733,-278.31313785117374
official_bc,46,734,-281.43049018657035
official_bc,46,735,-297.80423232691106
official_bc,46,736,-296.6201388063463
official_bc,46,737,-287.5477325377235
official_bc,46,738,-287.9779681381981
official_bc,46,739,-292.8002439799937
official_bc,46,740,-289.6911595466652
official_bc,46,741,-292.3017890354516
official_bc,46,742,-286.69195582839217
official_bc,46,743,-300.15368101209975
official_bc,46,744,-291.0042633376247
official_bc,46,745,-294.5709489862567
official_bc,46,746,-297.1536666997323
official_bc,46,747,-295.81182202018203
official_bc,46,748,-284.5295091742455
official_bc,46,749,-288.5608247591146
official_bc,46,750,-295.2717893500761
official_bc,46,751,-287.96538949169
official_bc,46,752,-286.7622717112592
official_bc,46,753,-291.627369784586
official_bc,46,754,-277.4043704665381
official_bc,46,755,-291.3096936001443
official_bc,46,756,-293.7429080463768
official_bc,46,757,-282.4372322571089
official_bc,46,758,-297.5757160076115
official_bc,46,759,-286.24173150350396
official_bc,46,760,-298.96935598687963
official_bc,46,761,-289.4167614482842
official_bc,46,762,-293.4465398151182
official_bc,46,763,-286.87626256496316
official_bc,46,764,-290.57908654586214
official_bc,46,765,-288.4951066161279
official_bc,46,766,-281.36768424966147
official_bc,46,767,-297.3796621316315
official_bc,46,768,-302.8087722039515
official_bc,46,769,-288.71058242456604
official_bc,46,770,-293.8289023436135
official_bc,46,771,-290.80165844206454
official_bc,46,772,-295.3524188892178
official_bc,46,773,-282.153207304071
official_bc,46,774,-285.9199112790653
official_bc,46,775,-291.9190106302674
official_bc,46,776,-293.505725957433
official_bc,46,777,-287.56694937166276
official_bc,46,778,-289.4807792123251
official_bc,46,779,-292.3993412320392
official_bc,46,780,-281.3754523089253
official_bc,46,781,-294.7781700522113
official_bc,46,782,-294.5953273776125
official_bc,46,783,-294.7304915323649
official_bc,46,784,-293.1499310994468
official_bc,46,785,-294.104944697374
official_bc,46,786,-291.41680202858333
official_bc,46,787,-295.51674626150407
official_bc,46,788,-298.0679912633759
official_bc,46,789,-291.029917777808
official_bc,46,790,-294.85092940575043
official_bc,46,791,-290.23342817487253
official_bc,46,792,-288.88861083399996
official_bc,46,793,-287.4062536927466
official_bc,46,794,-289.868516435448
official_bc,46,795,-287.20034060250464
official_bc,46,796,-288.85577346282855
official_bc,46,797,-287.40399754483343
official_bc,46,798,-285.93567137883406
official_bc,46,799,-292.8209022010321
official_bc,46,800,-295.08254927234486
official_bc,46,801,-287.9664933180706
official_bc,46,802,-277.08049292514704
official_bc,46,803,-288.4023724915256
official_bc,46,804,-289.67268840169004
official_bc,46,805,-292.044618363896
official_bc,46,806,-295.8277986040365
official_bc,46,807,-297.1045007157732
official_bc,46,808,-289.4795230733179
official_bc,46,809,-289.9391413965955
official_bc,46,810,-293.2748439452029
official_bc,46,811,-292.2557850925253
official_bc,46,812,-294.1865484661211
official_bc,46,813,-278.56344183766475
official_bc,46,814,-287.2301799247099
official_bc,46,815,-278.7562213703518
official_bc,46,816,-289.10129773411154
official_bc,46,817,-272.0202868000519
official_bc,46,818,-294.4203730506125
official_bc,46,819,-284.19805509940477
official_bc,46,820,-282.27978539300614
official_bc,46,821,-285.20523011805017
official_bc,46,822,-291.87950739611284
official_bc,46,823,-291.1134706130379
official_bc,46,824,-295.26411861179287
official_bc,46,825,-299.5505142670449
official_bc,46,826,-296.0605770409177
official_bc,46,827,-289.14910992630433
official_bc,46,828,-288.99996633643565
official_bc,46,829,-281.33651409974436
official_bc,46,830,-299.3787433820456
official_bc,46,831,-296.7281954904409
official_bc,46,832,-287.2512339162876
official_bc,46,833,-289.64984500918007
official_bc,46,834,-288.5146141837182
official_bc,46,835,-279.21319306597246
official_bc,46,836,-294.7243232421043
official_bc,46,837,-289.114633512842
official_bc,46,838,-290.7297992138497
official_bc,46,839,-284.10280502560147
official_bc,46,840,-287.0199361436528
official_bc,46,841,-302.8037281302371
official_bc,46,842,-293.5553296474686
official_bc,46,843,-282.88997939095316
official_bc,46,844,-286.92278032199476
official_bc,46,845,-296.61643887206105
official_bc,46,846,-274.15544082717867
official_bc,46,847,-278.8946230015814
official_bc,46,848,-295.7496679056054
official_bc,46,849,-295.0631555092665
official_bc,46,850,-288.75189088191337
official_bc,46,851,-284.779149984872
official_bc,46,852,-284.1383867244719
official_bc,46,853,-291.2736085261382
official_bc,46,854,-279.6273521793929
official_bc,46,855,-292.6589680932077
official_bc,46,856,-285.0183614285444
official_bc,46,857,-290.60180030566573
official_bc,46,858,-286.7275032700092
official_bc,46,859,-296.5993591125385
official_bc,46,860,-281.30308001629953
official_bc,46,861,-284.9484682225494
official_bc,46,862,-298.9435558626365
official_bc,46,863,-293.08401692303295
official_bc,46,864,-287.27892655348813
official_bc,46,865,-294.08528004435254
official_bc,46,866,-296.6307760953248
official_bc,46,867,-292.6145861269968
official_bc,46,868,-292.1717409910144
official_bc,46,869,-294.81404706270837
official_bc,46,870,-285.6526836400554
official_bc,46,871,-291.9817850400332
official_bc,46,872,-292.63420049102723
official_bc,46,873,-284.0515335459336
official_bc,46,874,-298.616930661095
official_bc,46,875,-299.6417129989695
official_bc,46,876,-291.9393841391499
official_bc,46,877,-288.3410935265192
official_bc,46,878,-289.5750714582133
official_bc,46,879,-290.98674065035476
official_bc,46,880,-277.8552267616443
official_bc,46,881,-296.94935380865604
official_bc,46,882,-290.91327411327427
official_bc,46,883,-291.75385451316515
official_bc,46,884,-296.2694689806114
official_bc,46,885,-288.85596469248605
official_bc,46,886,-294.2573172405831
official_bc,46,887,-285.5537101986226
official_bc,46,888,-291.6022193832687
official_bc,46,889,-291.00511192965115
official_bc,46,890,-287.65858905462403
official_bc,46,891,-286.4495217971811
official_bc,46,892,-290.56582058492074
official_bc,46,893,-297.39017638806985
official_bc,46,894,-290.8429970811517
official_bc,46,895,-285.96147005204097
official_bc,46,896,-291.1638915715886
official_bc,46,897,-290.26031537673896
official_bc,46,898,-290.28421101650423
official_bc,46,899,-293.1002972620203
official_bc,46,900,-293.46038526058527
official_bc,46,901,-292.1772638568862
official_bc,46,902,-284.62416737738147
official_bc,46,903,-293.9698410144498
official_bc,46,904,-292.9425180718804
official_bc,46,905,-293.98361439285844
official_bc,46,906,-286.82793809005057
official_bc,46,907,-295.6811715860924
official_bc,46,908,-289.74925699016853
official_bc,46,909,-287.3706219666335
official_bc,46,910,-286.8533847710177
official_bc,46,911,-295.3986347227908
official_bc,46,912,-286.6750186834406
official_bc,46,913,-294.79241832818315
official_bc,46,914,-294.1595778886327
official_bc,46,915,-285.6089418211633
official_bc,46,916,-290.57997786182375
official_bc,46,917,-283.53440011990597
official_bc,46,918,-294.1100176136632
official_bc,46,919,-292.1049973736933
official_bc,46,920,-297.79700513019975
official_bc,46,921,-294.9038773265897
official_bc,46,922,-289.054657097398
official_bc,46,923,-283.84759727833153
official_bc,46,924,-296.1066737908045
official_bc,46,925,-286.598749918265
official_bc,46,926,-288.42977410294907
official_bc,46,927,-289.7947243096383
official_bc,46,928,-287.38176394948465
official_bc,46,929,-287.1704344974032
official_bc,46,930,-294.4057619417607
official_bc,46,931,-290.8500546337138
official_bc,46,932,-269.63599226788256
official_bc,46,933,-283.52387383200687
official_bc,46,934,-297.01019444091924
official_bc,46,935,-294.32454606937085
official_bc,46,936,-292.46513999442624
official_bc,46,937,-291.31874046566145
official_bc,46,938,-281.67273247699063
official_bc,46,939,-300.5165582916623
official_bc,46,940,-287.2495569929448
official_bc,46,941,-299.2365430306098
official_bc,46,942,-297.32261212324477
official_bc,46,943,-287.2780246501561
official_bc,46,944,-286.89575136547666
official_bc,46,945,-287.38444068492754
official_bc,46,946,-287.4863123639978
official_bc,46,947,-289.689732762238
official_bc,46,948,-286.97447003659
official_bc,46,949,-280.33506877349765
official_bc,46,950,-289.0016864287545
official_bc,46,951,-287.6333657849369
official_bc,46,952,-281.2675024611
official_bc,46,953,-286.39601176198903
official_bc,46,954,-289.883370214177
official_bc,46,955,-277.89313664207003
official_bc,46,956,-295.95915999821267
official_bc,46,957,-301.5749024246338
official_bc,46,958,-292.00804435542597
official_bc,46,959,-284.68607945467386
official_bc,46,960,-296.91099721233593
official_bc,46,961,-292.60640079198345
official_bc,46,962,-293.8938900422124
official_bc,46,963,-293.00760708231803
official_bc,46,964,-282.2878469772602
official_bc,46,965,-284.2850038445335
official_bc,46,966,-294.9282612683355
official_bc,46,967,-291.01172773250534
official_bc,46,968,-290.0806439999082
official_bc,46,969,-284.0274000734836
official_bc,46,970,-288.5091979059443
official_bc,46,971,-282.14142948545305
official_bc,46,972,-291.3612771522788
official_bc,46,973,-288.4537330982662
official_bc,46,974,-277.61234643988956
official_bc,46,975,-293.75992894255967
official_bc,46,976,-297.63861433155466
official_bc,46,977,-287.77499549719033
official_bc,46,978,-295.1408309578408
official_bc,46,979,-290.42245702545233
official_bc,46,980,-297.0956112809931
official_bc,46,981,-292.3907794888125
official_bc,46,982,-291.0605763701235
official_bc,46,983,-290.4521920523416
official_bc,46,984,-293.0690815781879
official_bc,46,985,-290.8470782673647
official_bc,46,986,-287.8777213383403
official_bc,46,987,-288.52812595923626
official_bc,46,988,-296.9537539036596
official_bc,46,989,-294.4289980236272
official_bc,46,990,-290.52979732111197
official_bc,46,991,-291.16951483543403
official_bc,46,992,-290.6646082991871
official_bc,46,993,-282.69930699747476
official_bc,46,994,-286.374161183934
official_bc,46,995,-295.8565624492691
official_bc,46,996,-292.95136307845945
official_bc,46,997,-283.1688205605952
official_bc,46,998,-294.65347088522435
official_bc,46,999,-286.3373351321222
official_bc,46,1000,-292.3026544596726
official_bc,47,1,-191.63995178313587
official_bc,47,2,-216.26083431082043
official_bc,47,3,-215.93200516438878
official_bc,47,4,-269.83011232956324
official_bc,47,5,-217.63474870927237
official_bc,47,6,-250.5061427726813
official_bc,47,7,-184.0427586321032
official_bc,47,8,-191.98515265158153
official_bc,47,9,-174.9136537620471
official_bc,47,10,-233.4771758875365
official_bc,47,11,-289.70938457916685
official_bc,47,12,-228.5781799379539
official_bc,47,13,-254.603391531922
official_bc,47,14,-270.63907940746043
official_bc,47,15,-239.1251931023015
official_bc,47,16,-289.1066688310816
official_bc,47,17,-280.08954560785537
official_bc,47,18,-231.91418848958477
official_bc,47,19,-265.1857699171705
official_bc,47,20,-191.61133924914094
official_bc,47,21,-260.80620821855854
official_bc,47,22,-223.1620819807963
official_bc,47,23,-281.1352321300288
official_bc,47,24,-234.2391769769688
official_bc,47,25,-232.59717283738024
official_bc,47,26,-286.4067846276395
official_bc,47,27,-311.8154027434075
official_bc,47,28,-195.5554712209144
official_bc,47,29,-213.64675493423766
official_bc,47,30,-289.075793170619
official_bc,47,31,-302.24358057423746
official_bc,47,32,-302.2560131693673
official_bc,47,33,-298.06695801405965
official_bc,47,34,-294.3919926589322
official_bc,47,35,-288.21008064133275
official_bc,47,36,-286.94463833217924
official_bc,47,37,-285.45286609138725
official_bc,47,38,-285.8641348182867
official_bc,47,39,-277.28496812930644
official_bc,47,40,-280.65382043235206
official_bc,47,41,-270.6745589909737
official_bc,47,42,-268.1722288908034
official_bc,47,43,-264.15680377964304
official_bc,47,44,-259.29943618014426
official_bc,47,45,-265.11218273197795
official_bc,47,46,-261.16325705958667
official_bc,47,47,-261.8062701385674
official_bc,47,48,-252.0005536821974
official_bc,47,49,-255.14007740966738
official_bc,47,50,-252.8193987813589
official_bc,47,51,-261.9837793533602
official_bc,47,52,-270.5049990582429
official_bc,47,53,-264.5034017738272
official_bc,47,54,-284.38619537944726
official_bc,47,55,-290.4213564757997
official_bc,47,56,-296.25271239749657
official_bc,47,57,-303.5524986872846
official_bc,47,58,-299.1631509882634
official_bc,47,59,-307.4083384808744
official_bc,47,60,-303.06388917793436
official_bc,47,61,-297.22152068233197
official_bc,47,62,-303.4300040379364
official_bc,47,63,-304.79456400468297
official_bc,47,64,-303.5106447278555
official_bc,47,65,-288.57827353156597
official_bc,47,66,-299.1543728854265
official_bc,47,67,-290.0936526267535
official_bc,47,68,-279.515262624431
official_bc,47,69,-286.6984193451302
official_bc,47,70,-284.81065204193834
official_bc,47,71,-284.23235255082255
official_bc,47,72,-285.16889492065735
official_bc,47,73,-283.76206822604865
official_bc,47,74,-281.803928959418
official_bc,47,75,-287.6935773704314
official_bc,47,76,-285.0163659916105
official_bc,47,77,-281.34647368242145
official_bc,47,78,-287.8065626256598
official_bc,47,79,-287.43917691556226
official_bc,47,80,-282.1115798473662
official_bc,47,81,-278.5066274202976
official_bc,47,82,-283.8636634020721
official_bc,47,83,-292.8790761459921
official_bc,47,84,-283.5141549536718
official_bc,47,85,-290.3641672911176
official_bc,47,86,-289.69303973254324
official_bc,47,87,-290.1153816472357
official_bc,47,88,-280.0166897079499
official_bc,47,89,-287.62299191677835
official_bc,47,90,-293.81721441488844
official_bc,47,91,-297.3949264230155
official_bc,47,92,-283.03587761456487
official_bc,47,93,-284.71897742817254
official_bc,47,94,-293.8158921699986
official_bc,47,95,-291.4622898798244
official_bc,47,96,-298.155934456934
official_bc,47,97,-291.1210563164319
official_bc,47,98,-294.07264777574215
official_bc,47,99,-292.3202674519006
official_bc,47,100,-287.0816961949013
official_bc,47,101,-292.02706259194315
official_bc,47,102,-292.7047458821023
official_bc,47,103,-281.4123654899019
official_bc,47,104,-285.76341562992945
official_bc,47,105,-287.44067572043684
official_bc,47,106,-286.97970443171243
official_bc,47,107,-284.8345288412024
official_bc,47,108,-289.75324058626325
official_bc,47,109,-284.3265604219149
official_bc,47,110,-290.68297184805584
official_bc,47,111,-284.31750792601247
official_bc,47,112,-283.5155256225639
official_bc,47,113,-287.1578761475688
official_bc,47,114,-288.8778159046875
official_bc,47,115,-288.0131198242532
official_bc,47,116,-279.9421867076876
official_bc,47,117,-281.01120754079676
official_bc,47,118,-293.9046410768401
official_bc,47,119,-293.3679736944844
official_bc,47,120,-292.5697034595945
official_bc,47,121,-295.49183632095315
official_bc,47,122,-268.64565658556296
official_bc,47,123,-287.18044456825214
official_bc,47,124,-290.3770474555115
official_bc,47,125,-293.21695458456344
official_bc,47,126,-280.11220461860364
official_bc,47,127,-283.12432253041214
official_bc,47,128,-293.132346174319
official_bc,47,129,-293.49547945802186
official_bc,47,130,-284.4938634554667
official_bc,47,131,-289.3064765367914
official_bc,47,132,-286.6968919049001
official_bc,47,133,-291.55214366163756
official_bc,47,134,-297.7571161976413
official_bc,47,135,-293.7535663546325
official_bc,47,136,-290.99754911259413
official_bc,47,137,-298.75125339082194
official_bc,47,138,-287.2492640692482
official_bc,47,139,-291.8802127542745
official_bc,47,140,-292.6893941064752
official_bc,47,141,-289.8985970126481
official_bc,47,142,-277.69433700743946
official_bc,47,143,-289.94456830546454
official_bc,47,144,-293.67345907105266
official_bc,47,145,-294.6483794288306
official_bc,47,146,-293.1099867165485
official_bc,47,147,-295.33469358347935
official_bc,47,148,-289.50372552021054
official_bc,47,149,-294.18404778173254
official_bc,47,150,-292.08553234946834
official_bc,47,151,-280.334528412936
official_bc,47,152,-289.1677566386486
official_bc,47,153,-286.308350298486
official_bc,47,154,-298.0045857751105
official_bc,47,155,-289.3338867339834
official_bc,47,156,-293.9256509096782
official_bc,47,157,-293.333506957849
official_bc,47,158,-284.39189019701496
official_bc,47,159,-298.8547336249264
official_bc,47,160,-283.4149331308424
official_bc,47,161,-290.6195184977253
official_bc,47,162,-284.5275901100171
official_bc,47,163,-270.7339738442243
official_bc,47,164,-291.4379750093235
official_bc,47,165,-286.8458240273778
official_bc,47,166,-289.9709488809792
official_bc,47,167,-288.6465824372625
official_bc,47,168,-275.18496902841144
official_bc,47,169,-290.78684592948684
official_bc,47,170,-285.7755569079135
official_bc,47,171,-290.688762811499
official_bc,47,172,-287.09071356852604
official_bc,47,173,-292.63247530839703
official_bc,47,174,-288.89655342899914
official_bc,47,175,-294.1393367115222
official_bc,47,176,-286.74777638020794
official_bc,47,177,-290.2774311642331
official_bc,47,178,-292.69031844255164
official_bc,47,179,-283.9760392097111
official_bc,47,180,-296.11195062963964
official_bc,47,181,-283.95072140640286
official_bc,47,182,-288.9729790617451
official_bc,47,183,-295.8225345040981
official_bc,47,184,-288.62213456613273
official_bc,47,185,-294.25220799845795
official_bc,47,186,-290.9892405474833
official_bc,47,187,-289.7928291029599
official_bc,47,188,-294.0016522170274
official_bc,47,189,-288.3971690777984
official_bc,47,190,-286.960060913603
official_bc,47,191,-290.7230619150594
official_bc,47,192,-292.8387581376186
official_bc,47,193,-287.73014465300776
official_bc,47,194,-289.3965833921292
official_bc,47,195,-289.4093168256772
official_bc,47,196,-294.9355092893833
official_bc,47,197,-298.3035216118308
official_bc,47,198,-294.59958687142824
official_bc,47,199,-288.5637049792902
official_bc,47,200,-296.7651289867218
official_bc,47,201,-290.7864871894813
official_bc,47,202,-292.07616890956103
official_bc,47,203,-287.5616913811283
official_bc,47,204,-290.268729312429
official_bc,47,205,-290.2886790032169
official_bc,47,206,-292.10228067169885
official_bc,47,207,-289.06907645828534
official_bc,47,208,-293.84685226684934
official_bc,47,209,-294.68772141080234
official_bc,47,210,-293.86461439815355
official_bc,47,211,-278.848698434564
official_bc,47,212,-284.49574601196827
official_bc,47,213,-294.8265671260157
official_bc,47,214,-281.9658723232497
official_bc,47,215,-292.0021330650103
official_bc,47,216,-291.14919660019643
official_bc,47,217,-286.9004718601288
official_bc,47,218,-296.4746289384005
official_bc,47,219,-294.0360312030989
official_bc,47,220,-288.98752597140697
official_bc,47,221,-298.0932427155394
official_bc,47,222,-285.6071240424363
official_bc,47,223,-287.0078295736398
official_bc,47,224,-292.15977570070913
official_bc,47,225,-287.2303273699746
official_bc,47,226,-291.15690577653993
official_bc,47,227,-293.9535651566077
official_bc,47,228,-292.6959566007283
official_bc,47,229,-290.9200095884476
official_bc,47,230,-291.1401175605632
official_bc,47,231,-289.9312536962277
official_bc,47,232,-291.80833916327333
official_bc,47,233,-290.922921508999
official_bc,47,234,-285.9859745836809
official_bc,47,235,-289.0569307679457
official_bc,47,236,-289.1668890090166
official_bc,47,237,-284.13926812741033
official_bc,47,238,-293.4763126547827
official_bc,47,239,-298.14761656117565
official_bc,47,240,-285.32592754294654
official_bc,47,241,-297.0921373696781
official_bc,47,242,-290.97176608768416
official_bc,47,243,-291.52492502953675
official_bc,47,244,-293.97351627660055
official_bc,47,245,-286.3582770502681
official_bc,47,246,-290.3506244704965
official_bc,47,247,-292.44320780158097
official_bc,47,248,-282.0766129335598
official_bc,47,249,-293.85254729814625
official_bc,47,250,-288.9968033904877
official_bc,47,251,-296.1501616031817
official_bc,47,252,-292.681005044317
official_bc,47,253,-286.58872579767524
official_bc,47,254,-292.9709146852507
official_bc,47,255,-290.570784931183
official_bc,47,256,-287.52017106028177
official_bc,47,257,-293.0308887818416
official_bc,47,258,-283.7253293301913
official_bc,47,259,-287.7981731906514
official_bc,47,260,-296.2778101510928
official_bc,47,261,-283.41908451996574
official_bc,47,262,-299.0920261058004
official_bc,47,263,-292.2280230682099
official_bc,47,264,-289.2382985220079
official_bc,47,265,-295.2567842697846
official_bc,47,266,-283.1439534294092
official_bc,47,267,-287.96136016683676
official_bc,47,268,-293.59674233609945
official_bc,47,269,-297.55006043875505
official_bc,47,270,-290.1802238537085
official_bc,47,271,-290.0825511655791
official_bc,47,272,-279.4008730923643
official_bc,47,273,-295.26700961157525
official_bc,47,274,-274.81746996317395
official_bc,47,275,-287.90303605529516
official_bc,47,276,-285.0805671726267
official_bc,47,277,-287.295020302633
official_bc,47,278,-285.4997990975459
official_bc,47,279,-290.22988880690286
official_bc,47,280,-292.61577504999894
official_bc,47,281,-295.74851078218114
official_bc,47,282,-291.62416614800463
official_bc,47,283,-289.29837147877566
official_bc,47,284,-281.3968709170049
official_bc,47,285,-290.32318785788925
official_bc,47,286,-281.9647614170354
official_bc,47,287,-288.3762418389241
official_bc,47,288,-300.14483201439623
official_bc,47,289,-293.0533961225829
official_bc,47,290,-290.55868660581376
official_bc,47,291,-291.3074445525895
official_bc,47,292,-291.82574271949875
official_bc,47,293,-296.99898392106815
official_bc,47,294,-296.04314227276734
official_bc,47,295,-286.27987935959356
official_bc,47,296,-286.43648461102566
official_bc,47,297,-290.38897487061786
official_bc,47,298,-292.76153801918065
official_bc,47,299,-290.87440439525153
official_bc,47,300,-289.224230188054
official_bc,47,301,-287.48412265316097
official_bc,47,302,-296.1473074981564
official_bc,47,303,-288.50356242424425
official_bc,47,304,-296.3485067117382
official_bc,47,305,-296.866419951819
official_bc,47,306,-295.4877357933153
official_bc,47,307,-294.72953817833275
official_bc,47,308,-292.8491168090226
official_bc,47,309,-292.25168082312183
official_bc,47,310,-294.8763604467594
official_bc,47,311,-299.6064404308614
official_bc,47,312,-290.75377437366024
official_bc,47,313,-291.9110163704597
official_bc,47,314,-296.32269483146666
official_bc,47,315,-288.66581483020593
official_bc,47,316,-294.81685808996184
official_bc,47,317,-286.8879539211151
official_bc,47,318,-287.95697329243944
official_bc,47,319,-291.1620232146071
official_bc,47,320,-284.38611103583816
official_bc,47,321,-288.01199253840724
official_bc,47,322,-291.94686978637907
official_bc,47,323,-290.08640388248295
official_bc,47,324,-298.39360599120914
official_bc,47,325,-291.7886583709758
official_bc,47,326,-285.5744244978397
official_bc,47,327,-292.2032115583769
official_bc,47,328,-290.72389063358935
official_bc,47,329,-290.1391544941795
official_bc,47,330,-287.5213678795289
official_bc,47,331,-294.6252192496928
official_bc,47,332,-280.2410402221649
official_bc,47,333,-291.28987941060524
official_bc,47,334,-296.8316138816732
official_bc,47,335,-286.237300416854
official_bc,47,336,-295.0463328921209
official_bc,47,337,-288.7817366434489
official_bc,47,338,-296.648049195073
official_bc,47,339,-294.5840511529882
official_bc,47,340,-282.56254346533245
official_bc,47,341,-283.48378838590156
official_bc,47,342,-288.0179465869379
official_bc,47,343,-294.88578266067424
official_bc,47,344,-287.3882938795071
official_bc,47,345,-295.4034679152028
official_bc,47,346,-286.2442809074326
official_bc,47,347,-299.38917605320387
official_bc,47,348,-288.92209760020967
official_bc,47,349,-287.77900257145575
official_bc,47,350,-279.25245407736514
official_bc,47,351,-290.60174481921626
official_bc,47,352,-280.06327519751125
official_bc,47,353,-290.9747669797732
official_bc,47,354,-286.55111731462404
official_bc,47,355,-293.4796743930474
official_bc,47,356,-290.94120332594105
official_bc,47,357,-294.38713474763114
official_bc,47,358,-288.8948879464892
official_bc,47,359,-291.94282119260447
official_bc,47,360,-280.86465879454204
official_bc,47,361,-295.1500641448941
official_bc,47,362,-286.92864739197313
official_bc,47,363,-294.4971051436641
official_bc,47,364,-294.9936990631858
official_bc,47,365,-290.65509193712495
official_bc,47,366,-293.7939918017075
official_bc,47,367,-288.0060529745827
official_bc,47,368,-289.27219881512235
official_bc,47,369,-295.32084517712764
official_bc,47,370,-294.9575533421919
official_bc,47,371,-298.61653307315754
official_bc,47,372,-294.66519822627424
official_bc,47,373,-288.12160942562997
official_bc,47,374,-289.05713439948534
official_bc,47,375,-293.6034068461767
official_bc,47,376,-288.9682560042425
official_bc,47,377,-286.5776856459425
official_bc,47,378,-286.7138090250733
official_bc,47,379,-284.9540614964517
official_bc,47,380,-295.24580662317584
official_bc,47,381,-293.7387425762208
official_bc,47,382,-297.69137012936824
official_bc,47,383,-284.7629560262949
official_bc,47,384,-276.53760887431395
official_bc,47,385,-292.9698141069098
official_bc,47,386,-289.0963591809075
official_bc,47,387,-289.5413056862667
official_bc,47,388,-293.4963839070819
official_bc,47,389,-282.8845109681164
official_bc,47,390,-290.2950136471298
official_bc,47,391,-295.00346786465224
official_bc,47,392,-291.7289868017783
official_bc,47,393,-285.21350291576704
official_bc,47,394,-297.727113559282
official_bc,47,395,-292.95293375986006
official_bc,47,396,-287.8674907864423
official_bc,47,397,-285.28105934345115
official_bc,47,398,-291.2279126806992
official_bc,47,399,-295.75114260331253
official_bc,47,400,-295.1314012986203
official_bc,47,401,-277.6627633997911
official_bc,47,402,-285.4609554325128
official_bc,47,403,-284.49029232738224
official_bc,47,404,-292.34071514804305
official_bc,47,405,-288.37998852923124
official_bc,47,406,-289.37971078940916
official_bc,47,407,-289.8937559823444
official_bc,47,408,-293.4083764664503
official_bc,47,409,-288.9090413093975
official_bc,47,410,-290.89824741920836
official_bc,47,411,-296.70104556525683
official_bc,47,412,-291.1205968413235
official_bc,47,413,-289.2638600370055
official_bc,47,414,-277.29260116388417
official_bc,47,415,-298.10091474787424
official_bc,47,416,-290.2949528664746
official_bc,47,417,-293.7626364878831
official_bc,47,418,-290.7528796091611
official_bc,47,419,-288.0849979587587
official_bc,47,420,-299.28451970137235
official_bc,47,421,-285.67215297794945
official_bc,47,422,-292.6597366538712
official_bc,47,423,-289.2720173344582
official_bc,47,424,-289.76140286778866
official_bc,47,425,-282.81663085270674
official_bc,47,426,-291.6836695650862
official_bc,47,427,-292.32135443347136
official_bc,47,428,-293.866620460257
official_bc,47,429,-294.406123407001
official_bc,47,430,-288.2649194751092
official_bc,47,431,-290.9671182088387
official_bc,47,432,-295.76597808458564
official_bc,47,433,-294.0379606810942
official_bc,47,434,-286.6082227293228
official_bc,47,435,-289.7963953631335
official_bc,47,436,-287.7798500390841
official_bc,47,437,-286.5896199982948
official_bc,47,438,-290.39983167948793
official_bc,47,439,-295.55435492764013
official_bc,47,440,-297.717535622912
official_bc,47,441,-282.5794706037813
official_bc,47,442,-293.83446455244416
official_bc,47,443,-287.8957588063847
official_bc,47,444,-288.3854893928184
official_bc,47,445,-296.12488485602114
official_bc,47,446,-297.7067420096316
official_bc,47,447,-289.20795848839964
official_bc,47,448,-284.7821689191397
official_bc,47,449,-294.926882287965
official_bc,47,450,-295.24964679310364
official_bc,47,451,-299.91041284638465
official_bc,47,452,-284.5701270045969
official_bc,47,453,-292.874698770707
official_bc,47,454,-289.69612035904237
official_bc,47,455,-292.7852607091473
official_bc,47,456,-288.5813230467252
official_bc,47,457,-291.9775725524211
official_bc,47,458,-298.81424156381115
official_bc,47,459,-295.6250401627673
official_bc,47,460,-286.41461280286427
official_bc,47,461,-284.90790439153966
official_bc,47,462,-284.0266622625225
official_bc,47,463,-296.13555926587424
official_bc,47,464,-294.3175427479248
official_bc,47,465,-293.8470404791099
official_bc,47,466,-294.1060486717853
official_bc,47,467,-283.1433027241823
official_bc,47,468,-297.93724244009155
official_bc,47,469,-285.2589978131306
official_bc,47,470,-292.08876572009274
official_bc,47,471,-282.04331361988545
official_bc,47,472,-276.34038735371655
official_bc,47,473,-295.6176772311057
official_bc,47,474,-283.5589676948649
official_bc,47,475,-294.05842441337853
official_bc,47,476,-280.54127494386466
official_bc,47,477,-285.41518991606233
official_bc,47,478,-277.5191973473585
official_bc,47,479,-284.59975702682027
official_bc,47,480,-296.110815857141
official_bc,47,481,-300.17952421695566
official_bc,47,482,-292.2378711106748
official_bc,47,483,-284.30809626901953
official_bc,47,484,-286.8561169142009
official_bc,47,485,-299.75498194897625
official_bc,47,486,-288.45089957312814
official_bc,47,487,-285.0442482059681
official_bc,47,488,-290.1251353986439
official_bc,47,489,-291.98759570684206
official_bc,47,490,-276.5457379216671
official_bc,47,491,-290.36527905492903
official_bc,47,492,-282.3874132262578
official_bc,47,493,-287.3234425547362
official_bc,47,494,-290.3237473013392
official_bc,47,495,-292.5232574243991
official_bc,47,496,-290.00197565490976
official_bc,47,497,-297.338792391069
official_bc,47,498,-292.9696873210192
official_bc,47,499,-290.66784054281936
official_bc,47,500,-293.7437152324244
official_bc,47,501,-289.5013435316156
official_bc,47,502,-281.2698113684661
official_bc,47,503,-287.6676243126753
official_bc,47,504,-287.50064785325094
official_bc,47,505,-295.2454841461926
official_bc,47,506,-289.5682979105334
official_bc,47,507,-287.0186784221408
official_bc,47,508,-293.6541662599691
official_bc,47,509,-289.5975940803389
official_bc,47,510,-295.7725786427952
official_bc,47,511,-291.77453885092586
official_bc,47,512,-295.93130887523046
official_bc,47,513,-293.36499620575233
official_bc,47,514,-291.74846508828506
official_bc,47,515,-290.50497964541864
official_bc,47,516,-296.117208845591
official_bc,47,517,-289.63177677662816
official_bc,47,518,-289.8619932500771
official_bc,47,519,-298.5817968412926
official_bc,47,520,-295.5646424955629
official_bc,47,521,-290.29067097192905
official_bc,47,522,-291.7239395434477
official_bc,47,523,-287.62179024465877
official_bc,47,524,-291.07867580084115
official_bc,47,525,-291.0211638620521
official_bc,47,526,-293.7576317175927
official_bc,47,527,-283.6868170116128
official_bc,47,528,-288.556855622556
official_bc,47,529,-291.99737461823264
official_bc,47,530,-292.30026908618635
official_bc,47,531,-296.42148992330846
official_bc,47,532,-293.93600191818757
official_bc,47,533,-294.897789045456
official_bc,47,534,-291.0692921880312
official_bc,47,535,-300.1313114239014
official_bc,47,536,-283.85177148585433
official_bc,47,537,-292.0591066764294
official_bc,47,538,-296.5279477617845
official_bc,47,539,-291.01909133648326
official_bc,47,540,-292.10355590002473
official_bc,47,541,-288.117514437294
official_bc,47,542,-290.58996454461357
official_bc,47,543,-289.0257648366262
official_bc,47,544,-291.5754174828997
official_bc,47,545,-291.7718426745789
official_bc,47,546,-291.75161271810214
official_bc,47,547,-288.63727634714627
official_bc,47,548,-287.5315603242168
official_bc,47,549,-288.44554567954015
official_bc,47,550,-287.127009943873
official_bc,47,551,-294.1082303359783
official_bc,47,552,-293.7391781048597
official_bc,47,553,-294.5220196231577
official_bc,47,554,-284.11426214371147
official_bc,47,555,-293.98954005916437
official_bc,47,556,-284.5860692145443
official_bc,47,557,-291.50917880269986
official_bc,47,558,-293.9744322569319
official_bc,47,559,-287.74690666874295
official_bc,47,560,-286.3982312773555
official_bc,47,561,-286.51567872286745
official_bc,47,562,-291.3692770329045
official_bc,47,563,-276.8970758645413
official_bc,47,564,-286.5073101985201
official_bc,47,565,-291.0460234268901
official_bc,47,566,-291.2124744119465
official_bc,47,567,-290.5372903976077
official_bc,47,568,-300.2965768082563
official_bc,47,569,-294.3132467652648
official_bc,47,570,-291.630500493694
official_bc,47,571,-282.8450936919518
official_bc,47,572,-293.87697388612537
official_bc,47,573,-296.81802986223454
official_bc,47,574,-295.3976561604919
official_bc,47,575,-289.8640644634354
official_bc,47,576,-286.83600918307604
official_bc,47,577,-294.34206277852
official_bc,47,578,-291.2266072705486
official_bc,47,579,-282.00575511721615
official_bc,47,580,-293.40271037547603
official_bc,47,581,-288.2468485074761
official_bc,47,582,-289.66618858251235
official_bc,47,583,-295.78414037672997
official_bc,47,584,-281.5158871943758
official_bc,47,585,-290.63082056697726
official_bc,47,586,-294.88054723895414
official_bc,47,587,-295.8248897854266
official_bc,47,588,-296.3063863227313
official_bc,47,589,-293.9053650020521
official_bc,47,590,-295.858244675764
official_bc,47,591,-285.476298237294
official_bc,47,592,-295.52224522101176
official_bc,47,593,-289.7471879513772
official_bc,47,594,-286.4687223837836
official_bc,47,595,-290.11054312354844
official_bc,47,596,-286.6787120560638
official_bc,47,597,-287.14024883035677
official_bc,47,598,-293.0573397655377
official_bc,47,599,-291.8868189977236
official_bc,47,600,-291.94398879216817
official_bc,47,601,-291.56722833229196
official_bc,47,602,-299.5308184763032
official_bc,47,603,-285.84993586369126
official_bc,47,604,-297.036301590917
official_bc,47,605,-284.833242189579
official_bc,47,606,-288.5108136532841
official_bc,47,607,-285.07721187090306
official_bc,47,608,-290.28907520934365
official_bc,47,609,-291.97068166163484
official_bc,47,610,-290.63817629180096
official_bc,47,611,-290.4447209517858
official_bc,47,612,-288.4869732107984
official_bc,47,613,-278.63932794198786
official_bc,47,614,-296.8552637043274
official_bc,47,615,-281.5413035071506
official_bc,47,616,-272.95569548262733
official_bc,47,617,-288.9883751596934
official_bc,47,618,-277.24383697694896
official_bc,47,619,-297.5779505458635
official_bc,47,620,-297.7526109251394
official_bc,47,621,-290.75215326244046
official_bc,47,622,-296.14382432189984
official_bc,47,623,-295.30771435010877
official_bc,47,624,-291.5996102787457
official_bc,47,625,-296.46251258324185
official_bc,47,626,-296.0437787216564
official_bc,47,627,-293.499301751512
official_bc,47,628,-292.81658614139593
official_bc,47,629,-288.08222427774297
official_bc,47,630,-293.94617454405034
official_bc,47,631,-298.19415955179176
official_bc,47,632,-284.98159857926515
official_bc,47,633,-291.44554016569003
official_bc,47,634,-269.3237844672027
official_bc,47,635,-287.14209077216776
official_bc,47,636,-283.85052514362326
official_bc,47,637,-289.0626298283315
official_bc,47,638,-290.39561354494657
official_bc,47,639,-282.0815329722161
official_bc,47,640,-295.5167593721472
official_bc,47,641,-288.20687932791066
official_bc,47,642,-292.596780048997
official_bc,47,643,-298.147921888136
official_bc,47,644,-282.7629305963618
official_bc,47,645,-292.4598150140724
official_bc,47,646,-292.91783651654623
official_bc,47,647,-295.26783564440626
official_bc,47,648,-291.24702768398583
official_bc,47,649,-293.7498024859978
official_bc,47,650,-289.25408077556466
official_bc,47,651,-292.09288040239846
official_bc,47,652,-291.1577391534613
official_bc,47,653,-288.4748700344405
official_bc,47,654,-291.6466261568234
official_bc,47,655,-293.68277498245504
official_bc,47,656,-291.6081496950391
official_bc,47,657,-287.3739045245118
official_bc,47,658,-286.5081707318195
official_bc,47,659,-294.69938121401407
official_bc,47,660,-284.9092594023535
official_bc,47,661,-293.1248682922163
official_bc,47,662,-296.5396041817134
official_bc,47,663,-299.0059315000657
official_bc,47,664,-292.7217872176052
official_bc,47,665,-294.4618056530278
official_bc,47,666,-285.80863010263533
official_bc,47,667,-284.76567093918095
official_bc,47,668,-292.0359227244142
official_bc,47,669,-293.57864836607166
official_bc,47,670,-289.6926917036066
official_bc,47,671,-280.9714855895494
official_bc,47,672,-290.3473999059525
official_bc,47,673,-289.346650874333
official_bc,47,674,-284.00889499546315
official_bc,47,675,-291.7104511795476
official_bc,47,676,-294.33117755760804
official_bc,47,677,-292.37894751501824
official_bc,47,678,-294.8009712936693
official_bc,47,679,-295.31308938845416
official_bc,47,680,-289.5726093817228
official_bc,47,681,-296.35413180678506
official_bc,47,682,-293.2855967667892
official_bc,47,683,-294.074095639215
official_bc,47,684,-291.40884342360295
official_bc,47,685,-295.6779714652969
official_bc,47,686,-289.8491189968519
official_bc,47,687,-291.1998530057322
official_bc,47,688,-289.55456134830405
official_bc,47,689,-285.0001267805999
official_bc,47,690,-289.6173239056705
official_bc,47,691,-292.18923267340784
official_bc,47,692,-287.27516240141057
official_bc,47,693,-286.2223575176193
official_bc,47,694,-282.369741913979
official_bc,47,695,-287.4618964288848
official_bc,47,696,-288.5707048520817
official_bc,47,697,-294.0591756170616
official_bc,47,698,-299.27888431003845
official_bc,47,699,-294.32875656785245
official_bc,47,700,-287.52391281105724
official_bc,47,701,-299.986667433709
official_bc,47,702,-292.1565919353409
official_bc,47,703,-297.67195604681325
official_bc,47,704,-291.5060172689806
official_bc,47,705,-281.251311380656
official_bc,47,706,-290.15253065659306
official_bc,47,707,-289.3592692406149
official_bc,47,708,-285.12843829045096
official_bc,47,709,-287.97547143195254
official_bc,47,710,-292.61174232102286
official_bc,47,711,-292.12359505977236
official_bc,47,712,-288.0395641351505
official_bc,47,713,-287.4629103446949
official_bc,47,714,-294.9635273098171
official_bc,47,715,-291.1267957971944
official_bc,47,716,-297.73147293994896
official_bc,47,717,-298.2639215761602
official_bc,47,718,-295.12331667085
official_bc,47,719,-296.9389111016192
official_bc,47,720,-291.04155193752075
official_bc,47,721,-304.8480272971964
official_bc,47,722,-296.1399677109686
official_bc,47,723,-295.8601432231684
official_bc,47,724,-295.10968691020116
official_bc,47,725,-288.23439509682885
official_bc,47,726,-287.08675798156526
official_bc,47,727,-295.2703580810755
official_bc,47,728,-283.74725573357796
official_bc,47,729,-290.79660955824886
official_bc,47,730,-268.9552041776491
official_bc,47,731,-289.08112273884467
official_bc,47,732,-290.28940445068804
official_bc,47,733,-298.12966737795773
official_bc,47,734,-288.88860227430024
official_bc,47,735,-288.01177883461526
official_bc,47,736,-294.69701329128094
official_bc,47,737,-277.7149082987159
official_bc,47,738,-299.4465671256181
official_bc,47,739,-297.36120195841886
official_bc,47,740,-287.6351433200351
official_bc,47,741,-296.03134275661864
official_bc,47,742,-288.72102215708486
official_bc,47,743,-297.587826373752
official_bc,47,744,-297.39783218079833
official_bc,47,745,-295.4187671008955
official_bc,47,746,-290.5092110284433
official_bc,47,747,-290.88524580206854
official_bc,47,748,-294.4334175814004
official_bc,47,749,-281.7006773875573
official_bc,47,750,-293.67514646984904
official_bc,47,751,-294.20205145737026
official_bc,47,752,-289.5809820750874
official_bc,47,753,-289.01956336664483
official_bc,47,754,-291.1877560051408
official_bc,47,755,-291.32181737572404
official_bc,47,756,-290.43950950112986
official_bc,47,757,-297.6739748822241
official_bc,47,758,-290.17734134050625
official_bc,47,759,-290.11708456473394
official_bc,47,760,-287.76420204030705
official_bc,47,761,-291.75471405059517
official_bc,47,762,-286.1765532170566
official_bc,47,763,-290.7053360924109
official_bc,47,764,-291.6510077364139
official_bc,47,765,-289.66614934285343
official_bc,47,766,-292.80757690911344
official_bc,47,767,-292.7414044882856
official_bc,47,768,-292.6557574292427
official_bc,47,769,-295.19116484093024
official_bc,47,770,-292.42146440078966
official_bc,47,771,-301.1300178998967
official_bc,47,772,-283.5038652561609
official_bc,47,773,-290.0767587514291
official_bc,47,774,-283.4832730474909
official_bc,47,775,-287.8761002644008
official_bc,47,776,-294.6260864694286
official_bc,47,777,-294.7823574036088
official_bc,47,778,-300.8336600847215
official_bc,47,779,-295.35113111754106
official_bc,47,780,-287.4003174006856
official_bc,47,781,-288.4706362725508
official_bc,47,782,-284.20243228164077
official_bc,47,783,-283.68425861987305
official_bc,47,784,-295.371417452219
official_bc,47,785,-285.4280351906136
official_bc,47,786,-290.8040880968263
official_bc,47,787,-288.5940369228764
official_bc,47,788,-295.1679697101924
official_bc,47,789,-289.5267523274806
official_bc,47,790,-294.13986364347033
official_bc,47,791,-285.3377086819298
official_bc,47,792,-283.4766664150019
official_bc,47,793,-283.5829773014494
official_bc,47,794,-296.5119081468704
official_bc,47,795,-294.27850871364586
official_bc,47,796,-288.2700297049356
official_bc,47,797,-290.6654397853906
official_bc,47,798,-297.2455049029997
official_bc,47,799,-292.65194950169496
official_bc,47,800,-289.7140353714342
official_bc,47,801,-283.15439451821356
official_bc,47,802,-294.83299059468914
official_bc,47,803,-282.3021938008338
official_bc,47,804,-287.28555160609045
official_bc,47,805,-292.34057219089766
official_bc,47,806,-294.6433178391137
official_bc,47,807,-293.1024371102916
official_bc,47,808,-281.80674521624655
official_bc,47,809,-287.96363046008884
official_bc,47,810,-299.2112040819001
official_bc,47,811,-287.25181432985113
official_bc,47,812,-295.88830008437606
official_bc,47,813,-294.6739155210359
official_bc,47,814,-294.6211354525278
official_bc,47,815,-294.08638898574225
official_bc,47,816,-287.8421211403674
official_bc,47,817,-294.7208106931335
official_bc,47,818,-278.64848792376057
official_bc,47,819,-292.225375941044
official_bc,47,820,-293.76382665046356
official_bc,47,821,-291.05918279589724
official_bc,47,822,-292.6520026366293
official_bc,47,823,-290.797488261018
official_bc,47,824,-294.93210777911816
official_bc,47,825,-288.6792632011567
official_bc,47,826,-294.0725483211763
official_bc,47,827,-295.64294084797575
official_bc,47,828,-289.694180364731
official_bc,47,829,-289.5332912209158
official_bc,47,830,-291.7131569494825
official_bc,47,831,-292.5698450249191
official_bc,47,832,-290.6051624289272
official_bc,47,833,-297.21943108449335
official_bc,47,834,-283.7733181588502
official_bc,47,835,-292.66058342339056
official_bc,47,836,-283.2408678929679
official_bc,47,837,-281.2443006894363
official_bc,47,838,-292.6184770581891
official_bc,47,839,-291.3780627104178
official_bc,47,840,-292.7768261358417
official_bc,47,841,-295.7011360204165
official_bc,47,842,-291.8754498348154
official_bc,47,843,-293.0920329453788
official_bc,47,844,-294.7816614359984
official_bc,47,845,-284.05405978169017
official_bc,47,846,-293.5391701650691
official_bc,47,847,-293.87045248442007
official_bc,47,848,-286.95400893540443
official_bc,47,849,-284.9754681131334
official_bc,47,850,-295.0930725467015
official_bc,47,851,-291.82616836389093
official_bc,47,852,-290.0728842899253
official_bc,47,853,-293.96460698726116
official_bc,47,854,-285.440978170531
official_bc,47,855,-291.2197786163534
official_bc,47,856,-295.25789891175145
official_bc,47,857,-289.0620838525637
official_bc,47,858,-293.0450417335353
official_bc,47,859,-288.9397142252589
official_bc,47,860,-286.87604004461843
official_bc,47,861,-294.7044722481794
official_bc,47,862,-291.63238696056123
official_bc,47,863,-282.5490091266813
official_bc,47,864,-286.67295113763043
official_bc,47,865,-279.6738745653896
official_bc,47,866,-291.29875579827495
official_bc,47,867,-293.6373165102908
official_bc,47,868,-276.0560379041855
official_bc,47,869,-287.895063618099
official_bc,47,870,-300.12140475766944
official_bc,47,871,-296.2429941145917
official_bc,47,872,-295.4432078379564
official_bc,47,873,-286.0317978754906
official_bc,47,874,-292.0102282960468
official_bc,47,875,-296.5562879994573
official_bc,47,876,-294.4092271308878
official_bc,47,877,-276.91495072229026
official_bc,47,878,-294.7501172457833
official_bc,47,879,-295.07205818633696
official_bc,47,880,-294.76391035616757
official_bc,47,881,-290.0161751377996
official_bc,47,882,-290.4845563666968
official_bc,47,883,-289.7608403576352
official_bc,47,884,-283.7487043752684
official_bc,47,885,-292.97404301223474
official_bc,47,886,-291.6693105689332
official_bc,47,887,-283.85496643676674
official_bc,47,888,-291.7377808658282
official_bc,47,889,-298.49321759333003
official_bc,47,890,-292.11547837397984
official_bc,47,891,-293.2471889580589
official_bc,47,892,-294.1206320277198
official_bc,47,893,-286.4208236790732
official_bc,47,894,-294.68169767144155
official_bc,47,895,-292.0558370956903
official_bc,47,896,-297.1075016866942
official_bc,47,897,-290.88787761696676
official_bc,47,898,-271.30028093423635
official_bc,47,899,-289.5741213027401
official_bc,47,900,-278.1810338539283
official_bc,47,901,-297.05061728865684
official_bc,47,902,-289.69701500377676
official_bc,47,903,-284.1426896428617
official_bc,47,904,-292.7682410476241
official_bc,47,905,-294.342741832103
official_bc,47,906,-294.15680650666985
official_bc,47,907,-291.35285864402454
official_bc,47,908,-289.5855544048744
official_bc,47,909,-291.8583688506599
official_bc,47,910,-295.7718625131929
official_bc,47,911,-297.68502319715134
official_bc,47,912,-289.34309041906437
official_bc,47,913,-296.9868337093201
official_bc,47,914,-293.6074595081451
official_bc,47,915,-287.88705670747663
official_bc,47,916,-285.1514768753684
official_bc,47,917,-284.0388676438418
official_bc,47,918,-282.5605486130025
official_bc,47,919,-282.4999401096387
official_bc,47,920,-284.52114163633803
official_bc,47,921,-290.75576840567913
official_bc,47,922,-295.2357002603362
official_bc,47,923,-294.7210026553846
official_bc,47,924,-285.93855367373544
official_bc,47,925,-288.31199282131234
official_bc,47,926,-302.2605372513522
official_bc,47,927,-288.61016911032874
official_bc,47,928,-295.1963865517041
official_bc,47,929,-294.4615652339614
official_bc,47,930,-283.56632612953285
official_bc,47,931,-300.2534660325148
official_bc,47,932,-284.57550247218416
official_bc,47,933,-290.3872128189321
official_bc,47,934,-291.2110359543545
official_bc,47,935,-287.73702751403255
official_bc,47,936,-291.0559425422872
official_bc,47,937,-277.06793213146034
official_bc,47,938,-289.02077714047465
official_bc,47,939,-292.6705549158463
official_bc,47,940,-295.3319861461463
official_bc,47,941,-293.37674808753724
official_bc,47,942,-291.3101172282591
official_bc,47,943,-293.42445278126195
official_bc,47,944,-292.15722722927023
official_bc,47,945,-286.0450818874271
official_bc,47,946,-283.9795007594793
official_bc,47,947,-293.2064206667893
official_bc,47,948,-285.29336443071287
official_bc,47,949,-292.21636203904956
official_bc,47,950,-286.68035323409504
official_bc,47,951,-290.69462738556444
official_bc,47,952,-293.76959006659285
official_bc,47,953,-287.75229366905216
official_bc,47,954,-298.76164421942445
official_bc,47,955,-292.54849299517923
official_bc,47,956,-280.68335901426235
official_bc,47,957,-286.08239054029957
official_bc,47,958,-292.4726179202071
official_bc,47,959,-297.72567062376567
official_bc,47,960,-292.6238099361515
official_bc,47,961,-286.10482784499925
official_bc,47,962,-293.2479757981504
official_bc,47,963,-297.4452817453109
official_bc,47,964,-296.52718271214235
official_bc,47,965,-295.6780919209871
official_bc,47,966,-282.9949453860702
official_bc,47,967,-291.09368790708254
official_bc,47,968,-290.42534919648585
official_bc,47,969,-291.581401052764
official_bc,47,970,-295.1777767702676
official_bc,47,971,-297.02069945365145
official_bc,47,972,-292.54372229280966
official_bc,47,973,-286.11502236959706
official_bc,47,974,-284.86314818460596
official_bc,47,975,-290.5295991680226
official_bc,47,976,-295.80735005525
official_bc,47,977,-291.5934394343019
official_bc,47,978,-293.02804898791334
official_bc,47,979,-287.0485212229498
official_bc,47,980,-293.9734880313989
official_bc,47,981,-287.6781948617052
official_bc,47,982,-286.73239906377296
official_bc,47,983,-287.0845784004115
official_bc,47,984,-294.11433704141535
official_bc,47,985,-291.69737921689875
official_bc,47,986,-290.55024500766365
official_bc,47,987,-292.4210392836486
official_bc,47,988,-295.631679553489
official_bc,47,989,-293.5309096688301
official_bc,47,990,-295.59651095412676
official_bc,47,991,-287.8525821872735
official_bc,47,992,-296.18073304667007
official_bc,47,993,-288.33380174063177
official_bc,47,994,-285.7335237807275
official_bc,47,995,-295.5513746892367
official_bc,47,996,-294.5176749945289
official_bc,47,997,-294.075793604696
official_bc,47,998,-282.71569165898495
official_bc,47,999,-291.39979411161846
official_bc,47,1000,-281.53336846799897
official_bc,48,1,-193.89244414799094
official_bc,48,2,-203.3079690458315
official_bc,48,3,-209.74430497716963
official_bc,48,4,-202.95596876247538
official_bc,48,5,-200.20131431262257
official_bc,48,6,-189.08136337278546
official_bc,48,7,-239.1780458623335
official_bc,48,8,-276.3084431181968
official_bc,48,9,-184.84030197703888
official_bc,48,10,-291.4470255329183
official_bc,48,11,-224.38956956992786
official_bc,48,12,-275.6535701148913
official_bc,48,13,-267.09530173348827
official_bc,48,14,-191.0325303144096
official_bc,48,15,-168.40555171365537
official_bc,48,16,-228.88450991519267
official_bc,48,17,-278.9814352067272
official_bc,48,18,-214.45525975059547
official_bc,48,19,-301.4403218952034
official_bc,48,20,-276.4353286390432
official_bc,48,21,-303.3715853136881
official_bc,48,22,-256.9644640571263
official_bc,48,23,-178.4887763750613
official_bc,48,24,-219.6762672136071
official_bc,48,25,-307.03523603742406
official_bc,48,26,-262.0019158232672
official_bc,48,27,-235.3359117701476
official_bc,48,28,-237.9683394664766
official_bc,48,29,-233.8543013329395
official_bc,48,30,-296.4856090713785
official_bc,48,31,-178.60340049647198
official_bc,48,32,-283.2848746425677
official_bc,48,33,-279.54738494089764
official_bc,48,34,-273.2273552058419
official_bc,48,35,-274.801307668592
official_bc,48,36,-288.0526174141157
official_bc,48,37,-272.2441190614487
official_bc,48,38,-279.10857263639025
official_bc,48,39,-287.4999500837624
official_bc,48,40,-283.20346320764185
official_bc,48,41,-284.6179640082462
official_bc,48,42,-283.116614718585
official_bc,48,43,-274.18919624680865
official_bc,48,44,-275.2630423742361
official_bc,48,45,-273.9205659912929
official_bc,48,46,-277.4785489703688
official_bc,48,47,-274.7136285417682
official_bc,48,48,-277.72488213018755
official_bc,48,49,-278.4422274321555
official_bc,48,50,-277.3248230778893
official_bc,48,51,-281.58093942571446
official_bc,48,52,-286.7185255153501
official_bc,48,53,-287.6032698395539
official_bc,48,54,-294.6144197272704
official_bc,48,55,-291.2594941356039
official_bc,48,56,-296.6295454081729
official_bc,48,57,-291.61405003567694
official_bc,48,58,-281.21606983661684
official_bc,48,59,-306.8624348749983
official_bc,48,60,-298.9571315317945
official_bc,48,61,-300.44317663829617
official_bc,48,62,-296.2977163481916
official_bc,48,63,-297.58718403546857
official_bc,48,64,-295.06337276334915
official_bc,48,65,-292.65582053374857
official_bc,48,66,-291.41447686514084
official_bc,48,67,-283.3944349166701
official_bc,48,68,-276.40387566554244
official_bc,48,69,-277.63168708001155
official_bc,48,70,-281.36108959779233
official_bc,48,71,-282.331912378839
official_bc,48,72,-279.7764836785651
official_bc,48,73,-283.6547598284327
official_bc,48,74,-281.50093233394335
official_bc,48,75,-277.6741952156086
official_bc,48,76,-288.55744795079926
official_bc,48,77,-285.72733805797554
official_bc,48,78,-290.4263379225604
official_bc,48,79,-290.4694914676709
official_bc,48,80,-287.1666718237876
official_bc,48,81,-296.71763127887374
official_bc,48,82,-298.48297559759015
official_bc,48,83,-301.409788145748
official_bc,48,84,-298.70506919747254
official_bc,48,85,-291.6559113606862
official_bc,48,86,-289.087821774424
official_bc,48,87,-279.3188022675777
official_bc,48,88,-284.8152703224009
official_bc,48,89,-296.242589220661
official_bc,48,90,-289.3103658256257
official_bc,48,91,-278.0110650202795
official_bc,48,92,-291.8755581923597
official_bc,48,93,-276.92241390318077
official_bc,48,94,-287.5321378992884
official_bc,48,95,-289.79257008584455
official_bc,48,96,-288.3447409470758
official_bc,48,97,-294.71787530721787
official_bc,48,98,-293.70325198122737
official_bc,48,99,-289.7444613284729
official_bc,48,100,-292.69613068365436
official_bc,48,101,-299.1395766413867
official_bc,48,102,-283.6337709342584
official_bc,48,103,-295.9300853065306
official_bc,48,104,-294.78665214561295
official_bc,48,105,-279.1288760757558
official_bc,48,106,-279.25022140910147
official_bc,48,107,-292.00650964426944
official_bc,48,108,-286.5974322710581
official_bc,48,109,-288.63997155816656
official_bc,48,110,-280.4437690281607
official_bc,48,111,-284.56241617847036
official_bc,48,112,-281.24950010887704
official_bc,48,113,-292.0180325768465
official_bc,48,114,-295.5120581424265
official_bc,48,115,-288.13572259950723
official_bc,48,116,-292.2737570381884
official_bc,48,117,-294.87633955038746
official_bc,48,118,-292.77725905291527
official_bc,48,119,-291.698656981865
official_bc,48,120,-297.3982620423086
official_bc,48,121,-300.3240055258953
official_bc,48,122,-292.14859299988143
official_bc,48,123,-287.5947034813207
official_bc,48,124,-292.02362646435074
official_bc,48,125,-287.2465567542781
official_bc,48,126,-287.51582325851734
official_bc,48,127,-288.58813618964246
official_bc,48,128,-276.68312789860676
official_bc,48,129,-276.6862471387203
official_bc,48,130,-282.88141900459743
official_bc,48,131,-278.32805384150646
official_bc,48,132,-294.61031134095253
official_bc,48,133,-277.9553025456207
official_bc,48,134,-298.26454126945737
official_bc,48,135,-293.318267524885
official_bc,48,136,-294.343590378898
official_bc,48,137,-294.3947839171805
official_bc,48,138,-291.45943875548613
official_bc,48,139,-292.3088591290229
official_bc,48,140,-298.9895046059038
official_bc,48,141,-284.23819730484684
official_bc,48,142,-296.53766786738197
official_bc,48,143,-292.3897768746997
official_bc,48,144,-279.2197519001164
official_bc,48,145,-295.3659727376504
official_bc,48,146,-281.8090296553204
official_bc,48,147,-294.8745791852016
official_bc,48,148,-295.7785401666581
official_bc,48,149,-289.58651191493834
official_bc,48,150,-289.4791855928419
official_bc,48,151,-288.46270040499894
official_bc,48,152,-288.515415607675
official_bc,48,153,-294.93294036587884
official_bc,48,154,-293.9039648964108
official_bc,48,155,-290.65487718109836
official_bc,48,156,-281.49507211565094
official_bc,48,157,-296.9965193212524
official_bc,48,158,-299.96935731426055
official_bc,48,159,-295.28890738067844
official_bc,48,160,-288.68606592847783
official_bc,48,161,-298.08816517960906
official_bc,48,162,-294.3748295196433
official_bc,48,163,-290.7131297829263
official_bc,48,164,-296.5554405541736
official_bc,48,165,-296.19406469630593
official_bc,48,166,-289.50755295172274
official_bc,48,167,-284.64093370872024
official_bc,48,168,-288.27111596459275
official_bc,48,169,-290.34209139368204
official_bc,48,170,-275.04373335573024
official_bc,48,171,-295.61413977023676
official_bc,48,172,-291.52017896103183
official_bc,48,173,-286.97034346018665
official_bc,48,174,-301.9852421960731
official_bc,48,175,-298.96866469985133
official_bc,48,176,-286.3806372925616
official_bc,48,177,-300.91871733017723
official_bc,48,178,-291.717731653415
official_bc,48,179,-294.6803611960885
official_bc,48,180,-289.10897596057964
official_bc,48,181,-294.4716072423966
official_bc,48,182,-287.5290331816448
official_bc,48,183,-285.8618895317425
official_bc,48,184,-289.08208450061295
official_bc,48,185,-296.232614757671
official_bc,48,186,-284.86663859790485
official_bc,48,187,-282.8132945117386
official_bc,48,188,-286.9877098276296
official_bc,48,189,-287.58579285382626
official_bc,48,190,-287.18440973273687
official_bc,48,191,-292.626618546871
official_bc,48,192,-291.5317719116676
official_bc,48,193,-294.2160336763694
official_bc,48,194,-289.0208708490504
official_bc,48,195,-284.2468960602496
official_bc,48,196,-284.36266430434426
official_bc,48,197,-292.63773100312335
official_bc,48,198,-285.6112906506024
official_bc,48,199,-297.34395926893586
official_bc,48,200,-295.8388599139845
official_bc,48,201,-287.7514658297743
official_bc,48,202,-291.5625796557161
official_bc,48,203,-295.30665321249336
official_bc,48,204,-294.05839061054337
official_bc,48,205,-285.1179424397406
official_bc,48,206,-285.3629037043087
official_bc,48,207,-284.97484827208604
official_bc,48,208,-293.78859562926874
official_bc,48,209,-293.48646999330464
official_bc,48,210,-294.8888460069481
official_bc,48,211,-290.22295350297964
official_bc,48,212,-293.9321984047443
official_bc,48,213,-289.8355670483433
official_bc,48,214,-292.8229803915341
official_bc,48,215,-285.61023372828964
official_bc,48,216,-294.3206280580779
official_bc,48,217,-281.3628314455129
official_bc,48,218,-290.77151541991486
official_bc,48,219,-296.6057740529273
official_bc,48,220,-280.23788490188394
official_bc,48,221,-296.09622992461385
official_bc,48,222,-292.48425881652634
official_bc,48,223,-291.3259619856885
official_bc,48,224,-279.65835007016256
official_bc,48,225,-284.7987031872312
official_bc,48,226,-287.85056978724117
official_bc,48,227,-294.86678605828297
official_bc,48,228,-289.0633637566496
official_bc,48,229,-288.0672044130009
official_bc,48,230,-290.74927385661755
official_bc,48,231,-298.57757657207094
official_bc,48,232,-288.9496437931797
official_bc,48,233,-284.12608341748734
official_bc,48,234,-293.48977576985476
official_bc,48,235,-290.33732395022616
official_bc,48,236,-288.5717727894546
official_bc,48,237,-293.67655021990544
official_bc,48,238,-290.09751392332225
official_bc,48,239,-290.40456990470227
official_bc,48,240,-287.1939592533081
official_bc,48,241,-296.1696649147293
official_bc,48,242,-287.0982086369328
official_bc,48,243,-294.5349870196931
official_bc,48,244,-288.01495306687406
official_bc,48,245,-287.73295341231517
official_bc,48,246,-290.88642785276505
official_bc,48,247,-293.5702257050207
official_bc,48,248,-289.8952989670213
official_bc,48,249,-293.1020631389513
official_bc,48,250,-295.70569480512165
official_bc,48,251,-287.235685319128
official_bc,48,252,-289.6208375406434
official_bc,48,253,-294.48149238644737
official_bc,48,254,-289.42502716244167
official_bc,48,255,-294.89135705947217
official_bc,48,256,-298.1013484440823
official_bc,48,257,-289.7728498758642
official_bc,48,258,-296.96521515496545
official_bc,48,259,-294.8010812223407
official_bc,48,260,-289.41476909316924
official_bc,48,261,-291.7804076937647
official_bc,48,262,-291.81368710064714
official_bc,48,263,-284.1763027343736
official_bc,48,264,-273.9616185491556
official_bc,48,265,-284.68316636595625
official_bc,48,266,-296.4815907366631
official_bc,48,267,-294.05259184589
official_bc,48,268,-297.2267442726994
official_bc,48,269,-292.61855160446436
official_bc,48,270,-293.9896157690639
official_bc,48,271,-284.474344015713
official_bc,48,272,-284.99373932298215
official_bc,48,273,-295.45741870164954
official_bc,48,274,-297.72720242705384
official_bc,48,275,-288.3691281194425
official_bc,48,276,-287.09920600460026
official_bc,48,277,-289.44859787547574
official_bc,48,278,-298.2243334953761
official_bc,48,279,-282.09372155866384
official_bc,48,280,-287.7297761930909
official_bc,48,281,-295.67251583038524
official_bc,48,282,-275.68563278629824
official_bc,48,283,-285.10253404921593
official_bc,48,284,-287.1652722213166
official_bc,48,285,-290.6496770931922
official_bc,48,286,-286.4473641481308
official_bc,48,287,-292.12021891572067
official_bc,48,288,-287.26430874129414
official_bc,48,289,-291.39890218724184
official_bc,48,290,-288.4812053539723
official_bc,48,291,-296.5374877783407
official_bc,48,292,-282.0840917655056
official_bc,48,293,-290.0892358191628
official_bc,48,294,-292.83055038639355
official_bc,48,295,-291.59300855688684
official_bc,48,296,-298.21006576765757
official_bc,48,297,-288.4340140879182
official_bc,48,298,-293.87416435521584
official_bc,48,299,-297.2608480184307
official_bc,48,300,-282.7892648318502
official_bc,48,301,-285.80538094158203
official_bc,48,302,-290.0617698290829
official_bc,48,303,-297.83076077590727
official_bc,48,304,-288.19461331072273
official_bc,48,305,-291.6877660268169
official_bc,48,306,-295.6951745721954
official_bc,48,307,-296.1039639476736
official_bc,48,308,-293.80652566795607
official_bc,48,309,-291.6241868099594
official_bc,48,310,-290.5881862962034
official_bc,48,311,-295.4559208192053
official_bc,48,312,-293.11603809760675
official_bc,48,313,-280.65843838729114
official_bc,48,314,-289.99394961327494
official_bc,48,315,-290.16644924228876
official_bc,48,316,-289.1267378174191
official_bc,48,317,-287.29600703154813
official_bc,48,318,-287.0400725718845
official_bc,48,319,-293.03128452721495
official_bc,48,320,-289.42940461874264
official_bc,48,321,-262.2066926250669
official_bc,48,322,-293.19374910908573
official_bc,48,323,-289.06535698331095
official_bc,48,324,-295.9372273019405
official_bc,48,325,-296.12399230405106
official_bc,48,326,-296.0321079560265
official_bc,48,327,-287.007368934356
official_bc,48,328,-296.89280699745143
official_bc,48,329,-293.01591937367107
official_bc,48,330,-281.94962473977904
official_bc,48,331,-294.5102150331451
official_bc,48,332,-290.09872964580023
official_bc,48,333,-287.0028218174755
official_bc,48,334,-298.71149240150004
official_bc,48,335,-296.87405940745595
official_bc,48,336,-289.25345023789646
official_bc,48,337,-285.39041388787336
official_bc,48,338,-282.45590035460293
official_bc,48,339,-293.9850080401665
official_bc,48,340,-290.64846334799176
official_bc,48,341,-287.7384991684502
official_bc,48,342,-294.85012131149733
official_bc,48,343,-267.5497010017119
official_bc,48,344,-296.58860362209754
official_bc,48,345,-290.6670107838235
official_bc,48,346,-285.2165678571587
official_bc,48,347,-279.953504322391
official_bc,48,348,-293.6414871193355
official_bc,48,349,-296.19303398945954
official_bc,48,350,-287.43405511366296
official_bc,48,351,-296.7293451701286
official_bc,48,352,-295.61743865948927
official_bc,48,353,-292.1740611474768
official_bc,48,354,-296.83504970688546
official_bc,48,355,-293.94060383414165
official_bc,48,356,-299.7035227103994
official_bc,48,357,-290.4413132367225
official_bc,48,358,-286.70245194610226
official_bc,48,359,-280.61458529838416
official_bc,48,360,-291.7629801019254
official_bc,48,361,-285.77106729871815
official_bc,48,362,-279.2357768710972
official_bc,48,363,-293.38220227483066
official_bc,48,364,-275.41043819563515
official_bc,48,365,-282.120918766313
official_bc,48,366,-295.5884761013814
official_bc,48,367,-290.63147486635665
official_bc,48,368,-288.33732654119547
official_bc,48,369,-299.5403869290938
official_bc,48,370,-298.21394028431087
official_bc,48,371,-291.27906732189444
official_bc,48,372,-298.02787869930216
official_bc,48,373,-299.91859463936737
official_bc,48,374,-295.1316874083743
official_bc,48,375,-293.74689332332906
official_bc,48,376,-287.2730957087082
official_bc,48,377,-287.76506482507784
official_bc,48,378,-292.04369532461516
official_bc,48,379,-288.14411585145615
official_bc,48,380,-284.23624393596776
official_bc,48,381,-288.22177545258273
official_bc,48,382,-284.04066248219425
official_bc,48,383,-294.10791487074147
official_bc,48,384,-282.50032925855646
official_bc,48,385,-285.08469933879985
official_bc,48,386,-277.1742961478428
official_bc,48,387,-287.96102941107233
official_bc,48,388,-295.1134620514433
official_bc,48,389,-293.0233106827644
official_bc,48,390,-285.8817760993362
official_bc,48,391,-293.7233145842672
official_bc,48,392,-300.20047302303556
official_bc,48,393,-301.36481160798274
official_bc,48,394,-288.0941336271743
official_bc,48,395,-285.31477233097013
official_bc,48,396,-288.2964584974795
official_bc,48,397,-293.555572439772
official_bc,48,398,-296.4124267363275
official_bc,48,399,-291.6411448803421
official_bc,48,400,-292.52463251541076
official_bc,48,401,-289.2326527009594
official_bc,48,402,-293.30365249147906
official_bc,48,403,-296.4900839414414
official_bc,48,404,-291.02300264466055
official_bc,48,405,-292.9464985484177
official_bc,48,406,-295.91266185301
official_bc,48,407,-275.0251589107708
official_bc,48,408,-290.4604249283605
official_bc,48,409,-293.74359286036645
official_bc,48,410,-288.14181598251594
official_bc,48,411,-292.48159411574676
official_bc,48,412,-285.09727053922
official_bc,48,413,-292.855961053101
official_bc,48,414,-284.42760506874146
official_bc,48,415,-289.4903645882903
official_bc,48,416,-294.0267674193452
official_bc,48,417,-289.4941103707957
official_bc,48,418,-285.39423941285787
official_bc,48,419,-283.30405942850484
official_bc,48,420,-285.22380388358
official_bc,48,421,-287.31741465645854
official_bc,48,422,-284.63457313032995
official_bc,48,423,-290.9726495780395
official_bc,48,424,-297.1276641163257
official_bc,48,425,-290.44528394881036
official_bc,48,426,-290.87707573063733
official_bc,48,427,-298.4162588396487
official_bc,48,428,-293.77295585330427
official_bc,48,429,-291.239366547291
official_bc,48,430,-291.9371780543773
official_bc,48,431,-293.98876816976997
official_bc,48,432,-285.7973029285992
official_bc,48,433,-290.50401720240535
official_bc,48,434,-289.85851298567394
official_bc,48,435,-292.9095239229787
official_bc,48,436,-287.2795381347512
official_bc,48,437,-280.9591106973866
official_bc,48,438,-290.23745171184186
official_bc,48,439,-291.1948331930711
official_bc,48,440,-289.893871943235
official_bc,48,441,-284.06625654312427
official_bc,48,442,-290.24233467738907
official_bc,48,443,-291.0774641891081
official_bc,48,444,-292.1074700653783
official_bc,48,445,-292.1514711687172
official_bc,48,446,-296.56228240517237
official_bc,48,447,-294.68394156603284
official_bc,48,448,-298.5265990984378
official_bc,48,449,-295.736655364144
official_bc,48,450,-294.71740884123176
official_bc,48,451,-293.3607897470516
official_bc,48,452,-287.12328198957965
official_bc,48,453,-290.02632214705557
official_bc,48,454,-285.5673198184007
official_bc,48,455,-286.9367083308773
official_bc,48,456,-290.19013091186036
official_bc,48,457,-286.1317152443497
official_bc,48,458,-286.11770248096883
official_bc,48,459,-279.3517069534795
official_bc,48,460,-283.7315305760404
official_bc,48,461,-287.76009806828137
official_bc,48,462,-284.4564828873373
official_bc,48,463,-296.2174822794069
official_bc,48,464,-292.8464028672969
official_bc,48,465,-293.08384516595936
official_bc,48,466,-290.8176759530006
official_bc,48,467,-293.9443432815491
official_bc,48,468,-273.36267902959554
official_bc,48,469,-295.6296760708924
official_bc,48,470,-295.43843849537495
official_bc,48,471,-289.3499040862789
official_bc,48,472,-284.88495655347856
official_bc,48,473,-297.5647919426511
official_bc,48,474,-285.08584249810224
official_bc,48,475,-293.9491787544787
official_bc,48,476,-292.0591191615527
official_bc,48,477,-291.5975502275163
official_bc,48,478,-293.294200253975
official_bc,48,479,-295.7188360982802
official_bc,48,480,-291.981656767529
official_bc,48,481,-286.74746406578726
official_bc,48,482,-290.4085815881515
official_bc,48,483,-288.6696255903337
official_bc,48,484,-289.89853772080767
official_bc,48,485,-287.0513541688501
official_bc,48,486,-298.9592680359399
official_bc,48,487,-291.3577560045844
official_bc,48,488,-291.76680801668954
official_bc,48,489,-298.13725689209133
official_bc,48,490,-280.7121929282239
official_bc,48,491,-294.16411459491894
official_bc,48,492,-297.7513482735694
official_bc,48,493,-297.509858514669
official_bc,48,494,-286.827733394695
official_bc,48,495,-295.20757196285615
official_bc,48,496,-284.6256917019963
official_bc,48,497,-295.8541915300917
official_bc,48,498,-295.07347158195057
official_bc,48,499,-287.0454864741456
official_bc,48,500,-287.0579281897603
official_bc,48,501,-293.7589989938201
official_bc,48,502,-290.7453804587005
official_bc,48,503,-293.5076400420993
official_bc,48,504,-282.2379546235134
official_bc,48,505,-292.852032727001
official_bc,48,506,-287.30981646918514
official_bc,48,507,-285.4096835942178
official_bc,48,508,-302.4424841648745
official_bc,48,509,-290.5927895344765
official_bc,48,510,-299.55874231385735
official_bc,48,511,-291.20250355476986
official_bc,48,512,-294.05170267433186
official_bc,48,513,-296.5202421230631
official_bc,48,514,-294.64036703429656
official_bc,48,515,-293.2695563497195
official_bc,48,516,-283.7571950746011
official_bc,48,517,-293.40209099477755
official_bc,48,518,-284.6223297556082
official_bc,48,519,-289.065399079615
official_bc,48,520,-286.235846048092
official_bc,48,521,-296.8305732337981
official_bc,48,522,-288.8516933669725
official_bc,48,523,-289.1464904622639
official_bc,48,524,-288.5345015927975
official_bc,48,525,-295.47761002658086
official_bc,48,526,-292.6846644130796
official_bc,48,527,-290.8647350526304
official_bc,48,528,-292.80472167220825
official_bc,48,529,-298.32074663503215
official_bc,48,530,-296.0680766021403
official_bc,48,531,-284.66074477495744
official_bc,48,532,-296.22935813765037
official_bc,48,533,-294.53234559646484
official_bc,48,534,-293.9548172027261
official_bc,48,535,-295.386396360271
official_bc,48,536,-294.54503504976367
official_bc,48,537,-279.75316459209233
official_bc,48,538,-290.8660419329691
official_bc,48,539,-287.9737477167124
official_bc,48,540,-284.94401367864896
official_bc,48,541,-292.3577024339987
official_bc,48,542,-290.70337406376694
official_bc,48,543,-292.34074819935574
official_bc,48,544,-295.6854287356336
official_bc,48,545,-280.43052858660934
official_bc,48,546,-297.0665103892854
official_bc,48,547,-290.52788877791846
official_bc,48,548,-294.8214105783952
official_bc,48,549,-293.44007693114145
official_bc,48,550,-298.8992293400738
official_bc,48,551,-285.9337950555456
official_bc,48,552,-292.370468943934
official_bc,48,553,-293.8361823444827
official_bc,48,554,-290.2700010043207
official_bc,48,555,-296.19849820605873
official_bc,48,556,-293.99114211821757
official_bc,48,557,-283.37745618649546
official_bc,48,558,-287.4239861741218
official_bc,48,559,-289.55910716118825
official_bc,48,560,-293.97873717591347
official_bc,48,561,-290.8909727439169
official_bc,48,562,-290.26518500457644
official_bc,48,563,-292.2389786509432
official_bc,48,564,-293.4439806920037
official_bc,48,565,-283.52356662783154
official_bc,48,566,-296.8875952823805
official_bc,48,567,-292.11604007393913
official_bc,48,568,-289.43311922921635
official_bc,48,569,-295.5531066238078
official_bc,48,570,-294.4774283104672
official_bc,48,571,-289.05324917058584
official_bc,48,572,-289.9455284726301
official_bc,48,573,-296.28906714654624
official_bc,48,574,-292.21190531547256
official_bc,48,575,-296.477188607055
official_bc,48,576,-294.0870448141904
official_bc,48,577,-289.18327933994976
official_bc,48,578,-290.2793319773873
official_bc,48,579,-285.4470758795691
official_bc,48,580,-292.2206699031971
official_bc,48,581,-282.5292656449677
official_bc,48,582,-291.82683446372323
official_bc,48,583,-282.16677409054455
official_bc,48,584,-288.2136205736069
official_bc,48,585,-292.571720458574
official_bc,48,586,-294.28798392414274
official_bc,48,587,-293.34023564833967
official_bc,48,588,-294.14432966564965
official_bc,48,589,-296.4392257408283
official_bc,48,590,-296.99006157705355
official_bc,48,591,-294.4060842733942
official_bc,48,592,-292.4992925929504
official_bc,48,593,-293.16406804396877
official_bc,48,594,-290.32433916396735
official_bc,48,595,-296.1800114763253
official_bc,48,596,-290.489933993464
official_bc,48,597,-290.2148340685195
official_bc,48,598,-293.1282048371083
official_bc,48,599,-287.4180618411481
official_bc,48,600,-265.905130136108
official_bc,48,601,-293.2562871523319
official_bc,48,602,-291.5979060437675
official_bc,48,603,-278.26461895225043
official_bc,48,604,-278.22231539401463
official_bc,48,605,-296.3871673504413
official_bc,48,606,-293.64757509004505
official_bc,48,607,-295.70462937197055
official_bc,48,608,-287.9863886390922
official_bc,48,609,-298.21988366086794
official_bc,48,610,-299.92221211019023
official_bc,48,611,-293.8156878045838
official_bc,48,612,-287.0378766453177
official_bc,48,613,-291.77199394964657
official_bc,48,614,-294.0975620110688
official_bc,48,615,-290.2009937746545
official_bc,48,616,-295.98214077449245
official_bc,48,617,-282.5704904133492
official_bc,48,618,-291.92868613890266
official_bc,48,619,-297.6060410809993
official_bc,48,620,-294.92080036211553
official_bc,48,621,-286.2595318712316
official_bc,48,622,-271.61983824687496
official_bc,48,623,-286.47828036636787
official_bc,48,624,-295.37031069180813
official_bc,48,625,-279.34088071717724
official_bc,48,626,-289.1637602232444
official_bc,48,627,-296.3533477945292
official_bc,48,628,-299.26867085257885
official_bc,48,629,-292.724729802648
official_bc,48,630,-286.9005524066015
official_bc,48,631,-292.1657003846661
official_bc,48,632,-288.43201046634124
official_bc,48,633,-292.6019926846218
official_bc,48,634,-293.71888666424405
official_bc,48,635,-283.8707462518388
official_bc,48,636,-291.2369173269468
official_bc,48,637,-286.76359294853614
official_bc,48,638,-290.65492426456444
official_bc,48,639,-289.88519687641457
official_bc,48,640,-286.35323168309003
official_bc,48,641,-284.4976630538892
official_bc,48,642,-292.2092842695097
official_bc,48,643,-297.25676350509906
official_bc,48,644,-299.3334367897795
official_bc,48,645,-293.87458772206276
official_bc,48,646,-294.94196728002476
official_bc,48,647,-285.9967311688867
official_bc,48,648,-291.68639963366286
official_bc,48,649,-289.0319262732033
official_bc,48,650,-292.34106997136576
official_bc,48,651,-282.6356579878363
official_bc,48,652,-287.0903922880859
official_bc,48,653,-281.91572014100734
official_bc,48,654,-294.00471453261804
official_bc,48,655,-287.9965265900489
official_bc,48,656,-288.2270685094578
official_bc,48,657,-294.45855004038276
official_bc,48,658,-291.2349990039347
official_bc,48,659,-295.6581980534824
official_bc,48,660,-294.78746627105096
official_bc,48,661,-290.53839497722237
official_bc,48,662,-281.6103445655102
official_bc,48,663,-279.74735650675575
official_bc,48,664,-282.0704378222411
official_bc,48,665,-285.20104368655734
official_bc,48,666,-281.69928366318834
official_bc,48,667,-288.28189800223925
official_bc,48,668,-294.36513951726994
official_bc,48,669,-290.3036350013908
official_bc,48,670,-291.70366161311347
official_bc,48,671,-291.59420082102577
official_bc,48,672,-281.3014748693416
official_bc,48,673,-295.62236845052837
official_bc,48,674,-300.0772586563682
official_bc,48,675,-291.5109845661174
official_bc,48,676,-293.21540242529795
official_bc,48,677,-295.5965723172987
official_bc,48,678,-293.15810843898055
official_bc,48,679,-299.1646887208532
official_bc,48,680,-296.54913993283094
official_bc,48,681,-294.4559918616172
official_bc,48,682,-292.0081535276571
official_bc,48,683,-290.42894175813177
official_bc,48,684,-293.7651351790757
official_bc,48,685,-288.40125125150274
official_bc,48,686,-280.87116922849816
official_bc,48,687,-292.6736061593304
official_bc,48,688,-293.59306754360676
official_bc,48,689,-286.5157819718639
official_bc,48,690,-291.7263661138144
official_bc,48,691,-285.57504021171053
official_bc,48,692,-287.2393641989505
official_bc,48,693,-296.2896545238435
official_bc,48,694,-283.13235829821326
official_bc,48,695,-293.2882493428788
official_bc,48,696,-289.9748524351046
official_bc,48,697,-288.1716804847138
official_bc,48,698,-299.04946444706866
official_bc,48,699,-298.1743598286321
official_bc,48,700,-293.45943231601973
official_bc,48,701,-283.86112548710514
official_bc,48,702,-290.06332464676007
official_bc,48,703,-288.7980044436286
official_bc,48,704,-295.9749653367141
official_bc,48,705,-296.64290583900925
official_bc,48,706,-294.940748867763
official_bc,48,707,-287.3430909198827
official_bc,48,708,-289.0482593219439
official_bc,48,709,-291.1578657570712
official_bc,48,710,-288.18697547587647
official_bc,48,711,-293.0245162070352
official_bc,48,712,-287.23153174817196
official_bc,48,713,-293.999842300515
official_bc,48,714,-286.3034405980525
official_bc,48,715,-292.08518979244013
official_bc,48,716,-292.9220263420376
official_bc,48,717,-300.8365969449962
official_bc,48,718,-297.85391130594445
official_bc,48,719,-290.350218639848
official_bc,48,720,-293.2193744186079
official_bc,48,721,-289.85132234115974
official_bc,48,722,-294.05936742887224
official_bc,48,723,-289.8509330326903
official_bc,48,724,-290.2093132537035
official_bc,48,725,-289.469384083252
official_bc,48,726,-289.21950174932414
official_bc,48,727,-293.66701395489076
official_bc,48,728,-294.37456432404167
official_bc,48,729,-287.1215023654293
official_bc,48,730,-293.3546985885737
official_bc,48,731,-285.98463813787424
official_bc,48,732,-291.0334952666733
official_bc,48,733,-294.0785726408906
official_bc,48,734,-283.63709150581406
official_bc,48,735,-295.4473896420759
official_bc,48,736,-292.1779611918025
official_bc,48,737,-286.3636118319215
official_bc,48,738,-293.3379576110983
official_bc,48,739,-282.8271905804527
official_bc,48,740,-295.8736378526031
official_bc,48,741,-292.9393334890597
official_bc,48,742,-293.01122508904103
official_bc,48,743,-280.5986837295109
official_bc,48,744,-277.83728219982675
official_bc,48,745,-284.1550969533711
official_bc,48,746,-295.6231558903791
official_bc,48,747,-298.89331957891835
official_bc,48,748,-289.2380855392497
official_bc,48,749,-294.6393715534993
official_bc,48,750,-292.08595073591107
official_bc,48,751,-296.2902142810165
official_bc,48,752,-295.18110215349606
official_bc,48,753,-287.5540309043921
official_bc,48,754,-280.66378189678676
official_bc,48,755,-294.1863480044373
official_bc,48,756,-285.2985943302903
official_bc,48,757,-294.3967517825033
official_bc,48,758,-287.52117800072557
official_bc,48,759,-286.07019004650516
official_bc,48,760,-292.67882612926496
official_bc,48,761,-297.12915522714275
official_bc,48,762,-292.8008348608988
official_bc,48,763,-291.3619301010867
official_bc,48,764,-293.04693433238947
official_bc,48,765,-290.9444545688069
official_bc,48,766,-289.2032305804986
official_bc,48,767,-285.83642618732483
official_bc,48,768,-293.26384917658334
official_bc,48,769,-287.88353484114236
official_bc,48,770,-298.4809494368195
official_bc,48,771,-292.8220441063838
official_bc,48,772,-297.20151043852707
official_bc,48,773,-295.36113024997024
official_bc,48,774,-292.88436018728834
official_bc,48,775,-291.05088268737995
official_bc,48,776,-294.5053527736483
official_bc,48,777,-285.4811485594173
official_bc,48,778,-295.1308194652448
official_bc,48,779,-292.0359843973833
official_bc,48,780,-297.8710442285461
official_bc,48,781,-276.7774491211615
official_bc,48,782,-296.05439260748267
official_bc,48,783,-288.6771386441246
official_bc,48,784,-287.85458797100694
official_bc,48,785,-295.68831728364603
official_bc,48,786,-284.4300746151932
official_bc,48,787,-295.1196835580357
official_bc,48,788,-290.8396761494679
official_bc,48,789,-293.1751065251459
official_bc,48,790,-295.42029545993546
official_bc,48,791,-292.2267594917834
official_bc,48,792,-298.47514464640483
official_bc,48,793,-285.9223882815206
official_bc,48,794,-268.05102629600964
official_bc,48,795,-290.36075240130947
official_bc,48,796,-292.53975061542627
official_bc,48,797,-296.52690836875513
official_bc,48,798,-291.72843801784006
official_bc,48,799,-290.0805885578248
official_bc,48,800,-290.47163099690613
official_bc,48,801,-294.42187925382405
official_bc,48,802,-286.26604132901355
official_bc,48,803,-292.6562825333737
official_bc,48,804,-285.57759259572686
official_bc,48,805,-291.9848916972787
official_bc,48,806,-288.1053804288895
official_bc,48,807,-286.95866081816473
official_bc,48,808,-290.52680277725204
official_bc,48,809,-292.5323703848313
official_bc,48,810,-295.1277215827688
official_bc,48,811,-297.5423051544954
official_bc,48,812,-288.60339206766935
official_bc,48,813,-294.89354889351074
official_bc,48,814,-291.35607048715303
official_bc,48,815,-292.5418065358119
official_bc,48,816,-280.2697747307321
official_bc,48,817,-288.5296921187595
official_bc,48,818,-291.8374368523258
official_bc,48,819,-290.83170910548984
official_bc,48,820,-291.96560864728366
official_bc,48,821,-293.38505073253657
official_bc,48,822,-282.43582598255097
official_bc,48,823,-284.4726011422349
official_bc,48,824,-290.1057092636525
official_bc,48,825,-291.13734110649693
official_bc,48,826,-292.46492248174144
official_bc,48,827,-290.37639071274515
official_bc,48,828,-295.3430530969029
official_bc,48,829,-293.98442402631696
official_bc,48,830,-294.48725492962024
official_bc,48,831,-280.4301489142564
official_bc,48,832,-294.1470528928133
official_bc,48,833,-296.28866553965725
official_bc,48,834,-290.0253158516101
official_bc,48,835,-293.43241761656446
official_bc,48,836,-291.1401827281251
official_bc,48,837,-293.2331987813488
official_bc,48,838,-285.9028662779421
official_bc,48,839,-285.1542809331598
official_bc,48,840,-292.3832962886659
official_bc,48,841,-283.71410019361247
official_bc,48,842,-293.9974097760136
official_bc,48,843,-284.06812234894585
official_bc,48,844,-288.85944277851064
official_bc,48,845,-291.3494084152367
official_bc,48,846,-293.2400498139591
official_bc,48,847,-293.28485292627244
official_bc,48,848,-294.161868637626
official_bc,48,849,-288.4873458371961
official_bc,48,850,-293.904314299151
official_bc,48,851,-296.2397718271889
official_bc,48,852,-288.2492855678887
official_bc,48,853,-287.2145806229582
official_bc,48,854,-290.41663499124286
official_bc,48,855,-297.57240864250855
official_bc,48,856,-282.0896775553956
official_bc,48,857,-290.0120725149435
official_bc,48,858,-284.68410537265277
official_bc,48,859,-282.66467771357935
official_bc,48,860,-293.32828614801053
official_bc,48,861,-292.577441880283
official_bc,48,862,-291.48071345837377
official_bc,48,863,-285.19533917198885
official_bc,48,864,-284.16978709016286
official_bc,48,865,-291.7635230708367
official_bc,48,866,-289.39994312834745
official_bc,48,867,-292.5755567636594
official_bc,48,868,-291.8573904126333
official_bc,48,869,-270.0867241288963
official_bc,48,870,-295.1900452744169
official_bc,48,871,-297.2027130671474
official_bc,48,872,-293.7748055572256
official_bc,48,873,-290.1235865231602
official_bc,48,874,-294.26377097731324
official_bc,48,875,-284.34110378081687
official_bc,48,876,-295.7127917981818
official_bc,48,877,-296.4068307761239
official_bc,48,878,-296.2093173990475
official_bc,48,879,-300.8751569130933
official_bc,48,880,-292.8780082618616
official_bc,48,881,-287.7171268225237
official_bc,48,882,-281.4077730211498
official_bc,48,883,-272.3888216956026
official_bc,48,884,-284.15824305322474
official_bc,48,885,-291.7863955159999
official_bc,48,886,-287.6945507858676
official_bc,48,887,-295.49799914032826
official_bc,48,888,-289.3687383282896
official_bc,48,889,-299.6329922826567
official_bc,48,890,-302.9765840620138
official_bc,48,891,-295.10397536381345
official_bc,48,892,-293.0225913505533
official_bc,48,893,-285.60031877478906
official_bc,48,894,-291.1079860682507
official_bc,48,895,-296.87498420809055
official_bc,48,896,-282.01261299622774
official_bc,48,897,-292.6706843516296
official_bc,48,898,-289.14983086815175
official_bc,48,899,-294.00259794058127
official_bc,48,900,-294.88488252709436
official_bc,48,901,-284.81061784137967
official_bc,48,902,-294.2223971868531
official_bc,48,903,-290.6268569179237
official_bc,48,904,-284.8533773450646
official_bc,48,905,-293.44120416388387
official_bc,48,906,-281.7078546301751
official_bc,48,907,-273.68830944493266
official_bc,48,908,-284.6983605646768
official_bc,48,909,-293.5316420174174
official_bc,48,910,-298.6400176485325
official_bc,48,911,-292.8224857466187
official_bc,48,912,-287.06651384283043
official_bc,48,913,-289.8010045896079
official_bc,48,914,-296.832673525116
official_bc,48,915,-293.31900262085105
official_bc,48,916,-288.6544908179738
official_bc,48,917,-282.3227744194869
official_bc,48,918,-292.5817146219347
official_bc,48,919,-293.7942906862157
official_bc,48,920,-296.1970367144979
official_bc,48,921,-287.19661279190893
official_bc,48,922,-288.0329725137592
official_bc,48,923,-296.8651073342216
official_bc,48,924,-279.7722385889995
official_bc,48,925,-284.0761455326375
official_bc,48,926,-289.09050284833097
official_bc,48,927,-281.0736297929134
official_bc,48,928,-292.1724456957373
official_bc,48,929,-298.0436377789295
official_bc,48,930,-297.1885867529732
official_bc,48,931,-296.7036038599475
official_bc,48,932,-291.8651781941127
official_bc,48,933,-288.9847436932646
official_bc,48,934,-293.58360288938303
official_bc,48,935,-293.8264243949962
official_bc,48,936,-299.7293725468088
official_bc,48,937,-289.8841379795615
official_bc,48,938,-282.7437020340642
official_bc,48,939,-289.558944080732
official_bc,48,940,-295.8109181572226
official_bc,48,941,-284.0838134161693
official_bc,48,942,-292.61489667205683
official_bc,48,943,-282.98130067158115
official_bc,48,944,-286.3475232312739
official_bc,48,945,-292.23258840011
official_bc,48,946,-273.92206541512303
official_bc,48,947,-291.79181250660736
official_bc,48,948,-292.4610737792119
official_bc,48,949,-291.0247558204244
official_bc,48,950,-296.7363565881144
official_bc,48,951,-289.063527100746
official_bc,48,952,-293.7604674548998
official_bc,48,953,-292.0647637682288
official_bc,48,954,-295.6155473776757
official_bc,48,955,-297.10575578300416
official_bc,48,956,-298.83481467087734
official_bc,48,957,-292.30198104579136
official_bc,48,958,-291.3520042871272
official_bc,48,959,-288.08351236491626
official_bc,48,960,-289.42871436027264
official_bc,48,961,-294.5849514690402
official_bc,48,962,-272.6525296377027
official_bc,48,963,-280.954905221266
official_bc,48,964,-271.3450008163167
official_bc,48,965,-294.5054382883726
official_bc,48,966,-297.05386547279045
official_bc,48,967,-293.0918286733554
official_bc,48,968,-281.8811534524947
official_bc,48,969,-291.4644917758162
official_bc,48,970,-298.40570813080103
official_bc,48,971,-290.1677358595053
official_bc,48,972,-296.3649887442994
official_bc,48,973,-286.23604537097526
official_bc,48,974,-300.3274813541133
official_bc,48,975,-289.37173341714134
official_bc,48,976,-291.0027663703018
official_bc,48,977,-300.2460570325986
official_bc,48,978,-297.97464712116727
official_bc,48,979,-292.95615582844124
official_bc,48,980,-295.8496931226519
official_bc,48,981,-289.50751312583157
official_bc,48,982,-290.12326014325845
official_bc,48,983,-291.78356197128994
official_bc,48,984,-291.23271236997186
official_bc,48,985,-283.31733789394116
official_bc,48,986,-291.1205233847143
official_bc,48,987,-284.30453587970584
official_bc,48,988,-293.78085062282656
official_bc,48,989,-293.648158358224
official_bc,48,990,-295.7878426109025
official_bc,48,991,-295.67197460031355
official_bc,48,992,-281.4215916807033
official_bc,48,993,-289.4579290332697
official_bc,48,994,-292.63221952065635
official_bc,48,995,-287.9204474130706
official_bc,48,996,-280.15715529927564
official_bc,48,997,-281.9622772886516
official_bc,48,998,-291.7832725929161
official_bc,48,999,-288.80712544862695
official_bc,48,1000,-292.99127170067857
official_bc,49,1,-198.9500246082756
official_bc,49,2,-242.82517815571055
official_bc,49,3,-205.5152008725392
official_bc,49,4,-223.75413905715553
official_bc,49,5,-196.67501718460346
official_bc,49,6,-197.81343955784166
official_bc,49,7,-193.9149668677806
official_bc,49,8,-255.363729346911
official_bc,49,9,-168.20739701417094
official_bc,49,10,-174.00656589801736
official_bc,49,11,-258.4484458619719
official_bc,49,12,-289.44877230180697
official_bc,49,13,-221.35351185186917
official_bc,49,14,-235.54820940628957
official_bc,49,15,-202.23587155434666
official_bc,49,16,-288.35618077824313
official_bc,49,17,-237.8400885219512
official_bc,49,18,-257.1765122934392
official_bc,49,19,-243.60068457650408
official_bc,49,20,-216.70710064933502
official_bc,49,21,-202.98933039368862
official_bc,49,22,-179.5744895723682
official_bc,49,23,-313.35027023759096
official_bc,49,24,-291.4581987106135
official_bc,49,25,-169.7882877035828
official_bc,49,26,-198.02656258270645
official_bc,49,27,-211.68313415756165
official_bc,49,28,-217.44411800030042
official_bc,49,29,-171.0865144533057
official_bc,49,30,-219.96042258952912
official_bc,49,31,-308.14784152540227
official_bc,49,32,-301.45699130894155
official_bc,49,33,-295.6916551888938
official_bc,49,34,-284.87449739477336
official_bc,49,35,-284.3142664820308
official_bc,49,36,-298.29460013243875
official_bc,49,37,-298.33362426660415
official_bc,49,38,-288.64740286276253
official_bc,49,39,-291.99231296011135
official_bc,49,40,-282.1664747631452
official_bc,49,41,-283.84508470866155
official_bc,49,42,-278.4748226465763
official_bc,49,43,-268.0569639066838
official_bc,49,44,-275.07612675310247
official_bc,49,45,-258.95497084636213
official_bc,49,46,-258.4573279193801
official_bc,49,47,-256.974259632438
official_bc,49,48,-252.53190309892796
official_bc,49,49,-241.88191522897372
official_bc,49,50,-251.58380716978715
official_bc,49,51,-253.68938571710163
official_bc,49,52,-255.15970162674168
official_bc,49,53,-246.7207051486661
official_bc,49,54,-258.86063626025
official_bc,49,55,-273.7639678284464
official_bc,49,56,-267.7988862632896
official_bc,49,57,-290.7892776917448
official_bc,49,58,-300.8920734905025
official_bc,49,59,-297.4545982620938
official_bc,49,60,-303.1930592870572
official_bc,49,61,-303.9018636085311
official_bc,49,62,-310.3780204190109
official_bc,49,63,-299.628801096423
official_bc,49,64,-298.4333763080217
official_bc,49,65,-305.4177178706504
official_bc,49,66,-298.28830529624776
official_bc,49,67,-294.22445370965056
official_bc,49,68,-284.70965196636655
official_bc,49,69,-294.68776179059455
official_bc,49,70,-286.59829955665975
official_bc,49,71,-290.04326942705654
official_bc,49,72,-293.9180992839697
official_bc,49,73,-287.8393700698058
official_bc,49,74,-297.9760393105287
official_bc,49,75,-290.2498956346599
official_bc,49,76,-298.87943447209227
official_bc,49,77,-297.1377079672641
official_bc,49,78,-289.85880236873453
official_bc,49,79,-301.98074677076664
official_bc,49,80,-294.3039296262513
official_bc,49,81,-281.0760942643502
official_bc,49,82,-296.7866182478065
official_bc,49,83,-286.8893748357427
official_bc,49,84,-278.37354413727496
official_bc,49,85,-285.50115104652514
official_bc,49,86,-284.1441569561171
official_bc,49,87,-288.854547221332
official_bc,49,88,-282.98557921448173
official_bc,49,89,-283.46721692521
official_bc,49,90,-284.3949318560226
official_bc,49,91,-286.2318043727241
official_bc,49,92,-290.2752556021607
official_bc,49,93,-282.8966704763244
official_bc,49,94,-292.7295423358951
official_bc,49,95,-296.194201544055
official_bc,49,96,-301.1684398945664
official_bc,49,97,-294.67218903470376
official_bc,49,98,-293.4799672364569
official_bc,49,99,-285.3337869599633
official_bc,49,100,-299.44783740637973
official_bc,49,101,-301.934795659219
official_bc,49,102,-288.36400210937165
official_bc,49,103,-296.5437396590207
official_bc,49,104,-297.43957348975374
official_bc,49,105,-297.0095909407831
official_bc,49,106,-285.19018228539744
official_bc,49,107,-292.4693544906726
official_bc,49,108,-289.151810470235
official_bc,49,109,-289.5562658848544
official_bc,49,110,-280.483289430598
official_bc,49,111,-285.6667645721276
official_bc,49,112,-286.36708429662804
official_bc,49,113,-288.34134749593545
official_bc,49,114,-283.4386634955878
official_bc,49,115,-292.227259309051
official_bc,49,116,-281.22633851680337
official_bc,49,117,-293.67421856596525
official_bc,49,118,-289.2935096335259
official_bc,49,119,-293.11574797044744
official_bc,49,120,-295.3356351645709
official_bc,49,121,-290.24377740110174
official_bc,49,122,-293.4141713106455
official_bc,49,123,-295.7192471135798
official_bc,49,124,-291.2146691960866
official_bc,49,125,-290.65252924857805
official_bc,49,126,-292.18554999542107
official_bc,49,127,-289.2434536039945
official_bc,49,128,-288.85547409036144
official_bc,49,129,-283.2361048101139
official_bc,49,130,-287.16588873205444
official_bc,49,131,-286.6421321599592
official_bc,49,132,-285.604688371818
official_bc,49,133,-290.95807885168733
official_bc,49,134,-287.65041882117475
official_bc,49,135,-288.7567092478311
official_bc,49,136,-286.2699573328787
official_bc,49,137,-278.63737024911006
official_bc,49,138,-290.91289870343326
official_bc,49,139,-300.32858689122867
official_bc,49,140,-286.57909351222236
official_bc,49,141,-288.4614105703434
official_bc,49,142,-281.32876804036334
official_bc,49,143,-279.69413524116413
official_bc,49,144,-291.53789988801884
official_bc,49,145,-285.9803283088397
official_bc,49,146,-287.71118368802365
official_bc,49,147,-285.98885964201247
official_bc,49,148,-287.21809066692686
official_bc,49,149,-290.6149779011961
official_bc,49,150,-292.5441305645729
official_bc,49,151,-289.6101888417192
official_bc,49,152,-289.6998492726178
official_bc,49,153,-296.07301648052163
official_bc,49,154,-287.05387022668936
official_bc,49,155,-291.6526774901955
official_bc,49,156,-291.98609258193466
official_bc,49,157,-292.2292697435168
official_bc,49,158,-294.3783854359417
official_bc,49,159,-291.7264807408287
official_bc,49,160,-273.2599255907873
official_bc,49,161,-296.379585008521
official_bc,49,162,-277.3922527637255
official_bc,49,163,-291.090733653777
official_bc,49,164,-283.97076398496955
official_bc,49,165,-273.7318109418696
official_bc,49,166,-286.28954329708955
official_bc,49,167,-294.4375664034452
official_bc,49,168,-294.6067792023034
official_bc,49,169,-296.36906694915683
official_bc,49,170,-278.0210892022539
official_bc,49,171,-292.9954132138073
official_bc,49,172,-284.73918387156164
official_bc,49,173,-292.8281079558048
official_bc,49,174,-276.17286795032646
official_bc,49,175,-293.789215216886
official_bc,49,176,-286.77689417299854
official_bc,49,177,-286.11293190338336
official_bc,49,178,-297.6328688023135
official_bc,49,179,-294.73062761604035
official_bc,49,180,-280.7645256173519
official_bc,49,181,-293.78005422753495
official_bc,49,182,-280.1181401090378
official_bc,49,183,-281.12522654359736
official_bc,49,184,-281.46473196172036
official_bc,49,185,-288.3200659961119
official_bc,49,186,-289.4416497880783
official_bc,49,187,-286.0316835709777
official_bc,49,188,-274.76628399596194
official_bc,49,189,-290.54130804065153
official_bc,49,190,-292.8425982232841
official_bc,49,191,-287.09650747101784
official_bc,49,192,-287.9121785292419
official_bc,49,193,-287.7119135500682
official_bc,49,194,-293.9353469643392
official_bc,49,195,-295.1367292443051
official_bc,49,196,-295.90618263544684
official_bc,49,197,-293.42953706510116
official_bc,49,198,-291.34542663183055
official_bc,49,199,-289.54842753311567
official_bc,49,200,-287.58629780811935
official_bc,49,201,-287.8617281077662
official_bc,49,202,-288.561861240902
official_bc,49,203,-279.3240978097148
official_bc,49,204,-288.9995234607658
official_bc,49,205,-289.70956246190974
official_bc,49,206,-287.7498872717459
official_bc,49,207,-290.9255392240195
official_bc,49,208,-292.30346490350786
official_bc,49,209,-282.7578985207308
official_bc,49,210,-284.7795153863529
official_bc,49,211,-290.0942887767226
official_bc,49,212,-293.7218554723129
official_bc,49,213,-293.2683781349663
official_bc,49,214,-285.7248271577964
official_bc,49,215,-287.53784019724503
official_bc,49,216,-291.2111489599099
official_bc,49,217,-293.7527680258312
official_bc,49,218,-281.2162139785281
official_bc,49,219,-291.97036649609424
official_bc,49,220,-285.64702260257064
official_bc,49,221,-292.98395919392567
official_bc,49,222,-294.9876762472084
official_bc,49,223,-295.55121238505455
official_bc,49,224,-285.74736259886186
official_bc,49,225,-289.91351096738936
official_bc,49,226,-282.0152105026035
official_bc,49,227,-285.6962072293059
official_bc,49,228,-289.31893568888745
official_bc,49,229,-287.4749099904307
official_bc,49,230,-293.446431050534
official_bc,49,231,-287.9150229662074
official_bc,49,232,-299.2322085652586
official_bc,49,233,-289.9707007868809
official_bc,49,234,-286.1162667444861
official_bc,49,235,-286.3143746127461
official_bc,49,236,-298.919099633159
official_bc,49,237,-289.8665667617081
official_bc,49,238,-290.21552591767096
official_bc,49,239,-293.57023347239976
official_bc,49,240,-286.73941688089843
official_bc,49,241,-294.22144158468
official_bc,49,242,-285.88425329330937
official_bc,49,243,-289.5137902716758
official_bc,49,244,-291.32092970781406
official_bc,49,245,-280.2759615805942
official_bc,49,246,-285.8096088130832
official_bc,49,247,-284.36926314363313
official_bc,49,248,-278.03126923591407
official_bc,49,249,-288.8597083804874
official_bc,49,250,-275.5858013612344
official_bc,49,251,-297.5742200293998
official_bc,49,252,-287.978302951963
official_bc,49,253,-291.3055366248926
official_bc,49,254,-277.48007912697403
official_bc,49,255,-293.5202507822946
official_bc,49,256,-291.3446255249853
official_bc,49,257,-291.6779807053762
official_bc,49,258,-293.14218701947493
official_bc,49,259,-296.0322778999873
official_bc,49,260,-296.1243556123869
official_bc,49,261,-292.5573129283285
official_bc,49,262,-280.76504949549496
official_bc,49,263,-297.9641032501202
official_bc,49,264,-288.367676844772
official_bc,49,265,-289.16218517276843
official_bc,49,266,-287.4818097992952
official_bc,49,267,-288.7544904334195
official_bc,49,268,-287.8932753429917
official_bc,49,269,-290.9867145148422
official_bc,49,270,-284.38664747805103
official_bc,49,271,-291.34671686213335
official_bc,49,272,-279.4221550824848
official_bc,49,273,-288.4482248220171
official_bc,49,274,-288.50145685487206
official_bc,49,275,-294.6575897164323
official_bc,49,276,-284.1594800808248
official_bc,49,277,-288.7799910982214
official_bc,49,278,-299.9122144880498
official_bc,49,279,-285.2263491722887
official_bc,49,280,-296.3504828301039
official_bc,49,281,-299.54213077550605
official_bc,49,282,-291.6154670940889
official_bc,49,283,-291.0141417128099
official_bc,49,284,-287.8676515060784
official_bc,49,285,-294.04265615338596
official_bc,49,286,-296.06602890939945
official_bc,49,287,-291.78864777887634
official_bc,49,288,-293.6064393256781
official_bc,49,289,-277.43509604562786
official_bc,49,290,-283.8577183509664
official_bc,49,291,-283.54343470129834
official_bc,49,292,-294.84777547513374
official_bc,49,293,-292.4382156703699
official_bc,49,294,-287.8384921042436
official_bc,49,295,-297.91020897974295
official_bc,49,296,-283.3389537568461
official_bc,49,297,-287.86298754834473
official_bc,49,298,-297.1945750103594
official_bc,49,299,-277.0366138616153
official_bc,49,300,-284.8146494914629
official_bc,49,301,-294.7372358225729
official_bc,49,302,-291.56192053832655
official_bc,49,303,-287.0048845197057
official_bc,49,304,-293.78452477941727
official_bc,49,305,-287.3550136024422
official_bc,49,306,-291.6188955422305
official_bc,49,307,-297.6641459839045
official_bc,49,308,-285.24922710830765
official_bc,49,309,-298.0814735634276
official_bc,49,310,-286.57396780031934
official_bc,49,311,-294.0019606673805
official_bc,49,312,-283.5665699465096
official_bc,49,313,-291.0839646827603
official_bc,49,314,-283.9470035869806
official_bc,49,315,-291.3814141775483
official_bc,49,316,-292.10851362242704
official_bc,49,317,-281.85045156700977
official_bc,49,318,-296.97290003238913
official_bc,49,319,-295.20531012383987
official_bc,49,320,-293.2419539824414
official_bc,49,321,-287.23783269025523
official_bc,49,322,-290.9117817431872
official_bc,49,323,-283.0674133747667
official_bc,49,324,-290.07740445073614
official_bc,49,325,-291.38337600416673
official_bc,49,326,-294.93560657965304
official_bc,49,327,-296.29747927428616
official_bc,49,328,-285.8613661115721
official_bc,49,329,-295.17021011160017
official_bc,49,330,-292.86223665068917
official_bc,49,331,-294.22161687289656
official_bc,49,332,-289.554119315112
official_bc,49,333,-296.15122931183384
official_bc,49,334,-295.58620178452304
official_bc,49,335,-290.9931316182242
official_bc,49,336,-286.87218932332627
official_bc,49,337,-294.7456906281631
official_bc,49,338,-297.0754269457634
official_bc,49,339,-288.84252347803744
official_bc,49,340,-296.4705226348428
official_bc,49,341,-286.88658830675433
official_bc,49,342,-295.2500073199495
official_bc,49,343,-297.1979313764104
official_bc,49,344,-287.7777605403111
official_bc,49,345,-290.0042931850936
official_bc,49,346,-291.0390146488854
official_bc,49,347,-293.311454968491
official_bc,49,348,-288.8424370959743
official_bc,49,349,-293.9814914412415
official_bc,49,350,-284.9493602980353
official_bc,49,351,-284.9548102653607
official_bc,49,352,-296.2436385400795
official_bc,49,353,-292.0989250309337
official_bc,49,354,-291.1086902391145
official_bc,49,355,-289.64054485236693
official_bc,49,356,-296.74310607998495
official_bc,49,357,-289.18431485282736
official_bc,49,358,-296.23349732080334
official_bc,49,359,-288.54304589579533
official_bc,49,360,-286.48557256671427
official_bc,49,361,-289.265789227746
official_bc,49,362,-294.62495908472636
official_bc,49,363,-286.68326275934544
official_bc,49,364,-292.8082383051036
official_bc,49,365,-286.52350193214073
official_bc,49,366,-288.26825025130756
official_bc,49,367,-294.0926374027591
official_bc,49,368,-292.47414231155614
official_bc,49,369,-287.5268372015835
official_bc,49,370,-291.5042626926262
official_bc,49,371,-290.43372226373526
official_bc,49,372,-284.8007676225341
official_bc,49,373,-295.14251542293505
official_bc,49,374,-292.7313276468464
official_bc,49,375,-290.2705061598589
official_bc,49,376,-284.07302717288843
official_bc,49,377,-289.6717946071755
official_bc,49,378,-297.26179395330564
official_bc,49,379,-283.21255021070795
official_bc,49,380,-282.2754095459511
official_bc,49,381,-296.2833849544122
official_bc,49,382,-295.5124399896722
official_bc,49,383,-286.54909858730207
official_bc,49,384,-289.1163411048926
official_bc,49,385,-288.9329066312549
official_bc,49,386,-289.86201921784425
official_bc,49,387,-285.2432921473534
official_bc,49,388,-295.32996359064106
official_bc,49,389,-289.3153846546981
official_bc,49,390,-275.91097309772397
official_bc,49,391,-288.7115769246293
official_bc,49,392,-297.96585183325203
official_bc,49,393,-274.4754014779007
official_bc,49,394,-292.39252829819236
official_bc,49,395,-273.61197791594986
official_bc,49,396,-293.33703084635147
official_bc,49,397,-294.24628704602424
official_bc,49,398,-298.62609757917613
official_bc,49,399,-292.40509705473505
official_bc,49,400,-291.76551767839584
official_bc,49,401,-281.34442960739057
official_bc,49,402,-296.6275450448301
official_bc,49,403,-290.86615697732066
official_bc,49,404,-293.0614278603624
official_bc,49,405,-285.020597004193
official_bc,49,406,-292.5585931040704
official_bc,49,407,-296.812572316684
official_bc,49,408,-281.5813950558976
official_bc,49,409,-278.081004452401
official_bc,49,410,-294.4062011215967
official_bc,49,411,-285.6922737870539
official_bc,49,412,-295.7847698995779
official_bc,49,413,-291.73977012290544
official_bc,49,414,-289.3787635806266
official_bc,49,415,-288.6016096404774
official_bc,49,416,-297.83856146867004
official_bc,49,417,-292.9565058784592
official_bc,49,418,-287.95290838302856
official_bc,49,419,-296.297401550883
official_bc,49,420,-300.25221459003484
official_bc,49,421,-293.1745242748402
official_bc,49,422,-287.4212537701131
official_bc,49,423,-292.4962848535631
official_bc,49,424,-280.63559577656395
official_bc,49,425,-297.35777664672673
official_bc,49,426,-291.18264918668496
official_bc,49,427,-287.7669933524929
official_bc,49,428,-288.69479120687987
official_bc,49,429,-295.0126750654282
official_bc,49,430,-287.59343201221066
official_bc,49,431,-296.13113456394865
official_bc,49,432,-292.1013901782431
official_bc,49,433,-297.1874239251498
official_bc,49,434,-278.8536677926353
official_bc,49,435,-292.35653844296723
official_bc,49,436,-290.9411570149014
official_bc,49,437,-286.2303101099339
official_bc,49,438,-285.68289045740056
official_bc,49,439,-292.3756707360019
official_bc,49,440,-281.14446120584387
official_bc,49,441,-286.78493450177723
official_bc,49,442,-291.4682894522391
official_bc,49,443,-289.4656277025931
official_bc,49,444,-293.3787459900062
official_bc,49,445,-292.29968952762493
official_bc,49,446,-294.4783779855513
official_bc,49,447,-294.40961887878905
official_bc,49,448,-293.2035818598574
official_bc,49,449,-283.43471724307653
official_bc,49,450,-294.048016219504
official_bc,49,451,-289.7646569786899
official_bc,49,452,-296.48420232184026
official_bc,49,453,-297.15539845669804
official_bc,49,454,-295.01567118082204
official_bc,49,455,-283.609305258958
official_bc,49,456,-284.1718328929416
official_bc,49,457,-283.45052229170346
official_bc,49,458,-277.9199777017509
official_bc,49,459,-286.6722949881199
official_bc,49,460,-291.8327437098731
official_bc,49,461,-285.3018258095123
official_bc,49,462,-294.36320996408165
official_bc,49,463,-292.1034166708394
official_bc,49,464,-296.1479489759223
official_bc,49,465,-282.96176770664835
official_bc,49,466,-295.08374119031924
official_bc,49,467,-294.995817098072
official_bc,49,468,-295.1255466180475
official_bc,49,469,-288.2082290808629
official_bc,49,470,-290.03602446116633
official_bc,49,471,-298.4013989267971
official_bc,49,472,-294.8592112580483
official_bc,49,473,-287.71282012435574
official_bc,49,474,-295.8938701554418
official_bc,49,475,-281.1370959676701
official_bc,49,476,-287.2856382254774
official_bc,49,477,-265.51751716638
official_bc,49,478,-283.2041384576526
official_bc,49,479,-277.0401802745893
official_bc,49,480,-292.61042232399353
official_bc,49,481,-292.5937868523933
official_bc,49,482,-288.8408650159401
official_bc,49,483,-295.66239469207034
official_bc,49,484,-299.26759973143817
official_bc,49,485,-295.147375377322
official_bc,49,486,-298.4649543538717
official_bc,49,487,-286.05411792973655
official_bc,49,488,-294.1783178546797
official_bc,49,489,-286.07315448488174
official_bc,49,490,-289.0140343423577
official_bc,49,491,-292.2431885486543
official_bc,49,492,-286.03933735542915
official_bc,49,493,-290.34771035555434
official_bc,49,494,-283.9720461736879
official_bc,49,495,-295.05227062202397
official_bc,49,496,-292.9338365925027
official_bc,49,497,-288.0514569207215
official_bc,49,498,-292.5011509627742
official_bc,49,499,-290.27887761334824
official_bc,49,500,-293.92015712911973
official_bc,49,501,-283.6857496033214
official_bc,49,502,-294.2777138271366
official_bc,49,503,-287.85701878034473
official_bc,49,504,-286.6714158123813
official_bc,49,505,-298.50398529897615
official_bc,49,506,-290.6808682435319
official_bc,49,507,-293.164295872238
official_bc,49,508,-284.6462928202891
official_bc,49,509,-292.54847202898935
official_bc,49,510,-297.9309987720123
official_bc,49,511,-285.42644621322654
official_bc,49,512,-290.2555648473997
official_bc,49,513,-294.0457146321544
official_bc,49,514,-295.76545913087693
official_bc,49,515,-292.39502251837644
official_bc,49,516,-291.67887789039145
official_bc,49,517,-293.25935843088286
official_bc,49,518,-273.4876729876359
official_bc,49,519,-295.7455832558496
official_bc,49,520,-286.88560721291407
official_bc,49,521,-295.0014848739947
official_bc,49,522,-292.96896987181026
official_bc,49,523,-296.13089571681905
official_bc,49,524,-290.06270441751843
official_bc,49,525,-285.78689362314856
official_bc,49,526,-290.9839013179512
official_bc,49,527,-285.2752611663588
official_bc,49,528,-288.4093661912455
official_bc,49,529,-293.26997517791426
official_bc,49,530,-294.8478562852406
official_bc,49,531,-286.06685766351615
official_bc,49,532,-291.02480305722054
official_bc,49,533,-280.03820467224216
official_bc,49,534,-283.77928251340484
official_bc,49,535,-289.32525759140157
official_bc,49,536,-283.00598353512464
official_bc,49,537,-285.17852982892634
official_bc,49,538,-285.3697197785083
official_bc,49,539,-290.1530716851227
official_bc,49,540,-290.3790210332524
official_bc,49,541,-297.80633128990837
official_bc,49,542,-294.09769272322916
official_bc,49,543,-289.89911840991175
official_bc,49,544,-295.7739334202768
official_bc,49,545,-297.4382789184572
official_bc,49,546,-287.015591707771
official_bc,49,547,-282.62396996578985
official_bc,49,548,-290.61033572574036
official_bc,49,549,-286.5183237198095
official_bc,49,550,-280.6073499742965
official_bc,49,551,-291.40289473750914
official_bc,49,552,-290.0326276292861
official_bc,49,553,-294.33394979601724
official_bc,49,554,-292.3328287743625
official_bc,49,555,-272.7753308581426
official_bc,49,556,-289.4751141114873
official_bc,49,557,-296.890284160895
official_bc,49,558,-282.4450014716827
official_bc,49,559,-297.3133760347007
official_bc,49,560,-289.42194411369655
official_bc,49,561,-292.4392373205018
official_bc,49,562,-283.06014451669756
official_bc,49,563,-300.2865276923231
official_bc,49,564,-288.3500119840259
official_bc,49,565,-294.0625841594241
official_bc,49,566,-293.68625050533296
official_bc,49,567,-287.3460805790741
official_bc,49,568,-292.221411827966
official_bc,49,569,-290.2570861705274
official_bc,49,570,-291.6404212582543
official_bc,49,571,-289.25718284376643
official_bc,49,572,-288.9028849354112
official_bc,49,573,-293.3112764037021
official_bc,49,574,-290.31535273053805
official_bc,49,575,-289.39267729410284
official_bc,49,576,-286.52748178150784
official_bc,49,577,-284.52989966145515
official_bc,49,578,-287.16671895528026
official_bc,49,579,-294.8185282326013
official_bc,49,580,-287.16873111639507
official_bc,49,581,-287.9718417760299
official_bc,49,582,-291.1573958656135
official_bc,49,583,-292.98838851643546
official_bc,49,584,-278.61830999588074
official_bc,49,585,-281.6179967435344
official_bc,49,586,-291.8104666813302
official_bc,49,587,-299.7938598276037
official_bc,49,588,-292.0831754678303
official_bc,49,589,-292.2577465174811
official_bc,49,590,-291.40391888367935
official_bc,49,591,-297.867290634916
official_bc,49,592,-289.3859881765416
official_bc,49,593,-289.3939272736956
official_bc,49,594,-287.6743422453239
official_bc,49,595,-293.86505173688323
official_bc,49,596,-295.58309699566627
official_bc,49,597,-289.376016811324
official_bc,49,598,-296.9703725795602
official_bc,49,599,-293.272028777971
official_bc,49,600,-292.64604255753835
official_bc,49,601,-292.01220308725055
official_bc,49,602,-288.48328175410296
official_bc,49,603,-291.46184674113937
official_bc,49,604,-295.1823453342719
official_bc,49,605,-292.607964254884
official_bc,49,606,-297.84317117397353
official_bc,49,607,-290.59387176897417
official_bc,49,608,-291.00585659260685
official_bc,49,609,-290.88502250972226
official_bc,49,610,-286.4809565792846
official_bc,49,611,-290.79135293376476
official_bc,49,612,-291.40786020183793
official_bc,49,613,-293.81084386087275
official_bc,49,614,-291.7482889420784
official_bc,49,615,-284.4737400988353
official_bc,49,616,-287.90867697273364
official_bc,49,617,-290.2051916933218
official_bc,49,618,-293.2328984530093
official_bc,49,619,-295.13656135043595
official_bc,49,620,-292.16873226851135
official_bc,49,621,-292.423485432376
official_bc,49,622,-293.24414494893483
official_bc,49,623,-284.54453478467235
official_bc,49,624,-291.7655026943333
official_bc,49,625,-294.9151419143636
official_bc,49,626,-281.66596934372865
official_bc,49,627,-295.05619423962395
official_bc,49,628,-282.59904694702686
official_bc,49,629,-289.3361828056294
official_bc,49,630,-281.31310878148247
official_bc,49,631,-293.0204674259305
official_bc,49,632,-285.33009159414075
official_bc,49,633,-291.60560121132767
official_bc,49,634,-293.8450672296975
official_bc,49,635,-283.8677451506582
official_bc,49,636,-286.2423567800407
official_bc,49,637,-291.3895483823316
official_bc,49,638,-296.79818939620776
official_bc,49,639,-295.22030137506863
official_bc,49,640,-291.55928841277756
official_bc,49,641,-295.19191855882576
official_bc,49,642,-290.2530152666191
official_bc,49,643,-293.87597162895287
official_bc,49,644,-281.2147565877751
official_bc,49,645,-292.0845787870758
official_bc,49,646,-282.9537946553721
official_bc,49,647,-290.588228285887
official_bc,49,648,-296.4973258280584
official_bc,49,649,-293.65734601577867
official_bc,49,650,-286.16368211479806
official_bc,49,651,-284.6705087402321
official_bc,49,652,-292.9732284672496
official_bc,49,653,-283.59743559360817
official_bc,49,654,-282.4382390757297
official_bc,49,655,-284.74049448875434
official_bc,49,656,-292.6298466576925
official_bc,49,657,-289.55366851517397
official_bc,49,658,-290.68621140731113
official_bc,49,659,-294.3554957344982
official_bc,49,660,-296.60062218267745
official_bc,49,661,-293.67890970221515
official_bc,49,662,-280.7704089387635
official_bc,49,663,-294.88398602162636
official_bc,49,664,-293.21924495933933
official_bc,49,665,-290.2209393515958
official_bc,49,666,-290.18890401086287
official_bc,49,667,-289.28795101921014
official_bc,49,668,-288.63549099275497
official_bc,49,669,-289.2837591719207
official_bc,49,670,-290.4084413941423
official_bc,49,671,-295.68491374504066
official_bc,49,672,-289.84194514598636
official_bc,49,673,-295.06224135189007
official_bc,49,674,-290.7218808783446
official_bc,49,675,-290.786095947528
official_bc,49,676,-277.8585530890327
official_bc,49,677,-292.9545458743708
official_bc,49,678,-294.4734642666709
official_bc,49,679,-278.47394709218497
official_bc,49,680,-287.8757478706236
official_bc,49,681,-299.00005144327866
official_bc,49,682,-288.277025986122
official_bc,49,683,-297.793825049719
official_bc,49,684,-296.3854558108228
official_bc,49,685,-286.82611035145334
official_bc,49,686,-289.68514097542015
official_bc,49,687,-292.5306047980566
official_bc,49,688,-292.8400652610099
official_bc,49,689,-299.4705525829571
official_bc,49,690,-274.6678229517079
official_bc,49,691,-286.0544426162764
official_bc,49,692,-285.7874350095974
official_bc,49,693,-290.1455783757244
official_bc,49,694,-287.59474170442576
official_bc,49,695,-295.8507149525376
official_bc,49,696,-293.74431790056394
official_bc,49,697,-285.1033444055285
official_bc,49,698,-285.67031536562854
official_bc,49,699,-290.1409174929346
official_bc,49,700,-286.5724026868076
official_bc,49,701,-294.83018783522544
official_bc,49,702,-298.8551492019837
official_bc,49,703,-294.20023057690287
official_bc,49,704,-294.67592091026034
official_bc,49,705,-294.88279566100266
official_bc,49,706,-297.54421795939345
official_bc,49,707,-291.55256466451794
official_bc,49,708,-285.2247503092295
official_bc,49,709,-289.5795079087778
official_bc,49,710,-291.1696059641555
official_bc,49,711,-293.7399572986918
official_bc,49,712,-284.1594289885983
official_bc,49,713,-278.8768188756841
official_bc,49,714,-292.01185891309706
official_bc,49,715,-291.20308086763555
official_bc,49,716,-290.9011968305522
official_bc,49,717,-289.761621431927
official_bc,49,718,-291.6750057143008
official_bc,49,719,-298.55641852059784
official_bc,49,720,-294.9870973455358
official_bc,49,721,-295.8386588209759
official_bc,49,722,-295.99650034700176
official_bc,49,723,-290.6321664370641
official_bc,49,724,-296.8358959157845
official_bc,49,725,-290.6951893714821
official_bc,49,726,-285.48758089954475
official_bc,49,727,-293.3463367050362
official_bc,49,728,-290.78472214942076
official_bc,49,729,-285.14811758093276
official_bc,49,730,-294.4622202052693
official_bc,49,731,-297.3323216629626
official_bc,49,732,-296.40688818296195
official_bc,49,733,-294.80189012117535
official_bc,49,734,-288.6358868909876
official_bc,49,735,-290.62551766095123
official_bc,49,736,-288.4109437097702
official_bc,49,737,-289.8880341563139
official_bc,49,738,-292.48914371058413
official_bc,49,739,-280.2228451297009
official_bc,49,740,-294.8589981737284
official_bc,49,741,-288.85769073889753
official_bc,49,742,-293.00768978877153
official_bc,49,743,-292.03834472393453
official_bc,49,744,-294.8285143297987
official_bc,49,745,-293.6588449423889
official_bc,49,746,-298.24672703363507
official_bc,49,747,-290.92759652648385
official_bc,49,748,-291.76425318979443
official_bc,49,749,-284.17210416444
official_bc,49,750,-292.88905803132695
official_bc,49,751,-294.3223758359143
official_bc,49,752,-287.37516096814363
official_bc,49,753,-287.23590399743307
official_bc,49,754,-291.55920396623617
official_bc,49,755,-293.1141725842871
official_bc,49,756,-292.34314384360795
official_bc,49,757,-289.8775991712344
official_bc,49,758,-284.7806515908329
official_bc,49,759,-296.58110976603734
official_bc,49,760,-288.833236507841
official_bc,49,761,-298.6196601265543
official_bc,49,762,-292.3933383390517
official_bc,49,763,-284.261203725185
official_bc,49,764,-276.7775768042552
official_bc,49,765,-290.0702657102055
official_bc,49,766,-288.90051925648527
official_bc,49,767,-301.3883990781854
official_bc,49,768,-291.9288373701972
official_bc,49,769,-293.96614369904904
official_bc,49,770,-296.9361451776391
official_bc,49,771,-291.5531159109613
official_bc,49,772,-291.723061119284
official_bc,49,773,-297.88611662188805
official_bc,49,774,-297.6944239726403
official_bc,49,775,-287.090389009001
official_bc,49,776,-288.9445440640303
official_bc,49,777,-291.692998284298
official_bc,49,778,-292.2523534901078
official_bc,49,779,-281.4089769551298
official_bc,49,780,-273.9322379993036
official_bc,49,781,-291.5423022357952
official_bc,49,782,-284.6999576946631
official_bc,49,783,-291.9416861759228
official_bc,49,784,-294.36963161614284
official_bc,49,785,-287.0841647981523
official_bc,49,786,-279.5314814605288
official_bc,49,787,-290.77945738115636
official_bc,49,788,-295.11768290293344
official_bc,49,789,-292.41436483484483
official_bc,49,790,-288.1622135591908
official_bc,49,791,-292.2152890480145
official_bc,49,792,-286.5671732559084
official_bc,49,793,-296.1500905408787
official_bc,49,794,-295.2301520254738
official_bc,49,795,-284.6403449375891
official_bc,49,796,-287.89811801503674
official_bc,49,797,-289.1013095830308
official_bc,49,798,-288.3514580263392
official_bc,49,799,-284.45414134362215
official_bc,49,800,-295.1927071979136
official_bc,49,801,-291.3524108233411
official_bc,49,802,-288.96586319467406
official_bc,49,803,-291.9767351135064
official_bc,49,804,-298.5482084954184
official_bc,49,805,-292.79616809020644
official_bc,49,806,-287.3352273597934
official_bc,49,807,-290.0827821865844
official_bc,49,808,-284.6926122189042
official_bc,49,809,-289.30593320877716
official_bc,49,810,-291.77342602310745
official_bc,49,811,-293.179755665933
official_bc,49,812,-298.52708667630714
official_bc,49,813,-289.1052080078018
official_bc,49,814,-286.5216983507202
official_bc,49,815,-289.45846698055004
official_bc,49,816,-291.703251419092
official_bc,49,817,-284.3873853285346
official_bc,49,818,-291.92582274071987
official_bc,49,819,-298.4591680020462
official_bc,49,820,-289.4773756039656
official_bc,49,821,-288.4752228515643
official_bc,49,822,-288.18769256898975
official_bc,49,823,-290.87020859795035
official_bc,49,824,-289.97348731221217
official_bc,49,825,-298.76625707604944
official_bc,49,826,-291.60222793593726
official_bc,49,827,-288.6581989308696
official_bc,49,828,-290.95491052087186
official_bc,49,829,-289.9210304803157
official_bc,49,830,-299.118358518916
official_bc,49,831,-283.1108691374296
official_bc,49,832,-276.4805792488283
official_bc,49,833,-281.61295580848605
official_bc,49,834,-291.10830946765674
official_bc,49,835,-295.8905270307184
official_bc,49,836,-285.34000005845326
official_bc,49,837,-293.3574301863835
official_bc,49,838,-286.6543337575624
official_bc,49,839,-292.08834702863476
official_bc,49,840,-286.2839509040782
official_bc,49,841,-291.22909828454107
official_bc,49,842,-297.95596469315956
official_bc,49,843,-290.257240278641
official_bc,49,844,-291.7059931801631
official_bc,49,845,-296.7895576573784
official_bc,49,846,-291.8636593821135
official_bc,49,847,-295.4410474203951
official_bc,49,848,-294.72165657595326
official_bc,49,849,-289.6958119177448
official_bc,49,850,-285.6949078675933
official_bc,49,851,-292.28331590372824
official_bc,49,852,-283.122307366546
official_bc,49,853,-292.7453327964254
official_bc,49,854,-285.1327627633634
official_bc,49,855,-294.8797201081991
official_bc,49,856,-295.77631022523093
official_bc,49,857,-292.6280274401022
official_bc,49,858,-292.76237139492844
official_bc,49,859,-293.68203806378796
official_bc,49,860,-292.0712450368188
official_bc,49,861,-293.1698116631795
official_bc,49,862,-293.2017041402183
official_bc,49,863,-284.0155105365046
official_bc,49,864,-289.5957440893625
official_bc,49,865,-281.5572913999058
official_bc,49,866,-291.9687839948628
official_bc,49,867,-287.80598100338506
official_bc,49,868,-296.9832866767679
official_bc,49,869,-295.27009301337364
official_bc,49,870,-289.4782667057388
official_bc,49,871,-292.0086368467132
official_bc,49,872,-292.84973732477187
official_bc,49,873,-294.802675060571
official_bc,49,874,-284.998031905519
official_bc,49,875,-289.3808218978253
official_bc,49,876,-286.8276109032592
official_bc,49,877,-291.49755403351867
official_bc,49,878,-286.4138535982925
official_bc,49,879,-290.256755740132
official_bc,49,880,-291.8648387583213
official_bc,49,881,-285.54668467410113
official_bc,49,882,-292.6222987524012
official_bc,49,883,-288.33367163900266
official_bc,49,884,-291.7764543391139
official_bc,49,885,-297.4637543508595
official_bc,49,886,-291.4469110282285
official_bc,49,887,-288.1463660376209
official_bc,49,888,-297.18214361958235
official_bc,49,889,-290.8366708004626
official_bc,49,890,-289.9943317958956
official_bc,49,891,-290.2976767199198
official_bc,49,892,-291.1834522219026
official_bc,49,893,-285.2271270784407
official_bc,49,894,-292.6959925160511
official_bc,49,895,-278.9893322400368
official_bc,49,896,-292.4025658464277
official_bc,49,897,-287.1255552017316
official_bc,49,898,-285.8637991184579
official_bc,49,899,-285.14406603408037
official_bc,49,900,-294.7852660290615
official_bc,49,901,-272.08769279688454
official_bc,49,902,-296.28168553806955
official_bc,49,903,-294.9016734006956
official_bc,49,904,-293.813372101422
official_bc,49,905,-293.3600900352719
official_bc,49,906,-296.4486045029595
official_bc,49,907,-288.7961152016005
official_bc,49,908,-295.57206794495846
official_bc,49,909,-297.62330691278277
official_bc,49,910,-296.96139226424754
official_bc,49,911,-290.9524765719795
official_bc,49,912,-280.86990217266447
official_bc,49,913,-284.5154948019069
official_bc,49,914,-286.6503583719067
official_bc,49,915,-278.80981628632065
official_bc,49,916,-284.7997466219064
official_bc,49,917,-297.31220897714013
official_bc,49,918,-276.65064380886395
official_bc,49,919,-295.6187093824373
official_bc,49,920,-291.784670938722
official_bc,49,921,-293.79467361789807
official_bc,49,922,-287.3442924884863
official_bc,49,923,-299.3771490261498
official_bc,49,924,-297.6919774902404
official_bc,49,925,-289.8688049979263
official_bc,49,926,-291.3074078142041
official_bc,49,927,-297.6703226239982
official_bc,49,928,-294.97479513223254
official_bc,49,929,-297.6614647938161
official_bc,49,930,-294.4307774057185
official_bc,49,931,-288.6537907921652
official_bc,49,932,-291.0324344279769
official_bc,49,933,-290.01472215783974
official_bc,49,934,-285.697665660562
official_bc,49,935,-287.96399958309445
official_bc,49,936,-286.8908302644245
official_bc,49,937,-285.3466136863086
official_bc,49,938,-285.83129876074497
official_bc,49,939,-281.7126375471849
official_bc,49,940,-290.9134791524965
official_bc,49,941,-295.80496870313317
official_bc,49,942,-292.2334326019161
official_bc,49,943,-293.4571992396719
official_bc,49,944,-298.92725775849027
official_bc,49,945,-284.72550671157313
official_bc,49,946,-297.4038423822785
official_bc,49,947,-280.25437322250417
official_bc,49,948,-294.1633005129753
official_bc,49,949,-294.6433558028205
official_bc,49,950,-291.05027334741794
official_bc,49,951,-298.5945109965044
official_bc,49,952,-283.7429534533418
official_bc,49,953,-295.6965475414197
official_bc,49,954,-285.51753272318996
official_bc,49,955,-279.2163086905445
official_bc,49,956,-293.8547219027678
official_bc,49,957,-287.12570291797533
official_bc,49,958,-289.4980381651729
official_bc,49,959,-292.66606678596423
official_bc,49,960,-286.4383148608645
official_bc,49,961,-292.0861782049893
official_bc,49,962,-290.9049897723928
official_bc,49,963,-279.8720945445531
official_bc,49,964,-298.037030531556
official_bc,49,965,-295.50641520368623
official_bc,49,966,-289.70764075522334
official_bc,49,967,-296.5073997504585
official_bc,49,968,-293.27308519739654
official_bc,49,969,-284.8664548673826
official_bc,49,970,-286.70661220600573
official_bc,49,971,-283.212802586528
official_bc,49,972,-282.45980427282245
official_bc,49,973,-289.8967382809505
official_bc,49,974,-289.3297591976832
official_bc,49,975,-287.11111360017105
official_bc,49,976,-277.70269304358544
official_bc,49,977,-273.91889816954404
official_bc,49,978,-290.4454587279737
official_bc,49,979,-288.25453183426646
official_bc,49,980,-282.2247403428154
official_bc,49,981,-290.1722049286075
official_bc,49,982,-296.97682677701266
official_bc,49,983,-288.24957626429926
official_bc,49,984,-292.0083752419696
official_bc,49,985,-287.0212212861303
official_bc,49,986,-284.40991565269206
official_bc,49,987,-291.30282059695935
official_bc,49,988,-289.97480587834724
official_bc,49,989,-298.5250251735948
official_bc,49,990,-273.88414960035277
official_bc,49,991,-293.92229486767536
official_bc,49,992,-293.4288088011638
official_bc,49,993,-291.60916321988304
official_bc,49,994,-290.1182387859714
official_bc,49,995,-286.78033301193466
official_bc,49,996,-292.69119446251693
official_bc,49,997,-292.4847411175775
official_bc,49,998,-293.3803110816477
official_bc,49,999,-280.3903688997458
official_bc,49,1000,-292.04028599311573
official_bc,50,1,-194.53681682020903
official_bc,50,2,-214.53530855501828
official_bc,50,3,-204.2198571732149
official_bc,50,4,-234.04154557701509
official_bc,50,5,-259.92068269218566
official_bc,50,6,-207.16559386308967
official_bc,50,7,-188.2677625045723
official_bc,50,8,-180.00679314971023
official_bc,50,9,-174.63055709899672
official_bc,50,10,-298.73376975134715
official_bc,50,11,-277.8118079446386
official_bc,50,12,-252.1579341309498
official_bc,50,13,-194.06435191955907
official_bc,50,14,-241.5708034297163
official_bc,50,15,-167.14359790261392
official_bc,50,16,-168.924001168238
official_bc,50,17,-197.827034921656
official_bc,50,18,-227.64760143312972
official_bc,50,19,-260.2035638707896
official_bc,50,20,-315.285669747099
official_bc,50,21,-308.06241622167727
official_bc,50,22,-204.00691108119554
official_bc,50,23,-237.76052763967914
official_bc,50,24,-265.34841713405643
official_bc,50,25,-208.74217130537502
official_bc,50,26,-212.12596784430838
official_bc,50,27,-320.8118730629838
official_bc,50,28,-239.24218180297498
official_bc,50,29,-151.93292040731333
official_bc,50,30,-191.33974060978534
official_bc,50,31,-230.74720581195265
official_bc,50,32,-172.82400864569945
official_bc,50,33,-286.96830897976383
official_bc,50,34,-293.8338679070631
official_bc,50,35,-292.0271650999044
official_bc,50,36,-307.2812512115937
official_bc,50,37,-302.5987197292952
official_bc,50,38,-300.2833662323137
official_bc,50,39,-287.62795271355174
official_bc,50,40,-288.1228348945898
official_bc,50,41,-279.08259405139097
official_bc,50,42,-277.6562255603301
official_bc,50,43,-281.6527141552948
official_bc,50,44,-268.11789289550757
official_bc,50,45,-282.3309840842722
official_bc,50,46,-270.201766885005
official_bc,50,47,-272.4188237723541
official_bc,50,48,-271.99403330494505
official_bc,50,49,-281.389377337354
official_bc,50,50,-275.41349631338187
official_bc,50,51,-281.6346118211345
official_bc,50,52,-280.8745871856082
official_bc,50,53,-273.62577057541284
official_bc,50,54,-283.93033207338664
official_bc,50,55,-285.4064047954892
official_bc,50,56,-296.6186108759659
official_bc,50,57,-300.85090749999017
official_bc,50,58,-302.01574035809836
official_bc,50,59,-304.84668829235045
official_bc,50,60,-301.30369223871503
official_bc,50,61,-290.34330693667914
official_bc,50,62,-287.42025324388914
official_bc,50,63,-301.856321943485
official_bc,50,64,-281.0041920178621
official_bc,50,65,-284.5340939539391
official_bc,50,66,-293.85735856724204
official_bc,50,67,-287.409723348696
official_bc,50,68,-283.48300792452056
official_bc,50,69,-283.7032828206646
official_bc,50,70,-282.9769113408645
official_bc,50,71,-288.87848664410006
official_bc,50,72,-286.81385512577145
official_bc,50,73,-286.5919497341767
official_bc,50,74,-287.75998189196815
official_bc,50,75,-281.616660718325
official_bc,50,76,-284.13463007460695
official_bc,50,77,-292.6206856856997
official_bc,50,78,-293.1379887947821
official_bc,50,79,-290.1146382431426
official_bc,50,80,-287.95496877378906
official_bc,50,81,-298.0311499621862
official_bc,50,82,-297.7782385584556
official_bc,50,83,-290.17158571316884
official_bc,50,84,-290.8710119688577
official_bc,50,85,-296.4102547868407
official_bc,50,86,-284.1443864441872
official_bc,50,87,-278.2689129506219
official_bc,50,88,-284.35774508401187
official_bc,50,89,-279.6593554450402
official_bc,50,90,-290.12905707765464
official_bc,50,91,-285.2837622686942
official_bc,50,92,-286.5578284659035
official_bc,50,93,-286.07204556423073
official_bc,50,94,-275.36015134119805
official_bc,50,95,-292.0901768672278
official_bc,50,96,-292.8481067387321
official_bc,50,97,-288.72009512621486
official_bc,50,98,-289.2251771027061
official_bc,50,99,-289.65985846063626
official_bc,50,100,-281.26046679096487
official_bc,50,101,-298.27436199420924
official_bc,50,102,-295.4140942800181
official_bc,50,103,-287.00728476100653
official_bc,50,104,-289.3309403078756
official_bc,50,105,-292.6557388658475
official_bc,50,106,-289.19473228418195
official_bc,50,107,-292.3451198936666
official_bc,50,108,-287.3639135029972
official_bc,50,109,-292.9308757154316
official_bc,50,110,-290.055474874469
official_bc,50,111,-282.17971049461164
official_bc,50,112,-289.89463493075334
official_bc,50,113,-289.4982231458105
official_bc,50,114,-293.4387526878228
official_bc,50,115,-295.1768013699225
official_bc,50,116,-286.06697759550036
official_bc,50,117,-291.21359036447495
official_bc,50,118,-293.10426673752545
official_bc,50,119,-292.31908020541755
official_bc,50,120,-278.40082244104116
official_bc,50,121,-295.04527214041184
official_bc,50,122,-293.81789340474046
official_bc,50,123,-292.61736678635236
official_bc,50,124,-302.61604864774233
official_bc,50,125,-298.70315584907917
official_bc,50,126,-296.68420169817955
official_bc,50,127,-286.95508947811743
official_bc,50,128,-291.15375245859593
official_bc,50,129,-293.83085446941504
official_bc,50,130,-291.1599916973772
official_bc,50,131,-288.12195680142787
official_bc,50,132,-291.8432000248957
official_bc,50,133,-287.3919189993666
official_bc,50,134,-294.29272757643895
official_bc,50,135,-290.3970173845312
official_bc,50,136,-290.80834616292384
official_bc,50,137,-295.38074570729157
official_bc,50,138,-293.93219688037277
official_bc,50,139,-289.98748489192565
official_bc,50,140,-295.85167445475713
official_bc,50,141,-285.0226930959677
official_bc,50,142,-295.35186244145643
official_bc,50,143,-282.833052645165
official_bc,50,144,-282.4169948526318
official_bc,50,145,-294.2842074897188
official_bc,50,146,-296.8431060547538
official_bc,50,147,-286.038942616157
official_bc,50,148,-288.4578836608132
official_bc,50,149,-284.9361887152803
official_bc,50,150,-297.4503504126186
official_bc,50,151,-286.9896221526373
official_bc,50,152,-284.4038296261162
official_bc,50,153,-282.33185850214215
official_bc,50,154,-293.7730718289816
official_bc,50,155,-294.3523430149089
official_bc,50,156,-289.93791753768807
official_bc,50,157,-300.5635488869895
official_bc,50,158,-295.60968922472347
official_bc,50,159,-288.44968047306764
official_bc,50,160,-285.99218520102124
official_bc,50,161,-296.68748549024485
official_bc,50,162,-289.45612570830485
official_bc,50,163,-288.0604571000674
official_bc,50,164,-286.2061986942402
official_bc,50,165,-285.022914186737
official_bc,50,166,-283.9909607582949
official_bc,50,167,-290.13000184765616
official_bc,50,168,-290.08445293266954
official_bc,50,169,-293.73503568695565
official_bc,50,170,-290.9167137566262
official_bc,50,171,-294.52803617971034
official_bc,50,172,-297.43465268266266
official_bc,50,173,-292.2692032558472
official_bc,50,174,-289.95411930237265
official_bc,50,175,-293.80186139824747
official_bc,50,176,-288.8969368638093
official_bc,50,177,-288.8451759392259
official_bc,50,178,-291.77079153942924
official_bc,50,179,-290.21930252237536
official_bc,50,180,-289.85415054061116
official_bc,50,181,-286.360653938019
official_bc,50,182,-285.6429829538045
official_bc,50,183,-285.47386699505705
official_bc,50,184,-286.5375825858744
official_bc,50,185,-292.651433951224
official_bc,50,186,-294.39796189744925
official_bc,50,187,-293.6382905715236
official_bc,50,188,-296.0814130985888
official_bc,50,189,-287.5843387224836
official_bc,50,190,-287.20666208260127
official_bc,50,191,-284.32863706846
official_bc,50,192,-287.4255115364225
official_bc,50,193,-286.53466413507465
official_bc,50,194,-294.7335383040373
official_bc,50,195,-290.2498831533105
official_bc,50,196,-293.00808084595434
official_bc,50,197,-294.89212188182455
official_bc,50,198,-294.44936067207897
official_bc,50,199,-292.2989334757173
official_bc,50,200,-300.51207003223544
official_bc,50,201,-286.06666889519704
official_bc,50,202,-284.5715329956213
official_bc,50,203,-287.04631412482865
official_bc,50,204,-289.93758616064036
official_bc,50,205,-293.0492549468056
official_bc,50,206,-296.36242610540484
official_bc,50,207,-287.58715876382894
official_bc,50,208,-293.0667599703691
official_bc,50,209,-292.20357712438295
official_bc,50,210,-279.10436511721826
official_bc,50,211,-295.7891138975384
official_bc,50,212,-282.1355710407925
official_bc,50,213,-295.07733230013463
official_bc,50,214,-285.35855224637186
official_bc,50,215,-296.081193439852
official_bc,50,216,-289.54527985836825
official_bc,50,217,-298.43257647745213
official_bc,50,218,-295.0467020936813
official_bc,50,219,-285.08693717308586
official_bc,50,220,-286.6060400926077
official_bc,50,221,-294.11887266048996
official_bc,50,222,-285.88342028270813
official_bc,50,223,-297.76743974895123
official_bc,50,224,-291.91217200856977
official_bc,50,225,-299.4029674239314
official_bc,50,226,-293.7079565338713
official_bc,50,227,-292.3318331864413
official_bc,50,228,-294.9238542619001
official_bc,50,229,-289.2112488358444
official_bc,50,230,-282.5565762729025
official_bc,50,231,-290.53145971357407
official_bc,50,232,-298.62345740982096
official_bc,50,233,-295.10375407574116
official_bc,50,234,-290.5265338548944
official_bc,50,235,-287.9578199585099
official_bc,50,236,-287.26461879201497
official_bc,50,237,-289.3517069989789
official_bc,50,238,-286.3026288289109
official_bc,50,239,-275.24520955828075
official_bc,50,240,-293.8057978796153
official_bc,50,241,-291.7934724164986
official_bc,50,242,-293.7323609973454
official_bc,50,243,-287.1618226610828
official_bc,50,244,-297.5056795432158
official_bc,50,245,-289.68192550025117
official_bc,50,246,-295.39389582635766
official_bc,50,247,-293.5578277297929
official_bc,50,248,-292.65632066815266
official_bc,50,249,-294.4709383776567
official_bc,50,250,-291.75356557346373
official_bc,50,251,-293.44737107600804
official_bc,50,252,-293.8097679033455
official_bc,50,253,-294.8174004536162
official_bc,50,254,-293.20581628360355
official_bc,50,255,-284.4610040601524
official_bc,50,256,-289.6944381395743
official_bc,50,257,-279.80739692844446
official_bc,50,258,-287.60092355431254
official_bc,50,259,-278.5101887863318
official_bc,50,260,-283.56087844351816
official_bc,50,261,-297.3712556279479
official_bc,50,262,-299.7912703896668
official_bc,50,263,-294.10708529471515
official_bc,50,264,-294.8925526600427
official_bc,50,265,-293.24341872615247
official_bc,50,266,-294.16508256229037
official_bc,50,267,-291.08653354404044
official_bc,50,268,-285.20534635689677
official_bc,50,269,-292.2870817114573
official_bc,50,270,-284.6019303488882
official_bc,50,271,-290.15200889139726
official_bc,50,272,-290.6504948384564
official_bc,50,273,-294.4315169237183
official_bc,50,274,-296.69130630248156
official_bc,50,275,-289.27637889388217
official_bc,50,276,-294.5487497010158
official_bc,50,277,-292.9365252542015
official_bc,50,278,-289.4198327663757
official_bc,50,279,-294.94897271662927
official_bc,50,280,-292.76955694138326
official_bc,50,281,-294.6188844975915
official_bc,50,282,-278.4406750848878
official_bc,50,283,-298.8373535423742
official_bc,50,284,-296.15902564212126
official_bc,50,285,-296.3711801736752
official_bc,50,286,-295.4239324055203
official_bc,50,287,-290.12120449499434
official_bc,50,288,-291.77331133386474
official_bc,50,289,-294.9044458033329
official_bc,50,290,-295.4601061995206
official_bc,50,291,-293.2669192933199
official_bc,50,292,-289.2945506713991
official_bc,50,293,-293.5417066828516
official_bc,50,294,-295.02129978647446
official_bc,50,295,-286.692738933521
official_bc,50,296,-288.96422661980046
official_bc,50,297,-287.12199058535776
official_bc,50,298,-290.61660863906116
official_bc,50,299,-294.06322472735445
official_bc,50,300,-289.8222119260712
official_bc,50,301,-288.09795765647505
official_bc,50,302,-287.87628484417735
official_bc,50,303,-298.9753844952122
official_bc,50,304,-299.5285409700872
official_bc,50,305,-281.9401363756182
official_bc,50,306,-297.2667742923479
official_bc,50,307,-293.6388682636552
official_bc,50,308,-296.3443239809913
official_bc,50,309,-294.079426756329
official_bc,50,310,-293.4555129132423
official_bc,50,311,-296.3902064049803
official_bc,50,312,-284.7422472860882
official_bc,50,313,-290.21143913468336
official_bc,50,314,-296.5126854449923
official_bc,50,315,-287.0204050034964
official_bc,50,316,-290.8075739001189
official_bc,50,317,-285.43737992605395
official_bc,50,318,-291.0321650084701
official_bc,50,319,-296.19428224616024
official_bc,50,320,-290.83227138959415
official_bc,50,321,-291.25816401480586
official_bc,50,322,-292.9653072222127
official_bc,50,323,-282.96173865278695
official_bc,50,324,-294.2633373205799
official_bc,50,325,-285.6565937029387
official_bc,50,326,-283.85255604079543
official_bc,50,327,-285.6970644391185
official_bc,50,328,-294.66629492899034
official_bc,50,329,-296.57920867664757
official_bc,50,330,-292.6535243415009
official_bc,50,331,-279.0888960248951
official_bc,50,332,-293.1352919183052
official_bc,50,333,-288.36621392909683
official_bc,50,334,-292.53660227787395
official_bc,50,335,-291.2934303997198
official_bc,50,336,-295.6697909853989
official_bc,50,337,-286.5495993233376
official_bc,50,338,-286.3112512797527
official_bc,50,339,-286.9756413993464
official_bc,50,340,-285.2592643123264
official_bc,50,341,-288.4952049120541
official_bc,50,342,-286.488485369271
official_bc,50,343,-296.9090454025715
official_bc,50,344,-289.91553488472726
official_bc,50,345,-285.6526548614353
official_bc,50,346,-294.1390144272855
official_bc,50,347,-293.50626444042393
official_bc,50,348,-287.39274827335373
official_bc,50,349,-291.89175506318395
official_bc,50,350,-291.6467913402404
official_bc,50,351,-293.56722153366115
official_bc,50,352,-265.3181401365469
official_bc,50,353,-293.4198212305268
official_bc,50,354,-291.22167839994
official_bc,50,355,-297.7272674703983
official_bc,50,356,-286.2733734492836
official_bc,50,357,-287.75150302268474
official_bc,50,358,-292.0319344632294
official_bc,50,359,-295.16954439610276
official_bc,50,360,-289.6433944551302
official_bc,50,361,-292.53261264781133
official_bc,50,362,-290.4412617697588
official_bc,50,363,-297.8819449911672
official_bc,50,364,-285.28387890410295
official_bc,50,365,-279.9759387893206
official_bc,50,366,-294.381518355014
official_bc,50,367,-294.0734300447764
official_bc,50,368,-295.7854114998318
official_bc,50,369,-292.7720864123601
official_bc,50,370,-297.4231866392741
official_bc,50,371,-297.3078791879209
official_bc,50,372,-291.1176882934101
official_bc,50,373,-297.5413824418863
official_bc,50,374,-286.950617348449
official_bc,50,375,-289.9592809718475
official_bc,50,376,-287.99389620202567
official_bc,50,377,-289.0150128523593
official_bc,50,378,-291.05665494738884
official_bc,50,379,-293.0748080688984
official_bc,50,380,-293.2368465882739
official_bc,50,381,-295.83810065096276
official_bc,50,382,-288.95585532814977
official_bc,50,383,-291.62759761343995
official_bc,50,384,-278.7174323392462
official_bc,50,385,-292.70766007431087
official_bc,50,386,-285.4978051869654
official_bc,50,387,-284.3035462134195
official_bc,50,388,-292.8004549272703
official_bc,50,389,-279.6085502691337
official_bc,50,390,-295.4782329292165
official_bc,50,391,-285.4911675766642
official_bc,50,392,-292.2591927788123
official_bc,50,393,-276.5150746595707
official_bc,50,394,-290.83000633837037
official_bc,50,395,-279.2060927718408
official_bc,50,396,-289.18968088543295
official_bc,50,397,-296.80440355918734
official_bc,50,398,-295.5068197669166
official_bc,50,399,-292.2382710452393
official_bc,50,400,-295.7542431383158
official_bc,50,401,-296.44698613045
official_bc,50,402,-294.7310946367369
official_bc,50,403,-287.25220334782136
official_bc,50,404,-290.83359580709646
official_bc,50,405,-294.68192271415325
official_bc,50,406,-298.54833659881245
official_bc,50,407,-276.8304900787175
official_bc,50,408,-295.8192008057266
official_bc,50,409,-289.82530797423897
official_bc,50,410,-289.41034679685265
official_bc,50,411,-292.57008421519276
official_bc,50,412,-272.9476976326518
official_bc,50,413,-297.63758601186976
official_bc,50,414,-282.1740623619222
official_bc,50,415,-285.4988757439707
official_bc,50,416,-281.8806845575786
official_bc,50,417,-298.67628748474726
official_bc,50,418,-295.5710715822914
official_bc,50,419,-267.1645962786529
official_bc,50,420,-295.45895354786376
official_bc,50,421,-295.5299139416785
official_bc,50,422,-295.9658509733821
official_bc,50,423,-291.3779819992914
official_bc,50,424,-295.5002388887954
official_bc,50,425,-290.1127281253946
official_bc,50,426,-289.4240167084202
official_bc,50,427,-293.55779228376883
official_bc,50,428,-293.5008739936999
official_bc,50,429,-288.12608192624987
official_bc,50,430,-296.663374293263
official_bc,50,431,-290.98271718123226
official_bc,50,432,-289.2612277224009
official_bc,50,433,-290.1158172847223
official_bc,50,434,-283.0129266763097
official_bc,50,435,-286.39966083828534
official_bc,50,436,-277.9574202406152
official_bc,50,437,-293.36654014628925
official_bc,50,438,-290.2067374415372
official_bc,50,439,-292.4032013734893
official_bc,50,440,-291.63105162878776
official_bc,50,441,-290.1685259118865
official_bc,50,442,-293.21697937930145
official_bc,50,443,-293.25013169898136
official_bc,50,444,-279.6819169213434
official_bc,50,445,-288.9641201034437
official_bc,50,446,-294.46007085415033
official_bc,50,447,-285.9497854428699
official_bc,50,448,-296.14431936812673
official_bc,50,449,-298.91946189076623
official_bc,50,450,-294.4559666628862
official_bc,50,451,-296.48856246893445
official_bc,50,452,-292.71304112125654
official_bc,50,453,-287.68373461349995
official_bc,50,454,-297.0221306082061
official_bc,50,455,-294.33655299591703
official_bc,50,456,-294.43376954951566
official_bc,50,457,-294.34394449215415
official_bc,50,458,-291.8261822553327
official_bc,50,459,-289.8896387697255
official_bc,50,460,-286.57211181375146
official_bc,50,461,-284.8685675304423
official_bc,50,462,-291.1950088036826
official_bc,50,463,-292.7749765866621
official_bc,50,464,-292.1493512188496
official_bc,50,465,-293.7329263552294
official_bc,50,466,-292.74111924637236
official_bc,50,467,-290.3780332767
official_bc,50,468,-291.2212686508118
official_bc,50,469,-291.9320122931159
official_bc,50,470,-285.90642845168964
official_bc,50,471,-296.13562145096444
official_bc,50,472,-294.9911874101143
official_bc,50,473,-275.2578718573743
official_bc,50,474,-291.25976459016056
official_bc,50,475,-284.7723508440119
official_bc,50,476,-296.80608265086255
official_bc,50,477,-293.36851121469687
official_bc,50,478,-286.56023298559194
official_bc,50,479,-298.5254153150786
official_bc,50,480,-293.92858724278153
official_bc,50,481,-282.37483239362007
official_bc,50,482,-294.98460396853056
official_bc,50,483,-290.1829750190193
official_bc,50,484,-292.8041507747644
official_bc,50,485,-291.3059524244867
official_bc,50,486,-293.87167061588707
official_bc,50,487,-295.1258313751044
official_bc,50,488,-293.1354312622141
official_bc,50,489,-291.3944751817629
official_bc,50,490,-292.7293637683839
official_bc,50,491,-288.6611877881998
official_bc,50,492,-293.6905153757472
official_bc,50,493,-292.54722256414595
official_bc,50,494,-284.55103120584675
official_bc,50,495,-283.8645436844597
official_bc,50,496,-277.2954976245332
official_bc,50,497,-293.2417270578248
official_bc,50,498,-290.559207014384
official_bc,50,499,-284.9026623166027
official_bc,50,500,-291.4638633256243
official_bc,50,501,-288.9740719517112
official_bc,50,502,-290.11472769045395
official_bc,50,503,-294.8005789293059
official_bc,50,504,-296.75435274633014
official_bc,50,505,-296.8038611451742
official_bc,50,506,-299.5813597004402
official_bc,50,507,-296.04763015075963
official_bc,50,508,-285.0285561515365
official_bc,50,509,-294.53047194520104
official_bc,50,510,-289.6202329110125
official_bc,50,511,-276.36056242054093
official_bc,50,512,-281.47524700927727
official_bc,50,513,-286.6490236424991
official_bc,50,514,-290.6899281975876
official_bc,50,515,-290.306039561811
official_bc,50,516,-292.0481288037811
official_bc,50,517,-292.76706374035285
official_bc,50,518,-299.87395121763876
official_bc,50,519,-286.20384639122364
official_bc,50,520,-295.4418802416045
official_bc,50,521,-289.16407051968497
official_bc,50,522,-270.8890922655282
official_bc,50,523,-291.78781288288525
official_bc,50,524,-297.07037838374265
official_bc,50,525,-291.06714824359693
official_bc,50,526,-294.4733331453451
official_bc,50,527,-288.4408309614001
official_bc,50,528,-295.70861475158046
official_bc,50,529,-291.9531021741426
official_bc,50,530,-291.80921482185136
official_bc,50,531,-293.63268035473413
official_bc,50,532,-281.39798264580554
official_bc,50,533,-288.83151919300394
official_bc,50,534,-285.44106611514496
official_bc,50,535,-284.21469945199624
official_bc,50,536,-290.3125620378093
official_bc,50,537,-290.34018280929075
official_bc,50,538,-284.74700228199396
official_bc,50,539,-287.8260708994851
official_bc,50,540,-296.4110986108254
official_bc,50,541,-290.89094992116327
official_bc,50,542,-294.21190721347534
official_bc,50,543,-295.2058130711375
official_bc,50,544,-292.2890164273324
official_bc,50,545,-294.1679152520137
official_bc,50,546,-286.157250569627
official_bc,50,547,-294.3254229148306
official_bc,50,548,-296.6085682292563
official_bc,50,549,-287.8467192696158
official_bc,50,550,-292.27014106700415
official_bc,50,551,-295.8180585417664
official_bc,50,552,-289.9611818468597
official_bc,50,553,-293.43164836850326
official_bc,50,554,-287.04607689811934
official_bc,50,555,-285.054356392064
official_bc,50,556,-286.5663344586168
official_bc,50,557,-293.035706954149
official_bc,50,558,-282.4918396606819
official_bc,50,559,-294.0153180941749
official_bc,50,560,-293.2540849471574
official_bc,50,561,-292.5065984347335
official_bc,50,562,-295.8730599355327
official_bc,50,563,-289.61285652016727
official_bc,50,564,-296.0678446017775
official_bc,50,565,-296.8233009133031
official_bc,50,566,-298.5628787567959
official_bc,50,567,-296.4660340196121
official_bc,50,568,-292.7479188095563
official_bc,50,569,-289.19451486576406
official_bc,50,570,-291.3282150985764
official_bc,50,571,-290.4798911887987
official_bc,50,572,-291.87856373406373
official_bc,50,573,-291.575381205858
official_bc,50,574,-290.8641873593659
official_bc,50,575,-290.9871923331417
official_bc,50,576,-281.3806496050112
official_bc,50,577,-291.5700236542787
official_bc,50,578,-291.53704944536594
official_bc,50,579,-288.1997003837217
official_bc,50,580,-289.18627109170825
official_bc,50,581,-292.6870410926594
official_bc,50,582,-288.5704372829655
official_bc,50,583,-294.1975561808613
official_bc,50,584,-287.0345118082446
official_bc,50,585,-289.0814089433666
official_bc,50,586,-290.70183238635116
official_bc,50,587,-296.311887917572
official_bc,50,588,-293.51514300225614
official_bc,50,589,-288.0500767693678
official_bc,50,590,-297.5601424500963
official_bc,50,591,-287.9149645212532
official_bc,50,592,-290.11853193852056
official_bc,50,593,-292.8049991054261
official_bc,50,594,-283.94961280135664
official_bc,50,595,-290.3648084662873
official_bc,50,596,-291.44705688073594
official_bc,50,597,-281.82581414616044
official_bc,50,598,-287.1403156039405
official_bc,50,599,-290.2997145789028
official_bc,50,600,-294.1744288462595
official_bc,50,601,-292.96553368917597
official_bc,50,602,-296.5028717788972
official_bc,50,603,-291.97549049030505
official_bc,50,604,-292.0523151263214
official_bc,50,605,-295.0991054564755
official_bc,50,606,-288.02265989985887
official_bc,50,607,-280.2397872843046
official_bc,50,608,-293.2459025872688
official_bc,50,609,-288.2989829661755
official_bc,50,610,-292.2106211098228
official_bc,50,611,-286.81907378588795
official_bc,50,612,-293.8682030484273
official_bc,50,613,-291.11851556711474
official_bc,50,614,-295.9058062965815
official_bc,50,615,-289.8477133840822
official_bc,50,616,-288.6783635309299
official_bc,50,617,-292.3713088436659
official_bc,50,618,-293.04266348726503
official_bc,50,619,-278.1553138420589
official_bc,50,620,-292.8400051340245
official_bc,50,621,-298.6345628031481
official_bc,50,622,-292.28774205617617
official_bc,50,623,-290.555793004517
official_bc,50,624,-292.120616088214
official_bc,50,625,-287.8363637037188
official_bc,50,626,-289.8340377502397
official_bc,50,627,-295.9892105954823
official_bc,50,628,-280.7819062116301
official_bc,50,629,-279.7845324651942
official_bc,50,630,-290.88990363713435
official_bc,50,631,-288.6177799621805
official_bc,50,632,-281.240989553814
official_bc,50,633,-291.88843544396155
official_bc,50,634,-290.88695103552595
official_bc,50,635,-288.7667453724196
official_bc,50,636,-289.99295753981755
official_bc,50,637,-292.81548375679193
official_bc,50,638,-295.62756585858955
official_bc,50,639,-293.3034095966702
official_bc,50,640,-296.6489745128939
official_bc,50,641,-285.8874810198371
official_bc,50,642,-289.7554812869807
official_bc,50,643,-296.7947364357221
official_bc,50,644,-288.015683733257
official_bc,50,645,-294.33911890602667
official_bc,50,646,-283.94709790932296
official_bc,50,647,-284.12997869059984
official_bc,50,648,-298.18602008401484
official_bc,50,649,-281.98382620545385
official_bc,50,650,-292.2051607287808
official_bc,50,651,-292.66507238500026
official_bc,50,652,-293.2392379467711
official_bc,50,653,-292.1860781114355
official_bc,50,654,-293.0203879011205
official_bc,50,655,-289.88726713577313
official_bc,50,656,-293.69127953873544
official_bc,50,657,-290.1091220999429
official_bc,50,658,-293.9287461702469
official_bc,50,659,-287.45644010501786
official_bc,50,660,-282.6714015907828
official_bc,50,661,-288.86970992137356
official_bc,50,662,-291.863006430382
official_bc,50,663,-290.5478077406767
official_bc,50,664,-281.2454383672142
official_bc,50,665,-282.0555541522517
official_bc,50,666,-291.8630685957533
official_bc,50,667,-294.4366427003596
official_bc,50,668,-292.3266865667664
official_bc,50,669,-284.21787990182247
official_bc,50,670,-295.0647424271289
official_bc,50,671,-289.33084082540415
official_bc,50,672,-289.1658634187853
official_bc,50,673,-283.31074145968813
official_bc,50,674,-293.80547695038456
official_bc,50,675,-293.97226990305546
official_bc,50,676,-288.2415033848636
official_bc,50,677,-291.87172809339796
official_bc,50,678,-294.76687588437665
official_bc,50,679,-295.41518832587144
official_bc,50,680,-288.60202593565145
official_bc,50,681,-292.6745815854028
official_bc,50,682,-287.350289602987
official_bc,50,683,-288.61628691791606
official_bc,50,684,-291.3301453127171
official_bc,50,685,-282.18864943203283
official_bc,50,686,-290.2907474964301
official_bc,50,687,-285.8245197150537
official_bc,50,688,-294.5861088198842
official_bc,50,689,-297.05729412220677
official_bc,50,690,-285.43686344261283
official_bc,50,691,-290.9591848809126
official_bc,50,692,-287.7187049109708
official_bc,50,693,-287.6765346440965
official_bc,50,694,-285.10033545203316
official_bc,50,695,-279.8739346167514
official_bc,50,696,-277.40411791476697
official_bc,50,697,-290.5581219077187
official_bc,50,698,-286.41591086909034
official_bc,50,699,-293.0903013660161
official_bc,50,700,-288.4288264415166
official_bc,50,701,-289.04229651267724
official_bc,50,702,-292.0533285967722
official_bc,50,703,-289.21990292138986
official_bc,50,704,-294.1210944735501
official_bc,50,705,-297.1780716849553
official_bc,50,706,-286.18228620020136
official_bc,50,707,-286.5773737485398
official_bc,50,708,-291.4610621305378
official_bc,50,709,-282.3461010663332
official_bc,50,710,-282.3341052101979
official_bc,50,711,-285.22804316638405
official_bc,50,712,-294.21799311392516
official_bc,50,713,-292.16686197976486
official_bc,50,714,-289.4918023501307
official_bc,50,715,-280.50294319009964
official_bc,50,716,-294.6402087892355
official_bc,50,717,-288.3621657974291
official_bc,50,718,-290.71252251229464
official_bc,50,719,-289.6564288993515
official_bc,50,720,-287.39319818581595
official_bc,50,721,-281.7521079158514
official_bc,50,722,-277.9991613536315
official_bc,50,723,-292.50605281045154
official_bc,50,724,-297.7990339600737
official_bc,50,725,-287.20520813933774
official_bc,50,726,-296.3387977272445
official_bc,50,727,-292.1573417671209
official_bc,50,728,-290.26278810939243
official_bc,50,729,-300.33717658638
official_bc,50,730,-299.4454693178883
official_bc,50,731,-295.3403788892491
official_bc,50,732,-290.51136903225444
official_bc,50,733,-297.91181525845525
official_bc,50,734,-295.5432590211283
official_bc,50,735,-292.6937693185979
official_bc,50,736,-275.3495552397327
official_bc,50,737,-286.8812386057166
official_bc,50,738,-296.47555000350513
official_bc,50,739,-294.0906861207215
official_bc,50,740,-290.5317796931876
official_bc,50,741,-288.9838215204496
official_bc,50,742,-283.2631198435398
official_bc,50,743,-290.8841465791113
official_bc,50,744,-290.45634657982094
official_bc,50,745,-293.51500231707377
official_bc,50,746,-285.77988004630816
official_bc,50,747,-286.8289629887211
official_bc,50,748,-288.4374940521161
official_bc,50,749,-286.8171654445197
official_bc,50,750,-285.73853959367955
official_bc,50,751,-291.8643493782929
official_bc,50,752,-279.5813702272754
official_bc,50,753,-297.05853773220076
official_bc,50,754,-293.23579378060083
official_bc,50,755,-286.30640716679625
official_bc,50,756,-289.08051860644787
official_bc,50,757,-286.78755718038525
official_bc,50,758,-294.4192647149356
official_bc,50,759,-291.15444301893695
official_bc,50,760,-281.5703210717354
official_bc,50,761,-289.9647681077944
official_bc,50,762,-290.0886589217377
official_bc,50,763,-294.24326030127867
official_bc,50,764,-294.6913917253782
official_bc,50,765,-287.9208919825094
official_bc,50,766,-296.7926905978061
official_bc,50,767,-292.35882395343947
official_bc,50,768,-298.9492263533522
official_bc,50,769,-293.5126448524222
official_bc,50,770,-288.9001065490275
official_bc,50,771,-284.88767754522877
official_bc,50,772,-283.870085945254
official_bc,50,773,-293.3404173775102
official_bc,50,774,-287.79296870701614
official_bc,50,775,-287.6028708099513
official_bc,50,776,-287.3536708668312
official_bc,50,777,-280.4139604319942
official_bc,50,778,-294.1057074537797
official_bc,50,779,-287.1054357570633
official_bc,50,780,-297.1549470696147
official_bc,50,781,-288.522043213072
official_bc,50,782,-298.09853882560725
official_bc,50,783,-291.95541419035226
official_bc,50,784,-289.0774180316979
official_bc,50,785,-290.9597758690818
official_bc,50,786,-295.49632561862506
official_bc,50,787,-285.53966273754884
official_bc,50,788,-298.2422081533625
official_bc,50,789,-292.5336060106817
official_bc,50,790,-290.6223518086187
official_bc,50,791,-294.69765475655834
official_bc,50,792,-288.7044456034279
official_bc,50,793,-293.7332248029029
official_bc,50,794,-283.1424991274007
official_bc,50,795,-295.09817586999617
official_bc,50,796,-287.1161128546605
official_bc,50,797,-290.45719316252047
official_bc,50,798,-286.25212506988714
official_bc,50,799,-287.05070514116244
official_bc,50,800,-281.519520522417
official_bc,50,801,-292.3739421262014
official_bc,50,802,-294.6753373324421
official_bc,50,803,-291.27532140881584
official_bc,50,804,-291.20337592743226
official_bc,50,805,-295.8410808802561
official_bc,50,806,-286.0084418761238
official_bc,50,807,-294.6351719894868
official_bc,50,808,-301.06045072704865
official_bc,50,809,-296.5347388129337
official_bc,50,810,-297.2385768221212
official_bc,50,811,-298.92819492840755
official_bc,50,812,-290.0060763592703
official_bc,50,813,-283.10995580072995
official_bc,50,814,-296.45121143196394
official_bc,50,815,-288.89843405938313
official_bc,50,816,-286.11824068876444
official_bc,50,817,-290.46598790695924
official_bc,50,818,-291.02776034049054
official_bc,50,819,-294.0592460825532
official_bc,50,820,-291.11118925384005
official_bc,50,821,-298.31418448363036
official_bc,50,822,-290.9011669866432
official_bc,50,823,-291.89012917370746
official_bc,50,824,-296.8024018002543
official_bc,50,825,-297.20538909409817
official_bc,50,826,-290.77346758809085
official_bc,50,827,-298.46241974132744
official_bc,50,828,-280.0478861126463
official_bc,50,829,-287.63325024670274
official_bc,50,830,-282.27615589599867
official_bc,50,831,-280.6081010931556
official_bc,50,832,-294.9152285561409
official_bc,50,833,-284.17743482322527
official_bc,50,834,-274.3442584491918
official_bc,50,835,-294.7715801700374
official_bc,50,836,-290.8141809392739
official_bc,50,837,-291.9245363651896
official_bc,50,838,-284.6429309087347
official_bc,50,839,-294.11429137514943
official_bc,50,840,-290.5501022783478
official_bc,50,841,-296.3059467881592
official_bc,50,842,-298.3519092151132
official_bc,50,843,-285.87569206022243
official_bc,50,844,-294.4926396274058
official_bc,50,845,-283.4448053195988
official_bc,50,846,-288.1544235883554
official_bc,50,847,-291.395430518148
official_bc,50,848,-282.7419676453695
official_bc,50,849,-290.0868404184596
official_bc,50,850,-290.26547406478437
official_bc,50,851,-294.51872474849637
official_bc,50,852,-292.2875172528422
official_bc,50,853,-290.41607039646374
official_bc,50,854,-283.0825359518829
official_bc,50,855,-293.0567194073777
official_bc,50,856,-288.60193235348294
official_bc,50,857,-291.8888662179105
official_bc,50,858,-292.776668295027
official_bc,50,859,-291.65683239736796
official_bc,50,860,-290.00337307156815
official_bc,50,861,-296.902313020967
official_bc,50,862,-281.36981355227715
official_bc,50,863,-297.6038968492922
official_bc,50,864,-294.24236047273956
official_bc,50,865,-286.2388360980843
official_bc,50,866,-286.7492129776406
official_bc,50,867,-289.8470842889245
official_bc,50,868,-280.8300305374875
official_bc,50,869,-293.4427671886194
official_bc,50,870,-278.01302631998715
official_bc,50,871,-292.6145421887991
official_bc,50,872,-289.04409675993475
official_bc,50,873,-285.05557842930267
official_bc,50,874,-289.8381582590795
official_bc,50,875,-288.44356451277906
official_bc,50,876,-283.15955763283847
official_bc,50,877,-293.7636380210554
official_bc,50,878,-292.91338043276585
official_bc,50,879,-291.1351375967732
official_bc,50,880,-293.17059942513106
official_bc,50,881,-289.0872490588054
official_bc,50,882,-291.2787755585068
official_bc,50,883,-294.34630227121875
official_bc,50,884,-292.86629370562326
official_bc,50,885,-284.45187858978875
official_bc,50,886,-292.27534672867864
official_bc,50,887,-278.0901868784437
official_bc,50,888,-283.08026905558324
official_bc,50,889,-293.01253364560205
official_bc,50,890,-289.70675085571514
official_bc,50,891,-284.4631903560155
official_bc,50,892,-293.40744228899604
official_bc,50,893,-300.1341761250181
official_bc,50,894,-297.3252222284648
official_bc,50,895,-288.7782089200047
official_bc,50,896,-295.6763073796309
official_bc,50,897,-293.7002957489879
official_bc,50,898,-288.80298947078364
official_bc,50,899,-288.6448643927938
official_bc,50,900,-298.97696604840587
official_bc,50,901,-301.0134246290467
official_bc,50,902,-296.80876498386965
official_bc,50,903,-290.5613477978617
official_bc,50,904,-289.84124465913806
official_bc,50,905,-288.1505740545725
official_bc,50,906,-292.58087918717234
official_bc,50,907,-285.3643014042084
official_bc,50,908,-291.5703842641901
official_bc,50,909,-289.67223067717174
official_bc,50,910,-293.72038456120043
official_bc,50,911,-293.9585974003006
official_bc,50,912,-292.6069490919262
official_bc,50,913,-287.27528468847476
official_bc,50,914,-295.82939702414217
official_bc,50,915,-277.3996708578833
official_bc,50,916,-292.45961250436346
official_bc,50,917,-278.3843986248403
official_bc,50,918,-300.5696956196226
official_bc,50,919,-289.6877256404525
official_bc,50,920,-292.7476540255647
official_bc,50,921,-291.2371225250405
official_bc,50,922,-280.7751293640321
official_bc,50,923,-284.2359073615879
official_bc,50,924,-293.1388456943952
official_bc,50,925,-294.7231956294195
official_bc,50,926,-293.6560724005024
official_bc,50,927,-288.9677257488594
official_bc,50,928,-289.21509555777004
official_bc,50,929,-292.2037368970807
official_bc,50,930,-286.6120521769334
official_bc,50,931,-294.7088264674944
official_bc,50,932,-290.15332351264533
official_bc,50,933,-289.71618814589664
official_bc,50,934,-288.24058439016335
official_bc,50,935,-294.86538735670615
official_bc,50,936,-295.06161870493565
official_bc,50,937,-288.7919382052086
official_bc,50,938,-288.5295735008241
official_bc,50,939,-289.41782058391726
official_bc,50,940,-285.20440867971905
official_bc,50,941,-293.8727948682436
official_bc,50,942,-288.85337555574756
official_bc,50,943,-286.3600123693801
official_bc,50,944,-290.11524731957746
official_bc,50,945,-295.42124724674113
official_bc,50,946,-287.48269399051793
official_bc,50,947,-277.3868701699655
official_bc,50,948,-291.2646043041044
official_bc,50,949,-288.337668228425
official_bc,50,950,-297.3606517092482
official_bc,50,951,-296.44904885318306
official_bc,50,952,-279.2999192092622
official_bc,50,953,-290.12100211715654
official_bc,50,954,-286.75440927344454
official_bc,50,955,-285.6104342174366
official_bc,50,956,-294.1901352590719
official_bc,50,957,-296.06664833926277
official_bc,50,958,-296.8746756446586
official_bc,50,959,-294.02553255843145
official_bc,50,960,-294.80038483742595
official_bc,50,961,-286.1938962535387
official_bc,50,962,-292.78587118671095
official_bc,50,963,-286.47998860501207
official_bc,50,964,-283.6879478968775
official_bc,50,965,-281.5077122749053
official_bc,50,966,-288.5444448220787
official_bc,50,967,-280.1426579252277
official_bc,50,968,-291.6573009665324
official_bc,50,969,-289.2321090381571
official_bc,50,970,-283.31072011470627
official_bc,50,971,-284.17833652852545
official_bc,50,972,-295.47459867326234
official_bc,50,973,-291.91296702887274
official_bc,50,974,-298.88451964104735
official_bc,50,975,-286.6146197963541
official_bc,50,976,-299.0616214916688
official_bc,50,977,-286.6141396744143
official_bc,50,978,-296.30812479222516
official_bc,50,979,-296.51617961803674
official_bc,50,980,-297.26864336886473
official_bc,50,981,-292.3435183306715
official_bc,50,982,-278.8757119004362
official_bc,50,983,-295.1197278034825
official_bc,50,984,-296.7994155776846
official_bc,50,985,-290.3813398247519
official_bc,50,986,-287.634982443415
official_bc,50,987,-295.70146340221714
official_bc,50,988,-284.64590225655814
official_bc,50,989,-288.1996377724839
official_bc,50,990,-287.37543563390216
official_bc,50,991,-284.13695292993924
official_bc,50,992,-292.0876569048764
official_bc,50,993,-283.81657846028054
official_bc,50,994,-286.4298596254241
official_bc,50,995,-296.6770460320052
official_bc,50,996,-293.1567082328644
official_bc,50,997,-297.4481099126332
official_bc,50,998,-285.8502002930174
official_bc,50,999,-287.8427276296605
official_bc,50,1000,-291.39575236448286
official_bc,51,1,-195.36925849862334
official_bc,51,2,-206.57935354501217
official_bc,51,3,-202.31531593650476
official_bc,51,4,-218.6746743223021
official_bc,51,5,-231.9222761487169
official_bc,51,6,-197.73913508421185
official_bc,51,7,-277.83669514735436
official_bc,51,8,-189.97176644648397
official_bc,51,9,-161.7050401161069
official_bc,51,10,-199.38176188292076
official_bc,51,11,-295.5589890209716
official_bc,51,12,-259.46176687428726
official_bc,51,13,-302.0271271663813
official_bc,51,14,-227.7377190086549
official_bc,51,15,-198.6993444370953
official_bc,51,16,-203.4211570938367
official_bc,51,17,-266.6793999263739
official_bc,51,18,-284.6335101855547
official_bc,51,19,-232.31233838128236
official_bc,51,20,-212.78031964903656
official_bc,51,21,-222.03842290041982
official_bc,51,22,-287.92367131764206
official_bc,51,23,-226.1625548097852
official_bc,51,24,-240.29533604798345
official_bc,51,25,-162.85876399860945
official_bc,51,26,-274.28587886073245
official_bc,51,27,-295.4833242182128
official_bc,51,28,-314.2690068256209
official_bc,51,29,-193.81319344731196
official_bc,51,30,-201.1379630300534
official_bc,51,31,-158.24842316442454
official_bc,51,32,-286.41094002106166
official_bc,51,33,-288.64735291890094
official_bc,51,34,-292.4175888583747
official_bc,51,35,-292.69581803295756
official_bc,51,36,-289.8689353699972
official_bc,51,37,-289.069177449688
official_bc,51,38,-291.16383150582965
official_bc,51,39,-283.69025399806947
official_bc,51,40,-286.4883321779121
official_bc,51,41,-266.3553285795393
official_bc,51,42,-282.774599448166
official_bc,51,43,-267.15041048702705
official_bc,51,44,-266.333528913548
official_bc,51,45,-263.8674560338968
official_bc,51,46,-258.6620920508734
official_bc,51,47,-266.02571258059925
official_bc,51,48,-257.7729687426939
official_bc,51,49,-252.4260749529584
official_bc,51,50,-253.25479801514834
official_bc,51,51,-244.2471677565325
official_bc,51,52,-252.44126130563313
official_bc,51,53,-260.06385834760613
official_bc,51,54,-269.8157026025217
official_bc,51,55,-283.3318020882641
official_bc,51,56,-285.55340667102416
official_bc,51,57,-291.8409814863232
official_bc,51,58,-308.67037120987146
official_bc,51,59,-304.4623167611595
official_bc,51,60,-306.22221440597275
official_bc,51,61,-303.61556884314376
official_bc,51,62,-294.6696275676385
official_bc,51,63,-299.31201859093636
official_bc,51,64,-298.89579068277186
official_bc,51,65,-309.9116213783287
official_bc,51,66,-293.0798384964259
official_bc,51,67,-289.31208601415136
official_bc,51,68,-303.49827007202504
official_bc,51,69,-289.7898682692289
official_bc,51,70,-288.2025325503421
official_bc,51,71,-291.2267062553726
official_bc,51,72,-279.72526679533263
official_bc,51,73,-286.0797232788184
official_bc,51,74,-289.9952174319212
official_bc,51,75,-290.1502278917953
official_bc,51,76,-295.5582312303908
official_bc,51,77,-295.9021545371498
official_bc,51,78,-291.86983940555547
official_bc,51,79,-289.407471672098
official_bc,51,80,-298.5575437686645
official_bc,51,81,-288.9376214373917
official_bc,51,82,-287.661568183078
official_bc,51,83,-291.6298573020096
official_bc,51,84,-286.4596587776797
official_bc,51,85,-290.5861128708088
official_bc,51,86,-288.9127373756934
official_bc,51,87,-282.6700291761456
official_bc,51,88,-286.3355171827186
official_bc,51,89,-287.60254994430557
official_bc,51,90,-286.941875702293
official_bc,51,91,-287.42691661846675
official_bc,51,92,-294.42313474465277
official_bc,51,93,-281.09740540417954
official_bc,51,94,-293.03766667679525
official_bc,51,95,-294.40347568101635
official_bc,51,96,-293.47767507681203
official_bc,51,97,-303.02451732596603
official_bc,51,98,-299.79962895767767
official_bc,51,99,-291.6338224422436
official_bc,51,100,-295.5473465701798
official_bc,51,101,-298.74669966065085
official_bc,51,102,-297.6520608403305
official_bc,51,103,-291.1010521779234
official_bc,51,104,-283.59000133415157
official_bc,51,105,-295.640257907639
official_bc,51,106,-291.54625133260345
official_bc,51,107,-288.455365871841
official_bc,51,108,-283.10636598392756
official_bc,51,109,-283.55460670660153
official_bc,51,110,-283.8996137109657
official_bc,51,111,-271.59020088970044
official_bc,51,112,-288.60172190940534
official_bc,51,113,-290.4542925866447
official_bc,51,114,-285.2649392040851
official_bc,51,115,-293.06169687756574
official_bc,51,116,-289.7653211206874
official_bc,51,117,-295.9276661886288
official_bc,51,118,-285.2720450539793
official_bc,51,119,-295.09496631776227
official_bc,51,120,-290.7859923213625
official_bc,51,121,-284.07293872145027
official_bc,51,122,-285.951552213897
official_bc,51,123,-284.83348936275297
official_bc,51,124,-285.3823082730866
official_bc,51,125,-279.48218723201865
official_bc,51,126,-282.7200472758533
official_bc,51,127,-291.9961650127
official_bc,51,128,-285.4306744072456
official_bc,51,129,-286.16933305705436
official_bc,51,130,-296.59421299194014
official_bc,51,131,-296.00148669142305
official_bc,51,132,-280.357977700149
official_bc,51,133,-292.4984689358256
official_bc,51,134,-284.9454935722866
official_bc,51,135,-288.7980358784732
official_bc,51,136,-286.0832450788556
official_bc,51,137,-295.49190516953996
official_bc,51,138,-288.83438004144756
official_bc,51,139,-283.51011619844144
official_bc,51,140,-287.3234347514793
official_bc,51,141,-295.763120552787
official_bc,51,142,-293.96332080848504
official_bc,51,143,-295.3525092295598
official_bc,51,144,-287.6702237634446
official_bc,51,145,-292.36075591045386
official_bc,51,146,-291.40298773530685
official_bc,51,147,-287.92811648236
official_bc,51,148,-285.7719104595494
official_bc,51,149,-288.43523688117523
official_bc,51,150,-293.5893066304697
official_bc,51,151,-284.7995279938267
official_bc,51,152,-280.5903045455618
official_bc,51,153,-285.5919572481332
official_bc,51,154,-292.7857962176726
official_bc,51,155,-292.90390341307796
official_bc,51,156,-295.19196529359976
official_bc,51,157,-283.22521376789814
official_bc,51,158,-292.36344183808666
official_bc,51,159,-285.684169997033
official_bc,51,160,-296.70809339479854
official_bc,51,161,-286.2781031148386
official_bc,51,162,-290.652694133465
official_bc,51,163,-291.2861486008049
official_bc,51,164,-279.9744600679904
official_bc,51,165,-289.5867917539622
official_bc,51,166,-285.0659295355636
official_bc,51,167,-276.8307477018959
official_bc,51,168,-289.7533264274073
official_bc,51,169,-290.2914858266075
official_bc,51,170,-287.45609456518235
official_bc,51,171,-297.3529060925035
official_bc,51,172,-269.1350027250529
official_bc,51,173,-285.5730356637457
official_bc,51,174,-288.29205061762326
official_bc,51,175,-294.3832277192784
official_bc,51,176,-290.8165830099664
official_bc,51,177,-294.77715586874524
official_bc,51,178,-291.31840265331937
official_bc,51,179,-293.83641862053537
official_bc,51,180,-295.170861230333
official_bc,51,181,-283.7073870248202
official_bc,51,182,-285.92004099298526
official_bc,51,183,-290.0813516888767
official_bc,51,184,-284.034337431024
official_bc,51,185,-292.1077191363647
official_bc,51,186,-284.6766366860084
official_bc,51,187,-289.37075891197924
official_bc,51,188,-275.6976629099098
official_bc,51,189,-290.52103939228755
official_bc,51,190,-293.78131962307987
official_bc,51,191,-282.6900223599081
official_bc,51,192,-289.64340561187146
official_bc,51,193,-298.6298946387492
official_bc,51,194,-296.0321686793691
official_bc,51,195,-289.018773033147
official_bc,51,196,-284.80476728788324
official_bc,51,197,-299.46530720658967
official_bc,51,198,-292.323619339701
official_bc,51,199,-297.78987480805773
official_bc,51,200,-285.8606670389373
official_bc,51,201,-293.94486910754677
official_bc,51,202,-290.65914420631276
official_bc,51,203,-293.3285631576089
official_bc,51,204,-292.58113755557076
official_bc,51,205,-293.94474627099515
official_bc,51,206,-286.9115940140253
official_bc,51,207,-289.61246215533623
official_bc,51,208,-290.24184738965187
official_bc,51,209,-284.99858756802155
official_bc,51,210,-296.4311773373837
official_bc,51,211,-291.860545163534
official_bc,51,212,-286.28993866200324
official_bc,51,213,-297.7263096484361
official_bc,51,214,-290.37672942099863
official_bc,51,215,-289.206736679431
official_bc,51,216,-294.1742409957662
official_bc,51,217,-293.6877107968674
official_bc,51,218,-290.08685834761894
official_bc,51,219,-293.22118221176044
official_bc,51,220,-278.43074573792336
official_bc,51,221,-293.61688679609097
official_bc,51,222,-288.9719691856588
official_bc,51,223,-288.3408883698502
official_bc,51,224,-279.70628784489884
official_bc,51,225,-288.37621519324455
official_bc,51,226,-288.9078808563329
official_bc,51,227,-293.8153376508237
official_bc,51,228,-296.67852184939795
official_bc,51,229,-295.58300919558957
official_bc,51,230,-289.97613085809036
official_bc,51,231,-292.927689990376
official_bc,51,232,-286.45176583428434
official_bc,51,233,-280.92868119589855
official_bc,51,234,-290.85624785009975
official_bc,51,235,-291.01671282825953
official_bc,51,236,-290.87043372128824
official_bc,51,237,-289.6919796196398
official_bc,51,238,-293.1140064116829
official_bc,51,239,-295.04077541751644
official_bc,51,240,-292.31196339726665
official_bc,51,241,-290.94781134541535
official_bc,51,242,-292.56785267441876
official_bc,51,243,-294.09123255918604
official_bc,51,244,-292.9481591335864
official_bc,51,245,-292.60407222627157
official_bc,51,246,-287.98710681773235
official_bc,51,247,-294.8759580758881
official_bc,51,248,-277.3620219792854
official_bc,51,249,-290.8326012654507
official_bc,51,250,-295.079279811699
official_bc,51,251,-281.9823754366868
official_bc,51,252,-287.88605505620876
official_bc,51,253,-288.0772903438363
official_bc,51,254,-295.9341841410379
official_bc,51,255,-280.6624230462158
official_bc,51,256,-286.3146899036981
official_bc,51,257,-282.8540948251772
official_bc,51,258,-293.56449434453145
official_bc,51,259,-292.3166452361453
official_bc,51,260,-296.4920642909442
official_bc,51,261,-295.51224206091354
official_bc,51,262,-295.9122301097518
official_bc,51,263,-285.2426299883905
official_bc,51,264,-288.89499341285324
official_bc,51,265,-295.7736757968378
official_bc,51,266,-291.37017807072004
official_bc,51,267,-293.4720099705802
official_bc,51,268,-284.26568191355113
official_bc,51,269,-287.40098246525326
official_bc,51,270,-291.71702183294985
official_bc,51,271,-290.0625101838858
official_bc,51,272,-282.8787926567363
official_bc,51,273,-284.4322296012456
official_bc,51,274,-297.1889192062923
official_bc,51,275,-292.9599195377126
official_bc,51,276,-293.6663402314449
official_bc,51,277,-292.27538958181736
official_bc,51,278,-293.18031323723073
official_bc,51,279,-285.4350970393107
official_bc,51,280,-286.8528433449276
official_bc,51,281,-299.22623164474686
official_bc,51,282,-292.10567872334974
official_bc,51,283,-298.7182041490712
official_bc,51,284,-291.6883848054599
official_bc,51,285,-273.43130535769853
official_bc,51,286,-284.6551858692901
official_bc,51,287,-292.46583409425426
official_bc,51,288,-285.5942057585585
official_bc,51,289,-294.406813322528
official_bc,51,290,-284.68312414910184
official_bc,51,291,-286.7756069673279
official_bc,51,292,-297.9913995488672
official_bc,51,293,-297.0178065793838
official_bc,51,294,-302.01858900280024
official_bc,51,295,-290.0922075045436
official_bc,51,296,-295.2437475692264
official_bc,51,297,-298.8783340986801
official_bc,51,298,-292.3339341911149
official_bc,51,299,-293.624953468129
official_bc,51,300,-286.2459915143616
official_bc,51,301,-294.91095181518654
official_bc,51,302,-288.3466840092234
official_bc,51,303,-277.8154060648992
official_bc,51,304,-294.83714533512693
official_bc,51,305,-284.4385041314797
official_bc,51,306,-287.6036188802139
official_bc,51,307,-295.0988054221923
official_bc,51,308,-292.66213651711246
official_bc,51,309,-287.0394138040918
official_bc,51,310,-285.8821316142113
official_bc,51,311,-274.51227407839446
official_bc,51,312,-290.80490492369296
official_bc,51,313,-293.8045616728407
official_bc,51,314,-289.093886356538
official_bc,51,315,-300.3165521360081
official_bc,51,316,-294.28467822443366
official_bc,51,317,-291.72073610898127
official_bc,51,318,-287.7509676350146
official_bc,51,319,-298.47287772625435
official_bc,51,320,-281.00748199546865
official_bc,51,321,-291.84064400860905
official_bc,51,322,-293.16030546107794
official_bc,51,323,-289.3862551224375
official_bc,51,324,-288.6421088553683
official_bc,51,325,-291.0643649648841
official_bc,51,326,-294.32263363336665
official_bc,51,327,-290.4535892009806
official_bc,51,328,-291.30590077068064
official_bc,51,329,-291.7470249508421
official_bc,51,330,-291.8015277745434
official_bc,51,331,-291.2576920292935
official_bc,51,332,-295.04796216637004
official_bc,51,333,-294.0563098521048
official_bc,51,334,-292.42740794916165
official_bc,51,335,-295.68784561393005
official_bc,51,336,-288.87519194070916
official_bc,51,337,-291.92411065653516
official_bc,51,338,-282.0249250308416
official_bc,51,339,-296.48843361312265
official_bc,51,340,-288.30708184466266
official_bc,51,341,-288.7940695606317
official_bc,51,342,-295.2668952856319
official_bc,51,343,-294.10178741307465
official_bc,51,344,-290.6377890451919
official_bc,51,345,-286.08565088462586
official_bc,51,346,-290.41549358610257
official_bc,51,347,-293.54808070550774
official_bc,51,348,-282.6137783200179
official_bc,51,349,-291.06884534168864
official_bc,51,350,-291.6517516300669
official_bc,51,351,-287.06995586201583
official_bc,51,352,-285.12262134417057
official_bc,51,353,-296.3068707647034
official_bc,51,354,-291.6171466352069
official_bc,51,355,-290.7346527076902
official_bc,51,356,-292.18788361727576
official_bc,51,357,-291.27546591452955
official_bc,51,358,-275.7945440364954
official_bc,51,359,-284.7419827028889
official_bc,51,360,-292.9963714897357
official_bc,51,361,-290.75068918831596
official_bc,51,362,-294.303040054713
official_bc,51,363,-295.04729157249096
official_bc,51,364,-288.9385724053211
official_bc,51,365,-293.7775035553585
official_bc,51,366,-287.8903842880909
official_bc,51,367,-294.5826695962902
official_bc,51,368,-285.2707170562218
official_bc,51,369,-293.2191895167057
official_bc,51,370,-291.7176004072988
official_bc,51,371,-297.8752107156196
official_bc,51,372,-294.5920831173652
official_bc,51,373,-286.98674846530685
official_bc,51,374,-286.52542330830465
official_bc,51,375,-284.10393933699265
official_bc,51,376,-294.20745191136325
official_bc,51,377,-285.8651037632586
official_bc,51,378,-290.1634704108675
official_bc,51,379,-294.9002209181048
official_bc,51,380,-292.6153934588755
official_bc,51,381,-292.74091459304066
official_bc,51,382,-292.7235351815574
official_bc,51,383,-293.1115939530777
official_bc,51,384,-296.74558415422865
official_bc,51,385,-290.0048131579839
official_bc,51,386,-296.21263958578913
official_bc,51,387,-287.7759441059929
official_bc,51,388,-296.3858513810709
official_bc,51,389,-289.74502773738425
official_bc,51,390,-292.66972601016073
official_bc,51,391,-294.4135096096712
official_bc,51,392,-291.4410242263023
official_bc,51,393,-292.43784848966834
official_bc,51,394,-282.2147346799923
official_bc,51,395,-290.7656637428593
official_bc,51,396,-278.69166221074966
official_bc,51,397,-276.8858792265782
official_bc,51,398,-290.6776448559772
official_bc,51,399,-294.6252247130373
official_bc,51,400,-284.2005594485854
official_bc,51,401,-287.4450690020722
official_bc,51,402,-285.3553346053587
official_bc,51,403,-290.30215362973627
official_bc,51,404,-294.4987179959872
official_bc,51,405,-295.37749793658156
official_bc,51,406,-292.8409814545473
official_bc,51,407,-295.05690431979156
official_bc,51,408,-301.98655214017305
official_bc,51,409,-299.8250430611114
official_bc,51,410,-291.2773265029887
official_bc,51,411,-301.1744747644844
official_bc,51,412,-290.50085991072046
official_bc,51,413,-298.11870851184324
official_bc,51,414,-284.58829275576204
official_bc,51,415,-293.6793678398628
official_bc,51,416,-290.897394363353
official_bc,51,417,-294.207168811276
official_bc,51,418,-292.43280591903704
official_bc,51,419,-290.6226772563518
official_bc,51,420,-295.1247155573019
official_bc,51,421,-276.73112970216704
official_bc,51,422,-286.6744383986733
official_bc,51,423,-292.2677291138684
official_bc,51,424,-289.75137843947965
official_bc,51,425,-286.10157388924034
official_bc,51,426,-286.3202442152468
official_bc,51,427,-296.1231811382881
official_bc,51,428,-296.9666775631946
official_bc,51,429,-284.6184500406285
official_bc,51,430,-285.1719967396365
official_bc,51,431,-287.1187480777932
official_bc,51,432,-298.91477243346714
official_bc,51,433,-293.42166155971967
official_bc,51,434,-290.36439964805857
official_bc,51,435,-286.2567121926402
official_bc,51,436,-287.83997693702963
official_bc,51,437,-286.62064048348384
official_bc,51,438,-280.18984449490904
official_bc,51,439,-288.59662887371866
official_bc,51,440,-293.6793560014609
official_bc,51,441,-289.01311573373073
official_bc,51,442,-294.36202384602103
official_bc,51,443,-290.3811292602553
official_bc,51,444,-289.13685482711486
official_bc,51,445,-283.78446018809257
official_bc,51,446,-293.36294511736946
official_bc,51,447,-292.11326292072226
official_bc,51,448,-281.7989732355867
official_bc,51,449,-290.6131864711213
official_bc,51,450,-285.1797823464208
official_bc,51,451,-288.01979369223443
official_bc,51,452,-285.8177766575483
official_bc,51,453,-288.54991453917467
official_bc,51,454,-289.14701782502704
official_bc,51,455,-294.4415657119211
official_bc,51,456,-285.3758867489986
official_bc,51,457,-286.4514765121193
official_bc,51,458,-284.8078622153611
official_bc,51,459,-299.6698466009267
official_bc,51,460,-281.8609141759101
official_bc,51,461,-290.678793983221
official_bc,51,462,-294.40204902111344
official_bc,51,463,-291.97928834394384
official_bc,51,464,-287.0309633338288
official_bc,51,465,-292.693890733165
official_bc,51,466,-289.8837155819234
official_bc,51,467,-295.9851777655679
official_bc,51,468,-281.69881926451205
official_bc,51,469,-298.7237303547015
official_bc,51,470,-289.97627971435827
official_bc,51,471,-295.0165347329307
official_bc,51,472,-294.9902323132486
official_bc,51,473,-277.9681219984725
official_bc,51,474,-291.8289044680147
official_bc,51,475,-297.5218989262909
official_bc,51,476,-287.833140549777
official_bc,51,477,-291.980802966163
official_bc,51,478,-294.9664831252051
official_bc,51,479,-277.65972687790014
official_bc,51,480,-281.94824466186606
official_bc,51,481,-293.6162932781903
official_bc,51,482,-294.2624960442899
official_bc,51,483,-289.2622804694873
official_bc,51,484,-290.66384066785525
official_bc,51,485,-295.9229667384169
official_bc,51,486,-289.77069771957645
official_bc,51,487,-291.8275679256777
official_bc,51,488,-298.03291120846404
official_bc,51,489,-292.74016574717734
official_bc,51,490,-287.0832846512629
official_bc,51,491,-298.3615313183576
official_bc,51,492,-296.93023285495883
official_bc,51,493,-290.320305479165
official_bc,51,494,-287.4138867898524
official_bc,51,495,-296.1003054875052
official_bc,51,496,-290.18081334202077
official_bc,51,497,-279.90594873314177
official_bc,51,498,-289.0495786642576
official_bc,51,499,-288.6904179671556
official_bc,51,500,-294.06747647503767
official_bc,51,501,-290.26674210077897
official_bc,51,502,-292.2054286141195
official_bc,51,503,-285.58178954070183
official_bc,51,504,-290.54947249648245
official_bc,51,505,-294.2428289253772
official_bc,51,506,-294.04878006972643
official_bc,51,507,-290.47413765859494
official_bc,51,508,-287.81882333023407
official_bc,51,509,-290.9934911981615
official_bc,51,510,-289.36400890077704
official_bc,51,511,-288.2844992760412
official_bc,51,512,-291.81700300284297
official_bc,51,513,-293.4345111138912
official_bc,51,514,-286.84135663193376
official_bc,51,515,-291.5033878687638
official_bc,51,516,-291.4189295795177
official_bc,51,517,-298.0652972235477
official_bc,51,518,-284.15389049733267
official_bc,51,519,-295.7463501292846
official_bc,51,520,-287.58126759207863
official_bc,51,521,-297.8237236971026
official_bc,51,522,-275.60357315788826
official_bc,51,523,-292.76615698485426
official_bc,51,524,-291.83900733981505
official_bc,51,525,-296.77573659999075
official_bc,51,526,-294.03343587907705
official_bc,51,527,-288.67339935776675
official_bc,51,528,-296.65660669488466
official_bc,51,529,-293.19755328669095
official_bc,51,530,-287.2899883775359
official_bc,51,531,-285.7505243710883
official_bc,51,532,-298.5957539201909
official_bc,51,533,-294.9328558368576
official_bc,51,534,-289.0812131853748
official_bc,51,535,-290.87786190344116
official_bc,51,536,-290.36090151006414
official_bc,51,537,-278.3712768225047
official_bc,51,538,-293.5713100888191
official_bc,51,539,-292.53439005698806
official_bc,51,540,-289.9419598074012
official_bc,51,541,-283.64533932185145
official_bc,51,542,-298.1083011474224
official_bc,51,543,-279.00423837972284
official_bc,51,544,-292.3683740859854
official_bc,51,545,-292.8325981841633
official_bc,51,546,-286.8744194864313
official_bc,51,547,-292.3485689519601
official_bc,51,548,-297.96995015600805
official_bc,51,549,-293.5258593360441
official_bc,51,550,-291.8231520379454
official_bc,51,551,-287.01809944116565
official_bc,51,552,-286.7635589315329
official_bc,51,553,-296.43541984039416
official_bc,51,554,-279.8017964042933
official_bc,51,555,-289.28889928063813
official_bc,51,556,-293.42118702354054
official_bc,51,557,-293.6363223568282
official_bc,51,558,-278.80083150888953
official_bc,51,559,-291.13224192145447
official_bc,51,560,-296.2389458382587
official_bc,51,561,-287.0566586035657
official_bc,51,562,-280.1053032106148
official_bc,51,563,-297.2631302003042
official_bc,51,564,-295.6593442257288
official_bc,51,565,-289.65517743117607
official_bc,51,566,-288.09880289155967
official_bc,51,567,-291.2604080859431
official_bc,51,568,-295.48243030029283
official_bc,51,569,-275.70965296065606
official_bc,51,570,-289.0714613067355
official_bc,51,571,-297.0770023681378
official_bc,51,572,-295.73012118980756
official_bc,51,573,-292.05827936363005
official_bc,51,574,-294.7014230771954
official_bc,51,575,-291.55487223197736
official_bc,51,576,-286.6330821579764
official_bc,51,577,-295.8305559874743
official_bc,51,578,-287.67193267193164
official_bc,51,579,-289.28058307833805
official_bc,51,580,-290.4979221047114
official_bc,51,581,-293.3042348423528
official_bc,51,582,-283.7796834699178
official_bc,51,583,-294.0377249560993
official_bc,51,584,-292.1260845732792
official_bc,51,585,-290.4100260960538
official_bc,51,586,-288.40316207615285
official_bc,51,587,-291.8624116016482
official_bc,51,588,-290.3249023913211
official_bc,51,589,-291.8080172363687
official_bc,51,590,-297.1055057969561
official_bc,51,591,-293.0200755210187
official_bc,51,592,-289.5168956994992
official_bc,51,593,-295.519344707663
official_bc,51,594,-294.44368253483543
official_bc,51,595,-291.5434293581484
official_bc,51,596,-289.9537522070203
official_bc,51,597,-289.8407900274314
official_bc,51,598,-291.8125235122889
official_bc,51,599,-287.93015046845613
official_bc,51,600,-287.88342028575903
official_bc,51,601,-291.9020709343978
official_bc,51,602,-291.26434426749296
official_bc,51,603,-293.59056352787263
official_bc,51,604,-282.8441004006877
official_bc,51,605,-290.85320156656803
official_bc,51,606,-294.99641572938043
official_bc,51,607,-289.63029527463874
official_bc,51,608,-297.73736497945373
official_bc,51,609,-284.6808223754991
official_bc,51,610,-292.6386208180272
official_bc,51,611,-292.8382687008581
official_bc,51,612,-295.4290272249946
official_bc,51,613,-294.4121016343762
official_bc,51,614,-297.83458630616633
official_bc,51,615,-296.3829883284285
official_bc,51,616,-289.20354719536203
official_bc,51,617,-287.02433666352044
official_bc,51,618,-291.01112161907037
official_bc,51,619,-279.67288459170055
official_bc,51,620,-274.62764318247207
official_bc,51,621,-288.4018713069494
official_bc,51,622,-282.6917085670354
official_bc,51,623,-293.1617600477597
official_bc,51,624,-291.67147760139767
official_bc,51,625,-291.2147737134981
official_bc,51,626,-285.9809070357166
official_bc,51,627,-295.1002550544676
official_bc,51,628,-290.71994529717324
official_bc,51,629,-295.23143231183394
official_bc,51,630,-294.6506805234997
official_bc,51,631,-295.50901018794406
official_bc,51,632,-293.21057959661124
official_bc,51,633,-292.00483196199025
official_bc,51,634,-286.4108852029188
official_bc,51,635,-296.37879720455584
official_bc,51,636,-284.70578947828744
official_bc,51,637,-293.4098232039151
official_bc,51,638,-287.5653740230064
official_bc,51,639,-289.37738006186123
official_bc,51,640,-282.71456647481983
official_bc,51,641,-287.0764078078878
official_bc,51,642,-278.13625108298424
official_bc,51,643,-286.38801800856606
official_bc,51,644,-290.0633067275493
official_bc,51,645,-295.71394559218663
official_bc,51,646,-287.20840120982746
official_bc,51,647,-298.66601422075144
official_bc,51,648,-298.84987311567085
official_bc,51,649,-288.08527302311046
official_bc,51,650,-295.49173043193343
official_bc,51,651,-285.37196389246185
official_bc,51,652,-289.09350131642606
official_bc,51,653,-300.6874159545477
official_bc,51,654,-298.5284252377487
official_bc,51,655,-289.5826982260479
official_bc,51,656,-293.976725650927
official_bc,51,657,-292.35804124382787
official_bc,51,658,-294.47206083197324
official_bc,51,659,-277.8052592290663
official_bc,51,660,-287.7678447611864
official_bc,51,661,-290.01933606937627
official_bc,51,662,-292.98169113185884
official_bc,51,663,-294.4937824075452
official_bc,51,664,-293.4380032608069
official_bc,51,665,-294.1412255373278
official_bc,51,666,-286.22159529518007
official_bc,51,667,-294.96300877227776
official_bc,51,668,-294.1456870329109
official_bc,51,669,-295.3595677846088
official_bc,51,670,-300.20334826974954
official_bc,51,671,-289.78092663910263
official_bc,51,672,-287.88342677547985
official_bc,51,673,-285.74983709115463
official_bc,51,674,-276.5925716125913
official_bc,51,675,-286.33269846467084
official_bc,51,676,-288.33516610381344
official_bc,51,677,-292.1533966576209
official_bc,51,678,-290.8790909914397
official_bc,51,679,-295.0598870184093
official_bc,51,680,-290.4368524377163
official_bc,51,681,-287.6129056968331
official_bc,51,682,-293.3787470547289
official_bc,51,683,-293.3777228187455
official_bc,51,684,-290.3967664186078
official_bc,51,685,-289.02337462516795
official_bc,51,686,-294.73955448609456
official_bc,51,687,-284.515022551671
official_bc,51,688,-292.0659040321359
official_bc,51,689,-293.6650108955413
official_bc,51,690,-281.2196090903077
official_bc,51,691,-298.26127960608324
official_bc,51,692,-294.8291786892146
official_bc,51,693,-295.4194553948356
official_bc,51,694,-288.1733694354011
official_bc,51,695,-282.71795104102733
official_bc,51,696,-288.56067295457325
official_bc,51,697,-294.3371924489588
official_bc,51,698,-289.20340291088155
official_bc,51,699,-289.90878340318386
official_bc,51,700,-296.98111096167844
official_bc,51,701,-284.83630832262924
official_bc,51,702,-294.4288133985159
official_bc,51,703,-290.12152526498176
official_bc,51,704,-294.03447967474096
official_bc,51,705,-293.5007388211118
official_bc,51,706,-280.94755351086906
official_bc,51,707,-297.631915917624
official_bc,51,708,-280.96684180807665
official_bc,51,709,-286.39851197551826
official_bc,51,710,-291.8410357220579
official_bc,51,711,-289.02465422760974
official_bc,51,712,-282.71684211326226
official_bc,51,713,-294.8285793768786
official_bc,51,714,-298.45696965836964
official_bc,51,715,-292.1151849165954
official_bc,51,716,-285.51125415812123
official_bc,51,717,-288.1382214370173
official_bc,51,718,-291.4354782318587
official_bc,51,719,-285.2127481941894
official_bc,51,720,-287.9492961637516
official_bc,51,721,-292.5543730916217
official_bc,51,722,-291.7005353257662
official_bc,51,723,-294.84043636539667
official_bc,51,724,-292.79696759405357
official_bc,51,725,-292.4037138300839
official_bc,51,726,-283.04341848847395
official_bc,51,727,-290.85110578748163
official_bc,51,728,-287.23892216980374
official_bc,51,729,-290.8102945694722
official_bc,51,730,-274.33778375600616
official_bc,51,731,-289.40745323333243
official_bc,51,732,-279.31707294400127
official_bc,51,733,-285.2129985606893
official_bc,51,734,-289.0751974383347
official_bc,51,735,-266.68379525827646
official_bc,51,736,-289.19261701980696
official_bc,51,737,-294.0733391147273
official_bc,51,738,-294.80290697114265
official_bc,51,739,-289.9188915819958
official_bc,51,740,-297.1575401172179
official_bc,51,741,-288.8464657643666
official_bc,51,742,-283.18090035972295
official_bc,51,743,-287.2246977561464
official_bc,51,744,-301.8360942798821
official_bc,51,745,-298.69126843590135
official_bc,51,746,-290.68734627000015
official_bc,51,747,-282.71725196903435
official_bc,51,748,-293.3727815260103
official_bc,51,749,-287.2462440296813
official_bc,51,750,-285.7477740874342
official_bc,51,751,-292.09222286403116
official_bc,51,752,-288.9022059027625
official_bc,51,753,-293.51145807478616
official_bc,51,754,-296.111180544523
official_bc,51,755,-293.51716975751526
official_bc,51,756,-282.5212796758034
official_bc,51,757,-292.1224999388926
official_bc,51,758,-292.35169233001386
official_bc,51,759,-290.0258721359296
official_bc,51,760,-290.7859180309726
official_bc,51,761,-290.42725732628884
official_bc,51,762,-296.04538830838925
official_bc,51,763,-298.8541635616273
official_bc,51,764,-289.3026324601184
official_bc,51,765,-293.32129402590544
official_bc,51,766,-289.0948388267461
official_bc,51,767,-296.3650985825404
official_bc,51,768,-295.2099920055668
official_bc,51,769,-292.6566549136884
official_bc,51,770,-277.316006762267
official_bc,51,771,-289.5343561080065
official_bc,51,772,-285.0826204519053
official_bc,51,773,-293.6835507689281
official_bc,51,774,-292.4576901530631
official_bc,51,775,-297.24835762266883
official_bc,51,776,-297.50584251287074
official_bc,51,777,-295.9868946840683
official_bc,51,778,-287.39561059146985
official_bc,51,779,-298.50809872457774
official_bc,51,780,-293.6594314711214
official_bc,51,781,-285.07264790164993
official_bc,51,782,-292.2400279167042
official_bc,51,783,-283.8827080850205
official_bc,51,784,-297.86622740988764
official_bc,51,785,-294.5012128098596
official_bc,51,786,-297.1113126703251
official_bc,51,787,-295.67152147494073
official_bc,51,788,-286.4003297359808
official_bc,51,789,-289.5042915798548
official_bc,51,790,-285.3913007312467
official_bc,51,791,-283.4834849119185
official_bc,51,792,-289.54602722225616
official_bc,51,793,-288.5277593576806
official_bc,51,794,-289.9952585593987
official_bc,51,795,-288.5344737833545
official_bc,51,796,-297.34166613672505
official_bc,51,797,-297.33843934997446
official_bc,51,798,-295.8804989073849
official_bc,51,799,-288.1703693377007
official_bc,51,800,-294.69849692837806
official_bc,51,801,-297.4059684991464
official_bc,51,802,-291.72504534219684
official_bc,51,803,-298.4440765581684
official_bc,51,804,-294.64796021828926
official_bc,51,805,-293.2773236406058
official_bc,51,806,-292.79919025983867
official_bc,51,807,-290.26436855042397
official_bc,51,808,-282.40945404897036
official_bc,51,809,-291.92536129946967
official_bc,51,810,-286.81386524433503
official_bc,51,811,-281.09611110521564
official_bc,51,812,-287.76801390271277
official_bc,51,813,-288.73616769102847
official_bc,51,814,-296.1831024928826
official_bc,51,815,-289.6753956951694
official_bc,51,816,-294.4469638316974
official_bc,51,817,-290.07874020896514
official_bc,51,818,-301.5476149814101
official_bc,51,819,-287.758631349201
official_bc,51,820,-293.0532644738564
official_bc,51,821,-287.3823956882457
official_bc,51,822,-292.24557318747566
official_bc,51,823,-285.2102638945416
official_bc,51,824,-292.153913716001
official_bc,51,825,-291.6452607740575
official_bc,51,826,-293.5848893315976
official_bc,51,827,-290.5547947662356
official_bc,51,828,-291.66742094674174
official_bc,51,829,-284.17492038543537
official_bc,51,830,-285.0604314573581
official_bc,51,831,-280.15501773184474
official_bc,51,832,-295.26123550454747
official_bc,51,833,-286.05550941095277
official_bc,51,834,-291.5010938105738
official_bc,51,835,-294.7291010454287
official_bc,51,836,-290.60448796677986
official_bc,51,837,-298.20383214494007
official_bc,51,838,-287.4259044338858
official_bc,51,839,-294.9230589490069
official_bc,51,840,-294.86302520754515
official_bc,51,841,-282.7339453017604
official_bc,51,842,-291.34984386265205
official_bc,51,843,-291.32785034635015
official_bc,51,844,-293.91299463988383
official_bc,51,845,-290.06904648824747
official_bc,51,846,-288.16120930264674
official_bc,51,847,-287.7441185667325
official_bc,51,848,-287.656333756197
official_bc,51,849,-279.4524616889617
official_bc,51,850,-296.8354566944331
official_bc,51,851,-294.3391718146442
official_bc,51,852,-288.0815853566886
official_bc,51,853,-290.6721441060687
official_bc,51,854,-293.233045220232
official_bc,51,855,-296.8381714738526
official_bc,51,856,-291.4863287453113
official_bc,51,857,-284.1328486863123
official_bc,51,858,-292.7215289195073
official_bc,51,859,-292.5521855488194
official_bc,51,860,-286.12533626463534
official_bc,51,861,-291.89262125005916
official_bc,51,862,-289.5058664207838
official_bc,51,863,-290.3012936630659
official_bc,51,864,-293.71348718438304
official_bc,51,865,-284.8385934873735
official_bc,51,866,-292.7900522712991
official_bc,51,867,-283.9353024285053
official_bc,51,868,-292.8554873887581
official_bc,51,869,-290.4277544872321
official_bc,51,870,-276.14703377062295
official_bc,51,871,-287.30822904520636
official_bc,51,872,-291.22080407593506
official_bc,51,873,-294.7674077845489
official_bc,51,874,-294.0336087760895
official_bc,51,875,-293.7025419759827
official_bc,51,876,-292.12052212753315
official_bc,51,877,-287.65437955719966
official_bc,51,878,-293.1867208935015
official_bc,51,879,-291.02223937296037
official_bc,51,880,-286.9085011354842
official_bc,51,881,-288.6930860890419
official_bc,51,882,-291.84883507275924
official_bc,51,883,-291.3964001814023
official_bc,51,884,-291.5238893330762
official_bc,51,885,-290.85793968702274
official_bc,51,886,-291.2776853276964
official_bc,51,887,-295.5308833372362
official_bc,51,888,-289.44022408740307
official_bc,51,889,-293.0337578035752
official_bc,51,890,-291.2651744478844
official_bc,51,891,-296.10568457778663
official_bc,51,892,-283.67133345284736
official_bc,51,893,-279.95521205711066
official_bc,51,894,-297.68188637639776
official_bc,51,895,-293.3296464987278
official_bc,51,896,-299.1899142909857
official_bc,51,897,-290.8156181758722
official_bc,51,898,-287.5907172799347
official_bc,51,899,-289.03712646143197
official_bc,51,900,-276.2309736606388
official_bc,51,901,-294.8881874735858
official_bc,51,902,-293.48894201437815
official_bc,51,903,-294.6389462008517
official_bc,51,904,-283.0585256670843
official_bc,51,905,-290.7677391139564
official_bc,51,906,-289.52502879656015
official_bc,51,907,-280.7813429088275
official_bc,51,908,-274.4690570080526
official_bc,51,909,-282.442292011484
official_bc,51,910,-291.9895602687147
official_bc,51,911,-289.3150122178838
official_bc,51,912,-291.2994945530861
official_bc,51,913,-281.74501906057185
official_bc,51,914,-298.39311021352876
official_bc,51,915,-293.2411019024282
official_bc,51,916,-295.5228126378445
official_bc,51,917,-290.8860406220188
official_bc,51,918,-291.7333590613207
official_bc,51,919,-284.5828402412745
official_bc,51,920,-288.80216409254894
official_bc,51,921,-297.1547235582052
official_bc,51,922,-292.9808545305747
official_bc,51,923,-296.6122668612827
official_bc,51,924,-293.1816294020277
official_bc,51,925,-271.44902268987744
official_bc,51,926,-296.2283946603859
official_bc,51,927,-293.58567754828664
official_bc,51,928,-297.25214408255533
official_bc,51,929,-295.4405437248294
official_bc,51,930,-297.0311439865417
official_bc,51,931,-284.6882353796429
official_bc,51,932,-293.872227552878
official_bc,51,933,-299.1617578647921
official_bc,51,934,-291.56357946777894
official_bc,51,935,-291.1394890214925
official_bc,51,936,-294.3105819056372
official_bc,51,937,-292.30109258883374
official_bc,51,938,-293.715114751526
official_bc,51,939,-278.80076720619815
official_bc,51,940,-294.90441260241755
official_bc,51,941,-290.27986645886193
official_bc,51,942,-293.50832220535267
official_bc,51,943,-295.9064387293937
official_bc,51,944,-291.71569644261876
official_bc,51,945,-288.480306034087
official_bc,51,946,-293.4525968200947
official_bc,51,947,-291.25443793578273
official_bc,51,948,-278.4254781202982
official_bc,51,949,-291.348603265409
official_bc,51,950,-277.6135645823509
official_bc,51,951,-291.95914602277253
official_bc,51,952,-292.3583067207735
official_bc,51,953,-297.3218938620839
official_bc,51,954,-294.0556771929902
official_bc,51,955,-290.06970104930747
official_bc,51,956,-280.0071666970211
official_bc,51,957,-289.1033107111627
official_bc,51,958,-283.3776711673611
official_bc,51,959,-296.61899906443836
official_bc,51,960,-285.5343031954667
official_bc,51,961,-295.1261176221741
official_bc,51,962,-298.40580347551736
official_bc,51,963,-285.5459565535821
official_bc,51,964,-296.8948365981531
official_bc,51,965,-276.3920778060328
official_bc,51,966,-298.87238099588444
official_bc,51,967,-284.43960439500313
official_bc,51,968,-284.2180543538466
official_bc,51,969,-290.61945358611894
official_bc,51,970,-296.9572025472044
official_bc,51,971,-290.20539331297533
official_bc,51,972,-292.8800620817308
official_bc,51,973,-286.5610104668136
official_bc,51,974,-293.1733223981795
official_bc,51,975,-280.88684673412456
official_bc,51,976,-290.2695864654983
official_bc,51,977,-296.8397947367192
official_bc,51,978,-294.17766416217887
official_bc,51,979,-292.9530894153151
official_bc,51,980,-295.1648836786182
official_bc,51,981,-294.1476204612939
official_bc,51,982,-293.6505028007473
official_bc,51,983,-286.9970536297578
official_bc,51,984,-291.07187223955316
official_bc,51,985,-293.0253006730865
official_bc,51,986,-294.330425094063
official_bc,51,987,-285.0687897492677
official_bc,51,988,-294.67504728388985
official_bc,51,989,-288.56304675407034
official_bc,51,990,-294.4525691279261
official_bc,51,991,-296.21964325644365
official_bc,51,992,-292.3563346936703
official_bc,51,993,-276.09260806090026
official_bc,51,994,-290.64868975246395
official_bc,51,995,-286.2289377907002
official_bc,51,996,-295.5721978745563
official_bc,51,997,-289.3100313487575
official_bc,51,998,-287.4771012283784
official_bc,51,999,-293.14641182352403
official_bc,51,1000,-294.3709579837922
world_model_cem,42,1,-188.9785172274557
world_model_cem,42,2,-194.3084607171876
world_model_cem,42,3,-190.2070397171961
world_model_cem,42,4,-180.64068506742447
world_model_cem,42,5,-203.51363062083925
world_model_cem,42,6,-190.53520606824793
world_model_cem,42,7,-173.62084917004577
world_model_cem,42,8,-181.0849856642816
world_model_cem,42,9,-203.2835606769506
world_model_cem,42,10,-195.32045420213936
world_model_cem,42,11,-216.151152323306
world_model_cem,42,12,-187.22409414773836
world_model_cem,42,13,-207.91775686727763
world_model_cem,42,14,-197.9384637813627
world_model_cem,42,15,-212.17003400953945
world_model_cem,42,16,-264.3968647263649
world_model_cem,42,17,-283.00574764382293
world_model_cem,42,18,-287.75393956605876
world_model_cem,42,19,-282.9227047022701
world_model_cem,42,20,-285.68410970491504
world_model_cem,42,21,-233.5019015185109
world_model_cem,42,22,-272.6251778539614
world_model_cem,42,23,-284.2199763434948
world_model_cem,42,24,-227.70281407376172
world_model_cem,42,25,-262.93436262828925
world_model_cem,42,26,-253.43009924321854
world_model_cem,42,27,-229.0461945550569
world_model_cem,42,28,-200.622082762065
world_model_cem,42,29,-192.0661501683549
world_model_cem,42,30,-206.59630116100766
world_model_cem,42,31,-198.9734902350987
world_model_cem,42,32,-221.70713259445677
world_model_cem,42,33,-223.6202889020068
world_model_cem,42,34,-261.0296597278099
world_model_cem,42,35,-212.59458197657906
world_model_cem,42,36,-214.02012929066152
world_model_cem,42,37,-205.79172075138987
world_model_cem,42,38,-213.6430600599923
world_model_cem,42,39,-230.43669117062683
world_model_cem,42,40,-222.19767687844427
world_model_cem,42,41,-191.18626761740336
world_model_cem,42,42,-189.99557421539566
world_model_cem,42,43,-247.4789404058821
world_model_cem,42,44,-213.94985915460876
world_model_cem,42,45,-226.8878401965539
world_model_cem,42,46,-197.752212699442
world_model_cem,42,47,-203.25925361549224
world_model_cem,42,48,-237.7349838083792
world_model_cem,42,49,-226.1897580448539
world_model_cem,42,50,-206.94662571584075
world_model_cem,42,51,-206.60662037504838
world_model_cem,42,52,-201.50441701730944
world_model_cem,42,53,-258.3439914452483
world_model_cem,42,54,-240.50387576960026
world_model_cem,42,55,-266.7064607825837
world_model_cem,42,56,-273.540658797521
world_model_cem,42,57,-233.38811144846605
world_model_cem,42,58,-217.29300267733976
world_model_cem,42,59,-236.5661360301257
world_model_cem,42,60,-231.95761171714724
world_model_cem,42,61,-207.6621201956568
world_model_cem,42,62,-204.19535028383373
world_model_cem,42,63,-217.83676834259668
world_model_cem,42,64,-224.0748554529254
world_model_cem,42,65,-243.386756519267
world_model_cem,42,66,-248.76053280263656
world_model_cem,42,67,-199.93835286663136
world_model_cem,42,68,-207.61107655777334
world_model_cem,42,69,-214.63190385104832
world_model_cem,42,70,-225.44161216356372
world_model_cem,42,71,-205.33988260051927
world_model_cem,42,72,-235.6439555719175
world_model_cem,42,73,-236.51039015080838
world_model_cem,42,74,-235.00363587621268
world_model_cem,42,75,-208.41967165643348
world_model_cem,42,76,-212.99792080746192
world_model_cem,42,77,-241.75224734975794
world_model_cem,42,78,-209.86262155371844
world_model_cem,42,79,-240.8727865155411
world_model_cem,42,80,-204.23310613218734
world_model_cem,42,81,-216.32948190956776
world_model_cem,42,82,-210.6881103196046
world_model_cem,42,83,-212.09560463435957
world_model_cem,42,84,-263.4876702726592
world_model_cem,42,85,-246.0791385091381
world_model_cem,42,86,-249.18325637939563
world_model_cem,42,87,-202.34058513740703
world_model_cem,42,88,-210.65099517432867
world_model_cem,42,89,-233.01017384967233
world_model_cem,42,90,-206.30707587759645
world_model_cem,42,91,-212.69546456924047
world_model_cem,42,92,-224.1498427539749
world_model_cem,42,93,-204.84287836870627
world_model_cem,42,94,-232.05791206607552
world_model_cem,42,95,-219.20993492941096
world_model_cem,42,96,-208.87855655466734
world_model_cem,42,97,-248.14785703415262
world_model_cem,42,98,-223.66184077216116
world_model_cem,42,99,-219.1243789149754
world_model_cem,42,100,-253.068065362892
world_model_cem,42,101,-205.63277114887921
world_model_cem,42,102,-216.69122756495733
world_model_cem,42,103,-206.38824874135793
world_model_cem,42,104,-217.11863141497668
world_model_cem,42,105,-211.56394104693908
world_model_cem,42,106,-212.7691281418011
world_model_cem,42,107,-215.29155385079272
world_model_cem,42,108,-225.17124126781448
world_model_cem,42,109,-269.7688351873984
world_model_cem,42,110,-291.74196599952916
world_model_cem,42,111,-216.78190213605507
world_model_cem,42,112,-261.55259984445127
world_model_cem,42,113,-224.75991868564063
world_model_cem,42,114,-293.6363177762267
world_model_cem,42,115,-276.32027720705435
world_model_cem,42,116,-233.24659111899
world_model_cem,42,117,-272.62052762964686
world_model_cem,42,118,-311.26237728384206
world_model_cem,42,119,-280.6838857593842
world_model_cem,42,120,-185.2399827156263
world_model_cem,42,121,-263.8221297504294
world_model_cem,42,122,-205.44468644250367
world_model_cem,42,123,-273.59193629632966
world_model_cem,42,124,-248.23369071026488
world_model_cem,42,125,-281.85833459828314
world_model_cem,42,126,-200.374541563935
world_model_cem,42,127,-205.88444157639384
world_model_cem,42,128,-195.31267521968493
world_model_cem,42,129,-182.589692677551
world_model_cem,42,130,-182.33534850555102
world_model_cem,42,131,-255.50656230510515
world_model_cem,42,132,-260.6875666141514
world_model_cem,42,133,-201.19656290270007
world_model_cem,42,134,-281.59419735592974
world_model_cem,42,135,-278.86959868257867
world_model_cem,42,136,-281.41850567820626
world_model_cem,42,137,-280.5449720680466
world_model_cem,42,138,-277.9370613825689
world_model_cem,42,139,-278.46447964593614
world_model_cem,42,140,-282.9712366824812
world_model_cem,42,141,-277.450547995058
world_model_cem,42,142,-285.2628242401862
world_model_cem,42,143,-277.64758511198136
world_model_cem,42,144,-279.3726480152105
world_model_cem,42,145,-286.5240322446066
world_model_cem,42,146,-285.1001445236473
world_model_cem,42,147,-283.2089587308673
world_model_cem,42,148,-293.1977392017615
world_model_cem,42,149,-294.176533058574
world_model_cem,42,150,-298.888751123383
world_model_cem,42,151,-298.70031751182523
world_model_cem,42,152,-314.050291167321
world_model_cem,42,153,-314.8915489943464
world_model_cem,42,154,-320.05920117525994
world_model_cem,42,155,-323.8445562370441
world_model_cem,42,156,-318.53704115403366
world_model_cem,42,157,-305.38713487727324
world_model_cem,42,158,-296.52106304355493
world_model_cem,42,159,-290.87184981448115
world_model_cem,42,160,-288.20556151256034
world_model_cem,42,161,-285.2642193227897
world_model_cem,42,162,-288.71878474612595
world_model_cem,42,163,-280.7783918048238
world_model_cem,42,164,-280.6749208788787
world_model_cem,42,165,-278.9350058174563
world_model_cem,42,166,-282.41904689645764
world_model_cem,42,167,-284.16526103711374
world_model_cem,42,168,-280.32045719170645
world_model_cem,42,169,-284.56830406786435
world_model_cem,42,170,-280.69869441655806
world_model_cem,42,171,-288.9409759982042
world_model_cem,42,172,-288.6388768212481
world_model_cem,42,173,-294.62798349468665
world_model_cem,42,174,-287.5748659082673
world_model_cem,42,175,-294.50077084668897
world_model_cem,42,176,-291.6007191180265
world_model_cem,42,177,-286.0652763111401
world_model_cem,42,178,-290.4673818354541
world_model_cem,42,179,-285.2096737979947
world_model_cem,42,180,-285.3419623776088
world_model_cem,42,181,-273.4645732712861
world_model_cem,42,182,-283.0011058922005
world_model_cem,42,183,-279.96210822823014
world_model_cem,42,184,-285.8218697543773
world_model_cem,42,185,-288.94193775105384
world_model_cem,42,186,-292.31395469399826
world_model_cem,42,187,-297.96240715657865
world_model_cem,42,188,-294.4405878574989
world_model_cem,42,189,-296.68159813387877
world_model_cem,42,190,-305.85552390809556
world_model_cem,42,191,-298.4181679155563
world_model_cem,42,192,-298.1306459794091
world_model_cem,42,193,-292.52275158811875
world_model_cem,42,194,-297.71149931975646
world_model_cem,42,195,-287.3670804950738
world_model_cem,42,196,-292.96140430719737
world_model_cem,42,197,-279.4632434433341
world_model_cem,42,198,-281.6475913505195
world_model_cem,42,199,-282.6385048019127
world_model_cem,42,200,-285.4978340448386
world_model_cem,42,201,-273.39172588958684
world_model_cem,42,202,-280.39126500363693
world_model_cem,42,203,-284.8895132572594
world_model_cem,42,204,-284.4810558474448
world_model_cem,42,205,-292.4072106727523
world_model_cem,42,206,-288.71933561409804
world_model_cem,42,207,-291.7544662048085
world_model_cem,42,208,-278.88711460472405
world_model_cem,42,209,-287.8471837060056
world_model_cem,42,210,-293.42227913719336
world_model_cem,42,211,-289.54905729990014
world_model_cem,42,212,-292.8222616914214
world_model_cem,42,213,-289.5452355130749
world_model_cem,42,214,-288.00482947194354
world_model_cem,42,215,-289.1354295324786
world_model_cem,42,216,-287.83821074648904
world_model_cem,42,217,-287.1003036356674
world_model_cem,42,218,-285.37985860427995
world_model_cem,42,219,-291.8871057055817
world_model_cem,42,220,-284.450292347019
world_model_cem,42,221,-284.633748728637
world_model_cem,42,222,-292.31357047591734
world_model_cem,42,223,-283.96251345485746
world_model_cem,42,224,-284.49423548419435
world_model_cem,42,225,-287.64320921882626
world_model_cem,42,226,-289.75620813118167
world_model_cem,42,227,-284.6874813081929
world_model_cem,42,228,-295.56230476325663
world_model_cem,42,229,-290.49159355317124
world_model_cem,42,230,-280.97308703606416
world_model_cem,42,231,-288.7456171908151
world_model_cem,42,232,-276.32139983882905
world_model_cem,42,233,-280.6958277896804
world_model_cem,42,234,-282.488751627806
world_model_cem,42,235,-282.0547244623924
world_model_cem,42,236,-280.9060231432
world_model_cem,42,237,-283.5644186932931
world_model_cem,42,238,-277.9516171056117
world_model_cem,42,239,-287.5105852770805
world_model_cem,42,240,-284.6665230576149
world_model_cem,42,241,-290.4615650960853
world_model_cem,42,242,-285.31313396379204
world_model_cem,42,243,-292.8942534088284
world_model_cem,42,244,-276.77961929173154
world_model_cem,42,245,-289.5611646133159
world_model_cem,42,246,-284.06715658522614
world_model_cem,42,247,-282.26127992901615
world_model_cem,42,248,-279.57323560233704
world_model_cem,42,249,-289.80538265423405
world_model_cem,42,250,-290.4378609684839
world_model_cem,42,251,-288.4711341777962
world_model_cem,42,252,-291.3531593145973
world_model_cem,42,253,-285.046624879248
world_model_cem,42,254,-291.54323174466475
world_model_cem,42,255,-272.27716413860924
world_model_cem,42,256,-279.22642948340774
world_model_cem,42,257,-287.9184418077258
world_model_cem,42,258,-285.19911069244466
world_model_cem,42,259,-282.24751815979363
world_model_cem,42,260,-272.82098027773554
world_model_cem,42,261,-283.1146647491885
world_model_cem,42,262,-285.6157819261444
world_model_cem,42,263,-279.9918331875662
world_model_cem,42,264,-288.38656392898764
world_model_cem,42,265,-287.78942362501215
world_model_cem,42,266,-289.1741941509862
world_model_cem,42,267,-287.66595230577525
world_model_cem,42,268,-286.26884831030645
world_model_cem,42,269,-289.7672135209274
world_model_cem,42,270,-294.02748027300584
world_model_cem,42,271,-292.34341383217566
world_model_cem,42,272,-289.83263329237167
world_model_cem,42,273,-278.84796380249105
world_model_cem,42,274,-291.66458408646406
world_model_cem,42,275,-288.42255877283657
world_model_cem,42,276,-288.5113283155179
world_model_cem,42,277,-286.24555151684444
world_model_cem,42,278,-290.9554923847398
world_model_cem,42,279,-286.1062547352672
world_model_cem,42,280,-282.6048294844846
world_model_cem,42,281,-285.65445387667614
world_model_cem,42,282,-280.79942877287834
world_model_cem,42,283,-268.0880880467078
world_model_cem,42,284,-290.32132097311427
world_model_cem,42,285,-292.42266388617145
world_model_cem,42,286,-285.24483684010545
world_model_cem,42,287,-279.52341279072493
world_model_cem,42,288,-286.18081130172976
world_model_cem,42,289,-288.15261162920683
world_model_cem,42,290,-285.5620790941278
world_model_cem,42,291,-283.832039693012
world_model_cem,42,292,-272.13735186593095
world_model_cem,42,293,-283.33623645114477
world_model_cem,42,294,-287.8058728534923
world_model_cem,42,295,-286.6146924388016
world_model_cem,42,296,-291.83022145311793
world_model_cem,42,297,-290.9591555853976
world_model_cem,42,298,-291.88549033335505
world_model_cem,42,299,-282.037962654059
world_model_cem,42,300,-285.7829605713257
world_model_cem,42,301,-287.8525101674552
world_model_cem,42,302,-287.039008429627
world_model_cem,42,303,-292.019697672681
world_model_cem,42,304,-288.438084094375
world_model_cem,42,305,-290.9920892776639
world_model_cem,42,306,-276.7702533624521
world_model_cem,42,307,-289.33928969698457
world_model_cem,42,308,-288.6059602825022
world_model_cem,42,309,-290.9648036704268
world_model_cem,42,310,-277.0574655686285
world_model_cem,42,311,-289.13528629767023
world_model_cem,42,312,-284.80823670331506
world_model_cem,42,313,-291.58382387616444
world_model_cem,42,314,-280.31092445178
world_model_cem,42,315,-287.7610244012964
world_model_cem,42,316,-287.90391666183393
world_model_cem,42,317,-286.4329414192061
world_model_cem,42,318,-274.9145166758664
world_model_cem,42,319,-279.24167040548616
world_model_cem,42,320,-288.2898196356744
world_model_cem,42,321,-266.25061849187045
world_model_cem,42,322,-289.3994600910265
world_model_cem,42,323,-285.7720000192671
world_model_cem,42,324,-285.91480839966357
world_model_cem,42,325,-280.6162357160693
world_model_cem,42,326,-288.0858849304103
world_model_cem,42,327,-288.1669080983012
world_model_cem,42,328,-287.6485103734625
world_model_cem,42,329,-287.0924358018183
world_model_cem,42,330,-292.3952259770526
world_model_cem,42,331,-291.0025159961526
world_model_cem,42,332,-285.66258727099546
world_model_cem,42,333,-287.22546529145785
world_model_cem,42,334,-285.269827397698
world_model_cem,42,335,-288.4084864110337
world_model_cem,42,336,-283.7876203909209
world_model_cem,42,337,-287.3421534843481
world_model_cem,42,338,-288.3882205311714
world_model_cem,42,339,-285.94635299945554
world_model_cem,42,340,-290.131809219537
world_model_cem,42,341,-284.8120387382544
world_model_cem,42,342,-281.41565058601657
world_model_cem,42,343,-292.87661480534956
world_model_cem,42,344,-284.8229349567436
world_model_cem,42,345,-279.3838794310365
world_model_cem,42,346,-291.4852943626727
world_model_cem,42,347,-283.4013414966529
world_model_cem,42,348,-281.1382557353398
world_model_cem,42,349,-296.5123294449793
world_model_cem,42,350,-286.8141880895827
world_model_cem,42,351,-286.54651869461156
world_model_cem,42,352,-290.81927446019046
world_model_cem,42,353,-287.5591734558241
world_model_cem,42,354,-285.5072779825906
world_model_cem,42,355,-290.85254596696706
world_model_cem,42,356,-289.8811959479866
world_model_cem,42,357,-276.916380767178
world_model_cem,42,358,-283.04524401199257
world_model_cem,42,359,-289.3143533565295
world_model_cem,42,360,-281.7407209684207
world_model_cem,42,361,-289.0568752797544
world_model_cem,42,362,-289.4074183164242
world_model_cem,42,363,-287.4758780858355
world_model_cem,42,364,-286.93583700530763
world_model_cem,42,365,-286.2826233389588
world_model_cem,42,366,-286.4960857561797
world_model_cem,42,367,-277.86895692466754
world_model_cem,42,368,-285.3667998099921
world_model_cem,42,369,-283.13751049728444
world_model_cem,42,370,-287.1296889421167
world_model_cem,42,371,-280.3531310504062
world_model_cem,42,372,-283.6869132042742
world_model_cem,42,373,-285.3966601222123
world_model_cem,42,374,-286.00329630077243
world_model_cem,42,375,-286.7905917174916
world_model_cem,42,376,-282.7209640873904
world_model_cem,42,377,-284.2305945915675
world_model_cem,42,378,-292.40788541156934
world_model_cem,42,379,-291.81415994587593
world_model_cem,42,380,-279.8160285382427
world_model_cem,42,381,-289.39888989142287
world_model_cem,42,382,-292.4217631373798
world_model_cem,42,383,-285.87868053253874
world_model_cem,42,384,-284.6672617216806
world_model_cem,42,385,-290.41975581294236
world_model_cem,42,386,-286.9048672379765
world_model_cem,42,387,-278.1377678798789
world_model_cem,42,388,-282.5340534403469
world_model_cem,42,389,-282.54048531407363
world_model_cem,42,390,-289.12425105597833
world_model_cem,42,391,-292.6443471572793
world_model_cem,42,392,-285.7178314305999
world_model_cem,42,393,-282.5127389006565
world_model_cem,42,394,-293.7413049275275
world_model_cem,42,395,-287.9902607260003
world_model_cem,42,396,-284.34839733977424
world_model_cem,42,397,-277.90028661818445
world_model_cem,42,398,-290.04019538334575
world_model_cem,42,399,-279.3402269093013
world_model_cem,42,400,-288.6759983041762
world_model_cem,42,401,-296.39859910621436
world_model_cem,42,402,-290.9728000088719
world_model_cem,42,403,-285.2955132319972
world_model_cem,42,404,-293.95040034970134
world_model_cem,42,405,-276.37759395299787
world_model_cem,42,406,-287.71979927200005
world_model_cem,42,407,-287.3533792906554
world_model_cem,42,408,-284.116860814993
world_model_cem,42,409,-286.42090110312836
world_model_cem,42,410,-280.8395862001474
world_model_cem,42,411,-287.08250340600864
world_model_cem,42,412,-286.74393562922813
world_model_cem,42,413,-281.8458701647793
world_model_cem,42,414,-288.1255276977628
world_model_cem,42,415,-291.5278622440399
world_model_cem,42,416,-289.36397793842457
world_model_cem,42,417,-290.36456623841616
world_model_cem,42,418,-287.5455976924945
world_model_cem,42,419,-287.4097056943304
world_model_cem,42,420,-286.571442192391
world_model_cem,42,421,-290.5419066071021
world_model_cem,42,422,-287.66538485913435
world_model_cem,42,423,-291.59534990729514
world_model_cem,42,424,-289.26657158676454
world_model_cem,42,425,-289.02785550257
world_model_cem,42,426,-288.97760817102215
world_model_cem,42,427,-286.78322115009183
world_model_cem,42,428,-289.2936748626445
world_model_cem,42,429,-284.0880676904733
world_model_cem,42,430,-284.838950626043
world_model_cem,42,431,-284.0403855589199
world_model_cem,42,432,-280.20491455554674
world_model_cem,42,433,-288.0168739630875
world_model_cem,42,434,-290.4006003976252
world_model_cem,42,435,-288.560236110214
world_model_cem,42,436,-292.7564813303488
world_model_cem,42,437,-285.19252485372505
world_model_cem,42,438,-292.39039470385705
world_model_cem,42,439,-291.1771382214638
world_model_cem,42,440,-289.57152255972534
world_model_cem,42,441,-281.63061931365826
world_model_cem,42,442,-284.308086506598
world_model_cem,42,443,-286.55478575286435
world_model_cem,42,444,-282.7060365685819
world_model_cem,42,445,-269.0537235765545
world_model_cem,42,446,-289.5291648564315
world_model_cem,42,447,-270.7626099755001
world_model_cem,42,448,-281.4559462832361
world_model_cem,42,449,-280.9206930627005
world_model_cem,42,450,-283.2437824541681
world_model_cem,42,451,-284.417573245988
world_model_cem,42,452,-281.5835540959895
world_model_cem,42,453,-284.66594669962944
world_model_cem,42,454,-288.4764711244046
world_model_cem,42,455,-290.9811235948118
world_model_cem,42,456,-279.5747072728266
world_model_cem,42,457,-284.77326973984196
world_model_cem,42,458,-277.5473836461535
world_model_cem,42,459,-290.962378201608
world_model_cem,42,460,-288.47527009729896
world_model_cem,42,461,-276.6631610855097
world_model_cem,42,462,-286.9520111729366
world_model_cem,42,463,-276.5813313761412
world_model_cem,42,464,-291.05412160801666
world_model_cem,42,465,-282.1131813363461
world_model_cem,42,466,-292.2396163274626
world_model_cem,42,467,-288.2624811048538
world_model_cem,42,468,-287.50291412763534
world_model_cem,42,469,-284.7195670056568
world_model_cem,42,470,-282.73765462292295
world_model_cem,42,471,-283.58953551325084
world_model_cem,42,472,-280.4263102161676
world_model_cem,42,473,-287.74266901170637
world_model_cem,42,474,-288.8785015200799
world_model_cem,42,475,-284.503120057649
world_model_cem,42,476,-285.08900858838336
world_model_cem,42,477,-280.4331270726168
world_model_cem,42,478,-276.718071472559
world_model_cem,42,479,-284.98892359288266
world_model_cem,42,480,-281.3584740559732
world_model_cem,42,481,-281.7699206659281
world_model_cem,42,482,-282.35061778500517
world_model_cem,42,483,-285.3173513733641
world_model_cem,42,484,-280.14262977328315
world_model_cem,42,485,-263.8484487355435
world_model_cem,42,486,-280.0966623887514
world_model_cem,42,487,-285.90877487355317
world_model_cem,42,488,-284.1186499478977
world_model_cem,42,489,-284.1982317665772
world_model_cem,42,490,-290.2613424242946
world_model_cem,42,491,-294.4386375442906
world_model_cem,42,492,-285.0480907023265
world_model_cem,42,493,-290.5922618815956
world_model_cem,42,494,-280.05419684878177
world_model_cem,42,495,-290.9949744839651
world_model_cem,42,496,-288.6636996532088
world_model_cem,42,497,-280.0997851823997
world_model_cem,42,498,-282.3702473571862
world_model_cem,42,499,-288.32683923906376
world_model_cem,42,500,-287.4677690860477
world_model_cem,42,501,-284.7017722251524
world_model_cem,42,502,-285.79653875128224
world_model_cem,42,503,-278.66396414548785
world_model_cem,42,504,-279.85188196539303
world_model_cem,42,505,-281.16915377071103
world_model_cem,42,506,-288.3769306273671
world_model_cem,42,507,-288.5506449043505
world_model_cem,42,508,-290.6876485374228
world_model_cem,42,509,-282.13411019772957
world_model_cem,42,510,-285.8617952766521
world_model_cem,42,511,-278.55834630703686
world_model_cem,42,512,-292.26994549611993
world_model_cem,42,513,-279.7210794990989
world_model_cem,42,514,-286.9781496588695
world_model_cem,42,515,-292.3325796207872
world_model_cem,42,516,-280.15099465221107
world_model_cem,42,517,-287.5612466755241
world_model_cem,42,518,-285.19396372295375
world_model_cem,42,519,-284.61721368199005
world_model_cem,42,520,-278.4341248407077
world_model_cem,42,521,-286.4104667279698
world_model_cem,42,522,-288.76838102066995
world_model_cem,42,523,-293.22659451050595
world_model_cem,42,524,-286.316523820165
world_model_cem,42,525,-283.4801307421929
world_model_cem,42,526,-287.7620232687909
world_model_cem,42,527,-294.45280512827674
world_model_cem,42,528,-286.92679834933494
world_model_cem,42,529,-287.1839171682702
world_model_cem,42,530,-286.58417071010786
world_model_cem,42,531,-286.99423245953517
world_model_cem,42,532,-283.517561261021
world_model_cem,42,533,-291.226380052019
world_model_cem,42,534,-283.968608926831
world_model_cem,42,535,-286.35993929450734
world_model_cem,42,536,-289.2981956426255
world_model_cem,42,537,-286.07416316155076
world_model_cem,42,538,-290.58521156964815
world_model_cem,42,539,-280.60185714339366
world_model_cem,42,540,-279.02941160629086
world_model_cem,42,541,-285.8746510412334
world_model_cem,42,542,-287.6318667622543
world_model_cem,42,543,-285.27411167081664
world_model_cem,42,544,-280.44040936009173
world_model_cem,42,545,-275.39247627016005
world_model_cem,42,546,-287.28527317804145
world_model_cem,42,547,-285.1826721479365
world_model_cem,42,548,-278.50643033351315
world_model_cem,42,549,-292.5132084398318
world_model_cem,42,550,-289.775618969966
world_model_cem,42,551,-293.65824425226754
world_model_cem,42,552,-287.16884089982307
world_model_cem,42,553,-290.41376538150996
world_model_cem,42,554,-285.46629899758346
world_model_cem,42,555,-290.06082028502874
world_model_cem,42,556,-282.4335910913982
world_model_cem,42,557,-289.4021428236285
world_model_cem,42,558,-282.1064608006989
world_model_cem,42,559,-289.73644780985467
world_model_cem,42,560,-285.7944632864495
world_model_cem,42,561,-294.3744985261515
world_model_cem,42,562,-290.8173822248807
world_model_cem,42,563,-292.63455224431857
world_model_cem,42,564,-298.12887015184987
world_model_cem,42,565,-297.29188851470525
world_model_cem,42,566,-294.3612012859164
world_model_cem,42,567,-291.30135652744923
world_model_cem,42,568,-292.2663507964202
world_model_cem,42,569,-279.41532427078147
world_model_cem,42,570,-290.28115816046073
world_model_cem,42,571,-286.05170140651126
world_model_cem,42,572,-282.54783643467033
world_model_cem,42,573,-272.0265289083185
world_model_cem,42,574,-288.59052212070355
world_model_cem,42,575,-284.9821656302615
world_model_cem,42,576,-277.68708544796027
world_model_cem,42,577,-282.6129895103737
world_model_cem,42,578,-274.5859207027685
world_model_cem,42,579,-291.33900077395447
world_model_cem,42,580,-289.4729710666235
world_model_cem,42,581,-292.1307528272894
world_model_cem,42,582,-287.2253961740831
world_model_cem,42,583,-292.36446271663397
world_model_cem,42,584,-286.96663153330485
world_model_cem,42,585,-291.3944080143991
world_model_cem,42,586,-284.384213304167
world_model_cem,42,587,-292.43487993237943
world_model_cem,42,588,-291.5866414698333
world_model_cem,42,589,-290.35796670620675
world_model_cem,42,590,-290.3798556831399
world_model_cem,42,591,-279.9861563769583
world_model_cem,42,592,-281.353927338159
world_model_cem,42,593,-282.2703670869838
world_model_cem,42,594,-279.1053051830882
world_model_cem,42,595,-277.48802594732877
world_model_cem,42,596,-273.04967546205745
world_model_cem,42,597,-284.30084669167286
world_model_cem,42,598,-286.35284362413154
world_model_cem,42,599,-293.0002992513778
world_model_cem,42,600,-289.1621991788406
world_model_cem,42,601,-287.7934155186828
world_model_cem,42,602,-281.5327852266193
world_model_cem,42,603,-294.48471728682495
world_model_cem,42,604,-289.2833396920453
world_model_cem,42,605,-289.396628374072
world_model_cem,42,606,-287.7681158667388
world_model_cem,42,607,-286.58022906267985
world_model_cem,42,608,-290.9931816363115
world_model_cem,42,609,-286.26309141042475
world_model_cem,42,610,-289.7545017755074
world_model_cem,42,611,-277.14409436956913
world_model_cem,42,612,-273.4207378440881
world_model_cem,42,613,-283.75589467134375
world_model_cem,42,614,-281.6575654409801
world_model_cem,42,615,-284.32058494200413
world_model_cem,42,616,-271.54083323676775
world_model_cem,42,617,-287.8344592095025
world_model_cem,42,618,-286.7595953903174
world_model_cem,42,619,-289.5890208967789
world_model_cem,42,620,-280.9179671486825
world_model_cem,42,621,-288.5970209628648
world_model_cem,42,622,-286.6320903151929
world_model_cem,42,623,-284.99882283094
world_model_cem,42,624,-290.80998235853986
world_model_cem,42,625,-290.2872221721266
world_model_cem,42,626,-278.2370022306681
world_model_cem,42,627,-288.8794979108167
world_model_cem,42,628,-288.38371486881954
world_model_cem,42,629,-292.6537679124991
world_model_cem,42,630,-290.22167809166456
world_model_cem,42,631,-292.9648217284904
world_model_cem,42,632,-293.3250521902436
world_model_cem,42,633,-290.2383851278742
world_model_cem,42,634,-287.1635665203741
world_model_cem,42,635,-291.50256851237424
world_model_cem,42,636,-285.259859151272
world_model_cem,42,637,-289.16848431650385
world_model_cem,42,638,-296.0146990889905
world_model_cem,42,639,-284.81409125266197
world_model_cem,42,640,-286.42263616846424
world_model_cem,42,641,-290.55364497188157
world_model_cem,42,642,-285.82722327407055
world_model_cem,42,643,-289.5896631822171
world_model_cem,42,644,-289.6177521365134
world_model_cem,42,645,-285.2724580945239
world_model_cem,42,646,-288.227528894314
world_model_cem,42,647,-275.7067251746228
world_model_cem,42,648,-279.6873688235608
world_model_cem,42,649,-272.20242984716276
world_model_cem,42,650,-283.23035232050074
world_model_cem,42,651,-286.90998489300296
world_model_cem,42,652,-291.08669771793205
world_model_cem,42,653,-285.8829267371505
world_model_cem,42,654,-283.11779673725005
world_model_cem,42,655,-279.5236606191816
world_model_cem,42,656,-276.5779919020731
world_model_cem,42,657,-279.21197902954555
world_model_cem,42,658,-281.36386512761845
world_model_cem,42,659,-288.82211555896487
world_model_cem,42,660,-288.41995004499915
world_model_cem,42,661,-283.7071013074261
world_model_cem,42,662,-290.13409886803584
world_model_cem,42,663,-290.84129750241664
world_model_cem,42,664,-284.61906191586274
world_model_cem,42,665,-290.3976819850801
world_model_cem,42,666,-288.45929856116476
world_model_cem,42,667,-279.7333157699211
world_model_cem,42,668,-269.60747725561833
world_model_cem,42,669,-285.51483283225457
world_model_cem,42,670,-291.06455761085437
world_model_cem,42,671,-293.8594690798222
world_model_cem,42,672,-284.5031712304749
world_model_cem,42,673,-287.74566464187666
world_model_cem,42,674,-288.9183417054346
world_model_cem,42,675,-286.462200772228
world_model_cem,42,676,-277.96750275521106
world_model_cem,42,677,-283.22479851368024
world_model_cem,42,678,-278.3405196329488
world_model_cem,42,679,-289.7286928843618
world_model_cem,42,680,-275.1927897215752
world_model_cem,42,681,-284.8900854137852
world_model_cem,42,682,-286.5283355609911
world_model_cem,42,683,-284.9528480138717
world_model_cem,42,684,-283.7354235261529
world_model_cem,42,685,-291.268639315163
world_model_cem,42,686,-282.60265193601793
world_model_cem,42,687,-277.70757972545226
world_model_cem,42,688,-287.41446984952915
world_model_cem,42,689,-285.9485928226865
world_model_cem,42,690,-283.8188319739127
world_model_cem,42,691,-289.65256762994795
world_model_cem,42,692,-290.73028998884365
world_model_cem,42,693,-276.86683426889977
world_model_cem,42,694,-285.16584443795796
world_model_cem,42,695,-286.3066448114335
world_model_cem,42,696,-282.63832040249986
world_model_cem,42,697,-292.8648047271232
world_model_cem,42,698,-287.1385854187188
world_model_cem,42,699,-280.1153723774835
world_model_cem,42,700,-290.58489614546033
world_model_cem,42,701,-286.7429689081515
world_model_cem,42,702,-284.1623691489882
world_model_cem,42,703,-282.0399603199017
world_model_cem,42,704,-290.4009057976049
world_model_cem,42,705,-288.26855182427414
world_model_cem,42,706,-282.3328484728881
world_model_cem,42,707,-280.02121525288004
world_model_cem,42,708,-275.92686652220584
world_model_cem,42,709,-277.0773123163425
world_model_cem,42,710,-284.5960640235969
world_model_cem,42,711,-285.6967701323524
world_model_cem,42,712,-290.82045530166636
world_model_cem,42,713,-288.32232865395764
world_model_cem,42,714,-295.9538621089665
world_model_cem,42,715,-290.59379994894647
world_model_cem,42,716,-287.21301938595144
world_model_cem,42,717,-288.88546161640477
world_model_cem,42,718,-282.17396812097644
world_model_cem,42,719,-290.928966591573
world_model_cem,42,720,-289.1857505314691
world_model_cem,42,721,-286.8410710379751
world_model_cem,42,722,-282.4166845284389
world_model_cem,42,723,-282.63239174171997
world_model_cem,42,724,-277.83174988013366
world_model_cem,42,725,-279.0258878032473
world_model_cem,42,726,-284.3799043173826
world_model_cem,42,727,-286.757955802615
world_model_cem,42,728,-269.60743576207994
world_model_cem,42,729,-277.1078042555594
world_model_cem,42,730,-283.8576308669169
world_model_cem,42,731,-291.13687917826985
world_model_cem,42,732,-287.72986757285236
world_model_cem,42,733,-293.0180186097996
world_model_cem,42,734,-295.69134564875344
world_model_cem,42,735,-288.70759056326966
world_model_cem,42,736,-294.06399746988814
world_model_cem,42,737,-278.4502180665893
world_model_cem,42,738,-293.0444443712692
world_model_cem,42,739,-286.4344014245375
world_model_cem,42,740,-292.5510013417869
world_model_cem,42,741,-291.25208180798745
world_model_cem,42,742,-293.2850577754109
world_model_cem,42,743,-281.3728430609773
world_model_cem,42,744,-281.4024741405462
world_model_cem,42,745,-286.49249498025085
world_model_cem,42,746,-282.2463979825132
world_model_cem,42,747,-281.9265444094847
world_model_cem,42,748,-282.79511109012566
world_model_cem,42,749,-289.90156255612334
world_model_cem,42,750,-288.02226120480657
world_model_cem,42,751,-294.47922796068985
world_model_cem,42,752,-285.9629422325992
world_model_cem,42,753,-288.21872106792307
world_model_cem,42,754,-287.39846014618206
world_model_cem,42,755,-289.78009880782344
world_model_cem,42,756,-285.0365161612273
world_model_cem,42,757,-283.9219609000145
world_model_cem,42,758,-277.2527843402399
world_model_cem,42,759,-282.55470213171975
world_model_cem,42,760,-283.8846207444338
world_model_cem,42,761,-286.3270125336469
world_model_cem,42,762,-285.55653165195986
world_model_cem,42,763,-289.1179964966009
world_model_cem,42,764,-290.5623705781037
world_model_cem,42,765,-294.73412343486683
world_model_cem,42,766,-294.6182967534122
world_model_cem,42,767,-299.5580919803339
world_model_cem,42,768,-293.80512395573305
world_model_cem,42,769,-293.68290733665
world_model_cem,42,770,-293.20789340692517
world_model_cem,42,771,-292.41805875402656
world_model_cem,42,772,-282.6156849120399
world_model_cem,42,773,-285.24079456184353
world_model_cem,42,774,-286.9004737630871
world_model_cem,42,775,-278.8133944188851
world_model_cem,42,776,-292.55057518096737
world_model_cem,42,777,-289.205324963874
world_model_cem,42,778,-280.19919713103167
world_model_cem,42,779,-282.7389178854577
world_model_cem,42,780,-284.58477529445935
world_model_cem,42,781,-285.12366806293045
world_model_cem,42,782,-277.96377811823953
world_model_cem,42,783,-281.6349695382473
world_model_cem,42,784,-287.57683073339393
world_model_cem,42,785,-292.44373973524426
world_model_cem,42,786,-283.47025659466846
world_model_cem,42,787,-290.5789528735353
world_model_cem,42,788,-290.37819499586567
world_model_cem,42,789,-286.6061003634013
world_model_cem,42,790,-292.89246356828954
world_model_cem,42,791,-283.8713873229945
world_model_cem,42,792,-282.06466465527933
world_model_cem,42,793,-292.7851673909076
world_model_cem,42,794,-288.26345456006186
world_model_cem,42,795,-293.7208645885093
world_model_cem,42,796,-289.37165601813456
world_model_cem,42,797,-280.1256516948677
world_model_cem,42,798,-292.43606611266705
world_model_cem,42,799,-286.41543961311334
world_model_cem,42,800,-278.7614226547871
world_model_cem,42,801,-295.27697497747585
world_model_cem,42,802,-290.1962962826617
world_model_cem,42,803,-282.07185509183364
world_model_cem,42,804,-292.699170601167
world_model_cem,42,805,-282.7150979844421
world_model_cem,42,806,-290.23814872307014
world_model_cem,42,807,-290.2180374973755
world_model_cem,42,808,-291.66295447589505
world_model_cem,42,809,-293.79056343047944
world_model_cem,42,810,-292.4800870104252
world_model_cem,42,811,-293.16497709882674
world_model_cem,42,812,-286.25157956522605
world_model_cem,42,813,-285.0328783128185
world_model_cem,42,814,-282.94352468112913
world_model_cem,42,815,-286.87482801636094
world_model_cem,42,816,-277.97764279188425
world_model_cem,42,817,-287.85433014135094
world_model_cem,42,818,-281.88870144495826
world_model_cem,42,819,-290.34834255158256
world_model_cem,42,820,-290.06180826442767
world_model_cem,42,821,-282.344615563774
world_model_cem,42,822,-276.60930306298735
world_model_cem,42,823,-274.5924886356744
world_model_cem,42,824,-276.1037344009456
world_model_cem,42,825,-281.69846617328676
world_model_cem,42,826,-287.0776313564307
world_model_cem,42,827,-283.81035351242264
world_model_cem,42,828,-288.4232549741712
world_model_cem,42,829,-281.5377248668698
world_model_cem,42,830,-287.91922532952674
world_model_cem,42,831,-282.3883525359771
world_model_cem,42,832,-273.5062107528898
world_model_cem,42,833,-284.5858728344545
world_model_cem,42,834,-281.81926840122696
world_model_cem,42,835,-286.19712893218156
world_model_cem,42,836,-289.5740568656359
world_model_cem,42,837,-288.9698401597742
world_model_cem,42,838,-286.5706013322439
world_model_cem,42,839,-288.6125163979965
world_model_cem,42,840,-291.44724188287694
world_model_cem,42,841,-293.22814461981284
world_model_cem,42,842,-282.26320434138546
world_model_cem,42,843,-287.6287574633169
world_model_cem,42,844,-284.395048868805
world_model_cem,42,845,-284.99044685422336
world_model_cem,42,846,-284.73410324566305
world_model_cem,42,847,-286.25764766432536
world_model_cem,42,848,-293.3042932212767
world_model_cem,42,849,-291.2108546011127
world_model_cem,42,850,-293.85006047725756
world_model_cem,42,851,-288.0650304054591
world_model_cem,42,852,-289.75920879119167
world_model_cem,42,853,-289.3471115263242
world_model_cem,42,854,-290.0470114706226
world_model_cem,42,855,-293.5034929253384
world_model_cem,42,856,-283.7939555150037
world_model_cem,42,857,-285.49090070233746
world_model_cem,42,858,-290.763200560429
world_model_cem,42,859,-283.9242802492637
world_model_cem,42,860,-288.4388182336233
world_model_cem,42,861,-286.8774081342674
world_model_cem,42,862,-277.7775777204478
world_model_cem,42,863,-279.9652839656928
world_model_cem,42,864,-288.63672170585204
world_model_cem,42,865,-289.8386722811324
world_model_cem,42,866,-285.2369829664529
world_model_cem,42,867,-289.39350654127935
world_model_cem,42,868,-287.0469689381995
world_model_cem,42,869,-290.0527772968285
world_model_cem,42,870,-285.10485671933833
world_model_cem,42,871,-290.48370920454636
world_model_cem,42,872,-290.21678732102447
world_model_cem,42,873,-285.75094967533937
world_model_cem,42,874,-294.13066237017165
world_model_cem,42,875,-282.86245819039806
world_model_cem,42,876,-286.77744001115906
world_model_cem,42,877,-289.068140110705
world_model_cem,42,878,-280.07042425892087
world_model_cem,42,879,-282.6821201193461
world_model_cem,42,880,-282.55626407300224
world_model_cem,42,881,-285.0194770994733
world_model_cem,42,882,-290.42596112431556
world_model_cem,42,883,-267.78864169693816
world_model_cem,42,884,-278.14246101864535
world_model_cem,42,885,-284.7770949388815
world_model_cem,42,886,-291.281886742535
world_model_cem,42,887,-292.59547850319626
world_model_cem,42,888,-285.43056315145117
world_model_cem,42,889,-277.02082429824463
world_model_cem,42,890,-287.25834724380445
world_model_cem,42,891,-284.8523162856994
world_model_cem,42,892,-283.6704871294061
world_model_cem,42,893,-278.8795370057158
world_model_cem,42,894,-283.9012389617683
world_model_cem,42,895,-286.166171831826
world_model_cem,42,896,-282.10981375338906
world_model_cem,42,897,-288.19688121936116
world_model_cem,42,898,-288.53873305919285
world_model_cem,42,899,-275.37353420582434
world_model_cem,42,900,-286.7030428622669
world_model_cem,42,901,-286.52750970265504
world_model_cem,42,902,-284.2250671880055
world_model_cem,42,903,-282.6175294359963
world_model_cem,42,904,-282.51930663593737
world_model_cem,42,905,-288.50853376910607
world_model_cem,42,906,-290.5720607221874
world_model_cem,42,907,-286.25326533844463
world_model_cem,42,908,-294.2175844444103
world_model_cem,42,909,-284.30985902493626
world_model_cem,42,910,-284.32613183134026
world_model_cem,42,911,-294.3174923508861
world_model_cem,42,912,-296.7390731087886
world_model_cem,42,913,-288.85253008169
world_model_cem,42,914,-281.5172409543625
world_model_cem,42,915,-290.85102518862004
world_model_cem,42,916,-286.7948562440275
world_model_cem,42,917,-288.29157573102754
world_model_cem,42,918,-286.6268661579004
world_model_cem,42,919,-290.38661886345125
world_model_cem,42,920,-292.7173831964237
world_model_cem,42,921,-290.5696129344
world_model_cem,42,922,-286.410197901132
world_model_cem,42,923,-285.3435289396655
world_model_cem,42,924,-287.0738611321892
world_model_cem,42,925,-279.21392992740397
world_model_cem,42,926,-287.8894899771548
world_model_cem,42,927,-284.619384901966
world_model_cem,42,928,-284.9674365411014
world_model_cem,42,929,-290.26824640316147
world_model_cem,42,930,-283.97967691589156
world_model_cem,42,931,-291.61481994603423
world_model_cem,42,932,-286.8490981543124
world_model_cem,42,933,-287.58712725384544
world_model_cem,42,934,-291.5161856996898
world_model_cem,42,935,-285.96437771963156
world_model_cem,42,936,-290.46182783324133
world_model_cem,42,937,-283.143503062195
world_model_cem,42,938,-267.43787646497674
world_model_cem,42,939,-284.70549815725497
world_model_cem,42,940,-290.2708085576823
world_model_cem,42,941,-290.8758498237017
world_model_cem,42,942,-292.42932889984337
world_model_cem,42,943,-291.23886583666433
world_model_cem,42,944,-288.9228290433738
world_model_cem,42,945,-282.1667746960751
world_model_cem,42,946,-282.2581439235264
world_model_cem,42,947,-293.1714184590322
world_model_cem,42,948,-282.710492050617
world_model_cem,42,949,-283.6337602221775
world_model_cem,42,950,-283.05640572522816
world_model_cem,42,951,-288.72080979138013
world_model_cem,42,952,-286.2434487960639
world_model_cem,42,953,-291.5272536870758
world_model_cem,42,954,-283.29445192983246
world_model_cem,42,955,-288.3006942926108
world_model_cem,42,956,-286.90160622591384
world_model_cem,42,957,-292.521646512603
world_model_cem,42,958,-285.19757191500173
world_model_cem,42,959,-282.4954246764679
world_model_cem,42,960,-280.06928076291916
world_model_cem,42,961,-285.04726950500935
world_model_cem,42,962,-277.75956216246965
world_model_cem,42,963,-293.9762793071957
world_model_cem,42,964,-287.8229868040307
world_model_cem,42,965,-288.07531339008216
world_model_cem,42,966,-286.7675852871053
world_model_cem,42,967,-283.5197293891023
world_model_cem,42,968,-276.7248914044099
world_model_cem,42,969,-292.7727109412555
world_model_cem,42,970,-290.3397584142909
world_model_cem,42,971,-295.920765498955
world_model_cem,42,972,-295.41650827385337
world_model_cem,42,973,-287.6040408890283
world_model_cem,42,974,-291.0010316399774
world_model_cem,42,975,-290.4578368416691
world_model_cem,42,976,-286.6812112814098
world_model_cem,42,977,-285.94848942443866
world_model_cem,42,978,-290.3917732459224
world_model_cem,42,979,-284.8295948304491
world_model_cem,42,980,-275.31792159139013
world_model_cem,42,981,-291.02946292719184
world_model_cem,42,982,-283.86024226826777
world_model_cem,42,983,-285.3893543166454
world_model_cem,42,984,-288.8176627107787
world_model_cem,42,985,-275.3132501221327
world_model_cem,42,986,-288.11759298746045
world_model_cem,42,987,-278.39196842863873
world_model_cem,42,988,-282.8710450576228
world_model_cem,42,989,-275.2786747038622
world_model_cem,42,990,-272.82982210635623
world_model_cem,42,991,-282.5274346277433
world_model_cem,42,992,-281.44356035703083
world_model_cem,42,993,-282.8219157795827
world_model_cem,42,994,-292.0720175503359
world_model_cem,42,995,-289.4037979293612
world_model_cem,42,996,-291.3088260474775
world_model_cem,42,997,-293.6534369502718
world_model_cem,42,998,-281.78844507279956
world_model_cem,42,999,-283.56473766929213
world_model_cem,42,1000,-278.69670215035455
world_model_cem,43,1,-184.19570687546835
world_model_cem,43,2,-206.17879851592386
world_model_cem,43,3,-181.07377141663483
world_model_cem,43,4,-196.74820854745957
world_model_cem,43,5,-189.5325100803301
world_model_cem,43,6,-185.11892202454612
world_model_cem,43,7,-175.14054737940836
world_model_cem,43,8,-221.5354968927197
world_model_cem,43,9,-211.77793632397157
world_model_cem,43,10,-205.58967248614084
world_model_cem,43,11,-201.00950458185477
world_model_cem,43,12,-204.98351806379418
world_model_cem,43,13,-201.33676377963076
world_model_cem,43,14,-246.60013372880655
world_model_cem,43,15,-209.78871649283246
world_model_cem,43,16,-212.95338165185444
world_model_cem,43,17,-280.19078409223266
world_model_cem,43,18,-218.8686883283088
world_model_cem,43,19,-248.1161071815174
world_model_cem,43,20,-235.30368985771915
world_model_cem,43,21,-249.22797577296473
world_model_cem,43,22,-239.89761872920994
world_model_cem,43,23,-282.13113587752457
world_model_cem,43,24,-259.21725379520797
world_model_cem,43,25,-241.45147974953755
world_model_cem,43,26,-299.5566535397213
world_model_cem,43,27,-238.90377873124493
world_model_cem,43,28,-219.32467141692774
world_model_cem,43,29,-269.46795598581116
world_model_cem,43,30,-262.5895686463182
world_model_cem,43,31,-228.0187540280433
world_model_cem,43,32,-219.0723252545963
world_model_cem,43,33,-214.2104127509552
world_model_cem,43,34,-238.8352221332947
world_model_cem,43,35,-204.7417751354888
world_model_cem,43,36,-211.6860747862384
world_model_cem,43,37,-250.00473192940953
world_model_cem,43,38,-213.3923603063675
world_model_cem,43,39,-219.8419195989302
world_model_cem,43,40,-223.85051961727618
world_model_cem,43,41,-238.11053052948546
world_model_cem,43,42,-247.92922613363922
world_model_cem,43,43,-238.8481547658737
world_model_cem,43,44,-240.58904026580427
world_model_cem,43,45,-268.16372686016507
world_model_cem,43,46,-223.20141984082954
world_model_cem,43,47,-284.10493876371436
world_model_cem,43,48,-268.5316657816891
world_model_cem,43,49,-231.58272317402313
world_model_cem,43,50,-247.35317169247332
world_model_cem,43,51,-249.31431780286817
world_model_cem,43,52,-259.3339247923004
world_model_cem,43,53,-327.9702137353795
world_model_cem,43,54,-260.96829439832044
world_model_cem,43,55,-275.01437107272795
world_model_cem,43,56,-320.0331025292319
world_model_cem,43,57,-287.0368304921469
world_model_cem,43,58,-311.75681792432687
world_model_cem,43,59,-242.97724400150344
world_model_cem,43,60,-243.82957242210222
world_model_cem,43,61,-294.0536654506065
world_model_cem,43,62,-243.8453437795301
world_model_cem,43,63,-289.62157124181675
world_model_cem,43,64,-236.20514033340487
world_model_cem,43,65,-233.1441028849374
world_model_cem,43,66,-227.05730398856855
world_model_cem,43,67,-228.1911511400579
world_model_cem,43,68,-283.73161808716907
world_model_cem,43,69,-249.41519931540256
world_model_cem,43,70,-253.6561535328178
world_model_cem,43,71,-279.23911939394793
world_model_cem,43,72,-238.8336368859078
world_model_cem,43,73,-282.92871434494367
world_model_cem,43,74,-239.67428802531998
world_model_cem,43,75,-238.21748605542803
world_model_cem,43,76,-241.75014585351056
world_model_cem,43,77,-273.3905489457284
world_model_cem,43,78,-264.04974971322673
world_model_cem,43,79,-299.4735198664127
world_model_cem,43,80,-328.4096616657953
world_model_cem,43,81,-320.43061797025086
world_model_cem,43,82,-314.8409758735676
world_model_cem,43,83,-285.9216283219459
world_model_cem,43,84,-273.8351054312481
world_model_cem,43,85,-269.0879472325352
world_model_cem,43,86,-254.82468069277684
world_model_cem,43,87,-263.93291818876173
world_model_cem,43,88,-258.41348566887496
world_model_cem,43,89,-263.1131583960402
world_model_cem,43,90,-303.777145665009
world_model_cem,43,91,-306.527533774865
world_model_cem,43,92,-252.81468866567116
world_model_cem,43,93,-264.50919631426643
world_model_cem,43,94,-253.87462821010263
world_model_cem,43,95,-277.1866402912318
world_model_cem,43,96,-309.3197823423775
world_model_cem,43,97,-234.2100729688574
world_model_cem,43,98,-303.21330562945457
world_model_cem,43,99,-291.0823919182229
world_model_cem,43,100,-227.0220504263599
world_model_cem,43,101,-239.85741911245634
world_model_cem,43,102,-215.647627959196
world_model_cem,43,103,-279.3169171830533
world_model_cem,43,104,-222.3739193326159
world_model_cem,43,105,-273.47952422015317
world_model_cem,43,106,-222.94868409544154
world_model_cem,43,107,-229.22468007336647
world_model_cem,43,108,-226.94157349350533
world_model_cem,43,109,-250.06811329845635
world_model_cem,43,110,-231.14691904793625
world_model_cem,43,111,-246.05649261656376
world_model_cem,43,112,-235.18678773447363
world_model_cem,43,113,-247.56452604438476
world_model_cem,43,114,-297.89431621685947
world_model_cem,43,115,-233.5201609618285
world_model_cem,43,116,-272.411118622383
world_model_cem,43,117,-269.8628558376284
world_model_cem,43,118,-251.34343772432499
world_model_cem,43,119,-262.73655415808827
world_model_cem,43,120,-257.44933104558856
world_model_cem,43,121,-248.251345660602
world_model_cem,43,122,-247.22776672010178
world_model_cem,43,123,-259.2057747476119
world_model_cem,43,124,-249.54936269969664
world_model_cem,43,125,-251.7175019174603
world_model_cem,43,126,-273.78601516871254
world_model_cem,43,127,-249.79609080575005
world_model_cem,43,128,-307.896339075564
world_model_cem,43,129,-266.0405878020254
world_model_cem,43,130,-261.18849293853384
world_model_cem,43,131,-328.8351367976096
world_model_cem,43,132,-271.11911971011415
world_model_cem,43,133,-332.57925458584293
world_model_cem,43,134,-303.2097171972995
world_model_cem,43,135,-326.0214002738458
world_model_cem,43,136,-335.24979610571893
world_model_cem,43,137,-292.7483826450281
world_model_cem,43,138,-302.16904651292975
world_model_cem,43,139,-286.13101666717415
world_model_cem,43,140,-235.06637943276291
world_model_cem,43,141,-253.33180050335744
world_model_cem,43,142,-268.91221383271466
world_model_cem,43,143,-314.5730425822236
world_model_cem,43,144,-219.60852291006697
world_model_cem,43,145,-300.4418518478513
world_model_cem,43,146,-271.39902308582634
world_model_cem,43,147,-317.614136358888
world_model_cem,43,148,-232.0743469815261
world_model_cem,43,149,-233.05352642891336
world_model_cem,43,150,-307.00077152425445
world_model_cem,43,151,-305.8189305365963
world_model_cem,43,152,-299.5334266839221
world_model_cem,43,153,-295.28879796840204
world_model_cem,43,154,-289.02672195463936
world_model_cem,43,155,-298.43289652221904
world_model_cem,43,156,-276.39723352558497
world_model_cem,43,157,-278.60425689044956
world_model_cem,43,158,-278.88659778552625
world_model_cem,43,159,-279.99544989403046
world_model_cem,43,160,-283.31335849763167
world_model_cem,43,161,-284.51470222420136
world_model_cem,43,162,-290.7400937458856
world_model_cem,43,163,-286.5746300921795
world_model_cem,43,164,-301.6505021557463
world_model_cem,43,165,-304.63581642545137
world_model_cem,43,166,-313.23084043739993
world_model_cem,43,167,-321.64091319682643
world_model_cem,43,168,-319.804589632492
world_model_cem,43,169,-321.220041725075
world_model_cem,43,170,-322.6849089770042
world_model_cem,43,171,-331.1717063339582
world_model_cem,43,172,-328.81111211642826
world_model_cem,43,173,-323.145594689219
world_model_cem,43,174,-327.53731742537434
world_model_cem,43,175,-328.33233292700845
world_model_cem,43,176,-325.413725809502
world_model_cem,43,177,-310.6651834003728
world_model_cem,43,178,-311.530264052951
world_model_cem,43,179,-309.1268127679065
world_model_cem,43,180,-310.68086775785173
world_model_cem,43,181,-310.0509448543316
world_model_cem,43,182,-309.2626629631884
world_model_cem,43,183,-312.745142477502
world_model_cem,43,184,-316.2557374688232
world_model_cem,43,185,-315.601995437547
world_model_cem,43,186,-319.0017644253861
world_model_cem,43,187,-320.9270098886125
world_model_cem,43,188,-318.1466728196883
world_model_cem,43,189,-321.2213005934909
world_model_cem,43,190,-305.8726182875629
world_model_cem,43,191,-313.20309633103295
world_model_cem,43,192,-312.98911717533963
world_model_cem,43,193,-318.61186842322206
world_model_cem,43,194,-310.71153776793767
world_model_cem,43,195,-300.83168316730814
world_model_cem,43,196,-308.7352297150811
world_model_cem,43,197,-302.62684465543884
world_model_cem,43,198,-301.4378136021666
world_model_cem,43,199,-297.4004377798178
world_model_cem,43,200,-298.6014320386796
world_model_cem,43,201,-298.78305028268755
world_model_cem,43,202,-310.9267695459484
world_model_cem,43,203,-312.37077543151645
world_model_cem,43,204,-322.8783931735077
world_model_cem,43,205,-306.1873723219314
world_model_cem,43,206,-306.5947858748404
world_model_cem,43,207,-311.3329293004517
world_model_cem,43,208,-310.83758456774376
world_model_cem,43,209,-312.6490964928828
world_model_cem,43,210,-310.72364294907436
world_model_cem,43,211,-308.98186964877186
world_model_cem,43,212,-304.9272536051607
world_model_cem,43,213,-298.3438316396647
world_model_cem,43,214,-301.1438768340355
world_model_cem,43,215,-300.0180773834812
world_model_cem,43,216,-289.5353975776636
world_model_cem,43,217,-293.66210324454426
world_model_cem,43,218,-295.8956915851117
world_model_cem,43,219,-297.9749629584714
world_model_cem,43,220,-291.2443625276398
world_model_cem,43,221,-287.5035125954521
world_model_cem,43,222,-297.0654593702914
world_model_cem,43,223,-299.2394262450019
world_model_cem,43,224,-301.1078917216341
world_model_cem,43,225,-299.0014152238069
world_model_cem,43,226,-301.1523095039417
world_model_cem,43,227,-302.6242770979749
world_model_cem,43,228,-305.3510855849457
world_model_cem,43,229,-295.5709408115484
world_model_cem,43,230,-289.5933819960144
world_model_cem,43,231,-294.3548299025698
world_model_cem,43,232,-291.1612931681204
world_model_cem,43,233,-289.36591530364984
world_model_cem,43,234,-292.66088718720374
world_model_cem,43,235,-286.9159857874075
world_model_cem,43,236,-280.2926636478714
world_model_cem,43,237,-291.66327834020643
world_model_cem,43,238,-289.03522619366254
world_model_cem,43,239,-298.1145489584304
world_model_cem,43,240,-295.8669764758304
world_model_cem,43,241,-307.30808628243045
world_model_cem,43,242,-301.6287601972353
world_model_cem,43,243,-290.70081186609707
world_model_cem,43,244,-308.5558725533902
world_model_cem,43,245,-304.57193250051233
world_model_cem,43,246,-296.9960176286512
world_model_cem,43,247,-301.7735976573277
world_model_cem,43,248,-299.77600416137557
world_model_cem,43,249,-289.67830213037837
world_model_cem,43,250,-287.5530263345007
world_model_cem,43,251,-289.0826993162404
world_model_cem,43,252,-286.21192594248237
world_model_cem,43,253,-283.12525840264476
world_model_cem,43,254,-293.21421437309186
world_model_cem,43,255,-285.0937025775442
world_model_cem,43,256,-283.55126949895663
world_model_cem,43,257,-291.88748376469823
world_model_cem,43,258,-292.56731751415714
world_model_cem,43,259,-288.8897150049808
world_model_cem,43,260,-301.95114420634536
world_model_cem,43,261,-298.2452572996999
world_model_cem,43,262,-291.5075582132323
world_model_cem,43,263,-290.5136150296189
world_model_cem,43,264,-293.1899172293247
world_model_cem,43,265,-290.5928680950737
world_model_cem,43,266,-292.25874885163046
world_model_cem,43,267,-287.53513604166864
world_model_cem,43,268,-294.3878013298918
world_model_cem,43,269,-283.5846832713249
world_model_cem,43,270,-285.2666028700219
world_model_cem,43,271,-290.5429458394792
world_model_cem,43,272,-287.5891186523527
world_model_cem,43,273,-290.2787682939691
world_model_cem,43,274,-293.8856979630922
world_model_cem,43,275,-291.9454954172513
world_model_cem,43,276,-296.7916765840544
world_model_cem,43,277,-303.4217643931284
world_model_cem,43,278,-300.0965401795834
world_model_cem,43,279,-300.0979689455145
world_model_cem,43,280,-298.000785396931
world_model_cem,43,281,-302.45448780130096
world_model_cem,43,282,-299.86199928406575
world_model_cem,43,283,-286.9244330828931
world_model_cem,43,284,-301.9618030520235
world_model_cem,43,285,-289.4907604994037
world_model_cem,43,286,-288.61051362743063
world_model_cem,43,287,-285.1894547752139
world_model_cem,43,288,-284.1542777483275
world_model_cem,43,289,-292.58074455606453
world_model_cem,43,290,-279.99132040852834
world_model_cem,43,291,-286.24226004778336
world_model_cem,43,292,-290.6196516040268
world_model_cem,43,293,-287.57072116798463
world_model_cem,43,294,-289.4356345850347
world_model_cem,43,295,-290.0455944838705
world_model_cem,43,296,-284.58208620380543
world_model_cem,43,297,-289.9513067899423
world_model_cem,43,298,-287.2524335515543
world_model_cem,43,299,-284.7197353509676
world_model_cem,43,300,-286.9327575905358
world_model_cem,43,301,-286.45873515396084
world_model_cem,43,302,-291.91663686071604
world_model_cem,43,303,-297.36286711755616
world_model_cem,43,304,-289.6985630623299
world_model_cem,43,305,-286.3489023430836
world_model_cem,43,306,-288.99924331764635
world_model_cem,43,307,-284.59883543751386
world_model_cem,43,308,-287.3961892483719
world_model_cem,43,309,-285.7492658456585
world_model_cem,43,310,-286.3287925614512
world_model_cem,43,311,-294.8241241938449
world_model_cem,43,312,-295.4198861787943
world_model_cem,43,313,-290.32239508841195
world_model_cem,43,314,-294.715820879598
world_model_cem,43,315,-294.337051497033
world_model_cem,43,316,-288.3301144886782
world_model_cem,43,317,-286.20020023626734
world_model_cem,43,318,-292.7377354726941
world_model_cem,43,319,-285.33331867076345
world_model_cem,43,320,-290.2892054880114
world_model_cem,43,321,-291.158032142919
world_model_cem,43,322,-296.8471633611604
world_model_cem,43,323,-285.01040485065556
world_model_cem,43,324,-290.62410453831296
world_model_cem,43,325,-288.7942840403838
world_model_cem,43,326,-290.46719209237403
world_model_cem,43,327,-286.36024458441767
world_model_cem,43,328,-288.0749553010111
world_model_cem,43,329,-287.0606480204142
world_model_cem,43,330,-290.17926892149353
world_model_cem,43,331,-285.497657711999
world_model_cem,43,332,-292.286896849349
world_model_cem,43,333,-291.94175746146806
world_model_cem,43,334,-279.86242170719066
world_model_cem,43,335,-288.9747005256543
world_model_cem,43,336,-293.63739927135435
world_model_cem,43,337,-297.76977904205756
world_model_cem,43,338,-284.1088800641661
world_model_cem,43,339,-291.9060328859011
world_model_cem,43,340,-287.54029021431336
world_model_cem,43,341,-283.940086282767
world_model_cem,43,342,-287.10909050324483
world_model_cem,43,343,-289.7520355766703
world_model_cem,43,344,-292.8229591473801
world_model_cem,43,345,-294.5975786008406
world_model_cem,43,346,-286.6921945578216
world_model_cem,43,347,-287.4589025880367
world_model_cem,43,348,-282.6897709881058
world_model_cem,43,349,-289.2074526150216
world_model_cem,43,350,-289.9561331102866
world_model_cem,43,351,-289.4879427990489
world_model_cem,43,352,-289.9692408425206
world_model_cem,43,353,-292.40144794002924
world_model_cem,43,354,-290.97418805612307
world_model_cem,43,355,-291.3665106384972
world_model_cem,43,356,-291.5864421124036
world_model_cem,43,357,-284.61763044504147
world_model_cem,43,358,-296.2859760639681
world_model_cem,43,359,-291.4165484372613
world_model_cem,43,360,-280.4948287920668
world_model_cem,43,361,-291.62290827960754
world_model_cem,43,362,-286.64915390504166
world_model_cem,43,363,-287.8503843604547
world_model_cem,43,364,-292.1553019128235
world_model_cem,43,365,-287.46945371328263
world_model_cem,43,366,-287.153288841283
world_model_cem,43,367,-287.98255650104875
world_model_cem,43,368,-292.49100346973324
world_model_cem,43,369,-290.6335822268974
world_model_cem,43,370,-268.6327828065387
world_model_cem,43,371,-284.0197301610193
world_model_cem,43,372,-291.49372716341804
world_model_cem,43,373,-293.0966896049116
world_model_cem,43,374,-293.7844571848914
world_model_cem,43,375,-297.65621089953083
world_model_cem,43,376,-281.02306231818045
world_model_cem,43,377,-295.3548887894078
world_model_cem,43,378,-295.8957518774073
world_model_cem,43,379,-278.20345121044187
world_model_cem,43,380,-285.72193179281567
world_model_cem,43,381,-289.9071757628094
world_model_cem,43,382,-289.36500379697304
world_model_cem,43,383,-280.4812562806791
world_model_cem,43,384,-281.304176467417
world_model_cem,43,385,-278.84936900720004
world_model_cem,43,386,-279.1219854946952
world_model_cem,43,387,-288.4283465243787
world_model_cem,43,388,-285.6412827181654
world_model_cem,43,389,-285.3736249540846
world_model_cem,43,390,-282.3772903003338
world_model_cem,43,391,-284.7447441651116
world_model_cem,43,392,-292.94139296813984
world_model_cem,43,393,-286.24986916814
world_model_cem,43,394,-277.2529584213484
world_model_cem,43,395,-285.2482844949852
world_model_cem,43,396,-288.6350153067483
world_model_cem,43,397,-292.47819540465554
world_model_cem,43,398,-282.39378602032366
world_model_cem,43,399,-273.3731398799866
world_model_cem,43,400,-284.2576178452032
world_model_cem,43,401,-292.0110998547802
world_model_cem,43,402,-288.062085536621
world_model_cem,43,403,-283.4898847994877
world_model_cem,43,404,-288.67684930843194
world_model_cem,43,405,-283.39779496572567
world_model_cem,43,406,-283.4728976758455
world_model_cem,43,407,-279.962129249401
world_model_cem,43,408,-285.87607698956583
world_model_cem,43,409,-288.0600869640135
world_model_cem,43,410,-286.08563409110485
world_model_cem,43,411,-283.57076728940183
world_model_cem,43,412,-287.95641721893696
world_model_cem,43,413,-283.72366959967763
world_model_cem,43,414,-293.7505688730308
world_model_cem,43,415,-293.3151904551043
world_model_cem,43,416,-289.7849690068675
world_model_cem,43,417,-289.1152494956575
world_model_cem,43,418,-286.60912542615984
world_model_cem,43,419,-270.5379171512516
world_model_cem,43,420,-279.78322499536125
world_model_cem,43,421,-282.5477086753565
world_model_cem,43,422,-290.7026726904063
world_model_cem,43,423,-292.50732549194424
world_model_cem,43,424,-294.9358969087764
world_model_cem,43,425,-284.5483751633378
world_model_cem,43,426,-276.7023427959721
world_model_cem,43,427,-286.00203236993434
world_model_cem,43,428,-281.7938076103002
world_model_cem,43,429,-292.0405107420088
world_model_cem,43,430,-289.86919299605813
world_model_cem,43,431,-281.92553851122136
world_model_cem,43,432,-282.81810571141665
world_model_cem,43,433,-282.20875426898453
world_model_cem,43,434,-276.4289087466385
world_model_cem,43,435,-284.67316805462303
world_model_cem,43,436,-293.5243101592556
world_model_cem,43,437,-290.2527843980459
world_model_cem,43,438,-277.11093501087436
world_model_cem,43,439,-281.5147114520388
world_model_cem,43,440,-276.09554326059526
world_model_cem,43,441,-283.99572926404835
world_model_cem,43,442,-285.9161557126963
world_model_cem,43,443,-288.98581867832
world_model_cem,43,444,-289.5671305725392
world_model_cem,43,445,-288.3125503104202
world_model_cem,43,446,-281.05440114291684
world_model_cem,43,447,-278.0360124957779
world_model_cem,43,448,-283.57044899544326
world_model_cem,43,449,-292.54750528583054
world_model_cem,43,450,-290.04389748767824
world_model_cem,43,451,-289.0933856663955
world_model_cem,43,452,-282.0978606662754
world_model_cem,43,453,-284.8362762613843
world_model_cem,43,454,-287.28523747397867
world_model_cem,43,455,-285.6757072644866
world_model_cem,43,456,-284.73574300545
world_model_cem,43,457,-285.2126813446894
world_model_cem,43,458,-282.91973137195583
world_model_cem,43,459,-279.7687488885483
world_model_cem,43,460,-287.52562594489234
world_model_cem,43,461,-281.8730760227244
world_model_cem,43,462,-274.45988664682864
world_model_cem,43,463,-280.16548969150915
world_model_cem,43,464,-289.8088066345363
world_model_cem,43,465,-280.0362651029146
world_model_cem,43,466,-280.2952921187835
world_model_cem,43,467,-294.7297862748171
world_model_cem,43,468,-288.476645350416
world_model_cem,43,469,-289.40222593069444
world_model_cem,43,470,-295.44866656904935
world_model_cem,43,471,-290.87911826225474
world_model_cem,43,472,-292.15366429222354
world_model_cem,43,473,-280.7358064269967
world_model_cem,43,474,-285.9681703426743
world_model_cem,43,475,-290.9028221616333
world_model_cem,43,476,-283.5113724115257
world_model_cem,43,477,-287.26527317299417
world_model_cem,43,478,-291.6959987378031
world_model_cem,43,479,-288.65558931070007
world_model_cem,43,480,-284.7754018915466
world_model_cem,43,481,-290.42098321424874
world_model_cem,43,482,-279.4833484727443
world_model_cem,43,483,-285.12246468919267
world_model_cem,43,484,-283.33728558090854
world_model_cem,43,485,-287.9376609536479
world_model_cem,43,486,-286.4596304332015
world_model_cem,43,487,-281.9150243810699
world_model_cem,43,488,-285.57330876380524
world_model_cem,43,489,-292.724023969275
world_model_cem,43,490,-289.9460933673288
world_model_cem,43,491,-289.18474081232733
world_model_cem,43,492,-291.9028734912976
world_model_cem,43,493,-290.20253752579384
world_model_cem,43,494,-290.1393216522188
world_model_cem,43,495,-284.272766754621
world_model_cem,43,496,-283.71057993251725
world_model_cem,43,497,-277.705054786344
world_model_cem,43,498,-283.9650753984055
world_model_cem,43,499,-280.4648997992251
world_model_cem,43,500,-291.00960764963025
world_model_cem,43,501,-291.48475110443087
world_model_cem,43,502,-294.9945210107153
world_model_cem,43,503,-288.95446478280866
world_model_cem,43,504,-290.461558873355
world_model_cem,43,505,-281.9452378263968
world_model_cem,43,506,-293.9179582936015
world_model_cem,43,507,-289.2329133585798
world_model_cem,43,508,-293.5654349935289
world_model_cem,43,509,-287.0190310077993
world_model_cem,43,510,-295.1832084951563
world_model_cem,43,511,-293.46645768818325
world_model_cem,43,512,-287.68890234712336
world_model_cem,43,513,-291.473430510487
world_model_cem,43,514,-292.1274683988754
world_model_cem,43,515,-285.06360286557236
world_model_cem,43,516,-280.5386629796639
world_model_cem,43,517,-278.081627427918
world_model_cem,43,518,-280.5751169919357
world_model_cem,43,519,-267.9408322714902
world_model_cem,43,520,-287.11449667067893
world_model_cem,43,521,-286.28176764154216
world_model_cem,43,522,-278.6990126420172
world_model_cem,43,523,-271.61933061595533
world_model_cem,43,524,-286.56621068541324
world_model_cem,43,525,-283.8882071850878
world_model_cem,43,526,-284.43645049843485
world_model_cem,43,527,-280.54307512786033
world_model_cem,43,528,-291.4585956265203
world_model_cem,43,529,-293.32780476040404
world_model_cem,43,530,-289.0720225765556
world_model_cem,43,531,-289.08842354582623
world_model_cem,43,532,-290.8887928085174
world_model_cem,43,533,-284.2235678379046
world_model_cem,43,534,-291.3596471894539
world_model_cem,43,535,-290.34277223781044
world_model_cem,43,536,-276.6317305227964
world_model_cem,43,537,-288.1989286303218
world_model_cem,43,538,-288.8856965346928
world_model_cem,43,539,-288.1617009606814
world_model_cem,43,540,-288.2117450740566
world_model_cem,43,541,-283.8235232393919
world_model_cem,43,542,-286.05159450075314
world_model_cem,43,543,-279.2313276166296
world_model_cem,43,544,-290.336894531422
world_model_cem,43,545,-291.2675594151956
world_model_cem,43,546,-284.29417659723003
world_model_cem,43,547,-282.55010369627286
world_model_cem,43,548,-280.7720159381874
world_model_cem,43,549,-285.17619038544973
world_model_cem,43,550,-280.5034461635636
world_model_cem,43,551,-284.7786078581487
world_model_cem,43,552,-287.2110210106628
world_model_cem,43,553,-283.9582750015534
world_model_cem,43,554,-289.67868832873046
world_model_cem,43,555,-284.84440481766603
world_model_cem,43,556,-290.65821660855585
world_model_cem,43,557,-287.0698296921679
world_model_cem,43,558,-283.0203580256582
world_model_cem,43,559,-283.6671324696807
world_model_cem,43,560,-285.6102012713313
world_model_cem,43,561,-292.03735371544457
world_model_cem,43,562,-295.46876802686603
world_model_cem,43,563,-292.4559397750897
world_model_cem,43,564,-290.03832789616575
world_model_cem,43,565,-281.2907124491945
world_model_cem,43,566,-288.74111090520086
world_model_cem,43,567,-286.43036506361744
world_model_cem,43,568,-280.66671741081643
world_model_cem,43,569,-292.09638753394427
world_model_cem,43,570,-281.7449850410303
world_model_cem,43,571,-287.9720511669763
world_model_cem,43,572,-286.83587290277853
world_model_cem,43,573,-285.2821749468423
world_model_cem,43,574,-290.1236404872985
world_model_cem,43,575,-291.12930499699553
world_model_cem,43,576,-280.10215916822415
world_model_cem,43,577,-284.67715700661705
world_model_cem,43,578,-284.28421354587067
world_model_cem,43,579,-284.10583605278634
world_model_cem,43,580,-287.00868938206446
world_model_cem,43,581,-291.22952686593334
world_model_cem,43,582,-290.20802255934797
world_model_cem,43,583,-283.31131750070915
world_model_cem,43,584,-286.3060777272583
world_model_cem,43,585,-283.7473015811818
world_model_cem,43,586,-282.0654576968782
world_model_cem,43,587,-280.6804749376439
world_model_cem,43,588,-287.5483609641704
world_model_cem,43,589,-293.6607414696793
world_model_cem,43,590,-292.5417896546593
world_model_cem,43,591,-279.57233776320015
world_model_cem,43,592,-283.96143151222185
world_model_cem,43,593,-288.0351067085896
world_model_cem,43,594,-294.33154664249355
world_model_cem,43,595,-295.8474840575674
world_model_cem,43,596,-286.03595267094084
world_model_cem,43,597,-291.1440251492259
world_model_cem,43,598,-288.7132666522782
world_model_cem,43,599,-284.7459270661033
world_model_cem,43,600,-292.9613848164151
world_model_cem,43,601,-285.79364416431747
world_model_cem,43,602,-290.5547725468589
world_model_cem,43,603,-281.38439720282344
world_model_cem,43,604,-281.82534357199467
world_model_cem,43,605,-283.05865853250543
world_model_cem,43,606,-283.77681538835276
world_model_cem,43,607,-279.0195241067985
world_model_cem,43,608,-285.7820465797852
world_model_cem,43,609,-285.44732924016375
world_model_cem,43,610,-287.24415745940405
world_model_cem,43,611,-287.5150722843746
world_model_cem,43,612,-294.96374193136705
world_model_cem,43,613,-287.61316454204365
world_model_cem,43,614,-291.70500876290646
world_model_cem,43,615,-280.6136104728259
world_model_cem,43,616,-289.19488059814597
world_model_cem,43,617,-285.66735191759267
world_model_cem,43,618,-286.58692027555554
world_model_cem,43,619,-287.4724251694648
world_model_cem,43,620,-285.98778606315994
world_model_cem,43,621,-278.78787862848435
world_model_cem,43,622,-286.5809130317334
world_model_cem,43,623,-285.4098055002728
world_model_cem,43,624,-294.18031613652863
world_model_cem,43,625,-288.0294039517155
world_model_cem,43,626,-290.9730706533371
world_model_cem,43,627,-285.6499909952996
world_model_cem,43,628,-293.08491562799395
world_model_cem,43,629,-289.2184694860831
world_model_cem,43,630,-281.67270025352224
world_model_cem,43,631,-285.387540328382
world_model_cem,43,632,-284.9133613058594
world_model_cem,43,633,-291.7000289231689
world_model_cem,43,634,-289.82384225270687
world_model_cem,43,635,-290.06284723306214
world_model_cem,43,636,-286.50846672814765
world_model_cem,43,637,-285.98023277468735
world_model_cem,43,638,-288.9991265252703
world_model_cem,43,639,-285.7760892702206
world_model_cem,43,640,-282.20142271866627
world_model_cem,43,641,-287.2920320552604
world_model_cem,43,642,-288.9354033859196
world_model_cem,43,643,-286.54600171283346
world_model_cem,43,644,-285.57760090244074
world_model_cem,43,645,-287.06874283704644
world_model_cem,43,646,-279.0416360359378
world_model_cem,43,647,-293.0435863056534
world_model_cem,43,648,-291.206564814851
world_model_cem,43,649,-296.46150944720955
world_model_cem,43,650,-285.7548196758994
world_model_cem,43,651,-293.7412269768993
world_model_cem,43,652,-291.2910367690894
world_model_cem,43,653,-286.85861803569543
world_model_cem,43,654,-294.91126766770014
world_model_cem,43,655,-288.26555796664775
world_model_cem,43,656,-285.3816009380363
world_model_cem,43,657,-290.8071668161769
world_model_cem,43,658,-293.85651938481135
world_model_cem,43,659,-279.9353511028429
world_model_cem,43,660,-276.12109839826456
world_model_cem,43,661,-268.4795757173188
world_model_cem,43,662,-285.256011775204
world_model_cem,43,663,-288.47936267971045
world_model_cem,43,664,-283.0884693976468
world_model_cem,43,665,-287.2750780087673
world_model_cem,43,666,-291.22040332000074
world_model_cem,43,667,-284.4605977521965
world_model_cem,43,668,-288.26032390544964
world_model_cem,43,669,-289.9891631598425
world_model_cem,43,670,-281.56072352984813
world_model_cem,43,671,-287.96639004561916
world_model_cem,43,672,-288.57412228360505
world_model_cem,43,673,-286.147659705313
world_model_cem,43,674,-285.9729471132778
world_model_cem,43,675,-281.1012554370873
world_model_cem,43,676,-287.46708805979773
world_model_cem,43,677,-285.8796987334868
world_model_cem,43,678,-289.0555926651498
world_model_cem,43,679,-284.42073116723526
world_model_cem,43,680,-285.4535366064722
world_model_cem,43,681,-280.5729604545127
world_model_cem,43,682,-275.3325015738139
world_model_cem,43,683,-289.3279172924938
world_model_cem,43,684,-281.4504508827288
world_model_cem,43,685,-282.207206985217
world_model_cem,43,686,-279.8866344147724
world_model_cem,43,687,-284.5741781462928
world_model_cem,43,688,-278.486236794732
world_model_cem,43,689,-287.85959316170664
world_model_cem,43,690,-286.3433268308935
world_model_cem,43,691,-289.935993834848
world_model_cem,43,692,-294.000107117379
world_model_cem,43,693,-277.952556351247
world_model_cem,43,694,-288.822050988584
world_model_cem,43,695,-287.0388064403867
world_model_cem,43,696,-290.5602546860652
world_model_cem,43,697,-288.67388761332876
world_model_cem,43,698,-289.8359392200019
world_model_cem,43,699,-289.10406377202816
world_model_cem,43,700,-282.48771197089434
world_model_cem,43,701,-281.99862254566847
world_model_cem,43,702,-282.3857977789066
world_model_cem,43,703,-283.78880334078906
world_model_cem,43,704,-292.03925166942645
world_model_cem,43,705,-289.5370418924458
world_model_cem,43,706,-286.06213895759225
world_model_cem,43,707,-284.42166839007893
world_model_cem,43,708,-286.0559167162433
world_model_cem,43,709,-285.57791507179246
world_model_cem,43,710,-282.6882549240868
world_model_cem,43,711,-278.8701080253835
world_model_cem,43,712,-282.58628819634964
world_model_cem,43,713,-283.7030002709696
world_model_cem,43,714,-285.2819708143352
world_model_cem,43,715,-284.46414748421824
world_model_cem,43,716,-282.4069196670844
world_model_cem,43,717,-290.47721763048526
world_model_cem,43,718,-274.75060347153726
world_model_cem,43,719,-283.8104668697896
world_model_cem,43,720,-277.4661933241832
world_model_cem,43,721,-286.23177470917216
world_model_cem,43,722,-287.2050211062252
world_model_cem,43,723,-286.6103336267094
world_model_cem,43,724,-283.5232018477304
world_model_cem,43,725,-289.65412552330247
world_model_cem,43,726,-272.24774172220276
world_model_cem,43,727,-284.19722899700275
world_model_cem,43,728,-278.430435922738
world_model_cem,43,729,-279.1354071508824
world_model_cem,43,730,-283.5027394155479
world_model_cem,43,731,-287.5571793881693
world_model_cem,43,732,-271.933805761803
world_model_cem,43,733,-292.6334421343698
world_model_cem,43,734,-291.94701108542864
world_model_cem,43,735,-294.3068214742714
world_model_cem,43,736,-292.49440909606295
world_model_cem,43,737,-292.08713720513305
world_model_cem,43,738,-295.74758352711416
world_model_cem,43,739,-295.8516112131898
world_model_cem,43,740,-290.0935519516521
world_model_cem,43,741,-285.20407170109405
world_model_cem,43,742,-287.04715131863327
world_model_cem,43,743,-285.6910344740455
world_model_cem,43,744,-275.5199472620983
world_model_cem,43,745,-282.9070028156425
world_model_cem,43,746,-286.17454497584913
world_model_cem,43,747,-274.796150245377
world_model_cem,43,748,-291.15807815163294
world_model_cem,43,749,-288.03380834163795
world_model_cem,43,750,-286.958284879629
world_model_cem,43,751,-284.3313076835956
world_model_cem,43,752,-294.0213052217256
world_model_cem,43,753,-284.04162428363827
world_model_cem,43,754,-289.42767680041226
world_model_cem,43,755,-274.26169036603545
world_model_cem,43,756,-287.1646701883211
world_model_cem,43,757,-291.1303183457623
world_model_cem,43,758,-288.03399789191565
world_model_cem,43,759,-281.7525533269669
world_model_cem,43,760,-283.7652512601943
world_model_cem,43,761,-293.12350467195114
world_model_cem,43,762,-292.8067314857804
world_model_cem,43,763,-285.5694131890231
world_model_cem,43,764,-274.0499643161164
world_model_cem,43,765,-291.5188792394375
world_model_cem,43,766,-282.83321941710733
world_model_cem,43,767,-287.31503148737875
world_model_cem,43,768,-285.0555689762979
world_model_cem,43,769,-288.0227193323547
world_model_cem,43,770,-282.1346699555926
world_model_cem,43,771,-280.79824630566276
world_model_cem,43,772,-293.58663504080073
world_model_cem,43,773,-289.789288585082
world_model_cem,43,774,-293.44098305747997
world_model_cem,43,775,-278.91497822364596
world_model_cem,43,776,-291.05999172017664
world_model_cem,43,777,-288.64921652160604
world_model_cem,43,778,-289.13744392449604
world_model_cem,43,779,-282.52080619185415
world_model_cem,43,780,-273.719174386094
world_model_cem,43,781,-291.7116849127472
world_model_cem,43,782,-290.55651359903356
world_model_cem,43,783,-281.2294913560728
world_model_cem,43,784,-282.7979000859458
world_model_cem,43,785,-285.8205256225144
world_model_cem,43,786,-287.12769256634175
world_model_cem,43,787,-286.5424580370195
world_model_cem,43,788,-288.1698408867756
world_model_cem,43,789,-288.0742563091396
world_model_cem,43,790,-294.90180599999576
world_model_cem,43,791,-288.27111985086486
world_model_cem,43,792,-285.90351667542205
world_model_cem,43,793,-285.2305791263411
world_model_cem,43,794,-288.2691855301362
world_model_cem,43,795,-281.24095597763426
world_model_cem,43,796,-289.41193871022017
world_model_cem,43,797,-282.95926227539627
world_model_cem,43,798,-289.9812520425851
world_model_cem,43,799,-285.3447090181224
world_model_cem,43,800,-287.5974070468296
world_model_cem,43,801,-288.15088942074544
world_model_cem,43,802,-278.74050419958536
world_model_cem,43,803,-285.34043927799974
world_model_cem,43,804,-287.6794055948198
world_model_cem,43,805,-285.93425824864954
world_model_cem,43,806,-289.71136957859704
world_model_cem,43,807,-281.8519240307043
world_model_cem,43,808,-282.6701365049073
world_model_cem,43,809,-290.8135652655444
world_model_cem,43,810,-280.30222734171696
world_model_cem,43,811,-279.8735003594201
world_model_cem,43,812,-284.7612053745453
world_model_cem,43,813,-285.1452674039363
world_model_cem,43,814,-286.42780323548214
world_model_cem,43,815,-289.61989393187525
world_model_cem,43,816,-289.5315658278865
world_model_cem,43,817,-290.38423351621805
world_model_cem,43,818,-292.1802208826002
world_model_cem,43,819,-273.95612907089543
world_model_cem,43,820,-288.20497002843183
world_model_cem,43,821,-287.4433213503155
world_model_cem,43,822,-295.7222808267284
world_model_cem,43,823,-286.0460592935662
world_model_cem,43,824,-278.55472381258835
world_model_cem,43,825,-287.55018701067695
world_model_cem,43,826,-282.23699559541984
world_model_cem,43,827,-282.13951446215907
world_model_cem,43,828,-283.33343265918126
world_model_cem,43,829,-293.00546778171116
world_model_cem,43,830,-284.5446087644243
world_model_cem,43,831,-285.0306560071123
world_model_cem,43,832,-284.35389531737695
world_model_cem,43,833,-280.4994217510392
world_model_cem,43,834,-276.23709933388966
world_model_cem,43,835,-278.6260039114968
world_model_cem,43,836,-286.16877570114536
world_model_cem,43,837,-273.11688890542655
world_model_cem,43,838,-281.35257170901144
world_model_cem,43,839,-287.6882888180502
world_model_cem,43,840,-266.39816495236926
world_model_cem,43,841,-289.11343306283624
world_model_cem,43,842,-291.26896867038744
world_model_cem,43,843,-292.4025976296843
world_model_cem,43,844,-286.28461075845655
world_model_cem,43,845,-292.06929933842133
world_model_cem,43,846,-291.7066837008071
world_model_cem,43,847,-287.9996239903178
world_model_cem,43,848,-271.4233651623571
world_model_cem,43,849,-289.92478086713305
world_model_cem,43,850,-289.6643636588318
world_model_cem,43,851,-292.5792217276393
world_model_cem,43,852,-281.87611811026153
world_model_cem,43,853,-283.68454435058857
world_model_cem,43,854,-282.54049706738465
world_model_cem,43,855,-289.97821376532136
world_model_cem,43,856,-287.4770371298855
world_model_cem,43,857,-279.6429033089077
world_model_cem,43,858,-278.79278141787574
world_model_cem,43,859,-278.79675637822766
world_model_cem,43,860,-282.2577188559607
world_model_cem,43,861,-283.46403800705264
world_model_cem,43,862,-282.26169128815377
world_model_cem,43,863,-267.5692888947771
world_model_cem,43,864,-287.46552660563043
world_model_cem,43,865,-284.5964694448874
world_model_cem,43,866,-281.15968952803865
world_model_cem,43,867,-289.8131166906009
world_model_cem,43,868,-287.0091151636202
world_model_cem,43,869,-283.6201173647173
world_model_cem,43,870,-284.4158048548409
world_model_cem,43,871,-279.4932285701187
world_model_cem,43,872,-291.4802074759835
world_model_cem,43,873,-283.72048996001365
world_model_cem,43,874,-290.5062282987402
world_model_cem,43,875,-283.49674601603624
world_model_cem,43,876,-280.9103332637094
world_model_cem,43,877,-270.77604450606736
world_model_cem,43,878,-290.8814252359107
world_model_cem,43,879,-289.1700795270723
world_model_cem,43,880,-290.7179541109597
world_model_cem,43,881,-285.834013995633
world_model_cem,43,882,-269.18425922011136
world_model_cem,43,883,-285.3001514145169
world_model_cem,43,884,-281.3257797970492
world_model_cem,43,885,-280.6715071566083
world_model_cem,43,886,-285.5396213653262
world_model_cem,43,887,-282.62838208443594
world_model_cem,43,888,-288.16593505125707
world_model_cem,43,889,-282.4524252690493
world_model_cem,43,890,-284.3272351089428
world_model_cem,43,891,-287.8604942137114
world_model_cem,43,892,-284.9796370919189
world_model_cem,43,893,-288.7396943574305
world_model_cem,43,894,-290.23922056002806
world_model_cem,43,895,-290.18219984400076
world_model_cem,43,896,-291.99979810904244
world_model_cem,43,897,-292.02077175467394
world_model_cem,43,898,-287.9318362340886
world_model_cem,43,899,-290.9405957238131
world_model_cem,43,900,-290.1865891213319
world_model_cem,43,901,-287.47538239530303
world_model_cem,43,902,-294.3851144716474
world_model_cem,43,903,-290.3603067795593
world_model_cem,43,904,-289.15557354441137
world_model_cem,43,905,-289.532936382709
world_model_cem,43,906,-287.56790461864847
world_model_cem,43,907,-293.7756366988143
world_model_cem,43,908,-289.9011860408526
world_model_cem,43,909,-284.90575642743653
world_model_cem,43,910,-290.76987162668684
world_model_cem,43,911,-284.81185889300684
world_model_cem,43,912,-284.1428063426054
world_model_cem,43,913,-285.99473144307063
world_model_cem,43,914,-287.8903150949503
world_model_cem,43,915,-278.6965094069802
world_model_cem,43,916,-285.72039708258274
world_model_cem,43,917,-288.73904352915656
world_model_cem,43,918,-288.31053159166487
world_model_cem,43,919,-285.5285986203842
world_model_cem,43,920,-283.47051299254065
world_model_cem,43,921,-289.69767357986655
world_model_cem,43,922,-287.5250874752036
world_model_cem,43,923,-289.08992076422663
world_model_cem,43,924,-280.1458895635591
world_model_cem,43,925,-290.3476225614765
world_model_cem,43,926,-292.5607225275389
world_model_cem,43,927,-293.2836444667063
world_model_cem,43,928,-293.103326999409
world_model_cem,43,929,-288.7176200473954
world_model_cem,43,930,-289.20666946480026
world_model_cem,43,931,-285.8208974852822
world_model_cem,43,932,-286.285420577595
world_model_cem,43,933,-284.5443798305644
world_model_cem,43,934,-285.4779672320077
world_model_cem,43,935,-284.65400480101346
world_model_cem,43,936,-285.2471849964667
world_model_cem,43,937,-282.1725829404113
world_model_cem,43,938,-294.4832722767911
world_model_cem,43,939,-268.9551111907647
world_model_cem,43,940,-284.7865170206425
world_model_cem,43,941,-286.9187343978863
world_model_cem,43,942,-281.95789673890465
world_model_cem,43,943,-285.1494311787048
world_model_cem,43,944,-278.2710348316953
world_model_cem,43,945,-286.6651772195545
world_model_cem,43,946,-278.664202593514
world_model_cem,43,947,-285.3866554563184
world_model_cem,43,948,-289.4169753705876
world_model_cem,43,949,-285.72350064159974
world_model_cem,43,950,-290.09579308104765
world_model_cem,43,951,-290.564478939398
world_model_cem,43,952,-273.86391573489385
world_model_cem,43,953,-282.33827086408917
world_model_cem,43,954,-278.2873696721224
world_model_cem,43,955,-276.73665005124076
world_model_cem,43,956,-294.33463507126044
world_model_cem,43,957,-279.53741667393615
world_model_cem,43,958,-290.8974152174604
world_model_cem,43,959,-287.90313657326845
world_model_cem,43,960,-288.9441851334077
world_model_cem,43,961,-290.3302335833318
world_model_cem,43,962,-287.795193346846
world_model_cem,43,963,-287.14976958313775
world_model_cem,43,964,-288.51810999554846
world_model_cem,43,965,-290.20787906530404
world_model_cem,43,966,-285.19027345820456
world_model_cem,43,967,-260.6808934651407
world_model_cem,43,968,-286.8950119491573
world_model_cem,43,969,-285.7090386403767
world_model_cem,43,970,-288.81426217248605
world_model_cem,43,971,-280.58354415625985
world_model_cem,43,972,-276.0685742346394
world_model_cem,43,973,-283.9324394165408
world_model_cem,43,974,-278.9323204661168
world_model_cem,43,975,-291.0196212549728
world_model_cem,43,976,-284.12953565225195
world_model_cem,43,977,-286.0705715121303
world_model_cem,43,978,-289.2376669887551
world_model_cem,43,979,-289.59434574181495
world_model_cem,43,980,-287.4821993240586
world_model_cem,43,981,-289.04966948194726
world_model_cem,43,982,-289.29238674359954
world_model_cem,43,983,-294.9117326880881
world_model_cem,43,984,-287.8307021173521
world_model_cem,43,985,-286.0360694904102
world_model_cem,43,986,-290.65833609810613
world_model_cem,43,987,-289.9217070093895
world_model_cem,43,988,-293.5725104953458
world_model_cem,43,989,-283.03246503456137
world_model_cem,43,990,-278.4094976738799
world_model_cem,43,991,-280.06700734369565
world_model_cem,43,992,-291.4077559180627
world_model_cem,43,993,-290.0515665892364
world_model_cem,43,994,-288.983110713201
world_model_cem,43,995,-291.3438689222565
world_model_cem,43,996,-289.70386798095313
world_model_cem,43,997,-285.50043899563855
world_model_cem,43,998,-285.1765241188991
world_model_cem,43,999,-283.6353973181882
world_model_cem,43,1000,-285.3435843603258
world_model_cem,44,1,-225.34468712544057
world_model_cem,44,2,-195.46038794455978
world_model_cem,44,3,-193.26083537794094
world_model_cem,44,4,-190.80516419177644
world_model_cem,44,5,-206.6676822301063
world_model_cem,44,6,-186.37376844087967
world_model_cem,44,7,-169.61289107228137
world_model_cem,44,8,-206.12408191129907
world_model_cem,44,9,-179.35510688851463
world_model_cem,44,10,-174.56555154150715
world_model_cem,44,11,-183.0663453942725
world_model_cem,44,12,-184.59168218696084
world_model_cem,44,13,-192.12876991340386
world_model_cem,44,14,-246.6123744522326
world_model_cem,44,15,-217.07909449625265
world_model_cem,44,16,-221.67184648033754
world_model_cem,44,17,-263.69658781754794
world_model_cem,44,18,-246.74426384180862
world_model_cem,44,19,-263.01287908160566
world_model_cem,44,20,-232.78861916401564
world_model_cem,44,21,-231.83022295050046
world_model_cem,44,22,-231.72233707138673
world_model_cem,44,23,-237.1949247708445
world_model_cem,44,24,-231.46160420478236
world_model_cem,44,25,-279.3387301170185
world_model_cem,44,26,-226.48427231306903
world_model_cem,44,27,-246.62358132002754
world_model_cem,44,28,-232.39436930809367
world_model_cem,44,29,-219.69248006954393
world_model_cem,44,30,-222.99154981383606
world_model_cem,44,31,-244.75138237548146
world_model_cem,44,32,-223.5231887897278
world_model_cem,44,33,-218.70797958077873
world_model_cem,44,34,-286.3363027679094
world_model_cem,44,35,-218.14417845858168
world_model_cem,44,36,-288.44474166436106
world_model_cem,44,37,-229.75669576919992
world_model_cem,44,38,-211.4638376705259
world_model_cem,44,39,-217.01079038149248
world_model_cem,44,40,-289.89388152986214
world_model_cem,44,41,-200.5099380086993
world_model_cem,44,42,-195.74423387584457
world_model_cem,44,43,-228.59713631825696
world_model_cem,44,44,-275.9523323306933
world_model_cem,44,45,-196.55760349373696
world_model_cem,44,46,-228.71348522848393
world_model_cem,44,47,-189.88391646008606
world_model_cem,44,48,-268.5134559159037
world_model_cem,44,49,-242.5884037331415
world_model_cem,44,50,-201.23027522434342
world_model_cem,44,51,-228.75990871426416
world_model_cem,44,52,-189.88721255700392
world_model_cem,44,53,-185.2235560293822
world_model_cem,44,54,-189.4757304395922
world_model_cem,44,55,-280.80915711478514
world_model_cem,44,56,-196.05813132570313
world_model_cem,44,57,-194.35844052424105
world_model_cem,44,58,-198.23358764470356
world_model_cem,44,59,-217.8125495205138
world_model_cem,44,60,-186.59931409572312
world_model_cem,44,61,-266.5419744835554
world_model_cem,44,62,-195.20240088425777
world_model_cem,44,63,-188.90653912286615
world_model_cem,44,64,-206.78074086165554
world_model_cem,44,65,-248.25682196209488
world_model_cem,44,66,-195.02235684116135
world_model_cem,44,67,-247.51437786267587
world_model_cem,44,68,-257.77129379764267
world_model_cem,44,69,-259.4179762802535
world_model_cem,44,70,-193.98554306830687
world_model_cem,44,71,-211.41547174371163
world_model_cem,44,72,-196.5146222991891
world_model_cem,44,73,-245.07246301153435
world_model_cem,44,74,-196.8536529045545
world_model_cem,44,75,-192.1027678048303
world_model_cem,44,76,-208.24181627660764
world_model_cem,44,77,-188.2365877632982
world_model_cem,44,78,-266.3361126031175
world_model_cem,44,79,-192.84938718114415
world_model_cem,44,80,-193.0550503963538
world_model_cem,44,81,-282.0406403494569
world_model_cem,44,82,-191.65391801258085
world_model_cem,44,83,-205.40306035114855
world_model_cem,44,84,-196.61465718211178
world_model_cem,44,85,-255.13708869283045
world_model_cem,44,86,-232.47830983569148
world_model_cem,44,87,-232.9210868669955
world_model_cem,44,88,-212.33498391883433
world_model_cem,44,89,-233.57807038942968
world_model_cem,44,90,-215.20159959557427
world_model_cem,44,91,-188.5757933821717
world_model_cem,44,92,-193.27187143658495
world_model_cem,44,93,-197.86487264110212
world_model_cem,44,94,-176.6547269088307
world_model_cem,44,95,-253.31479172601834
world_model_cem,44,96,-245.68709945872155
world_model_cem,44,97,-257.2873592489566
world_model_cem,44,98,-208.91526455973928
world_model_cem,44,99,-180.47685602655525
world_model_cem,44,100,-249.5880505688895
world_model_cem,44,101,-257.6532019035418
world_model_cem,44,102,-214.76819232657164
world_model_cem,44,103,-191.19814483255806
world_model_cem,44,104,-215.97909001159292
world_model_cem,44,105,-183.8559429785828
world_model_cem,44,106,-186.413725962379
world_model_cem,44,107,-208.5212866010533
world_model_cem,44,108,-189.7086698868968
world_model_cem,44,109,-255.73651666702477
world_model_cem,44,110,-176.927607104133
world_model_cem,44,111,-213.49316715680925
world_model_cem,44,112,-185.470522790159
world_model_cem,44,113,-178.9496867023475
world_model_cem,44,114,-197.05247410796966
world_model_cem,44,115,-234.436818402684
world_model_cem,44,116,-231.22136638911684
world_model_cem,44,117,-191.71690430676915
world_model_cem,44,118,-282.6861702181722
world_model_cem,44,119,-236.85392869825347
world_model_cem,44,120,-215.74249927455054
world_model_cem,44,121,-320.476763726113
world_model_cem,44,122,-218.13698247361066
world_model_cem,44,123,-309.5724849496054
world_model_cem,44,124,-266.08990460325697
world_model_cem,44,125,-178.53403010293457
world_model_cem,44,126,-244.26358271804594
world_model_cem,44,127,-184.6173675708261
world_model_cem,44,128,-179.23266908384142
world_model_cem,44,129,-267.2538680383493
world_model_cem,44,130,-163.96482691377594
world_model_cem,44,131,-174.10214075658743
world_model_cem,44,132,-179.62903628052982
world_model_cem,44,133,-227.6107921172907
world_model_cem,44,134,-189.15545778085004
world_model_cem,44,135,-229.94815284669866
world_model_cem,44,136,-292.71463758117693
world_model_cem,44,137,-275.3732280847823
world_model_cem,44,138,-276.3274429242755
world_model_cem,44,139,-278.47627154517124
world_model_cem,44,140,-287.58538365798177
world_model_cem,44,141,-283.8010495225538
world_model_cem,44,142,-278.57545367837884
world_model_cem,44,143,-273.9512639012685
world_model_cem,44,144,-270.9797657901809
world_model_cem,44,145,-272.3227584161406
world_model_cem,44,146,-269.6433808876011
world_model_cem,44,147,-264.9812151357046
world_model_cem,44,148,-258.00549116086006
world_model_cem,44,149,-255.67671782591106
world_model_cem,44,150,-264.74249744929074
world_model_cem,44,151,-258.47466630818485
world_model_cem,44,152,-275.5203730072452
world_model_cem,44,153,-274.2823201540016
world_model_cem,44,154,-274.40252216325695
world_model_cem,44,155,-265.5858189463065
world_model_cem,44,156,-262.51173795626573
world_model_cem,44,157,-264.8789056994471
world_model_cem,44,158,-264.836160183667
world_model_cem,44,159,-261.6864283946176
world_model_cem,44,160,-280.8941783839059
world_model_cem,44,161,-275.8365716122326
world_model_cem,44,162,-265.3769938123451
world_model_cem,44,163,-267.1573585396429
world_model_cem,44,164,-279.26265645508624
world_model_cem,44,165,-280.3711224607243
world_model_cem,44,166,-278.3126663883146
world_model_cem,44,167,-282.0314100530899
world_model_cem,44,168,-289.6377496512739
world_model_cem,44,169,-294.46243266929196
world_model_cem,44,170,-286.6043969745464
world_model_cem,44,171,-286.1092798084029
world_model_cem,44,172,-281.15939104439417
world_model_cem,44,173,-295.2803282059966
world_model_cem,44,174,-288.68773857612683
world_model_cem,44,175,-294.32477914990966
world_model_cem,44,176,-288.0185987259377
world_model_cem,44,177,-287.1393398916298
world_model_cem,44,178,-276.4850756480942
world_model_cem,44,179,-281.01196439347655
world_model_cem,44,180,-284.8645123975618
world_model_cem,44,181,-287.0619715397406
world_model_cem,44,182,-281.28767556646636
world_model_cem,44,183,-289.56709661271975
world_model_cem,44,184,-279.24218044192816
world_model_cem,44,185,-280.4438526469893
world_model_cem,44,186,-281.10958395054547
world_model_cem,44,187,-283.35231965296884
world_model_cem,44,188,-283.40720179977757
world_model_cem,44,189,-273.74326264738386
world_model_cem,44,190,-284.0635065445873
world_model_cem,44,191,-274.96428208038856
world_model_cem,44,192,-281.3913244195817
world_model_cem,44,193,-280.2149501641288
world_model_cem,44,194,-287.2401989583627
world_model_cem,44,195,-291.7562896615203
world_model_cem,44,196,-287.48132852863165
world_model_cem,44,197,-286.5195733830309
world_model_cem,44,198,-289.9216772228614
world_model_cem,44,199,-291.3057156705354
world_model_cem,44,200,-290.82586474046826
world_model_cem,44,201,-289.6089652953161
world_model_cem,44,202,-293.7990791949098
world_model_cem,44,203,-288.95801655131186
world_model_cem,44,204,-286.4685170013368
world_model_cem,44,205,-287.79131593497294
world_model_cem,44,206,-285.1329590729447
world_model_cem,44,207,-293.89390149690905
world_model_cem,44,208,-289.87096132157063
world_model_cem,44,209,-295.0626894198196
world_model_cem,44,210,-284.5495301744822
world_model_cem,44,211,-273.5658257037461
world_model_cem,44,212,-286.9522497702627
world_model_cem,44,213,-281.18974114758134
world_model_cem,44,214,-290.4308737545008
world_model_cem,44,215,-285.35980540403796
world_model_cem,44,216,-285.4977125360035
world_model_cem,44,217,-285.1786188420041
world_model_cem,44,218,-282.13495627366945
world_model_cem,44,219,-287.13444228495166
world_model_cem,44,220,-289.4975430114399
world_model_cem,44,221,-286.4106558418427
world_model_cem,44,222,-274.9134322601635
world_model_cem,44,223,-282.33752685050115
world_model_cem,44,224,-274.99875892133286
world_model_cem,44,225,-286.2360917314205
world_model_cem,44,226,-282.3933079809566
world_model_cem,44,227,-285.4788122873872
world_model_cem,44,228,-284.5594199597475
world_model_cem,44,229,-283.9457571087571
world_model_cem,44,230,-290.76051072722464
world_model_cem,44,231,-291.2461159179738
world_model_cem,44,232,-291.1549346659223
world_model_cem,44,233,-287.49766856473127
world_model_cem,44,234,-291.45329268718046
world_model_cem,44,235,-275.1346817458389
world_model_cem,44,236,-290.9708286418311
world_model_cem,44,237,-286.7854693320196
world_model_cem,44,238,-280.0314686564106
world_model_cem,44,239,-288.1223504375503
world_model_cem,44,240,-280.8589935799759
world_model_cem,44,241,-274.9378009520673
world_model_cem,44,242,-283.15742077264974
world_model_cem,44,243,-288.76347329332464
world_model_cem,44,244,-280.2527071491595
world_model_cem,44,245,-293.0686519377939
world_model_cem,44,246,-288.5030025212118
world_model_cem,44,247,-287.3892719878009
world_model_cem,44,248,-286.20946673430547
world_model_cem,44,249,-289.84218170975373
world_model_cem,44,250,-286.7850888824934
world_model_cem,44,251,-290.2428834688673
world_model_cem,44,252,-292.2388104105746
world_model_cem,44,253,-286.865739707551
world_model_cem,44,254,-289.3080501098219
world_model_cem,44,255,-287.8067236388133
world_model_cem,44,256,-291.8681337727441
world_model_cem,44,257,-291.85359226221885
world_model_cem,44,258,-289.33499114285485
world_model_cem,44,259,-286.34172621671826
world_model_cem,44,260,-275.7420108811741
world_model_cem,44,261,-282.4734768503739
world_model_cem,44,262,-285.0743784230523
world_model_cem,44,263,-285.9704296947731
world_model_cem,44,264,-279.0373605212879
world_model_cem,44,265,-286.67601893471436
world_model_cem,44,266,-280.8844951055634
world_model_cem,44,267,-285.7305315252158
world_model_cem,44,268,-297.1900563947439
world_model_cem,44,269,-287.5578392268908
world_model_cem,44,270,-285.16816066882143
world_model_cem,44,271,-294.0814746261158
world_model_cem,44,272,-282.0704794838939
world_model_cem,44,273,-288.64836911314654
world_model_cem,44,274,-283.4132949849778
world_model_cem,44,275,-284.16342256119066
world_model_cem,44,276,-289.85288375181807
world_model_cem,44,277,-281.69393216698666
world_model_cem,44,278,-287.24131471080966
world_model_cem,44,279,-288.9564546781909
world_model_cem,44,280,-283.07437195939156
world_model_cem,44,281,-280.64602703229133
world_model_cem,44,282,-280.67794609601674
world_model_cem,44,283,-276.3992405374828
world_model_cem,44,284,-287.392955205544
world_model_cem,44,285,-273.10135219766704
world_model_cem,44,286,-283.5618719359353
world_model_cem,44,287,-273.8190277656256
world_model_cem,44,288,-285.76080406587425
world_model_cem,44,289,-290.78461343807226
world_model_cem,44,290,-281.24100266348654
world_model_cem,44,291,-289.1764172754732
world_model_cem,44,292,-288.6007098507731
world_model_cem,44,293,-292.4283824616463
world_model_cem,44,294,-281.44340097969115
world_model_cem,44,295,-284.1922416084739
world_model_cem,44,296,-293.59223501641475
world_model_cem,44,297,-286.09098728466614
world_model_cem,44,298,-282.21595723706326
world_model_cem,44,299,-291.371086296722
world_model_cem,44,300,-286.24237523956225
world_model_cem,44,301,-287.4234006040084
world_model_cem,44,302,-290.7747908287934
world_model_cem,44,303,-287.4162866038505
world_model_cem,44,304,-291.7859562795097
world_model_cem,44,305,-284.0360281716723
world_model_cem,44,306,-283.6231320397327
world_model_cem,44,307,-290.50494803335744
world_model_cem,44,308,-289.87721622313467
world_model_cem,44,309,-284.5086056173813
world_model_cem,44,310,-289.46316935701503
world_model_cem,44,311,-291.90656082513067
world_model_cem,44,312,-282.3200874551318
world_model_cem,44,313,-287.40565879414925
world_model_cem,44,314,-289.6078734076001
world_model_cem,44,315,-289.92682399737896
world_model_cem,44,316,-283.89021322950754
world_model_cem,44,317,-279.11593130950615
world_model_cem,44,318,-284.9211094901913
world_model_cem,44,319,-279.35216491088465
world_model_cem,44,320,-283.68656188576347
world_model_cem,44,321,-278.5286264365529
world_model_cem,44,322,-288.26608831157256
world_model_cem,44,323,-285.6654830001987
world_model_cem,44,324,-292.35599959924343
world_model_cem,44,325,-285.30238418996214
world_model_cem,44,326,-279.983353268491
world_model_cem,44,327,-286.2527922734834
world_model_cem,44,328,-284.2493926926798
world_model_cem,44,329,-285.76165598180745
world_model_cem,44,330,-288.4987345969103
world_model_cem,44,331,-286.8305346142481
world_model_cem,44,332,-291.10309712196596
world_model_cem,44,333,-286.1852957327756
world_model_cem,44,334,-281.1908253409808
world_model_cem,44,335,-284.76477689747736
world_model_cem,44,336,-281.93621782706214
world_model_cem,44,337,-279.1736969993982
world_model_cem,44,338,-285.6793627122491
world_model_cem,44,339,-283.97994387699987
world_model_cem,44,340,-285.9675082724067
world_model_cem,44,341,-292.1969282359348
world_model_cem,44,342,-288.4322182298123
world_model_cem,44,343,-289.53181332766826
world_model_cem,44,344,-290.7161794418739
world_model_cem,44,345,-284.48068900026607
world_model_cem,44,346,-290.78079782104334
world_model_cem,44,347,-292.55271322886415
world_model_cem,44,348,-293.85914396529165
world_model_cem,44,349,-287.8035562141151
world_model_cem,44,350,-285.1055634714989
world_model_cem,44,351,-269.8001528483183
world_model_cem,44,352,-278.5564261333951
world_model_cem,44,353,-288.8026490153702
world_model_cem,44,354,-281.1482533073869
world_model_cem,44,355,-287.58276473654723
world_model_cem,44,356,-290.7089114538604
world_model_cem,44,357,-289.0373270754721
world_model_cem,44,358,-288.15757321014587
world_model_cem,44,359,-283.70586564684766
world_model_cem,44,360,-283.60308897312143
world_model_cem,44,361,-287.4064545514691
world_model_cem,44,362,-281.0714634024588
world_model_cem,44,363,-287.8301863385241
world_model_cem,44,364,-288.5766413567174
world_model_cem,44,365,-275.43472601882513
world_model_cem,44,366,-279.15720634660056
world_model_cem,44,367,-281.5876609488465
world_model_cem,44,368,-284.75223324709816
world_model_cem,44,369,-290.849350834402
world_model_cem,44,370,-279.573312822651
world_model_cem,44,371,-279.7720266062169
world_model_cem,44,372,-282.5813164007061
world_model_cem,44,373,-283.6560085994301
world_model_cem,44,374,-281.9501806417559
world_model_cem,44,375,-281.3448497468969
world_model_cem,44,376,-285.4544504106046
world_model_cem,44,377,-284.26103090837944
world_model_cem,44,378,-277.4102903601565
world_model_cem,44,379,-276.52890612086674
world_model_cem,44,380,-288.55761365245246
world_model_cem,44,381,-290.4452922221385
world_model_cem,44,382,-276.12201957016293
world_model_cem,44,383,-284.61819809814295
world_model_cem,44,384,-291.3942017947408
world_model_cem,44,385,-291.7722855883106
world_model_cem,44,386,-291.4944921464156
world_model_cem,44,387,-288.8775788070791
world_model_cem,44,388,-284.6210563466185
world_model_cem,44,389,-268.98384648342136
world_model_cem,44,390,-288.6554533509641
world_model_cem,44,391,-289.445279982323
world_model_cem,44,392,-279.1945343080745
world_model_cem,44,393,-278.2697299740263
world_model_cem,44,394,-282.19537276340515
world_model_cem,44,395,-286.3871365518988
world_model_cem,44,396,-283.8180535194624
world_model_cem,44,397,-279.19712814590576
world_model_cem,44,398,-278.73409633813566
world_model_cem,44,399,-287.372585557801
world_model_cem,44,400,-281.84490679748484
world_model_cem,44,401,-286.4108689250974
world_model_cem,44,402,-275.70156565030663
world_model_cem,44,403,-284.245167502092
world_model_cem,44,404,-288.11937964905354
world_model_cem,44,405,-291.9074967886862
world_model_cem,44,406,-279.50784219306814
world_model_cem,44,407,-285.8200077606564
world_model_cem,44,408,-290.9545066030465
world_model_cem,44,409,-293.50783917740966
world_model_cem,44,410,-287.51969086357445
world_model_cem,44,411,-287.50809867688326
world_model_cem,44,412,-276.33700892853875
world_model_cem,44,413,-288.2528896044165
world_model_cem,44,414,-285.8401837260489
world_model_cem,44,415,-278.82670145671773
world_model_cem,44,416,-289.0276414357718
world_model_cem,44,417,-290.90040508933663
world_model_cem,44,418,-288.658085000576
world_model_cem,44,419,-283.8590461403652
world_model_cem,44,420,-274.08617490118695
world_model_cem,44,421,-288.26020419112695
world_model_cem,44,422,-268.60779137265496
world_model_cem,44,423,-287.86991175440386
world_model_cem,44,424,-284.0787012429782
world_model_cem,44,425,-281.11076912051305
world_model_cem,44,426,-284.4604287294075
world_model_cem,44,427,-272.47909071644625
world_model_cem,44,428,-286.88585808406555
world_model_cem,44,429,-277.19659561562696
world_model_cem,44,430,-289.2931673568954
world_model_cem,44,431,-286.15789187162915
world_model_cem,44,432,-281.58769465199293
world_model_cem,44,433,-285.4366397505257
world_model_cem,44,434,-281.76513728651133
world_model_cem,44,435,-271.31413352855486
world_model_cem,44,436,-286.99479217123564
world_model_cem,44,437,-279.8511344700026
world_model_cem,44,438,-281.4563104535929
world_model_cem,44,439,-290.76472089613196
world_model_cem,44,440,-282.3542946330655
world_model_cem,44,441,-290.11600996255856
world_model_cem,44,442,-283.39257538946686
world_model_cem,44,443,-293.76126949922383
world_model_cem,44,444,-285.46738197535433
world_model_cem,44,445,-279.0970784768067
world_model_cem,44,446,-288.4090956598807
world_model_cem,44,447,-286.5256140347254
world_model_cem,44,448,-287.7719636700242
world_model_cem,44,449,-290.4562729365685
world_model_cem,44,450,-279.75575736157975
world_model_cem,44,451,-288.6290333437152
world_model_cem,44,452,-283.4369659159427
world_model_cem,44,453,-284.6467112264044
world_model_cem,44,454,-286.7834293263096
world_model_cem,44,455,-274.14692211669177
world_model_cem,44,456,-284.87505885932984
world_model_cem,44,457,-278.87279488983734
world_model_cem,44,458,-285.0274609227763
world_model_cem,44,459,-287.97421908422433
world_model_cem,44,460,-281.70437973306423
world_model_cem,44,461,-291.8114027442788
world_model_cem,44,462,-282.02032021202695
world_model_cem,44,463,-286.8596443103315
world_model_cem,44,464,-295.02051134562475
world_model_cem,44,465,-285.49673309260794
world_model_cem,44,466,-284.0342050077892
world_model_cem,44,467,-288.9471680283072
world_model_cem,44,468,-280.66301082272435
world_model_cem,44,469,-286.19169661158327
world_model_cem,44,470,-285.86528832110514
world_model_cem,44,471,-293.26009936171477
world_model_cem,44,472,-285.94982575022783
world_model_cem,44,473,-290.0067382838578
world_model_cem,44,474,-285.489660241508
world_model_cem,44,475,-287.0063614388583
world_model_cem,44,476,-275.5496266977622
world_model_cem,44,477,-288.3048771231298
world_model_cem,44,478,-290.7665285379751
world_model_cem,44,479,-290.75605307522477
world_model_cem,44,480,-275.00140770949344
world_model_cem,44,481,-282.4898236706509
world_model_cem,44,482,-287.370221887512
world_model_cem,44,483,-284.50318383223896
world_model_cem,44,484,-270.1324071723037
world_model_cem,44,485,-286.3213206557616
world_model_cem,44,486,-277.540510945287
world_model_cem,44,487,-281.9418161648827
world_model_cem,44,488,-284.39000495704926
world_model_cem,44,489,-285.6877191255313
world_model_cem,44,490,-280.8882019621649
world_model_cem,44,491,-288.3262230721993
world_model_cem,44,492,-285.9034157165538
world_model_cem,44,493,-278.88221910208335
world_model_cem,44,494,-287.1629827122575
world_model_cem,44,495,-284.6718831097197
world_model_cem,44,496,-278.900629510338
world_model_cem,44,497,-290.46384633901914
world_model_cem,44,498,-286.86822653638535
world_model_cem,44,499,-289.36933558241026
world_model_cem,44,500,-281.16539975401554
world_model_cem,44,501,-287.6576952679227
world_model_cem,44,502,-292.1057048362558
world_model_cem,44,503,-284.0014400184865
world_model_cem,44,504,-291.2707561415614
world_model_cem,44,505,-286.3336264024848
world_model_cem,44,506,-278.84641945452944
world_model_cem,44,507,-287.2048660803209
world_model_cem,44,508,-282.5421872215047
world_model_cem,44,509,-287.63794291926985
world_model_cem,44,510,-285.0201441920084
world_model_cem,44,511,-282.8156459383388
world_model_cem,44,512,-285.6087796001544
world_model_cem,44,513,-280.4659821304394
world_model_cem,44,514,-287.8544035533217
world_model_cem,44,515,-290.75154036874494
world_model_cem,44,516,-279.7588916560024
world_model_cem,44,517,-278.8032975222963
world_model_cem,44,518,-289.678210536239
world_model_cem,44,519,-276.79902542542806
world_model_cem,44,520,-288.61499485028287
world_model_cem,44,521,-284.0862995258856
world_model_cem,44,522,-286.2040607116272
world_model_cem,44,523,-294.2902473208932
world_model_cem,44,524,-287.317407222163
world_model_cem,44,525,-294.762205053686
world_model_cem,44,526,-285.8625404203891
world_model_cem,44,527,-287.748739923209
world_model_cem,44,528,-292.6636454152949
world_model_cem,44,529,-279.1731401194771
world_model_cem,44,530,-287.15700953045234
world_model_cem,44,531,-287.9260988325889
world_model_cem,44,532,-291.80119820842117
world_model_cem,44,533,-277.51629836867613
world_model_cem,44,534,-281.3440311915016
world_model_cem,44,535,-279.9996424522297
world_model_cem,44,536,-284.2598341298058
world_model_cem,44,537,-283.1924194766628
world_model_cem,44,538,-292.170311288898
world_model_cem,44,539,-282.2167699169649
world_model_cem,44,540,-290.35216085617327
world_model_cem,44,541,-280.320160754378
world_model_cem,44,542,-280.241822918868
world_model_cem,44,543,-271.52278149015103
world_model_cem,44,544,-284.02917371409706
world_model_cem,44,545,-293.0790119184355
world_model_cem,44,546,-292.7141899217865
world_model_cem,44,547,-286.6565306888609
world_model_cem,44,548,-287.95565343813394
world_model_cem,44,549,-288.4256197022361
world_model_cem,44,550,-285.60862265193344
world_model_cem,44,551,-278.06731058695084
world_model_cem,44,552,-282.5917037336786
world_model_cem,44,553,-279.00502779502654
world_model_cem,44,554,-285.3625483562325
world_model_cem,44,555,-289.2832432260316
world_model_cem,44,556,-287.2870219290111
world_model_cem,44,557,-281.21585623219033
world_model_cem,44,558,-288.28956679248756
world_model_cem,44,559,-284.61720839221795
world_model_cem,44,560,-282.62294092116264
world_model_cem,44,561,-285.42777731254364
world_model_cem,44,562,-284.2163318088277
world_model_cem,44,563,-281.5256827691363
world_model_cem,44,564,-281.9839032277889
world_model_cem,44,565,-282.9811168181965
world_model_cem,44,566,-279.8501602886818
world_model_cem,44,567,-287.6113555987526
world_model_cem,44,568,-288.4038747974598
world_model_cem,44,569,-283.5554853543013
world_model_cem,44,570,-284.0023540521334
world_model_cem,44,571,-286.5177420916815
world_model_cem,44,572,-288.0448490112354
world_model_cem,44,573,-296.497026211664
world_model_cem,44,574,-291.42418108928155
world_model_cem,44,575,-291.9037318208975
world_model_cem,44,576,-290.8328650861573
world_model_cem,44,577,-291.5013238773657
world_model_cem,44,578,-283.8129104768719
world_model_cem,44,579,-281.7458295291452
world_model_cem,44,580,-295.3212104186876
world_model_cem,44,581,-283.7760617382924
world_model_cem,44,582,-282.6554631236545
world_model_cem,44,583,-283.2671756114688
world_model_cem,44,584,-283.7289899637532
world_model_cem,44,585,-280.4741221700264
world_model_cem,44,586,-279.55960821576076
world_model_cem,44,587,-276.51305505911137
world_model_cem,44,588,-281.50861016171876
world_model_cem,44,589,-293.97325531396325
world_model_cem,44,590,-287.24469654612153
world_model_cem,44,591,-283.6544220249764
world_model_cem,44,592,-294.8584614459229
world_model_cem,44,593,-291.6887868355391
world_model_cem,44,594,-294.6223637054925
world_model_cem,44,595,-299.0043355982913
world_model_cem,44,596,-297.09666658372424
world_model_cem,44,597,-286.0855355529617
world_model_cem,44,598,-291.15362598593634
world_model_cem,44,599,-287.12029296310334
world_model_cem,44,600,-295.67503365797774
world_model_cem,44,601,-297.2521360748139
world_model_cem,44,602,-291.03940488720104
world_model_cem,44,603,-282.6594147728844
world_model_cem,44,604,-275.64887955005923
world_model_cem,44,605,-286.3391180910751
world_model_cem,44,606,-282.36797706218795
world_model_cem,44,607,-285.9608749127102
world_model_cem,44,608,-288.3289966514169
world_model_cem,44,609,-290.77347153530667
world_model_cem,44,610,-281.79807373412547
world_model_cem,44,611,-284.9616603063866
world_model_cem,44,612,-289.51751705386243
world_model_cem,44,613,-284.42428902393783
world_model_cem,44,614,-287.52271109921253
world_model_cem,44,615,-283.6373605618482
world_model_cem,44,616,-286.62782258414296
world_model_cem,44,617,-285.3449540420968
world_model_cem,44,618,-280.98949601941877
world_model_cem,44,619,-285.1294387416749
world_model_cem,44,620,-287.24948135936285
world_model_cem,44,621,-274.1704050048376
world_model_cem,44,622,-286.6098570033936
world_model_cem,44,623,-293.1670586092719
world_model_cem,44,624,-288.93336108702806
world_model_cem,44,625,-287.72657826579723
world_model_cem,44,626,-286.00639534174377
world_model_cem,44,627,-295.60491563878054
world_model_cem,44,628,-293.1449802829153
world_model_cem,44,629,-282.5929257450548
world_model_cem,44,630,-297.47559452074523
world_model_cem,44,631,-284.6882593588811
world_model_cem,44,632,-293.0799801365814
world_model_cem,44,633,-283.05131768591633
world_model_cem,44,634,-291.64651376379834
world_model_cem,44,635,-281.0991054164465
world_model_cem,44,636,-277.53780624128603
world_model_cem,44,637,-291.9093944836589
world_model_cem,44,638,-285.25635952597975
world_model_cem,44,639,-288.1411422795697
world_model_cem,44,640,-282.1240553302518
world_model_cem,44,641,-280.3087157395713
world_model_cem,44,642,-278.4161737701696
world_model_cem,44,643,-288.1304432932111
world_model_cem,44,644,-287.139593311893
world_model_cem,44,645,-285.5199638490875
world_model_cem,44,646,-264.54929559049583
world_model_cem,44,647,-282.62345416724816
world_model_cem,44,648,-287.94405817219285
world_model_cem,44,649,-285.0427540347023
world_model_cem,44,650,-290.1513167237326
world_model_cem,44,651,-265.95671981995145
world_model_cem,44,652,-282.4641584462661
world_model_cem,44,653,-291.1928196840394
world_model_cem,44,654,-287.5967439493828
world_model_cem,44,655,-293.7727707569257
world_model_cem,44,656,-287.546867245121
world_model_cem,44,657,-288.5009958062782
world_model_cem,44,658,-291.952357364737
world_model_cem,44,659,-285.8635614761945
world_model_cem,44,660,-289.58621237171883
world_model_cem,44,661,-285.78764366025973
world_model_cem,44,662,-279.45085429227476
world_model_cem,44,663,-286.0026901682453
world_model_cem,44,664,-278.2275429096018
world_model_cem,44,665,-283.34714356844097
world_model_cem,44,666,-284.0725930511837
world_model_cem,44,667,-288.78931579253185
world_model_cem,44,668,-280.03350531434876
world_model_cem,44,669,-276.9174239350301
world_model_cem,44,670,-280.2976622752761
world_model_cem,44,671,-283.81595344923005
world_model_cem,44,672,-285.1222800542562
world_model_cem,44,673,-280.7060742395083
world_model_cem,44,674,-283.4696489164193
world_model_cem,44,675,-286.53629965044536
world_model_cem,44,676,-291.41359326861027
world_model_cem,44,677,-286.5564506419811
world_model_cem,44,678,-278.2700647181922
world_model_cem,44,679,-289.41099711794226
world_model_cem,44,680,-293.4082792570746
world_model_cem,44,681,-292.3762841765112
world_model_cem,44,682,-289.5432372044248
world_model_cem,44,683,-291.2450584800284
world_model_cem,44,684,-285.19134960230224
world_model_cem,44,685,-279.286825464795
world_model_cem,44,686,-291.82734478901324
world_model_cem,44,687,-290.6769918461682
world_model_cem,44,688,-287.78673661407936
world_model_cem,44,689,-280.99702923507584
world_model_cem,44,690,-281.42540628414963
world_model_cem,44,691,-279.850315988484
world_model_cem,44,692,-289.00663968007643
world_model_cem,44,693,-287.92198010330696
world_model_cem,44,694,-283.5781804086603
world_model_cem,44,695,-284.4401966421441
world_model_cem,44,696,-283.89791458435485
world_model_cem,44,697,-286.18725100119383
world_model_cem,44,698,-287.86119956032445
world_model_cem,44,699,-285.69494367973635
world_model_cem,44,700,-281.8536241128244
world_model_cem,44,701,-280.2621405025744
world_model_cem,44,702,-290.1302913871558
world_model_cem,44,703,-286.5516565507037
world_model_cem,44,704,-271.54089887499714
world_model_cem,44,705,-289.4177040371243
world_model_cem,44,706,-288.2443246439142
world_model_cem,44,707,-285.34140003781704
world_model_cem,44,708,-294.33604165313056
world_model_cem,44,709,-292.76173964105413
world_model_cem,44,710,-290.37437535198
world_model_cem,44,711,-288.37983909050286
world_model_cem,44,712,-282.2081730168109
world_model_cem,44,713,-288.6426299766581
world_model_cem,44,714,-287.1229481394482
world_model_cem,44,715,-284.1809476558795
world_model_cem,44,716,-274.79294907482625
world_model_cem,44,717,-292.53314181564195
world_model_cem,44,718,-289.9912108499705
world_model_cem,44,719,-275.7599306582125
world_model_cem,44,720,-287.0702222174754
world_model_cem,44,721,-286.3921821379615
world_model_cem,44,722,-278.54708927830563
world_model_cem,44,723,-279.280367362432
world_model_cem,44,724,-282.66510519401317
world_model_cem,44,725,-280.882548487463
world_model_cem,44,726,-285.5660347130301
world_model_cem,44,727,-288.42686567075566
world_model_cem,44,728,-279.99276096351446
world_model_cem,44,729,-288.0629402781941
world_model_cem,44,730,-282.82530462447363
world_model_cem,44,731,-290.97873443186097
world_model_cem,44,732,-281.78724411332513
world_model_cem,44,733,-273.6466882994884
world_model_cem,44,734,-287.8343752432777
world_model_cem,44,735,-286.3361166859347
world_model_cem,44,736,-286.88552637987675
world_model_cem,44,737,-279.1350241769858
world_model_cem,44,738,-283.06181797759234
world_model_cem,44,739,-288.5269875683193
world_model_cem,44,740,-292.6874564451146
world_model_cem,44,741,-286.11298052918374
world_model_cem,44,742,-285.65596621760164
world_model_cem,44,743,-278.8971457280737
world_model_cem,44,744,-288.10394451747777
world_model_cem,44,745,-292.8257679671837
world_model_cem,44,746,-275.31896271001017
world_model_cem,44,747,-291.27371288478196
world_model_cem,44,748,-293.1662489746425
world_model_cem,44,749,-289.2542975660982
world_model_cem,44,750,-287.0479493605207
world_model_cem,44,751,-286.894719400141
world_model_cem,44,752,-286.0758444133977
world_model_cem,44,753,-267.6883928410556
world_model_cem,44,754,-281.6444623597299
world_model_cem,44,755,-287.8363785040614
world_model_cem,44,756,-282.8238197561164
world_model_cem,44,757,-280.78207896758994
world_model_cem,44,758,-279.8393708331602
world_model_cem,44,759,-284.1504381661124
world_model_cem,44,760,-292.21923597506526
world_model_cem,44,761,-285.5497437594845
world_model_cem,44,762,-292.1708970843389
world_model_cem,44,763,-284.2667134508734
world_model_cem,44,764,-289.0921233458615
world_model_cem,44,765,-278.2206609852982
world_model_cem,44,766,-284.9157132491354
world_model_cem,44,767,-286.3103460875342
world_model_cem,44,768,-287.9020545550747
world_model_cem,44,769,-283.5897903297459
world_model_cem,44,770,-288.82766664004964
world_model_cem,44,771,-286.8711060520285
world_model_cem,44,772,-289.4931526997479
world_model_cem,44,773,-284.62886171108846
world_model_cem,44,774,-285.1327082746261
world_model_cem,44,775,-289.429871770959
world_model_cem,44,776,-286.5850319675713
world_model_cem,44,777,-278.55456404021453
world_model_cem,44,778,-279.62897515223005
world_model_cem,44,779,-280.12944025645226
world_model_cem,44,780,-285.21790941388326
world_model_cem,44,781,-285.07728126003707
world_model_cem,44,782,-277.3993829822364
world_model_cem,44,783,-291.5927498287652
world_model_cem,44,784,-288.2749748018485
world_model_cem,44,785,-283.50718459239374
world_model_cem,44,786,-289.0450621704915
world_model_cem,44,787,-291.59508536487186
world_model_cem,44,788,-284.34912330333816
world_model_cem,44,789,-290.0100155310432
world_model_cem,44,790,-289.4110008581324
world_model_cem,44,791,-288.4133000233714
world_model_cem,44,792,-286.5264445374435
world_model_cem,44,793,-283.1772974258985
world_model_cem,44,794,-286.31103977138287
world_model_cem,44,795,-287.76579496689783
world_model_cem,44,796,-287.01852592580343
world_model_cem,44,797,-290.00600061435523
world_model_cem,44,798,-283.812402191703
world_model_cem,44,799,-293.97087904817806
world_model_cem,44,800,-289.6767246699463
world_model_cem,44,801,-279.93784528955007
world_model_cem,44,802,-291.5565655034722
world_model_cem,44,803,-293.61210866276735
world_model_cem,44,804,-298.6144550044876
world_model_cem,44,805,-288.5072085503352
world_model_cem,44,806,-289.1136379092697
world_model_cem,44,807,-277.19402470622344
world_model_cem,44,808,-285.6775355463392
world_model_cem,44,809,-292.48398665375885
world_model_cem,44,810,-288.5182630167549
world_model_cem,44,811,-281.2747376614114
world_model_cem,44,812,-292.46691519242285
world_model_cem,44,813,-286.2153878468895
world_model_cem,44,814,-288.5205881009014
world_model_cem,44,815,-290.93757133962623
world_model_cem,44,816,-281.87985641352265
world_model_cem,44,817,-292.81634230014015
world_model_cem,44,818,-282.17951047685784
world_model_cem,44,819,-296.7784201894214
world_model_cem,44,820,-286.7298016457654
world_model_cem,44,821,-289.88779543838893
world_model_cem,44,822,-284.56016389405073
world_model_cem,44,823,-289.4849916328367
world_model_cem,44,824,-292.0606916650908
world_model_cem,44,825,-289.7904762091046
world_model_cem,44,826,-284.35865424365807
world_model_cem,44,827,-280.26147668235757
world_model_cem,44,828,-286.75437052706064
world_model_cem,44,829,-283.24025085537403
world_model_cem,44,830,-285.80257561604884
world_model_cem,44,831,-285.2902150611917
world_model_cem,44,832,-283.62286553279216
world_model_cem,44,833,-290.7414645746376
world_model_cem,44,834,-279.2301727434095
world_model_cem,44,835,-289.2199421837838
world_model_cem,44,836,-292.75043631759036
world_model_cem,44,837,-282.4201798249985
world_model_cem,44,838,-279.2315795908471
world_model_cem,44,839,-278.35190349878656
world_model_cem,44,840,-284.5322245384257
world_model_cem,44,841,-284.9089401260684
world_model_cem,44,842,-287.5297225618757
world_model_cem,44,843,-288.57306725264044
world_model_cem,44,844,-277.7236580095149
world_model_cem,44,845,-290.7441123437625
world_model_cem,44,846,-280.8787467419013
world_model_cem,44,847,-284.36270345022007
world_model_cem,44,848,-280.66832838686656
world_model_cem,44,849,-294.42835832216537
world_model_cem,44,850,-293.5985873945311
world_model_cem,44,851,-278.5572098180028
world_model_cem,44,852,-286.7516805496192
world_model_cem,44,853,-287.97596998154563
world_model_cem,44,854,-287.3419831931116
world_model_cem,44,855,-293.65960271189925
world_model_cem,44,856,-282.4340973619755
world_model_cem,44,857,-289.3142171577699
world_model_cem,44,858,-282.0952506513928
world_model_cem,44,859,-288.5884626023974
world_model_cem,44,860,-294.2137776656699
world_model_cem,44,861,-289.92469180003155
world_model_cem,44,862,-286.27284572335645
world_model_cem,44,863,-278.7011408008591
world_model_cem,44,864,-291.1102263685943
world_model_cem,44,865,-286.9749673917564
world_model_cem,44,866,-281.53296392118773
world_model_cem,44,867,-289.2961109568291
world_model_cem,44,868,-282.00662802506514
world_model_cem,44,869,-282.9425052846811
world_model_cem,44,870,-289.7236507859701
world_model_cem,44,871,-283.84903210190924
world_model_cem,44,872,-284.584844661616
world_model_cem,44,873,-280.3667927589414
world_model_cem,44,874,-291.30571224596406
world_model_cem,44,875,-286.9767254853501
world_model_cem,44,876,-280.6402627337459
world_model_cem,44,877,-288.9368026383538
world_model_cem,44,878,-284.2044939649004
world_model_cem,44,879,-290.9553741586197
world_model_cem,44,880,-294.0285396489195
world_model_cem,44,881,-283.4395376567365
world_model_cem,44,882,-280.17946260099797
world_model_cem,44,883,-286.97060484665525
world_model_cem,44,884,-287.7692680872584
world_model_cem,44,885,-280.36862837822696
world_model_cem,44,886,-278.3613178918771
world_model_cem,44,887,-283.32448175488224
world_model_cem,44,888,-289.97001326484167
world_model_cem,44,889,-289.25574994401353
world_model_cem,44,890,-287.3945001316387
world_model_cem,44,891,-281.99254207277994
world_model_cem,44,892,-292.8660547665328
world_model_cem,44,893,-287.4324916705201
world_model_cem,44,894,-291.40784960182026
world_model_cem,44,895,-288.2158353563257
world_model_cem,44,896,-290.6937003430934
world_model_cem,44,897,-294.714302092142
world_model_cem,44,898,-293.04034839359826
world_model_cem,44,899,-284.3574742372413
world_model_cem,44,900,-289.3631188646967
world_model_cem,44,901,-286.70208131157034
world_model_cem,44,902,-287.7388660877505
world_model_cem,44,903,-279.18083928199644
world_model_cem,44,904,-290.2876195409724
world_model_cem,44,905,-293.20212649330836
world_model_cem,44,906,-291.2873432016659
world_model_cem,44,907,-292.73460768547073
world_model_cem,44,908,-292.2424221421914
world_model_cem,44,909,-285.28130188532145
world_model_cem,44,910,-286.86940629604373
world_model_cem,44,911,-290.8015518185048
world_model_cem,44,912,-286.7802321744389
world_model_cem,44,913,-288.09530267164695
world_model_cem,44,914,-282.4852406959749
world_model_cem,44,915,-272.16189965327123
world_model_cem,44,916,-291.0757100369207
world_model_cem,44,917,-289.5373001846213
world_model_cem,44,918,-286.83301010523587
world_model_cem,44,919,-280.57264980296543
world_model_cem,44,920,-287.1196507655548
world_model_cem,44,921,-283.1473193563279
world_model_cem,44,922,-280.1598314888797
world_model_cem,44,923,-292.01488645055576
world_model_cem,44,924,-286.82784075692985
world_model_cem,44,925,-290.0632674904741
world_model_cem,44,926,-290.06196270755515
world_model_cem,44,927,-281.9305759204996
world_model_cem,44,928,-289.0846608547462
world_model_cem,44,929,-283.016924144628
world_model_cem,44,930,-291.2701618004146
world_model_cem,44,931,-283.68069300426316
world_model_cem,44,932,-290.97204100293084
world_model_cem,44,933,-283.81894414643676
world_model_cem,44,934,-283.36569648104705
world_model_cem,44,935,-291.25367523734394
world_model_cem,44,936,-295.83402413947925
world_model_cem,44,937,-291.76586970091705
world_model_cem,44,938,-295.4932841385733
world_model_cem,44,939,-289.98467147299965
world_model_cem,44,940,-281.3323723172639
world_model_cem,44,941,-282.9000509286054
world_model_cem,44,942,-278.7154790089925
world_model_cem,44,943,-289.9135907461358
world_model_cem,44,944,-278.17420190477446
world_model_cem,44,945,-287.35835223169516
world_model_cem,44,946,-283.06309835974935
world_model_cem,44,947,-282.9770060225387
world_model_cem,44,948,-282.28086069473034
world_model_cem,44,949,-291.9699383531589
world_model_cem,44,950,-288.79590353019034
world_model_cem,44,951,-291.03416570478265
world_model_cem,44,952,-286.191997242212
world_model_cem,44,953,-285.60345220180653
world_model_cem,44,954,-276.10519164843066
world_model_cem,44,955,-281.0143861976422
world_model_cem,44,956,-288.69679381186955
world_model_cem,44,957,-282.0006741866754
world_model_cem,44,958,-294.9922660457584
world_model_cem,44,959,-288.1005172748172
world_model_cem,44,960,-294.93884339231965
world_model_cem,44,961,-286.04099730635016
world_model_cem,44,962,-285.5127665439058
world_model_cem,44,963,-295.23502321462144
world_model_cem,44,964,-282.6665029654466
world_model_cem,44,965,-285.5481691838138
world_model_cem,44,966,-292.11512362870354
world_model_cem,44,967,-296.75649844188365
world_model_cem,44,968,-287.19212182851675
world_model_cem,44,969,-289.5902255579934
world_model_cem,44,970,-289.7382238885204
world_model_cem,44,971,-275.84324074823576
world_model_cem,44,972,-292.2792616188026
world_model_cem,44,973,-287.1587656048935
world_model_cem,44,974,-279.15512953717075
world_model_cem,44,975,-279.8060650812877
world_model_cem,44,976,-285.4256174461121
world_model_cem,44,977,-281.7344877375661
world_model_cem,44,978,-281.18690161001814
world_model_cem,44,979,-280.6504578931267
world_model_cem,44,980,-286.34037413887444
world_model_cem,44,981,-285.5984726168025
world_model_cem,44,982,-285.0246609182612
world_model_cem,44,983,-284.98575430208786
world_model_cem,44,984,-296.798299303514
world_model_cem,44,985,-285.08710755596996
world_model_cem,44,986,-290.23776641211526
world_model_cem,44,987,-288.5345743805625
world_model_cem,44,988,-282.0652758115434
world_model_cem,44,989,-288.91370206486454
world_model_cem,44,990,-284.0326277604911
world_model_cem,44,991,-286.4293330352584
world_model_cem,44,992,-288.1980475192181
world_model_cem,44,993,-282.8350020210478
world_model_cem,44,994,-293.3411219980069
world_model_cem,44,995,-292.0275327395975
world_model_cem,44,996,-274.60062685973185
world_model_cem,44,997,-281.59589221023293
world_model_cem,44,998,-281.37306489719134
world_model_cem,44,999,-279.0582238403778
world_model_cem,44,1000,-289.25748467730455
world_model_cem,45,1,-191.86650920412535
world_model_cem,45,2,-194.03760236194296
world_model_cem,45,3,-201.05102779513828
world_model_cem,45,4,-185.563179578718
world_model_cem,45,5,-193.20583773096808
world_model_cem,45,6,-190.39145459086888
world_model_cem,45,7,-197.91132192386596
world_model_cem,45,8,-180.00657697271686
world_model_cem,45,9,-179.7033096612997
world_model_cem,45,10,-189.87747498395663
world_model_cem,45,11,-219.38487043006103
world_model_cem,45,12,-201.80620386924073
world_model_cem,45,13,-193.49384099333582
world_model_cem,45,14,-224.1546939958767
world_model_cem,45,15,-193.4997354252945
world_model_cem,45,16,-208.0128857557718
world_model_cem,45,17,-255.66352166163406
world_model_cem,45,18,-233.37959250121355
world_model_cem,45,19,-244.81249323143908
world_model_cem,45,20,-241.06887961622226
world_model_cem,45,21,-271.90218534293587
world_model_cem,45,22,-235.90025875131664
world_model_cem,45,23,-279.56770348670045
world_model_cem,45,24,-271.37625946779144
world_model_cem,45,25,-291.15989634729715
world_model_cem,45,26,-229.8935426944878
world_model_cem,45,27,-214.53575425251324
world_model_cem,45,28,-266.2282548420476
world_model_cem,45,29,-209.1027223460278
world_model_cem,45,30,-258.1313594409843
world_model_cem,45,31,-231.0468343788022
world_model_cem,45,32,-200.93903583268053
world_model_cem,45,33,-223.840246866188
world_model_cem,45,34,-205.74976761960147
world_model_cem,45,35,-199.5908834334806
world_model_cem,45,36,-225.2883070561507
world_model_cem,45,37,-237.61936369140443
world_model_cem,45,38,-205.015186181636
world_model_cem,45,39,-211.9887727100002
world_model_cem,45,40,-211.6324841424663
world_model_cem,45,41,-250.93177926534696
world_model_cem,45,42,-246.29736586798145
world_model_cem,45,43,-233.23938648288947
world_model_cem,45,44,-241.48847677072433
world_model_cem,45,45,-279.4523566122981
world_model_cem,45,46,-236.61124377433165
world_model_cem,45,47,-228.38401336079477
world_model_cem,45,48,-236.52333296365947
world_model_cem,45,49,-266.2883352011307
world_model_cem,45,50,-257.4762116981599
world_model_cem,45,51,-254.63923106196034
world_model_cem,45,52,-265.15080351395363
world_model_cem,45,53,-254.74941826088053
world_model_cem,45,54,-245.38309176608266
world_model_cem,45,55,-299.48125003141377
world_model_cem,45,56,-255.93871295617265
world_model_cem,45,57,-268.7153112118217
world_model_cem,45,58,-230.64266736331354
world_model_cem,45,59,-237.98380187160888
world_model_cem,45,60,-263.1304167694134
world_model_cem,45,61,-242.43453752701794
world_model_cem,45,62,-283.7629891113122
world_model_cem,45,63,-233.06919986131913
world_model_cem,45,64,-275.3322645048295
world_model_cem,45,65,-242.77968800976385
world_model_cem,45,66,-237.52629487593322
world_model_cem,45,67,-266.4953389132534
world_model_cem,45,68,-265.59043750256217
world_model_cem,45,69,-230.35466775439937
world_model_cem,45,70,-235.24415351507017
world_model_cem,45,71,-246.23305325966646
world_model_cem,45,72,-245.0740716105093
world_model_cem,45,73,-249.03187230264186
world_model_cem,45,74,-266.77270804101425
world_model_cem,45,75,-257.4724628798636
world_model_cem,45,76,-271.8470052470968
world_model_cem,45,77,-267.61262970319154
world_model_cem,45,78,-264.6977499320454
world_model_cem,45,79,-307.42861751449084
world_model_cem,45,80,-275.1948737506323
world_model_cem,45,81,-272.73871261994424
world_model_cem,45,82,-320.4566477143462
world_model_cem,45,83,-296.5555420638044
world_model_cem,45,84,-322.58697423315914
world_model_cem,45,85,-288.80259724489423
world_model_cem,45,86,-320.4236008510811
world_model_cem,45,87,-271.3889713814019
world_model_cem,45,88,-286.672104965897
world_model_cem,45,89,-284.09211207854844
world_model_cem,45,90,-298.07031051832706
world_model_cem,45,91,-326.008546510492
world_model_cem,45,92,-347.94580806928695
world_model_cem,45,93,-265.762352276001
world_model_cem,45,94,-291.70719402953887
world_model_cem,45,95,-291.6980274725905
world_model_cem,45,96,-251.19654909503674
world_model_cem,45,97,-331.7998421537684
world_model_cem,45,98,-238.1134090825183
world_model_cem,45,99,-283.3433879888811
world_model_cem,45,100,-243.88983470354427
world_model_cem,45,101,-328.16177626150807
world_model_cem,45,102,-282.7629092679282
world_model_cem,45,103,-242.0537459705011
world_model_cem,45,104,-218.5973419087203
world_model_cem,45,105,-305.5491415988159
world_model_cem,45,106,-247.79054864214774
world_model_cem,45,107,-299.7711554284002
world_model_cem,45,108,-284.7957907694555
world_model_cem,45,109,-276.3585153274446
world_model_cem,45,110,-203.94254196965684
world_model_cem,45,111,-214.55314170252657
world_model_cem,45,112,-208.9759769415266
world_model_cem,45,113,-267.74560480328773
world_model_cem,45,114,-280.4660746028645
world_model_cem,45,115,-272.59038451110774
world_model_cem,45,116,-192.45008558081324
world_model_cem,45,117,-285.2218602232543
world_model_cem,45,118,-288.07050233258775
world_model_cem,45,119,-285.5031050317101
world_model_cem,45,120,-276.62572741025394
world_model_cem,45,121,-259.6701042922983
world_model_cem,45,122,-267.36998648049826
world_model_cem,45,123,-264.7019042682797
world_model_cem,45,124,-257.3760048459266
world_model_cem,45,125,-253.1139108272593
world_model_cem,45,126,-251.81614682104959
world_model_cem,45,127,-255.01379544953642
world_model_cem,45,128,-259.9904989596871
world_model_cem,45,129,-261.43258664687085
world_model_cem,45,130,-269.5594891208709
world_model_cem,45,131,-278.41307891201063
world_model_cem,45,132,-275.10980195948065
world_model_cem,45,133,-295.7946312186548
world_model_cem,45,134,-295.7882946561175
world_model_cem,45,135,-304.4687359937542
world_model_cem,45,136,-314.31328454674554
world_model_cem,45,137,-290.47729101718
world_model_cem,45,138,-317.3941628430214
world_model_cem,45,139,-303.7106568220315
world_model_cem,45,140,-307.4564165079353
world_model_cem,45,141,-296.8993012904462
world_model_cem,45,142,-305.06774299127625
world_model_cem,45,143,-291.28239048107747
world_model_cem,45,144,-300.4375422732027
world_model_cem,45,145,-296.55224658481444
world_model_cem,45,146,-294.8454087921324
world_model_cem,45,147,-298.419216767188
world_model_cem,45,148,-282.096068482024
world_model_cem,45,149,-286.87361511598306
world_model_cem,45,150,-301.6762618660067
world_model_cem,45,151,-300.2780256175457
world_model_cem,45,152,-297.2313451239488
world_model_cem,45,153,-299.5142202798746
world_model_cem,45,154,-289.953768417006
world_model_cem,45,155,-300.46789410248954
world_model_cem,45,156,-301.5389702497736
world_model_cem,45,157,-291.28611089506904
world_model_cem,45,158,-286.1476222518854
world_model_cem,45,159,-293.1349788529237
world_model_cem,45,160,-285.2744065223179
world_model_cem,45,161,-283.75810896459404
world_model_cem,45,162,-289.20282151022104
world_model_cem,45,163,-284.4979538694725
world_model_cem,45,164,-280.7504953997266
world_model_cem,45,165,-282.1763114239506
world_model_cem,45,166,-287.9141025305019
world_model_cem,45,167,-289.2002221389106
world_model_cem,45,168,-290.01170954225756
world_model_cem,45,169,-297.14530101397884
world_model_cem,45,170,-296.965041094255
world_model_cem,45,171,-305.1778980706922
world_model_cem,45,172,-305.1750525839764
world_model_cem,45,173,-298.1024476913708
world_model_cem,45,174,-300.70422865042985
world_model_cem,45,175,-296.72778933265994
world_model_cem,45,176,-307.4637584984033
world_model_cem,45,177,-306.446554642808
world_model_cem,45,178,-299.80106290485753
world_model_cem,45,179,-291.71120354482343
world_model_cem,45,180,-291.07754493407793
world_model_cem,45,181,-284.97741076072487
world_model_cem,45,182,-287.4090209322634
world_model_cem,45,183,-290.27770643459746
world_model_cem,45,184,-284.8773801537403
world_model_cem,45,185,-286.71369702486896
world_model_cem,45,186,-288.91272706067934
world_model_cem,45,187,-294.4551726304331
world_model_cem,45,188,-291.9599677156495
world_model_cem,45,189,-281.69005055098785
world_model_cem,45,190,-297.15072558101394
world_model_cem,45,191,-288.35440838235564
world_model_cem,45,192,-300.5500647495705
world_model_cem,45,193,-296.99524746592493
world_model_cem,45,194,-281.72342716253104
world_model_cem,45,195,-297.7572310037066
world_model_cem,45,196,-294.7145970186326
world_model_cem,45,197,-277.3579081628406
world_model_cem,45,198,-288.60260709860506
world_model_cem,45,199,-290.3265272997745
world_model_cem,45,200,-287.3786262588237
world_model_cem,45,201,-283.53832323371626
world_model_cem,45,202,-283.6951293335388
world_model_cem,45,203,-288.751641170413
world_model_cem,45,204,-297.300202329021
world_model_cem,45,205,-289.16838113516735
world_model_cem,45,206,-299.35317688376756
world_model_cem,45,207,-298.0859442400161
world_model_cem,45,208,-297.83749043730535
world_model_cem,45,209,-301.86048877418307
world_model_cem,45,210,-300.70666473887
world_model_cem,45,211,-300.2532948932569
world_model_cem,45,212,-289.3191819970924
world_model_cem,45,213,-293.0448938739254
world_model_cem,45,214,-295.92770899013954
world_model_cem,45,215,-287.94812607804545
world_model_cem,45,216,-293.3416216265629
world_model_cem,45,217,-289.0639139933124
world_model_cem,45,218,-289.22669250199806
world_model_cem,45,219,-286.3760185615313
world_model_cem,45,220,-282.46912866545233
world_model_cem,45,221,-288.13907626530147
world_model_cem,45,222,-281.02786407994347
world_model_cem,45,223,-288.6745448508983
world_model_cem,45,224,-292.7831329159653
world_model_cem,45,225,-289.90816947854603
world_model_cem,45,226,-298.805706255684
world_model_cem,45,227,-288.06711468150246
world_model_cem,45,228,-284.99492112286737
world_model_cem,45,229,-289.37505127042647
world_model_cem,45,230,-289.0602530808056
world_model_cem,45,231,-290.8099888337689
world_model_cem,45,232,-285.6693204770198
world_model_cem,45,233,-284.81187591943893
world_model_cem,45,234,-287.17707741158983
world_model_cem,45,235,-286.46732002234467
world_model_cem,45,236,-288.1130783907607
world_model_cem,45,237,-286.66660207210424
world_model_cem,45,238,-287.99709948638485
world_model_cem,45,239,-293.4268206218679
world_model_cem,45,240,-296.06891050651876
world_model_cem,45,241,-294.27875282049956
world_model_cem,45,242,-295.2901977696938
world_model_cem,45,243,-297.6896723336487
world_model_cem,45,244,-297.9608603912009
world_model_cem,45,245,-293.55283287288506
world_model_cem,45,246,-297.7608825918499
world_model_cem,45,247,-288.4418347384127
world_model_cem,45,248,-287.07430637301565
world_model_cem,45,249,-297.44533306999244
world_model_cem,45,250,-299.3799135158142
world_model_cem,45,251,-294.50126772786757
world_model_cem,45,252,-289.2831954057214
world_model_cem,45,253,-289.9420198814488
world_model_cem,45,254,-293.1118778050029
world_model_cem,45,255,-281.98957181782225
world_model_cem,45,256,-289.6903508314158
world_model_cem,45,257,-283.6794252827352
world_model_cem,45,258,-284.98879177944303
world_model_cem,45,259,-287.17261909417863
world_model_cem,45,260,-289.70117836238813
world_model_cem,45,261,-286.91042674382703
world_model_cem,45,262,-284.7022321094647
world_model_cem,45,263,-284.9519245089691
world_model_cem,45,264,-290.72302116461896
world_model_cem,45,265,-294.23708167710345
world_model_cem,45,266,-283.17746744418935
world_model_cem,45,267,-288.0426849127914
world_model_cem,45,268,-279.28772326068025
world_model_cem,45,269,-285.7248855126518
world_model_cem,45,270,-291.69227642980275
world_model_cem,45,271,-291.8229212163061
world_model_cem,45,272,-289.2188220862483
world_model_cem,45,273,-289.08917965049284
world_model_cem,45,274,-292.53280266315926
world_model_cem,45,275,-286.60935982313697
world_model_cem,45,276,-288.03112359993264
world_model_cem,45,277,-279.3292173334178
world_model_cem,45,278,-285.5545464715003
world_model_cem,45,279,-284.3605351490898
world_model_cem,45,280,-287.2397371517532
world_model_cem,45,281,-287.39427372558714
world_model_cem,45,282,-291.04444753720094
world_model_cem,45,283,-291.39953922861304
world_model_cem,45,284,-286.82439169452397
world_model_cem,45,285,-289.2340976406135
world_model_cem,45,286,-291.50883095481976
world_model_cem,45,287,-289.6737720913013
world_model_cem,45,288,-288.1350548824935
world_model_cem,45,289,-295.3040302373272
world_model_cem,45,290,-287.99187515551455
world_model_cem,45,291,-286.1422420506233
world_model_cem,45,292,-287.9832504095059
world_model_cem,45,293,-281.5932776745931
world_model_cem,45,294,-281.25862534433355
world_model_cem,45,295,-283.2651351447063
world_model_cem,45,296,-287.94292689708743
world_model_cem,45,297,-285.61848680634256
world_model_cem,45,298,-285.95274101484557
world_model_cem,45,299,-287.5453728456674
world_model_cem,45,300,-288.8980288043556
world_model_cem,45,301,-293.39309388700235
world_model_cem,45,302,-293.1799727557408
world_model_cem,45,303,-293.1962635341326
world_model_cem,45,304,-287.8883024753293
world_model_cem,45,305,-294.73198684221546
world_model_cem,45,306,-284.9145923951906
world_model_cem,45,307,-279.2382519783431
world_model_cem,45,308,-295.43377148259873
world_model_cem,45,309,-280.6548902480043
world_model_cem,45,310,-279.9813793679007
world_model_cem,45,311,-279.93241557326377
world_model_cem,45,312,-285.75365037149925
world_model_cem,45,313,-282.21225058309756
world_model_cem,45,314,-278.7332391942505
world_model_cem,45,315,-284.49918357903744
world_model_cem,45,316,-290.27330301323383
world_model_cem,45,317,-281.5162116191545
world_model_cem,45,318,-290.3044441174068
world_model_cem,45,319,-271.4523987725561
world_model_cem,45,320,-287.7516154266296
world_model_cem,45,321,-290.923958454272
world_model_cem,45,322,-287.4558224187162
world_model_cem,45,323,-288.1910843791706
world_model_cem,45,324,-283.1001596030529
world_model_cem,45,325,-289.8926740436476
world_model_cem,45,326,-287.6154944934741
world_model_cem,45,327,-269.1927808898288
world_model_cem,45,328,-282.0998976186768
world_model_cem,45,329,-287.6477386266641
world_model_cem,45,330,-287.6528489408746
world_model_cem,45,331,-286.6316957272318
world_model_cem,45,332,-282.1343626657647
world_model_cem,45,333,-288.8562765207134
world_model_cem,45,334,-288.59717022647413
world_model_cem,45,335,-287.86195879958166
world_model_cem,45,336,-287.6718717311602
world_model_cem,45,337,-280.9566161525786
world_model_cem,45,338,-285.16121269805274
world_model_cem,45,339,-287.10254140237987
world_model_cem,45,340,-291.58672224085575
world_model_cem,45,341,-292.8864393791425
world_model_cem,45,342,-292.2582066591313
world_model_cem,45,343,-288.9014648501258
world_model_cem,45,344,-284.3160310896357
world_model_cem,45,345,-278.9605785649544
world_model_cem,45,346,-283.85576910621364
world_model_cem,45,347,-282.28267476699443
world_model_cem,45,348,-279.50893478137357
world_model_cem,45,349,-287.4229484191974
world_model_cem,45,350,-288.76166016827005
world_model_cem,45,351,-288.7549654369858
world_model_cem,45,352,-283.3613031738916
world_model_cem,45,353,-285.5374564837589
world_model_cem,45,354,-288.1090867334362
world_model_cem,45,355,-290.3109025797863
world_model_cem,45,356,-279.78286616090736
world_model_cem,45,357,-288.98939436766045
world_model_cem,45,358,-288.96510865219705
world_model_cem,45,359,-288.8308615127539
world_model_cem,45,360,-291.66837637976755
world_model_cem,45,361,-292.23171462952723
world_model_cem,45,362,-289.9923916402146
world_model_cem,45,363,-285.0283464070274
world_model_cem,45,364,-285.9297921226039
world_model_cem,45,365,-284.4883917235442
world_model_cem,45,366,-292.70645975828535
world_model_cem,45,367,-280.0144479008295
world_model_cem,45,368,-273.260474999822
world_model_cem,45,369,-281.75290686671076
world_model_cem,45,370,-285.4070177254301
world_model_cem,45,371,-284.24114861830975
world_model_cem,45,372,-295.9307977548981
world_model_cem,45,373,-287.2467049721809
world_model_cem,45,374,-285.79248588588484
world_model_cem,45,375,-283.00619549312586
world_model_cem,45,376,-285.2971328880962
world_model_cem,45,377,-285.5802868314578
world_model_cem,45,378,-290.1855889976045
world_model_cem,45,379,-282.6304178444901
world_model_cem,45,380,-291.07386571306427
world_model_cem,45,381,-276.4374183685194
world_model_cem,45,382,-278.70812666422813
world_model_cem,45,383,-288.97065584305244
world_model_cem,45,384,-281.93241536794085
world_model_cem,45,385,-277.1488788092109
world_model_cem,45,386,-281.33378866796113
world_model_cem,45,387,-292.5437273908423
world_model_cem,45,388,-276.35488810269334
world_model_cem,45,389,-282.87909353197006
world_model_cem,45,390,-294.69746839295124
world_model_cem,45,391,-294.0849621961131
world_model_cem,45,392,-290.0465719548479
world_model_cem,45,393,-285.85070112775935
world_model_cem,45,394,-283.6320719291414
world_model_cem,45,395,-285.0420238571064
world_model_cem,45,396,-290.2993536180792
world_model_cem,45,397,-287.35070666091383
world_model_cem,45,398,-289.66583615592765
world_model_cem,45,399,-278.7338648744717
world_model_cem,45,400,-280.02140702316035
world_model_cem,45,401,-290.8276878118039
world_model_cem,45,402,-278.6545796707941
world_model_cem,45,403,-271.5559693589366
world_model_cem,45,404,-277.79373095126857
world_model_cem,45,405,-288.7292429753878
world_model_cem,45,406,-284.54705456247393
world_model_cem,45,407,-290.0466290984767
world_model_cem,45,408,-274.7573167548618
world_model_cem,45,409,-288.4596664605159
world_model_cem,45,410,-287.9749860261697
world_model_cem,45,411,-289.0511745528646
world_model_cem,45,412,-287.10806861288205
world_model_cem,45,413,-290.3972111825867
world_model_cem,45,414,-292.96379191810354
world_model_cem,45,415,-293.42221056949927
world_model_cem,45,416,-279.85067732294743
world_model_cem,45,417,-285.1934823341289
world_model_cem,45,418,-287.3836573595534
world_model_cem,45,419,-276.8821785530383
world_model_cem,45,420,-285.6423466147518
world_model_cem,45,421,-283.7332564521611
world_model_cem,45,422,-289.2098100603963
world_model_cem,45,423,-289.72765475526137
world_model_cem,45,424,-278.2776964216451
world_model_cem,45,425,-290.9323161150724
world_model_cem,45,426,-288.6180432968552
world_model_cem,45,427,-290.8452870845478
world_model_cem,45,428,-288.1847127810436
world_model_cem,45,429,-288.7627906953758
world_model_cem,45,430,-295.2852732116591
world_model_cem,45,431,-287.1870793937164
world_model_cem,45,432,-276.4299245163974
world_model_cem,45,433,-285.9503897836417
world_model_cem,45,434,-279.5478163266714
world_model_cem,45,435,-287.125070604043
world_model_cem,45,436,-277.1946993880007
world_model_cem,45,437,-292.9320336513522
world_model_cem,45,438,-287.08850300307154
world_model_cem,45,439,-282.1058489682607
world_model_cem,45,440,-291.34979055947485
world_model_cem,45,441,-292.2038834449515
world_model_cem,45,442,-297.59190615278345
world_model_cem,45,443,-289.81312257630555
world_model_cem,45,444,-292.0818366800256
world_model_cem,45,445,-292.5482069784995
world_model_cem,45,446,-285.0174786213688
world_model_cem,45,447,-289.6321454922379
world_model_cem,45,448,-277.59872073256486
world_model_cem,45,449,-285.5802183401127
world_model_cem,45,450,-277.55603153696336
world_model_cem,45,451,-279.4134289235318
world_model_cem,45,452,-282.97595725850726
world_model_cem,45,453,-274.8247007291367
world_model_cem,45,454,-274.7002748457212
world_model_cem,45,455,-286.54889980960934
world_model_cem,45,456,-283.9529724808524
world_model_cem,45,457,-289.65894858365397
world_model_cem,45,458,-279.85540248559073
world_model_cem,45,459,-271.88667676992225
world_model_cem,45,460,-289.8667066321633
world_model_cem,45,461,-289.3310788180686
world_model_cem,45,462,-282.97202762335377
world_model_cem,45,463,-293.93981886365094
world_model_cem,45,464,-290.68818323258506
world_model_cem,45,465,-283.63605059355007
world_model_cem,45,466,-283.24153711343274
world_model_cem,45,467,-289.3307366426209
world_model_cem,45,468,-284.1817129898541
world_model_cem,45,469,-292.6359160411146
world_model_cem,45,470,-286.79359368821
world_model_cem,45,471,-287.348023881622
world_model_cem,45,472,-282.3769883821713
world_model_cem,45,473,-287.6553612026309
world_model_cem,45,474,-286.7158136614483
world_model_cem,45,475,-283.896858760185
world_model_cem,45,476,-288.6246877295152
world_model_cem,45,477,-290.01080234045514
world_model_cem,45,478,-286.0783634046172
world_model_cem,45,479,-280.84217810606714
world_model_cem,45,480,-283.6689411106944
world_model_cem,45,481,-283.10944475785647
world_model_cem,45,482,-289.86968661600537
world_model_cem,45,483,-289.4723383449956
world_model_cem,45,484,-285.5019430581816
world_model_cem,45,485,-282.3892116967154
world_model_cem,45,486,-283.1822791359431
world_model_cem,45,487,-285.94583012654016
world_model_cem,45,488,-288.5377960954767
world_model_cem,45,489,-288.3100159618532
world_model_cem,45,490,-283.09051539808064
world_model_cem,45,491,-286.60681475168786
world_model_cem,45,492,-283.9637945363239
world_model_cem,45,493,-287.4318382008354
world_model_cem,45,494,-286.67455764112844
world_model_cem,45,495,-281.5645406425345
world_model_cem,45,496,-288.4371518174639
world_model_cem,45,497,-277.9889870608816
world_model_cem,45,498,-289.23433686591426
world_model_cem,45,499,-285.7455486618961
world_model_cem,45,500,-294.2992451514163
world_model_cem,45,501,-291.9043067154051
world_model_cem,45,502,-296.0753618084065
world_model_cem,45,503,-291.2945847099255
world_model_cem,45,504,-291.4405801017133
world_model_cem,45,505,-286.5184567080676
world_model_cem,45,506,-287.812256416531
world_model_cem,45,507,-280.1133100003078
world_model_cem,45,508,-286.5197287794437
world_model_cem,45,509,-285.679686261966
world_model_cem,45,510,-286.721002996722
world_model_cem,45,511,-284.1385022599834
world_model_cem,45,512,-274.4569766804381
world_model_cem,45,513,-280.39088007949755
world_model_cem,45,514,-283.92235033008114
world_model_cem,45,515,-290.96284162426787
world_model_cem,45,516,-291.9846488339036
world_model_cem,45,517,-297.2500041253061
world_model_cem,45,518,-288.9210162926622
world_model_cem,45,519,-278.0851035374971
world_model_cem,45,520,-285.0697221655079
world_model_cem,45,521,-279.38292315579065
world_model_cem,45,522,-282.38140899955295
world_model_cem,45,523,-287.98712324621766
world_model_cem,45,524,-289.4200942101857
world_model_cem,45,525,-286.15648718025056
world_model_cem,45,526,-284.15888109221976
world_model_cem,45,527,-280.42846187049054
world_model_cem,45,528,-280.8818005827063
world_model_cem,45,529,-283.85317110232194
world_model_cem,45,530,-288.5596628605658
world_model_cem,45,531,-284.559678496865
world_model_cem,45,532,-289.5468123304229
world_model_cem,45,533,-281.84679449068733
world_model_cem,45,534,-276.8845333966343
world_model_cem,45,535,-287.28076439932494
world_model_cem,45,536,-288.58009525083725
world_model_cem,45,537,-286.0009661002848
world_model_cem,45,538,-290.3892643917692
world_model_cem,45,539,-296.28060164131387
world_model_cem,45,540,-279.2811956720151
world_model_cem,45,541,-294.269196294944
world_model_cem,45,542,-289.31146997893137
world_model_cem,45,543,-289.73778337702254
world_model_cem,45,544,-289.3192358308994
world_model_cem,45,545,-280.4126052150124
world_model_cem,45,546,-283.1313966983232
world_model_cem,45,547,-278.970865475457
world_model_cem,45,548,-291.36459318449346
world_model_cem,45,549,-286.008966993291
world_model_cem,45,550,-284.356094189508
world_model_cem,45,551,-278.639275800782
world_model_cem,45,552,-288.8973269602198
world_model_cem,45,553,-284.35068080196965
world_model_cem,45,554,-284.15933689617975
world_model_cem,45,555,-290.9566584250849
world_model_cem,45,556,-279.4818422273838
world_model_cem,45,557,-278.6244391521047
world_model_cem,45,558,-283.0921803204435
world_model_cem,45,559,-293.12743761320985
world_model_cem,45,560,-293.3880829139963
world_model_cem,45,561,-288.9464957575294
world_model_cem,45,562,-291.7196833740321
world_model_cem,45,563,-286.74380981406307
world_model_cem,45,564,-284.6258228014001
world_model_cem,45,565,-276.6809430622359
world_model_cem,45,566,-289.3944585420343
world_model_cem,45,567,-283.73730673641154
world_model_cem,45,568,-284.16218850398303
world_model_cem,45,569,-281.04553704267863
world_model_cem,45,570,-287.64357534934317
world_model_cem,45,571,-284.1188366859979
world_model_cem,45,572,-288.557911316169
world_model_cem,45,573,-285.82983650613636
world_model_cem,45,574,-293.78773073933763
world_model_cem,45,575,-291.59655314186534
world_model_cem,45,576,-289.5828855792813
world_model_cem,45,577,-290.5840219750944
world_model_cem,45,578,-293.1264493839199
world_model_cem,45,579,-286.72201179267716
world_model_cem,45,580,-280.8774214253009
world_model_cem,45,581,-289.018853282497
world_model_cem,45,582,-289.8978662785058
world_model_cem,45,583,-285.19622845886505
world_model_cem,45,584,-278.1035065685655
world_model_cem,45,585,-290.28315042669306
world_model_cem,45,586,-272.92464610788795
world_model_cem,45,587,-277.5567223090676
world_model_cem,45,588,-285.8828292091248
world_model_cem,45,589,-282.9739643134998
world_model_cem,45,590,-276.0752476716681
world_model_cem,45,591,-283.20875620747955
world_model_cem,45,592,-284.6934955277153
world_model_cem,45,593,-288.71003669219624
world_model_cem,45,594,-288.139981393008
world_model_cem,45,595,-289.59400488231563
world_model_cem,45,596,-282.7994070350866
world_model_cem,45,597,-282.89589822902536
world_model_cem,45,598,-288.6949622900323
world_model_cem,45,599,-291.1814897467399
world_model_cem,45,600,-287.9102310784151
world_model_cem,45,601,-291.93629163106004
world_model_cem,45,602,-285.3584504848541
world_model_cem,45,603,-286.0970368671098
world_model_cem,45,604,-286.94988419181135
world_model_cem,45,605,-286.38337763615795
world_model_cem,45,606,-275.0306797857833
world_model_cem,45,607,-281.92461484017605
world_model_cem,45,608,-288.5491757466126
world_model_cem,45,609,-286.13613505510193
world_model_cem,45,610,-286.5415826009563
world_model_cem,45,611,-288.147815475043
world_model_cem,45,612,-286.12625812377473
world_model_cem,45,613,-279.30042211127426
world_model_cem,45,614,-276.2943037799387
world_model_cem,45,615,-293.3074480015761
world_model_cem,45,616,-283.31242739876825
world_model_cem,45,617,-283.7742418330945
world_model_cem,45,618,-294.6379073134955
world_model_cem,45,619,-279.7603528559931
world_model_cem,45,620,-286.9092043745525
world_model_cem,45,621,-280.28442135766585
world_model_cem,45,622,-293.7196436776608
world_model_cem,45,623,-291.28972440645055
world_model_cem,45,624,-295.39661780862286
world_model_cem,45,625,-286.76730552720187
world_model_cem,45,626,-286.6575846238852
world_model_cem,45,627,-282.02493253357926
world_model_cem,45,628,-285.7125751340623
world_model_cem,45,629,-288.27070389975603
world_model_cem,45,630,-286.92813886410204
world_model_cem,45,631,-272.3149311895119
world_model_cem,45,632,-284.5698236099967
world_model_cem,45,633,-287.43867386835115
world_model_cem,45,634,-280.7316331262148
world_model_cem,45,635,-277.50359501791576
world_model_cem,45,636,-286.58324846495304
world_model_cem,45,637,-291.0447389464797
world_model_cem,45,638,-287.9917665012388
world_model_cem,45,639,-277.3876963864062
world_model_cem,45,640,-279.9387586094579
world_model_cem,45,641,-291.4140156659417
world_model_cem,45,642,-286.1798764289757
world_model_cem,45,643,-288.7545954346307
world_model_cem,45,644,-289.1857005780773
world_model_cem,45,645,-287.61795128102335
world_model_cem,45,646,-284.81567718997474
world_model_cem,45,647,-267.9003585417871
world_model_cem,45,648,-280.39743836317905
world_model_cem,45,649,-289.14623340625565
world_model_cem,45,650,-291.47320301621016
world_model_cem,45,651,-293.5733855747276
world_model_cem,45,652,-291.20696288749065
world_model_cem,45,653,-284.02307385331795
world_model_cem,45,654,-284.57135822600924
world_model_cem,45,655,-283.5187387180427
world_model_cem,45,656,-287.0753311271452
world_model_cem,45,657,-287.9726237516409
world_model_cem,45,658,-290.23725315540054
world_model_cem,45,659,-279.4575948517629
world_model_cem,45,660,-288.17338125021433
world_model_cem,45,661,-282.44201365653447
world_model_cem,45,662,-289.22170156697257
world_model_cem,45,663,-284.5666785512684
world_model_cem,45,664,-287.55995942863166
world_model_cem,45,665,-284.3481556117424
world_model_cem,45,666,-286.24888555293285
world_model_cem,45,667,-277.0002983502331
world_model_cem,45,668,-285.8006609138803
world_model_cem,45,669,-285.3983041603274
world_model_cem,45,670,-290.43131705545284
world_model_cem,45,671,-293.40047176287953
world_model_cem,45,672,-282.6458527194819
world_model_cem,45,673,-291.7922796182715
world_model_cem,45,674,-283.4607413188554
world_model_cem,45,675,-288.7513576457631
world_model_cem,45,676,-285.8591166491054
world_model_cem,45,677,-278.9557524689535
world_model_cem,45,678,-290.0960610243294
world_model_cem,45,679,-286.4358759662323
world_model_cem,45,680,-280.9946259875734
world_model_cem,45,681,-278.6616957925195
world_model_cem,45,682,-280.7527011913778
world_model_cem,45,683,-282.57940209032546
world_model_cem,45,684,-293.71143326237586
world_model_cem,45,685,-292.98207244915847
world_model_cem,45,686,-289.13205622188104
world_model_cem,45,687,-291.0899078982219
world_model_cem,45,688,-287.6910786189643
world_model_cem,45,689,-286.3494156724037
world_model_cem,45,690,-292.2215254065326
world_model_cem,45,691,-295.99669218800483
world_model_cem,45,692,-291.90586605031126
world_model_cem,45,693,-287.994939022618
world_model_cem,45,694,-291.5801247349148
world_model_cem,45,695,-289.97207515330683
world_model_cem,45,696,-290.91491178023824
world_model_cem,45,697,-290.4304964685217
world_model_cem,45,698,-287.12557004852897
world_model_cem,45,699,-288.1515421464144
world_model_cem,45,700,-284.75583086345546
world_model_cem,45,701,-284.0422543394861
world_model_cem,45,702,-291.2759680552935
world_model_cem,45,703,-290.39235522778733
world_model_cem,45,704,-281.889976174072
world_model_cem,45,705,-284.6249896984999
world_model_cem,45,706,-290.7260809733921
world_model_cem,45,707,-276.13593842370346
world_model_cem,45,708,-295.65977701631715
world_model_cem,45,709,-292.9557291872439
world_model_cem,45,710,-297.0952672485641
world_model_cem,45,711,-278.3890889371295
world_model_cem,45,712,-291.2896189212056
world_model_cem,45,713,-287.2271133907616
world_model_cem,45,714,-289.54117596075963
world_model_cem,45,715,-289.8709809252643
world_model_cem,45,716,-289.42410360144424
world_model_cem,45,717,-295.1018353944896
world_model_cem,45,718,-284.3946184284074
world_model_cem,45,719,-292.14548486989565
world_model_cem,45,720,-291.37665078480916
world_model_cem,45,721,-293.1880369531851
world_model_cem,45,722,-284.9132608549035
world_model_cem,45,723,-289.59846340026627
world_model_cem,45,724,-287.35472796717715
world_model_cem,45,725,-291.20153668299935
world_model_cem,45,726,-289.9864102508992
world_model_cem,45,727,-283.4178828129558
world_model_cem,45,728,-285.40240375996075
world_model_cem,45,729,-289.06632382224757
world_model_cem,45,730,-282.86413513859037
world_model_cem,45,731,-290.6287588729609
world_model_cem,45,732,-285.9194584808109
world_model_cem,45,733,-274.0996846429892
world_model_cem,45,734,-285.3415974336174
world_model_cem,45,735,-281.704099591864
world_model_cem,45,736,-283.258239421432
world_model_cem,45,737,-278.78729857429386
world_model_cem,45,738,-286.58082670202236
world_model_cem,45,739,-289.87271981647785
world_model_cem,45,740,-288.20721837030004
world_model_cem,45,741,-286.16133136284964
world_model_cem,45,742,-277.4818048463332
world_model_cem,45,743,-288.88058784679004
world_model_cem,45,744,-285.4175059752017
world_model_cem,45,745,-285.19062942929725
world_model_cem,45,746,-274.8175273401868
world_model_cem,45,747,-282.8716700774912
world_model_cem,45,748,-288.9186154699843
world_model_cem,45,749,-286.6912984474343
world_model_cem,45,750,-290.6372222760864
world_model_cem,45,751,-290.5804993957501
world_model_cem,45,752,-288.63988711619726
world_model_cem,45,753,-287.826643604503
world_model_cem,45,754,-290.98175524406537
world_model_cem,45,755,-288.62593189761424
world_model_cem,45,756,-292.3796381944714
world_model_cem,45,757,-292.4837254319617
world_model_cem,45,758,-289.598537421776
world_model_cem,45,759,-287.52334192507294
world_model_cem,45,760,-285.0575958347844
world_model_cem,45,761,-286.37484932970136
world_model_cem,45,762,-290.60754449244473
world_model_cem,45,763,-284.1509851871542
world_model_cem,45,764,-287.3687999912916
world_model_cem,45,765,-280.8480623233163
world_model_cem,45,766,-283.1564846971794
world_model_cem,45,767,-290.4824825425317
world_model_cem,45,768,-289.1541155414692
world_model_cem,45,769,-294.46730525842906
world_model_cem,45,770,-282.3838530968261
world_model_cem,45,771,-284.56642278174485
world_model_cem,45,772,-281.12475953233036
world_model_cem,45,773,-275.9626318798386
world_model_cem,45,774,-280.80913568921034
world_model_cem,45,775,-267.5944974424972
world_model_cem,45,776,-290.4512380900104
world_model_cem,45,777,-285.8804365698308
world_model_cem,45,778,-283.3242721187647
world_model_cem,45,779,-286.42253115017314
world_model_cem,45,780,-290.8694214345825
world_model_cem,45,781,-290.20342501187645
world_model_cem,45,782,-282.84613174226286
world_model_cem,45,783,-284.002588852606
world_model_cem,45,784,-286.7229239372298
world_model_cem,45,785,-281.71648182025257
world_model_cem,45,786,-289.9257204536515
world_model_cem,45,787,-284.3755182763971
world_model_cem,45,788,-281.52276503298054
world_model_cem,45,789,-290.40675863153797
world_model_cem,45,790,-289.0525592252784
world_model_cem,45,791,-284.07306108328555
world_model_cem,45,792,-287.8102675590009
world_model_cem,45,793,-289.1394057544652
world_model_cem,45,794,-279.9573909304554
world_model_cem,45,795,-281.7598553818889
world_model_cem,45,796,-285.8111071318307
world_model_cem,45,797,-291.51310394639955
world_model_cem,45,798,-277.96265262999714
world_model_cem,45,799,-287.6643854679361
world_model_cem,45,800,-287.8757649550698
world_model_cem,45,801,-285.5465965755703
world_model_cem,45,802,-288.96869341181116
world_model_cem,45,803,-287.293681866964
world_model_cem,45,804,-283.9562433795844
world_model_cem,45,805,-287.22083823074513
world_model_cem,45,806,-292.9214655774633
world_model_cem,45,807,-290.71943268352703
world_model_cem,45,808,-275.9235024167016
world_model_cem,45,809,-290.5972567497503
world_model_cem,45,810,-289.0845588554282
world_model_cem,45,811,-277.07127232313087
world_model_cem,45,812,-290.38848326321147
world_model_cem,45,813,-284.36936431795823
world_model_cem,45,814,-289.67650434374195
world_model_cem,45,815,-290.1450705544396
world_model_cem,45,816,-291.7702485736761
world_model_cem,45,817,-284.080612180427
world_model_cem,45,818,-288.7402628005228
world_model_cem,45,819,-290.10992117212186
world_model_cem,45,820,-287.77309685933363
world_model_cem,45,821,-289.17763362412984
world_model_cem,45,822,-286.1723631587588
world_model_cem,45,823,-284.11752462861165
world_model_cem,45,824,-287.7203704890347
world_model_cem,45,825,-282.7791983361027
world_model_cem,45,826,-276.1054721973445
world_model_cem,45,827,-281.4075177378991
world_model_cem,45,828,-291.8444426551302
world_model_cem,45,829,-287.26622693778654
world_model_cem,45,830,-275.8184557270076
world_model_cem,45,831,-287.5717229791941
world_model_cem,45,832,-291.06018967920255
world_model_cem,45,833,-294.7896451620078
world_model_cem,45,834,-291.0024958744476
world_model_cem,45,835,-283.6509298226114
world_model_cem,45,836,-291.6430781950825
world_model_cem,45,837,-283.02183766388214
world_model_cem,45,838,-291.3574266896159
world_model_cem,45,839,-278.58782539913136
world_model_cem,45,840,-282.79552316715876
world_model_cem,45,841,-287.15395653421683
world_model_cem,45,842,-280.04793102076894
world_model_cem,45,843,-285.56852677473046
world_model_cem,45,844,-280.36417295165995
world_model_cem,45,845,-291.8102542064605
world_model_cem,45,846,-278.0523936300426
world_model_cem,45,847,-282.7148247252163
world_model_cem,45,848,-290.2309541291538
world_model_cem,45,849,-288.0376128083311
world_model_cem,45,850,-290.4060796304792
world_model_cem,45,851,-287.8584751074987
world_model_cem,45,852,-280.3995253873004
world_model_cem,45,853,-288.240502450446
world_model_cem,45,854,-275.02740388810116
world_model_cem,45,855,-282.5037663040415
world_model_cem,45,856,-283.3996269777796
world_model_cem,45,857,-275.5487829377382
world_model_cem,45,858,-284.49137427312957
world_model_cem,45,859,-280.4500325146046
world_model_cem,45,860,-282.8167038746574
world_model_cem,45,861,-278.84056684005986
world_model_cem,45,862,-282.524422865615
world_model_cem,45,863,-285.991193777173
world_model_cem,45,864,-284.69192981121887
world_model_cem,45,865,-287.42419876052446
world_model_cem,45,866,-285.86924931242964
world_model_cem,45,867,-286.919863937943
world_model_cem,45,868,-280.93903984163956
world_model_cem,45,869,-289.60614965793985
world_model_cem,45,870,-293.41390076933845
world_model_cem,45,871,-291.45477860000835
world_model_cem,45,872,-288.0811198073277
world_model_cem,45,873,-290.9273386752147
world_model_cem,45,874,-287.6636537901716
world_model_cem,45,875,-287.419737693676
world_model_cem,45,876,-273.85201758940883
world_model_cem,45,877,-284.20385758388966
world_model_cem,45,878,-279.5998100317027
world_model_cem,45,879,-283.26053063229057
world_model_cem,45,880,-275.3295201956708
world_model_cem,45,881,-289.58274810217847
world_model_cem,45,882,-285.92631376031693
world_model_cem,45,883,-282.09142748810405
world_model_cem,45,884,-288.3134271206214
world_model_cem,45,885,-287.68352352947545
world_model_cem,45,886,-291.13908109259523
world_model_cem,45,887,-292.22294623192636
world_model_cem,45,888,-298.293272913216
world_model_cem,45,889,-290.64405849939135
world_model_cem,45,890,-287.33195880833665
world_model_cem,45,891,-290.734693141187
world_model_cem,45,892,-283.94383778304206
world_model_cem,45,893,-286.7111349381406
world_model_cem,45,894,-280.276622814685
world_model_cem,45,895,-290.0414973482926
world_model_cem,45,896,-288.1616860930297
world_model_cem,45,897,-288.0789338893782
world_model_cem,45,898,-275.65164264029903
world_model_cem,45,899,-282.08361789105885
world_model_cem,45,900,-280.2053589400036
world_model_cem,45,901,-288.2483701777825
world_model_cem,45,902,-293.6746472057921
world_model_cem,45,903,-288.53523356278913
world_model_cem,45,904,-286.0684312378669
world_model_cem,45,905,-282.3838959849079
world_model_cem,45,906,-293.23457448846864
world_model_cem,45,907,-285.1615319266057
world_model_cem,45,908,-285.44175092767625
world_model_cem,45,909,-283.5242010072276
world_model_cem,45,910,-284.6413210769333
world_model_cem,45,911,-288.04065394209465
world_model_cem,45,912,-286.3054281502227
world_model_cem,45,913,-294.0348233006039
world_model_cem,45,914,-290.5096488017466
world_model_cem,45,915,-277.0949382159843
world_model_cem,45,916,-284.79566096536115
world_model_cem,45,917,-286.4853291300085
world_model_cem,45,918,-287.501788916694
world_model_cem,45,919,-288.96761704064284
world_model_cem,45,920,-286.0426647674509
world_model_cem,45,921,-292.0035136652856
world_model_cem,45,922,-287.1370276123798
world_model_cem,45,923,-286.0910932064633
world_model_cem,45,924,-288.3835076970286
world_model_cem,45,925,-290.6973569428904
world_model_cem,45,926,-277.9976072987129
world_model_cem,45,927,-282.1421346219147
world_model_cem,45,928,-285.67705049394954
world_model_cem,45,929,-281.2985685096806
world_model_cem,45,930,-289.4308381498668
world_model_cem,45,931,-283.2131093100627
world_model_cem,45,932,-282.239392582515
world_model_cem,45,933,-290.0463640672781
world_model_cem,45,934,-284.8969284865041
world_model_cem,45,935,-289.5141797567096
world_model_cem,45,936,-282.7951417106747
world_model_cem,45,937,-273.0043534571329
world_model_cem,45,938,-289.6080530225699
world_model_cem,45,939,-292.84156963269874
world_model_cem,45,940,-292.4503526802589
world_model_cem,45,941,-291.68855717387964
world_model_cem,45,942,-284.25568858595386
world_model_cem,45,943,-286.7396325452186
world_model_cem,45,944,-276.356576905505
world_model_cem,45,945,-272.20124500836624
world_model_cem,45,946,-291.8131749312591
world_model_cem,45,947,-282.45856372829866
world_model_cem,45,948,-291.22582864197216
world_model_cem,45,949,-286.8514626814266
world_model_cem,45,950,-284.7626884322334
world_model_cem,45,951,-284.43985269458994
world_model_cem,45,952,-287.2257402503709
world_model_cem,45,953,-291.621791224866
world_model_cem,45,954,-291.055877312591
world_model_cem,45,955,-284.23208155625014
world_model_cem,45,956,-289.76348477733296
world_model_cem,45,957,-288.2452515674741
world_model_cem,45,958,-285.992325193423
world_model_cem,45,959,-291.2564761488988
world_model_cem,45,960,-290.02246004137993
world_model_cem,45,961,-289.42021289311924
world_model_cem,45,962,-277.46233699965416
world_model_cem,45,963,-285.11246679202134
world_model_cem,45,964,-294.0420598555404
world_model_cem,45,965,-290.08321993399557
world_model_cem,45,966,-286.56803004586834
world_model_cem,45,967,-289.57065914742907
world_model_cem,45,968,-285.88266243303224
world_model_cem,45,969,-278.7181987608857
world_model_cem,45,970,-281.508218693738
world_model_cem,45,971,-281.2300248043505
world_model_cem,45,972,-281.5949559764638
world_model_cem,45,973,-283.2934853173761
world_model_cem,45,974,-275.6382101726523
world_model_cem,45,975,-282.3061235375443
world_model_cem,45,976,-292.31366783646354
world_model_cem,45,977,-287.7775368285932
world_model_cem,45,978,-279.40236488916
world_model_cem,45,979,-285.5334721223362
world_model_cem,45,980,-290.7636183202459
world_model_cem,45,981,-286.30381609132627
world_model_cem,45,982,-290.4620894023246
world_model_cem,45,983,-282.88198029914304
world_model_cem,45,984,-288.1923585140231
world_model_cem,45,985,-285.0113388280682
world_model_cem,45,986,-289.1932857810857
world_model_cem,45,987,-281.6957666666067
world_model_cem,45,988,-285.2674069529474
world_model_cem,45,989,-275.830232035993
world_model_cem,45,990,-271.8110142308845
world_model_cem,45,991,-274.66629719082607
world_model_cem,45,992,-288.97459387965415
world_model_cem,45,993,-287.6984927522372
world_model_cem,45,994,-283.66060044163504
world_model_cem,45,995,-285.43758092355085
world_model_cem,45,996,-291.2540535972289
world_model_cem,45,997,-280.888251043217
world_model_cem,45,998,-286.59554308611376
world_model_cem,45,999,-288.58047214409135
world_model_cem,45,1000,-287.1446187148143
world_model_cem,46,1,-203.97032067703287
world_model_cem,46,2,-195.8489256238607
world_model_cem,46,3,-209.98681702807363
world_model_cem,46,4,-200.10622125556074
world_model_cem,46,5,-198.579824474183
world_model_cem,46,6,-176.44287724380033
world_model_cem,46,7,-182.10488539999716
world_model_cem,46,8,-168.4014114574649
world_model_cem,46,9,-170.17549370173782
world_model_cem,46,10,-185.97668969975632
world_model_cem,46,11,-187.65384387653057
world_model_cem,46,12,-213.50951753988718
world_model_cem,46,13,-197.61944196377397
world_model_cem,46,14,-210.09434704565348
world_model_cem,46,15,-223.7758968939853
world_model_cem,46,16,-249.92173718439068
world_model_cem,46,17,-261.744180439002
world_model_cem,46,18,-222.96419044574492
world_model_cem,46,19,-254.53979562195047
world_model_cem,46,20,-224.89493327271842
world_model_cem,46,21,-274.23579434216526
world_model_cem,46,22,-268.31243991204275
world_model_cem,46,23,-222.82166854977544
world_model_cem,46,24,-208.30862282713753
world_model_cem,46,25,-246.7924567140806
world_model_cem,46,26,-208.58736272471475
world_model_cem,46,27,-192.0620222364924
world_model_cem,46,28,-197.8589725626715
world_model_cem,46,29,-200.37194264927507
world_model_cem,46,30,-213.47955897970456
world_model_cem,46,31,-203.0555201278939
world_model_cem,46,32,-204.24837794815159
world_model_cem,46,33,-209.46455116299165
world_model_cem,46,34,-196.52451443009733
world_model_cem,46,35,-255.30851375741005
world_model_cem,46,36,-199.59859202846968
world_model_cem,46,37,-207.08199521125033
world_model_cem,46,38,-210.3298678145915
world_model_cem,46,39,-191.7689820900078
world_model_cem,46,40,-186.03625775664028
world_model_cem,46,41,-194.21432491696697
world_model_cem,46,42,-194.43381208841203
world_model_cem,46,43,-211.9273981241583
world_model_cem,46,44,-196.6831336892909
world_model_cem,46,45,-200.62579822868526
world_model_cem,46,46,-257.6431373728965
world_model_cem,46,47,-208.6612283158043
world_model_cem,46,48,-208.62266270412331
world_model_cem,46,49,-263.73450018665983
world_model_cem,46,50,-220.02525271926248
world_model_cem,46,51,-264.6492864241992
world_model_cem,46,52,-251.41120165105758
world_model_cem,46,53,-276.1939492131768
world_model_cem,46,54,-273.17059518960843
world_model_cem,46,55,-305.7576695308288
world_model_cem,46,56,-240.62791002254613
world_model_cem,46,57,-212.99293331406778
world_model_cem,46,58,-220.1631076257156
world_model_cem,46,59,-270.06204736374474
world_model_cem,46,60,-274.8035968288233
world_model_cem,46,61,-215.9351950778802
world_model_cem,46,62,-211.6987695859268
world_model_cem,46,63,-212.95845612127528
world_model_cem,46,64,-247.8846248195351
world_model_cem,46,65,-218.03739167551277
world_model_cem,46,66,-240.97838041090944
world_model_cem,46,67,-241.72442797065514
world_model_cem,46,68,-221.431632380448
world_model_cem,46,69,-258.731724881941
world_model_cem,46,70,-245.23219804498638
world_model_cem,46,71,-233.9229685334098
world_model_cem,46,72,-255.34994152232002
world_model_cem,46,73,-251.02962820959843
world_model_cem,46,74,-264.4895858718881
world_model_cem,46,75,-251.04179208176953
world_model_cem,46,76,-191.4787352039213
world_model_cem,46,77,-192.3632831371316
world_model_cem,46,78,-187.48539753302884
world_model_cem,46,79,-191.53140393696162
world_model_cem,46,80,-202.92737041253577
world_model_cem,46,81,-210.5714909754388
world_model_cem,46,82,-210.11575262187327
world_model_cem,46,83,-223.6202812280682
world_model_cem,46,84,-230.69537988265657
world_model_cem,46,85,-214.60160554354167
world_model_cem,46,86,-215.42258891593355
world_model_cem,46,87,-232.6621467325723
world_model_cem,46,88,-265.5483276126926
world_model_cem,46,89,-259.53368124315796
world_model_cem,46,90,-324.66200997890604
world_model_cem,46,91,-296.1217289704802
world_model_cem,46,92,-280.8890555707684
world_model_cem,46,93,-250.03728342995026
world_model_cem,46,94,-234.750394078534
world_model_cem,46,95,-305.55598824974925
world_model_cem,46,96,-238.34268211977565
world_model_cem,46,97,-219.33076224188676
world_model_cem,46,98,-238.6808040794407
world_model_cem,46,99,-256.61809895768783
world_model_cem,46,100,-288.45643385649385
world_model_cem,46,101,-226.64466697824741
world_model_cem,46,102,-221.4948330678039
world_model_cem,46,103,-275.04441850298963
world_model_cem,46,104,-274.99577139087165
world_model_cem,46,105,-253.73993634532897
world_model_cem,46,106,-299.5473142841276
world_model_cem,46,107,-232.2147455211129
world_model_cem,46,108,-300.0681575211619
world_model_cem,46,109,-261.2470717687504
world_model_cem,46,110,-248.89866883856075
world_model_cem,46,111,-319.17841310284143
world_model_cem,46,112,-290.16914473746215
world_model_cem,46,113,-257.57818351755384
world_model_cem,46,114,-309.2211491584277
world_model_cem,46,115,-239.5631456175919
world_model_cem,46,116,-250.71752700782136
world_model_cem,46,117,-241.17113310830285
world_model_cem,46,118,-283.365489712367
world_model_cem,46,119,-214.166279504685
world_model_cem,46,120,-293.32934619467215
world_model_cem,46,121,-210.5336814471964
world_model_cem,46,122,-294.0716118234994
world_model_cem,46,123,-290.41098483224755
world_model_cem,46,124,-275.6621029656486
world_model_cem,46,125,-297.03818509304347
world_model_cem,46,126,-303.7168603249277
world_model_cem,46,127,-297.34264742053756
world_model_cem,46,128,-296.5029803844656
world_model_cem,46,129,-279.6589050459813
world_model_cem,46,130,-291.4753950284976
world_model_cem,46,131,-285.4957198217786
world_model_cem,46,132,-282.4445617239906
world_model_cem,46,133,-285.30278189388594
world_model_cem,46,134,-282.4467022877557
world_model_cem,46,135,-276.22094668873535
world_model_cem,46,136,-273.4524035474011
world_model_cem,46,137,-271.5478457476452
world_model_cem,46,138,-267.0822147255021
world_model_cem,46,139,-272.77548287720873
world_model_cem,46,140,-277.5293268348861
world_model_cem,46,141,-283.1918909194653
world_model_cem,46,142,-272.64832466246685
world_model_cem,46,143,-283.9548501991994
world_model_cem,46,144,-288.0954673906805
world_model_cem,46,145,-296.83365942869455
world_model_cem,46,146,-296.12528172910896
world_model_cem,46,147,-290.1884699297775
world_model_cem,46,148,-291.0534506167293
world_model_cem,46,149,-292.1584182637584
world_model_cem,46,150,-294.34149389989585
world_model_cem,46,151,-302.25391180352005
world_model_cem,46,152,-292.87826181347145
world_model_cem,46,153,-295.2095318777133
world_model_cem,46,154,-292.2897465060762
world_model_cem,46,155,-292.87112679744655
world_model_cem,46,156,-294.48453155942786
world_model_cem,46,157,-290.49816420409616
world_model_cem,46,158,-290.6905596716151
world_model_cem,46,159,-283.48036318277997
world_model_cem,46,160,-293.29562485643396
world_model_cem,46,161,-295.72810113069283
world_model_cem,46,162,-289.5327381140263
world_model_cem,46,163,-284.21584856734944
world_model_cem,46,164,-291.7981745200385
world_model_cem,46,165,-281.5288931424211
world_model_cem,46,166,-289.79533634094685
world_model_cem,46,167,-282.27195123478543
world_model_cem,46,168,-281.38790769353363
world_model_cem,46,169,-282.1586372888652
world_model_cem,46,170,-274.0725180800974
world_model_cem,46,171,-281.4260403474353
world_model_cem,46,172,-272.0785287185442
world_model_cem,46,173,-274.70134259596557
world_model_cem,46,174,-284.71202282680696
world_model_cem,46,175,-282.74890682501467
world_model_cem,46,176,-280.0322003900857
world_model_cem,46,177,-282.99849563918133
world_model_cem,46,178,-287.7302760100861
world_model_cem,46,179,-291.6480346366122
world_model_cem,46,180,-286.0515028266379
world_model_cem,46,181,-289.22621288470293
world_model_cem,46,182,-289.70007823801666
world_model_cem,46,183,-298.94733308600934
world_model_cem,46,184,-288.39581780737024
world_model_cem,46,185,-299.2475649330257
world_model_cem,46,186,-291.291837699652
world_model_cem,46,187,-295.2933999344663
world_model_cem,46,188,-289.699759015139
world_model_cem,46,189,-295.76105380770724
world_model_cem,46,190,-293.07383196293586
world_model_cem,46,191,-293.54128618517484
world_model_cem,46,192,-292.25502311464925
world_model_cem,46,193,-293.8798676716143
world_model_cem,46,194,-285.2864194862659
world_model_cem,46,195,-288.58454027593126
world_model_cem,46,196,-284.70860459684945
world_model_cem,46,197,-286.4174921442245
world_model_cem,46,198,-279.9640874549495
world_model_cem,46,199,-279.03245297814203
world_model_cem,46,200,-283.3132564761564
world_model_cem,46,201,-285.3189205076309
world_model_cem,46,202,-282.82715761356036
world_model_cem,46,203,-275.5181148264957
world_model_cem,46,204,-290.19535962261654
world_model_cem,46,205,-288.09881229084056
world_model_cem,46,206,-293.56869713365785
world_model_cem,46,207,-282.34148115288446
world_model_cem,46,208,-287.2682116157986
world_model_cem,46,209,-285.4094295144179
world_model_cem,46,210,-292.3355545311594
world_model_cem,46,211,-291.35691652143464
world_model_cem,46,212,-283.8169283981735
world_model_cem,46,213,-292.0693699073794
world_model_cem,46,214,-289.2491989852528
world_model_cem,46,215,-289.62493428502415
world_model_cem,46,216,-289.64455750529316
world_model_cem,46,217,-290.7028412550377
world_model_cem,46,218,-282.60210341842463
world_model_cem,46,219,-277.5877831896003
world_model_cem,46,220,-285.3146763241298
world_model_cem,46,221,-278.52678369056434
world_model_cem,46,222,-282.76215915681695
world_model_cem,46,223,-282.6856453163074
world_model_cem,46,224,-284.9721312408019
world_model_cem,46,225,-286.51095814293865
world_model_cem,46,226,-281.8825469279869
world_model_cem,46,227,-282.12574099637675
world_model_cem,46,228,-284.6400639291113
world_model_cem,46,229,-285.5318168117881
world_model_cem,46,230,-285.86019107505444
world_model_cem,46,231,-280.9405216961194
world_model_cem,46,232,-291.4654513280419
world_model_cem,46,233,-279.70179009167833
world_model_cem,46,234,-285.4041128156323
world_model_cem,46,235,-290.39911321271654
world_model_cem,46,236,-286.8285679245847
world_model_cem,46,237,-292.0373394847819
world_model_cem,46,238,-292.03558788950465
world_model_cem,46,239,-287.5750168189502
world_model_cem,46,240,-292.23876299449626
world_model_cem,46,241,-291.3156122777332
world_model_cem,46,242,-298.8032629515945
world_model_cem,46,243,-287.32624437667727
world_model_cem,46,244,-289.28536693889083
world_model_cem,46,245,-293.52324164347306
world_model_cem,46,246,-292.72580876225777
world_model_cem,46,247,-284.1618292857387
world_model_cem,46,248,-283.4510699942409
world_model_cem,46,249,-281.8583311388403
world_model_cem,46,250,-278.86751069727455
world_model_cem,46,251,-287.1928758293149
world_model_cem,46,252,-281.62525270563873
world_model_cem,46,253,-286.144198579361
world_model_cem,46,254,-286.4267074787561
world_model_cem,46,255,-287.36560445995923
world_model_cem,46,256,-288.46282167426307
world_model_cem,46,257,-290.6724097073294
world_model_cem,46,258,-282.277695603949
world_model_cem,46,259,-287.074924471331
world_model_cem,46,260,-295.1189330191189
world_model_cem,46,261,-280.4588165606869
world_model_cem,46,262,-293.1829357173543
world_model_cem,46,263,-282.7087360223081
world_model_cem,46,264,-288.8914532099954
world_model_cem,46,265,-283.9558997723186
world_model_cem,46,266,-290.9700791075727
world_model_cem,46,267,-289.18635281391505
world_model_cem,46,268,-294.52224146247454
world_model_cem,46,269,-278.9700682715751
world_model_cem,46,270,-285.61462170917724
world_model_cem,46,271,-289.3136594045842
world_model_cem,46,272,-284.64051366853255
world_model_cem,46,273,-290.2880579064738
world_model_cem,46,274,-289.89293690017047
world_model_cem,46,275,-288.7321643936247
world_model_cem,46,276,-289.17330809810574
world_model_cem,46,277,-290.89146845229385
world_model_cem,46,278,-288.0613698480886
world_model_cem,46,279,-285.74556083463494
world_model_cem,46,280,-276.2611642256325
world_model_cem,46,281,-282.93463298630263
world_model_cem,46,282,-283.8409970466466
world_model_cem,46,283,-292.45550536324333
world_model_cem,46,284,-281.70494703223557
world_model_cem,46,285,-288.5492877501866
world_model_cem,46,286,-283.1078674374218
world_model_cem,46,287,-286.73730585651026
world_model_cem,46,288,-283.69019420873775
world_model_cem,46,289,-289.4939195905157
world_model_cem,46,290,-286.92241121051126
world_model_cem,46,291,-285.2904011401685
world_model_cem,46,292,-283.5951318216928
world_model_cem,46,293,-290.57826662971377
world_model_cem,46,294,-291.2554722307708
world_model_cem,46,295,-276.657189437704
world_model_cem,46,296,-281.1379940217755
world_model_cem,46,297,-286.8010317863703
world_model_cem,46,298,-293.1135974121344
world_model_cem,46,299,-284.6146640324688
world_model_cem,46,300,-285.35324963091574
world_model_cem,46,301,-292.56532043223103
world_model_cem,46,302,-281.555166115721
world_model_cem,46,303,-286.5208448610828
world_model_cem,46,304,-290.7570796186955
world_model_cem,46,305,-286.10826447254846
world_model_cem,46,306,-294.94861347066694
world_model_cem,46,307,-288.68460885021915
world_model_cem,46,308,-288.86661133812225
world_model_cem,46,309,-282.472073028585
world_model_cem,46,310,-286.5217253021155
world_model_cem,46,311,-284.2180571494264
world_model_cem,46,312,-275.6020049917377
world_model_cem,46,313,-293.041776924587
world_model_cem,46,314,-289.4471129098904
world_model_cem,46,315,-277.5265319783424
world_model_cem,46,316,-286.99184574389477
world_model_cem,46,317,-285.53183405651396
world_model_cem,46,318,-291.7809606239687
world_model_cem,46,319,-284.1400979853818
world_model_cem,46,320,-287.60860599761315
world_model_cem,46,321,-285.61517650734396
world_model_cem,46,322,-290.99050562057084
world_model_cem,46,323,-283.4091418321874
world_model_cem,46,324,-286.04276306538594
world_model_cem,46,325,-289.0684883999749
world_model_cem,46,326,-285.01966036528086
world_model_cem,46,327,-292.71541844417123
world_model_cem,46,328,-280.8085833394098
world_model_cem,46,329,-277.13807718930786
world_model_cem,46,330,-285.76977543709694
world_model_cem,46,331,-289.3438863070876
world_model_cem,46,332,-298.7657022704062
world_model_cem,46,333,-286.3175893393126
world_model_cem,46,334,-289.79940350863717
world_model_cem,46,335,-292.6882844781488
world_model_cem,46,336,-286.19338843464686
world_model_cem,46,337,-278.98906966522
world_model_cem,46,338,-286.7115655900365
world_model_cem,46,339,-281.87715200329546
world_model_cem,46,340,-278.5648895112586
world_model_cem,46,341,-288.1711309221754
world_model_cem,46,342,-285.9963998499898
world_model_cem,46,343,-279.0216678628632
world_model_cem,46,344,-278.99813605679884
world_model_cem,46,345,-288.5640123773848
world_model_cem,46,346,-282.0269923172386
world_model_cem,46,347,-277.6910209742729
world_model_cem,46,348,-288.40839107155114
world_model_cem,46,349,-287.5066351231836
world_model_cem,46,350,-290.7703231328339
world_model_cem,46,351,-288.0345216565007
world_model_cem,46,352,-275.9511368176092
world_model_cem,46,353,-288.599696683915
world_model_cem,46,354,-287.3372304529887
world_model_cem,46,355,-292.40525548685844
world_model_cem,46,356,-293.56113954343
world_model_cem,46,357,-284.26034929877494
world_model_cem,46,358,-284.8169854582311
world_model_cem,46,359,-286.75547929743936
world_model_cem,46,360,-285.3945112845983
world_model_cem,46,361,-287.78000545630107
world_model_cem,46,362,-288.21586894552087
world_model_cem,46,363,-284.5533760203862
world_model_cem,46,364,-291.5281629153211
world_model_cem,46,365,-286.89589199066
world_model_cem,46,366,-287.1483682905207
world_model_cem,46,367,-290.86772348737
world_model_cem,46,368,-288.6427169283769
world_model_cem,46,369,-290.82873796854614
world_model_cem,46,370,-286.71112187865833
world_model_cem,46,371,-280.37946035916997
world_model_cem,46,372,-290.95749516714346
world_model_cem,46,373,-283.9677619108566
world_model_cem,46,374,-277.49057478919576
world_model_cem,46,375,-289.3094481699487
world_model_cem,46,376,-289.56295573599004
world_model_cem,46,377,-288.93287194343924
world_model_cem,46,378,-284.65212796070136
world_model_cem,46,379,-272.15655931740486
world_model_cem,46,380,-290.3207661624216
world_model_cem,46,381,-287.6322486012409
world_model_cem,46,382,-287.2310372050955
world_model_cem,46,383,-283.9940334537728
world_model_cem,46,384,-289.0292257688237
world_model_cem,46,385,-288.84490250438273
world_model_cem,46,386,-282.2547706889922
world_model_cem,46,387,-285.71242967311974
world_model_cem,46,388,-282.7883459455867
world_model_cem,46,389,-287.72736726233524
world_model_cem,46,390,-289.8641837582095
world_model_cem,46,391,-278.6339775499416
world_model_cem,46,392,-286.6758559940895
world_model_cem,46,393,-289.1831736668713
world_model_cem,46,394,-287.59650500460845
world_model_cem,46,395,-284.6751577415652
world_model_cem,46,396,-288.89291151718976
world_model_cem,46,397,-290.88821630375935
world_model_cem,46,398,-288.48174643005456
world_model_cem,46,399,-289.0165152444081
world_model_cem,46,400,-280.42471415498676
world_model_cem,46,401,-283.4916794790509
world_model_cem,46,402,-276.5553232625052
world_model_cem,46,403,-291.6766916164657
world_model_cem,46,404,-296.1055073755675
world_model_cem,46,405,-286.42838608365145
world_model_cem,46,406,-286.7426895662952
world_model_cem,46,407,-287.6258681654558
world_model_cem,46,408,-287.8127747640339
world_model_cem,46,409,-284.3804544873108
world_model_cem,46,410,-284.69117638919477
world_model_cem,46,411,-278.4087832984233
world_model_cem,46,412,-279.49643633742545
world_model_cem,46,413,-286.18043524374445
world_model_cem,46,414,-287.3417082329336
world_model_cem,46,415,-288.28860370795377
world_model_cem,46,416,-270.1199750315361
world_model_cem,46,417,-290.01152470460045
world_model_cem,46,418,-290.8065645191476
world_model_cem,46,419,-288.6005964625126
world_model_cem,46,420,-288.6781196749765
world_model_cem,46,421,-296.78802206132315
world_model_cem,46,422,-291.5576052002058
world_model_cem,46,423,-290.5722772230052
world_model_cem,46,424,-288.8488645685015
world_model_cem,46,425,-286.65916292336976
world_model_cem,46,426,-284.37092877400215
world_model_cem,46,427,-284.843904647058
world_model_cem,46,428,-287.62808142550864
world_model_cem,46,429,-280.4034554115657
world_model_cem,46,430,-287.5517177624751
world_model_cem,46,431,-289.3355869744675
world_model_cem,46,432,-286.5660418918081
world_model_cem,46,433,-285.56716808412375
world_model_cem,46,434,-285.7608614707682
world_model_cem,46,435,-282.0617032810313
world_model_cem,46,436,-282.412952265212
world_model_cem,46,437,-283.8367112483671
world_model_cem,46,438,-286.11719384569557
world_model_cem,46,439,-288.0373130301953
world_model_cem,46,440,-281.0531055220008
world_model_cem,46,441,-289.8019672509579
world_model_cem,46,442,-289.0101283542618
world_model_cem,46,443,-291.536755815328
world_model_cem,46,444,-287.60311354143545
world_model_cem,46,445,-288.38200292171695
world_model_cem,46,446,-275.2587018274306
world_model_cem,46,447,-286.53907788458935
world_model_cem,46,448,-284.56440231109127
world_model_cem,46,449,-284.32469803783925
world_model_cem,46,450,-288.3318016414255
world_model_cem,46,451,-286.79624927581335
world_model_cem,46,452,-284.7829586381084
world_model_cem,46,453,-279.30342751086243
world_model_cem,46,454,-276.63342262637406
world_model_cem,46,455,-282.8174891715851
world_model_cem,46,456,-285.35912802065803
world_model_cem,46,457,-287.4346952866556
world_model_cem,46,458,-290.660906382775
world_model_cem,46,459,-288.6338216090068
world_model_cem,46,460,-275.3442723949699
world_model_cem,46,461,-287.87471932388263
world_model_cem,46,462,-279.03684895934174
world_model_cem,46,463,-293.74157943376935
world_model_cem,46,464,-288.45501972475097
world_model_cem,46,465,-293.4388887582495
world_model_cem,46,466,-299.53325049124567
world_model_cem,46,467,-294.5712898260834
world_model_cem,46,468,-293.45298475559713
world_model_cem,46,469,-285.46495453925354
world_model_cem,46,470,-289.6915382056999
world_model_cem,46,471,-281.9833915964572
world_model_cem,46,472,-288.03562710728426
world_model_cem,46,473,-276.73078758262557
world_model_cem,46,474,-286.0313174651972
world_model_cem,46,475,-284.12770915465654
world_model_cem,46,476,-289.84777389036
world_model_cem,46,477,-277.9693189014396
world_model_cem,46,478,-291.9931259375174
world_model_cem,46,479,-290.2897855456522
world_model_cem,46,480,-290.24034588973615
world_model_cem,46,481,-291.11595503763203
world_model_cem,46,482,-290.367697566226
world_model_cem,46,483,-291.0196170138221
world_model_cem,46,484,-285.46235994820404
world_model_cem,46,485,-285.2299695298601
world_model_cem,46,486,-283.9853778860982
world_model_cem,46,487,-290.32259522468524
world_model_cem,46,488,-288.8445191714641
world_model_cem,46,489,-290.59941212180547
world_model_cem,46,490,-289.2648380034304
world_model_cem,46,491,-278.71822635556987
world_model_cem,46,492,-288.14226698716743
world_model_cem,46,493,-283.92563928222586
world_model_cem,46,494,-287.326535853528
world_model_cem,46,495,-278.49876912717184
world_model_cem,46,496,-284.03338623161596
world_model_cem,46,497,-279.24168593733134
world_model_cem,46,498,-287.52121101220763
world_model_cem,46,499,-292.3196851875017
world_model_cem,46,500,-287.9200464271714
world_model_cem,46,501,-290.25649498701256
world_model_cem,46,502,-285.7541730334714
world_model_cem,46,503,-285.69349256620455
world_model_cem,46,504,-286.4784447258731
world_model_cem,46,505,-291.8380631182299
world_model_cem,46,506,-286.4074476023616
world_model_cem,46,507,-282.8613630440601
world_model_cem,46,508,-281.7190067522854
world_model_cem,46,509,-284.8646345465703
world_model_cem,46,510,-277.61608144189825
world_model_cem,46,511,-285.54855821776664
world_model_cem,46,512,-281.3195102262282
world_model_cem,46,513,-290.4583537199341
world_model_cem,46,514,-289.16728478006655
world_model_cem,46,515,-285.44988390119
world_model_cem,46,516,-283.62144046277945
world_model_cem,46,517,-287.8283912950521
world_model_cem,46,518,-283.4394898332757
world_model_cem,46,519,-285.3166460696694
world_model_cem,46,520,-285.04361228392577
world_model_cem,46,521,-291.19893622982784
world_model_cem,46,522,-284.67673943658485
world_model_cem,46,523,-289.07302002399535
world_model_cem,46,524,-293.88985343743224
world_model_cem,46,525,-282.3807041110374
world_model_cem,46,526,-291.94755734374826
world_model_cem,46,527,-295.41405949384637
world_model_cem,46,528,-284.84447237101034
world_model_cem,46,529,-284.1118074756712
world_model_cem,46,530,-293.16102885753446
world_model_cem,46,531,-291.6330027092988
world_model_cem,46,532,-292.8289839181922
world_model_cem,46,533,-290.4029866311797
world_model_cem,46,534,-283.993178966644
world_model_cem,46,535,-281.3522580738597
world_model_cem,46,536,-285.9680954632573
world_model_cem,46,537,-278.9745787919792
world_model_cem,46,538,-286.0091399288133
world_model_cem,46,539,-287.5336597271945
world_model_cem,46,540,-286.8484365302353
world_model_cem,46,541,-289.9620688200081
world_model_cem,46,542,-281.443971088371
world_model_cem,46,543,-281.3143727619554
world_model_cem,46,544,-289.90477162272714
world_model_cem,46,545,-280.1487839000667
world_model_cem,46,546,-292.3420458177318
world_model_cem,46,547,-283.67540497182165
world_model_cem,46,548,-288.9467608413397
world_model_cem,46,549,-283.1113016592777
world_model_cem,46,550,-284.05383918023597
world_model_cem,46,551,-286.89980630996047
world_model_cem,46,552,-285.729442217776
world_model_cem,46,553,-287.5611982273386
world_model_cem,46,554,-286.6460163645738
world_model_cem,46,555,-289.5565159543472
world_model_cem,46,556,-291.3831784123994
world_model_cem,46,557,-289.55105344538845
world_model_cem,46,558,-274.5278940914229
world_model_cem,46,559,-289.72199749499464
world_model_cem,46,560,-290.4960842498415
world_model_cem,46,561,-287.94213507015
world_model_cem,46,562,-284.20767316499814
world_model_cem,46,563,-287.82270590091196
world_model_cem,46,564,-285.91763913604245
world_model_cem,46,565,-285.62973830511544
world_model_cem,46,566,-285.1372188131614
world_model_cem,46,567,-288.67705020320375
world_model_cem,46,568,-280.7823007781915
world_model_cem,46,569,-289.55968807946215
world_model_cem,46,570,-282.8402621415063
world_model_cem,46,571,-287.0336574486409
world_model_cem,46,572,-290.66032249439
world_model_cem,46,573,-288.0239661594924
world_model_cem,46,574,-294.41953015739534
world_model_cem,46,575,-287.5446795016062
world_model_cem,46,576,-284.4263060213047
world_model_cem,46,577,-289.0960259118606
world_model_cem,46,578,-288.9025224546023
world_model_cem,46,579,-291.5985967224111
world_model_cem,46,580,-284.86715118227215
world_model_cem,46,581,-285.8512713761795
world_model_cem,46,582,-289.2487618402506
world_model_cem,46,583,-279.60872298256555
world_model_cem,46,584,-293.2473648660303
world_model_cem,46,585,-290.9082943040921
world_model_cem,46,586,-280.63660908154895
world_model_cem,46,587,-289.2295534326113
world_model_cem,46,588,-293.10628194291735
world_model_cem,46,589,-286.44026696658125
world_model_cem,46,590,-292.6673483046182
world_model_cem,46,591,-292.10940213801734
world_model_cem,46,592,-285.4379011854379
world_model_cem,46,593,-285.963687482065
world_model_cem,46,594,-289.4220063426234
world_model_cem,46,595,-281.25156890086055
world_model_cem,46,596,-285.09660766144344
world_model_cem,46,597,-280.6762720008162
world_model_cem,46,598,-282.06790762248653
world_model_cem,46,599,-283.4681988516307
world_model_cem,46,600,-275.63083436430946
world_model_cem,46,601,-287.02208731460644
world_model_cem,46,602,-286.5906642469296
world_model_cem,46,603,-273.84595323510536
world_model_cem,46,604,-284.82399367390667
world_model_cem,46,605,-294.18334662184185
world_model_cem,46,606,-292.21630031759486
world_model_cem,46,607,-291.82731472408875
world_model_cem,46,608,-288.1397887368666
world_model_cem,46,609,-294.04273709639597
world_model_cem,46,610,-284.5275232267225
world_model_cem,46,611,-287.37901971436935
world_model_cem,46,612,-295.8563627235201
world_model_cem,46,613,-286.07433576701266
world_model_cem,46,614,-287.3680129953393
world_model_cem,46,615,-287.4560534267013
world_model_cem,46,616,-276.86723733371133
world_model_cem,46,617,-288.23461124985096
world_model_cem,46,618,-275.24795184589493
world_model_cem,46,619,-285.2069395143874
world_model_cem,46,620,-283.5765310310937
world_model_cem,46,621,-287.6863061290655
world_model_cem,46,622,-291.77549051579734
world_model_cem,46,623,-283.90630031871825
world_model_cem,46,624,-288.93854791071317
world_model_cem,46,625,-285.8506046967912
world_model_cem,46,626,-285.97657812298786
world_model_cem,46,627,-284.18470011806573
world_model_cem,46,628,-289.89329192465345
world_model_cem,46,629,-288.5617000257969
world_model_cem,46,630,-288.6444292924797
world_model_cem,46,631,-280.79474914531477
world_model_cem,46,632,-288.8340698387833
world_model_cem,46,633,-282.62237052347206
world_model_cem,46,634,-290.79440669725386
world_model_cem,46,635,-285.8485090319023
world_model_cem,46,636,-283.4110928877209
world_model_cem,46,637,-287.4628548804183
world_model_cem,46,638,-281.8299595105046
world_model_cem,46,639,-272.05413133532244
world_model_cem,46,640,-284.33835582564035
world_model_cem,46,641,-287.1179066578402
world_model_cem,46,642,-288.69540852367993
world_model_cem,46,643,-289.8339527704438
world_model_cem,46,644,-291.9680262922029
world_model_cem,46,645,-286.4213856630681
world_model_cem,46,646,-291.7291478111706
world_model_cem,46,647,-290.28292997749605
world_model_cem,46,648,-284.0879837031657
world_model_cem,46,649,-280.6791105366972
world_model_cem,46,650,-270.7929952382981
world_model_cem,46,651,-283.9264405381958
world_model_cem,46,652,-277.79230720012487
world_model_cem,46,653,-283.1762438093985
world_model_cem,46,654,-279.95839979455883
world_model_cem,46,655,-282.76792084046497
world_model_cem,46,656,-287.76755785778954
world_model_cem,46,657,-280.88970583161006
world_model_cem,46,658,-284.78603256152184
world_model_cem,46,659,-284.1944006052867
world_model_cem,46,660,-287.7748075081545
world_model_cem,46,661,-289.09112864930313
world_model_cem,46,662,-290.5025469357985
world_model_cem,46,663,-289.54947299461935
world_model_cem,46,664,-287.4667997557215
world_model_cem,46,665,-281.1247566998896
world_model_cem,46,666,-289.83027156348146
world_model_cem,46,667,-270.7667970190659
world_model_cem,46,668,-288.7887552361958
world_model_cem,46,669,-286.47519071128806
world_model_cem,46,670,-285.56210117965065
world_model_cem,46,671,-288.46166530577773
world_model_cem,46,672,-286.42821346155154
world_model_cem,46,673,-286.7873088560434
world_model_cem,46,674,-289.2383160269253
world_model_cem,46,675,-287.18039485457257
world_model_cem,46,676,-282.6313108462051
world_model_cem,46,677,-288.3805650515366
world_model_cem,46,678,-286.01904150665916
world_model_cem,46,679,-285.70099601553096
world_model_cem,46,680,-289.83932323338774
world_model_cem,46,681,-283.8548874150887
world_model_cem,46,682,-287.6184085398048
world_model_cem,46,683,-291.6419390764104
world_model_cem,46,684,-287.7502862415539
world_model_cem,46,685,-285.56543249330605
world_model_cem,46,686,-281.3609488244834
world_model_cem,46,687,-284.9351207359872
world_model_cem,46,688,-271.6661845270933
world_model_cem,46,689,-283.4048285461754
world_model_cem,46,690,-277.6047520805567
world_model_cem,46,691,-287.48940544844686
world_model_cem,46,692,-290.6815303722371
world_model_cem,46,693,-285.47134820262943
world_model_cem,46,694,-283.3124419394251
world_model_cem,46,695,-289.2742125360327
world_model_cem,46,696,-280.1858675572387
world_model_cem,46,697,-278.8691144043539
world_model_cem,46,698,-281.74916695809134
world_model_cem,46,699,-279.7042074125987
world_model_cem,46,700,-291.93433472031415
world_model_cem,46,701,-287.38498331789674
world_model_cem,46,702,-286.2003225940428
world_model_cem,46,703,-282.8853167064028
world_model_cem,46,704,-293.0452951051399
world_model_cem,46,705,-289.36471860189846
world_model_cem,46,706,-280.4423325186811
world_model_cem,46,707,-286.12979102207214
world_model_cem,46,708,-275.4309953013569
world_model_cem,46,709,-280.4091422569061
world_model_cem,46,710,-284.9928638041169
world_model_cem,46,711,-285.1380994209554
world_model_cem,46,712,-287.63845638047343
world_model_cem,46,713,-285.00209983773664
world_model_cem,46,714,-280.40821568052
world_model_cem,46,715,-279.2167006691042
world_model_cem,46,716,-286.58231708377133
world_model_cem,46,717,-279.0294644405707
world_model_cem,46,718,-290.3916765336043
world_model_cem,46,719,-286.8701381821948
world_model_cem,46,720,-291.5285247247256
world_model_cem,46,721,-289.19271347917436
world_model_cem,46,722,-285.0625323843823
world_model_cem,46,723,-283.8712317687817
world_model_cem,46,724,-276.28588265405324
world_model_cem,46,725,-288.4275969894697
world_model_cem,46,726,-288.5857332722619
world_model_cem,46,727,-291.1759331662517
world_model_cem,46,728,-287.3281272805144
world_model_cem,46,729,-290.8637820701498
world_model_cem,46,730,-287.6234851819686
world_model_cem,46,731,-283.60898033528105
world_model_cem,46,732,-294.1729626735822
world_model_cem,46,733,-291.2743867306656
world_model_cem,46,734,-291.0196702016837
world_model_cem,46,735,-296.4303026897137
world_model_cem,46,736,-282.98124679689647
world_model_cem,46,737,-289.97529975929024
world_model_cem,46,738,-288.460645107078
world_model_cem,46,739,-294.5944237568287
world_model_cem,46,740,-292.7896972209159
world_model_cem,46,741,-293.91074537303336
world_model_cem,46,742,-285.3178706867248
world_model_cem,46,743,-293.65019046772795
world_model_cem,46,744,-272.37394570183824
world_model_cem,46,745,-278.31374345989
world_model_cem,46,746,-287.23430342417026
world_model_cem,46,747,-276.65627019016335
world_model_cem,46,748,-276.5969762409558
world_model_cem,46,749,-288.62495569043875
world_model_cem,46,750,-286.7128937543541
world_model_cem,46,751,-279.38985380947497
world_model_cem,46,752,-279.9165140046012
world_model_cem,46,753,-284.9127156890044
world_model_cem,46,754,-283.5558940164842
world_model_cem,46,755,-286.4876577215688
world_model_cem,46,756,-280.26825579670316
world_model_cem,46,757,-293.01182107942174
world_model_cem,46,758,-286.4740127218355
world_model_cem,46,759,-291.7848167876645
world_model_cem,46,760,-294.6941060400085
world_model_cem,46,761,-293.7570925301033
world_model_cem,46,762,-283.46452841223356
world_model_cem,46,763,-287.088304290442
world_model_cem,46,764,-292.79814801946407
world_model_cem,46,765,-288.0049704868555
world_model_cem,46,766,-288.13329509223433
world_model_cem,46,767,-293.131433072444
world_model_cem,46,768,-276.95607807205784
world_model_cem,46,769,-287.6848350678929
world_model_cem,46,770,-289.4834981043093
world_model_cem,46,771,-279.86681186596695
world_model_cem,46,772,-293.0858307567407
world_model_cem,46,773,-282.14956055427217
world_model_cem,46,774,-292.27040985752376
world_model_cem,46,775,-281.4776879555502
world_model_cem,46,776,-283.34649487521085
world_model_cem,46,777,-278.12229441068723
world_model_cem,46,778,-281.3133686642462
world_model_cem,46,779,-280.6597381810669
world_model_cem,46,780,-275.1985093819361
world_model_cem,46,781,-290.2876094298144
world_model_cem,46,782,-295.869462216864
world_model_cem,46,783,-285.53719789848384
world_model_cem,46,784,-289.5500379643036
world_model_cem,46,785,-288.299812361165
world_model_cem,46,786,-293.03905469396886
world_model_cem,46,787,-281.2869613882771
world_model_cem,46,788,-284.87615911138596
world_model_cem,46,789,-289.64534138789475
world_model_cem,46,790,-290.22821170749256
world_model_cem,46,791,-285.43622759817305
world_model_cem,46,792,-287.3263552224498
world_model_cem,46,793,-288.8209486345222
world_model_cem,46,794,-278.08747055438243
world_model_cem,46,795,-288.747276133703
world_model_cem,46,796,-288.0179999227477
world_model_cem,46,797,-288.17597533313784
world_model_cem,46,798,-288.2906203394375
world_model_cem,46,799,-288.0823805619482
world_model_cem,46,800,-288.92518534862984
world_model_cem,46,801,-290.74435341343235
world_model_cem,46,802,-294.05826185516946
world_model_cem,46,803,-292.17780622713855
world_model_cem,46,804,-295.16283360412797
world_model_cem,46,805,-290.91246913324846
world_model_cem,46,806,-286.47589786163434
world_model_cem,46,807,-283.87030022150105
world_model_cem,46,808,-285.3513183098423
world_model_cem,46,809,-283.8133479186704
world_model_cem,46,810,-287.6065527715759
world_model_cem,46,811,-285.68630358218763
world_model_cem,46,812,-283.8999854266734
world_model_cem,46,813,-287.55042275078017
world_model_cem,46,814,-289.1726760776368
world_model_cem,46,815,-282.13929840840115
world_model_cem,46,816,-273.54996839786935
world_model_cem,46,817,-283.97665835938346
world_model_cem,46,818,-283.7162862368957
world_model_cem,46,819,-284.89316566845514
world_model_cem,46,820,-287.6019087792893
world_model_cem,46,821,-288.04680760345633
world_model_cem,46,822,-281.7820099317713
world_model_cem,46,823,-282.67336851778714
world_model_cem,46,824,-288.57278399832586
world_model_cem,46,825,-286.314122848191
world_model_cem,46,826,-287.7066390719861
world_model_cem,46,827,-274.3896775478331
world_model_cem,46,828,-282.03424599388234
world_model_cem,46,829,-275.4103200683682
world_model_cem,46,830,-287.2574608946741
world_model_cem,46,831,-272.61453016101444
world_model_cem,46,832,-289.707985614668
world_model_cem,46,833,-280.34238965932997
world_model_cem,46,834,-278.61152153017565
world_model_cem,46,835,-280.1158919974618
world_model_cem,46,836,-287.6140790829452
world_model_cem,46,837,-287.9279470088227
world_model_cem,46,838,-292.47854857497896
world_model_cem,46,839,-295.16384224964617
world_model_cem,46,840,-291.19351732650716
world_model_cem,46,841,-283.2824076248475
world_model_cem,46,842,-282.5388272865877
world_model_cem,46,843,-275.4381491465457
world_model_cem,46,844,-292.24170268426917
world_model_cem,46,845,-289.4588448229783
world_model_cem,46,846,-282.33602942082706
world_model_cem,46,847,-283.6795539479445
world_model_cem,46,848,-283.01624900291495
world_model_cem,46,849,-275.56051488752246
world_model_cem,46,850,-289.99953729367604
world_model_cem,46,851,-285.5057150933412
world_model_cem,46,852,-287.4355707174005
world_model_cem,46,853,-279.9511280228463
world_model_cem,46,854,-281.84939388035957
world_model_cem,46,855,-296.29684546076334
world_model_cem,46,856,-288.52774858642556
world_model_cem,46,857,-283.2252189839287
world_model_cem,46,858,-283.44716223199214
world_model_cem,46,859,-290.83936145754353
world_model_cem,46,860,-269.56649412650296
world_model_cem,46,861,-270.991927864337
world_model_cem,46,862,-286.0037644701832
world_model_cem,46,863,-286.9495325059526
world_model_cem,46,864,-283.2030191491445
world_model_cem,46,865,-282.2339634872669
world_model_cem,46,866,-280.74806151000996
world_model_cem,46,867,-287.5204300054925
world_model_cem,46,868,-277.5853052388803
world_model_cem,46,869,-291.07878943123137
world_model_cem,46,870,-286.0733684118199
world_model_cem,46,871,-294.34722459157564
world_model_cem,46,872,-292.982561034167
world_model_cem,46,873,-297.3069405950206
world_model_cem,46,874,-279.7687372388784
world_model_cem,46,875,-280.80255863506585
world_model_cem,46,876,-293.2993246079851
world_model_cem,46,877,-288.64024713007785
world_model_cem,46,878,-284.3103898789274
world_model_cem,46,879,-288.6651272342972
world_model_cem,46,880,-287.01779338417725
world_model_cem,46,881,-281.8660456011451
world_model_cem,46,882,-281.1578120403407
world_model_cem,46,883,-286.6213908109952
world_model_cem,46,884,-280.6601555568867
world_model_cem,46,885,-288.7924538174116
world_model_cem,46,886,-289.76505945218804
world_model_cem,46,887,-278.10424922674815
world_model_cem,46,888,-290.6556336149776
world_model_cem,46,889,-296.09047625262156
world_model_cem,46,890,-293.5275477537235
world_model_cem,46,891,-292.4927011060653
world_model_cem,46,892,-289.3559143732165
world_model_cem,46,893,-287.16461827139665
world_model_cem,46,894,-273.8482419333726
world_model_cem,46,895,-291.83554653080324
world_model_cem,46,896,-287.7991629047254
world_model_cem,46,897,-291.660886531487
world_model_cem,46,898,-294.1579017744411
world_model_cem,46,899,-285.13287176603797
world_model_cem,46,900,-287.91421138492785
world_model_cem,46,901,-278.76789382300313
world_model_cem,46,902,-286.18120697520226
world_model_cem,46,903,-286.8296127006275
world_model_cem,46,904,-284.89932577272236
world_model_cem,46,905,-282.81406039561284
world_model_cem,46,906,-285.0599814419978
world_model_cem,46,907,-290.184018224574
world_model_cem,46,908,-284.85754671023807
world_model_cem,46,909,-281.13063052868154
world_model_cem,46,910,-287.8839486984207
world_model_cem,46,911,-286.28059964281675
world_model_cem,46,912,-285.0715879643028
world_model_cem,46,913,-284.5585457832721
world_model_cem,46,914,-283.9184211356911
world_model_cem,46,915,-283.73288123458246
world_model_cem,46,916,-278.1221516436956
world_model_cem,46,917,-289.31366080311625
world_model_cem,46,918,-290.89715478607457
world_model_cem,46,919,-289.16503164725367
world_model_cem,46,920,-281.62659187256736
world_model_cem,46,921,-289.48963705006696
world_model_cem,46,922,-285.5851125120927
world_model_cem,46,923,-283.86184092736346
world_model_cem,46,924,-285.4206652486944
world_model_cem,46,925,-292.09900719743877
world_model_cem,46,926,-286.2340592836189
world_model_cem,46,927,-294.0119458299766
world_model_cem,46,928,-293.8892063675168
world_model_cem,46,929,-285.940926967487
world_model_cem,46,930,-290.7842115879563
world_model_cem,46,931,-281.6670208654421
world_model_cem,46,932,-291.9605924355109
world_model_cem,46,933,-290.56235286408304
world_model_cem,46,934,-295.11463022720375
world_model_cem,46,935,-292.610135374288
world_model_cem,46,936,-283.82648589909945
world_model_cem,46,937,-276.3258845100633
world_model_cem,46,938,-285.70572170709625
world_model_cem,46,939,-277.9290441754533
world_model_cem,46,940,-280.8270137169784
world_model_cem,46,941,-283.0148019829453
world_model_cem,46,942,-280.9625727321169
world_model_cem,46,943,-280.99040560714775
world_model_cem,46,944,-288.27890903605874
world_model_cem,46,945,-285.1946320257252
world_model_cem,46,946,-267.39244517199654
world_model_cem,46,947,-280.2208924392922
world_model_cem,46,948,-293.1729188235697
world_model_cem,46,949,-291.4971499341477
world_model_cem,46,950,-288.81389877576567
world_model_cem,46,951,-287.91929394532394
world_model_cem,46,952,-279.41997953910976
world_model_cem,46,953,-296.4164325079233
world_model_cem,46,954,-284.5459745359679
world_model_cem,46,955,-295.4246836494692
world_model_cem,46,956,-293.4554940505077
world_model_cem,46,957,-285.0484444489353
world_model_cem,46,958,-284.8143368746783
world_model_cem,46,959,-284.6562037238622
world_model_cem,46,960,-285.60010926762396
world_model_cem,46,961,-288.2139038122977
world_model_cem,46,962,-285.04966749601664
world_model_cem,46,963,-278.07039321275533
world_model_cem,46,964,-284.40680628563774
world_model_cem,46,965,-282.32638578170815
world_model_cem,46,966,-274.83427196372827
world_model_cem,46,967,-278.6885233533517
world_model_cem,46,968,-280.4731087544649
world_model_cem,46,969,-269.2711433450687
world_model_cem,46,970,-283.3456918150116
world_model_cem,46,971,-289.5225844116918
world_model_cem,46,972,-282.66287984413646
world_model_cem,46,973,-278.09193252044076
world_model_cem,46,974,-288.64584150559415
world_model_cem,46,975,-284.40643152086375
world_model_cem,46,976,-286.5323080616453
world_model_cem,46,977,-286.92959465570766
world_model_cem,46,978,-278.3707835181525
world_model_cem,46,979,-279.5162942069435
world_model_cem,46,980,-288.711766850415
world_model_cem,46,981,-286.1294928097566
world_model_cem,46,982,-286.65869388933777
world_model_cem,46,983,-280.7494205642133
world_model_cem,46,984,-285.0122278800816
world_model_cem,46,985,-279.4003755349198
world_model_cem,46,986,-287.6758912445099
world_model_cem,46,987,-285.24988534872585
world_model_cem,46,988,-276.12293158297666
world_model_cem,46,989,-290.85470001187696
world_model_cem,46,990,-295.50430963493665
world_model_cem,46,991,-287.5787796858489
world_model_cem,46,992,-293.50285072123984
world_model_cem,46,993,-289.2968535157049
world_model_cem,46,994,-293.4321645836651
world_model_cem,46,995,-289.3425718456418
world_model_cem,46,996,-287.4792523046146
world_model_cem,46,997,-287.60071032759714
world_model_cem,46,998,-290.2569152738173
world_model_cem,46,999,-290.7239737286191
world_model_cem,46,1000,-284.18561401245637
world_model_cem,47,1,-190.0952979424927
world_model_cem,47,2,-211.50813413843383
world_model_cem,47,3,-207.31611885991168
world_model_cem,47,4,-193.126634137711
world_model_cem,47,5,-180.70481531352323
world_model_cem,47,6,-202.23692006153237
world_model_cem,47,7,-181.1981260153334
world_model_cem,47,8,-185.64851815795637
world_model_cem,47,9,-200.436844719987
world_model_cem,47,10,-178.04574174901103
world_model_cem,47,11,-170.51918760123135
world_model_cem,47,12,-200.73178454110672
world_model_cem,47,13,-213.22913687559708
world_model_cem,47,14,-191.8751228204597
world_model_cem,47,15,-194.3857333070572
world_model_cem,47,16,-254.2541921469873
world_model_cem,47,17,-261.8308139497102
world_model_cem,47,18,-250.53974624045617
world_model_cem,47,19,-222.7873484341328
world_model_cem,47,20,-230.18741448842934
world_model_cem,47,21,-267.2104462370404
world_model_cem,47,22,-226.56874918842925
world_model_cem,47,23,-223.57919137622105
world_model_cem,47,24,-221.12245709198146
world_model_cem,47,25,-215.90719971120222
world_model_cem,47,26,-262.9821182342507
world_model_cem,47,27,-207.09198961692152
world_model_cem,47,28,-217.01862590137796
world_model_cem,47,29,-217.48956149773502
world_model_cem,47,30,-200.9481645250998
world_model_cem,47,31,-200.72937612339285
world_model_cem,47,32,-196.28999216136225
world_model_cem,47,33,-250.7323745653206
world_model_cem,47,34,-212.88855680446153
world_model_cem,47,35,-242.712998457404
world_model_cem,47,36,-214.71924561201763
world_model_cem,47,37,-197.0691444535149
world_model_cem,47,38,-200.39936083732408
world_model_cem,47,39,-199.98164233819222
world_model_cem,47,40,-241.45904381762222
world_model_cem,47,41,-208.54070471854715
world_model_cem,47,42,-195.47677844153893
world_model_cem,47,43,-197.98535016134775
world_model_cem,47,44,-193.21670174458072
world_model_cem,47,45,-197.79542340020956
world_model_cem,47,46,-190.75086822210707
world_model_cem,47,47,-242.4702158941493
world_model_cem,47,48,-220.7272160817933
world_model_cem,47,49,-188.56521032433287
world_model_cem,47,50,-216.17058243106692
world_model_cem,47,51,-184.50997223644737
world_model_cem,47,52,-204.92131021900263
world_model_cem,47,53,-218.3622684277522
world_model_cem,47,54,-223.78943628637546
world_model_cem,47,55,-212.98164344491929
world_model_cem,47,56,-284.4504607304632
world_model_cem,47,57,-219.39665501653408
world_model_cem,47,58,-206.86217103173018
world_model_cem,47,59,-204.48364680432303
world_model_cem,47,60,-212.4610630356513
world_model_cem,47,61,-210.83280053726156
world_model_cem,47,62,-252.27549503712325
world_model_cem,47,63,-203.9307441342899
world_model_cem,47,64,-193.55977087773027
world_model_cem,47,65,-181.03205760187478
world_model_cem,47,66,-235.08303833630464
world_model_cem,47,67,-166.12157087974418
world_model_cem,47,68,-166.69609119548
world_model_cem,47,69,-179.67215679549332
world_model_cem,47,70,-181.33329911514556
world_model_cem,47,71,-154.85708573689803
world_model_cem,47,72,-208.45667158315874
world_model_cem,47,73,-165.20718194262068
world_model_cem,47,74,-193.17019385547644
world_model_cem,47,75,-176.05684107097753
world_model_cem,47,76,-190.53489797641055
world_model_cem,47,77,-181.1063707203278
world_model_cem,47,78,-244.3591689771314
world_model_cem,47,79,-215.32601408653363
world_model_cem,47,80,-264.595402079344
world_model_cem,47,81,-198.90546606406485
world_model_cem,47,82,-214.53716875689304
world_model_cem,47,83,-255.36137584684099
world_model_cem,47,84,-257.603200649726
world_model_cem,47,85,-196.49972946057972
world_model_cem,47,86,-264.1396228843725
world_model_cem,47,87,-196.0784616355011
world_model_cem,47,88,-191.39157020144444
world_model_cem,47,89,-253.117940687104
world_model_cem,47,90,-207.99692860893657
world_model_cem,47,91,-200.0756649561955
world_model_cem,47,92,-266.78578623129806
world_model_cem,47,93,-214.48800142469491
world_model_cem,47,94,-202.52962033824983
world_model_cem,47,95,-211.65102439647234
world_model_cem,47,96,-214.00639428351533
world_model_cem,47,97,-201.54709004369482
world_model_cem,47,98,-241.2112513685836
world_model_cem,47,99,-193.31815700927297
world_model_cem,47,100,-207.41665102286305
world_model_cem,47,101,-185.636919081548
world_model_cem,47,102,-281.6654891166646
world_model_cem,47,103,-233.2228070310425
world_model_cem,47,104,-218.49760024417682
world_model_cem,47,105,-244.5640400258421
world_model_cem,47,106,-251.00198596665118
world_model_cem,47,107,-255.69775406175896
world_model_cem,47,108,-215.25034978936617
world_model_cem,47,109,-257.0268981782815
world_model_cem,47,110,-164.27995904917918
world_model_cem,47,111,-195.3570413852451
world_model_cem,47,112,-173.50231744101404
world_model_cem,47,113,-260.4531127497983
world_model_cem,47,114,-288.5506834708244
world_model_cem,47,115,-229.46015141260142
world_model_cem,47,116,-259.89715687280767
world_model_cem,47,117,-206.41410417092587
world_model_cem,47,118,-201.71549788433975
world_model_cem,47,119,-277.9050523073508
world_model_cem,47,120,-290.828967999432
world_model_cem,47,121,-286.9250491223727
world_model_cem,47,122,-290.3833255998876
world_model_cem,47,123,-293.2370253728608
world_model_cem,47,124,-284.2469388894221
world_model_cem,47,125,-284.6411105067972
world_model_cem,47,126,-277.1353043491758
world_model_cem,47,127,-284.42863820767064
world_model_cem,47,128,-278.99663805801805
world_model_cem,47,129,-280.64058248917263
world_model_cem,47,130,-282.4929054094772
world_model_cem,47,131,-279.23904420536246
world_model_cem,47,132,-267.8941059653956
world_model_cem,47,133,-267.2090358663416
world_model_cem,47,134,-263.44271861432225
world_model_cem,47,135,-252.7859054728956
world_model_cem,47,136,-265.918434837515
world_model_cem,47,137,-267.57261660700556
world_model_cem,47,138,-271.07024849746585
world_model_cem,47,139,-269.01701980529856
world_model_cem,47,140,-248.74018726101764
world_model_cem,47,141,-257.03259290450353
world_model_cem,47,142,-244.42376836806096
world_model_cem,47,143,-250.75548242567555
world_model_cem,47,144,-251.50392523837064
world_model_cem,47,145,-275.578177932275
world_model_cem,47,146,-272.2474863403314
world_model_cem,47,147,-265.79248914276747
world_model_cem,47,148,-274.11774871983664
world_model_cem,47,149,-282.86975443703426
world_model_cem,47,150,-287.9307298814156
world_model_cem,47,151,-288.68894808649094
world_model_cem,47,152,-294.41569646026795
world_model_cem,47,153,-296.7839283227661
world_model_cem,47,154,-286.11576216070847
world_model_cem,47,155,-292.8181847477546
world_model_cem,47,156,-301.737357764279
world_model_cem,47,157,-294.13959527456035
world_model_cem,47,158,-286.780037046037
world_model_cem,47,159,-289.38753764848207
world_model_cem,47,160,-282.6737685721446
world_model_cem,47,161,-286.3762942194761
world_model_cem,47,162,-279.3159628224103
world_model_cem,47,163,-283.3810098210533
world_model_cem,47,164,-285.1392153787581
world_model_cem,47,165,-271.3206898070905
world_model_cem,47,166,-279.81591456011336
world_model_cem,47,167,-279.66748936107695
world_model_cem,47,168,-271.375050366761
world_model_cem,47,169,-275.14881398182735
world_model_cem,47,170,-283.5942887872128
world_model_cem,47,171,-279.0930969297962
world_model_cem,47,172,-288.90873696513546
world_model_cem,47,173,-274.6295025256833
world_model_cem,47,174,-281.8851649425606
world_model_cem,47,175,-276.22654248625304
world_model_cem,47,176,-280.79954282728147
world_model_cem,47,177,-286.9013809402495
world_model_cem,47,178,-288.0450306688248
world_model_cem,47,179,-277.69438678477724
world_model_cem,47,180,-286.1133618276315
world_model_cem,47,181,-290.50485213886344
world_model_cem,47,182,-293.3170012867149
world_model_cem,47,183,-295.14845333451103
world_model_cem,47,184,-296.7659621440322
world_model_cem,47,185,-296.09423669302515
world_model_cem,47,186,-294.06898898911544
world_model_cem,47,187,-295.40219540668727
world_model_cem,47,188,-294.8126713967499
world_model_cem,47,189,-293.2924007478439
world_model_cem,47,190,-270.7715126496646
world_model_cem,47,191,-289.32528093653025
world_model_cem,47,192,-279.88126722118676
world_model_cem,47,193,-284.20040652760406
world_model_cem,47,194,-276.11809698413776
world_model_cem,47,195,-274.55696531487115
world_model_cem,47,196,-273.35897351940076
world_model_cem,47,197,-266.79112746915695
world_model_cem,47,198,-281.027847374936
world_model_cem,47,199,-267.27394339345375
world_model_cem,47,200,-276.06743376787654
world_model_cem,47,201,-277.4391293091563
world_model_cem,47,202,-277.48158707513136
world_model_cem,47,203,-285.44849499489084
world_model_cem,47,204,-285.066005141063
world_model_cem,47,205,-289.0194239323778
world_model_cem,47,206,-288.235359116258
world_model_cem,47,207,-276.26392028046166
world_model_cem,47,208,-292.3506412115317
world_model_cem,47,209,-291.6103473327713
world_model_cem,47,210,-289.47128222469945
world_model_cem,47,211,-288.62970452187903
world_model_cem,47,212,-282.7437886770896
world_model_cem,47,213,-287.62854691307166
world_model_cem,47,214,-278.7953929747038
world_model_cem,47,215,-286.6342064804908
world_model_cem,47,216,-283.1670878610917
world_model_cem,47,217,-285.1141047723849
world_model_cem,47,218,-285.3723295764172
world_model_cem,47,219,-287.7280557387356
world_model_cem,47,220,-277.9123330733799
world_model_cem,47,221,-285.81954305613885
world_model_cem,47,222,-290.2977513261517
world_model_cem,47,223,-290.05699491492504
world_model_cem,47,224,-281.07909928421816
world_model_cem,47,225,-288.48408243705285
world_model_cem,47,226,-293.37550176097244
world_model_cem,47,227,-285.3295567233368
world_model_cem,47,228,-290.03502946627145
world_model_cem,47,229,-289.3720484284315
world_model_cem,47,230,-282.5736539573584
world_model_cem,47,231,-284.03086738326476
world_model_cem,47,232,-280.2580158690631
world_model_cem,47,233,-288.63070558357947
world_model_cem,47,234,-280.96563316566613
world_model_cem,47,235,-284.2155646494817
world_model_cem,47,236,-287.560846649811
world_model_cem,47,237,-289.74700120956675
world_model_cem,47,238,-286.3827744172388
world_model_cem,47,239,-283.1043020600297
world_model_cem,47,240,-279.1215191815101
world_model_cem,47,241,-282.32894649239745
world_model_cem,47,242,-287.05141071966955
world_model_cem,47,243,-288.9115316629511
world_model_cem,47,244,-292.7866994040785
world_model_cem,47,245,-285.6165685265588
world_model_cem,47,246,-285.2723772835566
world_model_cem,47,247,-286.29313005191744
world_model_cem,47,248,-288.99421659660453
world_model_cem,47,249,-287.74059501402905
world_model_cem,47,250,-292.08095729009364
world_model_cem,47,251,-282.7262339052214
world_model_cem,47,252,-284.0342500243761
world_model_cem,47,253,-278.0151327423525
world_model_cem,47,254,-283.65601982259477
world_model_cem,47,255,-280.3816860011941
world_model_cem,47,256,-283.8252938062836
world_model_cem,47,257,-285.3341120620135
world_model_cem,47,258,-280.7659465375842
world_model_cem,47,259,-283.840102614023
world_model_cem,47,260,-292.29718740416615
world_model_cem,47,261,-291.4891889687939
world_model_cem,47,262,-298.55246095439105
world_model_cem,47,263,-292.72124773415777
world_model_cem,47,264,-292.5010158001835
world_model_cem,47,265,-292.025917871947
world_model_cem,47,266,-283.7924422837886
world_model_cem,47,267,-288.1499246867454
world_model_cem,47,268,-282.0669375755567
world_model_cem,47,269,-291.9553830705487
world_model_cem,47,270,-289.86183935153906
world_model_cem,47,271,-279.06124146172795
world_model_cem,47,272,-282.3230215179154
world_model_cem,47,273,-283.9585712005887
world_model_cem,47,274,-289.570496749947
world_model_cem,47,275,-287.48727883768197
world_model_cem,47,276,-287.3965018593745
world_model_cem,47,277,-289.262879924186
world_model_cem,47,278,-287.83388826022326
world_model_cem,47,279,-286.29228735544194
world_model_cem,47,280,-276.45209438042326
world_model_cem,47,281,-292.03072840398306
world_model_cem,47,282,-291.24288070285246
world_model_cem,47,283,-281.4022255752016
world_model_cem,47,284,-291.10629720550514
world_model_cem,47,285,-291.66742569903636
world_model_cem,47,286,-284.11933839332437
world_model_cem,47,287,-278.0645078940566
world_model_cem,47,288,-279.6651361278956
world_model_cem,47,289,-294.56386298086386
world_model_cem,47,290,-279.16312779427346
world_model_cem,47,291,-287.42642790412503
world_model_cem,47,292,-286.4370218224672
world_model_cem,47,293,-291.4239755617629
world_model_cem,47,294,-292.15826495177896
world_model_cem,47,295,-286.1627578860431
world_model_cem,47,296,-283.5369172193451
world_model_cem,47,297,-288.10065568597014
world_model_cem,47,298,-291.4615155926268
world_model_cem,47,299,-291.9707316832134
world_model_cem,47,300,-295.5785196753826
world_model_cem,47,301,-284.148474967791
world_model_cem,47,302,-283.56779123270513
world_model_cem,47,303,-282.5228380242127
world_model_cem,47,304,-287.4840365832436
world_model_cem,47,305,-289.67170847747263
world_model_cem,47,306,-285.98631564970543
world_model_cem,47,307,-283.82532223667147
world_model_cem,47,308,-280.7877984858194
world_model_cem,47,309,-279.58274725959757
world_model_cem,47,310,-288.3614419474824
world_model_cem,47,311,-277.07181666979983
world_model_cem,47,312,-288.0808554888656
world_model_cem,47,313,-275.1341005874151
world_model_cem,47,314,-287.2708306514753
world_model_cem,47,315,-284.49036952472045
world_model_cem,47,316,-281.5973083928304
world_model_cem,47,317,-289.58481271449665
world_model_cem,47,318,-283.8045460963578
world_model_cem,47,319,-287.18725803629957
world_model_cem,47,320,-280.98880537163427
world_model_cem,47,321,-286.61471842485156
world_model_cem,47,322,-281.29797308586103
world_model_cem,47,323,-289.77777007363784
world_model_cem,47,324,-284.5129035157817
world_model_cem,47,325,-279.5270398585664
world_model_cem,47,326,-278.45831503159417
world_model_cem,47,327,-290.15773375159256
world_model_cem,47,328,-282.6585247344379
world_model_cem,47,329,-277.9221214559404
world_model_cem,47,330,-283.39041491223605
world_model_cem,47,331,-284.7299462851358
world_model_cem,47,332,-288.39321168216753
world_model_cem,47,333,-294.6337444855476
world_model_cem,47,334,-293.3834952549293
world_model_cem,47,335,-288.99599935021604
world_model_cem,47,336,-287.11228228987545
world_model_cem,47,337,-293.6858016802752
world_model_cem,47,338,-287.50457790170645
world_model_cem,47,339,-280.44935673009803
world_model_cem,47,340,-291.3515035888304
world_model_cem,47,341,-288.2330787222278
world_model_cem,47,342,-290.9900391613478
world_model_cem,47,343,-281.7479325302956
world_model_cem,47,344,-286.94207634289916
world_model_cem,47,345,-283.60485932186646
world_model_cem,47,346,-284.5636085281329
world_model_cem,47,347,-284.7388471685765
world_model_cem,47,348,-284.73702434029974
world_model_cem,47,349,-289.1430905318696
world_model_cem,47,350,-288.8385904934495
world_model_cem,47,351,-288.29549315494745
world_model_cem,47,352,-284.55819852827176
world_model_cem,47,353,-285.25823774657596
world_model_cem,47,354,-290.8148239672618
world_model_cem,47,355,-288.4574851704809
world_model_cem,47,356,-284.74443802834594
world_model_cem,47,357,-283.51234243856004
world_model_cem,47,358,-275.9075165372816
world_model_cem,47,359,-274.76116732576793
world_model_cem,47,360,-291.5753077923957
world_model_cem,47,361,-289.5456600127883
world_model_cem,47,362,-281.1199677704218
world_model_cem,47,363,-287.1547848230579
world_model_cem,47,364,-284.4078053665515
world_model_cem,47,365,-290.58149748485425
world_model_cem,47,366,-293.0038294330667
world_model_cem,47,367,-291.12583435293385
world_model_cem,47,368,-287.538413017489
world_model_cem,47,369,-278.9124620299512
world_model_cem,47,370,-286.575681490575
world_model_cem,47,371,-280.25961872793744
world_model_cem,47,372,-291.4485489370971
world_model_cem,47,373,-292.37491911880636
world_model_cem,47,374,-293.73764745365423
world_model_cem,47,375,-290.03889212635454
world_model_cem,47,376,-293.5767639888339
world_model_cem,47,377,-290.17829676754434
world_model_cem,47,378,-289.6106693775493
world_model_cem,47,379,-282.3929560593492
world_model_cem,47,380,-290.7592221237593
world_model_cem,47,381,-288.1527186669302
world_model_cem,47,382,-292.1627337059076
world_model_cem,47,383,-277.2422543909919
world_model_cem,47,384,-285.23646887569925
world_model_cem,47,385,-281.3227676628007
world_model_cem,47,386,-275.2100820790265
world_model_cem,47,387,-288.02854814451257
world_model_cem,47,388,-288.1979624360301
world_model_cem,47,389,-288.39849307568204
world_model_cem,47,390,-285.5850771995723
world_model_cem,47,391,-291.7371953028928
world_model_cem,47,392,-287.1511652924468
world_model_cem,47,393,-296.3765840720961
world_model_cem,47,394,-284.64695615266015
world_model_cem,47,395,-288.28252371684164
world_model_cem,47,396,-289.906093506002
world_model_cem,47,397,-292.1083410409775
world_model_cem,47,398,-297.6829354461057
world_model_cem,47,399,-291.88866440196057
world_model_cem,47,400,-287.6942769390828
world_model_cem,47,401,-289.80629516984163
world_model_cem,47,402,-289.53784676131227
world_model_cem,47,403,-288.5045739592123
world_model_cem,47,404,-290.06221481750856
world_model_cem,47,405,-281.878663948194
world_model_cem,47,406,-289.5705889038453
world_model_cem,47,407,-288.0969183093025
world_model_cem,47,408,-288.81930913225364
world_model_cem,47,409,-287.51874409271284
world_model_cem,47,410,-290.19495892359276
world_model_cem,47,411,-286.19877693213607
world_model_cem,47,412,-285.13407133906577
world_model_cem,47,413,-285.81202828486227
world_model_cem,47,414,-282.10201520845305
world_model_cem,47,415,-288.58859926415903
world_model_cem,47,416,-286.83939283473023
world_model_cem,47,417,-288.876793713194
world_model_cem,47,418,-287.09166236039584
world_model_cem,47,419,-295.173054079508
world_model_cem,47,420,-288.00756854204525
world_model_cem,47,421,-292.13005735333286
world_model_cem,47,422,-282.3369478169752
world_model_cem,47,423,-290.0469591311192
world_model_cem,47,424,-280.8750600279283
world_model_cem,47,425,-277.2982562148515
world_model_cem,47,426,-282.4966762616493
world_model_cem,47,427,-291.31961233158836
world_model_cem,47,428,-290.3973157010458
world_model_cem,47,429,-276.92095451829
world_model_cem,47,430,-282.89461432598387
world_model_cem,47,431,-290.3120329996206
world_model_cem,47,432,-287.51487064030624
world_model_cem,47,433,-279.98180055949314
world_model_cem,47,434,-285.2642195985625
world_model_cem,47,435,-283.72391360785315
world_model_cem,47,436,-279.65506979352955
world_model_cem,47,437,-288.53506200844083
world_model_cem,47,438,-291.09786155728625
world_model_cem,47,439,-278.53236470621994
world_model_cem,47,440,-287.5264779157304
world_model_cem,47,441,-281.5510379656366
world_model_cem,47,442,-289.6763985813721
world_model_cem,47,443,-287.563757100324
world_model_cem,47,444,-291.91823674603893
world_model_cem,47,445,-289.3258025207664
world_model_cem,47,446,-284.8728206488705
world_model_cem,47,447,-286.42058102363933
world_model_cem,47,448,-287.0293993284978
world_model_cem,47,449,-290.1769214897495
world_model_cem,47,450,-291.30739290370315
world_model_cem,47,451,-286.4534280457304
world_model_cem,47,452,-288.42775270230726
world_model_cem,47,453,-278.39521482609103
world_model_cem,47,454,-283.3457964454057
world_model_cem,47,455,-283.4960879849591
world_model_cem,47,456,-283.9113526825633
world_model_cem,47,457,-287.04596344458906
world_model_cem,47,458,-287.97845555560207
world_model_cem,47,459,-289.3723349935852
world_model_cem,47,460,-273.8477545855744
world_model_cem,47,461,-284.37526859971746
world_model_cem,47,462,-288.8913915215458
world_model_cem,47,463,-285.7938822250513
world_model_cem,47,464,-284.91513879944625
world_model_cem,47,465,-284.50627969719886
world_model_cem,47,466,-281.05228755839
world_model_cem,47,467,-290.24434871821927
world_model_cem,47,468,-285.8744533381974
world_model_cem,47,469,-280.74912811196066
world_model_cem,47,470,-281.2081924083885
world_model_cem,47,471,-288.847756350837
world_model_cem,47,472,-282.9085578502322
world_model_cem,47,473,-284.0359833224431
world_model_cem,47,474,-284.74089601296123
world_model_cem,47,475,-282.9243633992421
world_model_cem,47,476,-282.6229024484667
world_model_cem,47,477,-284.713933381238
world_model_cem,47,478,-288.2908507256517
world_model_cem,47,479,-290.07534535607505
world_model_cem,47,480,-283.4531053719727
world_model_cem,47,481,-291.4722638152442
world_model_cem,47,482,-286.88722400453605
world_model_cem,47,483,-287.29420643993154
world_model_cem,47,484,-287.25288092713777
world_model_cem,47,485,-284.30209923153666
world_model_cem,47,486,-292.47190376653157
world_model_cem,47,487,-289.21243578790256
world_model_cem,47,488,-278.1067403932651
world_model_cem,47,489,-279.4631891565277
world_model_cem,47,490,-289.2408391067255
world_model_cem,47,491,-283.4233003746307
world_model_cem,47,492,-283.53806671680337
world_model_cem,47,493,-279.27003549869244
world_model_cem,47,494,-283.9990632704802
world_model_cem,47,495,-283.888374175717
world_model_cem,47,496,-280.4491484332767
world_model_cem,47,497,-291.31646197361573
world_model_cem,47,498,-289.07394602184263
world_model_cem,47,499,-285.7512238804299
world_model_cem,47,500,-284.5320340817224
world_model_cem,47,501,-287.09279303923745
world_model_cem,47,502,-291.068635360898
world_model_cem,47,503,-283.7449277980324
world_model_cem,47,504,-290.5812754161914
world_model_cem,47,505,-281.39847917153827
world_model_cem,47,506,-291.1885904110835
world_model_cem,47,507,-279.48587419055957
world_model_cem,47,508,-286.91224240751035
world_model_cem,47,509,-273.6363394055371
world_model_cem,47,510,-290.96239603679385
world_model_cem,47,511,-282.61019160892124
world_model_cem,47,512,-287.57608290658294
world_model_cem,47,513,-289.8778366423865
world_model_cem,47,514,-286.3345208524275
world_model_cem,47,515,-286.2987141830953
world_model_cem,47,516,-284.3662872521712
world_model_cem,47,517,-283.99365604370524
world_model_cem,47,518,-268.1411253398327
world_model_cem,47,519,-278.7437247614361
world_model_cem,47,520,-283.1167235361659
world_model_cem,47,521,-289.51328183428063
world_model_cem,47,522,-284.35090422976896
world_model_cem,47,523,-290.3691144111347
world_model_cem,47,524,-293.8607111258383
world_model_cem,47,525,-292.2092741315494
world_model_cem,47,526,-289.95571943440297
world_model_cem,47,527,-291.1211469713403
world_model_cem,47,528,-289.1317474741523
world_model_cem,47,529,-286.62391268317185
world_model_cem,47,530,-285.62388562572
world_model_cem,47,531,-279.33375211941245
world_model_cem,47,532,-290.4522721462158
world_model_cem,47,533,-282.7883704437249
world_model_cem,47,534,-282.9511977902054
world_model_cem,47,535,-285.41143190712694
world_model_cem,47,536,-286.637387101236
world_model_cem,47,537,-286.7444057789181
world_model_cem,47,538,-288.13669661585504
world_model_cem,47,539,-271.5371858208561
world_model_cem,47,540,-284.3770699987805
world_model_cem,47,541,-278.44351344030804
world_model_cem,47,542,-289.9074819994696
world_model_cem,47,543,-290.9243305769561
world_model_cem,47,544,-280.60123772189536
world_model_cem,47,545,-280.1048605252961
world_model_cem,47,546,-286.0057409381719
world_model_cem,47,547,-291.43017766493176
world_model_cem,47,548,-291.99904513584477
world_model_cem,47,549,-280.1914200480901
world_model_cem,47,550,-274.9835383103705
world_model_cem,47,551,-286.69073501758174
world_model_cem,47,552,-277.0382350400423
world_model_cem,47,553,-287.94769982254445
world_model_cem,47,554,-276.45650828979467
world_model_cem,47,555,-280.5449946549946
world_model_cem,47,556,-285.74546051395873
world_model_cem,47,557,-286.5201675461499
world_model_cem,47,558,-287.5704387147126
world_model_cem,47,559,-286.8616284356398
world_model_cem,47,560,-288.2223775511309
world_model_cem,47,561,-288.2140792743756
world_model_cem,47,562,-286.51957415010725
world_model_cem,47,563,-283.9115489432079
world_model_cem,47,564,-287.1615287626696
world_model_cem,47,565,-283.79794519979305
world_model_cem,47,566,-286.97585542274464
world_model_cem,47,567,-282.0619499593088
world_model_cem,47,568,-289.0730778828362
world_model_cem,47,569,-293.88013774510966
world_model_cem,47,570,-286.69632396016266
world_model_cem,47,571,-286.6887733074854
world_model_cem,47,572,-280.339733412869
world_model_cem,47,573,-288.4121269421182
world_model_cem,47,574,-289.6980787027527
world_model_cem,47,575,-282.900624597641
world_model_cem,47,576,-285.8803242416187
world_model_cem,47,577,-282.1031571873708
world_model_cem,47,578,-280.6685661360052
world_model_cem,47,579,-272.009265524349
world_model_cem,47,580,-285.1207158010331
world_model_cem,47,581,-294.0589256421801
world_model_cem,47,582,-272.528466455066
world_model_cem,47,583,-288.49454384195957
world_model_cem,47,584,-287.48261099623244
world_model_cem,47,585,-288.17944826566793
world_model_cem,47,586,-295.7041183158608
world_model_cem,47,587,-282.19268933304664
world_model_cem,47,588,-289.9756991389609
world_model_cem,47,589,-288.13540104092664
world_model_cem,47,590,-283.5349640073865
world_model_cem,47,591,-286.9853460440825
world_model_cem,47,592,-288.62750856120556
world_model_cem,47,593,-288.63818146464394
world_model_cem,47,594,-273.9103992203498
world_model_cem,47,595,-284.6385489852863
world_model_cem,47,596,-287.1883421721549
world_model_cem,47,597,-282.9085517613704
world_model_cem,47,598,-283.8528573421346
world_model_cem,47,599,-286.3260537583634
world_model_cem,47,600,-278.0037171180676
world_model_cem,47,601,-287.1582863569997
world_model_cem,47,602,-279.0925280213748
world_model_cem,47,603,-276.0412041395223
world_model_cem,47,604,-283.59825154668215
world_model_cem,47,605,-283.0030793080409
world_model_cem,47,606,-282.53369845098877
world_model_cem,47,607,-293.23788991877257
world_model_cem,47,608,-287.5029603551266
world_model_cem,47,609,-288.3697140653011
world_model_cem,47,610,-294.7282258746412
world_model_cem,47,611,-284.0966135744286
world_model_cem,47,612,-288.61182469532105
world_model_cem,47,613,-280.4427156094832
world_model_cem,47,614,-287.71554983602334
world_model_cem,47,615,-286.4828658962744
world_model_cem,47,616,-288.5439779351305
world_model_cem,47,617,-282.9345227145967
world_model_cem,47,618,-281.6466881476704
world_model_cem,47,619,-288.8513585210157
world_model_cem,47,620,-286.923509451677
world_model_cem,47,621,-282.7592297179333
world_model_cem,47,622,-286.7531405898221
world_model_cem,47,623,-286.26449775260244
world_model_cem,47,624,-281.8044951567953
world_model_cem,47,625,-290.243121516781
world_model_cem,47,626,-288.00563896967145
world_model_cem,47,627,-291.32176108780675
world_model_cem,47,628,-284.80074127899707
world_model_cem,47,629,-287.7149513744618
world_model_cem,47,630,-283.2222161308375
world_model_cem,47,631,-281.44485386122557
world_model_cem,47,632,-286.1526054726962
world_model_cem,47,633,-286.4190689883061
world_model_cem,47,634,-289.42401409705053
world_model_cem,47,635,-284.4934286195038
world_model_cem,47,636,-282.87577027790644
world_model_cem,47,637,-284.48216534222286
world_model_cem,47,638,-289.74662343728085
world_model_cem,47,639,-283.47465320487083
world_model_cem,47,640,-291.3272551724583
world_model_cem,47,641,-293.56110918643515
world_model_cem,47,642,-287.4495260323488
world_model_cem,47,643,-289.76615571077394
world_model_cem,47,644,-291.22120155577943
world_model_cem,47,645,-284.36216930803306
world_model_cem,47,646,-284.5121329907241
world_model_cem,47,647,-291.65404164293705
world_model_cem,47,648,-293.81974725230464
world_model_cem,47,649,-289.2682656984783
world_model_cem,47,650,-289.8611812442231
world_model_cem,47,651,-291.05983792168746
world_model_cem,47,652,-281.9051252867577
world_model_cem,47,653,-292.97805518217075
world_model_cem,47,654,-293.918376961551
world_model_cem,47,655,-291.3654907282479
world_model_cem,47,656,-295.0773869715277
world_model_cem,47,657,-267.42763970910255
world_model_cem,47,658,-278.51718548405387
world_model_cem,47,659,-290.90473956807557
world_model_cem,47,660,-289.1063597113764
world_model_cem,47,661,-291.42094705139755
world_model_cem,47,662,-285.2245335989196
world_model_cem,47,663,-289.0794950216873
world_model_cem,47,664,-290.0768634868563
world_model_cem,47,665,-284.10200774185756
world_model_cem,47,666,-281.2867030150497
world_model_cem,47,667,-288.32947564624305
world_model_cem,47,668,-290.05958854126806
world_model_cem,47,669,-283.42457947346986
world_model_cem,47,670,-274.35076043463897
world_model_cem,47,671,-285.20497293213396
world_model_cem,47,672,-286.1068112559296
world_model_cem,47,673,-286.8698568896272
world_model_cem,47,674,-287.06856553839384
world_model_cem,47,675,-287.0059218512091
world_model_cem,47,676,-283.9768648988152
world_model_cem,47,677,-280.4632774723398
world_model_cem,47,678,-282.74070722611896
world_model_cem,47,679,-286.5631951453224
world_model_cem,47,680,-295.5523311189662
world_model_cem,47,681,-298.2255277804542
world_model_cem,47,682,-296.816922603006
world_model_cem,47,683,-283.54013024997903
world_model_cem,47,684,-291.92931551101833
world_model_cem,47,685,-287.9905688989754
world_model_cem,47,686,-283.73299413923337
world_model_cem,47,687,-279.88234943850665
world_model_cem,47,688,-293.3865159004266
world_model_cem,47,689,-287.71337185024413
world_model_cem,47,690,-281.22350708548083
world_model_cem,47,691,-287.68459261390205
world_model_cem,47,692,-281.48894905429586
world_model_cem,47,693,-285.4460737768528
world_model_cem,47,694,-283.83994361825467
world_model_cem,47,695,-287.5723978122096
world_model_cem,47,696,-288.36914637471807
world_model_cem,47,697,-290.63071469760007
world_model_cem,47,698,-287.15704262742184
world_model_cem,47,699,-282.80070699193703
world_model_cem,47,700,-290.47491084974183
world_model_cem,47,701,-288.4827174418846
world_model_cem,47,702,-294.9296900513432
world_model_cem,47,703,-294.8867526151598
world_model_cem,47,704,-283.6960004309134
world_model_cem,47,705,-288.2391711339964
world_model_cem,47,706,-285.37687293989734
world_model_cem,47,707,-290.4516110000137
world_model_cem,47,708,-291.95114298064965
world_model_cem,47,709,-284.786297082305
world_model_cem,47,710,-289.7454168286946
world_model_cem,47,711,-290.7132182663288
world_model_cem,47,712,-289.40308813053764
world_model_cem,47,713,-283.9462666177808
world_model_cem,47,714,-290.0833442267432
world_model_cem,47,715,-290.57154922917755
world_model_cem,47,716,-284.3024003363479
world_model_cem,47,717,-285.9303376560791
world_model_cem,47,718,-286.492672982142
world_model_cem,47,719,-289.4507568836914
world_model_cem,47,720,-289.2407864372202
world_model_cem,47,721,-291.34264103445093
world_model_cem,47,722,-292.3641537221498
world_model_cem,47,723,-280.0739452087743
world_model_cem,47,724,-289.93250612362533
world_model_cem,47,725,-282.2364833791881
world_model_cem,47,726,-285.0924090962011
world_model_cem,47,727,-288.0870902832631
world_model_cem,47,728,-289.3638494363424
world_model_cem,47,729,-279.0581483771441
world_model_cem,47,730,-285.9440724660951
world_model_cem,47,731,-276.7322355463177
world_model_cem,47,732,-280.07847986647914
world_model_cem,47,733,-283.16575347732453
world_model_cem,47,734,-288.5020788864775
world_model_cem,47,735,-289.2460109634774
world_model_cem,47,736,-270.03143765604966
world_model_cem,47,737,-278.17056066903353
world_model_cem,47,738,-288.9494010352465
world_model_cem,47,739,-287.4020058411427
world_model_cem,47,740,-283.16462702288504
world_model_cem,47,741,-289.9456026302547
world_model_cem,47,742,-282.08815074994794
world_model_cem,47,743,-285.45424120930704
world_model_cem,47,744,-290.1444547860201
world_model_cem,47,745,-291.27850197159364
world_model_cem,47,746,-284.4610244924146
world_model_cem,47,747,-283.9019441924795
world_model_cem,47,748,-284.23018171037916
world_model_cem,47,749,-284.8352992399694
world_model_cem,47,750,-293.3347944637866
world_model_cem,47,751,-294.3467007790109
world_model_cem,47,752,-289.5087313448065
world_model_cem,47,753,-291.39783799810135
world_model_cem,47,754,-271.0763122702492
world_model_cem,47,755,-286.776384832232
world_model_cem,47,756,-280.40916921001474
world_model_cem,47,757,-281.7090698562221
world_model_cem,47,758,-282.6137699431271
world_model_cem,47,759,-273.4716110675815
world_model_cem,47,760,-284.9840716761348
world_model_cem,47,761,-284.3354205855049
world_model_cem,47,762,-281.67179375344847
world_model_cem,47,763,-285.6519363489144
world_model_cem,47,764,-283.7837962172635
world_model_cem,47,765,-280.38651647339543
world_model_cem,47,766,-291.25364399954964
world_model_cem,47,767,-292.776556168283
world_model_cem,47,768,-294.65604258823856
world_model_cem,47,769,-293.8415862722785
world_model_cem,47,770,-293.078361832944
world_model_cem,47,771,-287.7563026846115
world_model_cem,47,772,-287.0347878968639
world_model_cem,47,773,-296.4848773556687
world_model_cem,47,774,-287.0331097813353
world_model_cem,47,775,-288.5872085115736
world_model_cem,47,776,-289.94044027952634
world_model_cem,47,777,-285.7734071650452
world_model_cem,47,778,-282.3867896417797
world_model_cem,47,779,-288.4596981414027
world_model_cem,47,780,-290.2964700459774
world_model_cem,47,781,-285.2950125078844
world_model_cem,47,782,-289.5394865659676
world_model_cem,47,783,-280.9532449800655
world_model_cem,47,784,-286.8719132498919
world_model_cem,47,785,-281.443282995367
world_model_cem,47,786,-260.2258988215774
world_model_cem,47,787,-287.1314203809142
world_model_cem,47,788,-285.5823659876338
world_model_cem,47,789,-287.64916813267087
world_model_cem,47,790,-290.1986473606982
world_model_cem,47,791,-280.5034953298958
world_model_cem,47,792,-282.450733236136
world_model_cem,47,793,-277.5953492696065
world_model_cem,47,794,-284.6212537775945
world_model_cem,47,795,-287.39754459980065
world_model_cem,47,796,-288.35049684878
world_model_cem,47,797,-292.1346209518239
world_model_cem,47,798,-289.8378011231057
world_model_cem,47,799,-281.30560487890506
world_model_cem,47,800,-287.4500460360666
world_model_cem,47,801,-288.1509197600866
world_model_cem,47,802,-288.6651092226904
world_model_cem,47,803,-293.49688352731533
world_model_cem,47,804,-287.89511180890554
world_model_cem,47,805,-291.36065942472055
world_model_cem,47,806,-290.5330090632867
world_model_cem,47,807,-286.7010914703599
world_model_cem,47,808,-285.96756961908744
world_model_cem,47,809,-288.38253166360715
world_model_cem,47,810,-284.65986643782855
world_model_cem,47,811,-283.99117254989966
world_model_cem,47,812,-274.3818341940227
world_model_cem,47,813,-285.4535018591129
world_model_cem,47,814,-274.9062700190434
world_model_cem,47,815,-284.7846218982222
world_model_cem,47,816,-289.8264835936116
world_model_cem,47,817,-293.2473786814706
world_model_cem,47,818,-290.5326844271973
world_model_cem,47,819,-286.7056686357429
world_model_cem,47,820,-268.990242323129
world_model_cem,47,821,-291.824619672758
world_model_cem,47,822,-291.05951358613527
world_model_cem,47,823,-290.44383076002174
world_model_cem,47,824,-289.55747975550486
world_model_cem,47,825,-279.52102253095785
world_model_cem,47,826,-286.32360565495424
world_model_cem,47,827,-288.40171258692635
world_model_cem,47,828,-286.6641797399494
world_model_cem,47,829,-284.2468021375241
world_model_cem,47,830,-293.80507568211283
world_model_cem,47,831,-290.3097926992285
world_model_cem,47,832,-294.344937757864
world_model_cem,47,833,-282.4803715316237
world_model_cem,47,834,-287.30447217306
world_model_cem,47,835,-276.1314588841653
world_model_cem,47,836,-286.1370205540452
world_model_cem,47,837,-292.50496502792055
world_model_cem,47,838,-282.71784729214954
world_model_cem,47,839,-289.25136636855785
world_model_cem,47,840,-281.75246621032323
world_model_cem,47,841,-290.44277819960314
world_model_cem,47,842,-287.31190673049457
world_model_cem,47,843,-288.92102004433434
world_model_cem,47,844,-287.3937029731091
world_model_cem,47,845,-290.10536971179533
world_model_cem,47,846,-286.5522562677774
world_model_cem,47,847,-287.2584896483147
world_model_cem,47,848,-291.88752008012557
world_model_cem,47,849,-287.3089880258584
world_model_cem,47,850,-293.6892079567422
world_model_cem,47,851,-297.2600449479197
world_model_cem,47,852,-292.356757610549
world_model_cem,47,853,-283.1195297931203
world_model_cem,47,854,-289.14481353636506
world_model_cem,47,855,-284.08427363242635
world_model_cem,47,856,-286.2963662382614
world_model_cem,47,857,-293.27720698748374
world_model_cem,47,858,-287.88946186051606
world_model_cem,47,859,-285.1254476648353
world_model_cem,47,860,-285.5679078357146
world_model_cem,47,861,-271.0043452567106
world_model_cem,47,862,-286.9785919103195
world_model_cem,47,863,-281.13965500642604
world_model_cem,47,864,-276.8964461257896
world_model_cem,47,865,-278.8744604422853
world_model_cem,47,866,-288.2575665724023
world_model_cem,47,867,-290.523116607332
world_model_cem,47,868,-289.5904550016256
world_model_cem,47,869,-290.6997787447737
world_model_cem,47,870,-287.02025437750524
world_model_cem,47,871,-285.9313403792676
world_model_cem,47,872,-289.1770842931911
world_model_cem,47,873,-283.1805971875089
world_model_cem,47,874,-290.8004198581484
world_model_cem,47,875,-284.661300661171
world_model_cem,47,876,-284.9341965028631
world_model_cem,47,877,-287.1968154128966
world_model_cem,47,878,-287.36088190319333
world_model_cem,47,879,-287.25768703677875
world_model_cem,47,880,-286.0839153382187
world_model_cem,47,881,-289.6292856721577
world_model_cem,47,882,-284.84392326352037
world_model_cem,47,883,-290.46727774735234
world_model_cem,47,884,-287.06058052187996
world_model_cem,47,885,-277.1378513439382
world_model_cem,47,886,-287.19633648672
world_model_cem,47,887,-298.17628312063385
world_model_cem,47,888,-296.8079860767675
world_model_cem,47,889,-282.2136861722567
world_model_cem,47,890,-287.65951490733636
world_model_cem,47,891,-288.3503843166139
world_model_cem,47,892,-292.84818184054814
world_model_cem,47,893,-288.61672755843347
world_model_cem,47,894,-283.30692650047195
world_model_cem,47,895,-289.5951856820441
world_model_cem,47,896,-287.6848326884267
world_model_cem,47,897,-292.8676132927242
world_model_cem,47,898,-297.09833388111014
world_model_cem,47,899,-287.7185664879663
world_model_cem,47,900,-290.82646055540516
world_model_cem,47,901,-282.63195549713413
world_model_cem,47,902,-283.9282529608822
world_model_cem,47,903,-287.13680872853473
world_model_cem,47,904,-289.7432933791797
world_model_cem,47,905,-278.0822128306113
world_model_cem,47,906,-284.96902468922565
world_model_cem,47,907,-289.7561127871767
world_model_cem,47,908,-285.8395539410496
world_model_cem,47,909,-279.4552864612768
world_model_cem,47,910,-280.75803320059833
world_model_cem,47,911,-287.14644139957306
world_model_cem,47,912,-284.8952737205485
world_model_cem,47,913,-286.99102380202214
world_model_cem,47,914,-288.2542232542274
world_model_cem,47,915,-282.1950765170787
world_model_cem,47,916,-279.22313009467973
world_model_cem,47,917,-283.82597373868464
world_model_cem,47,918,-287.60995458353864
world_model_cem,47,919,-277.0556237156438
world_model_cem,47,920,-286.9703947321567
world_model_cem,47,921,-290.04906923733114
world_model_cem,47,922,-283.6310874462556
world_model_cem,47,923,-291.66196146207926
world_model_cem,47,924,-293.3298636297571
world_model_cem,47,925,-285.72443124214163
world_model_cem,47,926,-274.14180574929566
world_model_cem,47,927,-286.6495398294683
world_model_cem,47,928,-292.20828564139185
world_model_cem,47,929,-282.920670302076
world_model_cem,47,930,-289.43143928857955
world_model_cem,47,931,-288.66729070443506
world_model_cem,47,932,-293.3278828080289
world_model_cem,47,933,-288.23802919248135
world_model_cem,47,934,-290.41215050989365
world_model_cem,47,935,-280.6516929652644
world_model_cem,47,936,-279.07229774433216
world_model_cem,47,937,-278.84787648974356
world_model_cem,47,938,-285.67316515666397
world_model_cem,47,939,-283.708567161018
world_model_cem,47,940,-284.1961262773077
world_model_cem,47,941,-272.1046053904745
world_model_cem,47,942,-283.6161379256728
world_model_cem,47,943,-286.32827258032137
world_model_cem,47,944,-288.0732284741179
world_model_cem,47,945,-282.4074454858477
world_model_cem,47,946,-282.44008480833156
world_model_cem,47,947,-276.6667128500844
world_model_cem,47,948,-284.2067998330465
world_model_cem,47,949,-286.10200358020353
world_model_cem,47,950,-291.58878729783305
world_model_cem,47,951,-283.61756557716103
world_model_cem,47,952,-294.8635536485806
world_model_cem,47,953,-291.787994394095
world_model_cem,47,954,-288.20127946248397
world_model_cem,47,955,-273.00347466165204
world_model_cem,47,956,-285.94779242516375
world_model_cem,47,957,-286.80087540083844
world_model_cem,47,958,-283.2488230716265
world_model_cem,47,959,-289.64267515517827
world_model_cem,47,960,-285.8880731281612
world_model_cem,47,961,-283.55522059317144
world_model_cem,47,962,-282.3268170627723
world_model_cem,47,963,-288.23130469650584
world_model_cem,47,964,-287.54403973339174
world_model_cem,47,965,-277.24363885120533
world_model_cem,47,966,-282.3853412489327
world_model_cem,47,967,-278.15656785390024
world_model_cem,47,968,-283.1993734225048
world_model_cem,47,969,-269.35265471148296
world_model_cem,47,970,-286.6792497549419
world_model_cem,47,971,-286.4263853794518
world_model_cem,47,972,-280.5680733608766
world_model_cem,47,973,-285.64241471817894
world_model_cem,47,974,-289.76183405179944
world_model_cem,47,975,-291.884862829423
world_model_cem,47,976,-285.05107788789263
world_model_cem,47,977,-283.47590166298596
world_model_cem,47,978,-279.69613869830414
world_model_cem,47,979,-279.6398943978695
world_model_cem,47,980,-284.57895171202404
world_model_cem,47,981,-281.36673143370035
world_model_cem,47,982,-281.0756845170624
world_model_cem,47,983,-288.7135749345623
world_model_cem,47,984,-276.6384940838036
world_model_cem,47,985,-286.2820554374707
world_model_cem,47,986,-282.78169271519295
world_model_cem,47,987,-294.3978831206192
world_model_cem,47,988,-292.988742607395
world_model_cem,47,989,-292.88014258611895
world_model_cem,47,990,-288.9705751658274
world_model_cem,47,991,-282.13845650278614
world_model_cem,47,992,-286.6715798265859
world_model_cem,47,993,-288.97491408707367
world_model_cem,47,994,-280.0872471869767
world_model_cem,47,995,-281.22953378577495
world_model_cem,47,996,-286.39802439528273
world_model_cem,47,997,-287.9277959075263
world_model_cem,47,998,-283.1261880560802
world_model_cem,47,999,-290.17898717955643
world_model_cem,47,1000,-281.31627780043385
world_model_cem,48,1,-189.43419733383263
world_model_cem,48,2,-195.36111402471124
world_model_cem,48,3,-199.2528166753978
world_model_cem,48,4,-189.5987656454855
world_model_cem,48,5,-208.35296442027922
world_model_cem,48,6,-204.85265187864724
world_model_cem,48,7,-194.41685659156673
world_model_cem,48,8,-162.65040051461793
world_model_cem,48,9,-180.61500680488754
world_model_cem,48,10,-174.7739630589354
world_model_cem,48,11,-199.9380623584568
world_model_cem,48,12,-189.65369452611588
world_model_cem,48,13,-190.94438113104957
world_model_cem,48,14,-208.29895756800335
world_model_cem,48,15,-203.8088219192572
world_model_cem,48,16,-261.3149519729378
world_model_cem,48,17,-216.1446693360505
world_model_cem,48,18,-241.64381384934563
world_model_cem,48,19,-224.9926527601367
world_model_cem,48,20,-230.41530618032652
world_model_cem,48,21,-287.5852848224708
world_model_cem,48,22,-258.2759764136584
world_model_cem,48,23,-228.89883155066832
world_model_cem,48,24,-214.46936922649184
world_model_cem,48,25,-278.26254124418523
world_model_cem,48,26,-219.99295527260648
world_model_cem,48,27,-245.73525059474355
world_model_cem,48,28,-240.69271145209095
world_model_cem,48,29,-238.65191157192504
world_model_cem,48,30,-264.61091167129723
world_model_cem,48,31,-225.74016729643103
world_model_cem,48,32,-203.38920508644992
world_model_cem,48,33,-226.3993430676303
world_model_cem,48,34,-201.87131664119647
world_model_cem,48,35,-224.348475997295
world_model_cem,48,36,-199.00046153487955
world_model_cem,48,37,-204.82022419825967
world_model_cem,48,38,-219.81074354000344
world_model_cem,48,39,-249.25727190465327
world_model_cem,48,40,-220.4348978160533
world_model_cem,48,41,-223.52314030461815
world_model_cem,48,42,-226.32226044639407
world_model_cem,48,43,-231.36453838822212
world_model_cem,48,44,-220.5135375598705
world_model_cem,48,45,-233.31546605944658
world_model_cem,48,46,-226.420720496323
world_model_cem,48,47,-233.83454094100333
world_model_cem,48,48,-238.77476718269543
world_model_cem,48,49,-276.9073958475637
world_model_cem,48,50,-242.3517162051764
world_model_cem,48,51,-269.27831552151184
world_model_cem,48,52,-251.70517278432425
world_model_cem,48,53,-254.07693121174287
world_model_cem,48,54,-230.55556512027658
world_model_cem,48,55,-278.4174871853987
world_model_cem,48,56,-290.6623554681098
world_model_cem,48,57,-247.2008787631168
world_model_cem,48,58,-226.3334913460704
world_model_cem,48,59,-241.7865904977968
world_model_cem,48,60,-258.80952818436907
world_model_cem,48,61,-234.39715053408094
world_model_cem,48,62,-270.6929237870233
world_model_cem,48,63,-221.6530105923751
world_model_cem,48,64,-220.1425780893295
world_model_cem,48,65,-232.7341303567154
world_model_cem,48,66,-218.56136802038714
world_model_cem,48,67,-258.0570146926997
world_model_cem,48,68,-279.98509585288656
world_model_cem,48,69,-228.71932966865114
world_model_cem,48,70,-238.08142219896882
world_model_cem,48,71,-214.6346679630061
world_model_cem,48,72,-210.57255938486998
world_model_cem,48,73,-221.237167486341
world_model_cem,48,74,-220.49572726216863
world_model_cem,48,75,-223.51673373971403
world_model_cem,48,76,-244.23268317543727
world_model_cem,48,77,-233.7089876968025
world_model_cem,48,78,-241.20609750732928
world_model_cem,48,79,-249.49370433318853
world_model_cem,48,80,-243.49723293905618
world_model_cem,48,81,-274.73694038371457
world_model_cem,48,82,-227.10405342065533
world_model_cem,48,83,-248.8414853974739
world_model_cem,48,84,-278.1872766018765
world_model_cem,48,85,-246.53423473162673
world_model_cem,48,86,-276.35486222605016
world_model_cem,48,87,-220.87356224645148
world_model_cem,48,88,-233.8809190021455
world_model_cem,48,89,-240.95946326234895
world_model_cem,48,90,-223.38747872776204
world_model_cem,48,91,-247.1799423783711
world_model_cem,48,92,-228.08102969121984
world_model_cem,48,93,-293.61393851124154
world_model_cem,48,94,-249.17940162214444
world_model_cem,48,95,-283.7877393369613
world_model_cem,48,96,-246.74073620149656
world_model_cem,48,97,-249.22153847605313
world_model_cem,48,98,-252.3782175623249
world_model_cem,48,99,-308.53614034741474
world_model_cem,48,100,-276.0508222817343
world_model_cem,48,101,-236.49993936052005
world_model_cem,48,102,-307.2024965891007
world_model_cem,48,103,-276.02358567456855
world_model_cem,48,104,-263.3008742078795
world_model_cem,48,105,-277.3995914650421
world_model_cem,48,106,-239.27653912864977
world_model_cem,48,107,-288.9803307618902
world_model_cem,48,108,-230.96643205800018
world_model_cem,48,109,-295.593672316655
world_model_cem,48,110,-298.591440852721
world_model_cem,48,111,-279.6848356073097
world_model_cem,48,112,-225.60004626386032
world_model_cem,48,113,-255.9471394784149
world_model_cem,48,114,-283.5807946403667
world_model_cem,48,115,-307.7963995573516
world_model_cem,48,116,-293.8044404531405
world_model_cem,48,117,-261.4795875379345
world_model_cem,48,118,-308.23265128551395
world_model_cem,48,119,-240.4239248420934
world_model_cem,48,120,-232.00235218473853
world_model_cem,48,121,-263.1483801488806
world_model_cem,48,122,-284.64028330221674
world_model_cem,48,123,-206.2431101312294
world_model_cem,48,124,-308.60735304437605
world_model_cem,48,125,-254.6397324223817
world_model_cem,48,126,-303.3299569462058
world_model_cem,48,127,-314.95297003522705
world_model_cem,48,128,-318.2057208814549
world_model_cem,48,129,-311.2535718249564
world_model_cem,48,130,-312.530174007587
world_model_cem,48,131,-314.8235859694407
world_model_cem,48,132,-311.25771253892367
world_model_cem,48,133,-307.9814411615594
world_model_cem,48,134,-311.5685202221314
world_model_cem,48,135,-312.53534468077885
world_model_cem,48,136,-304.7129756636512
world_model_cem,48,137,-299.97806479301005
world_model_cem,48,138,-303.09051369962606
world_model_cem,48,139,-299.31694773423993
world_model_cem,48,140,-299.1993858789735
world_model_cem,48,141,-302.03874058722744
world_model_cem,48,142,-293.4076932228244
world_model_cem,48,143,-294.00770783551997
world_model_cem,48,144,-301.4247266844424
world_model_cem,48,145,-300.88840751887074
world_model_cem,48,146,-317.100329392494
world_model_cem,48,147,-305.77580754632226
world_model_cem,48,148,-326.06565150071896
world_model_cem,48,149,-319.11985264537594
world_model_cem,48,150,-321.7197014659886
world_model_cem,48,151,-318.8934974995643
world_model_cem,48,152,-312.5844452742814
world_model_cem,48,153,-310.1588609244856
world_model_cem,48,154,-312.8044215806607
world_model_cem,48,155,-302.0018878377535
world_model_cem,48,156,-309.9051251736116
world_model_cem,48,157,-307.5481542121698
world_model_cem,48,158,-295.14173988024413
world_model_cem,48,159,-304.02999970095385
world_model_cem,48,160,-295.6216533568545
world_model_cem,48,161,-308.25435033856456
world_model_cem,48,162,-320.18445670323206
world_model_cem,48,163,-318.91873021862375
world_model_cem,48,164,-319.1919397337782
world_model_cem,48,165,-316.91260647819996
world_model_cem,48,166,-317.4692519762918
world_model_cem,48,167,-322.83637080539677
world_model_cem,48,168,-322.0515954658172
world_model_cem,48,169,-319.07023811720995
world_model_cem,48,170,-308.81282953452967
world_model_cem,48,171,-320.55604222913144
world_model_cem,48,172,-320.93025549746153
world_model_cem,48,173,-316.11300931685605
world_model_cem,48,174,-308.65211838264065
world_model_cem,48,175,-316.863625997828
world_model_cem,48,176,-314.28618426852177
world_model_cem,48,177,-311.3923579502042
world_model_cem,48,178,-317.47098829038146
world_model_cem,48,179,-314.35534442039636
world_model_cem,48,180,-309.1833387708605
world_model_cem,48,181,-307.0434996577961
world_model_cem,48,182,-307.26140195492803
world_model_cem,48,183,-307.60870834416386
world_model_cem,48,184,-292.2836739720278
world_model_cem,48,185,-305.30235136687617
world_model_cem,48,186,-299.4023336495801
world_model_cem,48,187,-294.6794144070043
world_model_cem,48,188,-307.6455824096371
world_model_cem,48,189,-305.74296793757503
world_model_cem,48,190,-295.32246719375814
world_model_cem,48,191,-303.2832486650615
world_model_cem,48,192,-294.3148580177323
world_model_cem,48,193,-296.7454519404378
world_model_cem,48,194,-288.3751019779285
world_model_cem,48,195,-295.54589763215813
world_model_cem,48,196,-287.4018868563452
world_model_cem,48,197,-288.70298395726917
world_model_cem,48,198,-293.1508587839526
world_model_cem,48,199,-302.5643563473152
world_model_cem,48,200,-295.03866781995305
world_model_cem,48,201,-290.8309669479836
world_model_cem,48,202,-295.3724639915981
world_model_cem,48,203,-294.4323643956882
world_model_cem,48,204,-296.5939158451764
world_model_cem,48,205,-301.04021561683834
world_model_cem,48,206,-302.9699398745127
world_model_cem,48,207,-304.7359445573305
world_model_cem,48,208,-298.7812092370805
world_model_cem,48,209,-293.3127076904268
world_model_cem,48,210,-291.1274567994278
world_model_cem,48,211,-298.80293879910505
world_model_cem,48,212,-293.5317993750938
world_model_cem,48,213,-303.54079336511285
world_model_cem,48,214,-301.05420333919824
world_model_cem,48,215,-293.23322823614933
world_model_cem,48,216,-294.02536527576945
world_model_cem,48,217,-295.76104867023344
world_model_cem,48,218,-294.7299176430163
world_model_cem,48,219,-290.4422188125544
world_model_cem,48,220,-289.1870827951044
world_model_cem,48,221,-289.8536932090415
world_model_cem,48,222,-297.9105820024454
world_model_cem,48,223,-296.5986776445903
world_model_cem,48,224,-298.7364264364859
world_model_cem,48,225,-292.8308080440271
world_model_cem,48,226,-295.2129618390767
world_model_cem,48,227,-288.85741021810225
world_model_cem,48,228,-290.22221353496786
world_model_cem,48,229,-283.0268688195512
world_model_cem,48,230,-290.22469171408886
world_model_cem,48,231,-280.3900288849054
world_model_cem,48,232,-287.3647278318317
world_model_cem,48,233,-296.2036816676221
world_model_cem,48,234,-283.340653089202
world_model_cem,48,235,-295.8817000960211
world_model_cem,48,236,-293.6126188309942
world_model_cem,48,237,-294.0803345108277
world_model_cem,48,238,-286.81389185740846
world_model_cem,48,239,-292.6912803815595
world_model_cem,48,240,-295.2165439722281
world_model_cem,48,241,-299.2895256464311
world_model_cem,48,242,-294.96520196165244
world_model_cem,48,243,-294.39098669403785
world_model_cem,48,244,-296.05165069559973
world_model_cem,48,245,-302.7071534787157
world_model_cem,48,246,-292.47154313218294
world_model_cem,48,247,-286.8143198341998
world_model_cem,48,248,-292.96019484578096
world_model_cem,48,249,-290.67200706097384
world_model_cem,48,250,-292.2056143935289
world_model_cem,48,251,-299.0660781585567
world_model_cem,48,252,-294.38346267532484
world_model_cem,48,253,-292.9313383354382
world_model_cem,48,254,-290.24919436658956
world_model_cem,48,255,-299.31876748058943
world_model_cem,48,256,-289.2093482284376
world_model_cem,48,257,-294.6027222830635
world_model_cem,48,258,-287.33378354472916
world_model_cem,48,259,-285.14761726077256
world_model_cem,48,260,-287.69980854746626
world_model_cem,48,261,-291.19459553437315
world_model_cem,48,262,-290.09675610997425
world_model_cem,48,263,-290.5879995099861
world_model_cem,48,264,-293.147828814105
world_model_cem,48,265,-285.1369934098814
world_model_cem,48,266,-286.3642881402222
world_model_cem,48,267,-291.81363873809005
world_model_cem,48,268,-287.597523841883
world_model_cem,48,269,-291.81820990180387
world_model_cem,48,270,-295.30025950175525
world_model_cem,48,271,-291.13576713304417
world_model_cem,48,272,-297.7732522477514
world_model_cem,48,273,-295.6471987294113
world_model_cem,48,274,-292.62600071023496
world_model_cem,48,275,-293.48726361514105
world_model_cem,48,276,-295.4479506377795
world_model_cem,48,277,-287.941340159295
world_model_cem,48,278,-279.27618763957554
world_model_cem,48,279,-286.95559479344604
world_model_cem,48,280,-296.97931294073135
world_model_cem,48,281,-292.7301101950738
world_model_cem,48,282,-295.46259297710395
world_model_cem,48,283,-291.64726842023504
world_model_cem,48,284,-293.8460068906842
world_model_cem,48,285,-285.4349121668174
world_model_cem,48,286,-285.42737081814744
world_model_cem,48,287,-293.1045500739464
world_model_cem,48,288,-294.5003332252339
world_model_cem,48,289,-288.6234885262975
world_model_cem,48,290,-291.6008478032463
world_model_cem,48,291,-290.6919948818896
world_model_cem,48,292,-296.74014525913316
world_model_cem,48,293,-282.28543484501427
world_model_cem,48,294,-287.2477108224182
world_model_cem,48,295,-295.3468990139945
world_model_cem,48,296,-278.7992175280291
world_model_cem,48,297,-288.5988654845553
world_model_cem,48,298,-288.42113756048053
world_model_cem,48,299,-287.8450142894156
world_model_cem,48,300,-286.03054759707163
world_model_cem,48,301,-289.65825267762335
world_model_cem,48,302,-285.48941431928563
world_model_cem,48,303,-288.44738947014105
world_model_cem,48,304,-286.109664397332
world_model_cem,48,305,-293.2462098546657
world_model_cem,48,306,-277.87964916609997
world_model_cem,48,307,-285.5012264370955
world_model_cem,48,308,-288.44192228047353
world_model_cem,48,309,-290.5620967577398
world_model_cem,48,310,-298.6120535249101
world_model_cem,48,311,-287.4656765881574
world_model_cem,48,312,-290.2805936513979
world_model_cem,48,313,-293.4214971074273
world_model_cem,48,314,-282.1488626214632
world_model_cem,48,315,-286.22858023671915
world_model_cem,48,316,-289.56120314965113
world_model_cem,48,317,-298.8567373321873
world_model_cem,48,318,-288.6337775791449
world_model_cem,48,319,-290.3153693810523
world_model_cem,48,320,-292.5928473782418
world_model_cem,48,321,-293.38799611982864
world_model_cem,48,322,-290.84198286572524
world_model_cem,48,323,-289.39016002187145
world_model_cem,48,324,-288.42575200339934
world_model_cem,48,325,-291.93962650182027
world_model_cem,48,326,-289.97977756849855
world_model_cem,48,327,-279.55909294630567
world_model_cem,48,328,-288.3210679052554
world_model_cem,48,329,-287.89420245134147
world_model_cem,48,330,-287.5454992439157
world_model_cem,48,331,-285.44623151745077
world_model_cem,48,332,-285.7578327908318
world_model_cem,48,333,-290.8782155359877
world_model_cem,48,334,-285.3643353043735
world_model_cem,48,335,-260.76778439904723
world_model_cem,48,336,-286.14506348745005
world_model_cem,48,337,-282.2706630937072
world_model_cem,48,338,-287.83799323139596
world_model_cem,48,339,-287.8469315530861
world_model_cem,48,340,-286.1243154898797
world_model_cem,48,341,-278.62959441841895
world_model_cem,48,342,-287.995268172887
world_model_cem,48,343,-286.95566447275746
world_model_cem,48,344,-278.52477314464284
world_model_cem,48,345,-290.6631128957402
world_model_cem,48,346,-288.6839778093839
world_model_cem,48,347,-287.0307255762539
world_model_cem,48,348,-297.95445453629975
world_model_cem,48,349,-296.7626716108554
world_model_cem,48,350,-289.5840921664644
world_model_cem,48,351,-286.5103910361617
world_model_cem,48,352,-284.2563363504312
world_model_cem,48,353,-294.05988391006485
world_model_cem,48,354,-290.99706401795424
world_model_cem,48,355,-286.5602745499713
world_model_cem,48,356,-290.9011291917419
world_model_cem,48,357,-263.6199339585419
world_model_cem,48,358,-288.2921523214107
world_model_cem,48,359,-283.27475596053523
world_model_cem,48,360,-277.38187157123303
world_model_cem,48,361,-271.13186544672953
world_model_cem,48,362,-282.6572760427296
world_model_cem,48,363,-285.94220611363653
world_model_cem,48,364,-279.32583073636414
world_model_cem,48,365,-289.76641630530145
world_model_cem,48,366,-288.42612440273405
world_model_cem,48,367,-285.8407362109646
world_model_cem,48,368,-290.9960735522392
world_model_cem,48,369,-288.77070158581
world_model_cem,48,370,-294.8982950001702
world_model_cem,48,371,-287.0760669563196
world_model_cem,48,372,-284.5017248075553
world_model_cem,48,373,-279.65702921552815
world_model_cem,48,374,-288.3730710154564
world_model_cem,48,375,-282.1061661298023
world_model_cem,48,376,-276.9007454672078
world_model_cem,48,377,-290.0157871702545
world_model_cem,48,378,-274.1203380852204
world_model_cem,48,379,-278.28843903146105
world_model_cem,48,380,-290.1304443431178
world_model_cem,48,381,-285.02720641890903
world_model_cem,48,382,-283.5141128150109
world_model_cem,48,383,-292.95534877891316
world_model_cem,48,384,-291.7039717554161
world_model_cem,48,385,-285.45630458047515
world_model_cem,48,386,-292.34430783540495
world_model_cem,48,387,-295.44795578441244
world_model_cem,48,388,-294.3134584586668
world_model_cem,48,389,-294.2224522189844
world_model_cem,48,390,-288.5802009247788
world_model_cem,48,391,-288.2071092168924
world_model_cem,48,392,-291.351770122187
world_model_cem,48,393,-288.0717573576824
world_model_cem,48,394,-285.4494493617478
world_model_cem,48,395,-288.0056222597984
world_model_cem,48,396,-284.9262647889743
world_model_cem,48,397,-292.6274171290673
world_model_cem,48,398,-279.19800883705875
world_model_cem,48,399,-279.91371291603264
world_model_cem,48,400,-271.15230100476845
world_model_cem,48,401,-280.9267693379019
world_model_cem,48,402,-291.0881330630202
world_model_cem,48,403,-288.9394853791092
world_model_cem,48,404,-280.5286281600884
world_model_cem,48,405,-285.26270523975836
world_model_cem,48,406,-291.1360547307101
world_model_cem,48,407,-293.755683138044
world_model_cem,48,408,-285.22775936831397
world_model_cem,48,409,-283.49001160557196
world_model_cem,48,410,-286.78218177124194
world_model_cem,48,411,-287.9958989886054
world_model_cem,48,412,-290.58204287771457
world_model_cem,48,413,-286.3253365314124
world_model_cem,48,414,-287.2015671483815
world_model_cem,48,415,-284.32410245037204
world_model_cem,48,416,-288.20738861145776
world_model_cem,48,417,-291.1830054600103
world_model_cem,48,418,-285.2443112297746
world_model_cem,48,419,-288.04674744106353
world_model_cem,48,420,-290.0509275402366
world_model_cem,48,421,-271.3947981674404
world_model_cem,48,422,-285.8077180167862
world_model_cem,48,423,-288.1009679275712
world_model_cem,48,424,-283.84660038807505
world_model_cem,48,425,-287.4195848855408
world_model_cem,48,426,-280.040636029468
world_model_cem,48,427,-286.7320418783585
world_model_cem,48,428,-280.3748427162675
world_model_cem,48,429,-285.0892057560992
world_model_cem,48,430,-290.43713697294294
world_model_cem,48,431,-284.84747588760024
world_model_cem,48,432,-281.2171594063602
world_model_cem,48,433,-279.5862997622023
world_model_cem,48,434,-281.7097372623958
world_model_cem,48,435,-283.64123779899444
world_model_cem,48,436,-282.7403070149519
world_model_cem,48,437,-288.28481702584656
world_model_cem,48,438,-294.1985871306456
world_model_cem,48,439,-286.39563825208324
world_model_cem,48,440,-286.90814182975566
world_model_cem,48,441,-291.8368918047932
world_model_cem,48,442,-287.581495936477
world_model_cem,48,443,-287.310577462646
world_model_cem,48,444,-286.94705712364123
world_model_cem,48,445,-288.1310248523942
world_model_cem,48,446,-281.2925404548981
world_model_cem,48,447,-284.81269615443637
world_model_cem,48,448,-286.91411771674444
world_model_cem,48,449,-291.2658381420111
world_model_cem,48,450,-284.155690097067
world_model_cem,48,451,-278.89844237349496
world_model_cem,48,452,-286.93649409783353
world_model_cem,48,453,-289.0513031481203
world_model_cem,48,454,-288.2346047995146
world_model_cem,48,455,-280.22568958982777
world_model_cem,48,456,-286.78121944304434
world_model_cem,48,457,-286.400358890626
world_model_cem,48,458,-289.5896541841866
world_model_cem,48,459,-289.81875846914943
world_model_cem,48,460,-291.1983956920695
world_model_cem,48,461,-287.2366285797074
world_model_cem,48,462,-290.90248259369116
world_model_cem,48,463,-288.6222770204237
world_model_cem,48,464,-287.7426776724958
world_model_cem,48,465,-286.6372568526742
world_model_cem,48,466,-280.6096552399397
world_model_cem,48,467,-283.15389431264
world_model_cem,48,468,-280.5938811663142
world_model_cem,48,469,-282.2293373241122
world_model_cem,48,470,-285.0051415535588
world_model_cem,48,471,-282.0474631860541
world_model_cem,48,472,-285.23627660825383
world_model_cem,48,473,-276.7770029613897
world_model_cem,48,474,-280.1556404471188
world_model_cem,48,475,-283.3394054852066
world_model_cem,48,476,-280.737302947434
world_model_cem,48,477,-291.74687250783063
world_model_cem,48,478,-289.61010962768444
world_model_cem,48,479,-289.6055336183119
world_model_cem,48,480,-285.135982175947
world_model_cem,48,481,-286.12714579033485
world_model_cem,48,482,-269.4976599847019
world_model_cem,48,483,-289.552992121726
world_model_cem,48,484,-291.0679170528165
world_model_cem,48,485,-285.31525282410524
world_model_cem,48,486,-279.7194747029037
world_model_cem,48,487,-290.48625423792816
world_model_cem,48,488,-279.76655015864804
world_model_cem,48,489,-288.8013055749584
world_model_cem,48,490,-288.5808171657033
world_model_cem,48,491,-288.9662810687551
world_model_cem,48,492,-290.72811874660874
world_model_cem,48,493,-292.615656486069
world_model_cem,48,494,-288.6105666473808
world_model_cem,48,495,-283.4481392703531
world_model_cem,48,496,-287.593202537146
world_model_cem,48,497,-286.67456122712946
world_model_cem,48,498,-287.74714875898286
world_model_cem,48,499,-282.8271597199441
world_model_cem,48,500,-292.06971252233325
world_model_cem,48,501,-284.85405243108573
world_model_cem,48,502,-284.4171420652099
world_model_cem,48,503,-292.43069485535216
world_model_cem,48,504,-277.2059391022818
world_model_cem,48,505,-287.6332194175834
world_model_cem,48,506,-289.9221430855545
world_model_cem,48,507,-290.0712432633739
world_model_cem,48,508,-281.3032630125228
world_model_cem,48,509,-289.89650300783273
world_model_cem,48,510,-284.17116482890344
world_model_cem,48,511,-295.4757864581231
world_model_cem,48,512,-294.76040791725745
world_model_cem,48,513,-287.9651675303342
world_model_cem,48,514,-287.25577355085346
world_model_cem,48,515,-292.92454090255023
world_model_cem,48,516,-291.0311049378164
world_model_cem,48,517,-292.7839961071251
world_model_cem,48,518,-283.1606541951538
world_model_cem,48,519,-289.8628630691094
world_model_cem,48,520,-282.7788502304214
world_model_cem,48,521,-280.48571451265263
world_model_cem,48,522,-294.6668209571751
world_model_cem,48,523,-283.5285759501396
world_model_cem,48,524,-292.0163991710517
world_model_cem,48,525,-284.61919246691804
world_model_cem,48,526,-287.4513369233697
world_model_cem,48,527,-288.7464517615823
world_model_cem,48,528,-288.8325509419988
world_model_cem,48,529,-288.8108444800023
world_model_cem,48,530,-281.34762780250736
world_model_cem,48,531,-289.1257082214814
world_model_cem,48,532,-281.4697921332461
world_model_cem,48,533,-286.41829921817765
world_model_cem,48,534,-284.1595048280679
world_model_cem,48,535,-295.1076535055319
world_model_cem,48,536,-287.1115139314247
world_model_cem,48,537,-285.7635569377683
world_model_cem,48,538,-284.31365512031323
world_model_cem,48,539,-288.7967497556134
world_model_cem,48,540,-286.60434069569686
world_model_cem,48,541,-285.36270666265324
world_model_cem,48,542,-287.5168307061369
world_model_cem,48,543,-292.39746804721204
world_model_cem,48,544,-291.59508750347413
world_model_cem,48,545,-280.3070630343594
world_model_cem,48,546,-291.4846485110636
world_model_cem,48,547,-291.6363725109761
world_model_cem,48,548,-293.12913836982653
world_model_cem,48,549,-296.3699423716525
world_model_cem,48,550,-293.8041713007766
world_model_cem,48,551,-279.08532680065764
world_model_cem,48,552,-288.9205197658605
world_model_cem,48,553,-285.06211904913795
world_model_cem,48,554,-283.0383135626364
world_model_cem,48,555,-290.70563549027446
world_model_cem,48,556,-289.37097160991823
world_model_cem,48,557,-287.1595742825199
world_model_cem,48,558,-288.7457066050188
world_model_cem,48,559,-275.36604007273166
world_model_cem,48,560,-289.8680964840628
world_model_cem,48,561,-286.3763014330498
world_model_cem,48,562,-290.00627326315714
world_model_cem,48,563,-286.6740106782536
world_model_cem,48,564,-291.71285398486236
world_model_cem,48,565,-281.72811034286445
world_model_cem,48,566,-288.3095638432503
world_model_cem,48,567,-291.55725327772075
world_model_cem,48,568,-288.6086406353612
world_model_cem,48,569,-293.70438442719427
world_model_cem,48,570,-292.9099372964996
world_model_cem,48,571,-282.7375962763644
world_model_cem,48,572,-286.7614045399232
world_model_cem,48,573,-287.13316180926995
world_model_cem,48,574,-292.7298015178888
world_model_cem,48,575,-289.50433325835627
world_model_cem,48,576,-287.18547168142806
world_model_cem,48,577,-286.97625991026587
world_model_cem,48,578,-286.0201247101829
world_model_cem,48,579,-276.92120780102925
world_model_cem,48,580,-287.45394634227443
world_model_cem,48,581,-284.8647761049938
world_model_cem,48,582,-281.3492545130186
world_model_cem,48,583,-285.9842049847704
world_model_cem,48,584,-286.81510541728244
world_model_cem,48,585,-282.820687450108
world_model_cem,48,586,-284.7011864407431
world_model_cem,48,587,-291.40457369216756
world_model_cem,48,588,-288.95469586910355
world_model_cem,48,589,-293.86675090884137
world_model_cem,48,590,-292.23079666265994
world_model_cem,48,591,-289.1742106163856
world_model_cem,48,592,-287.42431493252224
world_model_cem,48,593,-282.6143758832877
world_model_cem,48,594,-289.8863415143266
world_model_cem,48,595,-282.3632388449814
world_model_cem,48,596,-291.7649279812441
world_model_cem,48,597,-281.94690879414054
world_model_cem,48,598,-285.390096207045
world_model_cem,48,599,-288.88659820199416
world_model_cem,48,600,-289.58475100237666
world_model_cem,48,601,-292.88467705008
world_model_cem,48,602,-292.4053493794089
world_model_cem,48,603,-292.928936716682
world_model_cem,48,604,-291.1866068783644
world_model_cem,48,605,-288.42955299501676
world_model_cem,48,606,-286.53272949602353
world_model_cem,48,607,-287.4454424283419
world_model_cem,48,608,-284.41560241547216
world_model_cem,48,609,-289.9659945879771
world_model_cem,48,610,-283.87515404489443
world_model_cem,48,611,-282.13614286722134
world_model_cem,48,612,-284.4094725366123
world_model_cem,48,613,-279.57240540870123
world_model_cem,48,614,-261.333514655084
world_model_cem,48,615,-288.0279553972236
world_model_cem,48,616,-286.8918816134703
world_model_cem,48,617,-276.69976776501755
world_model_cem,48,618,-275.1273203995414
world_model_cem,48,619,-289.7253730391303
world_model_cem,48,620,-288.75031682449753
world_model_cem,48,621,-291.193476779057
world_model_cem,48,622,-284.75721575758797
world_model_cem,48,623,-293.439902422135
world_model_cem,48,624,-293.59568505498294
world_model_cem,48,625,-287.7206856339091
world_model_cem,48,626,-280.68901713084875
world_model_cem,48,627,-285.4519637571527
world_model_cem,48,628,-287.79317840459936
world_model_cem,48,629,-286.00765308733776
world_model_cem,48,630,-291.41550116095397
world_model_cem,48,631,-281.48593016245064
world_model_cem,48,632,-289.56620030961113
world_model_cem,48,633,-295.70849021529926
world_model_cem,48,634,-292.51326386307386
world_model_cem,48,635,-286.44383209004195
world_model_cem,48,636,-274.05704685153796
world_model_cem,48,637,-286.34121256718583
world_model_cem,48,638,-291.17987488843056
world_model_cem,48,639,-275.4144025922946
world_model_cem,48,640,-282.0044317009937
world_model_cem,48,641,-288.3529504657736
world_model_cem,48,642,-292.0302527312037
world_model_cem,48,643,-286.20132915841646
world_model_cem,48,644,-279.97291615461506
world_model_cem,48,645,-283.3948114330154
world_model_cem,48,646,-281.3202161225044
world_model_cem,48,647,-287.4870759969621
world_model_cem,48,648,-290.4164314934171
world_model_cem,48,649,-281.52348627471196
world_model_cem,48,650,-287.82729861968005
world_model_cem,48,651,-284.1504088339746
world_model_cem,48,652,-287.2253726937974
world_model_cem,48,653,-288.28861427856333
world_model_cem,48,654,-285.6118265657501
world_model_cem,48,655,-284.7105692020716
world_model_cem,48,656,-291.15596006307163
world_model_cem,48,657,-297.85499358738105
world_model_cem,48,658,-298.26944818326143
world_model_cem,48,659,-292.497952248779
world_model_cem,48,660,-293.1467329291754
world_model_cem,48,661,-284.24668612662003
world_model_cem,48,662,-287.36814326579275
world_model_cem,48,663,-284.5542398986951
world_model_cem,48,664,-286.4545481574747
world_model_cem,48,665,-277.00587381022547
world_model_cem,48,666,-281.0347506195901
world_model_cem,48,667,-275.65533965882884
world_model_cem,48,668,-286.89864289519454
world_model_cem,48,669,-283.35459538884993
world_model_cem,48,670,-283.64259176036563
world_model_cem,48,671,-288.1068672820013
world_model_cem,48,672,-286.3755131305373
world_model_cem,48,673,-290.1046324537235
world_model_cem,48,674,-289.5161535374058
world_model_cem,48,675,-286.0588254588913
world_model_cem,48,676,-277.1316401214899
world_model_cem,48,677,-275.57892665134455
world_model_cem,48,678,-278.39355800601663
world_model_cem,48,679,-282.54559061883197
world_model_cem,48,680,-281.11857855458555
world_model_cem,48,681,-286.98412407191864
world_model_cem,48,682,-291.85525048003575
world_model_cem,48,683,-288.3166217661762
world_model_cem,48,684,-289.24442732922967
world_model_cem,48,685,-288.84322124008554
world_model_cem,48,686,-280.0446406524759
world_model_cem,48,687,-291.943762590498
world_model_cem,48,688,-296.4120577863556
world_model_cem,48,689,-289.39696365372583
world_model_cem,48,690,-288.7109647602995
world_model_cem,48,691,-290.73394198030206
world_model_cem,48,692,-287.3941042506369
world_model_cem,48,693,-294.20737098051444
world_model_cem,48,694,-290.75665377638694
world_model_cem,48,695,-290.9490231408388
world_model_cem,48,696,-287.0041236164948
world_model_cem,48,697,-284.600050027758
world_model_cem,48,698,-288.3031227471536
world_model_cem,48,699,-285.71170888087187
world_model_cem,48,700,-280.73297438807367
world_model_cem,48,701,-293.7119301173785
world_model_cem,48,702,-293.3682039655175
world_model_cem,48,703,-283.3778031277964
world_model_cem,48,704,-287.64159204614873
world_model_cem,48,705,-281.0284236196477
world_model_cem,48,706,-282.5420267039884
world_model_cem,48,707,-288.9208520186382
world_model_cem,48,708,-277.56889483820913
world_model_cem,48,709,-286.5831525364993
world_model_cem,48,710,-284.4554092289239
world_model_cem,48,711,-285.1617099219224
world_model_cem,48,712,-296.32674539243436
world_model_cem,48,713,-298.2552558763512
world_model_cem,48,714,-295.02185896984633
world_model_cem,48,715,-284.4391915830783
world_model_cem,48,716,-287.585168812386
world_model_cem,48,717,-284.96969108394444
world_model_cem,48,718,-290.6557300673922
world_model_cem,48,719,-294.1272789489648
world_model_cem,48,720,-293.850104207929
world_model_cem,48,721,-285.98663335809636
world_model_cem,48,722,-286.13160934981266
world_model_cem,48,723,-287.09961066187003
world_model_cem,48,724,-285.1656527834037
world_model_cem,48,725,-290.3756200220598
world_model_cem,48,726,-285.61902538019615
world_model_cem,48,727,-290.27458764775736
world_model_cem,48,728,-281.86273654360286
world_model_cem,48,729,-286.9924776423522
world_model_cem,48,730,-287.1721936743947
world_model_cem,48,731,-294.64221667643915
world_model_cem,48,732,-292.4457807045501
world_model_cem,48,733,-285.3920303996585
world_model_cem,48,734,-287.5382122048151
world_model_cem,48,735,-284.869939317947
world_model_cem,48,736,-286.56083529327975
world_model_cem,48,737,-283.8725817839364
world_model_cem,48,738,-286.1711529603068
world_model_cem,48,739,-288.1142295561056
world_model_cem,48,740,-287.8956703012475
world_model_cem,48,741,-290.83549393767333
world_model_cem,48,742,-289.9844914955604
world_model_cem,48,743,-283.5777414064731
world_model_cem,48,744,-290.52177385341713
world_model_cem,48,745,-285.6571239145924
world_model_cem,48,746,-291.0393487151607
world_model_cem,48,747,-293.58100584419725
world_model_cem,48,748,-282.237314210161
world_model_cem,48,749,-292.63237813107605
world_model_cem,48,750,-288.89002112117294
world_model_cem,48,751,-283.8161533837291
world_model_cem,48,752,-289.63027200601135
world_model_cem,48,753,-280.9620964058603
world_model_cem,48,754,-292.5669153376224
world_model_cem,48,755,-289.4075760665098
world_model_cem,48,756,-289.66547917410605
world_model_cem,48,757,-278.0578969918442
world_model_cem,48,758,-274.66329401245224
world_model_cem,48,759,-278.7866368257852
world_model_cem,48,760,-288.5701986159321
world_model_cem,48,761,-291.9466028265069
world_model_cem,48,762,-281.6139445937448
world_model_cem,48,763,-286.311967190485
world_model_cem,48,764,-282.28944533664713
world_model_cem,48,765,-287.3015208798106
world_model_cem,48,766,-287.24943132300643
world_model_cem,48,767,-280.14256148177645
world_model_cem,48,768,-274.2137440953072
world_model_cem,48,769,-287.5739590680662
world_model_cem,48,770,-281.9623525045906
world_model_cem,48,771,-291.79796880476255
world_model_cem,48,772,-286.7599282608725
world_model_cem,48,773,-286.37798500637797
world_model_cem,48,774,-290.0304271471632
world_model_cem,48,775,-295.5202403044756
world_model_cem,48,776,-291.73082954661015
world_model_cem,48,777,-289.64561871670435
world_model_cem,48,778,-290.8923370160318
world_model_cem,48,779,-288.02407601721814
world_model_cem,48,780,-286.0325850882447
world_model_cem,48,781,-281.95862549136325
world_model_cem,48,782,-289.7852878872152
world_model_cem,48,783,-284.27589973028057
world_model_cem,48,784,-292.9764741281225
world_model_cem,48,785,-286.68905729570673
world_model_cem,48,786,-289.2932154342427
world_model_cem,48,787,-288.02663162834557
world_model_cem,48,788,-285.6198352668688
world_model_cem,48,789,-284.6132640773947
world_model_cem,48,790,-287.92536011775275
world_model_cem,48,791,-279.8949292635208
world_model_cem,48,792,-288.1607804462105
world_model_cem,48,793,-286.14023568302605
world_model_cem,48,794,-290.1198230004716
world_model_cem,48,795,-272.1740848759956
world_model_cem,48,796,-289.1075882341012
world_model_cem,48,797,-283.1136977126324
world_model_cem,48,798,-282.96719467824175
world_model_cem,48,799,-290.92419845945096
world_model_cem,48,800,-280.11657271012365
world_model_cem,48,801,-290.1329983741068
world_model_cem,48,802,-287.6054268543155
world_model_cem,48,803,-289.58223835082885
world_model_cem,48,804,-291.0442044951087
world_model_cem,48,805,-288.18359558743634
world_model_cem,48,806,-294.37828429800913
world_model_cem,48,807,-282.64623903404413
world_model_cem,48,808,-267.88789794475997
world_model_cem,48,809,-285.9873178457928
world_model_cem,48,810,-287.55179817687184
world_model_cem,48,811,-292.56622604934495
world_model_cem,48,812,-288.1186763122448
world_model_cem,48,813,-286.8008348438441
world_model_cem,48,814,-286.55761431793974
world_model_cem,48,815,-290.15711024163886
world_model_cem,48,816,-282.2207352010231
world_model_cem,48,817,-287.93338366761475
world_model_cem,48,818,-283.4460783498862
world_model_cem,48,819,-289.2618610897956
world_model_cem,48,820,-284.6049469899625
world_model_cem,48,821,-281.2268331479231
world_model_cem,48,822,-284.495942675808
world_model_cem,48,823,-285.4764618860895
world_model_cem,48,824,-288.3328047541941
world_model_cem,48,825,-290.8066507419444
world_model_cem,48,826,-283.03610395372016
world_model_cem,48,827,-287.99098904736735
world_model_cem,48,828,-284.1920869524269
world_model_cem,48,829,-286.4769459057116
world_model_cem,48,830,-278.15266073616397
world_model_cem,48,831,-288.12177999684604
world_model_cem,48,832,-292.0041260050379
world_model_cem,48,833,-289.9217789753654
world_model_cem,48,834,-290.47141423119876
world_model_cem,48,835,-292.03678320401673
world_model_cem,48,836,-281.03758879740127
world_model_cem,48,837,-282.3459762525644
world_model_cem,48,838,-287.5958828874236
world_model_cem,48,839,-288.39658504171643
world_model_cem,48,840,-288.94872188335
world_model_cem,48,841,-285.1796452332686
world_model_cem,48,842,-288.67365416707156
world_model_cem,48,843,-288.4861859531221
world_model_cem,48,844,-289.2732810121004
world_model_cem,48,845,-276.9857817729753
world_model_cem,48,846,-288.63773525536317
world_model_cem,48,847,-290.0951786293191
world_model_cem,48,848,-284.4304904958921
world_model_cem,48,849,-287.0383332897706
world_model_cem,48,850,-284.63270116596675
world_model_cem,48,851,-287.47195377489663
world_model_cem,48,852,-280.9455457884386
world_model_cem,48,853,-281.5223621340326
world_model_cem,48,854,-286.580409391325
world_model_cem,48,855,-278.7258971384159
world_model_cem,48,856,-286.47922706792525
world_model_cem,48,857,-276.9730315524249
world_model_cem,48,858,-281.00574591434855
world_model_cem,48,859,-283.4149611877696
world_model_cem,48,860,-285.5079197236046
world_model_cem,48,861,-284.1549785189469
world_model_cem,48,862,-286.72225157513475
world_model_cem,48,863,-281.5100398646971
world_model_cem,48,864,-287.6743740445397
world_model_cem,48,865,-291.1375112316838
world_model_cem,48,866,-286.1868374269999
world_model_cem,48,867,-285.6429856909011
world_model_cem,48,868,-287.487913683592
world_model_cem,48,869,-295.43760707064985
world_model_cem,48,870,-281.9633888842378
world_model_cem,48,871,-288.66490260720565
world_model_cem,48,872,-283.74417738754033
world_model_cem,48,873,-280.44699650191956
world_model_cem,48,874,-288.6663192042671
world_model_cem,48,875,-288.09628498092394
world_model_cem,48,876,-286.4743399690827
world_model_cem,48,877,-280.0844670074436
world_model_cem,48,878,-280.09349114211625
world_model_cem,48,879,-286.3949313463067
world_model_cem,48,880,-284.2121462840896
world_model_cem,48,881,-287.1608846294047
world_model_cem,48,882,-287.38903956195793
world_model_cem,48,883,-266.56202726144653
world_model_cem,48,884,-287.6127853053216
world_model_cem,48,885,-289.5522200987143
world_model_cem,48,886,-289.602148717663
world_model_cem,48,887,-286.1542536534686
world_model_cem,48,888,-289.8948206660482
world_model_cem,48,889,-279.7348213929225
world_model_cem,48,890,-288.88892386264024
world_model_cem,48,891,-290.43212797650926
world_model_cem,48,892,-291.266479547539
world_model_cem,48,893,-296.6267626695322
world_model_cem,48,894,-291.4554933045506
world_model_cem,48,895,-286.12232729522816
world_model_cem,48,896,-278.61533298374263
world_model_cem,48,897,-268.8862179109747
world_model_cem,48,898,-279.4738081706042
world_model_cem,48,899,-288.21530620275433
world_model_cem,48,900,-286.46515389829233
world_model_cem,48,901,-295.7294990561165
world_model_cem,48,902,-287.9699858876396
world_model_cem,48,903,-294.5106930401205
world_model_cem,48,904,-297.5920039856916
world_model_cem,48,905,-289.4682334513823
world_model_cem,48,906,-289.17265803830935
world_model_cem,48,907,-284.1211651033568
world_model_cem,48,908,-289.4508287426259
world_model_cem,48,909,-290.2451898762764
world_model_cem,48,910,-275.8695461839643
world_model_cem,48,911,-286.1418864530999
world_model_cem,48,912,-285.01294704677434
world_model_cem,48,913,-292.4150973829609
world_model_cem,48,914,-294.1400593558533
world_model_cem,48,915,-284.4486298728695
world_model_cem,48,916,-291.5432496212365
world_model_cem,48,917,-287.56022610627656
world_model_cem,48,918,-283.78220529291565
world_model_cem,48,919,-292.71367945424817
world_model_cem,48,920,-284.8274186063469
world_model_cem,48,921,-276.32745810544384
world_model_cem,48,922,-282.3923292536487
world_model_cem,48,923,-288.7849307281108
world_model_cem,48,924,-293.5065695747507
world_model_cem,48,925,-289.1478070176374
world_model_cem,48,926,-283.1588964983358
world_model_cem,48,927,-284.05019965176535
world_model_cem,48,928,-289.4004691164937
world_model_cem,48,929,-286.19601435185723
world_model_cem,48,930,-280.9673710244888
world_model_cem,48,931,-275.24499141750795
world_model_cem,48,932,-285.86110649428645
world_model_cem,48,933,-287.366567086353
world_model_cem,48,934,-290.8393297242928
world_model_cem,48,935,-282.4653979238151
world_model_cem,48,936,-283.3908060548057
world_model_cem,48,937,-292.18871571240794
world_model_cem,48,938,-278.2688191617947
world_model_cem,48,939,-282.22309400486165
world_model_cem,48,940,-287.1215864669535
world_model_cem,48,941,-279.5017802045129
world_model_cem,48,942,-287.62133079187595
world_model_cem,48,943,-292.8187820657318
world_model_cem,48,944,-292.29812519771673
world_model_cem,48,945,-291.63731901996977
world_model_cem,48,946,-285.3810020319672
world_model_cem,48,947,-282.02913452164506
world_model_cem,48,948,-285.69853051018197
world_model_cem,48,949,-286.3093957797841
world_model_cem,48,950,-293.23091303990736
world_model_cem,48,951,-286.5320954547227
world_model_cem,48,952,-279.2460528714804
world_model_cem,48,953,-287.43774246153686
world_model_cem,48,954,-294.07021042471547
world_model_cem,48,955,-285.47847168257374
world_model_cem,48,956,-292.97651158705247
world_model_cem,48,957,-283.51077452435703
world_model_cem,48,958,-285.15493692991186
world_model_cem,48,959,-288.58457683029803
world_model_cem,48,960,-272.7864817806611
world_model_cem,48,961,-287.6008718412719
world_model_cem,48,962,-289.25823664021635
world_model_cem,48,963,-290.036915126298
world_model_cem,48,964,-294.2720598114484
world_model_cem,48,965,-284.5960859663058
world_model_cem,48,966,-287.9197051747513
world_model_cem,48,967,-284.3491083201056
world_model_cem,48,968,-285.961434073877
world_model_cem,48,969,-288.22567670082054
world_model_cem,48,970,-290.8319096184161
world_model_cem,48,971,-286.0248115709803
world_model_cem,48,972,-284.7827339458513
world_model_cem,48,973,-281.6497206642834
world_model_cem,48,974,-283.9148954546373
world_model_cem,48,975,-289.6665358282095
world_model_cem,48,976,-272.57738080657293
world_model_cem,48,977,-279.57626182152535
world_model_cem,48,978,-272.02963041440137
world_model_cem,48,979,-291.20062518750973
world_model_cem,48,980,-293.1080158459493
world_model_cem,48,981,-291.3909895332039
world_model_cem,48,982,-279.8504919910541
world_model_cem,48,983,-288.22221437182014
world_model_cem,48,984,-291.57330624803467
world_model_cem,48,985,-283.3953392117479
world_model_cem,48,986,-290.19283893928787
world_model_cem,48,987,-282.1002438506613
world_model_cem,48,988,-294.13015893830413
world_model_cem,48,989,-285.2351929468026
world_model_cem,48,990,-287.90457323038805
world_model_cem,48,991,-296.10704756511257
world_model_cem,48,992,-293.2035127887255
world_model_cem,48,993,-290.1202819390349
world_model_cem,48,994,-292.3637952755814
world_model_cem,48,995,-286.8391877569912
world_model_cem,48,996,-286.3250457233565
world_model_cem,48,997,-287.06869898991783
world_model_cem,48,998,-287.8463388644718
world_model_cem,48,999,-281.4587224975491
world_model_cem,48,1000,-288.58548464626153
world_model_cem,49,1,-196.12981961732464
world_model_cem,49,2,-198.39709355756534
world_model_cem,49,3,-191.34033640458017
world_model_cem,49,4,-219.07268053234202
world_model_cem,49,5,-195.88741960378707
world_model_cem,49,6,-185.61148133187044
world_model_cem,49,7,-218.09436938272884
world_model_cem,49,8,-215.8246984972797
world_model_cem,49,9,-212.2031260401538
world_model_cem,49,10,-195.69344235304763
world_model_cem,49,11,-187.93053428847105
world_model_cem,49,12,-196.29481891904646
world_model_cem,49,13,-220.88547986248304
world_model_cem,49,14,-231.83932998850102
world_model_cem,49,15,-226.87454183457126
world_model_cem,49,16,-208.50340651684638
world_model_cem,49,17,-254.0013967858039
world_model_cem,49,18,-270.174143556639
world_model_cem,49,19,-222.17976139597434
world_model_cem,49,20,-223.63165229494905
world_model_cem,49,21,-232.00248426644055
world_model_cem,49,22,-228.41124639174586
world_model_cem,49,23,-223.20930012809686
world_model_cem,49,24,-225.61131316648783
world_model_cem,49,25,-213.1865600941448
world_model_cem,49,26,-211.10521388266423
world_model_cem,49,27,-223.07851398114016
world_model_cem,49,28,-192.16160914173145
world_model_cem,49,29,-197.2180571929645
world_model_cem,49,30,-182.7892973558121
world_model_cem,49,31,-253.01638212263856
world_model_cem,49,32,-215.77118269327906
world_model_cem,49,33,-187.0280145911746
world_model_cem,49,34,-189.52217499636572
world_model_cem,49,35,-191.73414425948823
world_model_cem,49,36,-208.2844054462215
world_model_cem,49,37,-227.46734107310053
world_model_cem,49,38,-223.88951426769245
world_model_cem,49,39,-204.21280534565312
world_model_cem,49,40,-214.04163071506397
world_model_cem,49,41,-234.7284144675312
world_model_cem,49,42,-229.22445180318877
world_model_cem,49,43,-186.60070356722196
world_model_cem,49,44,-184.6019469599191
world_model_cem,49,45,-248.9930968102924
world_model_cem,49,46,-215.83590238735152
world_model_cem,49,47,-179.44640461566084
world_model_cem,49,48,-182.57044368946725
world_model_cem,49,49,-178.945269456507
world_model_cem,49,50,-189.881316227532
world_model_cem,49,51,-203.3075525723853
world_model_cem,49,52,-208.8124757517997
world_model_cem,49,53,-201.42295987636368
world_model_cem,49,54,-202.11008488047668
world_model_cem,49,55,-192.10411218417255
world_model_cem,49,56,-193.54922779212473
world_model_cem,49,57,-249.558315940643
world_model_cem,49,58,-230.0743394304393
world_model_cem,49,59,-208.79225291218108
world_model_cem,49,60,-237.5560171470615
world_model_cem,49,61,-220.76449811655226
world_model_cem,49,62,-213.17515544855985
world_model_cem,49,63,-182.57533794551023
world_model_cem,49,64,-196.57855264202078
world_model_cem,49,65,-184.5202859139719
world_model_cem,49,66,-218.62802596780557
world_model_cem,49,67,-167.07212802483744
world_model_cem,49,68,-220.95230061116592
world_model_cem,49,69,-198.06192130332144
world_model_cem,49,70,-179.68123698943361
world_model_cem,49,71,-231.48060421982427
world_model_cem,49,72,-190.56667951357207
world_model_cem,49,73,-148.79836971979438
world_model_cem,49,74,-179.08502107117266
world_model_cem,49,75,-213.92322152642623
world_model_cem,49,76,-159.53772751645073
world_model_cem,49,77,-194.81713301659073
world_model_cem,49,78,-233.1534378870623
world_model_cem,49,79,-273.9017740679034
world_model_cem,49,80,-199.9052341704757
world_model_cem,49,81,-192.5388073669924
world_model_cem,49,82,-201.9424561085552
world_model_cem,49,83,-246.52695012847764
world_model_cem,49,84,-229.7373851231539
world_model_cem,49,85,-153.751412899714
world_model_cem,49,86,-159.0700903254027
world_model_cem,49,87,-216.03553023000194
world_model_cem,49,88,-285.2292820457311
world_model_cem,49,89,-167.43632960666415
world_model_cem,49,90,-288.89751577212064
world_model_cem,49,91,-291.88606959323334
world_model_cem,49,92,-247.8580261190529
world_model_cem,49,93,-202.60796797631198
world_model_cem,49,94,-275.8927668703416
world_model_cem,49,95,-288.7798216379257
world_model_cem,49,96,-286.7011666338619
world_model_cem,49,97,-272.9896581756159
world_model_cem,49,98,-161.0591767908109
world_model_cem,49,99,-267.4774844206257
world_model_cem,49,100,-262.6970076395478
world_model_cem,49,101,-262.6238018949481
world_model_cem,49,102,-261.2535433179031
world_model_cem,49,103,-253.70076514439714
world_model_cem,49,104,-258.7299142144502
world_model_cem,49,105,-264.875595500925
world_model_cem,49,106,-264.0797205806036
world_model_cem,49,107,-265.4241379945797
world_model_cem,49,108,-277.0543665516075
world_model_cem,49,109,-270.5425569327392
world_model_cem,49,110,-268.79623228883634
world_model_cem,49,111,-276.921521426928
world_model_cem,49,112,-269.0113661807279
world_model_cem,49,113,-284.61978581974586
world_model_cem,49,114,-282.7954812587097
world_model_cem,49,115,-281.7471492139627
world_model_cem,49,116,-270.0969358983048
world_model_cem,49,117,-276.8961273617114
world_model_cem,49,118,-278.9279373506573
world_model_cem,49,119,-276.38774487424666
world_model_cem,49,120,-280.1585350700625
world_model_cem,49,121,-282.26357769975544
world_model_cem,49,122,-281.4320674641605
world_model_cem,49,123,-272.91044097118123
world_model_cem,49,124,-279.2133374439906
world_model_cem,49,125,-275.4780058607638
world_model_cem,49,126,-268.11059736350876
world_model_cem,49,127,-255.53174433190316
world_model_cem,49,128,-246.55701201130262
world_model_cem,49,129,-254.62712086915133
world_model_cem,49,130,-257.8638989335681
world_model_cem,49,131,-257.1787716322737
world_model_cem,49,132,-246.7148963944128
world_model_cem,49,133,-259.5505029700753
world_model_cem,49,134,-248.73400218208548
world_model_cem,49,135,-260.6409710468943
world_model_cem,49,136,-259.5124908510312
world_model_cem,49,137,-271.9557185756977
world_model_cem,49,138,-278.6270203158365
world_model_cem,49,139,-280.3766121958975
world_model_cem,49,140,-273.2176213690517
world_model_cem,49,141,-276.2407262815049
world_model_cem,49,142,-276.8226623287931
world_model_cem,49,143,-294.97410812260017
world_model_cem,49,144,-278.35789189539776
world_model_cem,49,145,-290.1179398910136
world_model_cem,49,146,-289.5357555053177
world_model_cem,49,147,-285.3012086260223
world_model_cem,49,148,-274.51050361003314
world_model_cem,49,149,-271.2897850943288
world_model_cem,49,150,-272.09192281930586
world_model_cem,49,151,-258.73426021420767
world_model_cem,49,152,-254.79812126229814
world_model_cem,49,153,-253.73689557522428
world_model_cem,49,154,-248.25716812637683
world_model_cem,49,155,-254.41379190174533
world_model_cem,49,156,-248.2752398974511
world_model_cem,49,157,-259.8664249875204
world_model_cem,49,158,-263.9272307052872
world_model_cem,49,159,-263.3788862093944
world_model_cem,49,160,-277.9910217772254
world_model_cem,49,161,-276.8607190369248
world_model_cem,49,162,-280.8921725217211
world_model_cem,49,163,-288.1761920055485
world_model_cem,49,164,-279.57455898856085
world_model_cem,49,165,-290.06885191647996
world_model_cem,49,166,-283.86886288176186
world_model_cem,49,167,-265.5635718371998
world_model_cem,49,168,-293.06553953966306
world_model_cem,49,169,-272.4858278245196
world_model_cem,49,170,-268.0758036794778
world_model_cem,49,171,-266.56050379636036
world_model_cem,49,172,-258.8385869229492
world_model_cem,49,173,-254.82091046322893
world_model_cem,49,174,-252.72361733101664
world_model_cem,49,175,-243.9020787950656
world_model_cem,49,176,-247.32433296501634
world_model_cem,49,177,-246.73894056442086
world_model_cem,49,178,-255.7253389679314
world_model_cem,49,179,-253.9928888850593
world_model_cem,49,180,-271.93354040198585
world_model_cem,49,181,-280.89256171836814
world_model_cem,49,182,-290.0834004113744
world_model_cem,49,183,-288.58766537920326
world_model_cem,49,184,-285.82972804262255
world_model_cem,49,185,-291.1293414648844
world_model_cem,49,186,-285.7135399588376
world_model_cem,49,187,-291.9357873793939
world_model_cem,49,188,-276.41558238691294
world_model_cem,49,189,-290.57050391488104
world_model_cem,49,190,-276.69075619187373
world_model_cem,49,191,-275.9446516783719
world_model_cem,49,192,-265.70552583471647
world_model_cem,49,193,-250.93062602859675
world_model_cem,49,194,-249.49445454405702
world_model_cem,49,195,-246.220843795078
world_model_cem,49,196,-250.38555055135916
world_model_cem,49,197,-249.35568334598474
world_model_cem,49,198,-253.06839015688445
world_model_cem,49,199,-257.5992315819028
world_model_cem,49,200,-262.4328769746381
world_model_cem,49,201,-274.64241079774115
world_model_cem,49,202,-274.77144772758686
world_model_cem,49,203,-278.7282780131285
world_model_cem,49,204,-283.41174065745315
world_model_cem,49,205,-295.87974998472544
world_model_cem,49,206,-292.5984786656021
world_model_cem,49,207,-287.1844046125101
world_model_cem,49,208,-296.32665147535215
world_model_cem,49,209,-286.6858030115573
world_model_cem,49,210,-289.0440140504267
world_model_cem,49,211,-279.1983548724794
world_model_cem,49,212,-284.8362826401666
world_model_cem,49,213,-265.4700238981674
world_model_cem,49,214,-263.04930140668773
world_model_cem,49,215,-252.64576295984452
world_model_cem,49,216,-249.4876646320888
world_model_cem,49,217,-251.27827475466918
world_model_cem,49,218,-247.67959829753138
world_model_cem,49,219,-250.62392374735674
world_model_cem,49,220,-249.83267015531467
world_model_cem,49,221,-260.19101658573834
world_model_cem,49,222,-262.3730609434388
world_model_cem,49,223,-262.484899503218
world_model_cem,49,224,-261.2315646884805
world_model_cem,49,225,-276.76466995107353
world_model_cem,49,226,-280.48808731909844
world_model_cem,49,227,-282.05654785105366
world_model_cem,49,228,-288.73697772464976
world_model_cem,49,229,-288.3461288031638
world_model_cem,49,230,-293.8743998843521
world_model_cem,49,231,-286.41387015946344
world_model_cem,49,232,-297.555394150143
world_model_cem,49,233,-278.32763540259134
world_model_cem,49,234,-270.97213017651416
world_model_cem,49,235,-268.3115108579728
world_model_cem,49,236,-260.3899791068737
world_model_cem,49,237,-252.7322716571405
world_model_cem,49,238,-243.57475254920303
world_model_cem,49,239,-251.01065298741534
world_model_cem,49,240,-249.74367933632274
world_model_cem,49,241,-240.86905936269295
world_model_cem,49,242,-262.737784764163
world_model_cem,49,243,-263.1729784491071
world_model_cem,49,244,-267.8353313474389
world_model_cem,49,245,-262.7052241694255
world_model_cem,49,246,-272.18101285449825
world_model_cem,49,247,-277.6196243341083
world_model_cem,49,248,-285.65031553444845
world_model_cem,49,249,-288.2929133879032
world_model_cem,49,250,-286.2514184379663
world_model_cem,49,251,-285.4614503307582
world_model_cem,49,252,-285.4910493300216
world_model_cem,49,253,-289.6071260988242
world_model_cem,49,254,-285.06217992805887
world_model_cem,49,255,-284.43636160405936
world_model_cem,49,256,-277.8373047636964
world_model_cem,49,257,-270.16850731879913
world_model_cem,49,258,-259.759043677446
world_model_cem,49,259,-253.4062570995982
world_model_cem,49,260,-250.32577449028673
world_model_cem,49,261,-246.49892976753478
world_model_cem,49,262,-254.56796654430445
world_model_cem,49,263,-247.16671227438067
world_model_cem,49,264,-256.70063979527885
world_model_cem,49,265,-263.83555461828365
world_model_cem,49,266,-260.7698168802306
world_model_cem,49,267,-265.2961664084842
world_model_cem,49,268,-278.630328055782
world_model_cem,49,269,-281.9755899614947
world_model_cem,49,270,-290.80874568672186
world_model_cem,49,271,-290.13747794575943
world_model_cem,49,272,-287.2225991054757
world_model_cem,49,273,-278.8483126131135
world_model_cem,49,274,-292.4093494974195
world_model_cem,49,275,-292.8453109256898
world_model_cem,49,276,-290.20536420342376
world_model_cem,49,277,-282.37731131743516
world_model_cem,49,278,-271.93577999284685
world_model_cem,49,279,-260.460505136932
world_model_cem,49,280,-262.1153601334228
world_model_cem,49,281,-248.87289701258157
world_model_cem,49,282,-253.24793932866095
world_model_cem,49,283,-243.37548614301684
world_model_cem,49,284,-245.6762041179021
world_model_cem,49,285,-255.3801108975341
world_model_cem,49,286,-254.6142726845364
world_model_cem,49,287,-252.73768812237645
world_model_cem,49,288,-264.49225925634926
world_model_cem,49,289,-267.9829868083465
world_model_cem,49,290,-276.62452264485364
world_model_cem,49,291,-270.51686554534257
world_model_cem,49,292,-271.07134405840634
world_model_cem,49,293,-284.8363140955525
world_model_cem,49,294,-290.0755167859009
world_model_cem,49,295,-290.933973548003
world_model_cem,49,296,-292.17186932219386
world_model_cem,49,297,-286.04320928493985
world_model_cem,49,298,-292.74945220230916
world_model_cem,49,299,-290.9136229416202
world_model_cem,49,300,-267.11992218606923
world_model_cem,49,301,-258.03529371247555
world_model_cem,49,302,-259.0575971624583
world_model_cem,49,303,-244.9007789135045
world_model_cem,49,304,-238.4344274564417
world_model_cem,49,305,-247.82061184705245
world_model_cem,49,306,-251.10924422958936
world_model_cem,49,307,-250.39772047266175
world_model_cem,49,308,-259.9658638914923
world_model_cem,49,309,-255.4073528684208
world_model_cem,49,310,-268.88967338585957
world_model_cem,49,311,-275.9354248910711
world_model_cem,49,312,-268.50836855373996
world_model_cem,49,313,-284.0297714717734
world_model_cem,49,314,-285.1415854870377
world_model_cem,49,315,-287.90573910648084
world_model_cem,49,316,-288.41907117470805
world_model_cem,49,317,-291.0444952914585
world_model_cem,49,318,-291.81989016210093
world_model_cem,49,319,-269.1729769787595
world_model_cem,49,320,-286.5983472373293
world_model_cem,49,321,-277.75297615743284
world_model_cem,49,322,-280.34366252894256
world_model_cem,49,323,-265.2993324150185
world_model_cem,49,324,-262.82150568666583
world_model_cem,49,325,-263.2066946398592
world_model_cem,49,326,-250.29056583105898
world_model_cem,49,327,-249.61523288407162
world_model_cem,49,328,-250.73153229085227
world_model_cem,49,329,-253.30737380377843
world_model_cem,49,330,-250.93076817305823
world_model_cem,49,331,-258.1735057953754
world_model_cem,49,332,-262.95311963050574
world_model_cem,49,333,-268.7826144108023
world_model_cem,49,334,-267.96621395039074
world_model_cem,49,335,-277.7816251796398
world_model_cem,49,336,-275.8733167981235
world_model_cem,49,337,-282.221946867537
world_model_cem,49,338,-278.87922055992044
world_model_cem,49,339,-286.6404619999671
world_model_cem,49,340,-285.2741311724397
world_model_cem,49,341,-282.368029536172
world_model_cem,49,342,-287.81472491703664
world_model_cem,49,343,-284.2646223410353
world_model_cem,49,344,-265.7832480651391
world_model_cem,49,345,-264.29621272595244
world_model_cem,49,346,-246.7305522997578
world_model_cem,49,347,-240.16174295879347
world_model_cem,49,348,-249.41012186465676
world_model_cem,49,349,-246.6154067933379
world_model_cem,49,350,-241.76638066251311
world_model_cem,49,351,-247.82441774433386
world_model_cem,49,352,-245.46562483408246
world_model_cem,49,353,-257.7090025097183
world_model_cem,49,354,-270.3998025496707
world_model_cem,49,355,-271.96023163627376
world_model_cem,49,356,-283.980635363926
world_model_cem,49,357,-287.2313547558663
world_model_cem,49,358,-294.51621561065986
world_model_cem,49,359,-293.30236908757433
world_model_cem,49,360,-287.21144836496046
world_model_cem,49,361,-294.0623985174301
world_model_cem,49,362,-292.08026070249366
world_model_cem,49,363,-290.1831685679142
world_model_cem,49,364,-274.0360013868042
world_model_cem,49,365,-270.48531062479447
world_model_cem,49,366,-267.55731246771956
world_model_cem,49,367,-249.53390475348158
world_model_cem,49,368,-253.29843150827398
world_model_cem,49,369,-253.90168522120672
world_model_cem,49,370,-248.68437567923627
world_model_cem,49,371,-247.91133981752978
world_model_cem,49,372,-242.87010815417062
world_model_cem,49,373,-252.6893532812335
world_model_cem,49,374,-257.6236346425239
world_model_cem,49,375,-265.48913255985633
world_model_cem,49,376,-267.43626554440897
world_model_cem,49,377,-269.6680448762837
world_model_cem,49,378,-279.380261723447
world_model_cem,49,379,-284.3492134921628
world_model_cem,49,380,-295.8130030192404
world_model_cem,49,381,-283.74848819675015
world_model_cem,49,382,-290.9857100093085
world_model_cem,49,383,-288.0873621835769
world_model_cem,49,384,-291.84734954264104
world_model_cem,49,385,-291.0436747657346
world_model_cem,49,386,-281.6112779661944
world_model_cem,49,387,-285.7477319724101
world_model_cem,49,388,-282.7500603624877
world_model_cem,49,389,-269.18816829421064
world_model_cem,49,390,-247.16166757254223
world_model_cem,49,391,-254.26974202327773
world_model_cem,49,392,-249.89683346423612
world_model_cem,49,393,-252.2621718091238
world_model_cem,49,394,-248.0960951035869
world_model_cem,49,395,-251.9892379614019
world_model_cem,49,396,-243.91458613458414
world_model_cem,49,397,-256.99559487299575
world_model_cem,49,398,-259.3084997401128
world_model_cem,49,399,-264.84213444683775
world_model_cem,49,400,-265.5433468101538
world_model_cem,49,401,-269.31474537209033
world_model_cem,49,402,-286.14517529423495
world_model_cem,49,403,-283.7563804836842
world_model_cem,49,404,-291.22062544791754
world_model_cem,49,405,-277.70954357000375
world_model_cem,49,406,-289.68899606513685
world_model_cem,49,407,-286.3325756516528
world_model_cem,49,408,-283.63467327739136
world_model_cem,49,409,-282.23133696541237
world_model_cem,49,410,-268.0280560420328
world_model_cem,49,411,-268.7703977427088
world_model_cem,49,412,-259.826439603375
world_model_cem,49,413,-254.2256342703716
world_model_cem,49,414,-247.14448684575189
world_model_cem,49,415,-249.81144212026936
world_model_cem,49,416,-252.37782691539456
world_model_cem,49,417,-253.58572361103117
world_model_cem,49,418,-257.9882904011537
world_model_cem,49,419,-267.3552640579227
world_model_cem,49,420,-267.80922344899835
world_model_cem,49,421,-276.5997527824139
world_model_cem,49,422,-278.0023723378244
world_model_cem,49,423,-287.93225534635997
world_model_cem,49,424,-281.5290729519458
world_model_cem,49,425,-285.9300263885658
world_model_cem,49,426,-290.6081691938291
world_model_cem,49,427,-287.5868953655239
world_model_cem,49,428,-285.8576623126726
world_model_cem,49,429,-280.76945830358767
world_model_cem,49,430,-281.67487516340896
world_model_cem,49,431,-270.03597861312676
world_model_cem,49,432,-262.271397102752
world_model_cem,49,433,-249.81595442757543
world_model_cem,49,434,-246.36998978699657
world_model_cem,49,435,-244.66114995355213
world_model_cem,49,436,-250.9357860074603
world_model_cem,49,437,-245.26477228258193
world_model_cem,49,438,-246.7775321865691
world_model_cem,49,439,-249.4277544683036
world_model_cem,49,440,-258.81734366306716
world_model_cem,49,441,-260.98526343283356
world_model_cem,49,442,-265.06307306616435
world_model_cem,49,443,-281.6487054652365
world_model_cem,49,444,-286.4828722227692
world_model_cem,49,445,-282.98865877182345
world_model_cem,49,446,-295.3955916989549
world_model_cem,49,447,-291.7988308595309
world_model_cem,49,448,-295.8239965965397
world_model_cem,49,449,-289.39761238522544
world_model_cem,49,450,-285.89919996350966
world_model_cem,49,451,-291.904275775378
world_model_cem,49,452,-277.23734091266437
world_model_cem,49,453,-272.6329547618701
world_model_cem,49,454,-263.20487240869124
world_model_cem,49,455,-257.29554290705187
world_model_cem,49,456,-252.4743478876049
world_model_cem,49,457,-244.53971515407576
world_model_cem,49,458,-236.66243519168194
world_model_cem,49,459,-245.50653864816775
world_model_cem,49,460,-250.2698286747421
world_model_cem,49,461,-252.5806534027004
world_model_cem,49,462,-260.8293625632942
world_model_cem,49,463,-260.96240354642777
world_model_cem,49,464,-269.13631055202666
world_model_cem,49,465,-282.9193431958714
world_model_cem,49,466,-276.04973024746806
world_model_cem,49,467,-290.49900902600257
world_model_cem,49,468,-286.1563969924485
world_model_cem,49,469,-294.1401440441998
world_model_cem,49,470,-292.56938339169267
world_model_cem,49,471,-295.4718831633194
world_model_cem,49,472,-289.0140526145448
world_model_cem,49,473,-281.04557920566936
world_model_cem,49,474,-285.0805106138502
world_model_cem,49,475,-266.4305241703337
world_model_cem,49,476,-267.9170108662409
world_model_cem,49,477,-259.1010772285348
world_model_cem,49,478,-253.7482305927973
world_model_cem,49,479,-240.73185095241854
world_model_cem,49,480,-248.22779505745513
world_model_cem,49,481,-240.4976906267313
world_model_cem,49,482,-242.31483474309942
world_model_cem,49,483,-247.04512002395956
world_model_cem,49,484,-257.9385966512269
world_model_cem,49,485,-265.44738297831645
world_model_cem,49,486,-275.3216175983324
world_model_cem,49,487,-284.51327690868646
world_model_cem,49,488,-285.2568446260426
world_model_cem,49,489,-281.4876366598049
world_model_cem,49,490,-290.70979140864875
world_model_cem,49,491,-286.1816156327793
world_model_cem,49,492,-290.0297302559686
world_model_cem,49,493,-270.10745641543946
world_model_cem,49,494,-286.0565790559853
world_model_cem,49,495,-283.14982047670543
world_model_cem,49,496,-279.4011550537592
world_model_cem,49,497,-266.0709780303404
world_model_cem,49,498,-273.29884488341304
world_model_cem,49,499,-251.9581373450435
world_model_cem,49,500,-242.04243789525685
world_model_cem,49,501,-255.52154369700037
world_model_cem,49,502,-239.70315482437684
world_model_cem,49,503,-250.3634121526972
world_model_cem,49,504,-239.3672735737428
world_model_cem,49,505,-251.97746483403785
world_model_cem,49,506,-260.3832205180945
world_model_cem,49,507,-260.493182517311
world_model_cem,49,508,-262.57504990861867
world_model_cem,49,509,-266.45520992619515
world_model_cem,49,510,-274.6708332901223
world_model_cem,49,511,-280.37714509757194
world_model_cem,49,512,-287.2980762962894
world_model_cem,49,513,-276.9006665584183
world_model_cem,49,514,-268.94144442005927
world_model_cem,49,515,-281.3549705440555
world_model_cem,49,516,-288.43532827290824
world_model_cem,49,517,-285.65882053596397
world_model_cem,49,518,-289.1117323970064
world_model_cem,49,519,-271.8423590057531
world_model_cem,49,520,-267.37497184268227
world_model_cem,49,521,-254.46296542425523
world_model_cem,49,522,-249.55696364136853
world_model_cem,49,523,-248.0298833290749
world_model_cem,49,524,-247.13621299594902
world_model_cem,49,525,-245.72755819656925
world_model_cem,49,526,-257.19343685090683
world_model_cem,49,527,-251.787714654519
world_model_cem,49,528,-252.08604230918718
world_model_cem,49,529,-267.69297978081204
world_model_cem,49,530,-261.10573130311406
world_model_cem,49,531,-277.3493833494504
world_model_cem,49,532,-275.7075869661216
world_model_cem,49,533,-284.85865953310906
world_model_cem,49,534,-286.2748640044697
world_model_cem,49,535,-290.2052119010708
world_model_cem,49,536,-292.4725299143548
world_model_cem,49,537,-280.1350705402198
world_model_cem,49,538,-290.961660837626
world_model_cem,49,539,-291.2154449964675
world_model_cem,49,540,-282.4305122300288
world_model_cem,49,541,-278.9771977834288
world_model_cem,49,542,-263.5575247210902
world_model_cem,49,543,-256.1530480623421
world_model_cem,49,544,-247.24509751268158
world_model_cem,49,545,-246.3152185928363
world_model_cem,49,546,-248.37813540394592
world_model_cem,49,547,-246.23823041905882
world_model_cem,49,548,-251.60732833259993
world_model_cem,49,549,-260.62631351478325
world_model_cem,49,550,-257.25565190281975
world_model_cem,49,551,-271.97405168349155
world_model_cem,49,552,-273.8001103946382
world_model_cem,49,553,-278.94668031230174
world_model_cem,49,554,-287.2168399401352
world_model_cem,49,555,-290.3355245293302
world_model_cem,49,556,-292.40331834492736
world_model_cem,49,557,-280.29930755105426
world_model_cem,49,558,-282.0378315839348
world_model_cem,49,559,-286.74356874127915
world_model_cem,49,560,-283.11610287347514
world_model_cem,49,561,-284.0085927707797
world_model_cem,49,562,-270.11925114318996
world_model_cem,49,563,-270.9069411008413
world_model_cem,49,564,-254.31449367789475
world_model_cem,49,565,-253.13263588230006
world_model_cem,49,566,-253.7914151783798
world_model_cem,49,567,-245.97697518845683
world_model_cem,49,568,-246.1903404763095
world_model_cem,49,569,-250.78622462021735
world_model_cem,49,570,-253.21383750194127
world_model_cem,49,571,-256.99944561550865
world_model_cem,49,572,-261.37114974490305
world_model_cem,49,573,-270.2624396269113
world_model_cem,49,574,-277.8481281490257
world_model_cem,49,575,-278.95648211636046
world_model_cem,49,576,-285.67211578989577
world_model_cem,49,577,-283.3582309451785
world_model_cem,49,578,-277.3218739678291
world_model_cem,49,579,-279.006758668527
world_model_cem,49,580,-282.6822046114369
world_model_cem,49,581,-290.3556025977499
world_model_cem,49,582,-286.96321051392874
world_model_cem,49,583,-287.0816225424867
world_model_cem,49,584,-280.1200486108739
world_model_cem,49,585,-270.98565727393657
world_model_cem,49,586,-258.60108990341837
world_model_cem,49,587,-256.71315542827347
world_model_cem,49,588,-249.27226426273072
world_model_cem,49,589,-254.27225236257985
world_model_cem,49,590,-245.321691646971
world_model_cem,49,591,-251.05922707858718
world_model_cem,49,592,-249.1866463649809
world_model_cem,49,593,-262.3896260255721
world_model_cem,49,594,-268.7274282800084
world_model_cem,49,595,-268.4236831389238
world_model_cem,49,596,-265.7703026572009
world_model_cem,49,597,-284.26637066241324
world_model_cem,49,598,-288.05423781492425
world_model_cem,49,599,-292.452911605718
world_model_cem,49,600,-290.7912446510636
world_model_cem,49,601,-291.62437530926366
world_model_cem,49,602,-291.6952661280724
world_model_cem,49,603,-289.93543589577337
world_model_cem,49,604,-280.9890050482213
world_model_cem,49,605,-281.32809082805795
world_model_cem,49,606,-278.5547676546491
world_model_cem,49,607,-265.93227161956906
world_model_cem,49,608,-261.9294003989708
world_model_cem,49,609,-248.91837249867694
world_model_cem,49,610,-243.5645469579714
world_model_cem,49,611,-250.2519500708541
world_model_cem,49,612,-239.87217271773284
world_model_cem,49,613,-243.5130220647441
world_model_cem,49,614,-250.28433795284687
world_model_cem,49,615,-256.77761469223555
world_model_cem,49,616,-250.35436160853766
world_model_cem,49,617,-269.5908909034057
world_model_cem,49,618,-275.4075468303638
world_model_cem,49,619,-271.28787741141747
world_model_cem,49,620,-285.24658897861127
world_model_cem,49,621,-281.6420666096493
world_model_cem,49,622,-285.7913478030553
world_model_cem,49,623,-288.2467270788544
world_model_cem,49,624,-291.9419420094478
world_model_cem,49,625,-284.03762648339017
world_model_cem,49,626,-285.1367504621712
world_model_cem,49,627,-279.974706600544
world_model_cem,49,628,-269.4459177868249
world_model_cem,49,629,-270.0941316034787
world_model_cem,49,630,-264.73337722044073
world_model_cem,49,631,-256.84267724825804
world_model_cem,49,632,-254.9272944754628
world_model_cem,49,633,-248.87962657171238
world_model_cem,49,634,-244.83565119424807
world_model_cem,49,635,-249.94871399029972
world_model_cem,49,636,-256.4129822163669
world_model_cem,49,637,-260.1308058087766
world_model_cem,49,638,-269.56952286178233
world_model_cem,49,639,-261.7442364762469
world_model_cem,49,640,-276.9960587796566
world_model_cem,49,641,-285.97086296807515
world_model_cem,49,642,-288.62147406649194
world_model_cem,49,643,-275.9889784539618
world_model_cem,49,644,-290.1912676133847
world_model_cem,49,645,-281.02511931509366
world_model_cem,49,646,-285.11738348415014
world_model_cem,49,647,-274.95054107206755
world_model_cem,49,648,-273.9572773638635
world_model_cem,49,649,-271.6373519324292
world_model_cem,49,650,-268.310729630786
world_model_cem,49,651,-250.35652017070151
world_model_cem,49,652,-256.151628833246
world_model_cem,49,653,-242.98565632018025
world_model_cem,49,654,-249.9949373839327
world_model_cem,49,655,-252.6747397737551
world_model_cem,49,656,-259.05239004325756
world_model_cem,49,657,-256.574845095097
world_model_cem,49,658,-272.933155264543
world_model_cem,49,659,-277.62528699226743
world_model_cem,49,660,-285.79487593259387
world_model_cem,49,661,-287.747833432011
world_model_cem,49,662,-290.8751657374411
world_model_cem,49,663,-293.94729608258694
world_model_cem,49,664,-283.97610497891037
world_model_cem,49,665,-290.122210120509
world_model_cem,49,666,-288.05512024162545
world_model_cem,49,667,-288.4304948370771
world_model_cem,49,668,-282.9412869849259
world_model_cem,49,669,-271.74498470329394
world_model_cem,49,670,-282.5796885060729
world_model_cem,49,671,-274.32067133290315
world_model_cem,49,672,-266.75932116277306
world_model_cem,49,673,-272.88486312870987
world_model_cem,49,674,-267.21061515831184
world_model_cem,49,675,-264.62131395166256
world_model_cem,49,676,-258.0436742280202
world_model_cem,49,677,-261.4237015805804
world_model_cem,49,678,-254.71204850589166
world_model_cem,49,679,-256.2779683799965
world_model_cem,49,680,-263.03673714075865
world_model_cem,49,681,-255.81884138391106
world_model_cem,49,682,-254.59326920051785
world_model_cem,49,683,-264.7926277295878
world_model_cem,49,684,-271.6518897782062
world_model_cem,49,685,-272.93083125175616
world_model_cem,49,686,-269.122203299315
world_model_cem,49,687,-273.66065917206146
world_model_cem,49,688,-279.40132375639234
world_model_cem,49,689,-274.25853207125436
world_model_cem,49,690,-275.46412461141205
world_model_cem,49,691,-279.84987010425806
world_model_cem,49,692,-279.73591283969125
world_model_cem,49,693,-281.7493685547941
world_model_cem,49,694,-284.4057582591353
world_model_cem,49,695,-272.3093574909934
world_model_cem,49,696,-253.54644730991492
world_model_cem,49,697,-267.9967723441451
world_model_cem,49,698,-258.80408886956053
world_model_cem,49,699,-264.12619092121963
world_model_cem,49,700,-262.28809406587715
world_model_cem,49,701,-258.9579239706014
world_model_cem,49,702,-259.4724678717643
world_model_cem,49,703,-253.53679125797703
world_model_cem,49,704,-258.0645275186882
world_model_cem,49,705,-268.67506582160087
world_model_cem,49,706,-267.92221950559383
world_model_cem,49,707,-272.8427047917802
world_model_cem,49,708,-277.25315993538925
world_model_cem,49,709,-266.45724998409133
world_model_cem,49,710,-275.27143432370497
world_model_cem,49,711,-282.7206432296915
world_model_cem,49,712,-283.15034035697613
world_model_cem,49,713,-284.9398959658037
world_model_cem,49,714,-281.1328826627618
world_model_cem,49,715,-280.5184666299748
world_model_cem,49,716,-276.08863077946523
world_model_cem,49,717,-287.46060231832905
world_model_cem,49,718,-283.68588441874175
world_model_cem,49,719,-280.8984048352716
world_model_cem,49,720,-289.26368236638444
world_model_cem,49,721,-285.6496470714534
world_model_cem,49,722,-290.48181026032444
world_model_cem,49,723,-285.46658535523756
world_model_cem,49,724,-293.3384244578361
world_model_cem,49,725,-294.0653412292651
world_model_cem,49,726,-296.23664529494425
world_model_cem,49,727,-288.3000338605266
world_model_cem,49,728,-294.8714112101661
world_model_cem,49,729,-288.97417194431415
world_model_cem,49,730,-277.1886943314148
world_model_cem,49,731,-267.0828060569436
world_model_cem,49,732,-279.3421409496251
world_model_cem,49,733,-274.0235029670305
world_model_cem,49,734,-271.72255097627243
world_model_cem,49,735,-261.7710321011607
world_model_cem,49,736,-271.47938187053023
world_model_cem,49,737,-252.63585273152282
world_model_cem,49,738,-247.40942135059063
world_model_cem,49,739,-237.23850631048953
world_model_cem,49,740,-246.17389228044834
world_model_cem,49,741,-244.28049503438623
world_model_cem,49,742,-249.9051052692772
world_model_cem,49,743,-254.09419462995402
world_model_cem,49,744,-249.85987548059146
world_model_cem,49,745,-258.8642103356941
world_model_cem,49,746,-257.0958421240117
world_model_cem,49,747,-273.0617316892169
world_model_cem,49,748,-273.213006104606
world_model_cem,49,749,-288.7939461420225
world_model_cem,49,750,-281.3667326440284
world_model_cem,49,751,-283.1460264734127
world_model_cem,49,752,-287.8558978944004
world_model_cem,49,753,-287.2336922688872
world_model_cem,49,754,-283.6794527896966
world_model_cem,49,755,-290.5308798109348
world_model_cem,49,756,-284.99804659590507
world_model_cem,49,757,-273.846967860974
world_model_cem,49,758,-280.4784370539346
world_model_cem,49,759,-271.044139992807
world_model_cem,49,760,-261.10657477058146
world_model_cem,49,761,-264.5325448191735
world_model_cem,49,762,-252.84490599045387
world_model_cem,49,763,-248.1705578825666
world_model_cem,49,764,-241.83157917392347
world_model_cem,49,765,-248.8738641969145
world_model_cem,49,766,-249.10192336619087
world_model_cem,49,767,-255.00338101338002
world_model_cem,49,768,-248.48589849118633
world_model_cem,49,769,-262.70672606184235
world_model_cem,49,770,-260.47857977247344
world_model_cem,49,771,-276.77505220378293
world_model_cem,49,772,-287.67301424779083
world_model_cem,49,773,-287.61339688048884
world_model_cem,49,774,-286.5206692970537
world_model_cem,49,775,-283.2195082653277
world_model_cem,49,776,-273.3734800748353
world_model_cem,49,777,-277.6449869396504
world_model_cem,49,778,-278.48667634962044
world_model_cem,49,779,-286.0994629367249
world_model_cem,49,780,-283.008748377483
world_model_cem,49,781,-272.28803933298207
world_model_cem,49,782,-255.87863155781608
world_model_cem,49,783,-257.2727789276507
world_model_cem,49,784,-258.84724881916776
world_model_cem,49,785,-253.92018357478543
world_model_cem,49,786,-248.04500983708294
world_model_cem,49,787,-253.82086089475726
world_model_cem,49,788,-254.4243027523193
world_model_cem,49,789,-261.38232019410293
world_model_cem,49,790,-263.24964250892305
world_model_cem,49,791,-266.65527149110363
world_model_cem,49,792,-274.46463508646895
world_model_cem,49,793,-269.6761628160107
world_model_cem,49,794,-286.72590484356726
world_model_cem,49,795,-280.1572772235271
world_model_cem,49,796,-282.5097342499401
world_model_cem,49,797,-286.94674267679505
world_model_cem,49,798,-282.2312379118294
world_model_cem,49,799,-285.1295852867122
world_model_cem,49,800,-273.2244999494261
world_model_cem,49,801,-281.10887119706956
world_model_cem,49,802,-271.2249794078092
world_model_cem,49,803,-272.58640950532276
world_model_cem,49,804,-259.78164883271995
world_model_cem,49,805,-254.82644785956137
world_model_cem,49,806,-256.5475611190138
world_model_cem,49,807,-254.688807353369
world_model_cem,49,808,-248.27933231565459
world_model_cem,49,809,-253.01889342306907
world_model_cem,49,810,-260.2125539356804
world_model_cem,49,811,-263.292619223926
world_model_cem,49,812,-262.09064125419945
world_model_cem,49,813,-264.74265243742514
world_model_cem,49,814,-273.01863297088744
world_model_cem,49,815,-286.30956321269446
world_model_cem,49,816,-282.6466050868901
world_model_cem,49,817,-278.6110433854286
world_model_cem,49,818,-269.0177501655463
world_model_cem,49,819,-284.40838658814494
world_model_cem,49,820,-274.3811916525618
world_model_cem,49,821,-278.85185383302667
world_model_cem,49,822,-280.82963879830567
world_model_cem,49,823,-271.19344956960026
world_model_cem,49,824,-269.784464554858
world_model_cem,49,825,-261.5267185762632
world_model_cem,49,826,-258.8549626767557
world_model_cem,49,827,-253.22857265934994
world_model_cem,49,828,-239.22774933190672
world_model_cem,49,829,-256.681280558757
world_model_cem,49,830,-250.61282504667014
world_model_cem,49,831,-254.00189727659807
world_model_cem,49,832,-256.5963929874239
world_model_cem,49,833,-253.60446565187968
world_model_cem,49,834,-264.96618199431106
world_model_cem,49,835,-270.6792717596723
world_model_cem,49,836,-276.63743438337275
world_model_cem,49,837,-287.74193504307436
world_model_cem,49,838,-280.9726654183245
world_model_cem,49,839,-281.77348064509306
world_model_cem,49,840,-294.3109725322676
world_model_cem,49,841,-293.43465986128797
world_model_cem,49,842,-288.9156004412681
world_model_cem,49,843,-280.19367342026476
world_model_cem,49,844,-283.97602603971313
world_model_cem,49,845,-284.5395543380678
world_model_cem,49,846,-273.52499197545524
world_model_cem,49,847,-261.2763474970146
world_model_cem,49,848,-242.212336865477
world_model_cem,49,849,-254.29293639994683
world_model_cem,49,850,-245.53464386174207
world_model_cem,49,851,-246.7855072636697
world_model_cem,49,852,-252.97945365518942
world_model_cem,49,853,-254.52930833520014
world_model_cem,49,854,-252.7501763931668
world_model_cem,49,855,-258.71802720303236
world_model_cem,49,856,-265.5957378777813
world_model_cem,49,857,-267.16926649299086
world_model_cem,49,858,-277.43301975895963
world_model_cem,49,859,-282.1250524494207
world_model_cem,49,860,-285.77686319711574
world_model_cem,49,861,-288.1471031770359
world_model_cem,49,862,-290.91798206092074
world_model_cem,49,863,-288.9981460744459
world_model_cem,49,864,-289.35971618800284
world_model_cem,49,865,-283.0216560889004
world_model_cem,49,866,-283.96518675178334
world_model_cem,49,867,-278.85970054595987
world_model_cem,49,868,-267.63839693740476
world_model_cem,49,869,-252.5884054052579
world_model_cem,49,870,-236.20085950001965
world_model_cem,49,871,-252.03139635614968
world_model_cem,49,872,-249.1246517471619
world_model_cem,49,873,-252.49829014128318
world_model_cem,49,874,-249.72109005213275
world_model_cem,49,875,-253.36497353633712
world_model_cem,49,876,-254.17331267249588
world_model_cem,49,877,-261.37554839092286
world_model_cem,49,878,-262.44097378664804
world_model_cem,49,879,-272.0403833228129
world_model_cem,49,880,-282.7526223036049
world_model_cem,49,881,-273.5494721468797
world_model_cem,49,882,-289.73024007737047
world_model_cem,49,883,-287.5418643022079
world_model_cem,49,884,-292.6537301998001
world_model_cem,49,885,-286.97995333674163
world_model_cem,49,886,-283.57507233466583
world_model_cem,49,887,-281.3092400660082
world_model_cem,49,888,-277.32411140521094
world_model_cem,49,889,-279.1433716157589
world_model_cem,49,890,-271.040462355473
world_model_cem,49,891,-249.96824942464337
world_model_cem,49,892,-256.9799388393356
world_model_cem,49,893,-238.17133987661492
world_model_cem,49,894,-243.6131165933642
world_model_cem,49,895,-255.58003809290892
world_model_cem,49,896,-260.5751147983449
world_model_cem,49,897,-267.66237289208914
world_model_cem,49,898,-281.69241794862535
world_model_cem,49,899,-288.8875680845329
world_model_cem,49,900,-288.7698170976396
world_model_cem,49,901,-295.51774913373777
world_model_cem,49,902,-295.24268888331915
world_model_cem,49,903,-296.06348273059757
world_model_cem,49,904,-293.88986308311826
world_model_cem,49,905,-287.2646572597407
world_model_cem,49,906,-284.46721573271566
world_model_cem,49,907,-287.7016076349329
world_model_cem,49,908,-279.3586322755704
world_model_cem,49,909,-274.1521917829695
world_model_cem,49,910,-271.1247476099579
world_model_cem,49,911,-249.7841957957437
world_model_cem,49,912,-250.4796485830633
world_model_cem,49,913,-246.6252555486796
world_model_cem,49,914,-249.3810174686394
world_model_cem,49,915,-244.18516503186626
world_model_cem,49,916,-240.83285317203283
world_model_cem,49,917,-251.51799744356114
world_model_cem,49,918,-247.48153472562026
world_model_cem,49,919,-262.96329963429406
world_model_cem,49,920,-267.9285610802371
world_model_cem,49,921,-272.7051653019506
world_model_cem,49,922,-271.8901411183115
world_model_cem,49,923,-289.6962034186831
world_model_cem,49,924,-292.00531323866204
world_model_cem,49,925,-292.44577580900113
world_model_cem,49,926,-296.6741552689889
world_model_cem,49,927,-287.30153033727976
world_model_cem,49,928,-287.7587526637267
world_model_cem,49,929,-290.38847161072204
world_model_cem,49,930,-288.75453460739254
world_model_cem,49,931,-285.41807054161484
world_model_cem,49,932,-266.5400838604063
world_model_cem,49,933,-279.6491842998836
world_model_cem,49,934,-268.80882985216994
world_model_cem,49,935,-261.5816248944944
world_model_cem,49,936,-243.60389065916036
world_model_cem,49,937,-250.1782766484676
world_model_cem,49,938,-243.09777228752225
world_model_cem,49,939,-249.59853920893255
world_model_cem,49,940,-248.69008568244655
world_model_cem,49,941,-257.96882673121587
world_model_cem,49,942,-255.78918003892204
world_model_cem,49,943,-267.505325803533
world_model_cem,49,944,-273.2240553605172
world_model_cem,49,945,-275.3028557573673
world_model_cem,49,946,-283.7827386534718
world_model_cem,49,947,-287.82878156118227
world_model_cem,49,948,-281.27300668848613
world_model_cem,49,949,-277.9376434502433
world_model_cem,49,950,-285.96454231280484
world_model_cem,49,951,-279.6039535225814
world_model_cem,49,952,-282.1340841233896
world_model_cem,49,953,-279.68524507539496
world_model_cem,49,954,-280.4133638179146
world_model_cem,49,955,-286.6480388985747
world_model_cem,49,956,-270.5230044378127
world_model_cem,49,957,-262.8458626942076
world_model_cem,49,958,-252.48476073332853
world_model_cem,49,959,-248.93807562744502
world_model_cem,49,960,-244.32190271987128
world_model_cem,49,961,-247.97969311412766
world_model_cem,49,962,-249.47478944368027
world_model_cem,49,963,-254.85213636696813
world_model_cem,49,964,-257.71865611952353
world_model_cem,49,965,-256.74973976007175
world_model_cem,49,966,-268.1037173009496
world_model_cem,49,967,-269.3000650775303
world_model_cem,49,968,-274.11299009146154
world_model_cem,49,969,-286.3019902639105
world_model_cem,49,970,-282.203525924294
world_model_cem,49,971,-286.8338724993911
world_model_cem,49,972,-287.13667701494546
world_model_cem,49,973,-277.87061466690494
world_model_cem,49,974,-284.25469734002047
world_model_cem,49,975,-287.4867164963401
world_model_cem,49,976,-279.5119931370382
world_model_cem,49,977,-266.21421868235115
world_model_cem,49,978,-262.23535429749535
world_model_cem,49,979,-259.6407762347533
world_model_cem,49,980,-251.02465110283214
world_model_cem,49,981,-252.73415250333713
world_model_cem,49,982,-249.26257892400952
world_model_cem,49,983,-247.2207113702297
world_model_cem,49,984,-257.3618139906242
world_model_cem,49,985,-257.2649363520131
world_model_cem,49,986,-262.8231756493183
world_model_cem,49,987,-267.7517303558426
world_model_cem,49,988,-275.04893055873754
world_model_cem,49,989,-277.5688976922739
world_model_cem,49,990,-284.0937361023465
world_model_cem,49,991,-282.07388225665926
world_model_cem,49,992,-290.40622776479984
world_model_cem,49,993,-279.09950637358304
world_model_cem,49,994,-289.977692039574
world_model_cem,49,995,-282.2927614725302
world_model_cem,49,996,-287.4469359767546
world_model_cem,49,997,-285.6138247061453
world_model_cem,49,998,-279.9993569083165
world_model_cem,49,999,-270.7235648262997
world_model_cem,49,1000,-258.24484965743403
world_model_cem,50,1,-192.4029884784028
world_model_cem,50,2,-207.6470956832012
world_model_cem,50,3,-190.06169151584868
world_model_cem,50,4,-184.2753240360754
world_model_cem,50,5,-194.7281246285447
world_model_cem,50,6,-183.8693319135682
world_model_cem,50,7,-181.4466752017004
world_model_cem,50,8,-182.52014887361585
world_model_cem,50,9,-201.73292096276708
world_model_cem,50,10,-190.1061217479799
world_model_cem,50,11,-231.15278919958917
world_model_cem,50,12,-234.51816140559905
world_model_cem,50,13,-206.03006980537185
world_model_cem,50,14,-241.52069364294852
world_model_cem,50,15,-199.06903540794153
world_model_cem,50,16,-216.37360810985427
world_model_cem,50,17,-235.29673195398266
world_model_cem,50,18,-214.7509486999916
world_model_cem,50,19,-263.5111547626252
world_model_cem,50,20,-220.4901976316679
world_model_cem,50,21,-233.4658111527904
world_model_cem,50,22,-231.95394852875557
world_model_cem,50,23,-211.9126982091193
world_model_cem,50,24,-260.4426160682271
world_model_cem,50,25,-230.06023891488152
world_model_cem,50,26,-231.00948738863332
world_model_cem,50,27,-198.67069418748974
world_model_cem,50,28,-197.27935223267235
world_model_cem,50,29,-193.4111852809727
world_model_cem,50,30,-187.82074134434293
world_model_cem,50,31,-231.88181900959756
world_model_cem,50,32,-206.0501415523521
world_model_cem,50,33,-267.29402997058963
world_model_cem,50,34,-219.98769310909637
world_model_cem,50,35,-248.1097768051251
world_model_cem,50,36,-189.0828505313512
world_model_cem,50,37,-256.57519137095755
world_model_cem,50,38,-196.09261505234164
world_model_cem,50,39,-191.61745725103145
world_model_cem,50,40,-196.87774638279188
world_model_cem,50,41,-198.25604123833614
world_model_cem,50,42,-238.97243604599097
world_model_cem,50,43,-237.04725756311169
world_model_cem,50,44,-191.82743493335988
world_model_cem,50,45,-224.4748434990628
world_model_cem,50,46,-203.08038370359128
world_model_cem,50,47,-249.8204424256612
world_model_cem,50,48,-247.305325325079
world_model_cem,50,49,-255.2176254718305
world_model_cem,50,50,-207.62480557615092
world_model_cem,50,51,-259.33361966334877
world_model_cem,50,52,-225.3308082993514
world_model_cem,50,53,-220.14424955712073
world_model_cem,50,54,-208.87316731327422
world_model_cem,50,55,-211.12761186987854
world_model_cem,50,56,-221.7777070123363
world_model_cem,50,57,-206.9127749693595
world_model_cem,50,58,-213.47621683000767
world_model_cem,50,59,-232.56431163585404
world_model_cem,50,60,-228.513967946945
world_model_cem,50,61,-246.18550672119204
world_model_cem,50,62,-200.59414516675764
world_model_cem,50,63,-245.89863756638167
world_model_cem,50,64,-262.7690272435798
world_model_cem,50,65,-265.93655221378276
world_model_cem,50,66,-219.32446258508315
world_model_cem,50,67,-186.78157045239692
world_model_cem,50,68,-188.8862771543524
world_model_cem,50,69,-248.25738040867458
world_model_cem,50,70,-215.13721073336558
world_model_cem,50,71,-198.22373547661928
world_model_cem,50,72,-180.3864592073612
world_model_cem,50,73,-205.41334864757474
world_model_cem,50,74,-257.3913348277557
world_model_cem,50,75,-204.64512847992515
world_model_cem,50,76,-196.86526696802525
world_model_cem,50,77,-229.68473233637422
world_model_cem,50,78,-264.68491549612804
world_model_cem,50,79,-243.57055497997993
world_model_cem,50,80,-204.42320316991066
world_model_cem,50,81,-207.24417970049674
world_model_cem,50,82,-197.77958029241898
world_model_cem,50,83,-260.81985085273527
world_model_cem,50,84,-250.96135105157182
world_model_cem,50,85,-208.52455125499463
world_model_cem,50,86,-204.8245510171761
world_model_cem,50,87,-204.54723637542924
world_model_cem,50,88,-236.5686386357835
world_model_cem,50,89,-228.61733784913463
world_model_cem,50,90,-210.4782942655868
world_model_cem,50,91,-248.86306585611874
world_model_cem,50,92,-250.47895008082426
world_model_cem,50,93,-217.6169021654344
world_model_cem,50,94,-212.1566037610568
world_model_cem,50,95,-207.66721361906755
world_model_cem,50,96,-242.28380197331748
world_model_cem,50,97,-221.15750229541072
world_model_cem,50,98,-199.25699646704567
world_model_cem,50,99,-223.0032830659199
world_model_cem,50,100,-183.3912464199301
world_model_cem,50,101,-184.90307090186383
world_model_cem,50,102,-230.11032801098915
world_model_cem,50,103,-230.48470510139634
world_model_cem,50,104,-165.1577338747872
world_model_cem,50,105,-174.49979281362386
world_model_cem,50,106,-222.0328352393767
world_model_cem,50,107,-210.09694435643897
world_model_cem,50,108,-211.81250441907497
world_model_cem,50,109,-193.34985122088128
world_model_cem,50,110,-194.8867244853114
world_model_cem,50,111,-238.8855738642936
world_model_cem,50,112,-227.11883152756147
world_model_cem,50,113,-213.42108753566697
world_model_cem,50,114,-220.0375647258794
world_model_cem,50,115,-250.36133747953232
world_model_cem,50,116,-263.960496211855
world_model_cem,50,117,-209.89192616705068
world_model_cem,50,118,-237.97305813586422
world_model_cem,50,119,-200.17408022305057
world_model_cem,50,120,-189.96363396354812
world_model_cem,50,121,-195.53434029038658
world_model_cem,50,122,-238.80969130249247
world_model_cem,50,123,-210.2985303728109
world_model_cem,50,124,-216.0918273403015
world_model_cem,50,125,-236.18014391344576
world_model_cem,50,126,-269.7614551903471
world_model_cem,50,127,-266.1351676043312
world_model_cem,50,128,-289.9017431861907
world_model_cem,50,129,-275.9397939896143
world_model_cem,50,130,-235.12679217299814
world_model_cem,50,131,-234.49359198540344
world_model_cem,50,132,-236.4795526776744
world_model_cem,50,133,-318.0137581499039
world_model_cem,50,134,-198.41989860336784
world_model_cem,50,135,-287.7037887614751
world_model_cem,50,136,-246.31220657944766
world_model_cem,50,137,-180.23172385805645
world_model_cem,50,138,-213.64867794427897
world_model_cem,50,139,-218.3724134304559
world_model_cem,50,140,-214.6813726822425
world_model_cem,50,141,-225.86694467068617
world_model_cem,50,142,-209.83663546808208
world_model_cem,50,143,-178.84456500990984
world_model_cem,50,144,-276.5277737257537
world_model_cem,50,145,-211.41268525955002
world_model_cem,50,146,-168.73634759869847
world_model_cem,50,147,-223.46716824238666
world_model_cem,50,148,-276.1820963397219
world_model_cem,50,149,-219.1422656890345
world_model_cem,50,150,-265.025015290706
world_model_cem,50,151,-270.1957623889414
world_model_cem,50,152,-264.19728956842783
world_model_cem,50,153,-265.1542642116471
world_model_cem,50,154,-265.12027665571117
world_model_cem,50,155,-265.812367205769
world_model_cem,50,156,-265.47957804204265
world_model_cem,50,157,-271.53977012624534
world_model_cem,50,158,-269.756984643076
world_model_cem,50,159,-264.4380548379259
world_model_cem,50,160,-262.417014890069
world_model_cem,50,161,-270.20502313274244
world_model_cem,50,162,-271.14667300882024
world_model_cem,50,163,-286.5433819236064
world_model_cem,50,164,-298.929451402228
world_model_cem,50,165,-305.31118628366517
world_model_cem,50,166,-306.5181140202575
world_model_cem,50,167,-310.7140172297504
world_model_cem,50,168,-297.504360372152
world_model_cem,50,169,-300.11020748930423
world_model_cem,50,170,-295.5981532135457
world_model_cem,50,171,-278.1632482836384
world_model_cem,50,172,-295.0305335208899
world_model_cem,50,173,-283.31184492755006
world_model_cem,50,174,-283.40957150815245
world_model_cem,50,175,-283.04991546042686
world_model_cem,50,176,-283.0210950474115
world_model_cem,50,177,-278.63958646719584
world_model_cem,50,178,-281.7284702750628
world_model_cem,50,179,-279.61799554523554
world_model_cem,50,180,-289.18317168517024
world_model_cem,50,181,-286.64904550600977
world_model_cem,50,182,-290.94113769590837
world_model_cem,50,183,-289.62911884721996
world_model_cem,50,184,-291.2205338395045
world_model_cem,50,185,-295.2309279657553
world_model_cem,50,186,-290.700041271081
world_model_cem,50,187,-293.53446959145793
world_model_cem,50,188,-283.09589223537955
world_model_cem,50,189,-295.6982044376999
world_model_cem,50,190,-295.65920285722166
world_model_cem,50,191,-290.5610235683866
world_model_cem,50,192,-293.4643518569157
world_model_cem,50,193,-280.01747551683144
world_model_cem,50,194,-281.40276490688063
world_model_cem,50,195,-281.00247958062664
world_model_cem,50,196,-286.27192319983254
world_model_cem,50,197,-292.68883616482725
world_model_cem,50,198,-289.3629038689881
world_model_cem,50,199,-295.79977107182026
world_model_cem,50,200,-297.9176003068982
world_model_cem,50,201,-296.11331763190344
world_model_cem,50,202,-298.0941965376171
world_model_cem,50,203,-292.21373750392274
world_model_cem,50,204,-301.11423714700146
world_model_cem,50,205,-296.975579223144
world_model_cem,50,206,-298.2872424626787
world_model_cem,50,207,-294.9974749779308
world_model_cem,50,208,-295.38552417201254
world_model_cem,50,209,-288.43384455519623
world_model_cem,50,210,-295.4347755715631
world_model_cem,50,211,-284.9515077387383
world_model_cem,50,212,-283.63297762018146
world_model_cem,50,213,-282.89613405892555
world_model_cem,50,214,-282.99816265074935
world_model_cem,50,215,-275.1408295629333
world_model_cem,50,216,-284.9505709335976
world_model_cem,50,217,-288.24442146249794
world_model_cem,50,218,-287.8784998277421
world_model_cem,50,219,-290.3150742170497
world_model_cem,50,220,-294.92169988227045
world_model_cem,50,221,-292.0026231211459
world_model_cem,50,222,-296.1032196425496
world_model_cem,50,223,-294.28690948052935
world_model_cem,50,224,-298.8272264153783
world_model_cem,50,225,-292.82014514894803
world_model_cem,50,226,-292.35937604213524
world_model_cem,50,227,-285.8179747814554
world_model_cem,50,228,-294.7474847915303
world_model_cem,50,229,-289.7377724580713
world_model_cem,50,230,-291.48316613478573
world_model_cem,50,231,-281.86177955699065
world_model_cem,50,232,-286.27216954541035
world_model_cem,50,233,-286.10684474650543
world_model_cem,50,234,-282.6824949570775
world_model_cem,50,235,-288.7507118072492
world_model_cem,50,236,-290.47543138626867
world_model_cem,50,237,-283.44519640506826
world_model_cem,50,238,-288.01086652297374
world_model_cem,50,239,-275.64069747258145
world_model_cem,50,240,-289.74205657172047
world_model_cem,50,241,-280.3306968629056
world_model_cem,50,242,-284.4882597035942
world_model_cem,50,243,-290.0857641138846
world_model_cem,50,244,-286.85959140132877
world_model_cem,50,245,-284.2334180034926
world_model_cem,50,246,-281.9222105350919
world_model_cem,50,247,-294.3372549006666
world_model_cem,50,248,-278.1813798027591
world_model_cem,50,249,-288.5361059195884
world_model_cem,50,250,-290.0620209302301
world_model_cem,50,251,-287.1675176685863
world_model_cem,50,252,-290.6500075094022
world_model_cem,50,253,-290.3869535900952
world_model_cem,50,254,-293.9997462402621
world_model_cem,50,255,-294.69137452463474
world_model_cem,50,256,-289.42042032931556
world_model_cem,50,257,-286.93150274584394
world_model_cem,50,258,-293.7274355475296
world_model_cem,50,259,-280.84362743059296
world_model_cem,50,260,-286.69328402078247
world_model_cem,50,261,-284.3910674983972
world_model_cem,50,262,-293.21972264351643
world_model_cem,50,263,-287.3464904417843
world_model_cem,50,264,-282.3632680781467
world_model_cem,50,265,-283.20333134371504
world_model_cem,50,266,-284.4810982434748
world_model_cem,50,267,-288.83609873923257
world_model_cem,50,268,-285.46096687543206
world_model_cem,50,269,-279.5559000597589
world_model_cem,50,270,-289.6740943333571
world_model_cem,50,271,-288.4812809112761
world_model_cem,50,272,-292.12089028028396
world_model_cem,50,273,-274.1889811659645
world_model_cem,50,274,-290.62621044197203
world_model_cem,50,275,-289.82256662204423
world_model_cem,50,276,-292.1821127173933
world_model_cem,50,277,-284.06700711950833
world_model_cem,50,278,-286.2216635339489
world_model_cem,50,279,-285.9528028657946
world_model_cem,50,280,-293.3767646796393
world_model_cem,50,281,-293.4719527354455
world_model_cem,50,282,-292.7781727389014
world_model_cem,50,283,-291.5046496634071
world_model_cem,50,284,-290.12528395875927
world_model_cem,50,285,-285.6210933797177
world_model_cem,50,286,-291.9225659777939
world_model_cem,50,287,-284.35792550008
world_model_cem,50,288,-284.0418846562368
world_model_cem,50,289,-286.80778195325297
world_model_cem,50,290,-279.46614366671315
world_model_cem,50,291,-278.904190901072
world_model_cem,50,292,-281.06545739835536
world_model_cem,50,293,-283.050240985061
world_model_cem,50,294,-289.63977168198767
world_model_cem,50,295,-281.2859956543002
world_model_cem,50,296,-279.78443401574236
world_model_cem,50,297,-287.3832772843815
world_model_cem,50,298,-285.5195043507076
world_model_cem,50,299,-284.024368896631
world_model_cem,50,300,-279.04065101307737
world_model_cem,50,301,-277.48110534331806
world_model_cem,50,302,-284.6263046372912
world_model_cem,50,303,-284.847250168364
world_model_cem,50,304,-291.21030169911523
world_model_cem,50,305,-286.02435683560816
world_model_cem,50,306,-286.018352711287
world_model_cem,50,307,-287.82224653776296
world_model_cem,50,308,-293.75029736714123
world_model_cem,50,309,-288.83846238013507
world_model_cem,50,310,-284.467952198954
world_model_cem,50,311,-280.1118809846944
world_model_cem,50,312,-291.59379126365235
world_model_cem,50,313,-286.672774545969
world_model_cem,50,314,-289.70209962897184
world_model_cem,50,315,-287.5241676790058
world_model_cem,50,316,-278.1572128783355
world_model_cem,50,317,-287.44388385121687
world_model_cem,50,318,-289.17704674196045
world_model_cem,50,319,-280.38316968955655
world_model_cem,50,320,-271.39291773728985
world_model_cem,50,321,-283.0577568600612
world_model_cem,50,322,-283.48615334829685
world_model_cem,50,323,-280.6136706154958
world_model_cem,50,324,-285.26461064869244
world_model_cem,50,325,-283.3504737351915
world_model_cem,50,326,-278.5103370412253
world_model_cem,50,327,-284.52348790095533
world_model_cem,50,328,-287.59896523685734
world_model_cem,50,329,-282.02379250049813
world_model_cem,50,330,-281.9085029407337
world_model_cem,50,331,-288.9837263734641
world_model_cem,50,332,-276.9378815427648
world_model_cem,50,333,-281.95128649685836
world_model_cem,50,334,-285.8855256637069
world_model_cem,50,335,-289.46811848080245
world_model_cem,50,336,-288.23673651807
world_model_cem,50,337,-287.6794634403602
world_model_cem,50,338,-284.71412920584146
world_model_cem,50,339,-293.1067082648988
world_model_cem,50,340,-293.71991061946903
world_model_cem,50,341,-291.5859719791706
world_model_cem,50,342,-297.05772640556233
world_model_cem,50,343,-289.5970867512091
world_model_cem,50,344,-287.0382858950352
world_model_cem,50,345,-283.77556054782497
world_model_cem,50,346,-277.0143417995989
world_model_cem,50,347,-294.0811638318944
world_model_cem,50,348,-284.23068461905683
world_model_cem,50,349,-287.87136085767236
world_model_cem,50,350,-287.9250397949272
world_model_cem,50,351,-279.6918801379556
world_model_cem,50,352,-285.92428678802867
world_model_cem,50,353,-278.10439963815213
world_model_cem,50,354,-290.9331818946589
world_model_cem,50,355,-279.7227562663526
world_model_cem,50,356,-287.2288652073489
world_model_cem,50,357,-288.55530816243447
world_model_cem,50,358,-289.52083268286924
world_model_cem,50,359,-283.0246724805382
world_model_cem,50,360,-280.47934072784557
world_model_cem,50,361,-292.17527630785753
world_model_cem,50,362,-289.41407196445857
world_model_cem,50,363,-288.31981370448176
world_model_cem,50,364,-289.6485421360409
world_model_cem,50,365,-287.62894101916305
world_model_cem,50,366,-287.7552260980283
world_model_cem,50,367,-293.51559425401064
world_model_cem,50,368,-296.1945857678902
world_model_cem,50,369,-287.0722720706094
world_model_cem,50,370,-283.4916889651456
world_model_cem,50,371,-287.80885273923667
world_model_cem,50,372,-288.52885785778096
world_model_cem,50,373,-289.95954371985573
world_model_cem,50,374,-284.91270409201417
world_model_cem,50,375,-285.7319056927255
world_model_cem,50,376,-291.46306976592916
world_model_cem,50,377,-288.5290949871362
world_model_cem,50,378,-288.9425182689819
world_model_cem,50,379,-280.49517039981896
world_model_cem,50,380,-266.70538565446617
world_model_cem,50,381,-289.49999195695466
world_model_cem,50,382,-289.1602719005248
world_model_cem,50,383,-281.8118386109813
world_model_cem,50,384,-286.5950034268192
world_model_cem,50,385,-281.31814536807934
world_model_cem,50,386,-276.42250352138404
world_model_cem,50,387,-279.579963999304
world_model_cem,50,388,-287.3078138321512
world_model_cem,50,389,-286.73690401168284
world_model_cem,50,390,-287.45899002940337
world_model_cem,50,391,-291.68466948793736
world_model_cem,50,392,-288.4406967201053
world_model_cem,50,393,-292.03879057295893
world_model_cem,50,394,-293.91689683032143
world_model_cem,50,395,-288.41506851828035
world_model_cem,50,396,-292.163530465446
world_model_cem,50,397,-289.9442841285066
world_model_cem,50,398,-288.8862641265371
world_model_cem,50,399,-288.9691758301705
world_model_cem,50,400,-292.7545056936889
world_model_cem,50,401,-292.52333485318184
world_model_cem,50,402,-295.6979704284534
world_model_cem,50,403,-293.4519846591892
world_model_cem,50,404,-286.2399206860463
world_model_cem,50,405,-285.90730419105057
world_model_cem,50,406,-287.2576791364745
world_model_cem,50,407,-296.20831047791995
world_model_cem,50,408,-285.79786751628666
world_model_cem,50,409,-295.6820250210217
world_model_cem,50,410,-292.7626349574745
world_model_cem,50,411,-291.88984668819455
world_model_cem,50,412,-289.2482363471001
world_model_cem,50,413,-282.39314305133064
world_model_cem,50,414,-281.00522732389646
world_model_cem,50,415,-283.27558262357223
world_model_cem,50,416,-286.0893538104942
world_model_cem,50,417,-280.4964630295175
world_model_cem,50,418,-282.615184712894
world_model_cem,50,419,-285.3444396655748
world_model_cem,50,420,-285.22925542990964
world_model_cem,50,421,-279.2015057312773
world_model_cem,50,422,-274.8174265983247
world_model_cem,50,423,-287.8391580312642
world_model_cem,50,424,-291.71301784012985
world_model_cem,50,425,-284.4842616057949
world_model_cem,50,426,-290.222942829257
world_model_cem,50,427,-290.2984771352907
world_model_cem,50,428,-288.33223736114354
world_model_cem,50,429,-294.7587286020713
world_model_cem,50,430,-287.4712893105786
world_model_cem,50,431,-290.06400424068215
world_model_cem,50,432,-291.24841126294785
world_model_cem,50,433,-280.6463239602504
world_model_cem,50,434,-269.85652555633067
world_model_cem,50,435,-282.88068782572964
world_model_cem,50,436,-288.267740525546
world_model_cem,50,437,-276.81144258205643
world_model_cem,50,438,-285.462019635238
world_model_cem,50,439,-288.93829041714486
world_model_cem,50,440,-289.3773360840064
world_model_cem,50,441,-288.8776622156451
world_model_cem,50,442,-288.0632396028753
world_model_cem,50,443,-286.51839146607676
world_model_cem,50,444,-285.24369836980947
world_model_cem,50,445,-293.4776349404532
world_model_cem,50,446,-288.56500527030494
world_model_cem,50,447,-290.88371924684657
world_model_cem,50,448,-287.4802861902755
world_model_cem,50,449,-290.08094520818366
world_model_cem,50,450,-283.5142633875765
world_model_cem,50,451,-280.06683083166934
world_model_cem,50,452,-291.0128102584954
world_model_cem,50,453,-282.48795477003495
world_model_cem,50,454,-282.040944410979
world_model_cem,50,455,-291.6743629191502
world_model_cem,50,456,-283.1568348872861
world_model_cem,50,457,-286.1787560252586
world_model_cem,50,458,-283.02759729622244
world_model_cem,50,459,-291.5440276387957
world_model_cem,50,460,-279.57747411863517
world_model_cem,50,461,-290.2547480613772
world_model_cem,50,462,-291.7279255757253
world_model_cem,50,463,-285.49939234536396
world_model_cem,50,464,-286.34745001733523
world_model_cem,50,465,-278.1961218496292
world_model_cem,50,466,-274.9578328681018
world_model_cem,50,467,-271.7692113012971
world_model_cem,50,468,-286.64831149807276
world_model_cem,50,469,-288.5218884446429
world_model_cem,50,470,-284.16354298443173
world_model_cem,50,471,-287.98606031625184
world_model_cem,50,472,-286.54791464111827
world_model_cem,50,473,-284.473600944318
world_model_cem,50,474,-287.4091221651684
world_model_cem,50,475,-288.1755377950199
world_model_cem,50,476,-284.0477471881404
world_model_cem,50,477,-288.40940676344815
world_model_cem,50,478,-282.0744670091667
world_model_cem,50,479,-290.0603485195536
world_model_cem,50,480,-287.88157671114755
world_model_cem,50,481,-277.96487230448645
world_model_cem,50,482,-285.5693631212393
world_model_cem,50,483,-287.3062975916721
world_model_cem,50,484,-289.10472804541826
world_model_cem,50,485,-284.5168730976236
world_model_cem,50,486,-288.3655705491209
world_model_cem,50,487,-285.75505589505644
world_model_cem,50,488,-289.91224476570653
world_model_cem,50,489,-276.6773895194879
world_model_cem,50,490,-284.96312468575655
world_model_cem,50,491,-291.9957140667824
world_model_cem,50,492,-275.70461422532895
world_model_cem,50,493,-289.335477231711
world_model_cem,50,494,-283.4959915938575
world_model_cem,50,495,-284.65344895344685
world_model_cem,50,496,-287.3229892417663
world_model_cem,50,497,-287.9327353386139
world_model_cem,50,498,-285.37028515170545
world_model_cem,50,499,-274.79682875924277
world_model_cem,50,500,-282.76718470562577
world_model_cem,50,501,-284.93946631819335
world_model_cem,50,502,-284.68238948979047
world_model_cem,50,503,-281.9754783624256
world_model_cem,50,504,-287.4468311041199
world_model_cem,50,505,-288.86485923235716
world_model_cem,50,506,-282.21322205656185
world_model_cem,50,507,-291.43511386722867
world_model_cem,50,508,-287.443879994143
world_model_cem,50,509,-289.40713345046163
world_model_cem,50,510,-289.3464395002668
world_model_cem,50,511,-295.81784003131594
world_model_cem,50,512,-284.79088455154607
world_model_cem,50,513,-290.10548591402767
world_model_cem,50,514,-287.6707728452373
world_model_cem,50,515,-292.8140781622621
world_model_cem,50,516,-290.5458790645944
world_model_cem,50,517,-284.29618379491376
world_model_cem,50,518,-284.3345970294086
world_model_cem,50,519,-288.45547754354567
world_model_cem,50,520,-293.0188675879074
world_model_cem,50,521,-286.7447979700187
world_model_cem,50,522,-288.57255572573393
world_model_cem,50,523,-270.42526816057114
world_model_cem,50,524,-286.96923717885113
world_model_cem,50,525,-290.8665928018415
world_model_cem,50,526,-281.47109659907323
world_model_cem,50,527,-288.8268349586854
world_model_cem,50,528,-288.16809149038244
world_model_cem,50,529,-291.8201128856854
world_model_cem,50,530,-282.8082681676075
world_model_cem,50,531,-290.77157235350796
world_model_cem,50,532,-285.157616712989
world_model_cem,50,533,-290.0624701366947
world_model_cem,50,534,-287.5376353572185
world_model_cem,50,535,-289.3229452398828
world_model_cem,50,536,-284.5370544324353
world_model_cem,50,537,-287.46481032232106
world_model_cem,50,538,-290.58871839553785
world_model_cem,50,539,-291.8657947730109
world_model_cem,50,540,-290.60178839160244
world_model_cem,50,541,-279.3734457869306
world_model_cem,50,542,-285.62052769166627
world_model_cem,50,543,-281.4330803581062
world_model_cem,50,544,-287.9160439946454
world_model_cem,50,545,-288.9443149211869
world_model_cem,50,546,-289.40640780763874
world_model_cem,50,547,-288.3606504973984
world_model_cem,50,548,-293.8704434209398
world_model_cem,50,549,-288.24815033626413
world_model_cem,50,550,-284.27751749735387
world_model_cem,50,551,-288.80980213735006
world_model_cem,50,552,-286.7600743705866
world_model_cem,50,553,-285.51871348183533
world_model_cem,50,554,-288.5199363887216
world_model_cem,50,555,-287.76079979001554
world_model_cem,50,556,-280.19320639689766
world_model_cem,50,557,-267.2564852792217
world_model_cem,50,558,-281.6383917388706
world_model_cem,50,559,-280.60379721012316
world_model_cem,50,560,-285.70079906462144
world_model_cem,50,561,-288.81924694969103
world_model_cem,50,562,-290.24343828509177
world_model_cem,50,563,-286.9706267421872
world_model_cem,50,564,-293.40277380701093
world_model_cem,50,565,-293.41645562974725
world_model_cem,50,566,-289.26370723164206
world_model_cem,50,567,-288.2604668891223
world_model_cem,50,568,-277.58670479418464
world_model_cem,50,569,-285.94215371573443
world_model_cem,50,570,-290.33543712653375
world_model_cem,50,571,-293.7933606163527
world_model_cem,50,572,-293.7164576842595
world_model_cem,50,573,-276.5635283918483
world_model_cem,50,574,-286.91511977971675
world_model_cem,50,575,-288.2393900832689
world_model_cem,50,576,-286.3116743327235
world_model_cem,50,577,-278.3046860662573
world_model_cem,50,578,-282.88741558208136
world_model_cem,50,579,-279.70072852929866
world_model_cem,50,580,-286.9665749681435
world_model_cem,50,581,-283.9327599571048
world_model_cem,50,582,-286.6290388190345
world_model_cem,50,583,-278.7145309064372
world_model_cem,50,584,-287.3769075445192
world_model_cem,50,585,-277.44273085663053
world_model_cem,50,586,-286.28408393570953
world_model_cem,50,587,-273.5638241331364
world_model_cem,50,588,-280.9826200387267
world_model_cem,50,589,-283.72810563849663
world_model_cem,50,590,-277.54493576301576
world_model_cem,50,591,-287.18582794019426
world_model_cem,50,592,-292.7598949948276
world_model_cem,50,593,-284.80675038534525
world_model_cem,50,594,-281.1344883914337
world_model_cem,50,595,-286.0950517180538
world_model_cem,50,596,-289.3905402471129
world_model_cem,50,597,-281.6486710874522
world_model_cem,50,598,-283.01374977124743
world_model_cem,50,599,-284.4953960880005
world_model_cem,50,600,-289.2866789823861
world_model_cem,50,601,-294.1171081632534
world_model_cem,50,602,-291.0780506344473
world_model_cem,50,603,-293.1805416142238
world_model_cem,50,604,-284.9200566590808
world_model_cem,50,605,-290.6811584243197
world_model_cem,50,606,-290.2546216954242
world_model_cem,50,607,-288.0538875338779
world_model_cem,50,608,-292.20504892006215
world_model_cem,50,609,-284.6872843204774
world_model_cem,50,610,-285.6163911917032
world_model_cem,50,611,-283.0949828868252
world_model_cem,50,612,-290.4788709621964
world_model_cem,50,613,-286.3433315721021
world_model_cem,50,614,-287.79119324272864
world_model_cem,50,615,-285.03432780838307
world_model_cem,50,616,-278.3755807962908
world_model_cem,50,617,-282.60604065662653
world_model_cem,50,618,-284.64094723536186
world_model_cem,50,619,-290.46627788487143
world_model_cem,50,620,-285.72633803834776
world_model_cem,50,621,-287.10262540388237
world_model_cem,50,622,-292.57079613061995
world_model_cem,50,623,-291.7434672503263
world_model_cem,50,624,-281.63742255759314
world_model_cem,50,625,-287.0078881468529
world_model_cem,50,626,-278.73705091385807
world_model_cem,50,627,-287.7782432857551
world_model_cem,50,628,-286.81978565378114
world_model_cem,50,629,-284.1359460016219
world_model_cem,50,630,-283.9762912183625
world_model_cem,50,631,-287.2626320166245
world_model_cem,50,632,-290.47912378293404
world_model_cem,50,633,-296.2023021796779
world_model_cem,50,634,-287.55186792750294
world_model_cem,50,635,-293.9454908510399
world_model_cem,50,636,-284.6411618284849
world_model_cem,50,637,-285.0765306310167
world_model_cem,50,638,-281.7262356098664
world_model_cem,50,639,-289.99551810542346
world_model_cem,50,640,-287.85660321768194
world_model_cem,50,641,-290.01754127041664
world_model_cem,50,642,-288.4683606249203
world_model_cem,50,643,-284.00559865154304
world_model_cem,50,644,-287.80418946637093
world_model_cem,50,645,-287.0787231065528
world_model_cem,50,646,-292.49972035761084
world_model_cem,50,647,-281.25844085576
world_model_cem,50,648,-292.31556164784683
world_model_cem,50,649,-288.0034091979495
world_model_cem,50,650,-290.93678002546625
world_model_cem,50,651,-288.7785927944891
world_model_cem,50,652,-284.81539811897875
world_model_cem,50,653,-282.71825237334707
world_model_cem,50,654,-284.2048370873795
world_model_cem,50,655,-289.58308886254844
world_model_cem,50,656,-285.4386548888387
world_model_cem,50,657,-289.7138628685997
world_model_cem,50,658,-283.8181988620054
world_model_cem,50,659,-282.2209625274341
world_model_cem,50,660,-291.54777146259795
world_model_cem,50,661,-287.12933421719697
world_model_cem,50,662,-292.7716302418553
world_model_cem,50,663,-294.9479046043913
world_model_cem,50,664,-289.451790634311
world_model_cem,50,665,-281.48998198259056
world_model_cem,50,666,-287.0219743995238
world_model_cem,50,667,-288.16726595146145
world_model_cem,50,668,-289.2316965190228
world_model_cem,50,669,-291.4605789152284
world_model_cem,50,670,-285.2001896163306
world_model_cem,50,671,-287.1768801064824
world_model_cem,50,672,-288.41396246129244
world_model_cem,50,673,-288.14108046166956
world_model_cem,50,674,-290.8448126222323
world_model_cem,50,675,-284.04069792929874
world_model_cem,50,676,-294.13156208305634
world_model_cem,50,677,-287.44035419965564
world_model_cem,50,678,-284.27726748453415
world_model_cem,50,679,-288.3238615671871
world_model_cem,50,680,-284.2678921076907
world_model_cem,50,681,-291.7039903456384
world_model_cem,50,682,-288.83791884023367
world_model_cem,50,683,-286.13964236371663
world_model_cem,50,684,-289.0043451502704
world_model_cem,50,685,-292.32418983570983
world_model_cem,50,686,-288.5678883478422
world_model_cem,50,687,-290.15466059216556
world_model_cem,50,688,-296.90002533648317
world_model_cem,50,689,-291.13708883464426
world_model_cem,50,690,-293.35377814058825
world_model_cem,50,691,-287.178129221558
world_model_cem,50,692,-289.1757853838541
world_model_cem,50,693,-280.1559415933418
world_model_cem,50,694,-281.5407569370695
world_model_cem,50,695,-286.52454382025195
world_model_cem,50,696,-290.1183716492994
world_model_cem,50,697,-283.78319055812
world_model_cem,50,698,-289.8784864833833
world_model_cem,50,699,-285.9141338224464
world_model_cem,50,700,-286.6417075065747
world_model_cem,50,701,-287.7324184694077
world_model_cem,50,702,-289.72259775502425
world_model_cem,50,703,-290.30221044396507
world_model_cem,50,704,-280.52162104809815
world_model_cem,50,705,-286.90726255431645
world_model_cem,50,706,-283.79972248825317
world_model_cem,50,707,-284.7898586483281
world_model_cem,50,708,-285.65329002974573
world_model_cem,50,709,-293.66471646681975
world_model_cem,50,710,-284.6290528716042
world_model_cem,50,711,-292.88448847336457
world_model_cem,50,712,-291.07507047504413
world_model_cem,50,713,-284.95245431458073
world_model_cem,50,714,-280.7793895084872
world_model_cem,50,715,-291.315213785012
world_model_cem,50,716,-288.07734041166464
world_model_cem,50,717,-284.1057612136042
world_model_cem,50,718,-290.7751262625675
world_model_cem,50,719,-277.7693689808766
world_model_cem,50,720,-285.67314329193823
world_model_cem,50,721,-281.89159031728866
world_model_cem,50,722,-286.3647400615889
world_model_cem,50,723,-289.59854927359856
world_model_cem,50,724,-293.55232387395756
world_model_cem,50,725,-274.09159617988985
world_model_cem,50,726,-289.72186117308047
world_model_cem,50,727,-288.22123969760514
world_model_cem,50,728,-290.38196832676454
world_model_cem,50,729,-284.1508339112694
world_model_cem,50,730,-291.09379718851426
world_model_cem,50,731,-289.69647373161695
world_model_cem,50,732,-290.01794155590744
world_model_cem,50,733,-272.03320416952704
world_model_cem,50,734,-288.8520982672051
world_model_cem,50,735,-289.36420268174226
world_model_cem,50,736,-287.4214407765098
world_model_cem,50,737,-289.0650468550956
world_model_cem,50,738,-291.1301386512073
world_model_cem,50,739,-287.15253905495655
world_model_cem,50,740,-283.5725533760087
world_model_cem,50,741,-280.6499059183436
world_model_cem,50,742,-280.42774304877
world_model_cem,50,743,-286.2058773220269
world_model_cem,50,744,-294.3901828267696
world_model_cem,50,745,-286.734276817808
world_model_cem,50,746,-286.34026579494974
world_model_cem,50,747,-269.58237665645134
world_model_cem,50,748,-281.50128900782283
world_model_cem,50,749,-280.5358068015399
world_model_cem,50,750,-271.6384276163342
world_model_cem,50,751,-290.2114460571641
world_model_cem,50,752,-290.1125445271883
world_model_cem,50,753,-295.1126956297432
world_model_cem,50,754,-280.3650295615447
world_model_cem,50,755,-281.0826770389752
world_model_cem,50,756,-286.73000097917554
world_model_cem,50,757,-293.3091545612456
world_model_cem,50,758,-288.9341177872248
world_model_cem,50,759,-292.2752172701516
world_model_cem,50,760,-289.76651159301196
world_model_cem,50,761,-288.6694096946724
world_model_cem,50,762,-291.1320707728671
world_model_cem,50,763,-289.24033658080054
world_model_cem,50,764,-287.5004626328256
world_model_cem,50,765,-287.7634671351024
world_model_cem,50,766,-284.0605762505243
world_model_cem,50,767,-289.76400516768854
world_model_cem,50,768,-288.0636683545631
world_model_cem,50,769,-280.6896389231327
world_model_cem,50,770,-273.95357670840093
world_model_cem,50,771,-287.2132639110646
world_model_cem,50,772,-289.1682679936249
world_model_cem,50,773,-284.5766584457025
world_model_cem,50,774,-284.6358056614053
world_model_cem,50,775,-285.17020597553534
world_model_cem,50,776,-285.7461202702816
world_model_cem,50,777,-285.69851743045984
world_model_cem,50,778,-288.6122266951745
world_model_cem,50,779,-287.7816321765652
world_model_cem,50,780,-290.80396287630924
world_model_cem,50,781,-282.0440267615399
world_model_cem,50,782,-283.2589051575474
world_model_cem,50,783,-284.1405830308232
world_model_cem,50,784,-285.6593360337167
world_model_cem,50,785,-281.13958377629916
world_model_cem,50,786,-292.41510661179274
world_model_cem,50,787,-290.5383800258001
world_model_cem,50,788,-285.09263149231003
world_model_cem,50,789,-285.9197959191227
world_model_cem,50,790,-286.2942665803173
world_model_cem,50,791,-290.97583526378173
world_model_cem,50,792,-297.484005606373
world_model_cem,50,793,-288.2867854086751
world_model_cem,50,794,-293.0049718496219
world_model_cem,50,795,-287.23845986399874
world_model_cem,50,796,-288.5755160853105
world_model_cem,50,797,-289.39312629305573
world_model_cem,50,798,-283.4893183884069
world_model_cem,50,799,-280.96475524125447
world_model_cem,50,800,-289.75144383110126
world_model_cem,50,801,-278.0272691874935
world_model_cem,50,802,-286.40435397966314
world_model_cem,50,803,-282.06263064458716
world_model_cem,50,804,-278.06166413196337
world_model_cem,50,805,-268.2246774836133
world_model_cem,50,806,-283.4807167246619
world_model_cem,50,807,-279.4236135762399
world_model_cem,50,808,-290.2705158625123
world_model_cem,50,809,-290.07174893718576
world_model_cem,50,810,-287.19476133546743
world_model_cem,50,811,-287.67205603668657
world_model_cem,50,812,-278.9271714262968
world_model_cem,50,813,-287.379285414445
world_model_cem,50,814,-287.9956591962366
world_model_cem,50,815,-294.66240403424484
world_model_cem,50,816,-288.36089348444733
world_model_cem,50,817,-291.6615878653727
world_model_cem,50,818,-278.6993533158003
world_model_cem,50,819,-283.8339176889312
world_model_cem,50,820,-287.3507958380916
world_model_cem,50,821,-286.1625306567677
world_model_cem,50,822,-281.2369028881248
world_model_cem,50,823,-281.7778464919109
world_model_cem,50,824,-282.7367719708925
world_model_cem,50,825,-274.7930459683289
world_model_cem,50,826,-278.4444122624511
world_model_cem,50,827,-276.33275466446435
world_model_cem,50,828,-280.04702737166565
world_model_cem,50,829,-284.9594842458669
world_model_cem,50,830,-283.6414975740064
world_model_cem,50,831,-293.43005447340533
world_model_cem,50,832,-283.8814149979945
world_model_cem,50,833,-286.5422542418394
world_model_cem,50,834,-283.7146366043934
world_model_cem,50,835,-283.4175058228181
world_model_cem,50,836,-285.5708000697352
world_model_cem,50,837,-282.44326186733446
world_model_cem,50,838,-280.17819687365443
world_model_cem,50,839,-289.06666580412855
world_model_cem,50,840,-289.4409064879666
world_model_cem,50,841,-282.07780297959596
world_model_cem,50,842,-277.6836019208937
world_model_cem,50,843,-291.67292596377376
world_model_cem,50,844,-284.67722113826517
world_model_cem,50,845,-289.61085706894124
world_model_cem,50,846,-288.8291032116714
world_model_cem,50,847,-296.08809825627986
world_model_cem,50,848,-283.6434597286216
world_model_cem,50,849,-278.487352331386
world_model_cem,50,850,-293.81076082823176
world_model_cem,50,851,-290.2509798454006
world_model_cem,50,852,-281.48073705137415
world_model_cem,50,853,-283.4521510022788
world_model_cem,50,854,-286.8818085815118
world_model_cem,50,855,-281.97222325920495
world_model_cem,50,856,-287.1479409526648
world_model_cem,50,857,-283.28524006660035
world_model_cem,50,858,-285.6673943067101
world_model_cem,50,859,-289.1102359884604
world_model_cem,50,860,-293.30115722275355
world_model_cem,50,861,-292.74174446786753
world_model_cem,50,862,-289.2662978563425
world_model_cem,50,863,-288.37978362377584
world_model_cem,50,864,-288.90803857525987
world_model_cem,50,865,-270.5751871777097
world_model_cem,50,866,-285.8200351956428
world_model_cem,50,867,-289.10950921204306
world_model_cem,50,868,-288.5663563058854
world_model_cem,50,869,-280.3043440812219
world_model_cem,50,870,-284.9438676004456
world_model_cem,50,871,-280.9285672500372
world_model_cem,50,872,-285.555597665625
world_model_cem,50,873,-285.15436705503384
world_model_cem,50,874,-285.07593242363083
world_model_cem,50,875,-289.2060868074251
world_model_cem,50,876,-285.94801220281596
world_model_cem,50,877,-283.8148582011686
world_model_cem,50,878,-281.8637774720996
world_model_cem,50,879,-288.26920909578246
world_model_cem,50,880,-289.9192527682494
world_model_cem,50,881,-294.5182410249248
world_model_cem,50,882,-295.32161868222914
world_model_cem,50,883,-291.14586481056676
world_model_cem,50,884,-297.76725292600156
world_model_cem,50,885,-293.66384082921644
world_model_cem,50,886,-294.7348705649622
world_model_cem,50,887,-288.8655268096111
world_model_cem,50,888,-283.65803300034173
world_model_cem,50,889,-289.163493609381
world_model_cem,50,890,-283.31120669832757
world_model_cem,50,891,-289.72400694146984
world_model_cem,50,892,-286.81890897232205
world_model_cem,50,893,-289.9619540230633
world_model_cem,50,894,-290.13791024970084
world_model_cem,50,895,-288.9242635718867
world_model_cem,50,896,-288.39286781957117
world_model_cem,50,897,-288.9886278586803
world_model_cem,50,898,-287.7885922888034
world_model_cem,50,899,-281.6598330245456
world_model_cem,50,900,-273.1438666703416
world_model_cem,50,901,-289.8204372614297
world_model_cem,50,902,-291.2440338698658
world_model_cem,50,903,-287.03955740565146
world_model_cem,50,904,-289.0053288482287
world_model_cem,50,905,-281.1696573972671
world_model_cem,50,906,-291.90590742127
world_model_cem,50,907,-287.64101925940827
world_model_cem,50,908,-280.26618896967835
world_model_cem,50,909,-278.4044278136553
world_model_cem,50,910,-270.46209884738016
world_model_cem,50,911,-281.54062191280775
world_model_cem,50,912,-285.0936146049175
world_model_cem,50,913,-282.6863743023249
world_model_cem,50,914,-292.0192012731586
world_model_cem,50,915,-285.1823235068781
world_model_cem,50,916,-291.6744088032098
world_model_cem,50,917,-273.05909560384595
world_model_cem,50,918,-275.8183363604555
world_model_cem,50,919,-285.4134616087873
world_model_cem,50,920,-290.61091903399193
world_model_cem,50,921,-286.63557782122894
world_model_cem,50,922,-288.75223907918
world_model_cem,50,923,-290.92796058385983
world_model_cem,50,924,-291.63243316306887
world_model_cem,50,925,-284.40749942702
world_model_cem,50,926,-281.8173959007942
world_model_cem,50,927,-281.43993980267953
world_model_cem,50,928,-284.1188655643131
world_model_cem,50,929,-283.43238294975043
world_model_cem,50,930,-288.1188506958809
world_model_cem,50,931,-277.2773718818944
world_model_cem,50,932,-287.0608371173276
world_model_cem,50,933,-288.53229910749286
world_model_cem,50,934,-288.67748220683427
world_model_cem,50,935,-281.1301748074387
world_model_cem,50,936,-291.3097489161954
world_model_cem,50,937,-280.5641930332114
world_model_cem,50,938,-290.9131678935112
world_model_cem,50,939,-297.99344957138607
world_model_cem,50,940,-289.6618637865719
world_model_cem,50,941,-291.45018070229645
world_model_cem,50,942,-289.99393882393167
world_model_cem,50,943,-290.8269331347048
world_model_cem,50,944,-278.5057980295687
world_model_cem,50,945,-287.48598623499754
world_model_cem,50,946,-289.21567453062187
world_model_cem,50,947,-281.4035383695776
world_model_cem,50,948,-283.78137461402343
world_model_cem,50,949,-287.5636528802182
world_model_cem,50,950,-282.2050512005248
world_model_cem,50,951,-283.7232539880111
world_model_cem,50,952,-286.02156661896356
world_model_cem,50,953,-287.3805378854197
world_model_cem,50,954,-276.4277662684068
world_model_cem,50,955,-292.879183097282
world_model_cem,50,956,-284.98076970483476
world_model_cem,50,957,-287.1272531750864
world_model_cem,50,958,-280.9801914364145
world_model_cem,50,959,-291.7800151912161
world_model_cem,50,960,-288.2559249771887
world_model_cem,50,961,-289.20433552759596
world_model_cem,50,962,-289.27802612310984
world_model_cem,50,963,-289.50969646719057
world_model_cem,50,964,-290.888899026418
world_model_cem,50,965,-288.8057888577833
world_model_cem,50,966,-283.26143318831896
world_model_cem,50,967,-288.03363913408606
world_model_cem,50,968,-288.2575945774478
world_model_cem,50,969,-292.6898482274808
world_model_cem,50,970,-294.3189347647655
world_model_cem,50,971,-293.7594734324769
world_model_cem,50,972,-292.3267797779442
world_model_cem,50,973,-282.3313773277066
world_model_cem,50,974,-283.5145696260753
world_model_cem,50,975,-285.8179974052851
world_model_cem,50,976,-284.2463028615162
world_model_cem,50,977,-282.7151854156956
world_model_cem,50,978,-281.7666027806949
world_model_cem,50,979,-279.0839908545165
world_model_cem,50,980,-290.04666602686797
world_model_cem,50,981,-291.6404431538101
world_model_cem,50,982,-290.66575369923146
world_model_cem,50,983,-281.5258468761905
world_model_cem,50,984,-288.4664307869757
world_model_cem,50,985,-290.8043859797765
world_model_cem,50,986,-285.80560777292965
world_model_cem,50,987,-290.9492920269139
world_model_cem,50,988,-283.0755883711325
world_model_cem,50,989,-286.3374137995162
world_model_cem,50,990,-282.2313433952486
world_model_cem,50,991,-285.08874268685264
world_model_cem,50,992,-283.6821463671917
world_model_cem,50,993,-290.57385733253636
world_model_cem,50,994,-286.5539798004405
world_model_cem,50,995,-290.47309470034924
world_model_cem,50,996,-284.59512095702365
world_model_cem,50,997,-281.3885602594825
world_model_cem,50,998,-290.7777437684441
world_model_cem,50,999,-285.4780191896222
world_model_cem,50,1000,-284.9560595909065
world_model_cem,51,1,-190.3092744015334
world_model_cem,51,2,-193.19481359209976
world_model_cem,51,3,-194.64589646954823
world_model_cem,51,4,-217.10881633643385
world_model_cem,51,5,-184.7559302947186
world_model_cem,51,6,-212.13275149923697
world_model_cem,51,7,-173.4089010153672
world_model_cem,51,8,-174.93552284869253
world_model_cem,51,9,-167.23460185166164
world_model_cem,51,10,-188.5099986531933
world_model_cem,51,11,-236.28795757450376
world_model_cem,51,12,-184.3068899203983
world_model_cem,51,13,-222.13097707009365
world_model_cem,51,14,-221.61034811564616
world_model_cem,51,15,-228.1157006955808
world_model_cem,51,16,-209.97096995862125
world_model_cem,51,17,-210.41085120792494
world_model_cem,51,18,-267.9244400551464
world_model_cem,51,19,-238.23670226561956
world_model_cem,51,20,-235.70542116142315
world_model_cem,51,21,-240.15109302135076
world_model_cem,51,22,-284.4936967872802
world_model_cem,51,23,-233.98058493397156
world_model_cem,51,24,-232.84391302592803
world_model_cem,51,25,-215.5619594224589
world_model_cem,51,26,-240.77725611642904
world_model_cem,51,27,-268.32326671334783
world_model_cem,51,28,-278.16748705255714
world_model_cem,51,29,-223.34725335744895
world_model_cem,51,30,-223.8062220783126
world_model_cem,51,31,-211.6830288078623
world_model_cem,51,32,-196.06881597078078
world_model_cem,51,33,-191.38797585357165
world_model_cem,51,34,-220.2853439965709
world_model_cem,51,35,-257.41460064362934
world_model_cem,51,36,-202.68411663880437
world_model_cem,51,37,-237.41420423533188
world_model_cem,51,38,-245.30934740571095
world_model_cem,51,39,-204.29546398586578
world_model_cem,51,40,-202.94903157817993
world_model_cem,51,41,-223.27437807631722
world_model_cem,51,42,-218.3882342982828
world_model_cem,51,43,-238.95120538803008
world_model_cem,51,44,-222.00490894056676
world_model_cem,51,45,-229.44695323371377
world_model_cem,51,46,-220.74246167985766
world_model_cem,51,47,-224.9411198571359
world_model_cem,51,48,-243.67376454950195
world_model_cem,51,49,-244.15028749006825
world_model_cem,51,50,-261.72806838875823
world_model_cem,51,51,-236.57769208506932
world_model_cem,51,52,-235.65049329359442
world_model_cem,51,53,-270.3806004761576
world_model_cem,51,54,-224.58126157266994
world_model_cem,51,55,-250.0864029989797
world_model_cem,51,56,-219.0620949341083
world_model_cem,51,57,-232.58752418811395
world_model_cem,51,58,-216.33178778225567
world_model_cem,51,59,-241.77687224608707
world_model_cem,51,60,-210.72376852174102
world_model_cem,51,61,-228.84721857587098
world_model_cem,51,62,-234.33605968731817
world_model_cem,51,63,-215.72988889165498
world_model_cem,51,64,-240.29045057288246
world_model_cem,51,65,-248.34128268566786
world_model_cem,51,66,-223.1625454116741
world_model_cem,51,67,-228.93696435813305
world_model_cem,51,68,-202.9323187868274
world_model_cem,51,69,-201.869109718235
world_model_cem,51,70,-187.19994893294364
world_model_cem,51,71,-217.10635074969167
world_model_cem,51,72,-206.83962115199247
world_model_cem,51,73,-215.7538673984435
world_model_cem,51,74,-204.937818347715
world_model_cem,51,75,-241.41770154714476
world_model_cem,51,76,-258.1146601639788
world_model_cem,51,77,-217.5483292387273
world_model_cem,51,78,-216.64230251758897
world_model_cem,51,79,-253.18325147628005
world_model_cem,51,80,-249.82666585003165
world_model_cem,51,81,-238.68968302888652
world_model_cem,51,82,-232.95890110774766
world_model_cem,51,83,-288.619671159436
world_model_cem,51,84,-240.12729733524054
world_model_cem,51,85,-304.8795574515297
world_model_cem,51,86,-305.5556655253376
world_model_cem,51,87,-269.906108210546
world_model_cem,51,88,-253.65331598432616
world_model_cem,51,89,-300.89904432291473
world_model_cem,51,90,-253.32831660549917
world_model_cem,51,91,-234.85927726473312
world_model_cem,51,92,-224.6269989784021
world_model_cem,51,93,-236.2949452636136
world_model_cem,51,94,-248.29433845676834
world_model_cem,51,95,-245.82198813677988
world_model_cem,51,96,-285.2874241653483
world_model_cem,51,97,-237.03307644543554
world_model_cem,51,98,-239.16279146297205
world_model_cem,51,99,-235.26026845729552
world_model_cem,51,100,-307.9174478692327
world_model_cem,51,101,-271.4456695356869
world_model_cem,51,102,-237.75286939324175
world_model_cem,51,103,-286.4895170171952
world_model_cem,51,104,-291.56242661972067
world_model_cem,51,105,-315.5130561645914
world_model_cem,51,106,-330.1891870529849
world_model_cem,51,107,-350.7355010666623
world_model_cem,51,108,-327.3641402724736
world_model_cem,51,109,-246.74019685748155
world_model_cem,51,110,-248.35687885982514
world_model_cem,51,111,-292.50102722037866
world_model_cem,51,112,-251.14767212039752
world_model_cem,51,113,-260.7824528712865
world_model_cem,51,114,-310.81810398069746
world_model_cem,51,115,-205.5743417080348
world_model_cem,51,116,-227.7585609805547
world_model_cem,51,117,-228.37612483141106
world_model_cem,51,118,-242.0539592554156
world_model_cem,51,119,-214.39955235926422
world_model_cem,51,120,-297.6611657069262
world_model_cem,51,121,-303.63076913353956
world_model_cem,51,122,-300.2281562727852
world_model_cem,51,123,-293.1909232264725
world_model_cem,51,124,-282.3207983212385
world_model_cem,51,125,-295.3110630693581
world_model_cem,51,126,-279.93419768546556
world_model_cem,51,127,-289.9867542997566
world_model_cem,51,128,-280.43655986465524
world_model_cem,51,129,-287.6404943942768
world_model_cem,51,130,-277.84927325359877
world_model_cem,51,131,-283.98234254042336
world_model_cem,51,132,-281.79721195928073
world_model_cem,51,133,-288.9749583271577
world_model_cem,51,134,-288.9437450501966
world_model_cem,51,135,-281.8338255476541
world_model_cem,51,136,-283.93826730412115
world_model_cem,51,137,-283.97766384363786
world_model_cem,51,138,-283.45305407461
world_model_cem,51,139,-284.14355301133867
world_model_cem,51,140,-301.1448627354554
world_model_cem,51,141,-297.8310245838684
world_model_cem,51,142,-311.39265990073125
world_model_cem,51,143,-307.4186402233072
world_model_cem,51,144,-307.2678539164277
world_model_cem,51,145,-301.0525947301072
world_model_cem,51,146,-298.51276699457645
world_model_cem,51,147,-305.74222621244064
world_model_cem,51,148,-299.2912076271855
world_model_cem,51,149,-299.20602008883816
world_model_cem,51,150,-296.2902411394349
world_model_cem,51,151,-305.05199766428694
world_model_cem,51,152,-301.90052558005783
world_model_cem,51,153,-286.7454336409837
world_model_cem,51,154,-287.5903346552284
world_model_cem,51,155,-295.3113484426941
world_model_cem,51,156,-288.8771649542754
world_model_cem,51,157,-297.57511527745277
world_model_cem,51,158,-287.99583364611294
world_model_cem,51,159,-303.4336210197948
world_model_cem,51,160,-303.41082347556204
world_model_cem,51,161,-292.94476251788524
world_model_cem,51,162,-293.14626505816943
world_model_cem,51,163,-289.3645537015077
world_model_cem,51,164,-288.1854964380925
world_model_cem,51,165,-290.5583287312658
world_model_cem,51,166,-280.5339422363455
world_model_cem,51,167,-279.4445950056455
world_model_cem,51,168,-280.8095112615407
world_model_cem,51,169,-283.9458210533802
world_model_cem,51,170,-280.27236905614757
world_model_cem,51,171,-274.7379685383125
world_model_cem,51,172,-284.77788384932177
world_model_cem,51,173,-287.72602378839395
world_model_cem,51,174,-287.15133353197257
world_model_cem,51,175,-289.7345933642267
world_model_cem,51,176,-290.76841769697023
world_model_cem,51,177,-296.49151692111786
world_model_cem,51,178,-298.0291722069689
world_model_cem,51,179,-291.6992028176833
world_model_cem,51,180,-289.43266852778873
world_model_cem,51,181,-298.99802288627126
world_model_cem,51,182,-293.00073464430386
world_model_cem,51,183,-295.4570438489186
world_model_cem,51,184,-301.4048740100269
world_model_cem,51,185,-293.9197723801668
world_model_cem,51,186,-289.24363923350637
world_model_cem,51,187,-293.7268519150414
world_model_cem,51,188,-281.07290150919056
world_model_cem,51,189,-289.7404578897339
world_model_cem,51,190,-283.4085149063998
world_model_cem,51,191,-290.63689731826196
world_model_cem,51,192,-286.431766967171
world_model_cem,51,193,-295.1069420118453
world_model_cem,51,194,-296.2626048039609
world_model_cem,51,195,-294.8814433634501
world_model_cem,51,196,-287.406386888286
world_model_cem,51,197,-289.56894315954696
world_model_cem,51,198,-291.5289025890442
world_model_cem,51,199,-288.4411800699836
world_model_cem,51,200,-291.94803238103856
world_model_cem,51,201,-287.2361095110112
world_model_cem,51,202,-288.1850020954572
world_model_cem,51,203,-288.9321725702649
world_model_cem,51,204,-285.0425973061189
world_model_cem,51,205,-284.5447777191176
world_model_cem,51,206,-287.7202524732767
world_model_cem,51,207,-285.4639099575594
world_model_cem,51,208,-286.4069325364849
world_model_cem,51,209,-287.61757365099425
world_model_cem,51,210,-291.05190457965847
world_model_cem,51,211,-292.5480618894446
world_model_cem,51,212,-285.9645288305678
world_model_cem,51,213,-294.9721836408075
world_model_cem,51,214,-294.77788054020914
world_model_cem,51,215,-285.3606348453253
world_model_cem,51,216,-285.313842762063
world_model_cem,51,217,-287.589795186685
world_model_cem,51,218,-292.57326124581493
world_model_cem,51,219,-292.81656766542676
world_model_cem,51,220,-295.6877874407849
world_model_cem,51,221,-294.507097378699
world_model_cem,51,222,-283.7895806856234
world_model_cem,51,223,-291.9132141832745
world_model_cem,51,224,-289.25827090508113
world_model_cem,51,225,-287.5524152016863
world_model_cem,51,226,-294.6204541479381
world_model_cem,51,227,-288.8351508705365
world_model_cem,51,228,-289.1535313865232
world_model_cem,51,229,-285.01792961177125
world_model_cem,51,230,-297.01604827042905
world_model_cem,51,231,-296.12575064787956
world_model_cem,51,232,-290.06369053111786
world_model_cem,51,233,-291.00300772269054
world_model_cem,51,234,-288.3332555612553
world_model_cem,51,235,-294.72811883316456
world_model_cem,51,236,-286.25641273916244
world_model_cem,51,237,-293.15558229430667
world_model_cem,51,238,-292.9378316448677
world_model_cem,51,239,-288.135461603165
world_model_cem,51,240,-287.97477065266764
world_model_cem,51,241,-288.40999398015595
world_model_cem,51,242,-282.5685201803713
world_model_cem,51,243,-292.4403102291991
world_model_cem,51,244,-285.8052572425118
world_model_cem,51,245,-288.10773543322716
world_model_cem,51,246,-287.0668203421048
world_model_cem,51,247,-292.33445152616065
world_model_cem,51,248,-287.7259841995551
world_model_cem,51,249,-285.84335726423535
world_model_cem,51,250,-285.6397472737069
world_model_cem,51,251,-290.9197199166847
world_model_cem,51,252,-292.9129741560175
world_model_cem,51,253,-290.72407717274314
world_model_cem,51,254,-292.42422623218096
world_model_cem,51,255,-290.17437199437677
world_model_cem,51,256,-288.89431173205116
world_model_cem,51,257,-280.79778065965405
world_model_cem,51,258,-287.3452415993303
world_model_cem,51,259,-277.34529557837607
world_model_cem,51,260,-284.1747284381408
world_model_cem,51,261,-287.74306565805637
world_model_cem,51,262,-278.28847032631256
world_model_cem,51,263,-289.63942932474004
world_model_cem,51,264,-289.6538708259942
world_model_cem,51,265,-279.34557102733163
world_model_cem,51,266,-298.68870291959706
world_model_cem,51,267,-291.7016086346311
world_model_cem,51,268,-295.86817276048333
world_model_cem,51,269,-290.03713520656
world_model_cem,51,270,-281.5451774681179
world_model_cem,51,271,-283.9874670648049
world_model_cem,51,272,-285.11962758344737
world_model_cem,51,273,-284.4794504376173
world_model_cem,51,274,-287.47041760402254
world_model_cem,51,275,-289.3259915139704
world_model_cem,51,276,-281.5933595821187
world_model_cem,51,277,-281.66477150440653
world_model_cem,51,278,-283.8686969372399
world_model_cem,51,279,-291.30879133477515
world_model_cem,51,280,-288.1765526094557
world_model_cem,51,281,-290.11321706780484
world_model_cem,51,282,-285.33824655882745
world_model_cem,51,283,-290.3861374545805
world_model_cem,51,284,-292.33384418766576
world_model_cem,51,285,-285.03460296505386
world_model_cem,51,286,-283.35265393383725
world_model_cem,51,287,-286.1849213275688
world_model_cem,51,288,-288.3121579867892
world_model_cem,51,289,-296.5584604862663
world_model_cem,51,290,-289.89558302287156
world_model_cem,51,291,-291.09431019013664
world_model_cem,51,292,-290.0761014857612
world_model_cem,51,293,-283.633260895929
world_model_cem,51,294,-290.7141993782585
world_model_cem,51,295,-286.68955177168
world_model_cem,51,296,-290.7533904410416
world_model_cem,51,297,-296.16169140825286
world_model_cem,51,298,-288.5459149318989
world_model_cem,51,299,-288.59872464167154
world_model_cem,51,300,-292.5489153483029
world_model_cem,51,301,-290.6565130830889
world_model_cem,51,302,-287.6469848000756
world_model_cem,51,303,-289.0629614727853
world_model_cem,51,304,-283.3769940857387
world_model_cem,51,305,-283.00252630079876
world_model_cem,51,306,-278.3443273925031
world_model_cem,51,307,-286.35776652487505
world_model_cem,51,308,-285.84055268753866
world_model_cem,51,309,-280.3480240662569
world_model_cem,51,310,-279.3378295687246
world_model_cem,51,311,-279.160392000567
world_model_cem,51,312,-283.37348098900475
world_model_cem,51,313,-276.4577712374866
world_model_cem,51,314,-276.83581297207024
world_model_cem,51,315,-286.01457286322653
world_model_cem,51,316,-287.0817689287377
world_model_cem,51,317,-289.31506415877215
world_model_cem,51,318,-287.3860758187603
world_model_cem,51,319,-284.0081848412011
world_model_cem,51,320,-288.05019116609975
world_model_cem,51,321,-272.93231881794424
world_model_cem,51,322,-289.7175870126187
world_model_cem,51,323,-286.90929539234884
world_model_cem,51,324,-288.4852709382587
world_model_cem,51,325,-289.0609649736373
world_model_cem,51,326,-281.2533340750273
world_model_cem,51,327,-269.93578153239457
world_model_cem,51,328,-286.8748290748613
world_model_cem,51,329,-289.7054698846042
world_model_cem,51,330,-289.18696801318964
world_model_cem,51,331,-284.57970634183556
world_model_cem,51,332,-296.93455836680135
world_model_cem,51,333,-290.155407069439
world_model_cem,51,334,-283.9275876174196
world_model_cem,51,335,-288.8164345296009
world_model_cem,51,336,-295.1078726110926
world_model_cem,51,337,-294.42308549422376
world_model_cem,51,338,-285.61512314150934
world_model_cem,51,339,-274.0208716480334
world_model_cem,51,340,-281.72209658135125
world_model_cem,51,341,-282.36291884313266
world_model_cem,51,342,-282.79276600486446
world_model_cem,51,343,-287.3233155020568
world_model_cem,51,344,-284.41808003715425
world_model_cem,51,345,-287.4361854796146
world_model_cem,51,346,-284.04303041525816
world_model_cem,51,347,-285.89710117040363
world_model_cem,51,348,-290.9621560470684
world_model_cem,51,349,-292.06101829001227
world_model_cem,51,350,-287.19636090329345
world_model_cem,51,351,-291.21081242505164
world_model_cem,51,352,-289.32660173692284
world_model_cem,51,353,-272.73475877211223
world_model_cem,51,354,-276.7352457655239
world_model_cem,51,355,-287.1046736171326
world_model_cem,51,356,-281.76934517697407
world_model_cem,51,357,-284.4386023578783
world_model_cem,51,358,-284.72072179957905
world_model_cem,51,359,-288.6491209668136
world_model_cem,51,360,-287.3261120601928
world_model_cem,51,361,-289.3115297331481
world_model_cem,51,362,-286.7732699369466
world_model_cem,51,363,-295.0373365348615
world_model_cem,51,364,-287.0913487313984
world_model_cem,51,365,-288.0230353609721
world_model_cem,51,366,-282.14860688895743
world_model_cem,51,367,-291.62050607526874
world_model_cem,51,368,-288.0885852404242
world_model_cem,51,369,-287.0903957991428
world_model_cem,51,370,-291.97205230366046
world_model_cem,51,371,-289.61754479425593
world_model_cem,51,372,-287.4227487414105
world_model_cem,51,373,-286.9040981206188
world_model_cem,51,374,-276.2686667450837
world_model_cem,51,375,-287.43895039407516
world_model_cem,51,376,-274.90884566929805
world_model_cem,51,377,-281.8916637944632
world_model_cem,51,378,-286.62647795648843
world_model_cem,51,379,-286.40480413917317
world_model_cem,51,380,-280.08231508303095
world_model_cem,51,381,-290.3255217234943
world_model_cem,51,382,-287.19547378939467
world_model_cem,51,383,-291.3317801935979
world_model_cem,51,384,-278.0853740811239
world_model_cem,51,385,-288.27460444641304
world_model_cem,51,386,-279.53888607006996
world_model_cem,51,387,-288.87926083010655
world_model_cem,51,388,-288.2579792352581
world_model_cem,51,389,-292.4828157291439
world_model_cem,51,390,-291.29477690003966
world_model_cem,51,391,-286.1080958614799
world_model_cem,51,392,-291.3264192909468
world_model_cem,51,393,-274.83499802831545
world_model_cem,51,394,-290.3474428123727
world_model_cem,51,395,-286.255212772783
world_model_cem,51,396,-288.993743129581
world_model_cem,51,397,-287.2961331540156
world_model_cem,51,398,-287.12178615152675
world_model_cem,51,399,-290.89010808759076
world_model_cem,51,400,-273.33895688840823
world_model_cem,51,401,-292.0607291140464
world_model_cem,51,402,-291.1112234782976
world_model_cem,51,403,-289.70032219611187
world_model_cem,51,404,-292.52098572094434
world_model_cem,51,405,-288.57706655491995
world_model_cem,51,406,-295.0567574408184
world_model_cem,51,407,-291.96752570886923
world_model_cem,51,408,-293.3380624552959
world_model_cem,51,409,-294.3960799267795
world_model_cem,51,410,-287.8529669855709
world_model_cem,51,411,-291.6922090871148
world_model_cem,51,412,-281.71542782105746
world_model_cem,51,413,-291.3419924851178
world_model_cem,51,414,-287.9421262653499
world_model_cem,51,415,-286.88981106092587
world_model_cem,51,416,-284.27775201555414
world_model_cem,51,417,-290.4425708922981
world_model_cem,51,418,-281.60449825037057
world_model_cem,51,419,-280.44049691065555
world_model_cem,51,420,-279.05131680765277
world_model_cem,51,421,-285.9457021663226
world_model_cem,51,422,-281.75264578421144
world_model_cem,51,423,-280.0683686206214
world_model_cem,51,424,-286.3884426499674
world_model_cem,51,425,-278.9390958116542
world_model_cem,51,426,-266.90567639592774
world_model_cem,51,427,-286.2911279480132
world_model_cem,51,428,-282.4484542522655
world_model_cem,51,429,-280.89652523307535
world_model_cem,51,430,-284.2640118587577
world_model_cem,51,431,-280.0886621412511
world_model_cem,51,432,-290.64493993905
world_model_cem,51,433,-294.0074489418145
world_model_cem,51,434,-293.13207231537797
world_model_cem,51,435,-285.0288436055777
world_model_cem,51,436,-290.66939717254775
world_model_cem,51,437,-286.1539059856274
world_model_cem,51,438,-285.5722544444044
world_model_cem,51,439,-278.1611853976963
world_model_cem,51,440,-269.4857817666395
world_model_cem,51,441,-290.1369173073905
world_model_cem,51,442,-294.74450308165103
world_model_cem,51,443,-285.34081765170833
world_model_cem,51,444,-273.10153948228617
world_model_cem,51,445,-293.3673012272154
world_model_cem,51,446,-296.13706781118236
world_model_cem,51,447,-293.52929446523035
world_model_cem,51,448,-293.14918383850886
world_model_cem,51,449,-284.77519581864897
world_model_cem,51,450,-289.9041355751398
world_model_cem,51,451,-283.112128637916
world_model_cem,51,452,-288.30168760960385
world_model_cem,51,453,-288.71183793102387
world_model_cem,51,454,-289.6689981384624
world_model_cem,51,455,-284.8927578175844
world_model_cem,51,456,-285.83158938339227
world_model_cem,51,457,-285.82419105903017
world_model_cem,51,458,-284.6870103261948
world_model_cem,51,459,-283.7733437350721
world_model_cem,51,460,-287.06565307657047
world_model_cem,51,461,-286.0602124104595
world_model_cem,51,462,-289.71658186523035
world_model_cem,51,463,-290.3824514750279
world_model_cem,51,464,-293.2455870927206
world_model_cem,51,465,-294.94613116426433
world_model_cem,51,466,-285.939649814585
world_model_cem,51,467,-291.23958667982976
world_model_cem,51,468,-289.41196399174055
world_model_cem,51,469,-289.1991008366358
world_model_cem,51,470,-281.05090552514685
world_model_cem,51,471,-277.0437456415816
world_model_cem,51,472,-285.9540315541324
world_model_cem,51,473,-289.75839549167074
world_model_cem,51,474,-284.79688310721826
world_model_cem,51,475,-288.4836018441647
world_model_cem,51,476,-281.8459939230871
world_model_cem,51,477,-295.0757303595293
world_model_cem,51,478,-278.78882370295173
world_model_cem,51,479,-292.74271390944705
world_model_cem,51,480,-288.18250192762565
world_model_cem,51,481,-288.7029028895237
world_model_cem,51,482,-281.65962526545974
world_model_cem,51,483,-290.0737347299767
world_model_cem,51,484,-274.4325079147647
world_model_cem,51,485,-283.4455293795298
world_model_cem,51,486,-288.6948510267508
world_model_cem,51,487,-281.46496751983955
world_model_cem,51,488,-279.48489345794104
world_model_cem,51,489,-288.81171377476284
world_model_cem,51,490,-290.8901489460913
world_model_cem,51,491,-292.6165419550642
world_model_cem,51,492,-292.86483801020177
world_model_cem,51,493,-278.3497303554268
world_model_cem,51,494,-282.4514079346948
world_model_cem,51,495,-290.0813082503744
world_model_cem,51,496,-287.14208721016274
world_model_cem,51,497,-292.73147341587475
world_model_cem,51,498,-294.08866587157536
world_model_cem,51,499,-278.35410608183213
world_model_cem,51,500,-288.5515057608053
world_model_cem,51,501,-289.9679060052399
world_model_cem,51,502,-279.39338887043976
world_model_cem,51,503,-281.08111103705033
world_model_cem,51,504,-279.47976241955814
world_model_cem,51,505,-288.1068225879201
world_model_cem,51,506,-285.81808821425443
world_model_cem,51,507,-290.33541758554054
world_model_cem,51,508,-286.4388591324986
world_model_cem,51,509,-291.10050501451616
world_model_cem,51,510,-287.88577299954227
world_model_cem,51,511,-289.20556127867576
world_model_cem,51,512,-285.9476578349263
world_model_cem,51,513,-289.5784659713735
world_model_cem,51,514,-290.74728021080284
world_model_cem,51,515,-285.6879841900765
world_model_cem,51,516,-290.08325841263684
world_model_cem,51,517,-291.15423785460695
world_model_cem,51,518,-275.73561047633166
world_model_cem,51,519,-292.8470162388535
world_model_cem,51,520,-285.2197373135608
world_model_cem,51,521,-282.0829458718151
world_model_cem,51,522,-294.1728920579835
world_model_cem,51,523,-281.9252998265104
world_model_cem,51,524,-290.4188770971978
world_model_cem,51,525,-296.2143696606275
world_model_cem,51,526,-289.0901580800702
world_model_cem,51,527,-290.18271945158745
world_model_cem,51,528,-292.98168689803856
world_model_cem,51,529,-287.1713310040569
world_model_cem,51,530,-289.3131100325357
world_model_cem,51,531,-292.2073645354137
world_model_cem,51,532,-283.2890849230446
world_model_cem,51,533,-277.81522958259495
world_model_cem,51,534,-277.8377026539534
world_model_cem,51,535,-279.6809092685803
world_model_cem,51,536,-284.00773268073476
world_model_cem,51,537,-288.06308229505487
world_model_cem,51,538,-280.08516259302803
world_model_cem,51,539,-285.6262626911243
world_model_cem,51,540,-280.39738578953495
world_model_cem,51,541,-281.4702344942543
world_model_cem,51,542,-289.01314067482423
world_model_cem,51,543,-278.99986800815986
world_model_cem,51,544,-285.5349206729001
world_model_cem,51,545,-278.6232813064869
world_model_cem,51,546,-279.21469217231265
world_model_cem,51,547,-282.26952910120497
world_model_cem,51,548,-293.35991931503884
world_model_cem,51,549,-274.0360482306257
world_model_cem,51,550,-275.8997588161727
world_model_cem,51,551,-285.45329651207095
world_model_cem,51,552,-286.28514625069744
world_model_cem,51,553,-286.65300655688645
world_model_cem,51,554,-279.4617096785806
world_model_cem,51,555,-288.68823305257297
world_model_cem,51,556,-287.8426802791274
world_model_cem,51,557,-288.95358512788704
world_model_cem,51,558,-294.8579567837307
world_model_cem,51,559,-284.8304307306812
world_model_cem,51,560,-280.98144365739284
world_model_cem,51,561,-283.8710802404405
world_model_cem,51,562,-286.57937370409854
world_model_cem,51,563,-290.1142089955782
world_model_cem,51,564,-288.98106193817426
world_model_cem,51,565,-280.6041922643338
world_model_cem,51,566,-285.8679073222284
world_model_cem,51,567,-288.28952980439135
world_model_cem,51,568,-287.10154337135907
world_model_cem,51,569,-284.2047784035016
world_model_cem,51,570,-288.79073764315183
world_model_cem,51,571,-287.2461330116993
world_model_cem,51,572,-286.90187399201284
world_model_cem,51,573,-276.7380418356952
world_model_cem,51,574,-286.4848008219071
world_model_cem,51,575,-278.08957059524926
world_model_cem,51,576,-276.5358197170179
world_model_cem,51,577,-290.43402238505973
world_model_cem,51,578,-272.81533390131096
world_model_cem,51,579,-288.6246387718796
world_model_cem,51,580,-295.68715784387086
world_model_cem,51,581,-293.4624085148724
world_model_cem,51,582,-283.55194648800517
world_model_cem,51,583,-287.4361608171738
world_model_cem,51,584,-285.616092022662
world_model_cem,51,585,-286.7497588289656
world_model_cem,51,586,-284.9975320878722
world_model_cem,51,587,-291.6003297865781
world_model_cem,51,588,-293.09376114019756
world_model_cem,51,589,-285.0861689005402
world_model_cem,51,590,-292.4853043217724
world_model_cem,51,591,-269.46756325570846
world_model_cem,51,592,-284.9379126043097
world_model_cem,51,593,-292.23577959157285
world_model_cem,51,594,-292.1475578311082
world_model_cem,51,595,-289.1824316265699
world_model_cem,51,596,-289.351751325096
world_model_cem,51,597,-282.87991093504274
world_model_cem,51,598,-281.3185168422507
world_model_cem,51,599,-288.29027984139213
world_model_cem,51,600,-283.50048686156447
world_model_cem,51,601,-286.4247278504083
world_model_cem,51,602,-282.3213016613219
world_model_cem,51,603,-283.93840814150724
world_model_cem,51,604,-278.23099365394
world_model_cem,51,605,-281.3135704822638
world_model_cem,51,606,-292.785111106007
world_model_cem,51,607,-288.3766346013849
world_model_cem,51,608,-291.31603852606634
world_model_cem,51,609,-287.6953391236099
world_model_cem,51,610,-290.5727869271443
world_model_cem,51,611,-289.6851114468128
world_model_cem,51,612,-291.0930610680073
world_model_cem,51,613,-281.00302916178066
world_model_cem,51,614,-287.035511469702
world_model_cem,51,615,-290.3994734644035
world_model_cem,51,616,-283.36826056956727
world_model_cem,51,617,-283.0076146014285
world_model_cem,51,618,-282.36574748858874
world_model_cem,51,619,-284.093063406339
world_model_cem,51,620,-284.08098556338905
world_model_cem,51,621,-292.90063493866546
world_model_cem,51,622,-291.3762999334309
world_model_cem,51,623,-286.7370236372285
world_model_cem,51,624,-280.5572497976344
world_model_cem,51,625,-276.9629779265004
world_model_cem,51,626,-279.0475786730942
world_model_cem,51,627,-279.5906442304139
world_model_cem,51,628,-290.5509173032097
world_model_cem,51,629,-287.6285372507209
world_model_cem,51,630,-285.98338170956134
world_model_cem,51,631,-293.1356770595356
world_model_cem,51,632,-288.725558105542
world_model_cem,51,633,-284.2105580861264
world_model_cem,51,634,-286.70723972082476
world_model_cem,51,635,-285.5290330533883
world_model_cem,51,636,-270.613027002109
world_model_cem,51,637,-288.5872421723202
world_model_cem,51,638,-284.54286177613324
world_model_cem,51,639,-288.4847069921986
world_model_cem,51,640,-276.39181864384125
world_model_cem,51,641,-286.26364512297437
world_model_cem,51,642,-274.5614781669767
world_model_cem,51,643,-281.79267466090863
world_model_cem,51,644,-289.785638550525
world_model_cem,51,645,-283.6883373311193
world_model_cem,51,646,-289.50703031700556
world_model_cem,51,647,-291.9895342332
world_model_cem,51,648,-295.0084635856471
world_model_cem,51,649,-292.7067382640552
world_model_cem,51,650,-286.27299196639007
world_model_cem,51,651,-293.87355688677223
world_model_cem,51,652,-300.39742586554314
world_model_cem,51,653,-279.9948114718443
world_model_cem,51,654,-291.3248289921061
world_model_cem,51,655,-291.87193744578906
world_model_cem,51,656,-293.8171342475753
world_model_cem,51,657,-289.92650333909165
world_model_cem,51,658,-283.81226016172656
world_model_cem,51,659,-277.36812407019636
world_model_cem,51,660,-278.20368110699127
world_model_cem,51,661,-280.09811699055587
world_model_cem,51,662,-283.40338365767616
world_model_cem,51,663,-282.35493342719695
world_model_cem,51,664,-288.54804192232604
world_model_cem,51,665,-273.6548260123395
world_model_cem,51,666,-276.9476237424676
world_model_cem,51,667,-286.57351068176814
world_model_cem,51,668,-282.5650495090075
world_model_cem,51,669,-287.84096661356693
world_model_cem,51,670,-284.58628878917744
world_model_cem,51,671,-292.2132106435065
world_model_cem,51,672,-281.2806698256406
world_model_cem,51,673,-283.0966112434553
world_model_cem,51,674,-287.1027309061534
world_model_cem,51,675,-291.2403914169599
world_model_cem,51,676,-282.89531209448756
world_model_cem,51,677,-288.19407808061334
world_model_cem,51,678,-285.17354988221524
world_model_cem,51,679,-282.03736153208376
world_model_cem,51,680,-289.42889150516356
world_model_cem,51,681,-283.2506820220198
world_model_cem,51,682,-284.32989870849815
world_model_cem,51,683,-284.6460635274062
world_model_cem,51,684,-276.37132017436255
world_model_cem,51,685,-285.5231639177306
world_model_cem,51,686,-290.1623504659409
world_model_cem,51,687,-283.87253344635917
world_model_cem,51,688,-276.22907200254326
world_model_cem,51,689,-286.2535986735969
world_model_cem,51,690,-289.12647468524136
world_model_cem,51,691,-279.144090779392
world_model_cem,51,692,-290.9574357880903
world_model_cem,51,693,-288.3641931777815
world_model_cem,51,694,-284.0544780793032
world_model_cem,51,695,-288.20830567000763
world_model_cem,51,696,-274.74962710048686
world_model_cem,51,697,-288.84198324034514
world_model_cem,51,698,-291.85911575304374
world_model_cem,51,699,-287.5459998748832
world_model_cem,51,700,-275.5852695832653
world_model_cem,51,701,-287.934255730323
world_model_cem,51,702,-281.79224260167973
world_model_cem,51,703,-278.2262827561719
world_model_cem,51,704,-281.54019079305414
world_model_cem,51,705,-287.2303006790701
world_model_cem,51,706,-285.59921309432474
world_model_cem,51,707,-288.21347260577403
world_model_cem,51,708,-295.02221458249556
world_model_cem,51,709,-285.2213726878015
world_model_cem,51,710,-296.4437945629226
world_model_cem,51,711,-284.9895819294009
world_model_cem,51,712,-282.1752684372946
world_model_cem,51,713,-286.5085240703465
world_model_cem,51,714,-284.9838534400866
world_model_cem,51,715,-285.67600515045353
world_model_cem,51,716,-279.9672343360194
world_model_cem,51,717,-289.56198264014637
world_model_cem,51,718,-285.86035203200777
world_model_cem,51,719,-289.8738791450934
world_model_cem,51,720,-274.9646274080775
world_model_cem,51,721,-292.0784752273528
world_model_cem,51,722,-282.2294450539624
world_model_cem,51,723,-286.27383219724925
world_model_cem,51,724,-284.38007232291113
world_model_cem,51,725,-271.9426227479266
world_model_cem,51,726,-286.00937796959374
world_model_cem,51,727,-284.74085527034214
world_model_cem,51,728,-278.713193197201
world_model_cem,51,729,-285.7614596003343
world_model_cem,51,730,-291.13100474207295
world_model_cem,51,731,-278.24443718512487
world_model_cem,51,732,-285.34500673468676
world_model_cem,51,733,-277.2163574265036
world_model_cem,51,734,-286.050168592442
world_model_cem,51,735,-287.6181064445509
world_model_cem,51,736,-279.8540079784283
world_model_cem,51,737,-292.65343776688417
world_model_cem,51,738,-291.3525857695581
world_model_cem,51,739,-287.7838556670913
world_model_cem,51,740,-282.3735686796382
world_model_cem,51,741,-291.8036901231809
world_model_cem,51,742,-290.740086608942
world_model_cem,51,743,-286.5320286449495
world_model_cem,51,744,-294.00683056734925
world_model_cem,51,745,-291.559653602073
world_model_cem,51,746,-295.30380475816924
world_model_cem,51,747,-295.7540559387283
world_model_cem,51,748,-294.540000104707
world_model_cem,51,749,-271.45340348266507
world_model_cem,51,750,-285.61975557353696
world_model_cem,51,751,-289.10587728533966
world_model_cem,51,752,-281.7301425249791
world_model_cem,51,753,-288.38066479811584
world_model_cem,51,754,-289.03045285185567
world_model_cem,51,755,-274.20315975886894
world_model_cem,51,756,-277.45685417807994
world_model_cem,51,757,-267.8948375348866
world_model_cem,51,758,-285.4181929428149
world_model_cem,51,759,-286.9121307166034
world_model_cem,51,760,-291.9040099429226
world_model_cem,51,761,-286.66184074776794
world_model_cem,51,762,-288.6376888126022
world_model_cem,51,763,-287.5615149104881
world_model_cem,51,764,-290.85570129655173
world_model_cem,51,765,-281.9951394331659
world_model_cem,51,766,-287.1895677928833
world_model_cem,51,767,-295.10665191249956
world_model_cem,51,768,-289.6321886776643
world_model_cem,51,769,-290.5267015822771
world_model_cem,51,770,-289.8586675008953
world_model_cem,51,771,-286.8439162880707
world_model_cem,51,772,-284.62418248050375
world_model_cem,51,773,-293.5846206164356
world_model_cem,51,774,-286.58638439704356
world_model_cem,51,775,-274.05050953937507
world_model_cem,51,776,-279.9755388144825
world_model_cem,51,777,-289.0034150078735
world_model_cem,51,778,-286.5504851719909
world_model_cem,51,779,-281.8256572277771
world_model_cem,51,780,-278.7122418954714
world_model_cem,51,781,-288.9063882982713
world_model_cem,51,782,-287.4503301542292
world_model_cem,51,783,-292.6354948844296
world_model_cem,51,784,-279.9384454287982
world_model_cem,51,785,-288.11126770899483
world_model_cem,51,786,-269.4614044762585
world_model_cem,51,787,-287.1362181791618
world_model_cem,51,788,-282.30712271232034
world_model_cem,51,789,-286.2034401114044
world_model_cem,51,790,-283.0691044771222
world_model_cem,51,791,-279.96342166979446
world_model_cem,51,792,-288.23928948956365
world_model_cem,51,793,-281.41535774883954
world_model_cem,51,794,-288.8738170903405
world_model_cem,51,795,-285.5005507469247
world_model_cem,51,796,-286.76893749094614
world_model_cem,51,797,-279.5782124765088
world_model_cem,51,798,-272.88040533137837
world_model_cem,51,799,-283.9881902606398
world_model_cem,51,800,-287.18229074647275
world_model_cem,51,801,-289.08964949422926
world_model_cem,51,802,-292.2857721695635
world_model_cem,51,803,-292.26090890184616
world_model_cem,51,804,-289.0538546318329
world_model_cem,51,805,-291.02034771614257
world_model_cem,51,806,-289.04114285394263
world_model_cem,51,807,-286.7679120991809
world_model_cem,51,808,-277.9808546677463
world_model_cem,51,809,-279.7839799519345
world_model_cem,51,810,-284.66659014667755
world_model_cem,51,811,-286.48765923994125
world_model_cem,51,812,-286.2050697298228
world_model_cem,51,813,-280.7244951063886
world_model_cem,51,814,-286.69879512049124
world_model_cem,51,815,-281.3296682170831
world_model_cem,51,816,-283.47939330461975
world_model_cem,51,817,-288.3790511219596
world_model_cem,51,818,-284.1043852764133
world_model_cem,51,819,-287.79672377954284
world_model_cem,51,820,-291.2137180264392
world_model_cem,51,821,-285.4235746639389
world_model_cem,51,822,-288.50218417791166
world_model_cem,51,823,-288.52234841853965
world_model_cem,51,824,-294.2228720575521
world_model_cem,51,825,-283.02347884985903
world_model_cem,51,826,-283.5031812910567
world_model_cem,51,827,-283.3203750837077
world_model_cem,51,828,-288.76309608166855
world_model_cem,51,829,-290.10968399007584
world_model_cem,51,830,-283.7639606240609
world_model_cem,51,831,-281.54205012646247
world_model_cem,51,832,-288.80260143138423
world_model_cem,51,833,-285.0462654855415
world_model_cem,51,834,-288.5456715916712
world_model_cem,51,835,-287.541994471811
world_model_cem,51,836,-292.3151420820444
world_model_cem,51,837,-286.6848639199529
world_model_cem,51,838,-292.9352525571438
world_model_cem,51,839,-286.1614507832226
world_model_cem,51,840,-291.17218026413406
world_model_cem,51,841,-290.78987257452127
world_model_cem,51,842,-295.2653815306627
world_model_cem,51,843,-286.9827598048774
world_model_cem,51,844,-286.20745414490534
world_model_cem,51,845,-289.54663950552026
world_model_cem,51,846,-286.00301986333164
world_model_cem,51,847,-287.93293807036514
world_model_cem,51,848,-279.29600954908244
world_model_cem,51,849,-286.7396300570358
world_model_cem,51,850,-279.24268716680615
world_model_cem,51,851,-278.0437447379258
world_model_cem,51,852,-289.5160313793829
world_model_cem,51,853,-277.35839990064716
world_model_cem,51,854,-289.7077181661392
world_model_cem,51,855,-282.5409608043676
world_model_cem,51,856,-289.65016738752115
world_model_cem,51,857,-284.84330788773366
world_model_cem,51,858,-282.9693519293422
world_model_cem,51,859,-286.900249148316
world_model_cem,51,860,-287.2560413857473
world_model_cem,51,861,-285.922279077311
world_model_cem,51,862,-291.68298484098233
world_model_cem,51,863,-292.82503058286557
world_model_cem,51,864,-281.73497677144377
world_model_cem,51,865,-289.3510323269525
world_model_cem,51,866,-270.5486307903598
world_model_cem,51,867,-283.7875585746174
world_model_cem,51,868,-289.51017311395805
world_model_cem,51,869,-282.61608611829615
world_model_cem,51,870,-278.0295354672319
world_model_cem,51,871,-287.39157299978183
world_model_cem,51,872,-289.119669392503
world_model_cem,51,873,-286.86546638474283
world_model_cem,51,874,-283.80260150910567
world_model_cem,51,875,-290.750289835256
world_model_cem,51,876,-290.96530908122816
world_model_cem,51,877,-286.5426124888473
world_model_cem,51,878,-291.4526586612428
world_model_cem,51,879,-279.9137055505263
world_model_cem,51,880,-286.86143347892516
world_model_cem,51,881,-295.0764501550011
world_model_cem,51,882,-290.5963631084659
world_model_cem,51,883,-293.20132729931936
world_model_cem,51,884,-286.03183091735855
world_model_cem,51,885,-289.31346681611393
world_model_cem,51,886,-291.2997200075081
world_model_cem,51,887,-288.71434417428395
world_model_cem,51,888,-292.34730070036744
world_model_cem,51,889,-289.04942945689675
world_model_cem,51,890,-290.6227059542101
world_model_cem,51,891,-287.43644665288286
world_model_cem,51,892,-283.62750315400257
world_model_cem,51,893,-287.1309871135717
world_model_cem,51,894,-282.97711376312066
world_model_cem,51,895,-288.55924142254275
world_model_cem,51,896,-286.10097393469255
world_model_cem,51,897,-288.3333144054069
world_model_cem,51,898,-286.6631680161796
world_model_cem,51,899,-285.09655117785803
world_model_cem,51,900,-282.88183018049915
world_model_cem,51,901,-290.84860667170926
world_model_cem,51,902,-288.0530124711106
world_model_cem,51,903,-282.8981437773991
world_model_cem,51,904,-284.36161825193824
world_model_cem,51,905,-280.6840604251685
world_model_cem,51,906,-286.6181337469895
world_model_cem,51,907,-271.95241913877834
world_model_cem,51,908,-284.13578980743597
world_model_cem,51,909,-289.1737524139552
world_model_cem,51,910,-283.94870429414436
world_model_cem,51,911,-292.235632475608
world_model_cem,51,912,-290.38057984961563
world_model_cem,51,913,-284.78808662705774
world_model_cem,51,914,-283.3306683532977
world_model_cem,51,915,-291.1145537174511
world_model_cem,51,916,-292.94926101075305
world_model_cem,51,917,-291.66519078583553
world_model_cem,51,918,-295.5611954898844
world_model_cem,51,919,-283.482987018627
world_model_cem,51,920,-297.28798916943555
world_model_cem,51,921,-289.631301071253
world_model_cem,51,922,-294.51067733828154
world_model_cem,51,923,-288.62943168729606
world_model_cem,51,924,-279.35322978019803
world_model_cem,51,925,-287.29767873409185
world_model_cem,51,926,-290.45435016979036
world_model_cem,51,927,-284.32084148720605
world_model_cem,51,928,-290.51539832812745
world_model_cem,51,929,-292.48771439146697
world_model_cem,51,930,-283.4759332607544
world_model_cem,51,931,-288.38773174690914
world_model_cem,51,932,-291.18793039730923
world_model_cem,51,933,-287.3207543689349
world_model_cem,51,934,-288.82815141486765
world_model_cem,51,935,-289.13320094620383
world_model_cem,51,936,-294.591407697719
world_model_cem,51,937,-287.16496236296945
world_model_cem,51,938,-284.33304215989074
world_model_cem,51,939,-282.96004549145124
world_model_cem,51,940,-280.6329316869545
world_model_cem,51,941,-281.9776008979089
world_model_cem,51,942,-279.84103698709106
world_model_cem,51,943,-287.53571328226366
world_model_cem,51,944,-276.34424417088144
world_model_cem,51,945,-279.580161754163
world_model_cem,51,946,-284.2778265396602
world_model_cem,51,947,-278.50941750070416
world_model_cem,51,948,-277.002512814651
world_model_cem,51,949,-286.3351443473048
world_model_cem,51,950,-292.0134729245666
world_model_cem,51,951,-292.6820571861815
world_model_cem,51,952,-280.32111605821126
world_model_cem,51,953,-288.42874693768744
world_model_cem,51,954,-287.136890493895
world_model_cem,51,955,-290.1747914766357
world_model_cem,51,956,-289.3155563744782
world_model_cem,51,957,-282.4328879736545
world_model_cem,51,958,-288.7537334652446
world_model_cem,51,959,-290.2293641906122
world_model_cem,51,960,-291.04097556613704
world_model_cem,51,961,-291.1837082634805
world_model_cem,51,962,-284.1599514629489
world_model_cem,51,963,-286.31055096457374
world_model_cem,51,964,-285.72971416507085
world_model_cem,51,965,-285.550567611406
world_model_cem,51,966,-289.25575139134196
world_model_cem,51,967,-287.45946033138364
world_model_cem,51,968,-284.7787207836824
world_model_cem,51,969,-288.91432595722983
world_model_cem,51,970,-291.79399905231384
world_model_cem,51,971,-288.9395808044202
world_model_cem,51,972,-286.9462430463548
world_model_cem,51,973,-285.4898176416216
world_model_cem,51,974,-288.3935880673732
world_model_cem,51,975,-279.39135381222036
world_model_cem,51,976,-288.4784005022445
world_model_cem,51,977,-285.72283969689335
world_model_cem,51,978,-276.58433049985416
world_model_cem,51,979,-286.6826955008407
world_model_cem,51,980,-287.0650595929973
world_model_cem,51,981,-287.1235110661326
world_model_cem,51,982,-285.33292637829766
world_model_cem,51,983,-287.25756969271595
world_model_cem,51,984,-289.8873669153428
world_model_cem,51,985,-282.1114951258773
world_model_cem,51,986,-286.166714112387
world_model_cem,51,987,-289.5897723388489
world_model_cem,51,988,-281.571636321132
world_model_cem,51,989,-288.11467078631296
world_model_cem,51,990,-280.1297701482916
world_model_cem,51,991,-288.77941227352363
world_model_cem,51,992,-288.8646206213459
world_model_cem,51,993,-292.0464496663086
world_model_cem,51,994,-284.878845068956
world_model_cem,51,995,-287.4901097016467
world_model_cem,51,996,-283.17963262898365
world_model_cem,51,997,-277.69325127074103
world_model_cem,51,998,-285.28180032592456
world_model_cem,51,999,-282.4666687812306
world_model_cem,51,1000,-282.9921689150457
